"Codice.comune","Comune","indice_privacy_simple","indice_pca_norm01","Indice_RF_privacy_norm","Indice_composito_misto","Indice_composito_alt"
"001001","AGLIÈ",0.585880494180511,0.593892247387211,0.940354408220688,0.624933174527544,0.659979978271226
"001002","AIRASCA",0.586234392220243,0.599518350664633,0.942526434644882,0.627841377762683,0.662806384082927
"001003","ALA DI STURA",0.697018436325356,0.7422289789722,0.930821358217841,0.740743472705684,0.761863237762591
"001004","ALBIANO D'IVREA",0.624083755693746,0.646449157073699,0.941590961414259,0.665898906886776,0.69653135738983
"001006","ALMESE",0.518874392487523,0.499359010501978,0.93842125920425,0.5520471572657,0.59497761303665
"001007","ALPETTE",0.74331078948432,0.79326222616335,0.931114768436056,0.784569333885057,0.800852159946279
"001008","ALPIGNANO",0.48956549406786,0.471481565926163,0.936652674420938,0.526136444439404,0.571749358881797
"001009","ANDEZENO",0.625730733037458,0.637286231612382,0.939740368693568,0.662331670961784,0.693154859598649
"001010","ANDRATE",0.687636561681322,0.7256593890438,0.931987548963938,0.729181932722699,0.751715890082837
"001011","ANGROGNA",0.656400227594681,0.682187596005646,0.923607161684387,0.694725236788586,0.720156561777008
"001012","ARIGNANO",0.644177501775924,0.666704460682716,0.937085405690723,0.68360542367546,0.711769866121601
"001013","AVIGLIANA",0.484622294923895,0.456963942570854,0.933559302947678,0.517069737167405,0.563346355587435
"001014","AZEGLIO",0.631646749723523,0.65124637578844,0.933337567843572,0.67063566326474,0.6998247637735
"001015","BAIRO",0.665189096022333,0.702865918416418,0.944454325524478,0.710070189049886,0.736112870880396
"001016","BALANGERO",0.583923686494356,0.591766639606982,0.93812858875128,0.62287350562073,0.657901848190791
"001017","BALDISSERO CANAVESE",0.6826606010798,0.716754561056476,0.929963406587714,0.722733163620096,0.745758746172053
"001018","BALDISSERO TORINESE",0.518755707631766,0.478244786631121,0.942832604821196,0.542933482900419,0.587366718669394
"001019","BALME",0.784411274501854,0.8465056652129,0.916331742334702,0.825545797105109,0.835633124352842
"001020","BANCHETTE",0.577399280692808,0.574281352304937,0.929762748623785,0.611232559711364,0.646624802923855
"001021","BARBANIA",0.636564296112456,0.663703002120851,0.943706461505323,0.679490930355521,0.708848211594388
"001022","BARDONECCHIA",0.561082352845701,0.552183147752988,0.927703841491072,0.593739859418517,0.63084696853769
"001023","BARONE CANAVESE",0.644274078935435,0.684239355370856,0.93167390220538,0.690998435658369,0.717740154163592
"001024","BEINASCO",0.493307002309721,0.482651215775987,0.938771624958459,0.533058360634415,0.578137612225975
"001025","BIBIANA",0.596892749446687,0.617703604936832,0.940318479115472,0.640600207384131,0.673902237576502
"001026","BOBBIO PELLICE",0.669340154944073,0.726332937891142,0.93474838480195,0.721527730256042,0.745218914094476
"001027","BOLLENGO",0.593672761076853,0.60037078731506,0.935478058425627,0.630867402618924,0.664713031041891
"001028","BORGARO TORINESE",0.513687465908308,0.505497991887005,0.939988818724488,0.55263233788034,0.595671946863023
"001029","BORGIALLO",0.662666871191576,0.718564955213695,0.947463787004061,0.716300700582778,0.741985487962921
"001030","BORGOFRANCO D'IVREA",0.584021962250625,0.59408984841303,0.93861320695293,0.624011635493938,0.658967365656048
"001031","BORGOMASINO",0.672591045902185,0.715147045268743,0.941758720243376,0.718658013051255,0.743446980517046
"001032","BORGONE SUSA",0.619246208771163,0.6420717503749,0.94270159013441,0.661863240629169,0.693067501685307
"001033","BOSCONERO",0.603470658821301,0.626218246225217,0.949140250511483,0.648274032322081,0.681703612120904
"001034","BRANDIZZO",0.538518073411704,0.538074172268631,0.943121389786319,0.578778649534783,0.619261176229398
"001035","BRICHERASIO",0.563005662890096,0.569397867842386,0.940684617735736,0.60365005060319,0.64109833584014
"001036","BROSSO",0.73119456380406,0.781610962986436,0.936192834221587,0.774381770477882,0.792360777560516
"001037","BROZOLO",0.676828122924016,0.694729974968281,0.926116905801305,0.709812834631664,0.73384662031718
"001038","BRUINO",0.52285249102768,0.509878060250595,0.941679053764959,0.55889665345172,0.601428031264302
"001039","BRUSASCO",0.650934651536511,0.686031749065379,0.943038424994966,0.695938722770347,0.723394245239749
"001040","BRUZOLO",0.636487509556661,0.663629450047166,0.943109636266233,0.679363595448345,0.708668711094777
"001041","BURIASCO",0.646083156254121,0.676036162576558,0.938878529516949,0.688841546425501,0.716623433435662
"001042","BUROLO",0.618895952090261,0.623143499690684,0.932781093878398,0.652195862689265,0.683371999488058
"001043","BUSANO",0.651155433686442,0.687372222132707,0.96134874037168,0.698472319155785,0.727680810401996
"001044","BUSSOLENO",0.55509605278448,0.554120045487631,0.935112917561607,0.59265853597861,0.630709022821166
"001045","BUTTIGLIERA ALTA",0.529386725385533,0.512910078293763,0.938875229759061,0.562921084631589,0.604693767423531
"001046","CAFASSE",0.582000903324741,0.592654523327159,0.941698715257409,0.622764813519096,0.658201913712242
"001047","CALUSO",0.532517065523584,0.528301305400327,0.93606706374217,0.570974973289977,0.611540761117998
"001048","CAMBIANO",0.549949606006691,0.546240330575089,0.940685883790148,0.587354059840816,0.626613151390742
"001049","CAMPIGLIONE FENILE",0.654076680075957,0.691391390007403,0.943446560777482,0.69980528761526,0.726876540188841
"001050","CANDIA CANAVESE",0.627775535467505,0.646164563669138,0.934244750598178,0.666697519671307,0.696424989774293
"001051","CANDIOLO",0.56229791918065,0.558840641946306,0.942339848703533,0.598746337377484,0.636923394191489
"001052","CANISCHIO",0.701739610578745,0.766127256271631,0.948755871496039,0.755415677232273,0.776897921039358
"001053","CANTALUPA",0.581998020860202,0.57752920565301,0.93968564978599,0.615755816909545,0.651748020562483
"001054","CANTOIRA",0.676189292155198,0.710136640595766,0.925969845135943,0.716443654251528,0.739724342127574
"001055","CAPRIE",0.615161838801403,0.630128990276771,0.941146286947834,0.654495501779962,0.686345589020837
"001056","CARAVINO",0.667264822996807,0.705852833940319,0.942777899849075,0.712180735606614,0.737802642744666
"001057","CAREMA",0.647049321888909,0.702945708558396,0.945811380957063,0.702078901796994,0.729160288370335
"001058","CARIGNANO",0.524061703475945,0.519896340687395,0.938602788836592,0.563641398757163,0.605303775432655
"001059","CARMAGNOLA",0.461080737506948,0.440951452989113,0.933856286376376,0.499300114360865,0.547584133473699
"001060","CASALBORGONE",0.605630549111568,0.611290928206977,0.934148403677564,0.641029505161102,0.673598271662931
"001061","CASCINETTE D'IVREA",0.612571457173648,0.620610577443583,0.935480249826804,0.648479940560435,0.680368863812253
"001062","CASELETTE",0.581223301229975,0.583666671000585,0.938453512156236,0.618045838719376,0.653646691323471
"001063","CASELLE TORINESE",0.502942011775083,0.491987784435996,0.940083715353531,0.541726779830338,0.585988661555138
"001064","CASTAGNETO PO",0.577423829962623,0.560226188584049,0.940018044345469,0.605944312780549,0.643063616287763
"001065","CASTAGNOLE PIEMONTE",0.622315847307127,0.647560150808875,0.945152262310095,0.66595942538321,0.69698085170842
"001066","CASTELLAMONTE",0.516561595540614,0.509798602110026,0.937085692860856,0.555570658228874,0.597961217632428
"001067","CASTELNUOVO NIGRA",0.683485254322984,0.744147234132401,0.937691495802682,0.736203769385191,0.75859129454269
"001068","CASTIGLIONE TORINESE",0.511404781845317,0.484600211391842,0.943040780809212,0.542506325037643,0.587010153456706
"001069","CAVAGNOLO",0.617362164781606,0.64112080081494,0.941898102017576,0.660507144720203,0.691772806642134
"001070","CAVOUR",0.565391877430066,0.5804962471022,0.94110609233235,0.609760265272755,0.646576468279377
"001071","CERCENASCO",0.63387409127681,0.662626223540246,0.943826331783957,0.677807774846071,0.707365392283614
"001072","CERES",0.622299709333962,0.666716008306557,0.928822862968153,0.672939359235049,0.701370859649838
"001073","CERESOLE REALE",0.703735346534864,0.748791715790991,0.93725439816893,0.747362617863528,0.768461704564128
"001074","CESANA TORINESE",0.640870406158697,0.658739432090523,0.93413694195028,0.678238121407177,0.706671323689744
"001075","CHIALAMBERTO",0.686946157394266,0.742033090410892,0.929465007476644,0.735987162259986,0.757484700617392
"001076","CHIANOCCO",0.629574595418885,0.652513256181178,0.938218633550253,0.670761396575054,0.700478867350076
"001077","CHIAVERANO",0.591139049524677,0.586347222555368,0.931890781197511,0.623057900555771,0.65737266507152
"001078","CHIERI",0.427814443055873,0.387201588590863,0.92647816801374,0.459405031042405,0.511302046261442
"001079","CHIESANUOVA",0.715204094524005,0.770997469610155,0.944671747122414,0.763257878572613,0.783414975078147
"001080","CHIOMONTE",0.638633178293967,0.693613070624518,0.943431196274095,0.693853931640728,0.721584738822213
"001081","CHIUSA DI SAN MICHELE",0.642595889892485,0.668838624185905,0.940839261078442,0.684229457443119,0.712741657847044
"001082","CHIVASSO",0.458990242475129,0.431215234722512,0.932001368360415,0.49379260157498,0.542482464551139
"001083","CICONIO",0.711318737003833,0.761118074598533,0.945140611990637,0.757110626420129,0.778002847039074
"001084","CINTANO",0.702797166626538,0.750395542984922,0.947959364705306,0.748732655795688,0.770868956785645
"001085","CINZANO",0.652517187407097,0.677656943130019,0.921512521776047,0.690729610919307,0.716372156570056
"001086","CIRIÈ",0.475430795951195,0.455759170741254,0.934030034643047,0.512438488475907,0.559281993605589
"001087","CLAVIERE",0.689161382478718,0.724082604083974,0.896226831600706,0.725582477113282,0.744542960945218
"001088","COASSOLO TORINESE",0.62260863703933,0.637279805871929,0.93284896513786,0.660234695823853,0.690525170192076
"001089","COAZZE",0.580370808179863,0.588984569681228,0.933577222638913,0.619567642301383,0.654457595672219
"001090","COLLEGNO",0.413349976667838,0.371103440174128,0.921820865376587,0.445186124116543,0.498145539812104
"001091","COLLERETTO CASTELNUOVO",0.672963335939022,0.720054778877625,0.926556616209397,0.719513813288431,0.742518569168538
"001092","COLLERETTO GIACOSA",0.630000598428851,0.661284585839504,0.931530708872084,0.674231403807968,0.702820215481759
"001093","CONDOVE",0.56292966780109,0.563852006119547,0.93489227447595,0.600540980711882,0.637691124463445
"001094","CORIO",0.589617898729734,0.603831151262499,0.937628765856252,0.63081494908213,0.664905373168144
"001095","COSSANO CANAVESE",0.675643637645886,0.72906407920693,0.934797762302226,0.72559824881399,0.748842639201572
"001096","CUCEGLIO",0.658767661153118,0.69244520766828,0.941927987551019,0.702238589724731,0.728870745038763
"001097","CUMIANA",0.523109845625209,0.51305889255526,0.93621024162317,0.559896956343528,0.601709543596821
"001098","CUORGNÈ",0.527347779792836,0.529024584208238,0.941422208623834,0.569509784662866,0.610833387325196
"001099","DRUENTO",0.520415321255845,0.510270495326112,0.941070902286397,0.557915707690521,0.600488507090063
"001100","EXILLES",0.675754640981637,0.709488407386976,0.917942906014876,0.715153662367363,0.73768580055042
"001101","FAVRIA",0.57748858006785,0.591750790468681,0.950997802450331,0.621257496986472,0.657895308704679
"001102","FELETTO",0.627986721463019,0.654351961827273,0.944487188003866,0.671501126281018,0.70183291091689
"001103","FENESTRELLE",0.661347280727165,0.709494783414468,0.925962268303161,0.709475155694051,0.733529279317286
"001104","FIANO",0.576362528138563,0.574103472883936,0.948332136473254,0.61254291410745,0.64985282770365
"001105","FIORANO CANAVESE",0.636045806280633,0.680840880853826,0.932985861813628,0.68589759539187,0.713351847216509
"001106","FOGLIZZO",0.620688031381017,0.644553755464338,0.946272060639341,0.663986010144344,0.695351126866011
"001107","FORNO CANAVESE",0.615330590494841,0.642593504763066,0.958355672956695,0.661901410161728,0.694840772694502
"001108","FRASSINETTO",0.701267337625639,0.761817638559551,0.929856638847748,0.75137390316811,0.771205318243626
"001109","FRONT",0.638511631988538,0.676606461958001,0.94904028977995,0.686707171253937,0.715855295534605
"001110","FROSSASCO",0.588607526043842,0.601176882548508,0.940483694583725,0.62945135332493,0.664010502353685
"001111","GARZIGLIANA",0.679190265011306,0.744859149871167,0.947870815326739,0.735609318229786,0.759193929018337
"001112","GASSINO TORINESE",0.517734507194593,0.507133024043004,0.938659989873985,0.555056388044318,0.597679010469836
"001113","GERMAGNANO",0.652995751297908,0.685651595797892,0.936377311871595,0.69602903738027,0.722734401212639
"001114","GIAGLIONE",0.636873998174612,0.677123085715822,0.944420700927198,0.685740757843415,0.714482973741613
"001115","GIAVENO",0.482684372666296,0.465690235105133,0.93507648591079,0.520276222088222,0.56636514029073
"001116","GIVOLETTO",0.559938820292234,0.5572751848526,0.949601849007844,0.59770648721596,0.636805971859502
"001117","GRAVERE",0.639225111645081,0.682809810752626,0.927868726571866,0.687702587736155,0.714387714273456
"001118","GROSCAVALLO",0.722644822036031,0.779532781493107,0.924435926187802,0.768423514206892,0.785758226649215
"001119","GROSSO",0.654817392580393,0.680677711819965,0.940338385884463,0.695006635568608,0.722265718937036
"001120","GRUGLIASCO",0.44122542188756,0.411552624171813,0.928309018434227,0.476581022570141,0.526773022110595
"001121","INGRIA",0.834619782800961,0.937631052425578,0.937716687352967,0.891284544587239,0.896443671561209
"001122","INVERSO PINASCA",0.654853949219307,0.715318381323988,0.947607106345034,0.711338259378987,0.737590353486325
"001123","ISOLABELLA",0.684918061652768,0.740740216892783,0.943872508681885,0.735933476213686,0.759037813154597
"001124","ISSIGLIO",0.666737541309708,0.712613212893319,0.933319504199242,0.714039789811287,0.73840420252106
"001125","IVREA",0.439075591597242,0.392452482214201,0.923197952267461,0.466507428441896,0.51725081997807
"001126","LA CASSA",0.623373510783078,0.641281221055825,0.944808017397345,0.663575431067241,0.69482349621503
"001127","LA LOGGIA",0.52877638558355,0.522950847415092,0.942112404521273,0.567488495301516,0.609113374103712
"001128","LANZO TORINESE",0.548825496903398,0.543455801938956,0.935310539818276,0.585057638460887,0.623974627500597
"001129","LAURIANO",0.637185598937621,0.661634658563432,0.937313925759063,0.67820050845138,0.706990888152234
"001130","LEINI",0.498592569535935,0.488225295818372,0.939531358630839,0.538021175272522,0.582633417867891
"001131","LEMIE",0.747382083351778,0.820867259333867,0.954539258236897,0.80116613003223,0.818207588721637
"001132","LESSOLO",0.625215272306347,0.650253881785554,0.942293450989208,0.668190464440276,0.698646351834602
"001133","LEVONE",0.66888955108558,0.722979140517082,0.948848404210748,0.721225751642273,0.746517157483214
"001134","LOCANA",0.655492783742879,0.696562781250055,0.948261111941558,0.703251115440977,0.730474448385486
"001135","LOMBARDORE",0.62804383908899,0.652435669578513,0.944270528812943,0.67064283178167,0.70104590922959
"001136","LOMBRIASCO",0.661988262993663,0.695120888071312,0.943543181530126,0.705053436132252,0.731552296732015
"001137","LORANZÈ",0.64653519186509,0.666869216050199,0.939980276974152,0.685030011259295,0.713357818560946
"001139","LUSERNA SAN GIOVANNI",0.546054246681324,0.551331168417271,0.934131848679086,0.587236621662276,0.625780535775255
"001140","LUSERNETTA",0.665481668952657,0.71506383804223,0.936881818833798,0.714933660031079,0.739594566564715
"001141","LUSIGLIÈ",0.658150130751974,0.710689539940694,0.942577057432746,0.710235557554975,0.736051279763616
"001142","MACELLO",0.626138460359169,0.678700374893469,0.945046455841326,0.68168212144782,0.71094482526932
"001143","MAGLIONE",0.656336453855135,0.693661146754308,0.929806432665396,0.700479563540789,0.725960326776856
"001144","MARENTINO",0.63032413533713,0.644883708727477,0.94567043228667,0.66841057305774,0.699217224083177
"001145","MASSELLO",0.815013213432202,0.887904171839356,0.930640147227996,0.859376838095001,0.867294983554222
"001146","MATHI",0.585704010875832,0.599590714053958,0.944275689734832,0.627810195191889,0.662973027918882
"001147","MATTIE",0.683875789791435,0.732897891858387,0.942518204511024,0.731799977193522,0.755213113562134
"001148","MAZZÈ",0.570178653301923,0.578163258206133,0.94227844505728,0.610981704684354,0.647792453614679
"001149","MEANA DI SUSA",0.666188721020098,0.700445626865134,0.937727192805905,0.708758175828945,0.734199177715274
"001150","MERCENASCO",0.656953880503509,0.696441924121221,0.945513124684922,0.703579424549621,0.730460946786876
"001152","MEZZENILE",0.649060765897546,0.701772119596675,0.937063978327096,0.701581196305109,0.727745949863108
"001153","MOMBELLO DI TORINO",0.658166558466068,0.694756713716151,0.93057903177912,0.701873375659911,0.727285115228712
"001154","MOMPANTERO",0.642861401333647,0.687120823817833,0.934647177933609,0.691956719111527,0.718922325647314
"001155","MONASTERO DI LANZO",0.743156688741321,0.796666592142683,0.935647399108051,0.786485216308607,0.803058792175212
"001156","MONCALIERI",0.394774939415636,0.345758988118352,0.92139678652981,0.425379946043276,0.480492928319557
"001157","MONCENISIO",0.753245024784082,0.789950564544486,0.912773519688382,0.785715367166694,0.799832939669104
"001158","MONTALDO TORINESE",0.652474852355701,0.665597409047482,0.936335644092113,0.686766082040644,0.714496033379696
"001159","MONTALENGHE",0.650036877979466,0.676947616793889,0.938801440685865,0.691023166716596,0.718554086046515
"001160","MONTALTO DORA",0.579427026273891,0.581381028633462,0.935525344366158,0.615916159144925,0.651428290836173
"001161","MONTANARO",0.572835661855931,0.588086255091986,0.944864599343485,0.616901322560911,0.653341686647864
"001162","MONTEU DA PO",0.64072477329041,0.693983392974889,0.942745107101217,0.694893185529507,0.722432287926363
"001163","MORIONDO TORINESE",0.6698602822355,0.709775924842176,0.947346951744948,0.715570988359449,0.74132387318006
"001164","NICHELINO",0.446281873385287,0.424592577683975,0.927688732233328,0.484662376204501,0.53388752687437
"001165","NOASCA",0.773352019647275,0.859418157005737,0.955554984565641,0.83030207795042,0.844219067574333
"001166","NOLE",0.542250335456688,0.540901939230977,0.939712236945522,0.581389747304002,0.62120335726417
"001167","NOMAGLIO",0.705958543503206,0.767623469815732,0.950183997854144,0.758130305778937,0.779469604898404
"001168","NONE",0.549764488476907,0.554357294886026,0.941721137160608,0.591026916229381,0.629992940777295
"001169","NOVALESA",0.663153609517341,0.714389999796623,0.945523570297866,0.714446981221071,0.740122157785159
"001170","OGLIANICO",0.629407077169654,0.650439743522553,0.950945789969116,0.671025648308404,0.702127886270706
"001171","ORBASSANO",0.475618349050072,0.457620064839151,0.935161247929688,0.513473411043119,0.560327615141627
"001172","ORIO CANAVESE",0.663899988992376,0.694651415665564,0.941690339673165,0.70551716606339,0.731758629797809
"001173","OSASCO",0.639534358638175,0.658405135400072,0.939194438060026,0.677992216123214,0.707014685227304
"001174","OSASIO",0.624783782187879,0.6669891798538,0.944980948618509,0.675795927780607,0.705705374540373
"001175","OULX",0.563733771652464,0.559926870021728,0.925910835373195,0.598238372290706,0.634646423744316
"001176","OZEGNA",0.649481577528572,0.679822174681093,0.942749253307688,0.692461613825118,0.720271351545404
"001177","PALAZZO CANAVESE",0.616271787023565,0.650322771198051,0.934060269290286,0.663373578128756,0.693449877146704
"001178","PANCALIERI",0.626979265563722,0.658751227632118,0.946810366500812,0.673259758588209,0.703654270578498
"001179","PARELLA",0.684192084540193,0.713686091062042,0.939189725800774,0.722964151601083,0.746989215401049
"001180","PAVAROLO",0.609736996672315,0.608166999332216,0.937306990231785,0.641787497225217,0.674622996448169
"001181","PAVONE CANAVESE",0.572882807153171,0.5786462496147,0.941107106829996,0.612298786228541,0.648833044073147
"001183","PECETTO TORINESE",0.512767057934583,0.465115122808929,0.94247169639853,0.534294150974433,0.579647211577111
"001184","PEROSA ARGENTINA",0.605625241555214,0.629358213827917,0.939933718516844,0.649735926774093,0.681980125856621
"001185","PEROSA CANAVESE",0.703425296065745,0.72759787700934,0.934390799342756,0.737399507818064,0.759287429098585
"001186","PERRERO",0.680416915925729,0.751584750225139,0.949168160021105,0.739317565770001,0.762634298464568
"001187","PERTUSIO",0.679240362239525,0.71971973266437,0.951583015895821,0.724690344296335,0.749900641140722
"001188","PESSINETTO",0.682044370883861,0.722909059544938,0.93466357375446,0.725695401068406,0.748914086922412
"001189","PIANEZZA",0.479989416066821,0.455213048919947,0.938903049532944,0.51473141419734,0.561861595901296
"001190","PINASCA",0.600642741790994,0.620249196172647,0.942739573925193,0.643675329476157,0.676904689970495
"001191","PINEROLO",0.425608779749784,0.385795392221725,0.921293622381052,0.457261239625284,0.508820393264814
"001192","PINO TORINESE",0.457785644394275,0.385921418062841,0.938300654638726,0.473498243569575,0.525142955910592
"001193","PIOBESI TORINESE",0.581351445715331,0.588987915110438,0.946179221772935,0.62127063454889,0.657371588684895
"001194","PIOSSASCO",0.480933964283054,0.463960260441031,0.938306080813865,0.519033009207225,0.565618906052407
"001195","PISCINA",0.589579319753294,0.604665593491685,0.941039750105506,0.631514185970791,0.665905915319093
"001196","PIVERONE",0.610694918252332,0.604564334412175,0.924021305663357,0.639268794265364,0.670907962198474
"001197","POIRINO",0.525100440364963,0.521392882546564,0.939676199697138,0.564889615279901,0.606532569104038
"001198","POMARETTO",0.666356864373496,0.706001174463069,0.940478298024971,0.711608947278952,0.73703887513962
"001199","PONT CANAVESE",0.604482056581962,0.623724780697264,0.940107695388302,0.646703846314482,0.679304273989351
"001200","PORTE",0.650948167170008,0.685246633350161,0.943162479456889,0.695603908179765,0.723110416099445
"001201","PRAGELATO",0.649109576082887,0.667364527664382,0.917352889291627,0.684148635615433,0.710060219357233
"001202","PRALI",0.719332987158148,0.788814826521454,0.936885163918946,0.772355032547715,0.79063615825563
"001203","PRALORMO",0.61826814188958,0.639435708969615,0.945131683948448,0.660479901281483,0.692107877133368
"001204","PRAMOLLO",0.776543024938466,0.854511786769841,0.951939618827592,0.829168627151497,0.842809848448841
"001205","PRAROSTINO",0.634651777403217,0.652935806469734,0.937712114587437,0.673185624201572,0.702577456466668
"001206","PRASCORSANO",0.689339594477831,0.744115105420784,0.957194561036453,0.740774071058022,0.764820792166736
"001207","PRATIGLIONE",0.690937732463742,0.760085483120456,0.961841753275485,0.749144622340437,0.772777636888776
"001208","QUAGLIUZZO",0.679451512450828,0.699252522919383,0.922482662571967,0.712665082173792,0.735978146662478
"001209","QUASSOLO",0.711369974575705,0.760657917051965,0.935741006814799,0.755986651913931,0.775959358014028
"001210","QUINCINETTO",0.669325916186654,0.711019901476118,0.947303370670021,0.715885955015249,0.741599001199113
"001211","REANO",0.600003733522957,0.604719465362387,0.941774181629942,0.636302857661399,0.670244115880126
"001212","RIBORDONE",0.868894746526349,0.994382633929425,0.952026117720732,0.933677432977172,0.935716175726456
"001213","RIVALBA",0.630907374360929,0.648067002625802,0.945165760884625,0.670055045732492,0.700622902971618
"001214","RIVALTA DI TORINO",0.470735722846884,0.44507169588118,0.93766740361083,0.505880078788712,0.553856448213392
"001215","RIVA PRESSO CHIERI",0.561480385990482,0.56051478378921,0.944145189785031,0.599312345379365,0.637627105868883
"001216","RIVARA",0.615151354730203,0.645285166391052,0.958309418656864,0.663027376370251,0.695836492179875
"001217","RIVAROLO CANAVESE",0.501554462776873,0.487576487286416,0.938136808675413,0.538922608396021,0.583279741760398
"001218","RIVAROSSA",0.609015154351146,0.614660920777743,0.933493553513222,0.644003589159322,0.6761691407542
"001219","RIVOLI",0.410295904183478,0.368280378936187,0.924637347044315,0.442823062108281,0.496357982656729
"001220","ROBASSOMERO",0.579126541318796,0.584331626853194,0.942782556501026,0.617834431327498,0.653939778569001
"001221","ROCCA CANAVESE",0.632015484062464,0.656674920654592,0.940636127817868,0.673974294904462,0.703603387450396
"001222","ROLETTO",0.589308002129295,0.586982014948277,0.933975537175066,0.622728061402414,0.657311114266042
"001223","ROMANO CANAVESE",0.594820266705718,0.602867120844757,0.936804159737136,0.632639740371427,0.666435786967617
"001224","RONCO CANAVESE",0.70543579790172,0.773635068715559,0.927411548012487,0.758323044779024,0.777110656249409
"001225","RONDISSONE",0.633556986039488,0.668161002325965,0.946308251985279,0.680403919962982,0.709948845743237
"001226","RORÀ",0.711073859308942,0.769749366477009,0.92254110272457,0.758624561876135,0.776837510859294
"001227","ROURE",0.687119908613108,0.734786565037157,0.938925290901906,0.73375044223281,0.756547647640487
"001228","ROSTA",0.52443465089134,0.495595557149456,0.942994472973848,0.553313040915743,0.596610977811088
"001229","RUBIANA",0.598678087892566,0.607616427472869,0.939380096751576,0.636770541589603,0.670393825496489
"001230","RUEGLIO",0.667686046601547,0.698734884656011,0.928955893551543,0.707785008421055,0.732359551213331
"001231","SALASSA",0.619508305371438,0.640899673805418,0.952015764935538,0.662385167123139,0.69456634465785
"001232","SALBERTRAND",0.674141090780984,0.704415314944367,0.925870072915109,0.712937389867919,0.736596576873162
"001233","SALERANO CANAVESE",0.672835771809672,0.687041564537011,0.929636697252422,0.70490847108125,0.729878273989158
"001234","SALZA DI PINEROLO",0.853189811030602,0.970210208642559,0.961295292153775,0.9166595380683,0.92161906630002
"001235","SAMONE",0.615993825447456,0.61980088233944,0.934782379458578,0.649585856449961,0.681274359006474
"001236","SAN BENIGNO CANAVESE",0.554085254793881,0.552772052995374,0.941852594308484,0.592271047936013,0.631113441977399
"001237","SAN CARLO CANAVESE",0.558589841250095,0.555044440718072,0.941194732386657,0.595254900124341,0.633692659264598
"001238","SAN COLOMBANO BELMONTE",0.687561917394627,0.746406090608953,0.948677082310401,0.740153311832651,0.763322619663513
"001239","SAN DIDERO",0.655081141311462,0.707744900397921,0.943013977913065,0.707573116560529,0.733733212266367
"001240","SAN FRANCESCO AL CAMPO",0.559801069965964,0.563356977574351,0.941386148324753,0.599559736225617,0.637540448681077
"001241","SANGANO",0.557085056478674,0.554289647557812,0.94430278584435,0.594548895400854,0.633410438783465
"001242","SAN GERMANO CHISONE",0.6382012720519,0.666490723715887,0.942342790518535,0.681345677147357,0.710345356410822
"001243","SAN GILLIO",0.577705022080196,0.579262137655098,0.944781604292517,0.615113382310134,0.651743184752621
"001244","SAN GIORGIO CANAVESE",0.596705983050291,0.604412052254363,0.934466011870695,0.633949717074164,0.667340416496001
"001245","SAN GIORIO DI SUSA",0.658019415640939,0.688759910411797,0.936096565176204,0.699660353241351,0.725931043456335
"001246","SAN GIUSTO CANAVESE",0.591430169748247,0.606621319502379,0.941511299480696,0.633274300110851,0.66752285559639
"001247","SAN MARTINO CANAVESE",0.653311630247381,0.674771436775124,0.936585989549894,0.691295979115117,0.718550424718981
"001248","SAN MAURIZIO CANAVESE",0.512448209545955,0.497353606887577,0.939228038974682,0.548333621292557,0.591766334368349
"001249","SAN MAURO TORINESE",0.458929414930824,0.423263400302955,0.934481563379789,0.490434923193179,0.539773438769469
"001250","SAN PIETRO VAL LEMINA",0.601640168175043,0.605190932542447,0.93965989128718,0.637039984451589,0.670664418544432
"001251","SAN PONSO",0.70030210238231,0.754229728552835,0.947366090129137,0.749275932933729,0.771285950399886
"001252","SAN RAFFAELE CIMENA",0.578566499427443,0.578285727905378,0.940116761670619,0.614595178466831,0.650764243267252
"001253","SAN SEBASTIANO DA PO",0.618015928020421,0.635788756455831,0.939446882813228,0.658156796295637,0.689411250353147
"001254","SAN SECONDO DI PINEROLO",0.562551053981954,0.559355332980695,0.940326926112772,0.598890566744469,0.636827940007614
"001255","SANT'AMBROGIO DI TORINO",0.576730932196022,0.586395626131887,0.939621455791763,0.617369096826735,0.653174914489516
"001256","SANT'ANTONINO DI SUSA",0.589445851036714,0.60662998635821,0.943789255099571,0.632613052337673,0.667188185977884
"001257","SANTENA",0.525216145055155,0.52331799492311,0.941664827556466,0.566006845745866,0.607746621502599
"001258","SAUZE DI CESANA",0.727383077294004,0.777185990005859,0.945878272022727,0.771643907487211,0.79100328132449
"001259","SAUZE D'OULX",0.629082119104454,0.636623715913108,0.915411459416632,0.661108771699566,0.689364625890351
"001260","SCALENGHE",0.600394906835874,0.62431424506891,0.943119537211992,0.645431072078352,0.678507568204312
"001261","SCARMAGNO",0.649271654176715,0.669486739626093,0.938892587966653,0.687330536007929,0.715281875114454
"001262","SCIOLZE",0.616882311059522,0.625752279471465,0.937247435303043,0.652910309269249,0.684503323273003
"001263","SESTRIERE",0.628622704666182,0.634569514627746,0.926533574524396,0.661089856134707,0.69058360262245
"001264","SETTIMO ROTTARO",0.693908807663963,0.736968924755415,0.930749141447575,0.736969893733477,0.758500921257266
"001265","SETTIMO TORINESE",0.440141709668371,0.416417715493001,0.927900021277192,0.478241743450337,0.528203774319987
"001266","SETTIMO VITTONE",0.63173534463996,0.658874320802,0.938112731888174,0.674585622637699,0.703866412554419
"001267","SPARONE",0.642486466380344,0.700287955467812,0.943885132036407,0.698637003035311,0.725886795146544
"001268","STRAMBINELLO",0.697232284008288,0.755771846361849,0.941082629703592,0.747960121636921,0.769418178088773
"001269","STRAMBINO",0.54156704842263,0.540584969749186,0.938693913166279,0.580837799493945,0.620599589901982
"001270","SUSA",0.558777596582809,0.566587492253493,0.938765156594501,0.600290805635786,0.637899066853421
"001271","TAVAGNASCO",0.679069086400143,0.721335228897994,0.939704506258099,0.724152392509972,0.748102627370875
"001272","TORINO",0.221955377346708,0.11999453856782,0.634211524265082,0.217298614588046,0.263622271218828
"001273","TORRAZZA PIEMONTE",0.591974800923364,0.605369894151489,0.946831685925213,0.633488281376205,0.668304215214984
"001274","TORRE CANAVESE",0.655000758814133,0.670173258525183,0.931181959780394,0.689446503780732,0.716305998891805
"001275","TORRE PELLICE",0.554654667672216,0.550277220569275,0.924548151039362,0.589674164812607,0.626882385504469
"001276","TRANA",0.568716443175005,0.570556141878005,0.937069910580561,0.606379654331911,0.643123016137316
"001278","TRAVERSELLA",0.753410681864765,0.822750860836346,0.935539976185879,0.802826691834088,0.81757261231762
"001279","TRAVES",0.691725186310795,0.731918828968559,0.937898011801003,0.73442960805581,0.757037208471942
"001280","TROFARELLO",0.506763382541926,0.489871150580617,0.939442287567036,0.542429768661848,0.586542270762424
"001281","USSEAUX",0.720540694485227,0.77629972168342,0.928300507145045,0.766408237990396,0.784396267896468
"001282","USSEGLIO",0.719657575869076,0.779240556985055,0.942409544384993,0.768745114222858,0.788041162018651
"001283","VAIE",0.6441416430639,0.676673364958214,0.945872532695547,0.688954006879506,0.717500509747955
"001284","VAL DELLA TORRE",0.571246649665173,0.576525745545679,0.941553392587729,0.610652917103657,0.647419636601887
"001285","VALGIOIE",0.669628672369498,0.703156631191927,0.94027214559303,0.711780601161944,0.737168550543176
"001286","VALLO TORINESE",0.670125276632976,0.702479363885136,0.944511831844415,0.712123271417592,0.737944222576128
"001287","VALPERGA",0.597892529240488,0.613598420685381,0.956299142393758,0.640800841706017,0.675856208449099
"001288","VALPRATO SOANA",0.801472303349405,0.88522796414269,0.941592684186245,0.853174388790067,0.862998643834087
"001289","VARISELLA",0.672990998722475,0.714284641969821,0.941572539728099,0.718431292284343,0.743224764222538
"001290","VAUDA CANAVESE",0.63155121510504,0.653188977842123,0.938442423238382,0.671977329150061,0.701584561826541
"001291","VENAUS",0.649747008254504,0.71214949160437,0.949743768656191,0.707827801802112,0.734707353674788
"001292","VENARIA REALE",0.448410973645635,0.421912231181833,0.929617293079343,0.484607171480295,0.534052740546856
"001293","VEROLENGO",0.574089644291451,0.586129930563714,0.944462963980583,0.616545105082882,0.652980422738182
"001294","VERRUA SAVOIA",0.635615175812842,0.656834262025902,0.930684900351148,0.674670737062549,0.703116755205727
"001295","VESTIGNÈ",0.624459891103237,0.663625852539557,0.929008471696481,0.672539431808905,0.701035991796414
"001296","VIALFRÈ",0.70860455826717,0.743941489794522,0.936384113221786,0.74728413294994,0.768295241869034
"001298","VIDRACCO",0.649731307782196,0.642001154205889,0.900437635899379,0.671323371484576,0.69678051197511
"001299","VIGONE",0.570551235533269,0.585665589135092,0.941722261221496,0.614469797222912,0.650831182111643
"001300","VILLAFRANCA PIEMONTE",0.581965660597017,0.598870152627397,0.938391056334396,0.625215221584426,0.660012536556644
"001301","VILLANOVA CANAVESE",0.649789692175477,0.682379155530509,0.944941439600021,0.693970125427696,0.721855827002399
"001302","VILLARBASSE",0.54047204175877,0.517557102795887,0.947983539727743,0.57091146902237,0.612808365767411
"001303","VILLAR DORA",0.583613322984097,0.588363115245732,0.938740030417875,0.621263400245211,0.656538581375507
"001304","VILLAREGGIA",0.649327044924668,0.67932033768261,0.944241558446882,0.692315478017963,0.720307264732288
"001305","VILLAR FOCCHIARDO",0.635240788424545,0.662118197109185,0.942293123779997,0.678040855868178,0.707402218969491
"001306","VILLAR PELLICE",0.664810762299541,0.70759794261183,0.936732354795575,0.711257152689674,0.736309952923663
"001307","VILLAR PEROSA",0.587669021327136,0.599562468053452,0.936849505335966,0.627939120754861,0.662262496819428
"001308","VILLASTELLONE",0.580123337474437,0.588165490966751,0.942484010827848,0.61997837388132,0.655812333542045
"001309","VINOVO",0.482225415658474,0.459102033625974,0.939714174549906,0.517568769632992,0.56447381462376
"001310","VIRLE PIEMONTE",0.661612641362461,0.695603725660477,0.940360022720901,0.704783367432412,0.730958551353355
"001311","VISCHE",0.612661198429118,0.656525511079197,0.937846217649395,0.664918641043681,0.695243927333205
"001312","VISTRORIO",0.645228138612857,0.681326091694428,0.931006593097569,0.690050062948035,0.716823010742428
"001313","VIÙ",0.670835309637889,0.711521006515193,0.933951662546997,0.715455508523587,0.739732858970632
"001314","VOLPIANO",0.499781909311034,0.488203787557356,0.939991829786394,0.538592746569415,0.583192644704635
"001315","VOLVERA",0.543012033728454,0.539570308538587,0.940918875417,0.581253941561869,0.621216711990217
"001316","MAPPANO",0.54483451766673,0.546975679595282,0.943464224184981,0.585661011186404,0.625416923741801
"001317","VAL DI CHY",0.640884529340321,0.664895433781631,0.934598853197524,0.681060868724631,0.709231755888286
"001318","VALCHIUSA",0.657542634106565,0.69459941850937,0.933829215504191,0.70184684522759,0.727622664147212
"002002","ALAGNA VALSESIA",0.656514255087913,0.6827094586388,0.931938830373673,0.695844554214388,0.72207725156542
"002003","ALBANO VERCELLESE",0.761339827764414,0.835103819120151,0.942956659260247,0.812695307024079,0.827168790605875
"002004","ALICE CASTELLO",0.608860026290026,0.629200652065603,0.939012565100894,0.651028561770122,0.68302678436243
"002006","ARBORIO",0.682115028825443,0.730502928379856,0.945112921164583,0.730189372858843,0.754069767115036
"002007","ASIGLIANO VERCELLESE",0.633989015256938,0.662524252491392,0.945803252529074,0.678011295739656,0.707765957605147
"002008","BALMUCCIA",0.760107613226357,0.82721657761614,0.936554065006086,0.807951292379732,0.822240489338216
"002009","BALOCCO",0.780608861155541,0.856210669852845,0.948536018222024,0.831422390775976,0.844435016047759
"002011","BIANZÈ",0.637119491602502,0.672046285661486,0.944429194605405,0.683567519229335,0.712552149826676
"002014","BOCCIOLETO",0.804802250698028,0.906785433985845,0.951999798281977,0.86541443793594,0.875035033529944
"002015","BORGO D'ALE",0.606523102696288,0.626455845713606,0.932707425376592,0.648111269322112,0.679733064439276
"002016","BORGOSESIA",0.50257345548995,0.495920703155477,0.944078211251995,0.543730192515642,0.58821330570857
"002017","BORGO VERCELLI",0.609736094037582,0.628817570036399,0.948247071750164,0.652173856008308,0.685070879979625
"002021","BURONZO",0.660353930579354,0.68855295387198,0.935821083979081,0.700590206401008,0.72672697057635
"002025","CAMPERTOGNO",0.695603299916797,0.73888926673807,0.923623089051145,0.737883963899804,0.758521644472176
"002029","CARCOFORO",0.789449004303108,0.845592675778809,0.919471928783375,0.8277159489152,0.837911057789442
"002030","CARESANA",0.638536650879255,0.698446231247542,0.941386583768189,0.695780955333878,0.723070469604357
"002031","CARESANABLOT",0.622666772860182,0.626172199365338,0.935423881801073,0.655519925681592,0.686620365250423
"002032","CARISIO",0.641302331379058,0.692147018750311,0.937136853692479,0.693765892927464,0.720807110790243
"002033","CASANOVA ELVO",0.755310802851624,0.813262319019764,0.936772313475792,0.799535136189704,0.814783711443714
"002035","SAN GIACOMO VERCELLESE",0.770245119960827,0.847014206213534,0.954771467329204,0.823243843511383,0.837858023935585
"002041","CERVATTO",0.832291812935984,0.918043313372941,0.937333636974362,0.881384170536452,0.887600777918442
"002042","CIGLIANO",0.570063793697187,0.576967396829619,0.936993338878634,0.609863369624926,0.646211143986449
"002043","CIVIASCO",0.692664271655887,0.741064505696402,0.925960014324765,0.737773951241006,0.758683513805868
"002045","COLLOBIANO",0.800443099469061,0.861141315354737,0.947186177947253,0.842431604465434,0.85407100151897
"002047","COSTANZANA",0.650044792234049,0.706528940675501,0.949280933765641,0.705386273185862,0.732485679916948
"002048","CRAVAGLIANA",0.700692235642694,0.764155177857727,0.938291661983462,0.753010502273536,0.773597297796861
"002049","CRESCENTINO",0.551253671958936,0.562458658935468,0.941358811272568,0.595306430029739,0.633756694612275
"002052","CROVA",0.695769280622046,0.757157548237203,0.940890726252294,0.747906145611891,0.769348876794158
"002054","DESANA",0.652036123479815,0.683393725825182,0.947562977408891,0.695699729928138,0.723684535203777
"002057","FOBELLO",0.787779520602677,0.875567308226069,0.947185771253429,0.843224650098279,0.854775885782184
"002058","FONTANETTO PO",0.632089502138993,0.688054321792979,0.93923656543331,0.687988377312718,0.715904842659451
"002059","FORMIGLIANA",0.68371443138136,0.751004095751885,0.952459198354047,0.740869257045365,0.764379250524107
"002061","GATTINARA",0.545406403867369,0.554872390051131,0.941868414381728,0.589312298701498,0.628485200443746
"002062","GHISLARENGO",0.699812652886175,0.758930151696134,0.954125382394874,0.751846800301527,0.774322198311899
"002065","GREGGIO",0.702819032732918,0.766916491752698,0.939005507739338,0.755281536792461,0.775695311342114
"002066","GUARDABOSONE",0.675001300965576,0.724870375512289,0.937257010379227,0.723667955452962,0.747400072666991
"002067","LAMPORO",0.688576217680586,0.756483013185337,0.946159137266283,0.744892567616294,0.767255519799626
"002068","LENTA",0.678833882964562,0.719052441209473,0.948475792563793,0.723896425134695,0.748849688182373
"002070","LIGNANA",0.655418163301812,0.704251364371718,0.94354551368503,0.706205838821592,0.732576913806418
"002071","LIVORNO FERRARIS",0.580213540005237,0.595511759667959,0.939853652394329,0.623061750092371,0.658260850348144
"002072","LOZZOLO",0.648705227100785,0.70378160721345,0.94582670339339,0.703201745780745,0.730160074404372
"002078","MOLLIA",0.742181833203435,0.795574636943797,0.921251710811251,0.784115582647379,0.799352930221143
"002079","MONCRIVELLO",0.638846686614813,0.66611999291844,0.935107545218434,0.680745760311807,0.709008180856988
"002082","MOTTA DE' CONTI",0.658720868514077,0.717643944949644,0.942275908860283,0.713591756944703,0.739001107157545
"002088","OLCENENGO",0.706991781178998,0.75194380560705,0.945767347631468,0.751097748816868,0.772727704240713
"002089","OLDENICO",0.765277667642139,0.826829120617772,0.948552023095194,0.81130325702648,0.826553119923004
"002090","PALAZZOLO VERCELLESE",0.630990815069026,0.686402256469084,0.947340937042837,0.687560975896433,0.716425416023811
"002091","PERTENGO",0.68518664114082,0.734006939861679,0.934797887351291,0.732116900186254,0.754637009871258
"002093","PEZZANA",0.63891140432202,0.664574100977941,0.941627604684686,0.680731237853451,0.709719723056922
"002096","PILA",0.722320254279847,0.784568100051707,0.933284663644478,0.771428225813647,0.789412274461517
"002097","PIODE",0.752558524707314,0.807318048684932,0.941676604820046,0.796112118508516,0.812285950320908
"002102","POSTUA",0.656881652738374,0.710404590809649,0.94168269857153,0.709447079453764,0.735251037133515
"002104","PRAROLO",0.6572094627556,0.713909499504951,0.951051628432598,0.712108695860508,0.73865791059074
"002107","QUARONA",0.585053075572088,0.604172826648528,0.955600103215654,0.630711666320843,0.666810381531377
"002108","QUINTO VERCELLESE",0.704509763273968,0.754092265351436,0.94688212565728,0.75105912544716,0.772817236581617
"002110","RASSA",0.790311488033336,0.865969691947768,0.943078263074238,0.839634357298921,0.851128124607289
"002113","RIMELLA",0.752482355466251,0.827534492843713,0.936450199976466,0.80465260173713,0.819296779319279
"002115","RIVE",0.69018154664557,0.759526275343178,0.943829337788577,0.746751453673794,0.768648996353215
"002116","ROASIO",0.614674057042587,0.633780060483474,0.937559120702248,0.655560264956952,0.686893471150874
"002118","RONSECCO",0.720531361067094,0.768682661694779,0.936516421523673,0.76379795239521,0.782988893409484
"002121","ROSSA",0.762052689596625,0.820974917091608,0.925858913422055,0.80494831435191,0.818382825359704
"002122","ROVASENDA",0.667149489973727,0.70543624353451,0.939661392084354,0.711629719287142,0.736966571820166
"002126","SALASCO",0.723323734348386,0.788081329247994,0.938390651781827,0.773971343796554,0.792240155794918
"002127","SALI VERCELLESE",0.752732688086484,0.816923453193372,0.932210938311229,0.799566357407058,0.814304644174188
"002128","SALUGGIA",0.582932492889527,0.597866262026221,0.943400814190781,0.625699521131165,0.660999664804456
"002131","SAN GERMANO VERCELLESE",0.613354906054945,0.664896532457005,0.941713877748745,0.669384535105252,0.699643350954529
"002133","SANTHIÀ",0.533321777438236,0.533737274710661,0.93923002438073,0.574099575905077,0.614669625735705
"002134","SCOPA",0.722693621672343,0.791778641149295,0.955804174644353,0.777092935734172,0.796949740057526
"002135","SCOPELLO",0.691318004064735,0.723940629645353,0.923727394223603,0.7292391245919,0.750848932328756
"002137","SERRAVALLE SESIA",0.582709099796651,0.602992214728685,0.947483994454989,0.6283139909819,0.663777324701132
"002142","STROPPIANA",0.644268949487694,0.671244936150302,0.941389872121127,0.686120235749211,0.714483528679424
"002147","TRICERRO",0.65366687567586,0.708494286843207,0.946778300017415,0.707650353135322,0.73422012501111
"002148","TRINO",0.554514725391726,0.563819642836093,0.941359998842143,0.597386465586732,0.635605747059556
"002150","TRONZANO VERCELLESE",0.590006121729199,0.607784733654659,0.94151435707713,0.633157320630449,0.667419213568969
"002152","VALDUGGIA",0.643836356688609,0.682448160649242,0.957809380809472,0.69260897088298,0.722075683097035
"002156","VARALLO",0.535592102264996,0.534288637805439,0.936258357416502,0.575072168773346,0.615203967511474
"002158","VERCELLI",0.409294154977155,0.366437182876467,0.920513329673433,0.441130435001473,0.494395201076135
"002163","VILLARBOIT",0.744447537142753,0.811088481016116,0.94239251093326,0.794230459264817,0.8106929094502
"002164","VILLATA",0.637665909009411,0.669849007351907,0.947635173773806,0.683145229739974,0.712533001299288
"002166","VOCCA",0.777123138210261,0.840195268256609,0.941761387395688,0.82196942164966,0.835279640065886
"002170","ALTO SERMENZA",0.744425760649273,0.805787982399603,0.913607434250055,0.788956927797,0.802806984069562
"002171","CELLIO CON BREIA",0.653174407968935,0.684158880744882,0.938263215697528,0.69562630149097,0.722585958625032
"003001","AGRATE CONTURBIA",0.606704454067066,0.613047976965338,0.943005798577058,0.643189173822288,0.676502132128374
"003002","AMENO",0.639369701710809,0.64926518714603,0.936407787438094,0.673526478729387,0.702735513030354
"003006","ARMENO",0.638520298968215,0.670130876053232,0.945702484319472,0.683463277191598,0.712600966872473
"003008","ARONA",0.475165667756009,0.445836289476965,0.941299505005715,0.50858083125541,0.556660683894332
"003012","BARENGO",0.638009241167755,0.682833245242892,0.942840478217826,0.688663166706574,0.716905090207824
"003016","BELLINZAGO NOVARESE",0.531689822945506,0.530268839118308,0.945341851195747,0.572415583048291,0.613851835064675
"003018","BIANDRATE",0.650383585325598,0.680202801394971,0.948004161471964,0.693564290171453,0.721835386982621
"003019","BOCA",0.646168953667742,0.680160026481041,0.940948440637566,0.690942885130709,0.718721280187027
"003021","BOGOGNO",0.625949700538391,0.637606139297373,1,0.668600127926094,0.705422335934305
"003022","BOLZANO NOVARESE",0.64693379635067,0.67728325065659,0.948798087090752,0.690777479862342,0.719446436221054
"003023","BORGOLAVEZZARO",0.626733097826417,0.65413304605149,0.947987732185733,0.671188537963632,0.70194400398831
"003024","BORGOMANERO",0.464707064931785,0.441368019821022,0.935051411137575,0.50123892925252,0.549440316128638
"003025","BORGO TICINO",0.587020217820901,0.601736206469779,0.944857110540621,0.629426101984868,0.664473991824396
"003026","BRIGA NOVARESE",0.589866703806363,0.605342763826167,0.947734616466402,0.632617722081279,0.667630710346292
"003027","BRIONA",0.648413253286129,0.682093167171774,0.95002624887669,0.693730514093725,0.722207817958499
"003030","CALTIGNAGA",0.599239072293573,0.615104311176473,0.945805257003502,0.641035048261871,0.674898404788719
"003032","CAMERI",0.51943845277029,0.513151939095532,0.944242894326204,0.55908996577224,0.60188473561157
"003036","CARPIGNANO SESIA",0.603606007327083,0.621217900930753,0.940691416519572,0.645239900367984,0.678067846607049
"003037","CASALBELTRAME",0.666473036176448,0.702579625350007,0.951237072636638,0.711197404950569,0.73786847913791
"003039","CASALEGGIO NOVARA",0.660818057066119,0.693574079990529,0.950897325165296,0.704566194192021,0.731936319855718
"003040","CASALINO",0.605953722825293,0.650847620937661,0.943203850649616,0.659880989758291,0.691361307635105
"003041","CASALVOLONE",0.647740023696279,0.704325390775747,0.949394695248166,0.703368906037228,0.730705104838444
"003042","CASTELLAZZO NOVARESE",0.692923994160162,0.74803602930743,0.939750565376908,0.742407067098107,0.764334122462418
"003043","CASTELLETTO SOPRA TICINO",0.517814370367296,0.510256487724053,0.942067138261502,0.556838599967258,0.59964177088884
"003044","CAVAGLIETTO",0.690628650688721,0.751772437451326,0.949709029977912,0.744051392660813,0.766902241251601
"003045","CAVAGLIO D'AGOGNA",0.660566463186664,0.696157187878512,0.943045287022265,0.704830171681556,0.731298517830524
"003047","CAVALLIRIO",0.640911960842217,0.664495576498162,0.944103412976125,0.681843733100783,0.710983697531376
"003049","CERANO",0.557657561246241,0.567352263649476,0.948354547103423,0.601089875913415,0.639674839378971
"003051","COLAZZA",0.66516100701938,0.687457796004795,0.931848907406681,0.701863352101547,0.727417302691006
"003052","COMIGNAGO",0.635473914599812,0.655998211734976,0.950136151854909,0.676176072036146,0.706616080904897
"003055","CRESSA",0.630670803707254,0.655944446404513,0.950481895304504,0.674025052080746,0.704742479105608
"003058","CUREGGIO",0.595321661796998,0.610810322123271,0.943666199304208,0.637126012694542,0.671186033428949
"003060","DIVIGNANO",0.664134233910224,0.710815579334279,0.951221953477108,0.713849611307737,0.740224315993223
"003062","DORMELLETTO",0.587912220400157,0.596991603793555,0.937808000310332,0.626987520918204,0.661523129739552
"003065","FARA NOVARESE",0.611910157562113,0.630893246940405,0.946080784859519,0.653869610512085,0.686337518772911
"003066","FONTANETO D'AGOGNA",0.599645599566951,0.616159331119272,0.94542183130159,0.641654401938959,0.675406338534807
"003068","GALLIATE",0.491483065222993,0.475970732982864,0.94035756201701,0.529389965394336,0.575053031685745
"003069","GARBAGNA NOVARESE",0.629808425953263,0.644955311943082,0.946530468094796,0.668296728862835,0.699211588777497
"003070","GARGALLO",0.627558115929577,0.656058723352261,0.950401494644053,0.672667727141232,0.703527034641546
"003073","GHEMME",0.590472641343715,0.606622683239285,0.942065971153794,0.632899493177729,0.667251324063959
"003076","GOZZANO",0.567391145238243,0.583195827503552,0.949708802894104,0.612735018023218,0.650176549675539
"003077","GRANOZZO CON MONTICELLO",0.64687657463893,0.677383046059372,0.942921886747939,0.69020901798903,0.718288225628909
"003079","GRIGNASCO",0.569198594094346,0.578932522752524,0.941439840917453,0.610802986672837,0.647540414922238
"003082","INVORIO",0.568391738771156,0.572729809782288,0.940077844767363,0.607512481325786,0.64446418837485
"003083","LANDIONA",0.674119183340113,0.738336145623584,0.955780242890606,0.731182922322724,0.7561381801636
"003084","LESA",0.585179430850526,0.587774945601452,0.943015024787188,0.622130971882109,0.657784755538229
"003088","MAGGIORA",0.619993041422547,0.642893024840016,0.942800967269805,0.662578826545134,0.693714619958986
"003090","MANDELLO VITTA",0.7050804871589,0.761769375817705,0.940891028086707,0.754171541148143,0.774918150807984
"003091","MARANO TICINO",0.634013769772065,0.664906772101694,0.949112845861506,0.679425528429342,0.709390785921805
"003093","MASSINO VISCONTI",0.641319595153045,0.665546933547453,0.941263153435092,0.682216253258734,0.710999242167218
"003095","MEINA",0.578083698852333,0.581568358480328,0.945204491794485,0.616363874979146,0.652901721291961
"003097","MEZZOMERICO",0.610963728489879,0.65111001358463,0.952814912662948,0.663214675199824,0.695392479362394
"003098","MIASINO",0.6712081884693,0.706959946945124,0.941939600050448,0.714369620941535,0.739655174175859
"003100","MOMO",0.621900074639386,0.650461066542831,0.94654503435746,0.667217016967744,0.698253463344379
"003103","NEBBIUNO",0.598561017757577,0.605844115671778,0.935864956070205,0.63556880565023,0.668935044585783
"003104","NIBBIOLA",0.65977599170058,0.688894986903644,0.945303350497169,0.701432275421618,0.728529061541123
"003106","NOVARA",0.35533284748008,0.292763954566964,0.902727311183054,0.381916292039475,0.439784183055428
"003108","OLEGGIO",0.499924226639477,0.491266701126424,0.945861931289946,0.54062211062365,0.58564875736435
"003109","OLEGGIO CASTELLO",0.593411657123359,0.597349218455757,0.946857415435194,0.630528135554122,0.665675833318685
"003112","ORTA SAN GIULIO",0.626269953094467,0.633799598909554,0.93071762967701,0.66010306136951,0.690171346737011
"003114","PARUZZARO",0.597820281063864,0.611911195316524,0.948628985367221,0.639242062907897,0.673618387625599
"003115","PELLA",0.652352776398258,0.68404646631535,0.965757814703786,0.697955440691502,0.727711260026201
"003116","PETTENASCO",0.608329550993014,0.615706935128312,0.939172988891354,0.644733717643732,0.677449192226801
"003119","PISANO",0.658732466607384,0.685911943050304,0.943283427084811,0.699418327054441,0.726514449280037
"003120","POGNO",0.673731815303651,0.729279492404537,0.963848815039047,0.727739969972589,0.753974286091084
"003121","POMBIA",0.610638059540426,0.635054314736367,0.944353388779571,0.654996907302514,0.687147627466631
"003122","PRATO SESIA",0.618365378774551,0.641888697643265,0.949133172812142,0.662027651669232,0.693928265129555
"003129","RECETTO",0.665734053036639,0.69693427208747,0.945286822174915,0.707729428523341,0.734124694484627
"003130","ROMAGNANO SESIA",0.58054435873317,0.593180739236327,0.946035797808912,0.622779873867165,0.658697198749581
"003131","ROMENTINO",0.558979027550023,0.56223128030019,0.9447551056035,0.599020149092946,0.637435144260785
"003133","SAN MAURIZIO D'OPAGLIO",0.613195207156349,0.641946779266606,0.95933306604617,0.660747200494947,0.693923407778416
"003134","SAN NAZZARO SESIA",0.681290969710296,0.724859312688072,0.945261684121125,0.727293795491378,0.751512449783572
"003135","SAN PIETRO MOSEZZO",0.61981206854686,0.63883937879114,0.945275510856598,0.66092070238776,0.69251568110652
"003138","SILLAVENGO",0.655106994535399,0.706627865367981,0.937488463355642,0.706529533292085,0.732191636632481
"003139","SIZZANO",0.64361925356119,0.67204225698004,0.948900811187619,0.686937760862316,0.716044766454016
"003140","SORISO",0.671175812865156,0.710234464504758,0.959538199629119,0.717588444779373,0.744471750873789
"003141","SOZZAGO",0.655951736238739,0.691115998131,0.954557104596586,0.701636190926041,0.729738514667213
"003143","SUNO",0.591964824319877,0.60550753583022,0.943858687821653,0.633248430849709,0.66776068162437
"003144","TERDOBBIATE",0.678466862906978,0.738456806348343,0.957368884120523,0.733352539576947,0.758243244526233
"003146","TORNACO",0.660963786768796,0.697623722119435,0.950845416664223,0.706448920666126,0.733604086888137
"003149","TRECATE",0.489275221563652,0.475414962451303,0.940090172207615,0.528119600027491,0.573894108047505
"003153","VAPRIO D'AGOGNA",0.649232091593371,0.676027518194141,0.941403949590856,0.690507219363466,0.718384633833176
"003154","VARALLO POMBIA",0.578483831967001,0.597027228735091,0.9488235274868,0.623862330064622,0.659969129778197
"003158","VESPOLATE",0.628918954596523,0.653279683544258,0.941046728658642,0.671094060029216,0.701088800988041
"003159","VICOLUNGO",0.6575200570208,0.686515920461671,0.941975345586136,0.699013724425726,0.726009460110216
"003164","VINZAGLIO",0.65925472109969,0.709505329509097,0.937727695341024,0.709714792308056,0.735049559311719
"003166","GATTICO-VERUNO",0.549095673031752,0.550397327262821,0.942501140416715,0.58902196417423,0.628297428201172
"004001","ACCEGLIO",0.718114058524228,0.771636217887082,0.913932327657052,0.761780857150795,0.778686576095934
"004002","AISONE",0.760750112118492,0.830682084729881,0.94366233238077,0.810510721819845,0.825305345215503
"004003","ALBA",0.432933759877674,0.396450479940957,0.930391794152236,0.466262087333608,0.5178320547579
"004004","ALBARETTO DELLA TORRE",0.71248284825533,0.766199852865343,0.937708435970953,0.759178059101398,0.77901476764246
"004005","ALTO",0.776322213222017,0.845742312534721,0.924689866209029,0.822398023211435,0.833763783544501
"004006","ARGENTERA",0.800553770759443,0.876832050496197,0.925366912188949,0.847360310783933,0.856027710940046
"004007","ARGUELLO",0.725861078343922,0.794127614461555,0.945465417553394,0.778541453517804,0.79708856063287
"004008","BAGNASCO",0.668865896308244,0.710446389663709,0.944772046459831,0.715167733333362,0.740679323680747
"004009","BAGNOLO PIEMONTE",0.573789385562558,0.592650871572606,0.94036933142108,0.618935048852931,0.654649969138281
"004010","BALDISSERO D'ALBA",0.661141911081756,0.694721229788411,0.943103204118246,0.7044487338034,0.730965897171716
"004011","BARBARESCO",0.639922390385075,0.672988090978818,0.92740040446146,0.683549757059898,0.710644273437849
"004012","BARGE",0.555306244607704,0.567767793173975,0.934818932176015,0.598865210219357,0.636193401547874
"004013","BAROLO",0.666085224368784,0.68950861104524,0.938234755235601,0.703840701459871,0.72988448521273
"004014","BASTIA MONDOVÌ",0.662408366360123,0.720143759010026,0.941056155789738,0.716254071995541,0.741232081306007
"004015","BATTIFOLLO",0.77528988524143,0.856354158823713,0.941693389628493,0.828409158792164,0.840996295551756
"004016","BEINETTE",0.592797709068968,0.605020115201333,0.942566345570457,0.633274655478681,0.667640398822212
"004017","BELLINO",0.769969321552749,0.850017295156448,0.935858863252716,0.82257986384441,0.835166419334222
"004018","BELVEDERE LANGHE",0.751237816023005,0.814815903972841,0.938384439707718,0.798562617968902,0.814098375939882
"004019","BENE VAGIENNA",0.585658901869238,0.600299540825742,0.94364861955183,0.628046161167924,0.663113100988359
"004020","BENEVELLO",0.682156606000696,0.744533154435236,0.95286073939403,0.737296466135573,0.761248052053179
"004021","BERGOLO",0.8108075995885,0.875785893469332,0.913414282035486,0.850308500079573,0.85732025363023
"004022","BERNEZZO",0.563119648641539,0.561061046059306,0.937577703087069,0.599639082924087,0.637187818497752
"004023","BONVICINO",0.77740729958757,0.851320479341495,0.948452835474254,0.827772784065504,0.841181678666477
"004024","BORGOMALE",0.667782345189501,0.713384035979562,0.940036901558631,0.715528561681942,0.740473932779351
"004025","BORGO SAN DALMAZZO",0.49478019971367,0.474983492484589,0.932630899305168,0.529656751419734,0.574431656740337
"004026","BOSIA",0.747037948592546,0.824621368196343,0.943053001605555,0.801551992715556,0.817274327036667
"004027","BOSSOLASCO",0.648365015022576,0.695199716744062,0.934007507799461,0.698004880074933,0.724227394266548
"004028","BOVES",0.518218422653149,0.509438854493332,0.932651601460542,0.55571093486197,0.597593231150701
"004029","BRA",0.449181683985002,0.422888740407975,0.932359914957581,0.485667682472598,0.535300152748707
"004030","BRIAGLIA",0.694675481772773,0.734318736884327,0.94030865079876,0.737078263475571,0.759659417622592
"004031","BRIGA ALTA",0.770147850378736,0.811048787913021,0.919192492014446,0.803457736432736,0.816317153719592
"004032","BRONDELLO",0.755024571344401,0.822161926245319,0.931511670273964,0.80288509094277,0.817176933090681
"004033","BROSSASCO",0.673460068461269,0.721857955159668,0.939742680284214,0.721867378657843,0.746075745505218
"004034","BUSCA",0.520831529598833,0.516977796202273,0.933175831510253,0.560331779761523,0.601758896622493
"004035","CAMERANA",0.686240840629227,0.725952353921972,0.941623371633762,0.729649274711416,0.753201952147232
"004037","CANALE",0.569502920630695,0.580553485552751,0.941673681586476,0.611692750941198,0.648357298790673
"004038","CANOSIO",0.811907077141512,0.889191065552996,0.926821226872701,0.858176286899799,0.865803502452344
"004039","CAPRAUNA",0.802087354473996,0.881050501357121,0.928157091283838,0.850227744252387,0.858886560589215
"004040","CARAGLIO",0.540166415144561,0.538564892373221,0.933292958196735,0.578758384202675,0.61815111464646
"004041","CARAMAGNA PIEMONTE",0.608718994218992,0.634541650259809,0.948650289464232,0.654332318961884,0.687034315684367
"004042","CARDÈ",0.64036920431715,0.69896336167345,0.942168788010256,0.696916533496795,0.724166783998291
"004043","CARRÙ",0.575409765563444,0.585234487362483,0.936306318182087,0.615920545634876,0.651518964806788
"004044","CARTIGNANO",0.741656757456253,0.811626755248704,0.948560354623551,0.793833616179586,0.811025476006693
"004045","CASALGRASSO",0.616465411464516,0.669945989191124,0.946616428943175,0.673546773189355,0.703887846050891
"004046","CASTAGNITO",0.618184045513097,0.639026771662495,0.946999937631591,0.660444861492176,0.692284314396555
"004047","CASTELDELFINO",0.765348687319821,0.851877134260099,0.950132628854795,0.822764882596444,0.836916854402927
"004049","CASTELLETTO STURA",0.644328308004172,0.674717143496912,0.939148510930494,0.687485304268537,0.715447882786533
"004050","CASTELLETTO UZZONE",0.765580004892122,0.838516638741292,0.948044303394761,0.816647919974512,0.831247518132318
"004051","CASTELLINALDO D'ALBA",0.670685547077671,0.70791014923798,0.93797800760208,0.714165864102251,0.739033880046676
"004052","CASTELLINO TANARO",0.76217915447084,0.838356763111998,0.949985855497771,0.815239748462054,0.830211538132689
"004053","CASTELMAGNO",0.834179167924088,0.935858850713976,0.918038992624222,0.888321007649551,0.89162300598007
"004054","CASTELNUOVO DI CEVA",0.78064835010935,0.862049714003728,0.955898602152682,0.834803989066153,0.848258946075767
"004055","CASTIGLIONE FALLETTO",0.660953428329139,0.691099400852805,0.944420101899399,0.702865783321815,0.729705152052657
"004056","CASTIGLIONE TINELLA",0.680972987279402,0.726794822583297,0.927647024578388,0.726260216896053,0.748636528860757
"004057","CASTINO",0.687053847656678,0.755714459328004,0.943535706212319,0.743599308764339,0.765814464036337
"004058","CAVALLERLEONE",0.707146623154663,0.769354205094947,0.953576412746856,0.75978301398701,0.781315613849215
"004059","CAVALLERMAGGIORE",0.556470965189138,0.560631903629832,0.939035890558044,0.596599880024341,0.634648325639197
"004060","CELLE DI MACRA",0.778891147634962,0.858538724376691,0.954989563933445,0.832342398798588,0.84596986159135
"004061","CENTALLO",0.552262359469107,0.562218631363392,0.94187893824066,0.595704339698691,0.634168183981132
"004062","CERESOLE ALBA",0.62415980520024,0.650078486537467,0.942086815710888,0.667615912853057,0.69811267983726
"004063","CERRETTO LANGHE",0.694066730385836,0.76003049432623,0.950741592986547,0.749417910419085,0.771787208482136
"004064","CERVASCA",0.547510725304443,0.542718177522997,0.936564854741236,0.584259491746472,0.623404532079223
"004065","CERVERE",0.631921508516034,0.660685554068594,0.947719735625913,0.676445151725674,0.706586772159034
"004066","CEVA",0.55155026702049,0.555275391384147,0.93824976974808,0.591896523256895,0.630380217311471
"004067","CHERASCO",0.520412497128435,0.516080269580959,0.947040768398142,0.561125821859042,0.604005260363386
"004068","CHIUSA DI PESIO",0.588812028959025,0.603356131041791,0.936134404568897,0.630089112457257,0.664094144914105
"004069","CIGLIÈ",0.718587934505567,0.772961079202605,0.934541047196611,0.764651160888339,0.783527814922591
"004070","CISSONE",0.818920183782908,0.909147084278482,0.935056405405705,0.871135911168196,0.878238188305697
"004071","CLAVESANA",0.68400231967698,0.740116412791882,0.949541650529382,0.735807594663926,0.759555823093421
"004072","CORNELIANO D'ALBA",0.617033188011926,0.640838910510849,0.943945249329015,0.660436969268151,0.691937889274913
"004073","CORTEMILIA",0.605726538851396,0.623970863635518,0.932287373712506,0.646592568490362,0.678336435737267
"004074","COSSANO BELBO",0.652540728225077,0.712358293208698,0.943473813428059,0.708551940988005,0.734654371259122
"004075","COSTIGLIOLE SALUZZO",0.596868316092939,0.622506817347602,0.941388223947502,0.642857632442994,0.676027698165717
"004076","CRAVANZANA",0.692271066857981,0.756224062088449,0.942448925748996,0.746067700600793,0.767887836728371
"004077","CRISSOLO",0.735678622431037,0.794134034942055,0.919703490123226,0.780386044830214,0.795865760973882
"004078","CUNEO",0.389512119816178,0.335673247365084,0.911326905622359,0.417466105793804,0.472339527996977
"004079","DEMONTE",0.622216198639773,0.650404917723359,0.93445573389674,0.666125075753084,0.695939593324601
"004080","DIANO D'ALBA",0.572945102871646,0.580303208564266,0.943338750980887,0.613295615244249,0.649967074770542
"004081","DOGLIANI",0.568510400382776,0.575082994984183,0.930829884696536,0.607700016384785,0.643603335086091
"004082","DRONERO",0.540597054794739,0.543998690533875,0.932924735225197,0.581360558920396,0.620423245176485
"004083","ELVA",0.786007840521137,0.866219695743719,0.922762750767602,0.835778666395946,0.845443564659463
"004084","ENTRACQUE",0.665012133164559,0.696415261363748,0.927906788156725,0.705433006353411,0.730152315442668
"004085","ENVIE",0.638223985628676,0.677154847377593,0.936443902795566,0.685564865132378,0.713440313761621
"004086","FARIGLIANO",0.63533189295932,0.669328805816548,0.940516366116094,0.68114895106075,0.709967552733566
"004087","FAULE",0.679860518173253,0.737626755074032,0.952194694717709,0.733088742433049,0.757433848242456
"004088","FEISOGLIO",0.696796937224905,0.758554075557643,0.942913378556187,0.749199293607766,0.770723080824257
"004089","FOSSANO",0.460313696781686,0.437182644993144,0.933794326832217,0.497252786481895,0.545757402076375
"004090","FRABOSA SOPRANA",0.671602184848019,0.708944372197402,0.934631817195748,0.714709132390014,0.739144986257318
"004091","FRABOSA SOTTANA",0.632781087342617,0.653594058277372,0.928535287615046,0.6717223442905,0.700257115771005
"004092","FRASSINO",0.690890799807119,0.742932148560271,0.920574628129162,0.737277789578242,0.757644104972789
"004093","GAIOLA",0.649583890687071,0.691741430552225,0.936552036125944,0.697251598170277,0.723840535720907
"004094","GAMBASCA",0.694372780207438,0.758972749482757,0.941309825670799,0.748136470927667,0.769600177010238
"004095","GARESSIO",0.602428524820997,0.619837711171785,0.937279917585016,0.643747797955253,0.676362477914116
"004096","GENOLA",0.606205399746302,0.631740581408648,0.943551839437221,0.65143087546345,0.683888760349424
"004097","GORZEGNO",0.758891365997193,0.825600129473807,0.941394534350455,0.807160626396995,0.822075505058491
"004098","GOTTASECCA",0.754206204262877,0.817790589127279,0.936840138521235,0.801082570877694,0.81616674506031
"004099","GOVONE",0.600414281582237,0.613575791772573,0.939858893638806,0.640281422373545,0.673567808069685
"004100","GRINZANE CAVOUR",0.614382310617356,0.636120632638412,0.948540253244123,0.657580349789508,0.689909227951132
"004101","GUARENE",0.57174760671818,0.575584472506618,0.945077635507701,0.610807199201929,0.64794835879146
"004102","IGLIANO",0.833101574658727,0.929931232721796,0.93640326672679,0.887005089993914,0.892493776297567
"004103","ISASCA",0.868538244699107,1,0.974170344997398,0.938259244614338,0.942249366879122
"004104","LAGNASCO",0.65331709783497,0.693627432046885,0.938349259859295,0.699959964432764,0.726447663924601
"004105","LA MORRA",0.581288136282577,0.587469642646659,0.930762660581826,0.619017266576339,0.65365564368806
"004106","LEQUIO BERRIA",0.692332322769927,0.758393390762879,0.948287780069614,0.747655349096724,0.769947841427045
"004107","LEQUIO TANARO",0.65045623149914,0.704900561895693,0.942186707562054,0.70412922778388,0.730580058870344
"004108","LESEGNO",0.649740009936812,0.709104420980094,0.944177170822457,0.705897710994853,0.732373206531254
"004109","LEVICE",0.769320917160287,0.83888759297418,0.937372904349458,0.817431119995456,0.830757984923678
"004110","LIMONE PIEMONTE",0.61851696370531,0.627981500922616,0.930525909311716,0.653976900013738,0.684704567713514
"004111","LISIO",0.741423658866755,0.821183499875869,0.948879719757933,0.798061193409974,0.814818807448637
"004112","MACRA",0.82754331315451,0.905960673645151,0.917024415351379,0.871779235594985,0.87680647779014
"004113","MAGLIANO ALFIERI",0.619540747585214,0.638615771501864,0.945656912248053,0.660736124813991,0.692393990084442
"004114","MAGLIANO ALPI",0.620839524291884,0.647436185022731,0.939383289837347,0.664662398175311,0.695186941693316
"004115","MANGO",0.66503501524842,0.707926336777888,0.928985594022806,0.710731167814119,0.734981659615084
"004116","MANTA",0.566361879843219,0.566923066957081,0.937035421173279,0.603681768177463,0.640721062954775
"004117","MARENE",0.5930391645858,0.61118084380993,0.943921175481985,0.636291121326277,0.670472238454689
"004118","MARGARITA",0.614092830828521,0.666400766155519,0.945324990113471,0.670754617654165,0.70126243681631
"004119","MARMORA",0.830870616207922,0.913494634746763,0.941238616605029,0.879088224590111,0.88599382370288
"004120","MARSAGLIA",0.742882947605078,0.820421740941808,0.946213774966825,0.798108487342781,0.814564630412119
"004121","MARTINIANA PO",0.657385972217565,0.72116097179273,0.938139551315084,0.714160079936141,0.739046687867135
"004122","MELLE",0.752514951264643,0.816284519504037,0.932288607738106,0.799188622619717,0.813977509855093
"004123","MOIOLA",0.706306543841603,0.768403885789273,0.935331300719335,0.757152823405828,0.776950431996217
"004124","MOMBARCARO",0.714059524627006,0.77671579846398,0.937712266573916,0.764620122048335,0.783852582551178
"004125","MOMBASIGLIO",0.690197077951992,0.738091532159758,0.94348452962652,0.737078327512939,0.760012349970004
"004126","MONASTERO DI VASCO",0.623740562574323,0.637987842342427,0.93452580750771,0.661230362963309,0.691596523468242
"004127","MONASTEROLO CASOTTO",0.833113245552967,0.94353751241584,0.945507951600415,0.894043636246005,0.899761893507606
"004128","MONASTEROLO DI SAVIGLIANO",0.646249770380629,0.674730620094137,0.944143546247984,0.688855530338443,0.717220865439503
"004129","MONCHIERO",0.693717079118729,0.744347369414765,0.938788990130305,0.741007900853103,0.762983577439459
"004130","MONDOVÌ",0.456365112651567,0.42529009243837,0.92817352406099,0.489562194696571,0.538296786848173
"004131","MONESIGLIO",0.653304765486748,0.703246474581014,0.936531642015747,0.704101222232068,0.729926824430254
"004132","MONFORTE D'ALBA",0.604517172189076,0.621526045314076,0.929935496560764,0.644712997532495,0.676404386313413
"004133","MONTÀ",0.571607424390629,0.583890257065208,0.941427960906975,0.614116752745824,0.65048466476373
"004134","MONTALDO DI MONDOVÌ",0.6948560238847,0.748946296170697,0.933160043304905,0.743027048355419,0.76415293668314
"004135","MONTALDO ROERO",0.650698821371202,0.710039086021291,0.949173102104051,0.707249368537027,0.734129783377808
"004136","MONTANERA",0.647834414100554,0.696601751817122,0.944031345578584,0.699399409220812,0.726580735482787
"004137","MONTELUPO ALBESE",0.722930938165181,0.767832277202282,0.944137857855792,0.765257232700938,0.785132857718144
"004138","MONTEMALE DI CUNEO",0.718218630076906,0.782607847368012,0.942461107013714,0.769618025551585,0.78882281238071
"004139","MONTEROSSO GRANA",0.672646871273842,0.729061029467858,0.936786572666248,0.72444721260039,0.74804047482993
"004140","MONTEU ROERO",0.638706623593698,0.668400084036061,0.939391212523136,0.682137139685705,0.710720925556531
"004141","MONTEZEMOLO",0.758866441956983,0.81523905837403,0.936649300085916,0.802012405157547,0.816972060149588
"004142","MONTICELLO D'ALBA",0.613864798111421,0.636943896084505,0.945575940371195,0.657421506425286,0.689438665752609
"004143","MORETTA",0.586521230780071,0.605421959882339,0.947946909218701,0.631169126719955,0.666366658108704
"004144","MOROZZO",0.635274640591113,0.663158564206681,0.941827450122883,0.678477687171296,0.707738771943694
"004145","MURAZZANO",0.64340422615968,0.691110726104599,0.933314337885766,0.693863162307502,0.720468848482865
"004146","MURELLO",0.684211832513084,0.73920436678691,0.948701101128761,0.735407399797873,0.75910669994575
"004147","NARZOLE",0.597629582410251,0.620304227166323,0.94669054279335,0.642739268588793,0.6765116323893
"004148","NEIVE",0.596173311753819,0.61229389687161,0.940145431730985,0.637824787054542,0.671415969796369
"004149","NEVIGLIE",0.688128874654876,0.746261172614338,0.92415572201186,0.737891093472333,0.758587163310058
"004150","NIELLA BELBO",0.749028213630856,0.812388418189923,0.938884894504323,0.796525973769783,0.812343631629176
"004151","NIELLA TANARO",0.667281915958246,0.707865446408925,0.941179651988383,0.712934278264065,0.738294875344545
"004152","NOVELLO",0.655936575777418,0.683811482301146,0.93131206496258,0.696017832631612,0.722161636223942
"004153","NUCETTO",0.680109688596147,0.742913805902478,0.947994312494403,0.735160003773821,0.75880826029833
"004154","ONCINO",0.810186629007533,0.900847863457385,0.938536629573034,0.863819184566516,0.872121122900574
"004155","ORMEA",0.62547611690359,0.653918476057245,0.923176216281369,0.668045188460512,0.696393080440607
"004156","OSTANA",0.730297393189024,0.759350857627526,0.917859535981244,0.762127666465572,0.779431207522869
"004157","PAESANA",0.619534529126379,0.650716324218475,0.939621131455345,0.665574997150719,0.696024567629011
"004158","PAGNO",0.691253918250976,0.737517986027636,0.936934329713521,0.736640789896728,0.758895627654149
"004159","PAMPARATO",0.764585126028678,0.837423865393517,0.941011046510205,0.815005150791008,0.829005805870919
"004160","PAROLDO",0.709284140777367,0.759008356150258,0.938377348322589,0.75456935844969,0.774992468435568
"004161","PERLETTO",0.762566891130133,0.831846885510064,0.9438697946182,0.811873178949908,0.826539469579718
"004162","PERLO",0.742976590525508,0.805660123113687,0.929695107675914,0.789856031905229,0.805393706990861
"004163","PEVERAGNO",0.552110443463609,0.554006321701174,0.935846134681529,0.591337157792305,0.629615933002219
"004164","PEZZOLO VALLE UZZONE",0.711739334876141,0.780851917172677,0.940273196018118,0.76569338302378,0.785091140023151
"004165","PIANFEI",0.611872654418598,0.63330362603398,0.939541228947031,0.654283449098363,0.685978757970437
"004166","PIASCO",0.605334296485228,0.628673291513066,0.941622483657466,0.649465662964979,0.681927531930811
"004167","PIETRAPORZIO",0.814577495425731,0.899686415348968,0.934448135613195,0.864863573409934,0.872595191432519
"004168","PIOBESI D'ALBA",0.624051332386057,0.638489883038337,0.948902090728589,0.663033756013836,0.694796904315475
"004169","PIOZZO",0.669431502314445,0.711337133631515,0.943730505434484,0.71571893671913,0.741053555465281
"004170","POCAPAGLIA",0.585351706830977,0.597851899427021,0.948924278732189,0.627334050689318,0.663066298249637
"004171","POLONGHERA",0.636452986993049,0.69210763749523,0.950850391834853,0.692937320203211,0.721594328162282
"004172","PONTECHIANALE",0.72241618439923,0.780862725386923,0.913956101827933,0.767871119586562,0.784102784280048
"004173","PRADLEVES",0.719131203915569,0.790134235001257,0.936857955332156,0.772855243045787,0.791077766633162
"004174","PRAZZO",0.781632626320702,0.858412394895536,0.928046476182573,0.830824907165564,0.84162730372301
"004175","PRIERO",0.70341724832238,0.752603307319383,0.943080531701603,0.749517303208954,0.771024328597026
"004176","PRIOCCA",0.619098538846074,0.645825854666445,0.943623971854914,0.663578374266125,0.69469455177599
"004177","PRIOLA",0.688893292539865,0.741456323967369,0.939706214900035,0.737627948918259,0.7600810895829
"004178","PRUNETTO",0.73900818557053,0.79812327198394,0.938490830804067,0.785558238979918,0.802550749182602
"004179","RACCONIGI",0.524239919035139,0.519038163088053,0.936676668759508,0.563142803831387,0.604646566601178
"004180","REVELLO",0.578460178006767,0.595879090797629,0.936715115940171,0.622124182555995,0.657078730709793
"004181","RIFREDDO",0.641525519210131,0.701484299786078,0.941658590197494,0.698520277568043,0.725535645637982
"004182","RITTANA",0.801147977751987,0.889459774893639,0.949070955691865,0.855680584259718,0.866057292196623
"004183","ROASCHIA",0.828322394126156,0.935444240138315,0.938913011261641,0.887586286545176,0.893289255958117
"004184","ROASCIO",0.784150778977245,0.823470478131023,0.923253345420715,0.815754900240792,0.82769917192745
"004185","ROBILANTE",0.628745926470318,0.656713265708997,0.943769876996318,0.672833624180324,0.70293765227099
"004186","ROBURENT",0.69950836075185,0.746628800251663,0.928413983563402,0.743603120807921,0.764137661114086
"004187","ROCCABRUNA",0.624602993987832,0.644020426400428,0.933439655872011,0.664224504761918,0.694137299329706
"004188","ROCCA CIGLIÈ",0.761972259721421,0.837320314020339,0.937591250443537,0.813440783228146,0.827235279585412
"004189","ROCCA DE' BALDI",0.605812687823829,0.65375768183579,0.94252065717343,0.661058732064172,0.692332279298534
"004190","ROCCAFORTE MONDOVÌ",0.623103139245334,0.651881568247523,0.937552102806829,0.667498328652468,0.697504303558509
"004191","ROCCASPARVERA",0.668188379461287,0.696727479745317,0.93682925764813,0.707895062407785,0.733332195212267
"004192","ROCCAVIONE",0.613108429735849,0.638855360372402,0.939758559742908,0.657359561523004,0.688737227991882
"004193","ROCCHETTA BELBO",0.791760150095145,0.873852041770968,0.942361308592914,0.843761617199042,0.854717138465028
"004194","RODDI",0.605758882671394,0.613515686825338,0.958456110464621,0.644519167319992,0.679401049891617
"004195","RODDINO",0.67280601457489,0.729273271749455,0.932767834440397,0.724212462289995,0.747385281417817
"004196","RODELLO",0.642015001334029,0.664041815140996,0.943826160773746,0.682108183491136,0.711187958744759
"004197","ROSSANA",0.646231339124725,0.706033727788987,0.945270432132866,0.703046323324457,0.729960113192058
"004198","RUFFIA",0.73199012303563,0.803506503168783,0.955629625872646,0.78653644437925,0.805324575656294
"004199","SALE DELLE LANGHE",0.688008775575311,0.728696520545361,0.933629858695137,0.730880369123816,0.753408090187296
"004200","SALE SAN GIOVANNI",0.727520388649079,0.780278806300675,0.944758530168322,0.772985490744222,0.792071384013566
"004201","SALICETO",0.646050662659807,0.666916916671769,0.936629428846888,0.684498353583898,0.712512917502008
"004202","SALMOUR",0.687351966915593,0.739633644690477,0.943606865765055,0.736504211799237,0.759515617795439
"004203","SALUZZO",0.469045711124907,0.444491179394725,0.929669877006009,0.504058588434436,0.551348731609055
"004204","SAMBUCO",0.821561777022501,0.916441281574235,0.936704865768912,0.875771862945422,0.882542196592477
"004205","SAMPEYRE",0.656833922333574,0.692813310950451,0.921834744743675,0.699524729452179,0.724225842262345
"004206","SAN BENEDETTO BELBO",0.776769654415064,0.844444954287905,0.936993187330761,0.823245892649412,0.83588448094734
"004207","SAN DAMIANO MACRA",0.711670353237754,0.762921418654187,0.930501436378932,0.756616440989267,0.775936996032563
"004208","SANFRÈ",0.607239585332816,0.6318789545181,0.951935159483428,0.652796858881255,0.686034447837052
"004209","SANFRONT",0.629033188683922,0.670996347996533,0.944479324583059,0.679461223964511,0.708907679588794
"004210","SAN MICHELE MONDOVÌ",0.631696118208333,0.656694266717349,0.938857301256122,0.673661403342169,0.703127614221497
"004211","SANT'ALBANO STURA",0.616124707684521,0.635049912250408,0.940337735245088,0.657062352495227,0.688537395022989
"004212","SANTA VITTORIA D'ALBA",0.596259349522249,0.614393652590032,0.941510713515494,0.638944922302076,0.672563343548011
"004213","SANTO STEFANO BELBO",0.589183274058897,0.609283483783889,0.937348443762086,0.633044885405462,0.666856391889532
"004214","SANTO STEFANO ROERO",0.642062990673269,0.674020939681775,0.93743630075809,0.685981398735579,0.713920832293636
"004215","SAVIGLIANO",0.457675825694471,0.427149732447217,0.928025253979803,0.49097402656174,0.539535274052636
"004216","SCAGNELLO",0.782830281810538,0.865376494383002,0.943302889278509,0.836023338214944,0.847943288333118
"004217","SCARNAFIGI",0.631483430427416,0.662616896317286,0.943121355381259,0.676657282573242,0.706264401774133
"004218","SERRALUNGA D'ALBA",0.669613299062006,0.726393984616136,0.948504659852574,0.723053743640421,0.748103845441772
"004219","SERRAVALLE LANGHE",0.748011676068189,0.814319793059671,0.950554301052391,0.798104591212776,0.815043447861622
"004220","SINIO",0.669261826605049,0.724880838610889,0.941232603059744,0.721487459653147,0.745903586698324
"004221","SOMANO",0.755284556897629,0.821956973236103,0.935193609980073,0.803278049558187,0.817935334049508
"004222","SOMMARIVA DEL BOSCO",0.561278166879327,0.572162402161535,0.944856077682325,0.60453386383662,0.64234744315281
"004223","SOMMARIVA PERNO",0.598671078812799,0.617111589191679,0.944986473208702,0.641600847922885,0.675310361843531
"004224","STROPPO",0.760038868726433,0.788717206121954,0.892917926780418,0.786232026359816,0.798086015295439
"004225","TARANTASCA",0.619249581003594,0.647007799957781,0.941375394012682,0.663953360833887,0.694778031187087
"004226","TORRE BORMIDA",0.766895009145688,0.824039699916557,0.928672776050529,0.808787896683063,0.822108438835004
"004227","TORRE MONDOVÌ",0.678182713041806,0.741549942157081,0.942760258854966,0.733155720724996,0.756445113850548
"004228","TORRE SAN GIORGIO",0.649458527479853,0.699591077505547,0.949511379999988,0.702023460243429,0.729522117994158
"004229","TORRESINA",0.85765305729526,0.969619191479312,0.951293497122605,0.917401861660818,0.92116759893435
"004230","TREISO",0.666971990951621,0.697156638207673,0.942791048261102,0.708136987947793,0.734209661315938
"004231","TREZZO TINELLA",0.709653487148766,0.774406651734398,0.947397716732324,0.762566834170656,0.78310359889973
"004232","TRINITÀ",0.619882611309264,0.645796254925532,0.944697162160224,0.664025206021681,0.695210978925963
"004233","VALDIERI",0.630089467778912,0.677191414824168,0.935150122420255,0.681791409413412,0.709942377525283
"004234","VALGRANA",0.63537657529146,0.681721088302428,0.928621394002345,0.685556088017484,0.712563344238024
"004235","VALLORIATE",0.776748702091183,0.856265663484671,0.940849320759824,0.828941396585117,0.841375610382306
"004237","VENASCA",0.616417116091176,0.669204587647212,0.937697652626664,0.672299531944941,0.701788212020688
"004238","VERDUNO",0.668752527963489,0.684196921311244,0.933468283433921,0.702174080517022,0.727873436396678
"004239","VERNANTE",0.629834145497881,0.683417568988482,0.943343977680114,0.685297669286875,0.713969481330568
"004240","VERZUOLO",0.54851472069607,0.55328909832963,0.934421951216303,0.589253913683196,0.627605917853541
"004241","VEZZA D'ALBA",0.612079064830258,0.638543203781304,0.948342382917488,0.657614259166952,0.689917384028123
"004242","VICOFORTE",0.565199070547127,0.56002685718913,0.933894438310909,0.599741111312407,0.636869258756685
"004243","VIGNOLO",0.577011290238592,0.572978709420825,0.941365900010807,0.611632089847818,0.648269179865928
"004244","VILLAFALLETTO",0.615069767037155,0.642481680409783,0.936750418471869,0.659573193198309,0.690370662673149
"004245","VILLANOVA MONDOVÌ",0.551509678298634,0.556200751566787,0.93805789741136,0.592275483180576,0.630695751428441
"004246","VILLANOVA SOLARO",0.667873551862801,0.738171844926063,0.950105363819786,0.727730964936967,0.752439231479503
"004247","VILLAR SAN COSTANZO",0.625444388139178,0.649575007330293,0.932488874967465,0.667007615458009,0.696505533181282
"004248","VINADIO",0.694249921484048,0.752516171876139,0.946900951688458,0.74573483718093,0.768086627681766
"004249","VIOLA",0.707894286765726,0.778763032715565,0.945730044129199,0.763568798179501,0.783808936618356
"004250","VOTTIGNASCO",0.687028016972206,0.756045048247437,0.949921729740126,0.744375052322852,0.767213572035882
"005001","AGLIANO TERME",0.63826759547554,0.671200703930622,0.937787189921357,0.683039453724909,0.711344757746736
"005002","ALBUGNANO",0.671609446319797,0.696520884946514,0.919733950812194,0.707632044151059,0.731198922668963
"005003","ANTIGNANO",0.651599599380257,0.680317530724349,0.937633924005733,0.693126100947646,0.720293636842989
"005004","ARAMENGO",0.65886647374237,0.70658749012426,0.932668477510056,0.707721131490989,0.732715281048663
"005005","ASTI",0.387592378648204,0.342769120564965,0.909983369373269,0.419661011583253,0.474141273559922
"005006","AZZANO D'ASTI",0.667154261772693,0.713185416487475,0.943392485943639,0.715492103811439,0.740814368492795
"005007","BALDICHIERI D'ASTI",0.633437818997257,0.685390317385979,0.942665054350114,0.687739166807468,0.716064265423318
"005008","BELVEGLIO",0.688840605125683,0.745384635919142,0.931776355574665,0.738578994027638,0.760045367532863
"005009","BERZANO DI SAN PIETRO",0.673043918166438,0.720483592100087,0.930431469570179,0.720130526576954,0.743497298020646
"005010","BRUNO",0.732542131499048,0.773172327078299,0.935815187439047,0.77115302510371,0.789448820918748
"005011","BUBBIO",0.680580992888441,0.72747345086767,0.94171453575656,0.727795953265906,0.751564684653756
"005012","BUTTIGLIERA D'ASTI",0.603220359385344,0.622201548056217,0.941125117208026,0.645552370069505,0.67839378641823
"005013","CALAMANDRANA",0.620972531368853,0.640680221758018,0.934365909347279,0.66118032984182,0.691534283120204
"005014","CALLIANO",0.663831218394116,0.70267543017012,0.940019997414825,0.708929991595389,0.734606658908659
"005015","CALOSSO",0.65084112894109,0.6884308466281,0.933930064443288,0.696065395450464,0.722494803116334
"005016","CAMERANO CASASCO",0.678772083900513,0.734377513745894,0.933583804842062,0.729275699425089,0.751976600026975
"005017","CANELLI",0.528014978803172,0.533589297039212,0.942533094694462,0.571975233598519,0.613148329275846
"005018","CANTARANA",0.655420305930774,0.683778720935897,0.943505252016629,0.696990087291664,0.724380661149994
"005019","CAPRIGLIO",0.69177237955647,0.74439277365198,0.925265410122283,0.738800859956031,0.759519143307837
"005020","CASORZO",0.696284157027723,0.753420824494044,0.942417905916778,0.746609032276473,0.768365573792062
"005021","CASSINASCO",0.730754381351044,0.793130401993649,0.938740897883064,0.779622242293418,0.79730209291449
"005022","CASTAGNOLE DELLE LANZE",0.582246547491456,0.59880964437557,0.936705977421453,0.625145884082307,0.659763672231101
"005023","CASTAGNOLE MONFERRATO",0.620348822330117,0.668702212373919,0.934590889259294,0.673532054542746,0.702538591733474
"005024","CASTEL BOGLIONE",0.668577889578206,0.735012955347521,0.929708590675546,0.724586739284132,0.7473780561054
"005025","CASTELL'ALFERO",0.590655339488223,0.602599173438081,0.938948147627972,0.630859345579634,0.665091434696116
"005026","CASTELLERO",0.674783333613935,0.71991315104694,0.949655195016557,0.722578937599049,0.747809632867661
"005027","CASTELLETTO MOLINA",0.791545392808307,0.867522292943093,0.936485602029483,0.840229018791078,0.850924194706456
"005028","CASTELLO DI ANNONE",0.639519933376198,0.667284835775116,0.938678563271382,0.68193000244523,0.710457620314802
"005029","CASTELNUOVO BELBO",0.648401645451547,0.704033551433385,0.937716342531178,0.702367472851337,0.728517347260209
"005030","CASTELNUOVO CALCEA",0.684238538760775,0.733279691145598,0.940734531365815,0.731956656594449,0.755154198235712
"005031","CASTELNUOVO DON BOSCO",0.591572271904823,0.606103565157708,0.937526709709032,0.632706797649042,0.666575676766819
"005032","CASTEL ROCCHERO",0.696412841379705,0.761152402854699,0.951459827139613,0.751050342619443,0.773318063121684
"005033","CELLARENGO",0.686638121070362,0.73089113491674,0.943427634396715,0.732230928633868,0.755697229274184
"005034","CELLE ENOMONDO",0.698326459555284,0.766733464001081,0.958491337404897,0.755126099340854,0.777722236903526
"005035","CERRETO D'ASTI",0.691345064835356,0.729288671970236,0.912463911873455,0.730531572749862,0.750746277096928
"005036","CERRO TANARO",0.656855764103656,0.710053943314147,0.943726151901935,0.709481983528205,0.735509113347508
"005037","CESSOLE",0.69677516921177,0.75865154599384,0.932580589657164,0.748200080808241,0.768686804013677
"005038","CHIUSANO D'ASTI",0.682180134037991,0.714956592429521,0.929040469668858,0.721615573877266,0.744662784520777
"005039","CINAGLIO",0.679583130939701,0.73304673610963,0.937802275622874,0.729463667734487,0.752612401944307
"005040","CISTERNA D'ASTI",0.618465155282267,0.664916369145007,0.93536543670115,0.671058229662388,0.70042569711114
"005041","COAZZOLO",0.744662697972232,0.790685985894408,0.93121093994177,0.784028001734165,0.80038166153501
"005042","COCCONATO",0.635949270079435,0.663432001155976,0.936599114126516,0.678381483468586,0.707072331319467
"005044","CORSIONE",0.760104280042782,0.810119635794303,0.932470471962813,0.79984780932297,0.814583660727397
"005045","CORTANDONE",0.689682029505799,0.743221323433308,0.939720349481296,0.738778543770728,0.761105411071902
"005046","CORTANZE",0.712017337424596,0.780116810461779,0.944071461325269,0.765867512681396,0.785667951419604
"005047","CORTAZZONE",0.653755231847506,0.701633686502944,0.940780515678437,0.704003064825546,0.730311670475867
"005048","CORTIGLIONE",0.711893710865113,0.746750757593611,0.934164086888746,0.7498064194953,0.770290604761239
"005049","COSSOMBRATO",0.679438279995799,0.706552770524388,0.933903063768057,0.71708627911089,0.741177032961686
"005050","COSTIGLIOLE D'ASTI",0.558715344143995,0.573210934634668,0.937325856607363,0.603099411111135,0.640235682832938
"005051","CUNICO",0.727313758064311,0.776065749042984,0.936303421992604,0.770151120397543,0.788612487241439
"005052","DUSINO SAN MICHELE",0.661409748781828,0.695973249047844,0.940537185593833,0.704876067582735,0.731060636250635
"005053","FERRERE",0.645188078187099,0.682166650825635,0.947119224228867,0.692021550478617,0.720365736450867
"005054","FONTANILE",0.703282201531021,0.759669466837361,0.934997784453897,0.751828029211162,0.772180224238132
"005055","FRINCO",0.690032138041821,0.738384740236402,0.947540825927956,0.737541677817996,0.760874916496881
"005056","GRANA",0.695214075954153,0.743561239499153,0.933185810217687,0.740767472975757,0.76214728822486
"005057","GRAZZANO BADOGLIO",0.680176116040688,0.708206338086619,0.93632545155787,0.718404649513075,0.742618071962497
"005058","INCISA SCAPACCINO",0.62237014103251,0.649864286588049,0.939543109682654,0.666459803397517,0.696802392984754
"005059","ISOLA D'ASTI",0.629822234332383,0.656572582758076,0.94091621719935,0.672969289410641,0.702741170276054
"005060","LOAZZOLO",0.751715182119641,0.811060226815089,0.92805797450416,0.796054731471045,0.810721758474724
"005061","MARANZANA",0.696176925543042,0.75216766462894,0.924564983091102,0.744211563886502,0.764250832687013
"005062","MARETTO",0.701207948418856,0.74047125648186,0.946297845175815,0.743385426722904,0.765931250995449
"005063","MOASCA",0.700046966576557,0.754143706738487,0.946191057491434,0.749004908740913,0.770914480824305
"005064","MOMBALDONE",0.718706743202419,0.780433220560698,0.930071780433135,0.767620161736716,0.785670341591874
"005065","MOMBARUZZO",0.638456430640437,0.693795753310263,0.934657359739387,0.692979218751753,0.719832345528157
"005066","MOMBERCELLI",0.633342257993608,0.667634750553615,0.939293905640755,0.679369044410326,0.70824958454704
"005067","MONALE",0.632093309564111,0.681484308970811,0.944908245523351,0.68560075289305,0.714412696518639
"005068","MONASTERO BORMIDA",0.66370681789641,0.697710523270637,0.93302303516622,0.705940107041793,0.731171543500063
"005069","MONCALVO",0.595922141567605,0.612166970068471,0.936312376910829,0.637271337927317,0.670498120036596
"005070","MONCUCCO TORINESE",0.651498292344334,0.675247087035906,0.940705266951028,0.691105947416211,0.718839205142301
"005071","MONGARDINO",0.650388680879786,0.679770964243137,0.941656482307489,0.692737488536064,0.720395154510667
"005072","MONTABONE",0.723620508727652,0.803809062217996,0.944944302298225,0.781837737155364,0.799960688837904
"005073","MONTAFIA",0.652686028820473,0.688473854779974,0.93942212417016,0.697464160037217,0.724348378274211
"005074","MONTALDO SCARAMPI",0.657802585638432,0.718038709224285,0.946760300032835,0.713804612691506,0.739688577951654
"005075","MONTECHIARO D'ASTI",0.663977534463838,0.707640076510009,0.949059046279744,0.712133829566205,0.738458853645487
"005076","MONTEGROSSO D'ASTI",0.609014550379502,0.631796583267374,0.93866583614121,0.652231593755215,0.684057620686993
"005077","MONTEMAGNO",0.625473306465146,0.673977775587586,0.93621047873262,0.678374034796992,0.707022528567617
"005079","MORANSENGO",0.780592539412075,0.856193807052939,0.941567991286767,0.830710655037933,0.843028136843359
"005080","NIZZA MONFERRATO",0.51499333856681,0.508576338864257,0.935493509346924,0.554155705778673,0.596526572841812
"005081","OLMO GENTILE",0.837993173378871,0.937422953447327,0.937771858447596,0.892714442916549,0.897720822419999
"005082","PASSERANO MARMORITO",0.672858767830336,0.696924463656576,0.917650631919488,0.708167517361059,0.731443418978662
"005083","PENANGO",0.706419183332653,0.757825704970435,0.942183803268133,0.753128580063203,0.774134715974862
"005084","PIEA",0.661622019457548,0.713544721862425,0.931122389180811,0.711937272512069,0.736291174364152
"005085","PINO D'ASTI",0.69075740884569,0.733414474438782,0.910442964469537,0.731921643924966,0.751757346207696
"005086","PIOVÀ MASSAIA",0.661958211736416,0.714358332314562,0.940706584926557,0.713413103315596,0.738667934605703
"005087","PORTACOMARO",0.606002082877211,0.618400464608472,0.939187772220057,0.644899923590563,0.677598573438285
"005088","QUARANTI",0.745917454294466,0.816494816978313,0.937315399438521,0.796817062016603,0.812427988396816
"005089","REFRANCORE",0.63620841250861,0.659976376276875,0.937172860586867,0.677000441012155,0.705908487631568
"005090","REVIGLIASCO D'ASTI",0.663837799578369,0.693409494680582,0.932057646753391,0.703967047091867,0.729310447054259
"005091","ROATTO",0.700829051599061,0.735571348512168,0.940146211190667,0.74039480116912,0.762589402282625
"005092","ROBELLA",0.672087496707538,0.72681324100633,0.926324256517739,0.722137757623015,0.744825146389095
"005093","ROCCA D'ARAZZO",0.626209806521434,0.669106527637766,0.937758406794215,0.676668191051061,0.705678215022523
"005094","ROCCAVERANO",0.725747032414933,0.782429077115207,0.931756255791046,0.771854874867667,0.789621694970265
"005095","ROCCHETTA PALAFEA",0.712093053559568,0.783674623568622,0.945040997577975,0.767599554465483,0.787315270366871
"005096","ROCCHETTA TANARO",0.645126061794608,0.677755760322242,0.940604869098268,0.689357306862409,0.717273702666394
"005097","SAN DAMIANO D'ASTI",0.540981418545311,0.5445811458055,0.937874121299789,0.582290566087844,0.621799850000282
"005098","SAN GIORGIO SCARAMPI",0.791266360867479,0.844784575365989,0.909697692805292,0.82719269058559,0.836359913054446
"005099","SAN MARTINO ALFIERI",0.658655545792806,0.67680089246484,0.927358934378012,0.693691290653742,0.719654362178661
"005100","SAN MARZANO OLIVETO",0.665912461544771,0.707192817508597,0.943636206625077,0.712260996236523,0.737969352946363
"005101","SAN PAOLO SOLBRITO",0.647825845740751,0.676934952050239,0.947150823859686,0.690857441391914,0.719334483888333
"005103","SCURZOLENGO",0.693915179718407,0.742969629360994,0.940363645528,0.74063452863853,0.76282665273736
"005104","SEROLE",0.816763155893906,0.913088092317315,0.937212006433396,0.872154262338389,0.879382900571168
"005105","SESSAME",0.745144404589466,0.829337656983158,0.966565035776059,0.805173431285287,0.823105831784262
"005106","SETTIME",0.688273076555004,0.72849929275608,0.939206343162983,0.731468200506286,0.75455021635703
"005107","SOGLIO",0.703416927444516,0.742770233045205,0.917148785613473,0.742499100781722,0.761904621318583
"005108","TIGLIOLE",0.628271369586546,0.650535418740218,0.943828809609698,0.669845935708014,0.700288477252645
"005109","TONCO",0.667833996498002,0.696260975208428,0.926704495085272,0.706513186776421,0.730978887699627
"005110","TONENGO",0.707841766262387,0.763005070635994,0.927766794913716,0.754657756095643,0.773892093742096
"005111","VAGLIO SERRA",0.727385173600986,0.781513577375119,0.931330298678815,0.772137467807129,0.789825560126205
"005112","VALFENERA",0.609763754255382,0.627726485665831,0.940514455363395,0.650922053500886,0.683098987041164
"005113","VESIME",0.692976547507593,0.742321518895216,0.927054406071696,0.738589570488434,0.759530107775463
"005114","VIALE",0.752095585019441,0.80999611058274,0.933212103850537,0.796262473406035,0.81147909901098
"005115","VIARIGI",0.681693208278177,0.726962447182881,0.946798880926607,0.728574933050137,0.752822038369745
"005116","VIGLIANO D'ASTI",0.642045188643023,0.694125078060833,0.939491187329283,0.695225738749663,0.722366344147399
"005117","VILLAFRANCA D'ASTI",0.610386194453537,0.635933007523494,0.948147941558819,0.655658435045546,0.688157269102577
"005118","VILLANOVA D'ASTI",0.566551216035799,0.577326412494597,0.944828621529901,0.609227794991668,0.646516775718139
"005119","VILLA SAN SECONDO",0.69173861986714,0.757346424326028,0.945942297123422,0.746682499599268,0.768822477101951
"005120","VINCHIO",0.676126340690785,0.743119363849719,0.940676991076501,0.732728266150877,0.755833680031502
"005121","MONTIGLIO MONFERRATO",0.637523926395671,0.668570837900715,0.939337756028801,0.681676419536254,0.710305456924315
"006001","ACQUI TERME",0.468633775635441,0.447800232286016,0.924963982303431,0.504891701794998,0.551566399629269
"006002","ALBERA LIGURE",0.742823433208669,0.797234896444749,0.930901353619183,0.786116383705956,0.802203602585204
"006003","ALESSANDRIA",0.375231335660748,0.325467908146343,0.904684610119138,0.405783120725104,0.461216619546664
"006004","ALFIANO NATTA",0.636363384893539,0.676589566941741,0.929825616637427,0.683811389989619,0.711146304061598
"006005","ALICE BEL COLLE",0.658945027930588,0.719379865397993,0.930036552718801,0.713249857269742,0.737337267875193
"006007","ALTAVILLA MONFERRATO",0.670035609947063,0.713422163239765,0.938242115973042,0.716380209531377,0.74103153246934
"006008","ALZANO SCRIVIA",0.69696440824823,0.760960362797013,0.946275496905692,0.750693696660929,0.772425007799236
"006009","ARQUATA SCRIVIA",0.543171003627383,0.536845752836235,0.934973324106873,0.579504872819315,0.619001367406822
"006010","AVOLASCA",0.698505842375744,0.75170367953113,0.931452733141835,0.745739558172277,0.766374355391117
"006011","BALZOLA",0.622763128783028,0.680015492429538,0.942647071604988,0.680515086706153,0.709640862806024
"006012","BASALUZZO",0.614829469868148,0.632717115444421,0.942728593576888,0.655668822748345,0.687564352840405
"006013","BASSIGNANA",0.633400530016773,0.661940354965054,0.932954418563669,0.676198840098189,0.704727237705465
"006014","BELFORTE MONFERRATO",0.710253027815822,0.740537447378736,0.934743437405999,0.746330057578151,0.767264877559023
"006015","BERGAMASCO",0.681507857409758,0.725257617858869,0.941771855313011,0.727221649402183,0.751060561170053
"006016","BERZANO DI TORTONA",0.718672027385886,0.773998542073802,0.940867417332381,0.765788497990098,0.785241711250351
"006017","BISTAGNO",0.639172025965604,0.670841673088479,0.940737757888469,0.683579940363184,0.712153031199327
"006018","BORGHETTO DI BORBERA",0.605194573833623,0.612951177919961,0.935486219444621,0.641714210233575,0.674355544590358
"006019","BORGORATTO ALESSANDRINO",0.656647573088714,0.707356658134634,0.942597984325016,0.708061702483008,0.734121289354343
"006020","BORGO SAN MARTINO",0.663212095488275,0.707489000434751,0.951828502155614,0.711998343380923,0.738646138800333
"006021","BOSCO MARENGO",0.613053745358145,0.63328376941908,0.945628833088513,0.655414764958603,0.687660772528593
"006022","BOSIO",0.629916413370924,0.681933847515326,0.932721068507371,0.68360472424955,0.711284318055974
"006023","BOZZOLE",0.714868454493387,0.786849691264971,0.943763061724385,0.7701494717637,0.78943987064822
"006024","BRIGNANO-FRASCATA",0.707379196890102,0.762680809367268,0.953480218009505,0.756875024616767,0.778720046104849
"006025","CABELLA LIGURE",0.661673579068087,0.705548820494553,0.923673723529763,0.707617452156164,0.731623704531009
"006026","CAMAGNA MONFERRATO",0.686589427841784,0.727215839493607,0.93056739435132,0.729269109736058,0.75163558580442
"006027","CAMINO",0.664620277624254,0.684645102295016,0.936449238761076,0.700814344839779,0.726995999719923
"006028","CANTALUPO LIGURE",0.673984132833516,0.731269457565178,0.93757004949773,0.726121120629185,0.749615446059024
"006029","CAPRIATA D'ORBA",0.612460014062544,0.629119682355585,0.943518502210445,0.653062713609203,0.685335579009341
"006030","CARBONARA SCRIVIA",0.650343657768659,0.671174695800075,0.940643640468903,0.688747623152821,0.716736069521274
"006031","CARENTINO",0.679893607666627,0.728782223808422,0.95485311138348,0.72938943530212,0.754440954866716
"006032","CAREZZANO",0.687744225130747,0.714033939105019,0.928323396168575,0.723632513522952,0.746375944928021
"006033","CARPENETO",0.651744064033052,0.677176818265395,0.92659256100088,0.690673653134389,0.716886865119555
"006034","CARREGA LIGURE",0.812429157784939,0.889493500413353,0.933441285255714,0.859209324714803,0.86745732033046
"006035","CARROSIO",0.667532758148753,0.72150807284612,0.943931703701059,0.719461544317798,0.744402673138161
"006036","CARTOSIO",0.682426128011987,0.722590603255658,0.93075901116523,0.725333430186963,0.748158494740104
"006037","CASAL CERMELLI",0.64233533063957,0.670533067709608,0.939196863358766,0.684710465593006,0.712986732011424
"006038","CASALEGGIO BOIRO",0.693332871059888,0.727944989414463,0.938125623595567,0.733387599573015,0.756136268908854
"006039","CASALE MONFERRATO",0.437257302442893,0.406229268269665,0.923325159420862,0.471901472762737,0.522059660169196
"006040","CASALNOCETO",0.64816509066266,0.6677107619191,0.935830459638399,0.685727179625632,0.713516432960384
"006041","CASASCO",0.775199053295886,0.828047960149396,0.936131050335094,0.815074261083886,0.828525015445132
"006043","CASSINE",0.604788085753366,0.625495338756676,0.934963687532463,0.647123909782765,0.679106107310509
"006044","CASSINELLE",0.63954520553818,0.689871194255882,0.942192313299162,0.692456611237244,0.720205022577457
"006045","CASTELLANIA COPPI",0.754430816203026,0.808812500935843,0.938942711021453,0.797353763814637,0.813085869059838
"006046","CASTELLAR GUIDOBONO",0.676026211550441,0.728770507203705,0.944776952709414,0.726636218710307,0.750874078043541
"006047","CASTELLAZZO BORMIDA",0.571217909196981,0.579031473449996,0.938364532675104,0.61144867545865,0.647772659593812
"006048","CASTELLETTO D'ERRO",0.733640490507168,0.788006863279714,0.91685797814918,0.776427107019015,0.792030537144589
"006049","CASTELLETTO D'ORBA",0.629566529350478,0.653330767341669,0.935374456955305,0.670841229206997,0.70023381006792
"006050","CASTELLETTO MERLI",0.693357844172563,0.734478843407261,0.933324587648249,0.735858968175745,0.757799592561579
"006051","CASTELLETTO MONFERRATO",0.600842285867359,0.599228459763485,0.932676680230745,0.633299503556955,0.666563634298487
"006052","CASTELNUOVO BORMIDA",0.654039501457993,0.711274271392977,0.935533550349142,0.707944552817851,0.733232219210216
"006053","CASTELNUOVO SCRIVIA",0.577026454777647,0.592735652914895,0.943870490674666,0.620779997529111,0.65667894121195
"006054","CASTELSPINA",0.710479916548401,0.766208420875423,0.943143628027148,0.758824114643435,0.779304060574959
"006055","CAVATORE",0.708757896611291,0.765736150688651,0.930822136975837,0.756604534982557,0.775962046315144
"006056","CELLA MONTE",0.664250660857875,0.673701263838714,0.945645582383457,0.696642924351811,0.724309886355327
"006057","CERESETO",0.675893475360003,0.724228761693931,0.941568385769537,0.724211845251224,0.748362571975481
"006058","CERRETO GRUE",0.674351733400228,0.720865436723536,0.937372291810856,0.72158495573678,0.745561326411677
"006059","CERRINA MONFERRATO",0.653160655933656,0.685316016713788,0.937376924333215,0.696052195124671,0.722866053925621
"006060","CONIOLO",0.691591580655762,0.731014355215686,0.946361976950423,0.734808868837194,0.758314769738664
"006061","CONZANO",0.64191847575274,0.667352822750301,0.941302240984671,0.683302308424836,0.711968967598151
"006062","COSTA VESCOVATO",0.692518770919716,0.747378728272934,0.931506008769169,0.74110447551361,0.762260201430894
"006063","CREMOLINO",0.644665470927848,0.667882748631869,0.93530024496621,0.684176723298494,0.712079336817129
"006065","DENICE",0.725207908593145,0.784721497985783,0.937057471433846,0.773173980103902,0.79138325691834
"006066","DERNICE",0.697386718553819,0.740975511519942,0.921066618465993,0.739369665379792,0.759558215722703
"006067","FABBRICA CURONE",0.692285751501465,0.741640016243227,0.929238326504314,0.738190428135543,0.75941797239874
"006068","FELIZZANO",0.620998311556795,0.644769874445435,0.947763223681382,0.664372006069142,0.695859919137168
"006069","FRACONALTO",0.67755064937585,0.722696414153599,0.92978419623908,0.72308959821216,0.746055664659596
"006070","FRANCAVILLA BISIO",0.684472842227953,0.715142348211241,0.950531450982965,0.724879980795934,0.749952366372271
"006071","FRASCARO",0.697154841622036,0.743871404781564,0.943890268785727,0.742850837760193,0.765188552318586
"006072","FRASSINELLO MONFERRATO",0.68871983035731,0.725464289727964,0.931297321141807,0.729512586152554,0.751933112262471
"006073","FRASSINETO PO",0.642680345752273,0.67747634997898,0.944960711090568,0.68856658418812,0.717054820510615
"006074","FRESONARA",0.648036662457127,0.696943441396381,0.943903095875434,0.699631356321622,0.72677266071649
"006075","FRUGAROLO",0.627312548155688,0.653036483120958,0.942673549748556,0.670424419049346,0.70067432246037
"006076","FUBINE MONFERRATO",0.614346470585465,0.62424636243885,0.93116402977093,0.650483177838035,0.681669939163912
"006077","GABIANO",0.672095217269942,0.717158437338212,0.941775012578995,0.719341645831569,0.74405646435906
"006078","GAMALERO",0.658406526059523,0.683946363503076,0.936433229642792,0.697702123267449,0.724227801753598
"006079","GARBAGNA",0.684100694300346,0.727029876214556,0.930665487570128,0.728075305488719,0.750585325719987
"006081","GAVI",0.560775432368826,0.561334457633712,0.937497036682688,0.598699154169411,0.636343363337553
"006082","GIAROLE",0.659120163947729,0.717835978437848,0.946407760646633,0.714271040138173,0.740064009083558
"006083","GREMIASCO",0.675846206341604,0.712998122400431,0.921879002890199,0.717167848222936,0.739913532074854
"006084","GROGNARDO",0.69903002685254,0.749583881087394,0.923212498695952,0.744197508442565,0.764088062915164
"006085","GRONDONA",0.640384507366034,0.671577708707013,0.929034429827176,0.683286440215589,0.710591772394654
"006086","GUAZZORA",0.690689587102104,0.746761382503856,0.932198134670802,0.740072749789762,0.761420014776545
"006087","ISOLA SANT'ANTONIO",0.647658639609028,0.696996406423242,0.9341559411578,0.698510364830301,0.724693206644468
"006088","LERMA",0.666282705204797,0.696958606018163,0.934952407494563,0.706953830799789,0.732287005988097
"006090","MALVICINO",0.805503463332178,0.887749656420195,0.934005442294698,0.855364448118038,0.864102336359889
"006091","MASIO",0.647506213628799,0.682439636180369,0.951668070169759,0.693642439431102,0.722311953957619
"006092","MELAZZO",0.642128346597396,0.673692969638818,0.932472900891262,0.685366882395423,0.712823106672738
"006093","MERANA",0.727323673450865,0.796188439151799,0.944881881188564,0.780068638790055,0.798381221278778
"006094","MIRABELLO MONFERRATO",0.661327996932533,0.70225120341646,0.944493316593269,0.708059971816373,0.734330343458251
"006095","MOLARE",0.599194409595059,0.604055737928107,0.927868206604983,0.634249387045923,0.666873700330263
"006096","MOLINO DEI TORTI",0.666320824339829,0.725265240586251,0.945065741882025,0.720720303404939,0.745647574346837
"006097","MOMBELLO MONFERRATO",0.667209697063573,0.702395857641816,0.936162265836704,0.709938726201095,0.735074675049496
"006098","MOMPERONE",0.693960125106116,0.738149821582798,0.929641604000327,0.737413636410044,0.758772299475631
"006099","MONCESTINO",0.718501837475547,0.780086777963366,0.930720550659492,0.76743693201346,0.785579556307464
"006100","MONGIARDINO LIGURE",0.789598212214347,0.871827741408117,0.932872345744587,0.840928913704567,0.851144850597903
"006101","MONLEALE",0.640643048810617,0.679730293643801,0.938451057695407,0.688013109874029,0.715839548520849
"006102","MONTACUTO",0.688990796183646,0.739684996636088,0.919517629402337,0.734855869709114,0.755373843008361
"006103","MONTALDEO",0.699134194525222,0.748672512899877,0.919534061628205,0.743466424504115,0.763029495295681
"006104","MONTALDO BORMIDA",0.68369628503086,0.723479715548679,0.9305569235653,0.726284892617323,0.748981784944876
"006105","MONTECASTELLO",0.69785847140835,0.758252273555919,0.946147400128375,0.749864575246759,0.771673778011383
"006106","MONTECHIARO D'ACQUI",0.705772291983819,0.760665888202672,0.943280176088901,0.754225198692811,0.775231307292377
"006107","MONTEGIOCO",0.744093597695184,0.789402566970658,0.934939608871239,0.783567234986753,0.800386387640585
"006108","MONTEMARZINO",0.669703045530949,0.701352104196302,0.915631105551035,0.708537927932366,0.731548281001107
"006109","MORANO SUL PO",0.635712751263503,0.700994877192403,0.950579155160132,0.696576348321171,0.724798882414389
"006110","MORBELLO",0.693174411372283,0.734102762944661,0.926392417929669,0.734913970235592,0.756189353312712
"006111","MORNESE",0.669197945368815,0.700515012994216,0.934587931527618,0.709829624416126,0.734802769650736
"006112","MORSASCO",0.651826509963134,0.699569332343782,0.936933037651574,0.70182143280327,0.727944944453082
"006113","MURISENGO",0.646398813252027,0.675153242088329,0.933755010603377,0.688073925963498,0.715371824256818
"006114","NOVI LIGURE",0.45066763524324,0.423092550269578,0.929530764525078,0.486145159933276,0.535410227110143
"006115","OCCIMIANO",0.626100806326353,0.677063574796412,0.944351893788928,0.680859160884137,0.710136131206892
"006116","ODALENGO GRANDE",0.688842410313332,0.751599662820531,0.938953227498826,0.742094255660121,0.76396747475331
"006117","ODALENGO PICCOLO",0.70383569896722,0.758290313451608,0.94657332944503,0.752614038532976,0.774165070856537
"006118","OLIVOLA",0.747500846374394,0.798110178581104,0.938857540075174,0.789410715237492,0.806015917997234
"006119","ORSARA BORMIDA",0.685361731407075,0.744269561445517,0.944847674811302,0.737818849264797,0.760822052103297
"006120","OTTIGLIO",0.656812090507003,0.702080867709327,0.930721817948713,0.70457401299222,0.729701546876275
"006121","OVADA",0.506641345807528,0.49542671650206,0.931871591236468,0.544117787162962,0.587201543171129
"006122","OVIGLIO",0.643111435078993,0.673121433041568,0.944351589929896,0.686739949647242,0.715363465234204
"006123","OZZANO MONFERRATO",0.628200145406051,0.64525739359684,0.934958194806105,0.666551712031911,0.696374654562377
"006124","PADERNA",0.719514683209164,0.763790768282537,0.937290397389932,0.761216492910259,0.780780260074667
"006125","PARETO",0.688849144243466,0.758153856674278,0.939925970373401,0.745143947450325,0.766786394441778
"006126","PARODI LIGURE",0.688927307473104,0.73818913417113,0.939648298271166,0.736167228567022,0.758776236311927
"006127","PASTURANA",0.610870217575269,0.611206146843719,0.940710025435776,0.644005366532122,0.676972550854751
"006128","PECETTO DI VALENZA",0.643438072514261,0.671578829549095,0.938920179471892,0.685649623875699,0.713790796719721
"006129","PIETRA MARAZZI",0.623097423943035,0.619997451866234,0.937663868178402,0.653159080932011,0.684770723959388
"006131","POMARO MONFERRATO",0.710950109675814,0.782572645499006,0.955629470159017,0.767648186844571,0.788534996101731
"006132","PONTECURONE",0.591371583447679,0.606194179673357,0.937819621841216,0.632686555588588,0.666590229616658
"006133","PONTESTURA",0.636312963991983,0.667443500027628,0.935917859779431,0.680282194786768,0.708686157563731
"006134","PONTI",0.694415633020832,0.741234684671083,0.944143227220919,0.740456965683454,0.76308877252095
"006135","PONZANO MONFERRATO",0.676149530344212,0.721960913337109,0.926139645968687,0.721763664253463,0.744472106666266
"006136","PONZONE",0.639310157369729,0.691301308049273,0.932062620531419,0.691981421491693,0.718657110273885
"006137","POZZOL GROPPO",0.685397010990273,0.737295836842702,0.934378467264774,0.733649628251316,0.755952832586145
"006138","POZZOLO FORMIGARO",0.57169385591636,0.577825584761057,0.94076549946783,0.61136029825162,0.647960876164533
"006139","PRASCO",0.674843515391332,0.732856592648692,0.93430490043093,0.726895538661104,0.749941023302195
"006140","PREDOSA",0.628051241129717,0.653103488760373,0.948113352773595,0.6713309637279,0.702084562510755
"006141","QUARGNENTO",0.641053730182428,0.663569081551941,0.941179594525082,0.681198224732974,0.710085043598764
"006142","QUATTORDIO",0.637959009005327,0.665972213290626,0.950338049774847,0.681802855010664,0.711640098873351
"006143","RICALDONE",0.66183076027235,0.716712981160609,0.926322029674147,0.712976886612247,0.736681902508013
"006144","RIVALTA BORMIDA",0.644119060365357,0.678222691015946,0.936213071352626,0.688675095256849,0.716179314823046
"006145","RIVARONE",0.720396834966431,0.753110813600116,0.921508401350457,0.755229281989992,0.77370473969671
"006146","ROCCAFORTE LIGURE",0.775257264333866,0.83980429045353,0.932967792060566,0.820074478860385,0.832618180327072
"006147","ROCCA GRIMALDA",0.62320383351364,0.642410732272521,0.935180416512047,0.663044596254977,0.693281909616874
"006148","ROCCHETTA LIGURE",0.70201641754212,0.750586361335827,0.928793827429162,0.746550633237992,0.766799877037011
"006149","ROSIGNANO MONFERRATO",0.611990995632344,0.619718997248996,0.93945300557475,0.648214797354078,0.680574598267486
"006150","SALA MONFERRATO",0.68929195864732,0.746777525485007,0.936240526613074,0.739855320520855,0.761675898975546
"006151","SALE",0.584782648392141,0.598268954279985,0.935339620829801,0.625907183285437,0.660288565234811
"006152","SAN CRISTOFORO",0.660497748982258,0.712588279446832,0.943044560786856,0.712193168871776,0.737843323529007
"006153","SAN GIORGIO MONFERRATO",0.633140724950575,0.649174438334019,0.938182581179981,0.670860081596065,0.700562581549834
"006154","SAN SALVATORE MONFERRATO",0.577849235777148,0.585456693908926,0.930326068486696,0.616520275207403,0.651387585571769
"006155","SAN SEBASTIANO CURONE",0.702219893998652,0.725080369026361,0.923349072032058,0.734620025564461,0.755589919616417
"006156","SANT'AGATA FOSSILI",0.70838336378139,0.757245602126,0.940080585930553,0.753541093251381,0.774267703549067
"006157","SARDIGLIANO",0.660044988925043,0.697526546822516,0.936956169918753,0.704602808078277,0.730419848282774
"006158","SAREZZANO",0.626823788166093,0.638029381408517,0.934612059813807,0.662645132289955,0.692863679792606
"006159","SERRALUNGA DI CREA",0.665057639303504,0.715603805250688,0.94024891309465,0.715322541358851,0.740314360440607
"006160","SERRAVALLE SCRIVIA",0.561285655788692,0.570547561082349,0.939802083853196,0.603305155977288,0.640693703519056
"006161","SEZZADIO",0.657283022264457,0.69505117984222,0.94384626996207,0.702935017944212,0.729702934835085
"006162","SILVANO D'ORBA",0.613628843072316,0.62830260790178,0.932078916065397,0.652077044544883,0.683188363602718
"006163","SOLERO",0.630528610427506,0.652967874138418,0.940830582826503,0.671656476337316,0.70156471039167
"006164","SOLONGHELLO",0.708888279844971,0.768516796638003,0.936321144125045,0.758464398829843,0.778226259418198
"006165","SPIGNO MONFERRATO",0.650614188079026,0.713183463216374,0.940406292675148,0.707749572350445,0.73360031905319
"006166","SPINETO SCRIVIA",0.677817255879722,0.729938602304439,0.949596281280539,0.728449764310926,0.753021599529772
"006167","STAZZANO",0.610427353328722,0.627087173564309,0.941079876611285,0.650989524762992,0.683221786079469
"006168","STREVI",0.633238361952793,0.661842033979406,0.937067508737613,0.676492929043251,0.705445660120402
"006169","TAGLIOLO MONFERRATO",0.618122365164659,0.632558098665719,0.932885554225465,0.656094764146216,0.686849296377244
"006170","TASSAROLO",0.672302951640678,0.69388704757512,0.940971905229397,0.708882690170049,0.734670380732199
"006171","TERRUGGIA",0.618366140161889,0.612738740701652,0.944614472087919,0.648458643597385,0.681364846763
"006172","TERZO",0.655325210945925,0.676144637617903,0.92609907731278,0.691771339585001,0.717807754888087
"006173","TICINETO",0.648990616006631,0.684645122853709,0.942110546141686,0.694347137101322,0.721876404772473
"006174","TORTONA",0.446110289409087,0.41446734138809,0.930299002674574,0.480289834126187,0.530290852853786
"006175","TREVILLE",0.693486909834349,0.711374145178844,0.912794873975843,0.723466962153521,0.744503396800446
"006176","TRISOBBIO",0.67729126138801,0.708205096772062,0.938685124333205,0.717341873605353,0.74193556813067
"006177","VALENZA",0.487535630930519,0.476873109363448,0.931369058847944,0.52712083901708,0.572037307887176
"006178","VALMACCA",0.633616801801048,0.687374052040929,0.937672946006466,0.688213178829536,0.715930930738084
"006179","VIGNALE MONFERRATO",0.661925017540251,0.688658603339927,0.938209736403945,0.701583603036475,0.72787539563286
"006180","VIGNOLE BORBERA",0.608058002651336,0.617361638994142,0.932860261048363,0.644724864845301,0.676739908867864
"006181","VIGUZZOLO",0.582853263380982,0.591170870030598,0.938047200231538,0.622115580058365,0.65721909341094
"006182","VILLADEATI",0.65690116267778,0.700144145186364,0.940173257973701,0.704687714336235,0.730852774740398
"006183","VILLALVERNIA",0.66128021560242,0.68919777868436,0.936583029172669,0.701373400346318,0.727507803549246
"006184","VILLAMIROGLIO",0.692496152390521,0.742633716951954,0.925610360303086,0.738369477234422,0.759174019797607
"006185","VILLANOVA MONFERRATO",0.627434281925084,0.65207293345348,0.939698766835265,0.66974812360388,0.699742639518478
"006186","VILLAROMAGNANO",0.657288440548269,0.687007798356293,0.940624828412882,0.698995790348341,0.725843461244401
"006187","VISONE",0.649764104161517,0.673425627357974,0.92711410534323,0.688146789718094,0.714698713676442
"006188","VOLPEDO",0.647831185661532,0.668881883993985,0.937630998996467,0.68628398124463,0.7142114276615
"006189","VOLPEGLINO",0.698470196492605,0.72368683540921,0.926761707186298,0.732646835074447,0.754215154197986
"006190","VOLTAGGIO",0.642318437157847,0.688402020674214,0.941062547422534,0.692930460766681,0.720500692617331
"006191","CASSANO SPINOLA",0.619919346031049,0.640154499445266,0.945005366576138,0.661533767121955,0.693030611505754
"006192","ALLUVIONI PIOVERA",0.609776038698678,0.660598978443365,0.943632313937021,0.666031989107622,0.696876469644221
"006193","LU E CUCCARO MONFERRATO",0.637459970170855,0.661446755630741,0.936858262015467,0.678193852812265,0.706934342723732
"007001","ALLEIN",0.707539592606434,0.766822288211793,0.936129884201989,0.757075834788401,0.776970729167689
"007002","ANTEY-SAINT-ANDRÉ",0.682928865749299,0.719184165315364,0.928452475026066,0.723796111481705,0.746535707431079
"007003","AOSTA",0.417873992250028,0.373247700930107,0.916305930092314,0.447635354940292,0.499709863290517
"007004","ARNAD",0.641985516602752,0.664639743591096,0.935024156760228,0.681483782763254,0.709654935429585
"007005","ARVIER",0.660444949261301,0.688802845715163,0.936434191720613,0.70080492691147,0.726985956334708
"007006","AVISE",0.685101719255519,0.734560717095599,0.930470527884016,0.731895149146405,0.753959080117251
"007007","AYAS",0.610322402417486,0.622541293003318,0.919511879939466,0.646739850933308,0.677047854156215
"007008","AYMAVILLES",0.6026445620242,0.614787427762802,0.932404431791779,0.641084838583329,0.673453682273157
"007009","BARD",0.780516131758803,0.842082787998053,0.93804592810896,0.823974106701481,0.836648753524534
"007010","BIONAZ",0.709963596244605,0.775107898449897,0.931970196809226,0.761479192293448,0.780422637239646
"007011","BRISSOGNE",0.643917230122547,0.663914546308595,0.929788824647336,0.681503181858748,0.709090475501924
"007012","BRUSSON",0.646171669286432,0.660967291153334,0.918056138094712,0.680018146007366,0.706466811794849
"007013","CHALLAND-SAINT-ANSELME",0.665378160017275,0.692515979283284,0.928053493132332,0.703857711998485,0.72876835434669
"007014","CHALLAND-SAINT-VICTOR",0.679255245867384,0.718564929556781,0.931028334191808,0.722121912360055,0.745333737008028
"007015","CHAMBAVE",0.65724557596687,0.680491528967758,0.930746353919426,0.695056332612525,0.721244112757736
"007016","CHAMOIS",0.768946397538824,0.815804122460129,0.927473391325761,0.805885073132105,0.819394886264733
"007017","CHAMPDEPRAZ",0.68386204300534,0.730590981515217,0.945080951752484,0.731011956209499,0.75479740015872
"007018","CHAMPORCHER",0.694768813911187,0.733520962674501,0.924463536937312,0.735176753157291,0.756208618021737
"007019","CHARVENSOD",0.60163930209138,0.607525310090473,0.930307682000517,0.637154843681885,0.669727381272844
"007020","CHÂTILLON",0.556856227854857,0.558675017054985,0.930168585462074,0.595005918755636,0.632246215056352
"007021","COGNE",0.6247888195092,0.645194434864954,0.921440534172298,0.6636365178856,0.692281408584122
"007022","COURMAYEUR",0.56453586830378,0.561666244975464,0.941035061478896,0.600894457123549,0.638687857607477
"007023","DONNAS",0.600750540326771,0.619713595125821,0.936623817553347,0.642871242709001,0.675510417691706
"007024","DOUES",0.682933545249668,0.714857894867074,0.934242597495524,0.722430407802086,0.745965095545802
"007025","EMARÈSE",0.707149534384087,0.769193739448873,0.941505156188324,0.758504988843665,0.778838340770849
"007026","ETROUBLES",0.655263000906842,0.697976383325807,0.931409049818088,0.702098627886501,0.727577563656677
"007027","FÉNIS",0.628928611767535,0.648603725216317,0.940310843190019,0.668920635961735,0.699075103431545
"007028","FONTAINEMORE",0.707849047342448,0.76792090849639,0.947754772628024,0.758871957390279,0.77985893686114
"007029","GABY",0.650631748584411,0.685012055091509,0.925768374920217,0.693616549146186,0.719411196454411
"007030","GIGNOD",0.601413196350338,0.60033243095711,0.929074365761874,0.633692968864539,0.666513124075354
"007031","GRESSAN",0.567961046246876,0.568522667021895,0.93287061005174,0.604704731976121,0.641167607317856
"007032","GRESSONEY-LA-TRINITÉ",0.66297399958893,0.659537895309356,0.896862125315333,0.684816565235762,0.708377183022381
"007033","GRESSONEY-SAINT-JEAN",0.629184220589149,0.63266023335285,0.925851002839979,0.660415104557897,0.689907982144795
"007034","HÔNE",0.611365281181784,0.656749767270019,0.937682402037435,0.664420012007055,0.694782499788208
"007035","INTROD",0.668077966321385,0.690234610196111,0.934794004743125,0.704720059907186,0.730283831555624
"007036","ISSIME",0.695059431573587,0.731195251744733,0.938219056909755,0.735636513184219,0.758145684709279
"007037","ISSOGNE",0.656989848984906,0.696519433789657,0.943604455232531,0.703439622771806,0.730124604156331
"007038","JOVENÇAN",0.65929021776735,0.687924992814123,0.934754686529773,0.69972231341464,0.725837021538544
"007039","LA MAGDELEINE",0.743205427246416,0.80442005361987,0.935258491095997,0.789957315499428,0.806101890565714
"007040","LA SALLE",0.596838923319317,0.605958614569168,0.934509307684347,0.634709822818253,0.668020876692263
"007041","LA THUILE",0.642137829166883,0.655914237627457,0.925734002413752,0.676696830298828,0.704367627200487
"007042","LILLIANES",0.671146028511516,0.723229177321032,0.936508183181854,0.721119660942832,0.745051718969389
"007043","MONTJOVET",0.630948862182412,0.655304277972593,0.938122845945245,0.672626197664277,0.702125825251051
"007044","MORGEX",0.602913636310117,0.617087007958152,0.930336412555275,0.642033931176249,0.674067540218363
"007045","NUS",0.589914148374995,0.594443379681511,0.935765241557351,0.626537411781163,0.660896059534073
"007046","OLLOMONT",0.710678588763018,0.754299407029874,0.93362586586218,0.752602684693019,0.772716371489593
"007047","OYACE",0.761604713281109,0.829912822389358,0.940776541156936,0.810260545167404,0.824762322499574
"007048","PERLOZ",0.682543265748264,0.744401216224707,0.943739436948685,0.736498960582705,0.759525680178925
"007049","POLLEIN",0.628388275659994,0.643987905467396,0.931421402501736,0.6657114217575,0.695234752951304
"007050","PONTBOSET",0.73730051050906,0.803983096655453,0.938505400383168,0.787428163262348,0.804214522942439
"007051","PONTEY",0.671975050337595,0.708633731817303,0.940222216234316,0.715296173593136,0.740287956108822
"007052","PONT-SAINT-MARTIN",0.571900856766846,0.575802672393381,0.93121046103236,0.609587634225338,0.645323503870563
"007053","PRÉ-SAINT-DIDIER",0.641820186278696,0.660639990552341,0.93365720006158,0.679472799580125,0.707715510744731
"007054","QUART",0.545506660276932,0.532453108432661,0.930165444625417,0.578098440381859,0.617216996408921
"007055","RHÊMES-NOTRE-DAME",0.812204418872539,0.90040110420517,0.942741355731617,0.864946620958131,0.873590480377407
"007056","RHÊMES-SAINT-GEORGES",0.721894118833192,0.781050544516449,0.939213470648421,0.770246445572181,0.789020559469541
"007057","ROISAN",0.622533917419888,0.632120582028938,0.928966190615111,0.657491143813483,0.687655037902553
"007058","SAINT-CHRISTOPHE",0.5493628350922,0.536527898463984,0.931040363439813,0.581754866444264,0.620564366110436
"007059","SAINT-DENIS",0.674837850846397,0.730011520028722,0.936304224398641,0.725812639333668,0.749200593229776
"007060","SAINT-MARCEL",0.621113835886165,0.632049620671726,0.930321398564283,0.65695569530748,0.687329662336013
"007061","SAINT-NICOLAS",0.692493125476087,0.716646887519978,0.921708023927777,0.726283808241007,0.747997609983981
"007062","SAINT-OYEN",0.735180317524784,0.761706891470584,0.921969704558912,0.765796214503807,0.78314882450993
"007063","SAINT-PIERRE",0.565847882952967,0.55910944982016,0.930421966953574,0.599272996443265,0.636067326499966
"007064","SAINT-RHÉMY-EN-BOSSES",0.66325584567271,0.703394399871021,0.936489596866543,0.708641570181333,0.733958017590801
"007065","SAINT-VINCENT",0.542527516954003,0.535242424211972,0.92534567373326,0.577531040898015,0.616177111213042
"007066","SARRE",0.533859420281741,0.516245698843171,0.926245200419932,0.565171823648204,0.605291087733951
"007067","TORGNON",0.671671833170916,0.695087873784615,0.930221347488216,0.708064002878811,0.732748152279856
"007068","VALGRISENCHE",0.717142632778519,0.759490826430652,0.912654565386779,0.755750513182805,0.773184296761024
"007069","VALPELLINE",0.669677955698978,0.693035389973839,0.92719746780846,0.705940752333614,0.730524831830819
"007070","VALSAVARENCHE",0.722506439102707,0.761326562089907,0.915853866189104,0.759310237155587,0.776703973714866
"007071","VALTOURNENCHE",0.581980844399563,0.590070984086865,0.928714151838355,0.620294738002728,0.654563561762242
"007072","VERRAYES",0.650249150735334,0.681329750216815,0.935335457808827,0.69274405120935,0.719698651942625
"007073","VERRÈS",0.599626048589392,0.614923510827315,0.931354308553084,0.639682732592827,0.6720906854773
"007074","VILLENEUVE",0.627402928494904,0.649435471280926,0.930747026320298,0.667651982531153,0.696884765174391
"008001","AIROLE",0.681241903531747,0.720785446647369,0.909264178296345,0.721838725410237,0.742663775730916
"008002","APRICALE",0.668414190649343,0.721744248970556,0.91723060430927,0.717294358259882,0.739509496709814
"008003","AQUILA D'ARROSCIA",0.789663072166338,0.871075242837401,0.939756754387034,0.841307917190386,0.852246676878902
"008004","ARMO",0.801722325519912,0.87781802763284,0.934511669530435,0.849244325871782,0.858718475167188
"008005","AURIGO",0.757128872945306,0.827983771924746,0.942735785919706,0.807574268783494,0.822592215131962
"008006","BADALUCCO",0.633062888239204,0.683506638418548,0.929025109023403,0.685358797898329,0.712432832467781
"008007","BAJARDO",0.700490985257784,0.761021980933673,0.911302509920016,0.748811085778157,0.766865688460586
"008008","BORDIGHERA",0.506696527046203,0.496767734245222,0.920934657902099,0.543652383371351,0.58557263609699
"008009","BORGHETTO D'ARROSCIA",0.695442905813565,0.759878448499944,0.929777919074575,0.747872401348537,0.768084125540319
"008010","BORGOMARO",0.653152497174882,0.711223915250806,0.933902560433419,0.707359641634902,0.732531077056959
"008011","CAMPOROSSO",0.579501320505082,0.596790993669727,0.928461761018104,0.622177717480474,0.656209277873544
"008012","CARAVONICA",0.698550250947165,0.748256279957463,0.924906378602969,0.74355357676738,0.763703888082445
"008014","CASTELLARO",0.653731792067539,0.683489116209886,0.926994700896221,0.694448878814463,0.720287303490214
"008015","CASTEL VITTORIO",0.724712345078368,0.796798773700226,0.921129185722924,0.77679292202266,0.792830284656023
"008016","CERIANA",0.64264243979913,0.697893956132356,0.922025787702205,0.69544395693939,0.720619715913036
"008017","CERVO",0.649978565908697,0.674393813347574,0.922470917054998,0.688214662370822,0.714243135113508
"008018","CESIO",0.705578157118727,0.763572150504695,0.929084867161754,0.754026125146715,0.77347709648172
"008019","CHIUSANICO",0.662446107571155,0.711924742355908,0.937272782309501,0.712194160698129,0.737202896432726
"008020","CHIUSAVECCHIA",0.657764193199613,0.705755069375097,0.92473719943186,0.706057388101806,0.730355144916256
"008021","CIPRESSA",0.647937228490038,0.672976315183081,0.929261408944258,0.687337235547329,0.714217699258099
"008022","CIVEZZA",0.676160782068856,0.708161377599788,0.929940676242003,0.71593903947509,0.739716999115859
"008023","COSIO D'ARROSCIA",0.799208856319204,0.894848391608562,0.948408330823006,0.857166594649795,0.867304565335708
"008024","COSTARAINERA",0.667125497279996,0.700172382208497,0.934061597512101,0.708690205521032,0.733731471297818
"008025","DIANO ARENTINO",0.676101093346732,0.710822737407948,0.928961657231781,0.717011889562784,0.740561863748228
"008026","DIANO CASTELLO",0.602906014592714,0.616734284669097,0.925682638367331,0.641406398504548,0.672992647378191
"008027","DIANO MARINA",0.54871048600466,0.551594329932666,0.921656930651737,0.58730286023697,0.624453312505278
"008028","DIANO SAN PIETRO",0.65229690851465,0.681625264231501,0.91784161135592,0.69204913887136,0.717137191369644
"008029","DOLCEACQUA",0.626191097452191,0.654388589362383,0.925103965081576,0.668771255574716,0.697252667742145
"008030","DOLCEDO",0.632669538328355,0.641822226433091,0.917005149850079,0.665221809127659,0.693197735874595
"008031","IMPERIA",0.414320615828268,0.371564861456905,0.90990930909483,0.444639395687811,0.496336052733035
"008032","ISOLABONA",0.671792134453577,0.731462898882011,0.926511394127616,0.724115904413776,0.746604292159758
"008033","LUCINASCO",0.736982987946099,0.778775558970175,0.919708296264467,0.77406217573877,0.790245078019403
"008034","MENDATICA",0.708907671960395,0.756978470573056,0.915402687282868,0.75118903286834,0.769434994469954
"008035","MOLINI DI TRIORA",0.656086871188866,0.701172571309156,0.908311459226277,0.701597895046738,0.724566068844464
"008037","MONTEGROSSO PIAN LATTE",0.777134522129142,0.838003797077804,0.927600641821105,0.819572307825236,0.831575456046999
"008038","OLIVETTA SAN MICHELE",0.773811196523512,0.843431827000398,0.931043395629159,0.820863700148675,0.833105888535396
"008039","OSPEDALETTI",0.579876014091369,0.587242519400765,0.925455642756297,0.61774890434709,0.651938541948113
"008040","PERINALDO",0.654504091713641,0.707625004737211,0.918662117083426,0.704824305111226,0.728584061997026
"008041","PIETRABRUNA",0.686888270323288,0.747710151276443,0.926765052664819,0.738245794986361,0.759192379172856
"008042","PIEVE DI TECO",0.651311505666211,0.687787614441511,0.935224262366681,0.696117030285143,0.722684500516425
"008043","PIGNA",0.691029365018486,0.74260963789111,0.927735596608659,0.737911110970184,0.75900272048557
"008044","POMPEIANA",0.659249021199004,0.685339786584191,0.92160161109033,0.697225124611471,0.722155845331344
"008045","PONTEDASSIO",0.607716492398551,0.624880948252847,0.930617098805349,0.647730558173664,0.679162396021629
"008046","PORNASSIO",0.686127673877398,0.725075209510642,0.920436275217845,0.727084925046403,0.748568408398785
"008047","PRELÀ",0.686161097223384,0.741507246210446,0.925064184826564,0.73495717302788,0.756080174338845
"008048","RANZO",0.669518980895497,0.730432182205154,0.933609494898495,0.723338972885142,0.746702364219959
"008049","REZZO",0.742837214067917,0.797317081503424,0.930481262179079,0.786117559225011,0.802157970664352
"008050","RIVA LIGURE",0.610136461687502,0.634291518858884,0.927746574433143,0.652767248689188,0.683320507105183
"008051","ROCCHETTA NERVINA",0.701540491666634,0.758845064790353,0.923901924111782,0.749563692816822,0.768934607405151
"008052","SAN BARTOLOMEO AL MARE",0.597906533971173,0.617661764437216,0.926303075956386,0.639636041879414,0.671487934554633
"008053","SAN BIAGIO DELLA CIMA",0.665226029039826,0.708069949620549,0.931339735541994,0.711117163951368,0.735586338572549
"008054","SAN LORENZO AL MARE",0.631717945099441,0.650381590265865,0.929692553382542,0.669914046252642,0.698778324822631
"008055","SANREMO",0.409031844975358,0.372997691239937,0.904865271666943,0.442399818463577,0.493784868819506
"008056","SANTO STEFANO AL MARE",0.610538653697903,0.628808416084813,0.925030774431925,0.650209258845414,0.680744982799471
"008057","SEBORGA",0.688335288531957,0.731941815284491,0.908609373658461,0.729985634083248,0.749832716258272
"008058","SOLDANO",0.640418807559461,0.693061858892562,0.923942371911266,0.692460537094537,0.718180740963063
"008059","TAGGIA",0.504170340237754,0.500101391495183,0.924138129909026,0.544336092270724,0.58653631867498
"008060","TERZORIO",0.757355762507275,0.815105302436235,0.923336742788541,0.799941153503433,0.813651774535112
"008061","TRIORA",0.749731065952586,0.811156908584234,0.921746160209435,0.794574204562513,0.808704421856615
"008062","VALLEBONA",0.644144405905962,0.671790573514408,0.923532183448674,0.684523959084034,0.711080428457882
"008063","VALLECROSIA",0.550353692300908,0.55614187745111,0.923393026144349,0.590262309002843,0.627276833129677
"008064","VASIA",0.714363952612019,0.735246368348504,0.906441730391657,0.742968817471401,0.76113247446254
"008065","VENTIMIGLIA",0.482209884126521,0.472790212922392,0.91984251688482,0.521734295360493,0.565968542196529
"008066","VESSALICO",0.762381909122964,0.830421718106789,0.928117909399473,0.809573423193336,0.822745032771796
"008067","VILLA FARALDI",0.685558504941595,0.74571467511732,0.92711528555618,0.73678445958213,0.757932329134802
"008068","MONTALTO CARPASIO",0.688732581440493,0.754201861181034,0.930194617785542,0.742339960958241,0.763212700605719
"009001","ALASSIO",0.491551609022833,0.47093169091949,0.916492024327934,0.524766687406839,0.568291724842516
"009002","ALBENGA",0.461740681718727,0.441011521470034,0.916007608697694,0.497839252304712,0.544302403015044
"009003","ALBISSOLA MARINA",0.513357168355929,0.482732185832502,0.92869581987279,0.541109791372073,0.584174905649931
"009004","ALBISOLA SUPERIORE",0.505550014160104,0.487938388325266,0.929429570049375,0.540012738123354,0.583281275004023
"009005","ALTARE",0.62244885562892,0.644338072711769,0.93631648385569,0.663685766138879,0.693978068107414
"009006","ANDORA",0.537125188683517,0.536718727106223,0.92155304042897,0.57538506614828,0.61384817440169
"009007","ARNASCO",0.699116915560548,0.75366014699402,0.933987671375409,0.747148445287096,0.767908359296909
"009008","BALESTRINO",0.690491080263758,0.73024531921854,0.931998852193436,0.732531264986378,0.754694330231607
"009009","BARDINETO",0.647107454164858,0.69896725262487,0.928160885536317,0.698549706609009,0.724062059823155
"009010","BERGEGGI",0.597132668025006,0.586669401996147,0.947370033908266,0.627447934900345,0.662994834790114
"009011","BOISSANO",0.585511526349855,0.594024491457406,0.927038835078732,0.62349509152114,0.65722217413865
"009012","BORGHETTO SANTO SPIRITO",0.580110844758676,0.600117568377341,0.930163832924645,0.624119169203672,0.658124131839336
"009013","BORGIO VEREZZI",0.584157486248043,0.582744616541645,0.923943560153066,0.617500302270666,0.651549553146488
"009014","BORMIDA",0.697883727736013,0.75784028214633,0.93922731828336,0.748998536275391,0.770135067609609
"009015","CAIRO MONTENOTTE",0.509480777326265,0.503651213300159,0.935825182079456,0.549491913989837,0.592417832666461
"009016","CALICE LIGURE",0.60900902541626,0.616755076189865,0.921011074833622,0.643694953206119,0.674507855609175
"009017","CALIZZANO",0.653008944235551,0.693271547352831,0.935435725755896,0.699369793790362,0.725599341786532
"009018","CARCARE",0.551634879906096,0.549016205605982,0.937035673011925,0.588996555781628,0.627667568807216
"009019","CASANOVA LERRONE",0.681609556230416,0.720967572361011,0.921764256874259,0.723336133553568,0.745383702811423
"009020","CASTELBIANCO",0.678778699307656,0.714601737559636,0.912965875360374,0.718317784126319,0.739945349818992
"009021","CASTELVECCHIO DI ROCCA BARBENA",0.753642266644131,0.827626809322149,0.934552708329359,0.805026355017762,0.819418172052384
"009022","CELLE LIGURE",0.537194647624649,0.522952539215773,0.935134541002399,0.57057968817843,0.611085782936649
"009023","CENGIO",0.594088094949842,0.611535426471954,0.938323532283989,0.636362937868207,0.669914115025516
"009024","CERIALE",0.560015961896096,0.572093619724961,0.927581105891833,0.602207422318659,0.638360053826789
"009025","CISANO SUL NEVA",0.603165703086106,0.617946111227314,0.929614989936421,0.642461815434681,0.674367723712652
"009026","COSSERIA",0.650806516160058,0.677094635288446,0.938416821455826,0.69139720029741,0.718843824870567
"009027","DEGO",0.64373908434822,0.680340926328339,0.946238415338337,0.690459846338285,0.718879687338291
"009028","ERLI",0.774330062921041,0.842309537268471,0.919798326682147,0.819467652753495,0.830615505412234
"009029","FINALE LIGURE",0.491756072067643,0.470199960957232,0.917369516761934,0.524617166537387,0.568256316562337
"009030","GARLENDA",0.607173458283161,0.612829088093019,0.920239464443115,0.641025092313593,0.672048911439095
"009031","GIUSTENICE",0.658994992174658,0.692204720899938,0.930095835408874,0.701049454424456,0.726499052311613
"009032","GIUSVALLA",0.745504617333784,0.809286756630015,0.946359445291443,0.794292062812854,0.811188438643808
"009033","LAIGUEGLIA",0.616868499165556,0.631523827304421,0.920882814565468,0.653864828368037,0.683533493501084
"009034","LOANO",0.505165943279918,0.493890579300777,0.921959792572585,0.541771414418571,0.584014567546795
"009035","MAGLIOLO",0.623554188224352,0.66777780907243,0.933109382780889,0.674410337061641,0.703154675474891
"009036","MALLARE",0.64413144300533,0.704904722771156,0.946953905573224,0.701761665156741,0.729005247425239
"009037","MASSIMINO",0.795090705887538,0.880306619489683,0.921912582466765,0.846120054666426,0.854541446644242
"009038","MILLESIMO",0.582873327144192,0.59311911807458,0.939289658526142,0.623125566201062,0.658254909792737
"009039","MIOGLIA",0.670514245636665,0.729812289762112,0.937393043943123,0.723886245323762,0.747609222948135
"009040","MURIALDO",0.658679932347449,0.721749439457111,0.94294138076311,0.715487355388363,0.740760024874446
"009041","NASINO",0.7388077116829,0.810842730960823,0.936271001397049,0.79096979932938,0.807114377336899
"009042","NOLI",0.590654393835788,0.600417645163617,0.932750446979388,0.629257462247671,0.66297890499564
"009043","ONZO",0.714060714249098,0.767818120811363,0.916877735168489,0.758533249294056,0.776127081057882
"009044","ORCO FEGLINO",0.661003898967891,0.69117556224261,0.927645166223508,0.701245274167076,0.726400817728902
"009045","ORTOVERO",0.623247905380988,0.639052865595691,0.920192078527389,0.660054554792245,0.688958724096149
"009046","OSIGLIA",0.6890359562141,0.750460373544123,0.934114743527997,0.741184822744,0.762621480608889
"009047","PALLARE",0.642186494155137,0.693978392933831,0.947261549010077,0.696000354091043,0.723918264637603
"009048","PIANA CRIXIA",0.706301170837391,0.748829775779217,0.934284116369665,0.74823733761444,0.768909201920576
"009049","PIETRA LIGURE",0.516773279714912,0.508020332140464,0.927430921975914,0.553900217532511,0.595403629137333
"009050","PLODIO",0.682815053906088,0.721571022885599,0.947130846204141,0.726686819176674,0.751180599957503
"009051","PONTINVREA",0.636244939260241,0.681654874441518,0.923957565603795,0.685450672726171,0.711951438601463
"009052","QUILIANO",0.543820549042741,0.542931126589477,0.937338082907722,0.58277206232527,0.622168286834432
"009053","RIALTO",0.672359588148468,0.729626909531309,0.931931529237712,0.724087076879671,0.747180904919453
"009054","ROCCAVIGNALE",0.678076098869398,0.720165114803717,0.945448273115507,0.723753373464453,0.748386140092348
"009055","SASSELLO",0.618723098620594,0.643245322919792,0.931806112379019,0.661066400931075,0.691148591091958
"009056","SAVONA",0.387775312446342,0.334424513545973,0.90866452321595,0.415856374018137,0.470612835040116
"009057","SPOTORNO",0.567462519276775,0.566232505233878,0.926218191710161,0.60278458020081,0.638721648146293
"009058","STELLA",0.589625968178055,0.603673977859179,0.939719038070953,0.630956879523851,0.665263786029084
"009059","STELLANELLO",0.646762981796438,0.700547968748367,0.922357036361553,0.698525631381318,0.723395787490232
"009060","TESTICO",0.760871099802474,0.817178882905028,0.909284817096821,0.801050973928058,0.813076956502365
"009061","TOIRANO",0.588726656851075,0.596531382016784,0.923069895528637,0.6256731070434,0.658717194652871
"009062","TOVO SAN GIACOMO",0.599086370531833,0.609589888234182,0.927846441000334,0.63668896054474,0.669039791706473
"009063","URBE",0.659647426519994,0.719821202157361,0.936624819865748,0.714423364891384,0.739112415444092
"009064","VADO LIGURE",0.538601840118365,0.539270382264765,0.936638704367876,0.578706370509196,0.618476629826827
"009065","VARAZZE",0.481118380875631,0.451623268935653,0.924057452003033,0.512139487615381,0.55790815032512
"009066","VENDONE",0.691923517471238,0.752638472870915,0.93243722998154,0.743296618652123,0.764312242133169
"009067","VEZZI PORTIO",0.664980554578234,0.697015778370859,0.93299782093849,0.706198131920941,0.731398097367335
"009068","VILLANOVA D'ALBENGA",0.600459452987678,0.618617830008877,0.930826635317815,0.641667440880231,0.673796240262185
"009069","ZUCCARELLO",0.697301954444542,0.755623761192395,0.931539739976872,0.746970546034309,0.767478234250149
"010001","ARENZANO",0.4706390073644,0.427046532049644,0.935421281844136,0.497500620920733,0.546158472134445
"010002","AVEGNO",0.598585634248237,0.608407370749065,0.933897517165574,0.636536603965343,0.669576705432036
"010003","BARGAGLI",0.61073204792698,0.632301398971905,0.936831403487142,0.653048191453213,0.684579659456983
"010004","BOGLIASCO",0.517801529878684,0.481331109710759,0.93173279650756,0.542782967466005,0.585999615137289
"010005","BORZONASCA",0.639343329915964,0.676753624632113,0.936499885079045,0.685893618054539,0.71373875883504
"010006","BUSALLA",0.567915764385144,0.574627819559387,0.941442164124641,0.608288829187503,0.645305866402741
"010007","CAMOGLI",0.508199460621605,0.468112465576462,0.927750189410561,0.532115385730186,0.576074808361339
"010008","CAMPO LIGURE",0.596591762783252,0.605799180151238,0.934666235214598,0.63454254784198,0.667889624216716
"010009","CAMPOMORONE",0.555125680253353,0.562012312802237,0.940215505127884,0.596733647387804,0.634898298247813
"010010","CARASCO",0.589016762140721,0.603216929224452,0.932592087543953,0.629764369868724,0.66341189405486
"010011","CASARZA LIGURE",0.541219929239045,0.536756057772417,0.928565966509492,0.577945790806107,0.616903588106483
"010012","CASELLA",0.584637397675486,0.594614165578647,0.941531813927595,0.624816384857119,0.660006988087172
"010013","CASTIGLIONE CHIAVARESE",0.637127809993275,0.664521808088012,0.933306112588993,0.679072939395479,0.707321069750314
"010014","CERANESI",0.584007369179065,0.597326182924184,0.946220043133611,0.626222102759823,0.661777429468022
"010015","CHIAVARI",0.422328450981528,0.370808762810894,0.913560119438874,0.448267758150477,0.499966909404744
"010016","CICAGNA",0.618960300943878,0.646024464745579,0.929756924832825,0.662218837043538,0.691945291242348
"010017","COGOLETO",0.514101688050566,0.49863657453845,0.932313030249755,0.548963521190033,0.591557911085557
"010018","COGORNO",0.544458000227869,0.539261939972726,0.929989202122717,0.580672893302539,0.619485816504781
"010019","COREGLIA LIGURE",0.689910139181658,0.739400326653766,0.917689174418096,0.73495862706775,0.755262021217789
"010020","CROCEFIESCHI",0.645594315977251,0.683900821164733,0.931554436356769,0.69142825534957,0.718108942128147
"010021","DAVAGNA",0.634851478237105,0.662275111098642,0.939935171654032,0.677700482366489,0.706837670065105
"010022","FASCIA",0.839863200542834,0.942774227719062,0.960877158543217,0.898274558572175,0.905230403013402
"010023","FAVALE DI MALVARO",0.75299638706955,0.822471320833857,0.942324806617787,0.803192949218312,0.81865204448492
"010024","FONTANIGORDA",0.728888710736488,0.801962590695587,0.94271539191712,0.783154624836146,0.800883598956254
"010025","GENOVA",0.246197294555529,0.153044813061725,0.71333323268788,0.250992271696553,0.302363489584478
"010026","GORRETO",0.821975893099039,0.921473613732736,0.940287580908158,0.878581036165115,0.885437318914342
"010027","ISOLA DEL CANTONE",0.597184199976553,0.633416474572529,0.929139454203009,0.646684248967388,0.678068160660235
"010028","LAVAGNA",0.488913027849156,0.464641662398271,0.922011796307045,0.521300790242046,0.56582423536038
"010029","LEIVI",0.574024668986191,0.567112463377556,0.925643216854448,0.606076031249131,0.641583496316389
"010030","LORSICA",0.710377710275212,0.78688038115295,0.943869901155454,0.768153131258218,0.787677216802356
"010031","LUMARZO",0.606525941413279,0.651189257588739,0.93196574113472,0.65916841366438,0.689479227827751
"010032","MASONE",0.596582313828441,0.609949448756024,0.937763360254563,0.636715629188465,0.670165377084698
"010033","MELE",0.599264197178887,0.611938531721916,0.94130142594672,0.639171370600033,0.672741376749665
"010034","MEZZANEGO",0.6676460668055,0.714361012627956,0.94457270867092,0.716360456612147,0.741717373507567
"010035","MIGNANEGO",0.590610882098197,0.601901938656093,0.938386100835125,0.630469379422943,0.664682348468741
"010036","MOCONESI",0.622912180342439,0.649903225561825,0.930159403156546,0.665782872972573,0.695158042993015
"010037","MONEGLIA",0.587926474739194,0.593007344425354,0.918269038781273,0.623247122502174,0.656027335422074
"010038","MONTEBRUNO",0.787077913332254,0.874637754397379,0.945878055482963,0.842359856026631,0.853861878188446
"010039","MONTOGGIO",0.616259315141112,0.63651581893676,0.934682901454623,0.657217100480505,0.688046633922074
"010040","NE",0.625162690217692,0.655691719040124,0.934011133761529,0.66978559754217,0.699143990455432
"010041","NEIRONE",0.641142258010642,0.695166075348947,0.928124280645681,0.694151178076383,0.720148189472972
"010042","ORERO",0.676525099716228,0.738229904965958,0.93344582648668,0.729984334755652,0.752591167170211
"010043","PIEVE LIGURE",0.54374110970272,0.504798185586295,0.951222616394641,0.566964944519521,0.609660241394534
"010044","PORTOFINO",0.689403601840011,0.724035692212524,0.975630339838664,0.733610716307507,0.760501785588747
"010045","PROPATA",0.797933548242775,0.879858437823182,0.936484017019685,0.848654795431649,0.85841359783032
"010046","RAPALLO",0.435845021496342,0.397930249940633,0.914250657737886,0.466623937920428,0.516360240122367
"010047","RECCO",0.495892755488062,0.467648062998031,0.926269622102854,0.526220330529028,0.570670251815008
"010048","REZZOAGLIO",0.657351631755607,0.72199037112063,0.93925131661672,0.714629032955979,0.739587064473839
"010049","RONCO SCRIVIA",0.57054488573451,0.576403254453594,0.940263224586099,0.610152985543257,0.646831900992461
"010050","RONDANINA",0.850552581171209,0.971736779064111,0.961053292972582,0.916135541403153,0.921126402688645
"010051","ROSSIGLIONE",0.60604199682754,0.624143341031876,0.938755460857544,0.647458948122492,0.679825227315275
"010052","ROVEGNO",0.663202581469082,0.71233096673864,0.924823181550082,0.711472414848483,0.735178055593105
"010053","SAN COLOMBANO CERTENOLI",0.615101335785605,0.633416849630638,0.930687119782557,0.654901895415565,0.685544698123009
"010054","SANTA MARGHERITA LIGURE",0.506294516322912,0.486557592586202,0.925817866211783,0.539365235630279,0.582304416806002
"010055","SANT'OLCESE",0.554197328561865,0.55686837795979,0.942480965227124,0.594227664457457,0.632922475654087
"010056","SANTO STEFANO D'AVETO",0.680078069723886,0.733507797791222,0.938277882716967,0.729941428653496,0.753089923549437
"010057","SAVIGNONE",0.585574656792553,0.595049533865478,0.940788139886005,0.625359699784715,0.660407304240413
"010058","SERRA RICCÒ",0.5400403942944,0.540143401655826,0.94263323134331,0.580346031311933,0.620600164648752
"010059","SESTRI LEVANTE",0.470137959635654,0.442321028413676,0.919745913609197,0.502581135983118,0.548932777941571
"010060","SORI",0.551093454482815,0.538353676779885,0.935827802782126,0.583833989346428,0.622944413061505
"010061","TIGLIETO",0.685183730797979,0.724639201934386,0.930062131689498,0.727426532898514,0.749941599430845
"010062","TORRIGLIA",0.614973899545248,0.637313848903453,0.933674351533911,0.656896921955307,0.687649969686263
"010063","TRIBOGNA",0.665838284568069,0.724472895813224,0.93697033274112,0.719337064445694,0.743518538700741
"010064","USCIO",0.619447997375205,0.637568468930446,0.92992374260263,0.658649784097806,0.688791335042787
"010065","VALBREVENNA",0.662802688456845,0.691002171459762,0.934080013078113,0.702620188270284,0.728337946582265
"010066","VOBBIA",0.686701453564254,0.748319389750111,0.939561996815098,0.739715579172974,0.761920736688766
"010067","ZOAGLI",0.566866251501503,0.553790164114154,0.932000656896706,0.597495452716716,0.634662697625604
"011001","AMEGLIA",0.548294114514265,0.538920752709148,0.926446721746471,0.581891362425183,0.62017529123866
"011002","ARCOLA",0.516607240800514,0.51058450189924,0.932789009756121,0.555515185190501,0.597434499031126
"011003","BEVERINO",0.613737174487776,0.639891299048184,0.946866815443085,0.658819494635491,0.690824752503001
"011004","BOLANO",0.53783219717641,0.534184458577872,0.937603582416946,0.576167853331121,0.616327378785102
"011005","BONASSOLA",0.664917045471495,0.687948826924445,0.923519662688706,0.701141608847044,0.725850281496117
"011006","BORGHETTO DI VARA",0.685290670588283,0.738356254380766,0.943665492888437,0.735007665524916,0.758191868565307
"011007","BRUGNATO",0.615252141573343,0.664198982299773,0.936577182131236,0.669410723956026,0.699095885975494
"011008","CALICE AL CORNOVIGLIO",0.624163360511578,0.672363644297774,0.928120500950427,0.676249202259251,0.704234902113826
"011009","CARRO",0.66892813598215,0.726641733805973,0.926987621537269,0.720705203558382,0.743625472222703
"011010","CARRODANO",0.730902568254304,0.787848405464045,0.933601843962835,0.776798122569541,0.794220758279907
"011011","CASTELNUOVO MAGRA",0.534160624204734,0.534068453108236,0.933666341676426,0.574069718958479,0.614024899260473
"011012","DEIVA MARINA",0.608026894260832,0.651365852337499,0.930278904812401,0.659754626450489,0.689812879601813
"011013","FOLLO",0.555550304138132,0.556865546109438,0.938438165221436,0.59443094913355,0.632653973143315
"011014","FRAMURA",0.679181548610736,0.720607592505606,0.93159156943601,0.723064270445955,0.746233970333739
"011015","LA SPEZIA",0.36604143691327,0.309349979035223,0.899138847318982,0.39384002190872,0.449984335843194
"011016","LERICI",0.47888793779609,0.436553355614346,0.925362693874868,0.504484851422183,0.551249056139148
"011017","LEVANTO",0.552715049887185,0.553539224835887,0.926148454137302,0.590429269039113,0.627731400716689
"011018","MAISSANA",0.669554266881001,0.732739158729974,0.934565317332657,0.724488573258204,0.747830433710921
"011019","MONTEROSSO AL MARE",0.639963793066681,0.660639576701185,0.919977681849117,0.677269284580452,0.70423688427697
"011020","LUNI",0.525916403128905,0.519974882650285,0.932065075222713,0.563857586122907,0.604769529356219
"011021","PIGNONE",0.668328428650714,0.727764623053853,0.940499519849724,0.722291825252028,0.746537124651772
"011022","PORTOVENERE",0.558641914323303,0.549307296900417,0.937091154366159,0.59228626048729,0.63059791536272
"011023","RICCÒ DEL GOLFO DI SPEZIA",0.580614203658406,0.586727722650244,0.937707532797296,0.619074620118622,0.654478277082919
"011024","RIOMAGGIORE",0.619834905752903,0.622776279436571,0.91892890394557,0.65106792372982,0.680830254864904
"011025","ROCCHETTA DI VARA",0.668238759561562,0.732716916288444,0.936234161396694,0.724053470272172,0.747629102619341
"011026","SANTO STEFANO DI MAGRA",0.509942971054051,0.493628134364535,0.932143184589547,0.544821315897318,0.587857079085344
"011027","SARZANA",0.448891953763285,0.410998343570847,0.920445169048322,0.478995150705191,0.528045152743317
"011028","SESTA GODANO",0.649468667623699,0.691251254295314,0.937776810483524,0.697101645911908,0.72384333086431
"011029","VARESE LIGURE",0.637612072071923,0.672781990885804,0.931686766358412,0.682846004966818,0.710494978454773
"011030","VERNAZZA",0.639359411756759,0.685520878746311,0.922251214846126,0.688421252210994,0.714402359170453
"011031","VEZZANO LIGURE",0.53150513860077,0.52699471806926,0.933922655420217,0.569717201043535,0.610184473752056
"011032","ZIGNAGO",0.683140526115404,0.744650587565601,0.945333271728675,0.73703932832932,0.760183099818137
"012001","AGRA",0.685628150538319,0.728966544179716,0.917824729714502,0.728350085594566,0.749402823830114
"012002","ALBIZZATE",0.551694993053841,0.552429788684668,0.944731491831319,0.591329300965461,0.630596211061667
"012003","ANGERA",0.539870859397282,0.530228062190349,0.934815010733944,0.575026015787828,0.615002570781841
"012004","ARCISATE",0.532018368565652,0.535906808966508,0.936939181181529,0.574260248007625,0.61455790724917
"012005","ARSAGO SEPRIO",0.568876105189096,0.581115517241694,0.947413604432686,0.612237590537124,0.649479369858853
"012006","AZZATE",0.540235219403059,0.52393234951177,0.940989485139962,0.572974354525669,0.613864924593924
"012007","AZZIO",0.642462105924703,0.690724744013806,0.944016913216078,0.694335773793937,0.722078122618619
"012008","BARASSO",0.592928315101205,0.587378782414906,0.939108591526332,0.625049053034883,0.659944557311711
"012009","BARDELLO",0.629515114310299,0.64807251550398,0.942902733675845,0.66920470678401,0.699615598660881
"012010","BEDERO VALCUVIA",0.668493792057286,0.69447212179208,0.933866077788396,0.706721269011054,0.731959581097426
"012011","BESANO",0.622841469919509,0.652651882569461,0.934234580980448,0.667395466718081,0.697044257191678
"012012","BESNATE",0.548753018862948,0.552914644171654,0.949731954377778,0.590723643803349,0.630613456089396
"012013","BESOZZO",0.522322549507372,0.514257564546673,0.940928526590202,0.56055390398334,0.602817750939658
"012014","BIANDRONNO",0.587205759093781,0.598990941849342,0.949147765916755,0.628703292016081,0.6643082335606
"012015","BISUSCHIO",0.588030586944292,0.606729214235305,0.940504028359915,0.63169231336681,0.666004726143822
"012016","BODIO LOMNAGO",0.572778494786486,0.565108034306681,0.946291453975544,0.60667808348948,0.644412902432376
"012017","BREBBIA",0.594255066111984,0.612114862486686,0.946107451612281,0.63747721303063,0.671769461761924
"012018","BREGANO",0.666087641832053,0.692642079786425,0.941957731367197,0.705624147865035,0.731883434920831
"012019","BRENTA",0.64171914054722,0.674375104556452,0.940961873748827,0.686338597671535,0.714630072791234
"012020","BREZZO DI BEDERO",0.629053679099841,0.639152088197817,0.933256795457665,0.664018274829713,0.693933666010596
"012021","BRINZIO",0.662135709617545,0.688673766523525,0.946094432037106,0.702473707467192,0.729542676863849
"012022","BRISSAGO-VALTRAVAGLIA",0.622909265143958,0.663926923530503,0.923495992110186,0.671425884114526,0.699433673891822
"012023","BRUNELLO",0.639269906589171,0.651680247730892,0.94165478653667,0.675093048097695,0.704711019035359
"012024","BRUSIMPIANO",0.668486658104898,0.702415283203819,0.931937357393827,0.710099609328305,0.734748248002252
"012025","BUGUGGIATE",0.573042512012256,0.570812615009198,0.945832236004165,0.609318030760071,0.646708498009415
"012026","BUSTO ARSIZIO",0.371764587152087,0.317527617760566,0.912048773467952,0.401386369557489,0.458126636658651
"012027","CADEGLIANO-VICONAGO",0.635756284094857,0.665762069829988,0.919905902189427,0.677673849485123,0.704588522007824
"012029","CAIRATE",0.547238357436764,0.556056571209447,0.950003345083833,0.591483052399178,0.631318640475251
"012030","CANTELLO",0.569361902515972,0.570726923370138,0.930431410388502,0.6060831126876,0.642121812432145
"012031","CARAVATE",0.608237339649636,0.627380839723312,0.937895269563404,0.649817707674167,0.68182632566186
"012032","CARDANO AL CAMPO",0.48965519214486,0.472936276959887,0.940213771410385,0.527187538238174,0.573079341923976
"012033","CARNAGO",0.545640062052468,0.545605147219015,0.950805578034705,0.586140901975638,0.626659199315534
"012034","CARONNO PERTUSELLA",0.482039316181105,0.460183402867056,0.944357071645213,0.518435930736193,0.565760501948307
"012035","CARONNO VARESINO",0.567189221560603,0.578773432361867,0.949398474049367,0.610623041670048,0.648264756378862
"012036","CASALE LITTA",0.598967361811631,0.612349855198048,0.946818693472377,0.639774617001593,0.673890625498347
"012037","CASALZUIGNO",0.641286889680591,0.66545584884794,0.931066890106597,0.681140921348499,0.708910473432732
"012038","CASCIAGO",0.532621498105176,0.503044489481278,0.941253269043595,0.560175021318264,0.602517048843301
"012039","CASORATE SEMPIONE",0.550406632084048,0.55146039009501,0.943702957311946,0.590210455711771,0.629487400334013
"012040","CASSANO MAGNAGO",0.476424731351107,0.461538127206863,0.939344223862606,0.516017708737347,0.563053988195709
"012041","CASSANO VALCUVIA",0.685837008281197,0.722078074538483,0.936333063172985,0.727195093586155,0.750432645762469
"012042","CASTELLANZA",0.477901381169564,0.453010756633465,0.937172789553454,0.512627740966708,0.559799413031902
"012043","CASTELLO CABIAGLIO",0.648094898968738,0.647841400527832,0.92910719411357,0.676082054184813,0.704195958621342
"012044","CASTELSEPRIO",0.637506758267879,0.661533918050145,0.94972441227453,0.679540745570563,0.709561152982115
"012045","CASTELVECCANA",0.605178448261367,0.620332942863665,0.930366289421254,0.64451675494839,0.676277814334263
"012046","CASTIGLIONE OLONA",0.543695845138814,0.546314952473697,0.945456399379424,0.585050498863573,0.625095598920889
"012047","CASTRONNO",0.562773617760112,0.568702079244633,0.948620199640974,0.604026083616233,0.642314318730093
"012048","CAVARIA CON PREMEZZO",0.557052217368443,0.560362073901889,0.946966813989063,0.597533112470556,0.636359079305945
"012049","CAZZAGO BRABBIA",0.648650108133313,0.664807874105656,0.933168315092301,0.684372923516766,0.712016855914048
"012050","CISLAGO",0.514085906103425,0.503890258136445,0.946574134070956,0.552746687315037,0.596505292510139
"012051","CITTIGLIO",0.579101021955143,0.588948317953483,0.936756455991715,0.619297848558053,0.654571027161793
"012052","CLIVIO",0.646214524673346,0.677324004760322,0.923420159450302,0.687934354190181,0.714099443663528
"012053","COCQUIO-TREVISAGO",0.567497624656222,0.576227153641543,0.940922198696707,0.608768370103665,0.645674351058447
"012054","COMABBIO",0.623319359468353,0.631222536515041,0.94836790983154,0.659380644175681,0.691490340359665
"012055","COMERIO",0.547288366811768,0.520151013846072,0.94054194950519,0.574401916246547,0.615084142164174
"012056","CREMENAGA",0.70185745568887,0.757512806530747,0.920328635041722,0.748749481503,0.767813831896191
"012057","CROSIO DELLA VALLE",0.687879240766646,0.732586692385144,0.961647227521387,0.735374392670444,0.760515818764993
"012058","CUASSO AL MONTE",0.597867770575903,0.611581696672223,0.927217578657301,0.636974018127387,0.669223302630711
"012059","CUGLIATE-FABIASCO",0.624823166977074,0.655262953236624,0.926300392707774,0.668668793366942,0.697294526627034
"012060","CUNARDO",0.608739098794888,0.629266387071328,0.924576234933399,0.649560092133137,0.680117441333166
"012061","CURIGLIA CON MONTEVIASCO",0.785297985835941,0.855736563702659,0.921457408539138,0.830611288146284,0.840705301523268
"012062","CUVEGLIO",0.604836198359794,0.624727297773268,0.937203319687008,0.647023905228578,0.679266062390626
"012063","CUVIO",0.638431032927322,0.672564372847289,0.939317745669507,0.683879707165526,0.712261711443746
"012064","DAVERIO",0.583925028227007,0.582236704000912,0.941804381123173,0.618953217614881,0.654825569115802
"012065","DUMENZA",0.650577286225717,0.680824332770973,0.919570219154287,0.691087750463939,0.716474691429533
"012066","DUNO",0.741474580011034,0.795766020872505,0.932072648378382,0.784965535235431,0.801310770029092
"012067","FAGNANO OLONA",0.510073634156916,0.505065790586395,0.950202580595474,0.551832999194037,0.596096286016419
"012068","FERNO",0.553721826920374,0.564789305224273,0.947719793418722,0.598101988806963,0.636948411541603
"012069","FERRERA DI VARESE",0.678333372555235,0.744090904296888,0.944209922297918,0.734511916813247,0.757811695200433
"012070","GALLARATE",0.394898300607488,0.343789994640211,0.920728600672701,0.424482592928735,0.47962103823362
"012071","GALLIATE LOMBARDO",0.606197121971054,0.590763210414285,0.950540932169767,0.633686242790379,0.668892319388089
"012072","GAVIRATE",0.502549629100146,0.480566319640452,0.937825145022514,0.536184691435521,0.580811408500742
"012073","GAZZADA SCHIANNO",0.550056490409796,0.542431960321728,0.93726819940829,0.585346622770015,0.624449020174268
"012074","GEMONIO",0.589145394944275,0.598057383874736,0.935596388419445,0.627800889310499,0.662000389211494
"012075","GERENZANO",0.510816395815827,0.496012134352452,0.946613062029084,0.547734144778634,0.592054024473128
"012076","GERMIGNAGA",0.584496566746258,0.592872521128165,0.924167614576474,0.622232851001138,0.655781158065064
"012077","GOLASECCA",0.609930133975449,0.630029815680395,0.948086328087978,0.652790610153928,0.685601245479933
"012078","GORLA MAGGIORE",0.561616225015696,0.570960520054161,0.95375919946059,0.605035455227495,0.643782537920061
"012079","GORLA MINORE",0.533757434415661,0.532060090604846,0.945654805551436,0.574183366814371,0.61545797111849
"012080","GORNATE OLONA",0.599573215534344,0.612871829992544,0.949361957425627,0.640536466229662,0.674850409695881
"012081","GRANTOLA",0.632863629934459,0.684894092753068,0.932986563826466,0.686289631592033,0.713700401840304
"012082","INARZO",0.648979995379295,0.668282454854544,0.949170322966866,0.687685134901914,0.716739044686909
"012083","INDUNO OLONA",0.509777292018268,0.493528379742602,0.934065322887553,0.544894084581147,0.588135333281859
"012084","ISPRA",0.546310301844785,0.532864147543779,0.931626965576953,0.578791198782549,0.617995172870816
"012085","JERAGO CON ORAGO",0.561122073919892,0.559356035260948,0.947698781291143,0.598985027260492,0.637730999930564
"012086","LAVENA PONTE TRESA",0.595757568385693,0.616173540374337,0.919059663473074,0.637274965289321,0.668584376198627
"012087","LAVENO-MOMBELLO",0.515912241526495,0.504431246503086,0.931222719560365,0.552276841569348,0.594381939123905
"012088","LEGGIUNO",0.572208885622564,0.577115679035406,0.940910544826429,0.61128710857873,0.647911934828474
"012089","LONATE CEPPINO",0.563723320298308,0.569942338517286,0.948694163400399,0.605018962807057,0.643205096206317
"012090","LONATE POZZOLO",0.522621740388282,0.525949068766604,0.948603586706979,0.566717222790397,0.60914904100335
"012091","LOZZA",0.620394300275435,0.623516210332324,0.93852043044933,0.653611772818425,0.68526829033297
"012092","LUINO",0.504228130600599,0.49101601146764,0.919426728704436,0.539802536801151,0.581983002568183
"012093","LUVINATE",0.583950316926982,0.560985531646298,0.93873127980478,0.609094259838454,0.645720595390268
"012095","MALGESSO",0.622840766458699,0.671366655645816,0.95003380064694,0.677396720011726,0.707689728971194
"012096","MALNATE",0.487465369955841,0.469998949255228,0.93278556178968,0.524137499823949,0.569542840042364
"012097","MARCHIROLO",0.619265247283798,0.643077244723689,0.924855175068924,0.660539638910261,0.689908031816779
"012098","MARNATE",0.52329271933812,0.516591791387426,0.949446446132491,0.562892674439745,0.605843093516717
"012099","MARZIO",0.684645129350889,0.730544125766643,0.919677298829742,0.728802894685864,0.750011161812961
"012100","MASCIAGO PRIMO",0.727375231930682,0.749629358729209,0.91706034127213,0.756358099924164,0.774213904518382
"012101","MERCALLO",0.621624534276376,0.64458254480871,0.951513005438031,0.664944486132092,0.696785432721641
"012102","MESENZANA",0.646493470864742,0.678303793142135,0.932900061269234,0.689448774930018,0.716498917856598
"012103","MONTEGRINO VALTRAVAGLIA",0.645744272287795,0.67724821682421,0.932695322881564,0.688616152388559,0.715736060221115
"012104","MONVALLE",0.615179493484483,0.627882378145623,0.938416475108528,0.6532194897444,0.684908043673748
"012105","MORAZZONE",0.566591674881851,0.569525887550495,0.946768452409143,0.60592974833547,0.643800715454767
"012106","MORNAGO",0.564899063445756,0.575014792913179,0.9524495536864,0.608206190730161,0.646455453280854
"012107","OGGIONA CON SANTO STEFANO",0.573255143579529,0.580804506679768,0.945230747141866,0.61384991733087,0.650670009532092
"012108","OLGIATE OLONA",0.485136612699565,0.460255462695288,0.944749745935656,0.519901408521249,0.567106779345072
"012109","ORIGGIO",0.52944981647202,0.522463195660411,0.954752786467456,0.56883613410634,0.611715762146464
"012110","ORINO",0.66133921166426,0.682106495190585,0.931309849516865,0.697681553036367,0.723640252645311
"012113","PORTO CERESIO",0.608793419446884,0.628352239204065,0.924776243716425,0.64919317076457,0.679813512203665
"012114","PORTO VALTRAVAGLIA",0.594933806250882,0.605980667121392,0.92148798657069,0.632560311674592,0.664663386663048
"012115","RANCIO VALCUVIA",0.679858424480405,0.727449931930122,0.941697656081411,0.727458525992878,0.751262873780493
"012116","RANCO",0.608191170102845,0.601666371230631,0.938481166935649,0.638284010293629,0.67163924992052
"012117","SALTRIO",0.63939505373897,0.667877395746816,0.928835041154738,0.681156106384077,0.708675988025262
"012118","SAMARATE",0.496465431619566,0.489443049280349,0.943415831752515,0.538000399580213,0.583046558710469
"012119","SARONNO",0.399410472601705,0.337607721361181,0.925809490716944,0.424239136354993,0.479969175728543
"012120","SESTO CALENDE",0.488807713176335,0.462785601725764,0.937099639273253,0.52192695563327,0.56805725381549
"012121","SOLBIATE ARNO",0.56291826440644,0.569200797735383,0.953548547927846,0.604808432756605,0.643557334442298
"012122","SOLBIATE OLONA",0.558843703889031,0.566621660493688,0.950963870740934,0.601555801046317,0.640378919901274
"012123","SOMMA LOMBARDO",0.483321573817196,0.468561047905784,0.937132768425576,0.522060456617898,0.568179602374307
"012124","SUMIRAGO",0.544235597609911,0.546868401199146,0.952837713682863,0.586280570832362,0.627009142260195
"012125","TAINO",0.562161277765908,0.554359666983279,0.940049088213337,0.596439333958468,0.634618195542342
"012126","TERNATE",0.600266496870295,0.614046807937824,0.95023292232502,0.641464279396156,0.675771906388252
"012127","TRADATE",0.465410532626883,0.433824042612726,0.935279339509393,0.498183492808763,0.546749697997722
"012128","TRAVEDONA-MONATE",0.558824807291357,0.555125010907268,0.940409746346739,0.595318392824055,0.633661876548798
"012129","TRONZANO LAGO MAGGIORE",0.733939718786924,0.799197385022127,0.925143653398235,0.782426062053896,0.798283572203267
"012130","UBOLDO",0.508288817484647,0.497221116977237,0.945662995764283,0.547045770084276,0.59133657293761
"012131","VALGANNA",0.637018821595895,0.663198115917458,0.930249834911698,0.678122605372178,0.706136741987681
"012132","VARANO BORGHI",0.596329681146661,0.609132672474745,0.944344129726237,0.636892472102257,0.67105376739381
"012133","VARESE",0.356554028193714,0.285895093587852,0.903819669652704,0.379484071766975,0.437743582643167
"012134","VEDANO OLONA",0.532375125523336,0.527031280928516,0.939165814932669,0.5706494643966,0.611595725567275
"012136","VENEGONO INFERIORE",0.538911340942483,0.53291405959969,0.94228395100436,0.576549825344414,0.617186950417741
"012137","VENEGONO SUPERIORE",0.536402973854118,0.530889542757011,0.943261718792599,0.574607804354268,0.615569350402972
"012138","VERGIATE",0.527083418492568,0.524247413659972,0.945911777959751,0.567690052264618,0.609714688452966
"012139","VIGGIÙ",0.584682120329849,0.597938452316428,0.92641716784752,0.624820974475576,0.658331662628015
"012140","VIZZOLA TICINO",0.67268877103996,0.699373570438756,0.96373584051859,0.713801637717281,0.741572104695205
"012141","SANGIANO",0.646222548044244,0.67941207004825,0.952505234491791,0.691786101590801,0.720754894135356
"012142","MACCAGNO CON PINO E VEDDASCA",0.607300067047427,0.623313080183121,0.923818618570351,0.646157778110782,0.67700898260629
"012143","CADREZZATE CON OSMATE",0.584369635310705,0.581978443839717,0.939538800117288,0.618810515629419,0.654446991683626
"013003","ALBAVILLA",0.53486330091212,0.526113033750647,0.939859956674118,0.571425346265657,0.612362525199931
"013004","ALBESE CON CASSANO",0.563665772805835,0.566887073300642,0.941592360998131,0.602908016847728,0.640539610642217
"013005","ALBIOLO",0.604519665228108,0.616017292515053,0.93236781171132,0.642478412155554,0.674688345439528
"013006","ALSERIO",0.636832470348681,0.655949891501599,0.947765724393301,0.676528635271956,0.706666089618772
"013007","ALZATE BRIANZA",0.556323441153558,0.560688194735468,0.945423876145229,0.597197623764585,0.635889429584656
"013009","ANZANO DEL PARCO",0.611672489355357,0.625536190122827,0.947225498890176,0.6514664556542,0.684328571569309
"013010","APPIANO GENTILE",0.516465192604767,0.504064525000179,0.945187003229317,0.553757073245157,0.597249287687841
"013011","ARGEGNO",0.658901963624565,0.676509744728863,0.929910097515921,0.693926278510635,0.720146702844555
"013012","AROSIO",0.553614244397213,0.556081854130565,0.944311013193558,0.593794345656856,0.632740642049823
"013013","ASSO",0.593236320097402,0.606339100695727,0.941174852934634,0.633926424650372,0.668065138904179
"013015","BARNI",0.662349461254496,0.719813846902158,0.937968284728974,0.715770317143392,0.740458980208457
"013021","BENE LARIO",0.727515131123072,0.801538693551248,0.942984625523816,0.782372683655826,0.800218454974491
"013022","BEREGAZZO CON FIGLIARO",0.61654519407799,0.637770578309775,0.942643442420488,0.658706441816543,0.690254997439204
"013023","BINAGO",0.57459279379043,0.585211340616159,0.941397226550769,0.616051583138042,0.652201099072789
"013024","BIZZARONE",0.640156595646301,0.664290754158838,0.932115089166794,0.680212816328992,0.708201957755414
"013025","BLESSAGNO",0.700065561492524,0.748574530124182,0.927477601644874,0.744635801392005,0.764951556975657
"013026","BLEVIO",0.621197144831312,0.622407695177419,0.931466841178293,0.652768862121758,0.683735304239151
"013028","BREGNANO",0.552347473884578,0.556707925633175,0.946702189330892,0.593745148716078,0.63296259767328
"013029","BRENNA",0.608004941121716,0.627942719542691,0.948233668187666,0.65099981411775,0.684025797903296
"013030","BRIENNO",0.695732459237328,0.725667534780858,0.933021323004241,0.732932129608608,0.755164262208123
"013032","BRUNATE",0.587577129234762,0.578609635913995,0.933015742261401,0.618085618543081,0.653077854511783
"013034","BULGAROGRASSO",0.574833705357947,0.584987938046115,0.948278023756689,0.616747541907497,0.653584262112962
"013035","CABIATE",0.53350802464104,0.526574456054143,0.940116885949804,0.571048804907813,0.612056369468034
"013036","CADORAGO",0.525553239278717,0.514936632534707,0.944152394799082,0.562635681795949,0.605026427685186
"013037","CAGLIO",0.653876813129798,0.690915130110005,0.93091388271201,0.698247762729112,0.724099553838323
"013040","CAMPIONE D'ITALIA",0.596030520199348,0.587539344851727,0.899739090690092,0.622580348341993,0.653375764158448
"013041","CANTÙ",0.423669575772791,0.388990651952774,0.926214747608728,0.458318577237377,0.510307040611971
"013042","CANZO",0.548921075016979,0.54671763320531,0.935103258055634,0.586547744505594,0.625276134900043
"013043","CAPIAGO INTIMIANO",0.532925967129523,0.521197018075607,0.942501272144145,0.568605470556723,0.610149448510881
"013044","CARATE URIO",0.62261925327669,0.631561626565465,0.941102258877875,0.658491621816757,0.689892803712437
"013045","CARBONATE",0.586250014130994,0.595900134777744,0.947712054496904,0.626738772458623,0.662402470462876
"013046","CARIMATE",0.539216170530331,0.52184574609741,0.952459397064273,0.572723802188911,0.614916646063951
"013047","CARLAZZO",0.632188175765683,0.666232784536183,0.927975570635327,0.677086989199372,0.704963498247812
"013048","CARUGO",0.54450865706428,0.544963967672103,0.944717514207625,0.584734432552135,0.624732552736078
"013052","CASLINO D'ERBA",0.621495887670668,0.640457828638801,0.941862689922264,0.662065441331488,0.69315402450824
"013053","CASNATE CON BERNATE",0.537116783071891,0.52433810722845,0.94342208885037,0.57199690952019,0.61326637389021
"013055","CASSINA RIZZARDI",0.575467783211591,0.576385041305934,0.949763620978113,0.613310133130698,0.650693854002633
"013058","CASTELMARTE",0.626944509613938,0.643793025797095,0.939163461506231,0.665748237085588,0.69612770646566
"013059","CASTELNUOVO BOZZENTE",0.658476321001195,0.683529529737823,0.93516252498554,0.697418885331112,0.723834845292715
"013062","CAVARGNA",0.811430499362904,0.909508231931568,0.914678739713986,0.865890303053911,0.871311240460586
"013063","CERANO D'INTELVI",0.667151724471471,0.720579544907496,0.932998171701142,0.717778888390649,0.741692142091815
"013064","CERMENATE",0.519083381703525,0.515013675501392,0.945384416347779,0.559882117376991,0.602715706151522
"013065","CERNOBBIO",0.517627444979816,0.495537119926926,0.946940191300169,0.550618073338051,0.594653864222731
"013068","CIRIMIDO",0.618719245161734,0.639042432556939,0.950869516319456,0.661079706605348,0.69327857435136
"013071","CLAINO CON OSTENO",0.691483921582468,0.753021062102119,0.926618083585773,0.742689051016641,0.763125610190989
"013074","COLONNO",0.696546277335822,0.739553337213869,0.928358472962534,0.739080673843614,0.760111540412383
"013075","COMO",0.354200112227847,0.282778766597351,0.899842209034004,0.37662471637474,0.43475999333688
"013077","CORRIDO",0.728513264571097,0.783244211003315,0.925251281551687,0.772815992163654,0.789753246540102
"013083","CREMIA",0.680270270351591,0.748051351174045,0.942912695391719,0.737035999225708,0.759911187688598
"013084","CUCCIAGO",0.585726688627928,0.591873522899179,0.943345320085108,0.624254627195709,0.659709148627864
"013085","CUSINO",0.791060769916556,0.872977386304573,0.939053074561068,0.842722477755615,0.853425877400665
"013087","DIZZASCO",0.648186792735673,0.69353835994311,0.942862804226479,0.6980625991281,0.725262621916809
"013089","DOMASO",0.621609200165246,0.643203138873114,0.934541212668904,0.662619673834153,0.692833178149125
"013090","DONGO",0.594159964905794,0.612566563740514,0.934979858951255,0.636524923785964,0.669686583248774
"013092","DOSSO DEL LIRO",0.802966929014225,0.907098402957601,0.951129471883994,0.864642346575721,0.87425202716553
"013095","ERBA",0.4696252324747,0.444666657160615,0.933796032673383,0.50481095360323,0.552475962388802
"013097","EUPILIO",0.574539880045371,0.574130869598207,0.950616083508758,0.611963445690486,0.649591516559183
"013098","FAGGETO LARIO",0.631894051033518,0.65456265318187,0.938651269649414,0.672770643861866,0.702312935616038
"013099","FALOPPIO",0.577289199459624,0.586900375883731,0.936738771565901,0.6175591860611,0.653023584450522
"013100","FENEGRÒ",0.587879744527763,0.60040099685042,0.951896807971772,0.629916014417359,0.665691658145627
"013101","FIGINO SERENZA",0.565635937917084,0.572656390760247,0.942464829505202,0.606478030855319,0.643809897371973
"013102","FINO MORNASCO",0.514099032610507,0.501869641811229,0.939427566592096,0.551128660148991,0.594272983087113
"013106","GARZENO",0.702831259303723,0.790994941997729,0.954718508349691,0.767693641420622,0.788474182190519
"013107","GERA LARIO",0.657212330416312,0.688029350338351,0.941138423569634,0.699472598696562,0.726324357015792
"013110","GRANDATE",0.583875350437146,0.585232334748962,0.944591088756854,0.620557567209434,0.656561291825814
"013111","GRANDOLA ED UNITI",0.661383061863622,0.694509803879326,0.92338464473903,0.702490254058229,0.727034075244985
"013113","GRIANTE",0.675016088975203,0.703436894152307,0.920444898534904,0.71234833226087,0.735470172957984
"013114","GUANZATE",0.545781257821212,0.540020330182642,0.945698502439535,0.583180564845688,0.623460335689449
"013118","INVERIGO",0.510168799493896,0.494594600749246,0.944508707580036,0.546594400867418,0.590807101613264
"013119","LAGLIO",0.624689436269385,0.623780289118296,0.943276420140336,0.65613901843849,0.68804317418314
"013120","LAINO",0.692668143388848,0.734261353165828,0.918808677673983,0.733999141217003,0.754533534156667
"013121","LAMBRUGO",0.590244863110104,0.599743377081551,0.950403136881752,0.63053502177442,0.666075923453012
"013123","LASNIGO",0.685229376559018,0.751779797799458,0.950266914600339,0.741680819921348,0.764857052663458
"013126","LEZZENO",0.618657978598974,0.642776114529113,0.932261240012619,0.660871465908901,0.691025885253759
"013128","LIMIDO COMASCO",0.576701235577104,0.584940435034366,0.95283822793397,0.618022574568558,0.655224313831382
"013129","LIPOMO",0.536401741013482,0.528601306242497,0.937123643262436,0.572963735591434,0.613425947554879
"013130","LIVO",0.766405407517302,0.849545412100587,0.942217239842436,0.821399592812294,0.834823775815643
"013131","LOCATE VARESINO",0.570325771520528,0.570991120956176,0.943330486774899,0.607925650292006,0.645192854345661
"013133","LOMAZZO",0.512680890108763,0.495876275479391,0.941973750186602,0.54804809953333,0.591817616272582
"013134","LONGONE AL SEGRINO",0.598469467208632,0.599326518616204,0.946323533911324,0.633640547012309,0.668383101112199
"013135","LUISAGO",0.598740255337749,0.613934491124759,0.945876780333717,0.640291313941501,0.674245254651747
"013136","LURAGO D'ERBA",0.550789680532129,0.544929308096938,0.944467705662438,0.587520315449324,0.627181136584114
"013137","LURAGO MARINONE",0.586126779074317,0.590778384255965,0.946705910002893,0.624277914498916,0.660103247332691
"013138","LURATE CACCIVIO",0.527413938884871,0.527911004635382,0.942508810926709,0.569147105676785,0.610631739593443
"013139","MAGREGLIO",0.659940077116414,0.684319246082553,0.931648701088218,0.698081565548357,0.724033469497231
"013143","MARIANO COMENSE",0.455098153610227,0.426989727657686,0.93264153450819,0.49020370002138,0.539363459408803
"013144","MASLIANICO",0.599012823639377,0.609826495051236,0.933341190282007,0.637311812438976,0.670203965532647
"013145","MENAGGIO",0.572382119076346,0.57454990741902,0.929328657248316,0.609052277647746,0.64463854204781
"013147","MERONE",0.582829631061488,0.595908229933783,0.950389326127505,0.625470970060622,0.661573009623609
"013152","MOLTRASIO",0.59689312648247,0.587673970004785,0.938409612780605,0.626896154697325,0.661508761151023
"013153","MONGUZZO",0.601269397721404,0.609459628444807,0.944694838900015,0.639297545664797,0.673230578246488
"013154","MONTANO LUCINO",0.542203309210677,0.532152185781187,0.939437163046293,0.577403689050968,0.617629630606004
"013155","MONTEMEZZO",0.730766581285054,0.808017880987503,0.938000503253413,0.786253058347992,0.803113885559706
"013157","MONTORFANO",0.57364412914834,0.569162262270797,0.938212755539293,0.608084151692541,0.644765107675513
"013159","MOZZATE",0.525117626605169,0.515752495303937,0.944248558736111,0.562816410732709,0.605197760510864
"013160","MUSSO",0.672409323046559,0.718859294844197,0.941476047019644,0.720218482752805,0.744802656560231
"013161","NESSO",0.653282104069865,0.686929556852339,0.934923168932556,0.696587564308247,0.723069298155393
"013163","NOVEDRATE",0.603226821190536,0.621584476201785,0.946059547318477,0.645771038558392,0.679136428420624
"013165","OLGIATE COMASCO",0.511419696011046,0.501985064825567,0.934952041040067,0.549527346480483,0.592352312542659
"013169","OLTRONA DI SAN MAMETTE",0.611640955267441,0.629939159755847,0.969065303799204,0.6556175821404,0.690445106769156
"013170","ORSENIGO",0.589686462556486,0.601162173202635,0.950446792486122,0.630926565340217,0.666428812800873
"013178","PEGLIO",0.775552173064729,0.845211998956819,0.936937086193257,0.823037586029022,0.835693086047271
"013183","PIANELLO DEL LARIO",0.651822691732627,0.686403122947115,0.933584071623408,0.695560023768224,0.722007140196578
"013184","PIGRA",0.709093456262756,0.767361093671322,0.924494349028138,0.756853982373149,0.775480689779259
"013185","PLESIO",0.665415633463985,0.699130527566695,0.928965054480298,0.706942277911836,0.731611475308332
"013186","POGNANA LARIO",0.687040508678121,0.731261523017831,0.946323408445424,0.732868255107721,0.756585494367466
"013187","PONNA",0.745701560595776,0.826507220326539,0.933714148243299,0.800865366239372,0.815626342017586
"013188","PONTE LAMBRO",0.574059395703092,0.587368516590656,0.946400362137667,0.617282596745953,0.653851237345033
"013189","PORLEZZA",0.582002459815981,0.595600997124311,0.916203911684571,0.621541946791589,0.654282165113031
"013192","PROSERPIO",0.635922980253751,0.64855205969936,0.942286682898165,0.672242436268716,0.702247352560877
"013193","PUSIANO",0.633786178878836,0.645057050469738,0.956843918800132,0.671163845086872,0.702906075499456
"013195","REZZAGO",0.686779391652847,0.740180467280671,0.944120297072662,0.736543966227349,0.75960800298794
"013197","RODERO",0.6474957489463,0.667521012651843,0.91876322735488,0.683633865454652,0.709759350110233
"013199","RONAGO",0.643627667885605,0.67062799452044,0.930187946119056,0.684433842694626,0.711739854186229
"013201","ROVELLASCA",0.524332028208375,0.514617599269229,0.943726546513427,0.561899987016265,0.604325160293727
"013202","ROVELLO PORRO",0.543742153835299,0.541561040213778,0.946810943200625,0.583067531642147,0.623483466259756
"013203","SALA COMACINA",0.697326166291643,0.740432370546663,0.930078413315589,0.739999182908797,0.761119097398441
"013204","SAN BARTOLOMEO VAL CAVARGNA",0.677476799641445,0.744429430780658,0.921136151828366,0.731971418872783,0.752989722534515
"013206","SAN FERMO DELLA BATTAGLIA",0.510477686585591,0.485584877767647,0.943561218079746,0.542584275766932,0.587137269357245
"013207","SAN NAZZARO VAL CAVARGNA",0.806333518357797,0.903009058697373,0.926051148837957,0.861809274558622,0.868947260589659
"013211","SCHIGNANO",0.653192906241964,0.714553014949836,0.933555143508624,0.708841178887172,0.733809397178445
"013212","SENNA COMASCO",0.590773129299465,0.596861749186798,0.940630962016785,0.628498791520497,0.663180143797862
"013216","SORICO",0.663412717932805,0.710127769445384,0.938516324470311,0.711944851767216,0.737119459845338
"013217","SORMANO",0.659696286407775,0.715442237652106,0.942627831595767,0.713075118986523,0.738580975943106
"013218","STAZZONA",0.686015709344948,0.757063673211379,0.947766857957687,0.744162407946116,0.766785124614068
"013222","TAVERNERIO",0.540619846513204,0.534705734512072,0.938825247299682,0.577779036191342,0.617895281870047
"013223","TORNO",0.621908579235995,0.633723185995562,0.942471804128981,0.659281474767099,0.690747066918419
"013226","TREZZONE",0.719284338888504,0.776426538874172,0.937467717214864,0.766816666714691,0.785777894548043
"013227","TURATE",0.518080868355026,0.506863812712107,0.947377372413076,0.555962843721517,0.599453346909468
"013228","UGGIATE-TREVANO",0.563936932021574,0.563129015195037,0.93134220489382,0.600313896736857,0.637094819865409
"013229","VALBRONA",0.604394523151364,0.619388931823074,0.939122385929896,0.644614793331487,0.677337859175755
"013232","VALMOREA",0.607109514111246,0.622031334569111,0.931371084508999,0.646250490357061,0.677930556373943
"013233","VAL REZZO",0.857012420662346,0.984705190799618,0.94697333938295,0.923470259096179,0.926081712461376
"013234","VALSOLDA",0.670286452965839,0.711903577007349,0.921180842952142,0.714103597783149,0.737112180579704
"013236","VELESO",0.766703563050133,0.832815217230293,0.943070335700624,0.814090484696254,0.828421579252296
"013238","VENIANO",0.595660862391947,0.606263096438959,0.947504035289144,0.635616185002822,0.670270390590191
"013239","VERCANA",0.688741876706639,0.740890067746337,0.944306413593662,0.737765016363205,0.760714060499923
"013242","VERTEMATE CON MINOPRIO",0.570055174976423,0.577045369185505,0.943069443339155,0.610502189206783,0.647454106332602
"013245","VILLA GUARDIA",0.520961915676444,0.506037238914533,0.939109666522367,0.556060586218176,0.598621595140864
"013246","ZELBIO",0.696707332205928,0.732262671433552,0.928871903351542,0.73592369197292,0.7573623821261
"013248","SAN SIRO",0.638070709917765,0.674572615470915,0.931671700291593,0.683856666454065,0.71139167021379
"013249","GRAVEDONA ED UNITI",0.57014484025741,0.582284124423242,0.935683589662566,0.61216139307255,0.648108303804774
"013250","BELLAGIO",0.564543174838859,0.565249120325631,0.92771381772964,0.601177914596984,0.637459681611724
"013251","COLVERDE",0.557295397892772,0.556507028981678,0.936212896972671,0.59483238179077,0.632763550144314
"013252","TREMEZZINA",0.554165748090983,0.556351159819621,0.937558357899791,0.593488444349751,0.6317184347442
"013253","ALTA VALLE INTELVI",0.595240140217231,0.612074305119086,0.92775512248685,0.636067012650028,0.668476802631897
"013254","CENTRO VALLE INTELVI",0.583566235628707,0.59441210828241,0.92766332779687,0.62285658753969,0.656724003123821
"013255","SOLBIATE CON CAGNO",0.580048983531237,0.587005578428906,0.938617549659961,0.619036307848061,0.654545334716049
"014001","ALBAREDO PER SAN MARCO",0.770065096546006,0.854951433571982,0.945136686031604,0.825771107156255,0.839033949253516
"014002","ALBOSAGGIA",0.588076401362527,0.60615970783345,0.942110691681305,0.63161731830632,0.666116582014652
"014003","ANDALO VALTELLINO",0.69269756835207,0.743646783429171,0.951447141239862,0.741499672425544,0.764827168960469
"014004","APRICA",0.61531548966063,0.629709438455352,0.924677305464555,0.652728948198647,0.682945432339304
"014005","ARDENNO",0.582890981217476,0.591129144220333,0.933036060427852,0.621612662489799,0.656215262260694
"014006","BEMA",0.770217521789294,0.856113321769506,0.94885146926397,0.826734026527857,0.840302631276314
"014007","BERBENNO DI VALTELLINA",0.572402417470422,0.583956714459903,0.93708647798114,0.61407025716676,0.649960948368358
"014008","BIANZONE",0.65688581679366,0.696738181539185,0.934739278534165,0.702604727103197,0.728397455039971
"014009","BORMIO",0.546201524958661,0.541607831828961,0.925332920753393,0.582047502629769,0.620190326865728
"014010","BUGLIO IN MONTE",0.643983775775146,0.681650158693932,0.946523238987946,0.69118759440988,0.71955822158522
"014011","CAIOLO",0.657517076264304,0.693296355178328,0.941035111237769,0.701969555272961,0.728532394824607
"014012","CAMPODOLCINO",0.657298585019438,0.687188165773793,0.923460755332705,0.697365113390225,0.722486851383834
"014013","CASPOGGIO",0.659442158918303,0.701340043325546,0.931215831692175,0.70547357417895,0.730556047235975
"014014","CASTELLO DELL'ACQUA",0.689162816194953,0.740821493499944,0.9368774939842,0.737180688761123,0.759369222674799
"014015","CASTIONE ANDEVENNO",0.636985983486222,0.663870525785408,0.945378294303794,0.679923258602613,0.709418262569411
"014016","CEDRASCO",0.705554065195705,0.756861379788464,0.941100626332173,0.752197012876093,0.773186303260102
"014017","CERCINO",0.672698274868731,0.71560335459807,0.940300063972003,0.71876573965726,0.743380664581121
"014018","CHIAVENNA",0.517174415274477,0.505678137559663,0.920435863218476,0.552327235097211,0.593228193777351
"014019","CHIESA IN VALMALENCO",0.613367159748335,0.647566146968828,0.935025707831768,0.6609225588059,0.691378464253219
"014020","CHIURO",0.605398666064842,0.627063287017801,0.93906485585214,0.648514364472403,0.680797752403485
"014021","CINO",0.718026299313073,0.797019802005956,0.955476704807613,0.777318416074324,0.797113781489134
"014022","CIVO",0.668146289504227,0.715591230742371,0.945088198386239,0.717190703949593,0.742512647775887
"014023","COLORINA",0.655305793716807,0.693489366135706,0.937710537008358,0.700728875634467,0.727060171342677
"014024","COSIO VALTELLINO",0.552988279928326,0.557280652695948,0.937770975672951,0.593398117248218,0.6316617681843
"014025","DAZIO",0.65483709671886,0.700286857541048,0.931807285939442,0.702986508010903,0.728411038891851
"014026","DELEBIO",0.58720328568527,0.599898533040432,0.942370972616051,0.628432915688171,0.663314922013491
"014027","DUBINO",0.588372016904964,0.604630985210813,0.936876435666002,0.6305389945187,0.664576487979511
"014028","FAEDO VALTELLINO",0.700638661322121,0.756863602129374,0.943157181322793,0.750191736685452,0.771632341645157
"014029","FORCOLA",0.650528001904795,0.709412433630501,0.938687928075079,0.705841988798391,0.731713759829134
"014030","FUSINE",0.716509343061268,0.7653848796973,0.941914413642184,0.761043841605574,0.781140571831864
"014031","GEROLA ALTA",0.734545170227443,0.803502218247478,0.943950913165815,0.786516416130296,0.804009138023131
"014032","GORDONA",0.626728125223516,0.652468909633406,0.934843092273009,0.669122974912916,0.69864743239737
"014033","GROSIO",0.580365028240061,0.59792342239759,0.933110694702044,0.623540872257147,0.657937519195469
"014034","GROSOTTO",0.623027019515036,0.639703921731377,0.934875336669057,0.661716457227791,0.692067443832376
"014035","MADESIMO",0.663260962554898,0.693840829648731,0.927220627426166,0.70341786923425,0.728284842366685
"014036","LANZADA",0.661451161033663,0.70703396392521,0.93628797574098,0.709447103805591,0.734651645131745
"014037","LIVIGNO",0.54350342384489,0.544459576657407,0.922903289989071,0.581873679224941,0.619765858198733
"014038","LOVERO",0.653271934444586,0.705946944218412,0.939272326962813,0.70557572809463,0.731542016857762
"014039","MANTELLO",0.672157162799085,0.711110145715907,0.942119853371811,0.716682274168927,0.741730894080359
"014040","MAZZO DI VALTELLINA",0.655129068863111,0.687731626159956,0.937056243539109,0.697992937114291,0.724555526717049
"014041","MELLO",0.660532267535293,0.728323729219673,0.943306787763576,0.719315877316092,0.744203756254702
"014043","MESE",0.639684129259935,0.670147590791336,0.93306942337251,0.682731216360323,0.71054657269501
"014044","MONTAGNA IN VALTELLINA",0.573248558148112,0.581081859552895,0.937911217030877,0.613239809668541,0.649314410486578
"014045","MORBEGNO",0.480267232567627,0.453891403191647,0.92915240937623,0.513286627029296,0.559493936178955
"014046","NOVATE MEZZOLA",0.631674199114731,0.659125352169879,0.932577184154056,0.67411751649348,0.702835257344655
"014047","PEDESINA",0.813955818405349,0.888342142113736,0.916756673207423,0.857709749554331,0.864270518849119
"014048","PIANTEDO",0.653696733351024,0.686993492989307,0.942411942452499,0.697551796098399,0.724758479026632
"014049","PIATEDA",0.624864820873647,0.65889235934475,0.945768610087666,0.672267592107045,0.702656594104892
"014050","PIURO",0.625660819586155,0.648123929699409,0.924577646398284,0.665660901818332,0.694429428993882
"014051","POGGIRIDENTI",0.611839803801129,0.631315496256818,0.943209597825299,0.653740844808606,0.685904039588239
"014052","PONTE IN VALTELLINA",0.590453822444293,0.59883526049832,0.932382115515488,0.628418298875725,0.662192056280143
"014053","POSTALESIO",0.682019739350766,0.725781211643814,0.942340411632408,0.727744469110802,0.751588462724314
"014054","PRATA CAMPORTACCIO",0.60231337355843,0.620077787858425,0.927732334301705,0.642849256067755,0.674502931427083
"014055","RASURA",0.729606793441874,0.812489269944386,0.960291558546576,0.789972384378475,0.808896737063819
"014056","ROGOLO",0.660610370234467,0.712628424454044,0.942737269759512,0.712231184585781,0.737842971827307
"014057","SAMOLACO",0.609801375100504,0.638891828929771,0.936276291291683,0.655539570942792,0.686732539870447
"014058","SAN GIACOMO FILIPPO",0.704710424024248,0.776060829023311,0.931167564924246,0.759463820363826,0.778542014203873
"014059","SERNIO",0.688778330832738,0.724019627463263,0.943076409038927,0.730066722137093,0.753734465126186
"014060","SONDALO",0.577006982115079,0.588851980597858,0.932426446741258,0.617879177894948,0.652828874433427
"014061","SONDRIO",0.43540648285405,0.389675672212436,0.920254729727092,0.463312442752628,0.514083807972013
"014062","SPRIANA",0.811266064998147,0.898140212673463,0.936737412565943,0.862906566208819,0.871109993581832
"014063","TALAMONA",0.573404082748878,0.589287090531888,0.940636580849454,0.61727468606129,0.653203785482197
"014064","TARTANO",0.748869779670825,0.83136620616358,0.940748100959026,0.805181003721385,0.820244014525567
"014065","TEGLIO",0.572223570424987,0.588512969776189,0.933833587540188,0.615714801844548,0.651061333588508
"014066","TIRANO",0.507505534630962,0.491564600822463,0.925285433294792,0.54211010428352,0.584685140840328
"014067","TORRE DI SANTA MARIA",0.655871628757432,0.715083087902997,0.943157463529952,0.711245368850188,0.737013379370162
"014068","TOVO DI SANT'AGATA",0.651842530056342,0.704899709083721,0.943283194991989,0.704862327112228,0.731353534654424
"014069","TRAONA",0.607740574611246,0.628411228409223,0.941742447182119,0.650442556077423,0.682809210644612
"014070","TRESIVIO",0.590130325398112,0.594964816804029,0.928362574156201,0.626129071406583,0.659710571712097
"014071","VALDIDENTRO",0.563860105357865,0.567478086007976,0.924449549383983,0.601547141053027,0.637425186423133
"014072","VALDISOTTO",0.573129008246414,0.589140645065351,0.932995792128828,0.616320923203177,0.651507019750471
"014073","VALFURVA",0.606793834487275,0.631490319354952,0.928816411251281,0.65010951035413,0.681076943787147
"014074","VAL MASINO",0.708548924864918,0.758067907975934,0.937541974662978,0.753731772244681,0.774155128068936
"014075","VERCEIA",0.674229445260575,0.718902032094929,0.935420249608293,0.720451189770806,0.74433664086386
"014076","VERVIO",0.766960323556097,0.834566710502074,0.948913238672593,0.815578489193436,0.830393461357787
"014077","VILLA DI CHIAVENNA",0.648464278297651,0.708267233762887,0.92370424050882,0.702899604478124,0.727433452925979
"014078","VILLA DI TIRANO",0.587406254293507,0.601449603006579,0.928888506472167,0.627873986432255,0.661320044214468
"015002","ABBIATEGRASSO",0.43400599597348,0.395645610974358,0.930671514748495,0.466410374601377,0.517994945728834
"015005","ALBAIRATE",0.557769976433028,0.556731551585021,0.943620622044725,0.595887749812595,0.634524735616165
"015007","ARCONATE",0.543589434406688,0.540999827195449,0.947790766550217,0.582844244375984,0.623393857950899
"015009","ARESE",0.431864672075892,0.373625856855149,0.951699198493417,0.45764065786831,0.5125360512711
"015010","ARLUNO",0.499671218747005,0.481057336274675,0.942257013093718,0.535553551069128,0.580742824627415
"015011","ASSAGO",0.481147510495099,0.433687271338359,0.945302420850604,0.506205893910116,0.554994396903504
"015012","BAREGGIO",0.475437451569626,0.450639745051767,0.939363804024827,0.510671118882109,0.558303639453523
"015014","BASIANO",0.570629812132936,0.57120528183217,0.944801380824883,0.608305930366786,0.645694313751019
"015015","BASIGLIO",0.45558105517758,0.379408304960878,0.986699380537366,0.474415150116043,0.531335620162857
"015016","BELLINZAGO LOMBARDO",0.563922765851663,0.55395787141628,0.940784870393676,0.597124773809942,0.635309228985912
"015019","BERNATE TICINO",0.593763405429881,0.612471070939717,0.955735973923228,0.638379111758642,0.673640985332485
"015022","BESATE",0.620997255778375,0.647618362346894,0.951110377250952,0.665988065881466,0.697668322700298
"015024","BINASCO",0.525621956276882,0.513163428314119,0.940700996527682,0.561523522718719,0.603654353141937
"015026","BOFFALORA SOPRA TICINO",0.566777135638074,0.568343479245327,0.951651265327766,0.605969403230307,0.644378499018914
"015027","BOLLATE",0.43419481537227,0.400558121392097,0.933713134620685,0.469010135006034,0.520643801629884
"015032","BRESSO",0.443926804689414,0.405579580486032,0.931782373904259,0.475456110719377,0.52615902885103
"015035","BUBBIANO",0.597341611346347,0.60789201190474,0.945785030156279,0.636933633478617,0.671250455331691
"015036","BUCCINASCO",0.428704842806298,0.379602871145156,0.942188509317049,0.457957322209859,0.511760787443992
"015038","BUSCATE",0.566092812138565,0.57757963835824,0.9476640791972,0.609419010643282,0.647001796038162
"015040","BUSSERO",0.503611240829419,0.475497479057654,0.94077575428797,0.53467649937798,0.579798638812423
"015041","BUSTO GAROLFO",0.496760132221302,0.482738463557591,0.94213879315484,0.534988247415986,0.580227196942525
"015042","CALVIGNASCO",0.644011592549106,0.664435791406712,0.946667616561596,0.683468084436278,0.712712476894646
"015044","CAMBIAGO",0.534506831813417,0.523108051105259,0.948923958008796,0.570819093114284,0.61283074476923
"015046","CANEGRATE",0.505768188717155,0.494655172894111,0.943454309073843,0.544535943632454,0.588860206459275
"015050","CARPIANO",0.567443075705182,0.565109886045856,0.945151157782682,0.604163948566235,0.642051416256952
"015051","CARUGATE",0.480353237870748,0.453391488363024,0.9423553235843,0.514420659163628,0.561968955210369
"015055","CASARILE",0.57641252017893,0.580712259313475,0.947570714740147,0.615463222245597,0.652364054744992
"015058","CASOREZZO",0.550861154599787,0.547491304283412,0.94775215896294,0.589033822393734,0.628891415345868
"015059","CASSANO D'ADDA",0.46396022430192,0.434923733293446,0.935366872960661,0.498034468213981,0.546626957630278
"015060","CASSINA DE' PECCHI",0.467003674606592,0.422575774897498,0.942464184822825,0.494557170759123,0.544324616766201
"015061","CASSINETTA DI LUGAGNANO",0.595795346114717,0.593949796538343,0.942715794220856,0.629656893615963,0.664441215905395
"015062","CASTANO PRIMO",0.510815768143224,0.500171402018405,0.942244583476652,0.549168684920398,0.592843784759982
"015070","CERNUSCO SUL NAVIGLIO",0.401194301952757,0.33104644535922,0.940298657139533,0.423538202004343,0.480956030352697
"015071","CERRO AL LAMBRO",0.537236095422858,0.520005106163975,0.945699487873442,0.570328489501419,0.612036378209422
"015072","CERRO MAGGIORE",0.493347650554261,0.477686798750854,0.944064267702645,0.531371928957566,0.577226633262575
"015074","CESANO BOSCONE",0.464337143465732,0.439019600079501,0.932351681498613,0.499745702745216,0.547813033717816
"015076","CESATE",0.489118647728568,0.466961697921335,0.939659246013012,0.524202080143758,0.570363987462564
"015077","CINISELLO BALSAMO",0.401337191029483,0.361229128431629,0.914347081699837,0.434589551927484,0.487895944124412
"015078","CISLIANO",0.549676897539812,0.542200494401534,0.952900866954546,0.58663491306906,0.627331130167447
"015081","COLOGNO MONZESE",0.421944683052585,0.382902418634256,0.923448696401656,0.454526065399244,0.506628579955067
"015082","COLTURANO",0.607832124130991,0.618053146334275,0.951161351517201,0.64676450686109,0.680586378489547
"015085","CORBETTA",0.466971748096284,0.437910409357015,0.940502373854713,0.501247208239456,0.550053337752262
"015086","CORMANO",0.46969910380612,0.444023242032014,0.936964646516411,0.504871520278802,0.552881867638536
"015087","CORNAREDO",0.462185979806457,0.432185347857476,0.941686195126885,0.496635716961458,0.54608577009095
"015093","CORSICO",0.440341997446368,0.406954031703751,0.92644949843371,0.473928162960925,0.52420831134679
"015096","CUGGIONO",0.525412565035148,0.51655882903989,0.943326484928881,0.563219775826655,0.605453854615792
"015097","CUSAGO",0.505402664337909,0.456157404484951,0.969049664151278,0.529606997385415,0.5784339603594
"015098","CUSANO MILANINO",0.45935696315664,0.426791728311699,0.939975068956302,0.492764418056383,0.542454490378596
"015099","DAIRAGO",0.540680046726944,0.535539476304461,0.947492183724146,0.579048003736547,0.619986245957391
"015101","DRESANO",0.577584788401383,0.580412992488566,0.951276391615131,0.61622664056199,0.653454390679005
"015103","GAGGIANO",0.507357027940239,0.488598211210639,0.945268506216726,0.542706708239568,0.587435796903697
"015105","GARBAGNATE MILANESE",0.453484473548297,0.424486182089086,0.9339392170394,0.488480716740762,0.537976105662833
"015106","GESSATE",0.504627208627387,0.476500921941879,0.944623664359678,0.535970025192137,0.581375985099642
"015108","GORGONZOLA",0.447421171530073,0.400798032155805,0.933843878633914,0.475083029522036,0.526056457201134
"015110","GREZZAGO",0.608655938472237,0.61922808977546,0.94746733061107,0.647294545772571,0.680647077421293
"015112","GUDO VISCONTI",0.619907460555041,0.632115725640737,0.951105385036878,0.658520972291788,0.691030351485687
"015113","INVERUNO",0.516183178610252,0.503587653329515,0.942135692250566,0.553110443597952,0.59633547122602
"015114","INZAGO",0.496958704559522,0.475352131601809,0.944098690801057,0.531949745352704,0.577744072624744
"015115","LACCHIARELLA",0.51854585264667,0.508359170213495,0.945480648793422,0.556655325166416,0.59985813890275
"015116","LAINATE",0.448615470218788,0.415340972925914,0.942479078213303,0.483028307236446,0.534078392900541
"015118","LEGNANO",0.377648347076168,0.312541944989491,0.917314609404,0.402317092369947,0.459539038707064
"015122","LISCATE",0.565604984706695,0.566552578406496,0.944469167513359,0.603917820152272,0.641756858747948
"015125","LOCATE DI TRIULZI",0.510758157954416,0.493058238729489,0.943421913093369,0.546059569817094,0.590210941292236
"015130","MAGENTA",0.446673993573019,0.40921984516061,0.936346321002358,0.478786859530368,0.529626799693923
"015131","MAGNAGO",0.522538471564612,0.515112650660401,0.948650940094845,0.56180809901074,0.604790636908974
"015134","MARCALLO CON CASONE",0.54500119746914,0.543267337789466,0.949903464620068,0.584711187328379,0.625288107027456
"015136","MASATE",0.55938699525402,0.549606006489918,0.944049726171528,0.593451823401925,0.632407145931881
"015139","MEDIGLIA",0.498786250237511,0.481288626322039,0.942364779098087,0.535270172361606,0.580502906443437
"015140","MELEGNANO",0.461229140130954,0.425506631960318,0.936036836243055,0.492634781065378,0.54190167608512
"015142","MELZO",0.475055459254395,0.451987012354548,0.941177400784102,0.511286852302435,0.559052468800398
"015144","MESERO",0.568891684055125,0.574246557752674,0.949305014625178,0.609342710276027,0.647116299648155
"015146","MILANO",0.162767152724109,0.0236990519148753,0.460717439556276,0.129981536043171,0.166729969766849
"015150","MORIMONDO",0.662385921748218,0.694623215559932,0.941987684706712,0.704852880259339,0.731201191864602
"015151","MOTTA VISCONTI",0.523602748477722,0.515335190784134,0.941061338212493,0.561628206489084,0.603787443347241
"015154","NERVIANO",0.479248423263392,0.4575339899684,0.940788598177828,0.515630945772089,0.562870684928282
"015155","NOSATE",0.666188501901272,0.698904206490906,0.943590444109766,0.708650763187457,0.734755172178824
"015157","NOVATE MILANESE",0.455367583791117,0.42013893267542,0.936675481800655,0.487645480590007,0.537537702946746
"015158","NOVIGLIO",0.563687349643992,0.556263453584634,0.947653857231422,0.598743247176024,0.637511092737735
"015159","OPERA",0.469455686626037,0.434470333010825,0.941287941007607,0.500895502937349,0.549827996056266
"015164","OSSONA",0.573661868293463,0.579118581878892,0.948177738592041,0.613568976436764,0.65074772778735
"015165","OZZERO",0.639740312825027,0.658477588921136,0.944337888483991,0.678631844634172,0.708154738395264
"015166","PADERNO DUGNANO",0.413490548367322,0.373299270162734,0.929267576808261,0.446982176019351,0.500569442773675
"015167","PANTIGLIATE",0.548572662122961,0.545517249017226,0.94757695062354,0.587098155075438,0.627151354580783
"015168","PARABIAGO",0.441186334961242,0.406387737665651,0.936193114304686,0.47502764411257,0.526268251911694
"015169","PAULLO",0.515663713206261,0.507031950579786,0.94913630000343,0.555126678704065,0.598905525515105
"015170","PERO",0.503283005574378,0.482911281067501,0.93667679133628,0.537455108122473,0.581813072924007
"015171","PESCHIERA BORROMEO",0.428561092027261,0.372836455617804,0.946149744201243,0.455243870860404,0.509788967898275
"015172","PESSANO CON BORNAGO",0.519724312195431,0.509048458578985,0.946483154483423,0.557596062296829,0.600805739206451
"015173","PIEVE EMANUELE",0.492474670752039,0.474566074340593,0.936215260617171,0.528789861353401,0.574059350160487
"015175","PIOLTELLO",0.444787330655074,0.414829633287976,0.931072065844215,0.479934840358794,0.530061198746063
"015176","POGLIANO MILANESE",0.521073627153156,0.511318434465276,0.94652037866465,0.559228465594759,0.602260900380303
"015177","POZZO D'ADDA",0.538870319357512,0.533304682210398,0.947120036239308,0.57719075432949,0.618294007875026
"015178","POZZUOLO MARTESANA",0.518451917163622,0.506931741754932,0.94577310538397,0.555999957051746,0.599308084644216
"015179","PREGNANA MILANESE",0.52793733296165,0.51186417249729,0.942750348966338,0.562185712353157,0.604470671976844
"015181","RESCALDINA",0.494299928651186,0.476397706004914,0.94384849566632,0.531198785161877,0.577048752995704
"015182","RHO",0.401809332914696,0.351896268978735,0.923112649669205,0.431478785818965,0.486104770691214
"015183","ROBECCHETTO CON INDUNO",0.570082486771759,0.580929258719182,0.947018868123438,0.612657172283268,0.649808471821064
"015184","ROBECCO SUL NAVIGLIO",0.528167798931251,0.518551660154686,0.944955748727464,0.565519331461418,0.607678933379868
"015185","RODANO",0.535574552964974,0.511040128644832,0.947306705102597,0.565707277234673,0.608107213664442
"015188","ROSATE",0.544466261730987,0.541163139637263,0.947169057759201,0.583250136391633,0.623685572099141
"015189","ROZZANO",0.441872049021997,0.414492354980958,0.929877428443635,0.478351724645693,0.528521247289909
"015191","SAN COLOMBANO AL LAMBRO",0.530102538688325,0.524535564086507,0.9439741163613,0.568984557884804,0.610650064382193
"015192","SAN DONATO MILANESE",0.39672606634376,0.318221253295997,0.940899435900171,0.415816237427908,0.474158815035937
"015194","SAN GIORGIO SU LEGNANO",0.535782744762117,0.527930356389371,0.941209453530089,0.572791840871179,0.613727131166613
"015195","SAN GIULIANO MILANESE",0.434958207597884,0.399330878005958,0.930691511303176,0.468499239652046,0.519853936502172
"015200","SANTO STEFANO TICINO",0.549253826309651,0.542956719571867,0.949111521428514,0.586405897789535,0.62670652263831
"015201","SAN VITTORE OLONA",0.520717239158757,0.509761566316933,0.943271839862851,0.558042646450346,0.600845890162846
"015202","SAN ZENONE AL LAMBRO",0.567136530472796,0.572894422019127,0.945427550773045,0.60755668369867,0.645097891151378
"015204","SEDRIANO",0.499103321672168,0.481024421000375,0.941256806847379,0.535183164887382,0.580302458438493
"015205","SEGRATE",0.3885208621294,0.316071650138055,0.944366979682488,0.411503328488603,0.470710400843479
"015206","SENAGO",0.477337952930972,0.459429043815151,0.941128586388456,0.515658007174601,0.56293251597614
"015209","SESTO SAN GIOVANNI",0.374196288671301,0.315009259168413,0.909500740169524,0.401092570544824,0.457582367169791
"015210","SETTALA",0.542330588600478,0.53743715205195,0.948005090743264,0.580695992367919,0.621508114409624
"015211","SETTIMO MILANESE",0.462466520414608,0.429130539588872,0.940499184900844,0.495268595491651,0.544738660981561
"015213","SOLARO",0.504947333713189,0.49613406545243,0.944826183799211,0.54496924800445,0.58939779642609
"015219","TREZZANO ROSA",0.552319094598266,0.5456576701261,0.946700969486064,0.588759641074571,0.628530899786959
"015220","TREZZANO SUL NAVIGLIO",0.459707552752099,0.429412951290029,0.936742669252659,0.493778493744223,0.542996735467383
"015221","TREZZO SULL'ADDA",0.496260877177703,0.477813821196632,0.937553572160697,0.532088971484521,0.577140593781873
"015222","TRIBIANO",0.566654714885371,0.564564747598313,0.958286190422053,0.604877377159863,0.644145023077884
"015224","TRUCCAZZANO",0.547302037491552,0.546567853429526,0.945035157914248,0.58674496670591,0.626554987951281
"015226","TURBIGO",0.54920047883765,0.548579062535471,0.940457974526016,0.588046591070506,0.627203411454452
"015229","VANZAGO",0.509026017666549,0.4866632884629,0.947953133407566,0.542855501099009,0.587866349133293
"015230","VAPRIO D'ADDA",0.509234496459085,0.492602483067922,0.942879768178628,0.545114617605016,0.589310745446528
"015236","VERNATE",0.579160449701298,0.579778430225865,0.947696749456136,0.616292170912837,0.653114901862092
"015237","VIGNATE",0.518508909019756,0.505151052477597,0.949439985603766,0.555590981234185,0.599351981719694
"015242","VIMODRONE",0.468454308082443,0.431230469779952,0.937848093525493,0.498642959390627,0.547443529850057
"015243","VITTUONE",0.515399552431121,0.498844314012928,0.939431496149741,0.550352889514796,0.593583845807568
"015244","VIZZOLO PREDABISSI",0.549917309481551,0.542156370338818,0.945991497757209,0.586032305694887,0.62602777147959
"015247","ZIBIDO SAN GIACOMO",0.537587741555618,0.530279882121498,0.943477484509873,0.57488817910569,0.615842546372821
"015248","VILLA CORTESE",0.551043240489474,0.551860894386255,0.947003408951459,0.591007201589224,0.630562335740584
"015249","VANZAGHELLO",0.55701441864531,0.559028443788569,0.949331150213617,0.597152403116607,0.636283375016275
"015250","BARANZATE",0.530787698385738,0.525887427906218,0.932612207526401,0.56876502758402,0.609192492022062
"015251","VERMEZZO CON ZELO",0.536130250975808,0.525401818641016,0.943760613233748,0.572065492650945,0.613364950493479
"016001","ADRARA SAN MARTINO",0.622375356332785,0.653003328835032,0.948326414300149,0.668753049755533,0.699816756927157
"016002","ADRARA SAN ROCCO",0.655416484569511,0.71769276203884,0.949173775909257,0.712816538564684,0.739078453825192
"016003","ALBANO SANT'ALESSANDRO",0.537145988654181,0.538122325486454,0.948247232199812,0.578695464583267,0.619756772096216
"016004","ALBINO",0.480451882645036,0.464050304148724,0.938485211974252,0.518874505254617,0.565497917112355
"016005","ALMÈ",0.562523746115421,0.572036022530026,0.944866617432891,0.60503855763374,0.642797230944757
"016006","ALMENNO SAN BARTOLOMEO",0.540575980560472,0.539896902175572,0.946858444828005,0.580898641714021,0.621560842060019
"016007","ALMENNO SAN SALVATORE",0.55726428803919,0.562361887806243,0.942722280068379,0.598104007137283,0.636394926351849
"016008","ALZANO LOMBARDO",0.488397170409266,0.470488074524755,0.939155765621519,0.525413936782462,0.571385251097913
"016009","AMBIVERE",0.606753717560696,0.624221683011954,0.948507355572629,0.648789665814955,0.682091631343586
"016010","ANTEGNATE",0.61229954914935,0.636755928405026,0.945636415764099,0.656638606475879,0.68874947417457
"016011","ARCENE",0.561763524634005,0.56829954329659,0.944332122010954,0.602961592769863,0.640891651574429
"016012","ARDESIO",0.607759441099748,0.631890878889935,0.93920126730842,0.6517627707262,0.683700381457557
"016013","ARZAGO D'ADDA",0.603726494950009,0.622696711828488,0.951105869040212,0.647001029954345,0.680790456519441
"016014","AVERARA",0.735820088012537,0.809105785982734,0.943593445000005,0.789575987797872,0.806689038598109
"016015","AVIATICO",0.657326148685623,0.704586993904394,0.943898806471227,0.707250794812631,0.733545018330252
"016016","AZZANO SAN PAOLO",0.529921089931659,0.522248550734161,0.941166697546833,0.567593008054302,0.609101195775695
"016017","AZZONE",0.750223817231278,0.817008935309305,0.941972325391279,0.79945197118239,0.815287566094489
"016018","BAGNATICA",0.566677790731732,0.574618442323083,0.949757681684858,0.608559073043153,0.646470029558898
"016019","BARBATA",0.655354257558673,0.711442085072685,0.947929843637293,0.70985133854784,0.736304505780002
"016020","BARIANO",0.586148668802511,0.605792463063348,0.953021451025879,0.631675654442225,0.66738074295152
"016021","BARZANA",0.614547204642026,0.632598065306011,0.947808255445948,0.655996197021211,0.688419759068404
"016022","BEDULITA",0.665460724785224,0.729091028704744,0.952482408715152,0.722796529942001,0.748317183139018
"016023","BERBENNO",0.608360681008579,0.628980425644129,0.936806887690738,0.650484186762792,0.682297820199231
"016024","BERGAMO",0.316903442284814,0.227348169654622,0.892202453346186,0.334133470707365,0.396141135445012
"016025","BERZO SAN FERMO",0.661358335255784,0.699223072283886,0.947221555860133,0.706983788978865,0.733676874187895
"016026","BIANZANO",0.68700860943173,0.729202991276719,0.939583722368646,0.731253592555666,0.754401384757109
"016027","BLELLO",0.819905146450404,0.901080484393028,0.929138338281006,0.867357367707645,0.874221919993574
"016028","BOLGARE",0.555720880049396,0.56690771522738,0.951044764063624,0.600287344280912,0.639260390923435
"016029","BOLTIERE",0.555627599626003,0.559272215510052,0.949268568983616,0.596631773709587,0.635813639851145
"016030","BONATE SOPRA",0.51513063503104,0.503541928075065,0.946842941852961,0.553086947583043,0.596837613613034
"016031","BONATE SOTTO",0.554170641382421,0.558582107130518,0.947848617710072,0.59552359860183,0.63467082294719
"016032","BORGO DI TERZO",0.645535900858516,0.675740950157087,0.943290226472942,0.688903605604315,0.71716878570083
"016033","BOSSICO",0.632366034602063,0.683419317748727,0.938292141654504,0.685932622723306,0.713972569271217
"016034","BOTTANUCO",0.578472250488675,0.595866927465352,0.950988803866061,0.623551510465918,0.659933431954823
"016035","BRACCA",0.684144633430334,0.731174739289609,0.939392349290115,0.730832952652986,0.754006218946001
"016036","BRANZI",0.690775350941757,0.740210728428715,0.935412849807058,0.737485020697418,0.7594770017096
"016037","BREMBATE",0.539399189963249,0.540896889325914,0.947043234802821,0.580837559160405,0.621527078676229
"016038","BREMBATE DI SOPRA",0.532398767685204,0.532991122150446,0.951466964906654,0.574572146916708,0.616449348915591
"016040","BRIGNANO GERA D'ADDA",0.547606390808544,0.549696010391253,0.948873430972437,0.588673423637153,0.628695646674406
"016041","BRUMANO",0.787286839435077,0.856781888066305,0.937957368661797,0.833626664241802,0.845218964732912
"016042","BRUSAPORTO",0.54615134475953,0.5440041163846,0.952853436195049,0.585855301134363,0.626632871696662
"016043","CALCINATE",0.561041830373146,0.570685521286338,0.946647400710571,0.603942048317825,0.642020420805907
"016044","CALCIO",0.577041702092762,0.596058492639202,0.946869258532222,0.622582013482606,0.65861392959923
"016046","CALUSCO D'ADDA",0.547253665483434,0.556963894814039,0.950448735360344,0.591942775669897,0.631776771191058
"016047","CALVENZANO",0.572583194503812,0.579068057662675,0.95026628199269,0.613269691674188,0.650713757265133
"016048","CAMERATA CORNELLO",0.679700408980884,0.749753675129791,0.956854912940815,0.738939829143886,0.763152616232433
"016049","CANONICA D'ADDA",0.577721565779745,0.591725436585608,0.949298617061388,0.621181012770548,0.657638524358419
"016050","CAPIZZONE",0.653210001769581,0.685014776744465,0.941716929768171,0.696372843308138,0.723633297359253
"016051","CAPRIATE SAN GERVASIO",0.533283161175368,0.530236811300623,0.947450854107881,0.573329073024984,0.614898159811973
"016052","CAPRINO BERGAMASCO",0.589928680721819,0.608007914135218,0.947637245271263,0.633835192212793,0.668702086997068
"016053","CARAVAGGIO",0.489779208906559,0.474843062825176,0.942794292222166,0.528359451501498,0.574407767137127
"016055","CAROBBIO DEGLI ANGELI",0.577737152833359,0.590781647808848,0.954229208893145,0.621256381178308,0.658253362035512
"016056","CARONA",0.707828181826863,0.770397508115975,0.942943103490848,0.759495870823362,0.779878896675305
"016057","CARVICO",0.572660380945724,0.586565130899024,0.951321140793758,0.616783594409513,0.653954432896651
"016058","CASAZZA",0.579632970143777,0.591197901835434,0.938993874842658,0.620773279874911,0.656131123760216
"016059","CASIRATE D'ADDA",0.575050554009039,0.582407775677611,0.946153025411619,0.615471550900155,0.652213936956984
"016060","CASNIGO",0.605085451729557,0.629140723002123,0.946968004668091,0.650098579096065,0.68308407082629
"016061","CASSIGLIO",0.805169718655301,0.885624577682154,0.944161027323251,0.85527353608418,0.865149923999632
"016062","CASTELLI CALEPIO",0.528523340114872,0.532450981389629,0.950380497069248,0.57247649438395,0.61446582801565
"016063","CASTEL ROZZONE",0.615302502624685,0.6414489100798,0.952293281355609,0.660767463852579,0.693159221352916
"016064","CASTIONE DELLA PRESOLANA",0.591806191568489,0.611980976410582,0.935199755326578,0.63522420112324,0.668554818256944
"016065","CASTRO",0.635096276771352,0.657317748325841,0.938777415271865,0.675464052820923,0.70472109309325
"016066","CAVERNAGO",0.610564013564109,0.629222454605719,0.952454263471105,0.653149337023533,0.686405439962152
"016067","CAZZANO SANT'ANDREA",0.639217750198974,0.674222701999131,0.959761514210873,0.687024354910235,0.717328483721417
"016068","CENATE SOPRA",0.592956587299982,0.608696162650499,0.948891023161658,0.635632839793882,0.670439304612524
"016069","CENATE SOTTO",0.565719460241792,0.568308276458624,0.962986231264218,0.606611104641609,0.64620834093301
"016070","CENE",0.575010054779277,0.592483610806453,0.947618711028657,0.620134020616444,0.656521208440023
"016071","CERETE",0.628030203720664,0.66085221345377,0.941080295034269,0.674105117231922,0.703769025876628
"016072","CHIGNOLO D'ISOLA",0.606187396415159,0.629957333889034,0.953417358920688,0.651606864528956,0.685141363905815
"016073","CHIUDUNO",0.554441022647112,0.558409989239741,0.945748414755201,0.595357796824604,0.634290087705782
"016074","CISANO BERGAMASCO",0.562419017246107,0.57193677949014,0.952879100899951,0.605748018621306,0.644318138874489
"016075","CISERANO",0.573696048287458,0.588279674293519,0.952801646436608,0.618169239805101,0.655350618319713
"016076","CIVIDATE AL PIANO",0.575884973426055,0.590662539317361,0.943952661825005,0.619341646917038,0.655409537462368
"016077","CLUSONE",0.51631467465222,0.5069817955177,0.93080996364371,0.553564407940835,0.59548058079671
"016078","COLERE",0.672326067475098,0.722392990136058,0.947541100413109,0.722377685966331,0.747395843127084
"016079","COLOGNO AL SERIO",0.520794173824777,0.522150382580399,0.944925948113588,0.563817645193688,0.606163012184788
"016080","COLZATE",0.633422514070008,0.661405341194754,0.946390583038871,0.67731159317303,0.707209258713679
"016081","COMUN NUOVO",0.585263665152998,0.598341983500965,0.951491518847332,0.627771693779016,0.663740563231051
"016082","CORNA IMAGNA",0.644990291326409,0.697823881325659,0.936791891063709,0.697945566799801,0.724484047273569
"016083","CORTENUOVA",0.632447893235249,0.663638839935088,0.946897185116515,0.677928748438303,0.707814130291438
"016084","COSTA DI MEZZATE",0.587217685270569,0.603757354145901,0.947447273007807,0.630683495038193,0.66587947036815
"016085","COSTA VALLE IMAGNA",0.672170583323295,0.732149302715706,0.935296557559268,0.725473604473477,0.748787265927454
"016086","COSTA VOLPINO",0.533364986576243,0.533989778754905,0.938940595442397,0.574203703943256,0.614730025220939
"016087","COVO",0.598789029480318,0.622241140087634,0.95357455172124,0.644821031477702,0.679126978171429
"016088","CREDARO",0.604475370407637,0.624521030582673,0.95285448064244,0.648333828509884,0.682169456524612
"016089","CURNO",0.518011619938912,0.501686862142552,0.938394819393108,0.55270379887597,0.595558356711207
"016090","CUSIO",0.785528628732,0.874452077444357,0.952507047642603,0.842242022543621,0.854493691999063
"016091","DALMINE",0.465353752918226,0.441391930046591,0.940135608663728,0.50204911820054,0.550725394918672
"016092","DOSSENA",0.702929956588653,0.752908950591142,0.944746295748727,0.74960213780578,0.771284822021663
"016093","ENDINE GAIANO",0.591546173460447,0.611969449365618,0.942818514109625,0.635863881682692,0.669969951952351
"016094","ENTRATICO",0.622601773379883,0.649911238955527,0.947601332185217,0.667390988769456,0.698525471371207
"016096","FARA GERA D'ADDA",0.533642926749792,0.531600176739149,0.949546004392663,0.57431399700929,0.616006442274109
"016097","FARA OLIVANA CON SOLA",0.666860847487345,0.713620999396937,0.95818746083024,0.717035577180951,0.743830230919761
"016098","FILAGO",0.616427346101251,0.643461577047561,0.959843490113649,0.66293436442833,0.695924267282255
"016099","FINO DEL MONTE",0.643164460973555,0.660885278342264,0.929296015796567,0.679751984271775,0.707479098885641
"016100","FIORANO AL SERIO",0.598392034893147,0.617493509037449,0.944202118987888,0.641568706667557,0.675194641369816
"016101","FONTANELLA",0.58401244945607,0.604193869373712,0.94713004967981,0.629405848441382,0.664708537467875
"016102","FONTENO",0.666509847336954,0.725343994285679,0.945388302523395,0.720873058982524,0.745819197153732
"016103","FOPPOLO",0.722782367552289,0.783748724950273,0.927313114545224,0.770670303080675,0.78807505991007
"016104","FORESTO SPARSO",0.619824844782739,0.650293602150938,0.956808293857792,0.667234130505934,0.699409037545029
"016105","FORNOVO SAN GIOVANNI",0.590163916112066,0.606485463123713,0.951853308580351,0.633677551514136,0.669030413410382
"016106","FUIPIANO VALLE IMAGNA",0.744138307433928,0.817052734423603,0.936259758483389,0.796161944684228,0.81172836843969
"016107","GANDELLINO",0.641056697087918,0.696793840130115,0.948044205684252,0.69683716231654,0.724749056024064
"016108","GANDINO",0.564439771709247,0.578625258292984,0.942142491700305,0.608593512671034,0.645654510340953
"016109","GANDOSSO",0.648369986986147,0.685740714724131,0.949050865658682,0.695254902335493,0.723454453815847
"016110","GAVERINA TERME",0.655288006925475,0.715058723287674,0.947544741343456,0.711410502730263,0.737647640353951
"016111","GAZZANIGA",0.573445927037594,0.591150325219028,0.945942434340262,0.618662556949506,0.655026987770701
"016113","GHISALBA",0.577716905410338,0.595927668381449,0.949958199776579,0.623135878183962,0.659449469472031
"016114","GORLAGO",0.579338278021315,0.596462526997499,0.957224630873348,0.624832825345801,0.661765248182195
"016115","GORLE",0.499179579574206,0.463135088171921,0.947047663782993,0.527746366864057,0.574335399855049
"016116","GORNO",0.657887137535579,0.702684746292732,0.949302689684093,0.70718761669115,0.734089291468143
"016117","GRASSOBBIO",0.556450926443251,0.560376644680673,0.948056707762455,0.597378077782011,0.636342370002061
"016118","GROMO",0.656128401493632,0.689039661241046,0.93765555360206,0.699091183590811,0.725598335814283
"016119","GRONE",0.678540283632832,0.724461526286074,0.947496761385162,0.726100490602024,0.750700076244595
"016120","GRUMELLO DEL MONTE",0.542053394811087,0.548140925576558,0.959738581185028,0.586561302292943,0.628025444392064
"016121","ISOLA DI FONDRA",0.768361186452748,0.837695522819488,0.93563811275644,0.81628933044815,0.829550306260182
"016122","ISSO",0.665114897686633,0.723489715807094,0.952606137351325,0.72013268980731,0.745963072867756
"016123","LALLIO",0.565291513162735,0.565728438816994,0.946469684961855,0.603605946887063,0.641701917784262
"016124","LEFFE",0.585649470384599,0.607267098487483,0.948441666230751,0.631656622615512,0.666854960794983
"016125","LENNA",0.699476759318693,0.755391928440846,0.949373521952211,0.749628261687014,0.771822179494258
"016126","LEVATE",0.589799364222548,0.606313891117142,0.95092764780311,0.633343729683172,0.668630831696498
"016127","LOCATELLO",0.661818271269123,0.726829938391457,0.93947606086787,0.718839300434048,0.743354496037806
"016128","LOVERE",0.527019985085636,0.509998932684059,0.930015342984172,0.55966004729478,0.600810635704713
"016129","LURANO",0.601056531018456,0.620398804657783,0.954106724113018,0.64506557346561,0.6794034790931
"016130","LUZZANA",0.663191787589711,0.690440718077907,0.944215293512649,0.703556156901693,0.730296060969577
"016131","MADONE",0.593559519993866,0.61663875315708,0.952191175777798,0.639808340495706,0.674517544415938
"016132","MAPELLO",0.54210508296401,0.54407205785799,0.949295880986103,0.58370930146851,0.624330032526021
"016133","MARTINENGO",0.532587426567295,0.537475372040198,0.944346833872295,0.575962942760601,0.616894486217456
"016134","MEZZOLDO",0.737946704040447,0.816670421340894,0.940206931700981,0.793598399591702,0.809888236492733
"016135","MISANO DI GERA D'ADDA",0.603339519733429,0.622638617025975,0.949408707290297,0.646631032270761,0.680272996161821
"016136","MOIO DE' CALVI",0.748676438895634,0.800132191657788,0.937429724837168,0.790706856232757,0.807009397188803
"016137","MONASTEROLO DEL CASTELLO",0.642359857716274,0.665118243796054,0.947226616657502,0.683087807346298,0.712436563936432
"016139","MONTELLO",0.600094693692559,0.619102310013705,0.94689763015644,0.643328414683462,0.677058327513793
"016140","MORENGO",0.61824940710703,0.643801037772825,0.952404913451372,0.663163191541072,0.695301160642216
"016141","MORNICO AL SERIO",0.617338409533753,0.645037949261462,0.949313464807478,0.663000707938595,0.694813236479582
"016142","MOZZANICA",0.576725467261149,0.59173568285706,0.951977923316221,0.621005309884816,0.657780044710528
"016143","MOZZO",0.50119985587131,0.473464860159099,0.952297148771245,0.533828837090809,0.580325316166413
"016144","NEMBRO",0.50728139231017,0.499616032156864,0.936194750416052,0.546723316051771,0.589997919870024
"016145","OLMO AL BREMBO",0.742976409556438,0.810861721663553,0.95087510257284,0.79431466930628,0.811710273002564
"016146","OLTRE IL COLLE",0.662884390811755,0.705922272340681,0.934483558479747,0.709411354266571,0.734419376956924
"016147","OLTRESSENDA ALTA",0.778682860059801,0.841636013631087,0.934720851634244,0.822615578324324,0.835071719803204
"016148","ONETA",0.670358729643066,0.732914245133704,0.947609335219766,0.726233772171523,0.750831056954661
"016149","ONORE",0.658081070223754,0.693207055496089,0.945254196192855,0.702605076193215,0.729566089526508
"016150","ORIO AL SERIO",0.630677674110139,0.650269159381553,0.942777854794498,0.670703860550711,0.700934304355576
"016151","ORNICA",0.784029100589209,0.88253043416305,0.96025453250094,0.845977243888611,0.858674720401092
"016152","OSIO SOPRA",0.573115752406802,0.582974447864426,0.950759350932353,0.615316525215288,0.652587950294962
"016153","OSIO SOTTO",0.509518539325735,0.504846291363036,0.946817820726209,0.551145955882568,0.59510949642075
"016154","PAGAZZANO",0.624747428153594,0.649545851688755,0.949592385264767,0.668391214455534,0.699635788989893
"016155","PALADINA",0.568959626360785,0.577198028503577,0.947790051187201,0.610549949807683,0.648021072183185
"016156","PALAZZAGO",0.569007475696078,0.579095711366341,0.953521114621476,0.611998545640236,0.649945497749263
"016157","PALOSCO",0.569157848341068,0.585430114730896,0.946497809700435,0.614214364352427,0.651134747168873
"016158","PARRE",0.612834095130047,0.635441753565353,0.945775126558955,0.656301644568825,0.688465364789951
"016159","PARZANICA",0.756522296009046,0.828714375846044,0.942912921275869,0.807647794462377,0.82267725299721
"016160","PEDRENGO",0.545960889543158,0.541526272431583,0.94251189448651,0.583620412337284,0.623497243687198
"016161","PEIA",0.653900048415044,0.69586613850304,0.949064150958096,0.702301199208948,0.729719304958853
"016162","PIANICO",0.648272151618465,0.678911548132341,0.943168842321152,0.691549549119978,0.719507248364553
"016163","PIARIO",0.651004328043511,0.683592812429263,0.937067823901709,0.69427549560292,0.721252420969452
"016164","PIAZZA BREMBANA",0.645114019024532,0.672773177238764,0.939219877599163,0.686971226078399,0.714998854025151
"016165","PIAZZATORRE",0.666894669932688,0.715768977129482,0.925283184668815,0.714726959644858,0.738122095758631
"016166","PIAZZOLO",0.81075639849435,0.900166787068691,0.940585909685494,0.863974024471918,0.872486456162315
"016167","POGNANO",0.650092147858048,0.681256210145244,0.949181853914319,0.694024946492913,0.722375713984181
"016168","PONTE NOSSA",0.632688752027622,0.66253537670955,0.942037758517758,0.677054633783503,0.70649720319842
"016169","PONTERANICA",0.516732003129221,0.500667442700828,0.940318183044898,0.551861568928012,0.595023414940999
"016170","PONTE SAN PIETRO",0.505102416561937,0.492774087422886,0.938524904898478,0.542896917283019,0.586855582573625
"016171","PONTIDA",0.592627331180521,0.609975689555014,0.947099358317198,0.63588129516271,0.670461079957654
"016172","PONTIROLO NUOVO",0.57598804086002,0.589913855089514,0.949242071828609,0.619580060360152,0.656209172745536
"016173","PRADALUNGA",0.575204406699797,0.586327009919342,0.94422701892754,0.617111839371367,0.653457970433164
"016174","PREDORE",0.617189988567599,0.63978465129816,0.951652941947011,0.660803882134292,0.693120444335706
"016175","PREMOLO",0.659925569456015,0.701445091144966,0.950825338445128,0.707699331114954,0.734713331929418
"016176","PRESEZZO",0.55722898159562,0.560203631287396,0.944663820259468,0.597311057823304,0.6359058092051
"016177","PUMENENGO",0.6496090446944,0.692596875954477,0.948173704979833,0.698810034789978,0.726517109255517
"016178","RANICA",0.525769467400018,0.505849995220589,0.941271830385541,0.558355941217827,0.600902151125351
"016179","RANZANICO",0.635686597533008,0.658864726779107,0.93902014764207,0.676450110704659,0.70562455925326
"016180","RIVA DI SOLTO",0.64865520772329,0.681954529325262,0.950540257013442,0.693828407373193,0.722351946222109
"016182","ROGNO",0.582907565107304,0.595047500452853,0.94176393558159,0.62425617306023,0.659534813340381
"016183","ROMANO DI LOMBARDIA",0.479668284287431,0.464328910667183,0.937982782950431,0.518597016024619,0.565195434571932
"016184","RONCOBELLO",0.664466018577202,0.71257136710161,0.932189063806996,0.712885729936165,0.737252767032924
"016185","RONCOLA",0.662500773947208,0.694842137112121,0.929625075938266,0.703766817570525,0.728862179611385
"016186","ROTA D'IMAGNA",0.675216750806886,0.72224127862628,0.935714432219412,0.722427556466866,0.746126098217149
"016187","ROVETTA",0.565724474636318,0.570967381051713,0.938278600230522,0.605339195082667,0.642332462321317
"016188","SAN GIOVANNI BIANCO",0.58495715699119,0.604405994115057,0.947340158005761,0.629947433798388,0.665213292043651
"016189","SAN PAOLO D'ARGON",0.555593367524328,0.558236405793929,0.944839975634228,0.595707395556638,0.634499904454148
"016190","SAN PELLEGRINO TERME",0.562276856126978,0.57294906408311,0.944594467938262,0.605311110888366,0.643009261671688
"016191","SANTA BRIGIDA",0.740692731945965,0.809160484967554,0.950181144189882,0.792452062030072,0.809977515603384
"016193","SARNICO",0.518302350908622,0.502981734674448,0.951560371908788,0.55473387570326,0.598825708614985
"016194","SCANZOROSCIATE",0.503948066115589,0.488934579820444,0.964590723982767,0.543256263069492,0.590071203170967
"016195","SCHILPARIO",0.64220577549704,0.674548387805496,0.930243719774445,0.685563745463586,0.712750409275904
"016196","SEDRINA",0.592186260583453,0.643600126640898,0.951439738138156,0.651247848064774,0.684602502517372
"016197","SELVINO",0.618557481512109,0.640713216280442,0.933598140339843,0.660031628040632,0.690427907184989
"016198","SERIATE",0.45002044683837,0.418111895475397,0.930554867075425,0.483715040748738,0.533363910340592
"016199","SERINA",0.621830524516839,0.649592432778333,0.937914718335315,0.665931802616359,0.696152126585132
"016200","SOLTO COLLINA",0.621243223836204,0.643109112213938,0.939954100077982,0.662953961230362,0.693731754435653
"016201","SONGAVAZZO",0.670879646746294,0.705805596760154,0.940199795894285,0.71352833916733,0.738714056581437
"016202","SORISOLE",0.528118530673194,0.524830642018515,0.943011230085738,0.568128250719843,0.609781915093831
"016203","SOTTO IL MONTE GIOVANNI XXIII",0.567634435251749,0.575369654833964,0.951673108012302,0.609519151339801,0.647536257636745
"016204","SOVERE",0.561639498942602,0.57096842567612,0.942840137430061,0.603957579821431,0.641611197333501
"016205","SPINONE AL LAGO",0.670881244722825,0.709595683534362,0.947233592912756,0.71593797700701,0.741637489885426
"016206","SPIRANO",0.570944505471994,0.582517257295772,0.94840400920467,0.613898194165962,0.651065506948041
"016207","STEZZANO",0.491531522637799,0.469483444923178,0.938630461102135,0.526319781512653,0.572132079244818
"016208","STROZZA",0.633728326244923,0.689514600843361,0.946713608048558,0.690130677994584,0.718639892445025
"016209","SUISIO",0.596462833726559,0.618137751410381,0.950895973755698,0.641659860687193,0.676019428805916
"016210","TALEGGIO",0.66031630252272,0.7174668423626,0.936241018328511,0.713626517031245,0.738361461619831
"016211","TAVERNOLA BERGAMASCA",0.614552570698008,0.641725659569401,0.947713724138314,0.660096576034166,0.692054036934627
"016212","TELGATE",0.583120061525983,0.598348437466985,0.946122443048886,0.626273068851724,0.661811888206964
"016213","TERNO D'ISOLA",0.541543066578019,0.539247646530585,0.945194259405092,0.580875246839381,0.62135513712446
"016214","TORRE BOLDONE",0.505731581620643,0.486485016860536,0.940722616947844,0.540569731011315,0.58503116278204
"016215","TORRE DE' BUSI",0.615713170948713,0.640024005162914,0.95519717713862,0.660601446964095,0.693334305872375
"016216","TORRE DE' ROVERI",0.590708286662327,0.599467064754723,0.969568068810218,0.632535715018694,0.669983754328863
"016217","TORRE PALLAVICINA",0.639213435867086,0.698123929848313,0.948468042432908,0.69664861881522,0.724628554772741
"016218","TRESCORE BALNEARIO",0.516957114147455,0.507532554263732,0.944164498117981,0.555436800596832,0.598628766988071
"016219","TREVIGLIO",0.426637393484742,0.381930023026509,0.932901158537716,0.457145453283835,0.510007198312044
"016220","TREVIOLO",0.501815364119663,0.484213577872733,0.947502990450441,0.538463322941622,0.583912174887047
"016221","UBIALE CLANEZZO",0.625138847619711,0.683145400603761,0.952555262686468,0.68398343796921,0.713824751826683
"016222","URGNANO",0.526731812655634,0.527854227948252,0.946234682013587,0.569187186473108,0.611081352644272
"016223","VALBONDIONE",0.643562228408977,0.705821659391172,0.940250957275127,0.70124784523758,0.727803746575085
"016224","VALBREMBO",0.565635617963413,0.566643529957636,0.949795337249884,0.60450515028946,0.642870726618396
"016225","VALGOGLIO",0.667197796573591,0.72678383128002,0.942356873705297,0.721527419904655,0.746064025882504
"016226","VALLEVE",0.747157441946924,0.817709655503384,0.934712244639653,0.797661418316604,0.812889287908054
"016227","VALNEGRA",0.700969838789323,0.753462271130128,0.941195915358635,0.748614040999616,0.770012027039507
"016229","VALTORTA",0.765965342259289,0.844824200450313,0.937850060459135,0.818640300265234,0.831885829175668
"016230","VEDESETA",0.743431297274719,0.824247907445294,0.936596332387266,0.799115275362732,0.814390948365458
"016232","VERDELLINO",0.56295958967964,0.578182601899208,0.952457391891305,0.608759725399612,0.6469483550098
"016233","VERDELLO",0.537911736761263,0.540525200749315,0.949033243352608,0.580199946215021,0.621181423674753
"016234","VERTOVA",0.583559407728335,0.605492460404685,0.94555030733231,0.62962837139309,0.66473080871967
"016235","VIADANICA",0.648964688458284,0.685563891540911,0.953586904900361,0.695896551489674,0.72452881297975
"016236","VIGANO SAN MARTINO",0.648912866295746,0.68255241225586,0.943475882489999,0.693506963597223,0.721281287918642
"016237","VIGOLO",0.674797856672724,0.741307104444326,0.95193302558707,0.73244053506138,0.756828589564234
"016238","VILLA D'ADDA",0.565765161974976,0.576489153860005,0.952274022383337,0.609241844364075,0.64735653081066
"016239","VILLA D'ALMÈ",0.542137499577848,0.544508146132289,0.946254875684032,0.583616028137965,0.623909233420861
"016240","VILLA DI SERIO",0.540385642252655,0.536719133703119,0.942816319786222,0.578978781158721,0.619405174339554
"016241","VILLA D'OGNA",0.620594101079816,0.643265307173258,0.936783003401039,0.662415034053987,0.692900363981437
"016242","VILLONGO",0.542002266005269,0.548438182974996,0.94833042546803,0.585531244587922,0.625842264685712
"016243","VILMINORE DI SCALVE",0.630318621461872,0.656110073009534,0.939607618079962,0.672853674320129,0.702493001404555
"016244","ZANDOBBIO",0.614735409042684,0.639948559562772,0.946657229149322,0.659273508787387,0.691205033272047
"016245","ZANICA",0.5269569389555,0.521201348563648,0.945284116652899,0.566199641048907,0.608320138338239
"016246","ZOGNO",0.532313660799043,0.537207224728752,0.943304849815516,0.575614883469059,0.616469324174221
"016247","COSTA SERINA",0.669868356686634,0.71076492412871,0.937921779695018,0.715077154336407,0.739837668265141
"016248","ALGUA",0.658025161139891,0.71654008495916,0.944748242959149,0.713029185040488,0.73877574703145
"016249","CORNALBA",0.713677643063018,0.78785123317641,0.950977206240153,0.770785714931758,0.790806991743802
"016250","MEDOLAGO",0.617909657493369,0.643895778785755,0.960356419544723,0.663848088280078,0.696793458420594
"016251","SOLZA",0.620506068240507,0.646714408554228,0.954032819105611,0.665652496468192,0.697694754539016
"016252","SANT'OMOBONO TERME",0.589220634001844,0.611969777273046,0.94076163742089,0.63461184881579,0.668628491994134
"016253","VAL BREMBILLA",0.602385061543374,0.628394397442197,0.949071583438562,0.648757914887363,0.682126100281941
"017001","ACQUAFREDDA",0.650711927386159,0.697224165696145,0.954157753546506,0.701987017241688,0.730005987942223
"017002","ADRO",0.54710310012703,0.556082439449189,0.946018909518584,0.591035383761157,0.630477997734205
"017003","AGNOSINE",0.613296355848049,0.668713543244194,0.955826126987197,0.672487067290229,0.703969185034337
"017004","ALFIANELLO",0.61612005117905,0.642090545347436,0.946024179046348,0.660797186341553,0.692489074419864
"017005","ANFO",0.689894457956239,0.753122898445302,0.94908257640051,0.744266068020745,0.767023457840719
"017006","ANGOLO TERME",0.624116281056888,0.655557576521239,0.944009261470978,0.670254162057255,0.700671395325446
"017007","ARTOGNE",0.591887523402792,0.61363538157384,0.942201301574889,0.636705437396973,0.670649422305631
"017008","AZZANO MELLA",0.584099488285184,0.591358728412584,0.943940161493796,0.623350213663375,0.658971318977866
"017009","BAGNOLO MELLA",0.513300044417862,0.511321893659351,0.944131976881952,0.555493069822941,0.598675170607275
"017010","BAGOLINO",0.589088544581043,0.612492122890451,0.941537974307712,0.634865097792943,0.66893986185014
"017011","BARBARIGA",0.615964768087819,0.644727582099145,0.94349301564367,0.661660859148501,0.69297554320352
"017012","BARGHE",0.657496777781722,0.695966591238261,0.956063721489342,0.704664888207926,0.732598091905861
"017013","BASSANO BRESCIANO",0.609657533686581,0.631985926086181,0.949974589897629,0.653737015887506,0.686652301888631
"017014","BEDIZZOLE",0.509593579859939,0.504344042745903,0.941191088975432,0.550391039070172,0.593813266837423
"017015","BERLINGO",0.609309302138339,0.636721943953722,0.949428643359967,0.655656925077424,0.688298227108817
"017016","BERZO DEMO",0.615053996475046,0.665844474997417,0.942884298381803,0.670692742000789,0.700936248265346
"017017","BERZO INFERIORE",0.609502300744437,0.633179410203927,0.944338377427487,0.653640607669512,0.685940359864843
"017018","BIENNO",0.573359176150607,0.585667223632564,0.937412824381895,0.615303162340616,0.651093124789647
"017019","BIONE",0.625323601600272,0.682412662428487,0.954167387240723,0.683898057537014,0.713927983059648
"017020","BORGO SAN GIACOMO",0.572558340040611,0.586511685297931,0.944458668019744,0.616027378204318,0.652519743739366
"017021","BORGOSATOLLO",0.525932599782637,0.525185850577235,0.943694297202132,0.567372732382156,0.609186239584375
"017022","BORNO",0.601587924101711,0.620434456266398,0.935126968667574,0.643422768032407,0.675834345880758
"017023","BOTTICINO",0.502984647100072,0.489734769065285,0.93887146522572,0.540610883796982,0.584862059511287
"017024","BOVEGNO",0.643860620235132,0.684928258768761,0.949172374967642,0.692872233048516,0.721350026595086
"017025","BOVEZZO",0.523830197562986,0.510336614998619,0.939247192147432,0.559299784867466,0.601516163454129
"017026","BRANDICO",0.644501847912113,0.678270304162342,0.947825141579427,0.690029982591447,0.718673889145667
"017027","BRAONE",0.642659415677945,0.68542575130618,0.935890843513363,0.691227409494193,0.718412235496323
"017028","BRENO",0.551587097136481,0.553330897456145,0.937362557314797,0.590949353298161,0.62943970930001
"017029","BRESCIA",0.302862946617487,0.222455529706198,0.861300063151006,0.322523320660759,0.382387403159675
"017030","BRIONE",0.684234042625344,0.727080705071245,0.95015814781107,0.730107451244572,0.75455752864085
"017031","CAINO",0.61626251156454,0.64026705107776,0.950099022756042,0.660448205464639,0.692631629608129
"017032","CALCINATO",0.515895377222575,0.517314346069483,0.945742257575573,0.559518601238984,0.602432340831938
"017033","CALVAGESE DELLA RIVIERA",0.573326946696264,0.579114399685394,0.942156977296507,0.612814303601397,0.649407934011965
"017034","CALVISANO",0.540738646115161,0.548652232438049,0.945481828021451,0.58477407815109,0.624852717025574
"017035","CAPO DI PONTE",0.611453227261419,0.63387225343047,0.93824866157897,0.654221332469247,0.68577992459255
"017036","CAPOVALLE",0.732388103140498,0.818540798882861,0.963088345317847,0.794226840442296,0.812989229872913
"017037","CAPRIANO DEL COLLE",0.574593945540808,0.58346761116358,0.948978036049697,0.616025504121944,0.653020229891695
"017038","CAPRIOLO",0.537349959002627,0.544151892093758,0.943559867061138,0.581031819699487,0.621312713850782
"017039","CARPENEDOLO",0.521376638395924,0.522798495638816,0.944120447311724,0.564290855046806,0.606494143076241
"017040","CASTEGNATO",0.531815219428868,0.526637834901254,0.944654475515931,0.570769322000148,0.612312116835235
"017041","CASTELCOVATI",0.570042978363546,0.589118244690186,0.945893122975624,0.616211862671742,0.652843113816617
"017042","CASTEL MELLA",0.512813946078628,0.50179969003265,0.940357501950911,0.550611886445166,0.593916954834694
"017043","CASTENEDOLO",0.509310506491724,0.504418747421422,0.943070175763718,0.550485181837288,0.594105736718002
"017044","CASTO",0.615410019580143,0.674065180130743,0.957929607658132,0.676056800635712,0.707376001415981
"017045","CASTREZZATO",0.560112054624052,0.575980458989265,0.948360803523911,0.606077711478384,0.644109166150109
"017046","CAZZAGO SAN MARTINO",0.524135939763539,0.52609048244638,0.947593571887134,0.567361247183177,0.609609283261394
"017047","CEDEGOLO",0.640756542546937,0.666193793674238,0.933599451208891,0.681487596420418,0.709500024730249
"017048","CELLATICA",0.529870484389591,0.51369388753393,0.943217357563857,0.56392570312197,0.60606922028218
"017049","CERVENO",0.647689546347745,0.701503545811315,0.939388187534834,0.70107571022506,0.727554874370591
"017050","CETO",0.639209457569895,0.672142102270829,0.948305337692758,0.684938735697601,0.714201691474841
"017051","CEVO",0.66383804235181,0.703074276167851,0.93228416057244,0.708338959391092,0.733221759522353
"017052","CHIARI",0.482483287416149,0.46951529490429,0.938078906330989,0.522207252677296,0.568415214194373
"017053","CIGOLE",0.64515990107661,0.673352310095551,0.94222691781797,0.687553186809269,0.715850268032458
"017054","CIMBERGO",0.668541629685415,0.729171474615713,0.941810795032265,0.723151976438734,0.747447400726904
"017055","CIVIDATE CAMUNO",0.595543391192795,0.616683924008556,0.945642269788207,0.640066518819429,0.674019380038182
"017056","COCCAGLIO",0.533325153849526,0.535536721765219,0.944782451911111,0.575466089217746,0.61650124062812
"017057","COLLEBEATO",0.533252223286201,0.512240784192555,0.937947828530007,0.564266636218441,0.605786768697504
"017058","COLLIO",0.637215752998217,0.678790780615352,0.944300745321026,0.686633014658208,0.715262762509633
"017059","COLOGNE",0.540706589813054,0.546088649901005,0.951789848866991,0.584236842758026,0.625076065659022
"017060","COMEZZANO-CIZZAGO",0.606321592336058,0.627569809602578,0.945438145131376,0.649794945385524,0.68264418980173
"017061","CONCESIO",0.472942665282624,0.447147050666217,0.940619253346856,0.508102297511664,0.556159737048908
"017062","CORTE FRANCA",0.533553829506231,0.535056670897521,0.94565330677034,0.575440055858722,0.616574861515569
"017063","CORTENO GOLGI",0.632588636418101,0.665797974893786,0.934636710504049,0.677737646140754,0.706281986625565
"017064","CORZANO",0.642270529582214,0.67131358905437,0.943578416474974,0.68547069503396,0.714149330749628
"017065","DARFO BOARIO TERME",0.484057285628264,0.469522202404679,0.932097487188732,0.522320518333698,0.567851292650924
"017066","DELLO",0.563781394410606,0.573827760640657,0.946168816321799,0.606541001405248,0.644277425284865
"017067","DESENZANO DEL GARDA",0.424691679627037,0.378479578641976,0.927065986780184,0.454133664899074,0.506681700663642
"017068","EDOLO",0.555990192427868,0.563169194132468,0.933053842207547,0.596927108172906,0.634274523065644
"017069","ERBUSCO",0.521909225064915,0.51850983469562,0.944140259400517,0.562602602832292,0.604995675784317
"017070","ESINE",0.558668778335991,0.565049812025509,0.938177372351107,0.599491102897786,0.637122910614822
"017071","FIESSE",0.647359373432048,0.68787833871358,0.948506796881343,0.695707650153667,0.72379644423452
"017072","FLERO",0.527780261608889,0.526659226836452,0.946580117704591,0.569155781570863,0.611091818919055
"017073","GAMBARA",0.580401571445634,0.598540440287761,0.943890224389501,0.624912927718978,0.660354849571258
"017074","GARDONE RIVIERA",0.564224817865716,0.553344132291052,0.940399668368309,0.596945994407376,0.635107513736369
"017075","GARDONE VAL TROMPIA",0.524144904073224,0.52461885803325,0.945238696361378,0.566467562584051,0.608553244114865
"017076","GARGNANO",0.591592593085065,0.61058627869115,0.933677309616384,0.634348223260935,0.667607010633763
"017077","GAVARDO",0.503113956973818,0.490926301438955,0.933369503848307,0.540655066670579,0.584290004134771
"017078","GHEDI",0.497287574004822,0.490247722346668,0.943305230436924,0.538721406401863,0.583675164627981
"017079","GIANICO",0.615762182775981,0.63629760945719,0.937384924732351,0.657165398978162,0.688300901839739
"017080","GOTTOLENGO",0.575506605155718,0.591888712696997,0.942163585013284,0.61954425153505,0.655390844143743
"017081","GUSSAGO",0.471926649537902,0.448622997274164,0.94063891903482,0.508311232968912,0.55634764253179
"017082","IDRO",0.613205053211405,0.634616809448672,0.944050428985869,0.655924881095622,0.687938830861205
"017083","INCUDINE",0.691676925366684,0.758206434711011,0.935603548110799,0.746007866846043,0.767074053653238
"017084","IRMA",0.775304730306318,0.83753801374409,0.934363046619565,0.81921553948464,0.832009706944076
"017085","ISEO",0.498065095680165,0.478789281016318,0.933363707020788,0.532920840215496,0.577414492082751
"017086","ISORELLA",0.598020887040133,0.623354241099153,0.947906142434762,0.644409421906155,0.678131279742667
"017087","LAVENONE",0.685458803351215,0.75467584047773,0.95000068300904,0.743060658023929,0.766053994133386
"017088","LENO",0.505153056359902,0.499527352075821,0.942130064131757,0.546319190209251,0.590298176200641
"017089","LIMONE SUL GARDA",0.656050869584936,0.69293537767698,0.93116293690459,0.700160104958321,0.725827086285684
"017090","LODRINO",0.637821817091413,0.661331265405882,0.949347219016342,0.679553609025417,0.709530676802186
"017091","LOGRATO",0.583271064573873,0.594959624742567,0.945451524726453,0.624748962665043,0.660382580671867
"017092","LONATO DEL GARDA",0.481471903451755,0.463833626980065,0.938680152843749,0.519255503978694,0.565858242741478
"017093","LONGHENA",0.650250656673909,0.696404346862786,0.937764384892376,0.69977119008075,0.726214878393153
"017094","LOSINE",0.669643964357222,0.703573488267521,0.940297739116389,0.711977627592773,0.737346528873175
"017095","LOZIO",0.716138267600769,0.792748732015561,0.949357144367365,0.773934864264085,0.793426228720005
"017096","LUMEZZANE",0.493966646787263,0.492279495622469,0.953570862872073,0.539167850371587,0.585212629538307
"017097","MACLODIO",0.649799378272383,0.691731989365799,0.954966064059911,0.699185721843173,0.727605759867255
"017098","MAGASA",0.8066857717532,0.90640465925298,0.960465310353918,0.866937224988173,0.877329234473256
"017099","MAIRANO",0.596679622289664,0.612500251762173,0.946976825297517,0.638828625853078,0.673067314680238
"017100","MALEGNO",0.622903053390755,0.647932235078217,0.944074577709848,0.666283337582022,0.697149030929558
"017101","MALONNO",0.599308990457855,0.622320770078123,0.935207056284663,0.643254097869656,0.675693315471324
"017102","MANERBA DEL GARDA",0.549618353363626,0.548029246988651,0.946149891743396,0.588556409332864,0.62828901848959
"017103","MANERBIO",0.498263103704095,0.487082789033579,0.938835009505752,0.537289152682529,0.58190535899622
"017104","MARCHENO",0.590676978445911,0.610900459249042,0.951578624118222,0.635867709374551,0.670946699901625
"017105","MARMENTINO",0.726471791642012,0.791662372377639,0.957176311134493,0.778878004922292,0.798688927834759
"017106","MARONE",0.583792692277294,0.596235076569443,0.943671689007275,0.625379664881759,0.66074544534015
"017107","MAZZANO",0.506831437199579,0.500152696893102,0.943036618294613,0.547446522171168,0.591400977295995
"017108","MILZANO",0.642613947083094,0.677884898744321,0.947014401934041,0.688925920815741,0.717602418717774
"017109","MONIGA DEL GARDA",0.569865866246551,0.56367950593349,0.932226127243772,0.603318030205395,0.63986337432077
"017110","MONNO",0.702606235742533,0.758296888932882,0.938418450494427,0.751248251153379,0.772044939969051
"017111","MONTE ISOLA",0.646253698097643,0.686682616456472,0.943429741334674,0.69416431568282,0.721860474088581
"017112","MONTICELLI BRUSATI",0.549170751664754,0.54552083896401,0.948981211201131,0.587509336903057,0.627672878491732
"017113","MONTICHIARI",0.466666140501067,0.448811016193722,0.93509625088059,0.505474345600714,0.553210112854033
"017114","MONTIRONE",0.574698136830602,0.58750508325834,0.947775891939534,0.617769038233977,0.654436466423484
"017115","MURA",0.715554300992203,0.773059764015287,0.952533386447693,0.76512966789814,0.785952303292534
"017116","MUSCOLINE",0.592635469351065,0.607357382747841,0.948319466215087,0.634828730066016,0.66966103408258
"017117","NAVE",0.520641903422712,0.521577751630728,0.947063700097629,0.563705214783811,0.606300602040902
"017118","NIARDO",0.615838572164835,0.631786883069462,0.945341386060009,0.655965593461435,0.68811845930572
"017119","NUVOLENTO",0.589801350720563,0.609703356225385,0.949779614691653,0.634755079594842,0.66975780571671
"017120","NUVOLERA",0.565763867463338,0.57481473208426,0.946058644380519,0.607866234234471,0.645443168695143
"017121","ODOLO",0.642863936243969,0.677858020852908,0.966548823750623,0.690979763068657,0.721598547588876
"017122","OFFLAGA",0.586015058447496,0.602403089205754,0.943474679883768,0.629135634432339,0.664062195038054
"017123","OME",0.583679090669971,0.597998072285001,0.9430569660863,0.626060419938368,0.661282258399249
"017124","ONO SAN PIETRO",0.695806888241164,0.739590658672127,0.944488601006664,0.740377756211647,0.763056738966649
"017125","ORZINUOVI",0.502094040628627,0.49044121828665,0.939529448141787,0.540593811326053,0.584919993194468
"017126","ORZIVECCHI",0.616962938502985,0.64339251877653,0.943648987624773,0.661524854538259,0.692871980436761
"017127","OSPITALETTO",0.507939200996366,0.501023439939093,0.944310738279491,0.548464262248906,0.592447204030082
"017128","OSSIMO",0.641398288123619,0.676248944440836,0.941356933534727,0.687076948007477,0.715330279732727
"017129","PADENGHE SUL GARDA",0.524290797860391,0.501641923089781,0.964135234146599,0.558083247842237,0.603200135209389
"017130","PADERNO FRANCIACORTA",0.572472687042283,0.579431877029719,0.945641160594682,0.612921169891869,0.649890057747737
"017131","PAISCO LOVENO",0.77133689746054,0.838639531800387,0.932974158418876,0.817786809009305,0.830585403388146
"017132","PAITONE",0.628235863350204,0.656963747796219,0.944221634215998,0.67276198843749,0.702924171301769
"017133","PALAZZOLO SULL'OGLIO",0.473629531022896,0.457160793975712,0.939084308837152,0.512764077133089,0.560132991766873
"017134","PARATICO",0.54995925484671,0.549067443152578,0.946503260302598,0.589212340129939,0.628911331260235
"017135","PASPARDO",0.658358162342343,0.711955653849866,0.942175813225744,0.710858798609069,0.736560689122032
"017136","PASSIRANO",0.531144308121355,0.527309034118581,0.94753004096743,0.571057008104714,0.612887345089461
"017137","PAVONE DEL MELLA",0.612800884655503,0.644360150105652,0.952959759649214,0.661018441607441,0.693456365834305
"017138","SAN PAOLO",0.579488848983409,0.592419801449325,0.939620021765692,0.621320894871299,0.656687464526232
"017139","PERTICA ALTA",0.672484902420258,0.734628072604371,0.949858943557991,0.728186733116882,0.75281697872145
"017140","PERTICA BASSA",0.683740216084136,0.75347966086807,0.955648425064671,0.74231378713496,0.766017635793817
"017141","PEZZAZE",0.625917300364531,0.688545737710311,0.953053391047337,0.686813706238412,0.716395893439404
"017142","PIAN CAMUNO",0.568396164774586,0.577293692270592,0.936247467866567,0.609185182456986,0.645525436391384
"017143","PISOGNE",0.525180027695498,0.522462241921952,0.941374042556661,0.565576425583519,0.607331716358312
"017144","POLAVENO",0.626623135360046,0.657104710092186,0.95316519368849,0.672994049822353,0.70412417691859
"017145","POLPENAZZE DEL GARDA",0.581534210155145,0.586858148009098,0.945683391676628,0.620344900341572,0.656493621601023
"017146","POMPIANO",0.592322953003547,0.613206159900938,0.951300931174995,0.637618193924518,0.672471831396793
"017147","PONCARALE",0.558805243321989,0.564385942141047,0.944929943862343,0.599929027844601,0.638262462957683
"017148","PONTE DI LEGNO",0.594963571724629,0.604743048409284,0.92552095959417,0.632420075019678,0.664986839972399
"017149","PONTEVICO",0.549134392044372,0.556949685380259,0.940704386190914,0.591808273460175,0.630574508208035
"017150","PONTOGLIO",0.558998115315802,0.572517478062876,0.944763249113795,0.603658341931785,0.64155888717423
"017151","POZZOLENGO",0.583850966721568,0.598325058347111,0.941396815301456,0.626118892811051,0.661149773087763
"017152","PRALBOINO",0.614332401323787,0.63857626735849,0.945250411541376,0.658333942061162,0.690213549781186
"017153","PRESEGLIE",0.623105761424313,0.680754603882406,0.967247854160461,0.68346194980407,0.71499371695478
"017155","PREVALLE",0.555137156833507,0.562971613410276,0.942264742900916,0.597375420899794,0.635696456677696
"017156","PROVAGLIO D'ISEO",0.53546895419239,0.534636313338634,0.94440442117855,0.575987812506816,0.616922991248119
"017157","PROVAGLIO VAL SABBIA",0.65753521688,0.723462350323033,0.964696481134628,0.717918553354828,0.745338323108139
"017158","PUEGNAGO DEL GARDA",0.575431943032173,0.580781974769703,0.937583525508744,0.614054615561718,0.650002272222499
"017159","QUINZANO D'OGLIO",0.562197839288551,0.57619416528687,0.945364335852547,0.606812835644194,0.644429669000678
"017160","REMEDELLO",0.594354607623835,0.614841484351584,0.948045941342468,0.638942835523185,0.673287625058661
"017161","REZZATO",0.494496438318922,0.480752535060831,0.940217726576418,0.532883810678531,0.578143134667185
"017162","ROCCAFRANCA",0.589607551660344,0.610963419512236,0.94477620783619,0.63473455781128,0.66918363003627
"017163","RODENGO SAIANO",0.508173024909767,0.492854395897992,0.946524579897784,0.54511479735327,0.58971588430266
"017164","ROÈ VOLCIANO",0.560658654542852,0.566756031024696,0.941108514686087,0.601447459974005,0.639187577164236
"017165","RONCADELLE",0.523278761805671,0.519358259402458,0.94192288019934,0.563378947563592,0.60543938452312
"017166","ROVATO",0.484832615069013,0.472498737792898,0.93798021000227,0.524597129788087,0.570528583145219
"017167","RUDIANO",0.576049125461418,0.589552684997183,0.942205172376978,0.618741331944068,0.654681758658836
"017168","SABBIO CHIESE",0.581709199302943,0.596042043170393,0.952006759044233,0.625188735017424,0.661501848798181
"017169","SALE MARASINO",0.578150658994295,0.587571346039133,0.94164048118612,0.618738950383655,0.654616898250595
"017170","SALÒ",0.480986591385386,0.450269126259217,0.926241661060085,0.51168923904608,0.557750619269858
"017171","SAN FELICE DEL BENACO",0.554201955898453,0.543286342795196,0.93446707203904,0.587316441616046,0.625888733885268
"017172","SAN GERVASIO BRESCIANO",0.62487339856794,0.648931466954549,0.952353211955167,0.668447510680637,0.699992588600029
"017173","SAN ZENO NAVIGLIO",0.556329894945339,0.556568631210574,0.944519936870927,0.595256330457253,0.634063397836551
"017174","SAREZZO",0.510038854848175,0.508173192152049,0.947690875168223,0.552964508666923,0.596822993833734
"017175","SAVIORE DELL'ADAMELLO",0.666621693979925,0.739069685107687,0.948204073739001,0.727381527963325,0.751917366382845
"017176","SELLERO",0.65163067758293,0.687391088269105,0.941383916510418,0.696698186284458,0.723885489642898
"017177","SENIGA",0.62982944736176,0.692530056464014,0.952855666393491,0.690347343360947,0.719514934809008
"017178","SERLE",0.624514274519156,0.65999388288835,0.949828210037501,0.673011491837128,0.703768904970503
"017179","SIRMIONE",0.517416765731225,0.507513005441818,0.930929323650386,0.554311329392908,0.596157773199294
"017180","SOIANO DEL LAGO",0.585651231497783,0.585638375299929,0.951537149325084,0.622234037991479,0.658823272584102
"017181","SONICO",0.642126385499654,0.672642430602541,0.935241164703123,0.6851700837163,0.712955759381502
"017182","SULZANO",0.605198013028845,0.620300077578195,0.950343405900527,0.646508481363221,0.680267917422922
"017183","TAVERNOLE SUL MELLA",0.658249541089576,0.701606388855558,0.954193219275726,0.707354490402883,0.734781015833199
"017184","TEMÙ",0.642593795140576,0.677388455069935,0.931835433279068,0.687175555922637,0.714359986740018
"017185","TIGNALE",0.643433719192335,0.677347570444238,0.924645655300011,0.686816145866459,0.713241646914632
"017186","TORBOLE CASAGLIA",0.558282467621859,0.567521095238444,0.945951826743708,0.601206785961507,0.639511790492863
"017187","TOSCOLANO-MADERNO",0.523271575937476,0.519107823946077,0.927914482753188,0.561862178222917,0.602534656504059
"017188","TRAVAGLIATO",0.51110382613266,0.508737256002942,0.943858115532513,0.553314298514272,0.596708055960743
"017189","TREMOSINE SUL GARDA",0.61599721646036,0.641761947787068,0.926291718945996,0.658620795805942,0.68836200948817
"017190","TRENZANO",0.573165836060232,0.595353424040846,0.947003688114187,0.620534035856904,0.656808441663269
"017191","TREVISO BRESCIANO",0.66723856236563,0.72386378733536,0.939445307868143,0.71994058815226,0.744330001454025
"017192","URAGO D'OGLIO",0.601537487839222,0.628842099542987,0.949607807694512,0.648631595091445,0.682073396491786
"017193","VALLIO TERME",0.63643726860375,0.670115258518202,0.94619724039407,0.682568361244286,0.711860458927595
"017194","VALVESTINO",0.750731660213199,0.828665971319323,0.942224847771286,0.804951418966763,0.820204022167266
"017195","VEROLANUOVA",0.532240647415166,0.532851741865686,0.942273164580487,0.573518891634432,0.614491588628438
"017196","VEROLAVECCHIA",0.598585648465505,0.620415128269752,0.947535005947815,0.643303850125647,0.677107311883666
"017197","VESTONE",0.583571268601606,0.603094685119382,0.953822244589675,0.629381903633412,0.66543083040633
"017198","VEZZA D'OGLIO",0.610531608375681,0.621033621776027,0.925140924763018,0.64671844604457,0.677654277013287
"017199","VILLA CARCINA",0.526701439443113,0.525999091572347,0.947019796153545,0.568417218572311,0.610484171636893
"017200","VILLACHIARA",0.621283842764292,0.673582053080585,0.943776914088343,0.677067344539029,0.706701741155619
"017201","VILLANUOVA SUL CLISI",0.555052290561754,0.557308150123262,0.937575751895521,0.594319773497809,0.632459326653111
"017202","VIONE",0.676072416048965,0.718454359969676,0.930777866773625,0.720614835885751,0.743966283762182
"017203","VISANO",0.631371444348429,0.664808776880682,0.958424698868504,0.67912356943995,0.710157028265345
"017204","VOBARNO",0.553499283017256,0.564974074880207,0.945377444429992,0.597850755496858,0.636464832044984
"017205","ZONE",0.65831015828336,0.696016921770178,0.942453529332841,0.703692538957376,0.730221537887984
"017206","PIANCOGNO",0.569690564931973,0.577478910313724,0.94005743246737,0.610232007107301,0.646879276591753
"018001","ALAGNA",0.666117851353698,0.704233679765938,0.948984445797284,0.711556633583565,0.737937501607311
"018002","ALBAREDO ARNABOLDI",0.69174009719707,0.738221683857005,0.930031850373362,0.73648598651167,0.757991082496302
"018003","ALBONESE",0.667257078954741,0.725824531894012,0.940546911431539,0.720941416025093,0.745342026625809
"018004","ALBUZZANO",0.57657532752346,0.582407441956665,0.939075550324691,0.615449801298526,0.651408217856988
"018005","ARENA PO",0.635437832546811,0.665718004878716,0.94287682723016,0.679807809564503,0.709037700416243
"018006","BADIA PAVESE",0.671830172297861,0.717667059316408,0.931403465888808,0.718414100815302,0.742079585823469
"018007","BAGNARIA",0.648783570618182,0.702195746642976,0.938234900349144,0.701764182802436,0.728038706974292
"018008","BARBIANELLO",0.664601476077876,0.692548514671793,0.939017341255132,0.704619229962864,0.730663464550894
"018009","BASCAPÈ",0.638131518921765,0.662472067669727,0.939714630003554,0.679243076966527,0.708184360637307
"018011","BASTIDA PANCARANA",0.624737932232924,0.66844895863062,0.940233987128483,0.675957499601443,0.705321553771114
"018012","BATTUDA",0.642575268028748,0.684660987727148,0.941932932715137,0.691449608361667,0.719281088845386
"018013","BELGIOIOSO",0.543333460004499,0.540010746242436,0.937278243849846,0.581232717196105,0.620793331268743
"018014","BEREGUARDO",0.578326414285916,0.579221664088794,0.940086569428262,0.614905292211446,0.651036545235536
"018015","BORGARELLO",0.558780908706858,0.530465770705679,0.93970320799711,0.584131326535353,0.623639313364437
"018016","BORGO PRIOLO",0.625337984546473,0.643885729546069,0.921840074414081,0.663334678783052,0.692057500519833
"018017","BORGORATTO MORMOROLO",0.678406140237585,0.735289416731289,0.925472733894214,0.728710274025414,0.750572769566392
"018018","BORGO SAN SIRO",0.673030428042885,0.712751858516059,0.942524422068895,0.717854471158414,0.742817799037357
"018019","BORNASCO",0.61058557975372,0.619133086622368,0.945532530561818,0.647926652925421,0.680993972662799
"018020","BOSNASCO",0.651037128374597,0.703009196288784,0.951690050735551,0.704489851172076,0.731956540012463
"018021","BRALLO DI PREGOLA",0.693547989690269,0.763305882971202,0.941194124762094,0.749703655173871,0.770980374017007
"018022","BREME",0.689710142456431,0.743605258932189,0.942799593296149,0.739271889954494,0.761886079214678
"018023","BRESSANA BOTTARONE",0.585126793093125,0.593266032194255,0.939963468810838,0.624273118260405,0.65934982387712
"018024","BRONI",0.515629487431517,0.505830449960996,0.929562584814912,0.552613230308122,0.594496491919988
"018025","CALVIGNANO",0.732345405795545,0.774053817153824,0.936691305651132,0.77154878089233,0.789897950309974
"018026","CAMPOSPINOSO",0.618385486255033,0.660815813305439,0.938920159758564,0.669532600778069,0.699464551775902
"018027","CANDIA LOMELLINA",0.650076660147824,0.683019821076255,0.937720967159129,0.693665513266748,0.720782785921458
"018029","CANNETO PAVESE",0.626611387491114,0.643143155043939,0.92934904992879,0.664324449133653,0.693771626999779
"018030","CARBONARA AL TICINO",0.617102537003742,0.629754001919634,0.937041653759844,0.654789607891504,0.686150946321319
"018031","CASANOVA LONATI",0.65850180628464,0.704532504195138,0.932250320708563,0.706590471786756,0.731663788333624
"018032","CASATISMA",0.667387642487443,0.699773542864753,0.938885967437838,0.709111130152272,0.734641667628446
"018033","CASEI GEROLA",0.616795618343219,0.64302510777108,0.948749071820103,0.661794233933445,0.69367810480974
"018034","CASORATE PRIMO",0.53391590994778,0.534072115712815,0.944704618683569,0.575065073415625,0.616136134000952
"018035","CASSOLNOVO",0.550716212363846,0.555119292383562,0.942885926282441,0.591914569764578,0.630911387155451
"018036","CASTANA",0.669315383171631,0.700657820885002,0.93063443467485,0.709551385292969,0.734116168557623
"018037","CASTEGGIO",0.53384043792488,0.52853164357102,0.93171717506376,0.571239154179531,0.611292267611112
"018038","CASTELLETTO DI BRANDUZZO",0.658896164057862,0.689327945239819,0.944161885385024,0.701117037722459,0.728122020796077
"018039","CASTELLO D'AGOGNA",0.665327783461789,0.703164626006436,0.947189866213121,0.710540570882013,0.736834937029914
"018040","CASTELNOVETTO",0.666525719397836,0.725157079197254,0.940995489535966,0.720356808321387,0.744872217345229
"018041","CAVA MANARA",0.525880617144701,0.509982022724842,0.935924662463221,0.559730654187617,0.601529988440462
"018042","CECIMA",0.692999548663005,0.737444745048837,0.933135962466909,0.737013528417019,0.758804909978118
"018043","CERANOVA",0.611394301994074,0.631535307465335,0.949988756587363,0.65431719991547,0.687169595101236
"018044","CERETTO LOMELLINA",0.775447999315281,0.84709874985588,0.939870011686086,0.824133038295631,0.836992702005682
"018045","CERGNAGO",0.689989925447031,0.7436908210125,0.941425318320726,0.739298867738861,0.761757362247958
"018046","CERTOSA DI PAVIA",0.542352021139164,0.529904802555633,0.93816638358093,0.576332209020752,0.616536006194105
"018047","CERVESINA",0.667772783827096,0.710164519804815,0.946917188584543,0.714763505492814,0.740558359169673
"018048","CHIGNOLO PO",0.589007589185095,0.607953960600371,0.944344011129937,0.633067098516454,0.667653422140174
"018049","CIGOGNOLA",0.655644012006125,0.6909918372845,0.942830410993985,0.70026917328018,0.727220421915047
"018050","CILAVEGNA",0.566457291814324,0.578058488465656,0.94350197208054,0.609382298334045,0.6465067065281
"018051","CODEVILLA",0.650218653650037,0.671009913228747,0.932078278990909,0.687760682994544,0.714907082549696
"018052","CONFIENZA",0.656023030001353,0.696807087738974,0.948610568063276,0.703634609789475,0.730854160708786
"018053","COPIANO",0.627091577650626,0.651584801118901,0.941682681526811,0.669572638598969,0.699807087813173
"018054","CORANA",0.667085050530189,0.700603142240915,0.937198355246992,0.709179522271696,0.73451494815784
"018057","CORVINO SAN QUIRICO",0.645537527616268,0.666637784044479,0.933822132159121,0.683861103463248,0.711634551096123
"018058","COSTA DE' NOBILI",0.688329178437068,0.747103808316206,0.947283057933091,0.740673149832283,0.763629806287928
"018059","COZZO",0.68937319349239,0.746550360180999,0.933824348302811,0.739548033983306,0.761134291129918
"018060","CURA CARPIGNANO",0.544547663469182,0.525629029754813,0.934548804458743,0.575034392396672,0.614980438181347
"018061","DORNO",0.574930008700119,0.58893695577742,0.945771714560021,0.618317305470895,0.65470112870302
"018062","FERRERA ERBOGNONE",0.659886965365627,0.695417204210299,0.943056861539006,0.704192562463067,0.730733040138172
"018063","FILIGHERA",0.676822011618375,0.720957456991988,0.945783086138683,0.723579069488532,0.748268404671882
"018064","FORTUNAGO",0.697702548062338,0.735368332575377,0.921984621362998,0.737080358423271,0.757625276527686
"018065","FRASCAROLO",0.645637172349371,0.708112273944781,0.944329593699428,0.703620210202312,0.730365697257547
"018066","GALLIAVOLA",0.749289514158905,0.82517113562424,0.947117392441437,0.803219031646559,0.819207738401546
"018067","GAMBARANA",0.769896062556376,0.839824702647568,0.939015558494816,0.818275900191257,0.831691417780541
"018068","GAMBOLÒ",0.529738057697863,0.531051761035543,0.942106919148697,0.571566110344902,0.612737311323102
"018069","GARLASCO",0.520769489195764,0.517070254373586,0.937446800554159,0.560772564661623,0.602625257538572
"018071","GERENZAGO",0.616061240081294,0.670056386497137,0.946589998020315,0.673411931762326,0.703765050235436
"018072","GIUSSAGO",0.557537700991299,0.560332968049824,0.947985162756916,0.597840317344197,0.636745300167832
"018073","GODIASCO SALICE TERME",0.559205102570205,0.549118672214579,0.929716416440701,0.591717340297223,0.629272793202054
"018074","GOLFERENZO",0.677801085970855,0.715020079221045,0.895240415205686,0.716293565856924,0.736176549117897
"018075","GRAVELLONA LOMELLINA",0.603942332391442,0.623806012983673,0.947359279920115,0.647222683410813,0.680571194134069
"018076","GROPELLO CAIROLI",0.565672127235692,0.571718907231759,0.942587051778006,0.606084670688153,0.643473824142582
"018077","INVERNO E MONTELEONE",0.644726725071975,0.674236256720114,0.951614524050483,0.688694794211488,0.717908097526932
"018078","LANDRIANO",0.549317730199752,0.547360574116865,0.943926730354748,0.587897909977952,0.627456667797596
"018079","LANGOSCO",0.688879259553217,0.751293389950353,0.938715723021612,0.741949264578768,0.76381220440575
"018080","LARDIRAGO",0.652311619522048,0.685571968561271,0.943889758694467,0.69643659050694,0.723931386972221
"018081","LINAROLO",0.588439271996924,0.598526541933415,0.941405128818375,0.62827512915049,0.663067351335811
"018082","LIRIO",0.756101262050565,0.827887690929337,0.937485399102139,0.80654356875117,0.821092661012389
"018083","LOMELLO",0.621297151227477,0.65194553255439,0.939971713937466,0.666956379095586,0.69729141630024
"018084","LUNGAVILLA",0.612455167808565,0.632873567053889,0.944940460144968,0.654891976702601,0.687119585973975
"018085","MAGHERNO",0.630776459599687,0.657198510477942,0.942180229814484,0.673806759516381,0.703626033993948
"018086","MARCIGNAGO",0.606003623267365,0.618521113372882,0.943537339167173,0.645389865404829,0.678517362489534
"018087","MARZANO",0.598425971903025,0.640152407031183,0.942897566705367,0.65165002719093,0.684010864914756
"018088","MEDE",0.561040831296702,0.569688221568392,0.939320694450743,0.602760143234367,0.640155760036186
"018089","MENCONICO",0.705774603926469,0.774862385606624,0.947695097797849,0.761056155069677,0.781793815372807
"018090","MEZZANA BIGLI",0.679651654874398,0.734251963743793,0.957368072729766,0.731993435651162,0.757035061993229
"018091","MEZZANA RABATTONE",0.661794683732675,0.709119585125538,0.934986718134654,0.710410092799661,0.735363051170216
"018092","MEZZANINO",0.639430199620527,0.66688093594972,0.939068715271748,0.681746882533786,0.710338197282449
"018093","MIRADOLO TERME",0.582788360313811,0.594091633290939,0.94408075349972,0.62400407247211,0.659568148141844
"018094","MONTALTO PAVESE",0.656622654076005,0.685088151052086,0.91984488095217,0.695754350402858,0.72065329824167
"018095","MONTEBELLO DELLA BATTAGLIA",0.619005185391482,0.633215882158763,0.932703124111883,0.656769792808799,0.687429051842475
"018096","MONTECALVO VERSIGGIA",0.665306931695735,0.693011552102523,0.912800201952036,0.70252333790442,0.72588743390971
"018097","MONTESCANO",0.669534069305043,0.719586496565788,0.939756233381751,0.719079877980049,0.743599473024683
"018098","MONTESEGALE",0.682563017089172,0.72126135894306,0.928117743489067,0.724532743563411,0.747153299110706
"018099","MONTICELLI PAVESE",0.681756712838757,0.723599141524869,0.93418875186737,0.725829009650369,0.748980092118925
"018100","MONTÙ BECCARIA",0.610078952568452,0.620404954749855,0.925591461355435,0.646276904428782,0.67731185519841
"018101","MORNICO LOSANA",0.673891111357871,0.705571653151099,0.939029944735646,0.714661238502601,0.739591094750718
"018102","MORTARA",0.492355045959853,0.475574817794369,0.933369555709857,0.528905394260386,0.57384585664366
"018103","NICORVO",0.699058905426648,0.761668111795316,0.932546734960416,0.750581831245926,0.770800153880869
"018104","OLEVANO DI LOMELLINA",0.651631436477881,0.705667425958657,0.937078499122223,0.704492338008665,0.73033524479906
"018105","OLIVA GESSI",0.711796391569699,0.757521442370875,0.931941578018328,0.754387183075091,0.774115449179895
"018106","OTTOBIANO",0.663813078090071,0.708963897224792,0.946697245797605,0.712419363471449,0.738450239285466
"018107","PALESTRO",0.630447604673659,0.656973970738387,0.943851407594507,0.673724849694872,0.70373891168372
"018108","PANCARANA",0.69482404217981,0.755563950766529,0.94083106790611,0.746757703616464,0.768321410759758
"018109","PARONA",0.631541781626645,0.659333604899565,0.941640764303685,0.675058000367163,0.704678307471221
"018110","PAVIA",0.341044892249673,0.24773924561147,0.89968162291743,0.354921024329257,0.415449979727943
"018111","PIETRA DE' GIORGI",0.662335100852384,0.686007893449519,0.921219725698791,0.698876320005735,0.723581142860519
"018112","PIEVE ALBIGNOLA",0.652596859312731,0.711739711847938,0.948571086497703,0.708808565672072,0.735448845763809
"018113","PIEVE DEL CAIRO",0.63345530921481,0.66788983815953,0.940639583391319,0.679669274657585,0.708665975628
"018114","PIEVE PORTO MORONE",0.60981285633486,0.632920556743317,0.940924224623693,0.653322458347549,0.68527821015601
"018115","PINAROLO PO",0.627514009037244,0.652950707467114,0.940458227891903,0.670254945216151,0.700277532180124
"018116","PIZZALE",0.643613328868024,0.691612445300231,0.946390297770581,0.695490628152773,0.723368369221418
"018117","PONTE NIZZA",0.658203184477595,0.686813751866473,0.927089257309832,0.697966547085814,0.723424625999594
"018118","PORTALBERA",0.603181202133444,0.64985371826971,0.940391548213101,0.657904869002729,0.689292277803882
"018119","REA",0.68601171383994,0.74618015287421,0.94074315257282,0.73856065527865,0.761025377200224
"018120","REDAVALLE",0.651493643935299,0.67441068043069,0.937861042409403,0.690443050205635,0.717933938228276
"018121","RETORBIDO",0.613974194276472,0.623513454228842,0.935018280864481,0.65037126991384,0.681998715575022
"018122","RIVANAZZANO TERME",0.540674329294605,0.527281814216182,0.931650981827555,0.573745362762609,0.613512653769825
"018123","ROBBIO",0.562565467226053,0.574646741720832,0.946658905134758,0.606411384539574,0.644216664605706
"018124","ROBECCO PAVESE",0.688830583393189,0.727575952850159,0.940152446075556,0.731398185917062,0.75459310371245
"018125","ROCCA DE' GIORGI",0.799336814099966,0.853603627880939,0.900573992078875,0.833880598099295,0.841290975208137
"018126","ROCCA SUSELLA",0.680368037524988,0.715798250930212,0.9194564948826,0.7202204792931,0.7423578143586
"018127","ROGNANO",0.657446633295506,0.668460622334192,0.948398871190437,0.691498152152408,0.720042676489967
"018128","ROMAGNESE",0.698363583360045,0.751549495466812,0.928793684145969,0.745340253886683,0.765723968359937
"018129","RONCARO",0.629025409082649,0.648209184963596,0.945980325934288,0.669353599914239,0.700089902805356
"018130","ROSASCO",0.665866203377171,0.720733275080058,0.93882722237759,0.717852487543512,0.742405235858409
"018131","ROVESCALA",0.655220374262936,0.684126553974455,0.921802941545027,0.694886411861329,0.720099359603962
"018133","SAN CIPRIANO PO",0.686710465296573,0.754357658333055,0.952307393088672,0.7437113949422,0.766888728069586
"018134","SAN DAMIANO AL COLLE",0.651518278508081,0.698985349873413,0.942657056498312,0.701992338421504,0.72873286265226
"018135","SAN GENESIO ED UNITI",0.531607560269059,0.501682908691045,0.936953937410676,0.558676104773115,0.600706975066177
"018136","SAN GIORGIO DI LOMELLINA",0.671868521747099,0.718090523320409,0.942419751098006,0.719723545390179,0.744467568246605
"018137","SAN MARTINO SICCOMARIO",0.512782156603526,0.480802324532908,0.928517144282204,0.539964730939616,0.583137221311015
"018138","SANNAZZARO DE' BURGONDI",0.574670087441605,0.587005577560766,0.944667766095072,0.617220825860574,0.653603819219963
"018139","SANTA CRISTINA E BISSONE",0.631970724029685,0.661635769360644,0.947641129418709,0.676887034967519,0.706970823239874
"018140","SANTA GIULETTA",0.62552316544763,0.646083202486622,0.935932019511572,0.665816067521571,0.695828951076015
"018141","SANT'ALESSIO CON VIALONE",0.633860738539038,0.639760147876052,0.944925240963398,0.66762192298313,0.698433402758716
"018142","SANTA MARGHERITA DI STAFFORA",0.686345755023585,0.746898855179564,0.933840988203272,0.738344173411745,0.760066041721914
"018143","SANTA MARIA DELLA VERSA",0.603267866812381,0.619919987796573,0.927301569932686,0.643164691567298,0.674735455830119
"018144","SANT'ANGELO LOMELLINA",0.649980016102906,0.708778675575921,0.944852295123272,0.705926640767799,0.732473935696185
"018145","SAN ZENONE AL PO",0.693572552215638,0.745823172734597,0.942154383451334,0.741943514572739,0.764189166670361
"018146","SARTIRANA LOMELLINA",0.647800023412708,0.682365164198799,0.940435117340508,0.692617846159229,0.720153098512704
"018147","SCALDASOLE",0.671430972401241,0.714983584769848,0.950099864693097,0.7188965371963,0.744585795807055
"018148","SEMIANA",0.716323977283154,0.778211777812467,0.944958164454958,0.767036906238525,0.78680593492924
"018149","SILVANO PIETRA",0.657844065339922,0.711753366772712,0.943447303525869,0.710663574803272,0.736528433550228
"018150","SIZIANO",0.542491102408542,0.534383602903596,0.949362890226749,0.579529906413137,0.620622460170205
"018151","SOMMO",0.627314519207202,0.629640922020486,0.934079350071263,0.659037883559586,0.689598046505328
"018152","SPESSA",0.694692518958942,0.74467586349084,0.943181164909021,0.742033888593304,0.764383585961717
"018153","STRADELLA",0.495049488848939,0.476438261221315,0.934171259442212,0.530586613475836,0.575429351916544
"018154","SUARDI",0.703754003885926,0.76259917914887,0.946166792799514,0.75447561164561,0.775774631773821
"018155","TORRAZZA COSTE",0.619486757389805,0.636142366016556,0.94023568419606,0.659056673952468,0.690298786201756
"018156","TORRE BERETTI E CASTELLARO",0.680530617553122,0.743069559819042,0.94330213679241,0.734950293496715,0.758100498307348
"018157","TORRE D'ARESE",0.628065164473332,0.668788357050359,0.938054149393562,0.677389499625017,0.706352238488189
"018158","TORRE DE' NEGRI",0.698563498619733,0.761641302502666,0.941693772152613,0.751261537720341,0.772420674879482
"018159","TORRE D'ISOLA",0.525533812014992,0.468863461863656,0.949274264132059,0.542406199658598,0.587613762377871
"018160","TORREVECCHIA PIA",0.589059719238564,0.604049210342376,0.945271032904903,0.631426121601913,0.666297778413357
"018161","TORRICELLA VERZATE",0.668217115983916,0.702535576070778,0.945301995947372,0.71136891101935,0.737361476011352
"018162","TRAVACÒ SICCOMARIO",0.524845269363233,0.494363015664554,0.936772456506084,0.552320973913112,0.595037805312331
"018163","TRIVOLZIO",0.589743827417886,0.593343459596399,0.946632602411937,0.627052539397622,0.662561435288102
"018164","TROMELLO",0.59067613560567,0.605723903547694,0.941748899970783,0.632554907616092,0.666909795655502
"018165","TROVO",0.623197622862418,0.666134671952031,0.942645213042962,0.674464053970799,0.704261960534372
"018166","VAL DI NIZZA",0.697304682435703,0.749568645701087,0.940720654347888,0.745165063096344,0.766893462124294
"018167","VALEGGIO",0.785727252572445,0.864159238908042,0.946022339085708,0.83705115507479,0.849159064409336
"018168","VALLE LOMELLINA",0.638706223737423,0.671100507082078,0.939309932730232,0.683344022141799,0.711784678873847
"018169","VALLE SALIMBENE",0.626344106941317,0.641871299404,0.937988844533451,0.664495817308738,0.694883931444817
"018171","VARZI",0.580646928261585,0.589081890168713,0.927788647266732,0.619156833020307,0.653449256825466
"018172","VELEZZO LOMELLINA",0.741126735793982,0.794966710611057,0.921053439604161,0.783347394842683,0.798648066482848
"018173","VELLEZZO BELLINI",0.581884545908934,0.589154720511792,0.948892355864796,0.621856905475807,0.65819417774125
"018174","VERRETTO",0.755214118759634,0.826279804584505,0.956529301309151,0.807325195635777,0.823903429599486
"018175","VERRUA PO",0.642778094175664,0.671555842461946,0.938190565941051,0.68526932808103,0.713371687843254
"018176","VIDIGULFO",0.553983596340173,0.557384203609558,0.948494789461866,0.594964988923565,0.634246077872265
"018177","VIGEVANO",0.40346157018309,0.364954904726065,0.917097065142679,0.437497120223388,0.490786002992198
"018178","VILLA BISCOSSI",0.792928214767527,0.857176749692959,0.904169614115717,0.83296419541879,0.840875908607338
"018179","VILLANOVA D'ARDENGHI",0.667788770802969,0.70739440387888,0.952025974197186,0.714035026026551,0.740478464712177
"018180","VILLANTERIO",0.589397199139359,0.601287661035445,0.938438437771024,0.629652030855764,0.663961631624126
"018181","VISTARINO",0.642764318178366,0.669631340429472,0.946191374926417,0.685197183866169,0.714196538428418
"018182","VOGHERA",0.420581421406469,0.378505436756077,0.921288669079602,0.451717953081106,0.503892477080939
"018183","VOLPARA",0.701661722178006,0.743259840596704,0.904758898978931,0.740690593146513,0.75892040490567
"018184","ZAVATTARELLO",0.632538508294331,0.680289569655662,0.92976076274262,0.683748711351759,0.711083383728521
"018185","ZECCONE",0.617760126020973,0.637992312057051,0.948180540976213,0.659906651232732,0.691937083426452
"018186","ZEME",0.664983450524248,0.706287109446402,0.94039350349921,0.711111102336714,0.736586924688102
"018187","ZENEVREDO",0.659034280903967,0.703363512142928,0.936765969515402,0.706755603822643,0.732312311121839
"018188","ZERBO",0.739060574182034,0.798248914659985,0.942162822836569,0.786005552262566,0.803356360104121
"018189","ZERBOLÒ",0.624852948115042,0.64694209100055,0.946103461719342,0.666918113773951,0.697938707990105
"018190","ZINASCO",0.596401053853931,0.615595677357452,0.944905212271211,0.639889050272244,0.673779734938796
"018191","CORNALE E BASTIDA",0.666267538577578,0.692643560765451,0.938651131494791,0.705375107853842,0.73129466603617
"018192","CORTEOLONA E GENZONE",0.607955724776717,0.625077987970696,0.940840911377023,0.648949261874038,0.68138166737437
"018193","COLLI VERDI",0.659196228928842,0.695350892242647,0.927579166088665,0.702304121136036,0.727334681686328
"019001","ACQUANEGRA CREMONESE",0.63148479892984,0.687369761480006,0.950759252215206,0.688560477405951,0.71769367460698
"019002","AGNADELLO",0.588058446690417,0.599968045714444,0.94686728309306,0.629298649891493,0.664584053580556
"019003","ANNICCO",0.639081039311079,0.667269579665437,0.944793340052519,0.682337112544684,0.71149891560111
"019004","AZZANELLO",0.652051781361514,0.706719689495788,0.939834904183838,0.70543065230417,0.731475569179689
"019005","BAGNOLO CREMASCO",0.57559143405563,0.591414106191284,0.948786084631665,0.620031101574277,0.656559433025098
"019006","BONEMERSE",0.615093622185249,0.61646110250655,0.934513927604484,0.647651018871758,0.679524675397616
"019007","BORDOLANO",0.682023732520038,0.748384195503394,0.961564650904289,0.739840032700973,0.764476101390231
"019009","CALVATONE",0.671894154383812,0.717921164224695,0.947938996700449,0.720210793043873,0.745513926783492
"019010","CAMISANO",0.654796052798652,0.685615039841921,0.944399295703314,0.697624921258589,0.725044296196892
"019011","CAMPAGNOLA CREMASCA",0.660228515822761,0.68405439677535,0.944764978379349,0.699403808507085,0.726666160715114
"019012","CAPERGNANICA",0.60161691734059,0.609389676981951,0.943180222131531,0.639270989658297,0.673038682155322
"019013","CAPPELLA CANTONE",0.668785235343691,0.729602963986426,0.953282052663683,0.724602894964921,0.750011690264783
"019014","CAPPELLA DE' PICENARDI",0.691845734078146,0.756369490108519,0.942034967204594,0.745900347604459,0.767693083115585
"019015","CAPRALBA",0.615829111634605,0.64266783313636,0.945785328469941,0.660902157993928,0.692555843602374
"019016","CASALBUTTANO ED UNITI",0.593373483174818,0.610049024411919,0.94278826807003,0.635818955221035,0.669926656648701
"019017","CASALE CREMASCO-VIDOLASCO",0.602177527650018,0.651135407052002,0.95000473870017,0.658991294485926,0.691326121620842
"019018","CASALETTO CEREDANO",0.657784591028782,0.696861502738939,0.949983650954101,0.704589107290884,0.731855167697908
"019019","CASALETTO DI SOPRA",0.670645751854931,0.730476457540362,0.947595648293774,0.725264559057259,0.749968013416872
"019020","CASALETTO VAPRIO",0.630788798784768,0.656841434332369,0.949835614524335,0.674417166355145,0.705019216151722
"019021","CASALMAGGIORE",0.485719550889164,0.466277695120997,0.933542166658823,0.521752977370455,0.567507331735829
"019022","CASALMORANO",0.637004011518778,0.668378282024017,0.946732862971118,0.682095318391369,0.711499490011341
"019023","CASTELDIDONE",0.657860359432186,0.710677572609623,0.939640967809831,0.709806166199798,0.73534336637869
"019024","CASTEL GABBIANO",0.670380260877251,0.717960533348458,0.948731568119948,0.719626514213564,0.745082631314273
"019025","CASTELLEONE",0.520446740786485,0.513826048480703,0.942206218420386,0.559643377012273,0.602150359390952
"019026","CASTELVERDE",0.553641969609078,0.550700880716435,0.94340827082576,0.591295109729057,0.630418794295357
"019027","CASTELVISCONTI",0.770330388390445,0.839097205230939,0.952379003231543,0.819480317452777,0.834246838094862
"019028","CELLA DATI",0.695786851878895,0.744830433865776,0.943456562872358,0.742623434872338,0.76493822687234
"019029","CHIEVE",0.618686813931853,0.640955406932349,0.949496490561297,0.66178864844502,0.69375618645794
"019030","CICOGNOLO",0.639513714901698,0.693808912564799,0.944989971199386,0.694494179479862,0.722327045226476
"019031","CINGIA DE' BOTTI",0.633348358626581,0.688658662911426,0.941892897930872,0.689092449485191,0.717181388201377
"019032","CORTE DE' CORTESI CON CIGNONE",0.6532862423618,0.680831535687826,0.936468185276668,0.693999818649998,0.720940748275184
"019033","CORTE DE' FRATI",0.654705229040147,0.695026465542238,0.956202766526695,0.702999539214743,0.731133231138293
"019034","CREDERA RUBBIANO",0.63967887140008,0.672195845652137,0.952218356006957,0.685565458274193,0.715193558022278
"019035","CREMA",0.41281262894404,0.36268957664109,0.926921990322986,0.441668191545607,0.495585280298649
"019036","CREMONA",0.370481235860073,0.309599068014954,0.908211718587447,0.396857308602507,0.4536744652675
"019037","CREMOSANO",0.629296579636234,0.651386741937875,0.949984855228079,0.671305980231157,0.70227029967526
"019038","CROTTA D'ADDA",0.66348173104187,0.719516984509096,0.951831769242644,0.717532598922199,0.743565840068915
"019039","CUMIGNANO SUL NAVIGLIO",0.719632452314873,0.784209507852458,0.951757850314072,0.771904667106706,0.791888354129747
"019040","DEROVERE",0.747095649426128,0.790452533789138,0.943281232255883,0.786224805672458,0.803675519737283
"019041","DOVERA",0.584055081614139,0.600807415512719,0.948186206058424,0.628006744312928,0.663582240062428
"019043","FIESCO",0.656961228816339,0.690209402515675,0.949242029973792,0.701150987096785,0.728716658527564
"019044","FORMIGARA",0.675830915732032,0.727180625191163,0.948837404953148,0.726238933910753,0.750972097359908
"019045","GABBIONETA-BINANUOVA",0.649833736108959,0.708363198494598,0.947183338668464,0.705906954438447,0.732715441575115
"019046","GADESCO-PIEVE DELMONA",0.62571936601682,0.651433008917534,0.949485390793778,0.669667107799837,0.700758028132497
"019047","GENIVOLTA",0.66487084470768,0.701421058903144,0.944801507896384,0.709311507414509,0.735477063023606
"019048","GERRE DE' CAPRIOLI",0.633291310548038,0.642030535617227,0.942206389789747,0.668115469753344,0.698570016424056
"019049","GOMBITO",0.669058760147397,0.732852012450595,0.952073426482252,0.726067190317321,0.751178994335647
"019050","GRONTARDO",0.643947269384591,0.677095816949884,0.948878133027594,0.689357202153273,0.718192861139309
"019051","GRUMELLO CREMONESE ED UNITI",0.631185669034795,0.661706257888477,0.943108712503688,0.676112238365841,0.705778513270046
"019052","GUSSOLA",0.618155544668425,0.646768268485788,0.945314926736315,0.663747208593027,0.695032510608948
"019053","ISOLA DOVARESE",0.656909643135777,0.691881855201137,0.941105617940628,0.701066736045674,0.727737722922891
"019054","IZANO",0.625708686021623,0.652309116179518,0.947986897479416,0.669906700738455,0.70080450037634
"019055","MADIGNANO",0.587508813850927,0.597452985950709,0.942409487380173,0.627473758648753,0.662466617396689
"019056","MALAGNINO",0.606732406248839,0.60732510446609,0.943533365991473,0.640679216420865,0.674329677484266
"019057","MARTIGNANA DI PO",0.627763914316002,0.648177543972716,0.942962776532271,0.66846993388315,0.698969138621941
"019058","MONTE CREMASCO",0.619149934398654,0.643278658346865,0.951855299976065,0.66327839673309,0.695342497093421
"019059","MONTODINE",0.61683397237082,0.640311978530828,0.945833949060494,0.660299072811791,0.692025170172758
"019060","MOSCAZZANO",0.651945482627612,0.704395507380536,0.943850794579145,0.704738524961581,0.731306554919088
"019061","MOTTA BALUFFI",0.675255712476868,0.71537254015047,0.942065176105476,0.71998923129285,0.744664336272031
"019062","OFFANENGO",0.55061832728227,0.55334593408702,0.947344868283244,0.591518404444505,0.631054678204365
"019063","OLMENETA",0.630168797455199,0.678018764682378,0.94060801320441,0.682745204282351,0.711396627495913
"019064","OSTIANO",0.613573646206804,0.646556268518271,0.947002735819424,0.661758735208226,0.693452513053915
"019065","PADERNO PONCHIELLI",0.658206364909066,0.694482610047989,0.943472344967621,0.703057273227437,0.729770058976346
"019066","PALAZZO PIGNANO",0.601515601458146,0.620698113805876,0.949272176726009,0.644923389541411,0.678739921450811
"019067","PANDINO",0.532732199700129,0.53473057119405,0.945498955137519,0.574908142416132,0.616084899385175
"019068","PERSICO DOSIMO",0.581559353984133,0.588548713190926,0.941985066568016,0.620747136885578,0.656440240183627
"019069","PESCAROLO ED UNITI",0.651221086445974,0.683995928619981,0.945471994482312,0.695394856227911,0.723181204922845
"019070","PESSINA CREMONESE",0.669264346161477,0.72795213686546,0.939871575637569,0.722734574925878,0.746860908338288
"019072","PIANENGO",0.597870450033253,0.610706110824702,0.944944578740702,0.63835391026015,0.672419540091322
"019073","PIERANICA",0.658321435379315,0.694328798598364,0.949547728586631,0.703647378148619,0.730969639308398
"019074","PIEVE D'OLMI",0.622173802403241,0.673084274305942,0.948042109049797,0.677670345424112,0.707711652493633
"019075","PIEVE SAN GIACOMO",0.633421474290742,0.657873100254664,0.939278964091938,0.675010454954627,0.70437362263655
"019076","PIZZIGHETTONE",0.553669198283439,0.561025959152373,0.947323048782151,0.596345125724331,0.635342672730755
"019077","POZZAGLIO ED UNITI",0.646403904951435,0.675545199787124,0.943900384351115,0.689267135567463,0.717559718765647
"019078","QUINTANO",0.663816661420151,0.694133979119422,0.941367037325575,0.705214491975366,0.731453663680945
"019079","RICENGO",0.627508037032625,0.651240043844267,0.947757324403619,0.670212368834963,0.701050697231481
"019080","RIPALTA ARPINA",0.670829519545157,0.715077274348771,0.953153789979238,0.718973436250192,0.744993475553419
"019081","RIPALTA CREMASCA",0.573766371363502,0.574045233896153,0.939401203960559,0.6104553427629,0.647004882895974
"019082","RIPALTA GUERINA",0.64318216478274,0.679661155003591,0.940205084912705,0.68930000239512,0.717178344897073
"019083","RIVAROLO DEL RE ED UNITI",0.6337367268888,0.653211175616772,0.941460174238228,0.67327257355133,0.703071195849875
"019084","RIVOLTA D'ADDA",0.530213955443721,0.526908048838897,0.943983982963877,0.570103300223566,0.611645598305823
"019085","ROBECCO D'OGLIO",0.626547091377694,0.657940965829693,0.945426644835342,0.672562290226858,0.702880551850023
"019086","ROMANENGO",0.596540297318047,0.614438627035547,0.947049922604201,0.639645508219537,0.673801554262278
"019087","SALVIROLA",0.668419889222307,0.711844986998812,0.956695692293221,0.716788763528826,0.743445088947092
"019088","SAN BASSANO",0.615501789150284,0.641562203913653,0.942909656371242,0.659969762515896,0.691407528499823
"019089","SAN DANIELE PO",0.639887392743896,0.674880068363607,0.942525405477657,0.685897898046142,0.714412065538533
"019090","SAN GIOVANNI IN CROCE",0.614982169512656,0.632442307335503,0.941129797645404,0.655453994346212,0.687195750268344
"019091","SAN MARTINO DEL LAGO",0.670914648037902,0.72371825516877,0.930990926377371,0.72068389908074,0.744051346558143
"019092","SCANDOLARA RAVARA",0.659112179783835,0.701427640098992,0.944146940411551,0.706657612988428,0.733045316035441
"019093","SCANDOLARA RIPA D'OGLIO",0.683747479795291,0.74659335518641,0.952096383656676,0.738863014107433,0.762555610724016
"019094","SERGNANO",0.588762865680912,0.600765744863391,0.94510049960028,0.629797924704964,0.664831544137777
"019095","SESTO ED UNITI",0.582164036289983,0.589083025280569,0.941995872527157,0.621260764959464,0.656897999133652
"019096","SOLAROLO RAINERIO",0.663880593169748,0.702742107848928,0.942562898904561,0.70923650534886,0.735161660188382
"019097","SONCINO",0.53268310639981,0.533495552838679,0.942425919551211,0.574022988612441,0.614956647605638
"019098","SORESINA",0.52206178598682,0.51752097820588,0.939415976272916,0.561753841514007,0.603716300931663
"019099","SOSPIRO",0.607632633146295,0.633389151601588,0.942983565481053,0.652758159684653,0.685005426995364
"019100","SPINADESCO",0.650377091295939,0.68487005440829,0.947694525401256,0.695630668107028,0.723637763361943
"019101","SPINEDA",0.727622363652131,0.787031635145167,0.95141964403855,0.776736263862639,0.796145528326629
"019102","SPINO D'ADDA",0.546799720124181,0.547006408609724,0.95183058922426,0.587395816852683,0.627888569338414
"019103","STAGNO LOMBARDO",0.650499571369874,0.677393102503385,0.94390335037452,0.691942038280419,0.719937739624208
"019104","TICENGO",0.73749810498399,0.792031136925662,0.95161702420922,0.783449861280265,0.802135101605705
"019105","TORLINO VIMERCATI",0.666764717591281,0.719613162621994,0.959226104978382,0.719792656593812,0.746396373080986
"019106","TORNATA",0.697127715654321,0.765859776318833,0.957966497721136,0.754141021160033,0.776788296333489
"019107","TORRE DE' PICENARDI",0.626806791734816,0.655239812746873,0.941576818152644,0.671078653832024,0.701134005423204
"019108","TORRICELLA DEL PIZZO",0.684415791690081,0.75475964574285,0.953526214943008,0.74298156833912,0.766375417961774
"019109","TRESCORE CREMASCO",0.597590687491403,0.617328592525144,0.947641402703909,0.641477816277837,0.675495992547401
"019110","TRIGOLO",0.635443691379395,0.667925920639615,0.947522285650818,0.681268553973636,0.710852301937768
"019111","VAIANO CREMASCO",0.595601670224441,0.618641470475577,0.951647660305097,0.641574179345518,0.676026788341027
"019112","VAILATE",0.572022940682149,0.583055992277885,0.94883340735051,0.614668860567066,0.651798254654116
"019113","VESCOVATO",0.588089640012807,0.605427283126017,0.946254575257142,0.631708072938185,0.666657684306958
"019114","VOLONGO",0.689830137661856,0.758783741206928,0.946943519711741,0.746570597462127,0.768834255489862
"019115","VOLTIDO",0.709786749280514,0.782388872290649,0.95026879159868,0.766505908866891,0.786924006948201
"019116","PIADENA DRIZZONA",0.588509235688257,0.605623216603334,0.945438716005148,0.631903475131731,0.666740724117666
"020001","ACQUANEGRA SUL CHIESE",0.613338169865909,0.63834267037644,0.93790308021056,0.657046686130113,0.688252952139052
"020002","ASOLA",0.517739194524099,0.515250795629512,0.938874532300073,0.558732948799133,0.600970902521459
"020003","BAGNOLO SAN VITO",0.552218670666616,0.558576744908639,0.939832980156846,0.593841235024549,0.632284762261471
"020007","BOZZOLO",0.580425926861022,0.587042942326767,0.937542346792883,0.619115225813793,0.654496017033692
"020008","CANNETO SULL'OGLIO",0.580818295264761,0.599899072422312,0.940256061546105,0.625348421613793,0.66033815938405
"020010","CASALMORO",0.629519740671544,0.659445370307187,0.941773005720908,0.67421160051252,0.703940645535674
"020011","CASALOLDO",0.628954625958382,0.659935095904839,0.949842868207757,0.674984661659225,0.70552446238684
"020012","CASALROMANO",0.646725146374265,0.687580341969924,0.943925743344125,0.694830044089297,0.7225073440065
"020013","CASTELBELFORTE",0.60550374336475,0.626636108556075,0.950230601065146,0.649485993470886,0.68290206098136
"020014","CASTEL D'ARIO",0.585075525221316,0.60604403404676,0.949711831767199,0.630974984847354,0.66639019006067
"020015","CASTEL GOFFREDO",0.515407210937556,0.515076146496303,0.943074642234832,0.55802497506872,0.60080827142051
"020016","CASTELLUCCHIO",0.561701117160718,0.571699225083019,0.94411084465735,0.604441238475417,0.642182305828965
"020017","CASTIGLIONE DELLE STIVIERE",0.465027748624192,0.443895095606447,0.934883770819191,0.502503656985706,0.550545891856093
"020018","CAVRIANA",0.585525522897752,0.606831083479301,0.937693667368091,0.630329839606483,0.664481376024439
"020019","CERESARA",0.617547211171649,0.643292525265024,0.946524590918401,0.662030340488343,0.693640812758349
"020020","COMMESSAGGIO",0.6632296674697,0.704374163257732,0.949716860664633,0.710393409893808,0.7369849044239
"020021","CURTATONE",0.474391949957191,0.446460993001397,0.934708004721716,0.507854624803536,0.555282778127778
"020022","DOSOLO",0.600258846641697,0.624331590401291,0.953891038138247,0.64645480048317,0.680614382444845
"020024","GAZOLDO DEGLI IPPOLITI",0.600627974786228,0.627195971311594,0.958388970812708,0.648359672825291,0.68280737260167
"020025","GAZZUOLO",0.623032606620319,0.652551178371412,0.942503543914719,0.668263057637751,0.698734222779636
"020026","GOITO",0.53379830537578,0.537651461459198,0.941630982696621,0.576315493345402,0.616906103273316
"020027","GONZAGA",0.528660046542724,0.528068516202746,0.944754354166994,0.570003288652161,0.611642295931587
"020028","GUIDIZZOLO",0.571381198924318,0.585688217447388,0.942071029537017,0.614888340320969,0.651241972456086
"020029","MAGNACAVALLO",0.649520163538763,0.689483124032008,0.941408235839405,0.696692302990787,0.723882962196189
"020030","MANTOVA",0.384232985972318,0.321853318590979,0.910616939013506,0.408800530954834,0.46455790962802
"020031","MARCARIA",0.553075042405774,0.564442733211247,0.943107644136906,0.59719376344135,0.63562863907419
"020032","MARIANA MANTOVANA",0.638226021980765,0.684972221632883,0.932692028492191,0.68870841247536,0.715817703143897
"020033","MARMIROLO",0.536847452333731,0.538848353774132,0.942571328601672,0.578320245608706,0.61879258816348
"020034","MEDOLE",0.580663195916864,0.59798087167056,0.943705297613908,0.624760360175731,0.660198686557751
"020035","MOGLIA",0.563423449541831,0.576537086364225,0.944158502026018,0.607398091360327,0.644815914767626
"020036","MONZAMBANO",0.573415631002643,0.583292419249008,0.934710567011885,0.613989679314431,0.649625333503037
"020037","MOTTEGGIANA",0.6219797517653,0.652305184696081,0.948623308558157,0.668290552263437,0.699438636296184
"020038","OSTIGLIA",0.541376497156426,0.539613584038746,0.934821706963629,0.57992770723419,0.619360373870795
"020039","PEGOGNAGA",0.542706870513779,0.548230300920514,0.942159556173398,0.585137682762771,0.624806779808396
"020041","PIUBEGA",0.63879882868226,0.672429228150303,0.944361522358683,0.684488777810522,0.713363527204762
"020042","POGGIO RUSCO",0.547152102047256,0.548811116728705,0.935022306443542,0.586685679093537,0.625389748799093
"020043","POMPONESCO",0.6391176810402,0.675668564014893,0.960953357950797,0.687749146069872,0.718105169612197
"020044","PONTI SUL MINCIO",0.602635171189481,0.618150703654317,0.93420302175007,0.642773945854716,0.675154954287533
"020045","PORTO MANTOVANO",0.479944757492194,0.459483906431176,0.936856262342335,0.51642852499975,0.563142718037815
"020046","QUINGENTOLE",0.659069327125326,0.696846298648222,0.937199615104882,0.703881993108585,0.729806173330395
"020047","QUISTELLO",0.566776628775096,0.581429235493529,0.942862791042605,0.610978918025142,0.647854903915971
"020048","REDONDESCO",0.632474501144337,0.691592794367343,0.944503243537994,0.690280607334056,0.718527566912271
"020050","RIVAROLO MANTOVANO",0.606596270840687,0.629424090452892,0.942974302019021,0.650506592784013,0.683003004921236
"020051","RODIGO",0.558687822195741,0.564462937961431,0.940203934384145,0.599438235509142,0.637301090939698
"020052","RONCOFERRARO",0.548707156099042,0.556675323485369,0.942530718384816,0.591675187651466,0.630659135510727
"020053","ROVERBELLA",0.539719036818131,0.544272762194837,0.939990936656011,0.581795403221436,0.621594906936389
"020054","SABBIONETA",0.580131728841146,0.594812658925281,0.94646183565021,0.623371158059913,0.659270122236613
"020055","SAN BENEDETTO PO",0.553400167057689,0.56296275011913,0.941182967509326,0.596481609480501,0.634781760372593
"020056","SAN GIACOMO DELLE SEGNATE",0.648215045228565,0.682801162403436,0.941563170742495,0.69311361050865,0.720719117201299
"020057","SAN GIORGIO BIGARELLO",0.508518233913509,0.497578577052454,0.940504331859129,0.546793998120596,0.590539590758211
"020058","SAN GIOVANNI DEL DOSSO",0.656294262681374,0.692735434902445,0.939306455359742,0.700994009448693,0.727473170105476
"020059","SAN MARTINO DALL'ARGINE",0.63040849385789,0.661067918413465,0.942336823994197,0.675398067921529,0.705057929707381
"020060","SCHIVENOGLIA",0.667186566118621,0.708380835933067,0.938622175411547,0.712867548464414,0.737951395902985
"020061","SERMIDE E FELONICA",0.535019225839196,0.530630311068506,0.928427717381476,0.572385063346614,0.611945358239376
"020062","SERRAVALLE A PO",0.648974314020482,0.687369620603228,0.943454168213031,0.695700187401973,0.72322840749209
"020063","SOLFERINO",0.587091294026905,0.596229482740578,0.944183472177661,0.626912696763133,0.662165005142525
"020064","SUSTINENTE",0.626144197990779,0.652510807264675,0.941448307632878,0.669539583128242,0.699751663628757
"020065","SUZZARA",0.480088657507307,0.466286415983986,0.940408579409428,0.519909641012025,0.566631745278403
"020066","VIADANA",0.484200373105956,0.470182781685904,0.939731497755677,0.523445569431905,0.56969956146788
"020068","VILLIMPENTA",0.632869363391682,0.669543374009517,0.948129558493132,0.680898687679853,0.710591006659106
"020070","VOLTA MANTOVANA",0.539441155451181,0.545092855727107,0.939765094859369,0.582016814516166,0.621766623443189
"020071","BORGO VIRGILIO",0.490627552637003,0.474841942667855,0.935029782318705,0.527964251119057,0.573193754585685
"020072","BORGO MANTOVANO",0.556646507152367,0.563684591651882,0.941736574283644,0.598322651890277,0.636479754378429
"020073","BORGOCARBONARA",0.608365101647633,0.663926615687255,0.947544495987135,0.667285722399413,0.698425586131382
"021001","ALDINO/ALDEIN",0.630947153104688,0.660929131761959,0.948184449317402,0.676162773121731,0.706387403810139
"021002","ANDRIANO/ANDRIAN",0.643782564557274,0.664486597989152,0.943211917043749,0.683042314850267,0.71195004842732
"021003","ANTERIVO/ALTREI",0.685491115851029,0.749670125515261,0.953572161209035,0.741179774735734,0.764778928788323
"021004","APPIANO SULLA STRADA DEL VINO/EPPAN AN DER WEINSTRASSE",0.469201965754192,0.441945742240393,0.940717211656775,0.504088189763241,0.552602525529189
"021005","AVELENGO/HAFLING",0.653444251610624,0.685277557086361,0.940324625212227,0.696457276434866,0.72355364852124
"021006","BADIA/ABTEI",0.561164766774782,0.560896711776508,0.928493091611583,0.597776974509239,0.634523209742833
"021007","BARBIANO/BARBIAN",0.59732934408709,0.64368358535843,0.953328691136656,0.65378868736415,0.687070910005539
"021008","BOLZANO/BOZEN",0.342894299938212,0.273982940363416,0.897614489116075,0.36735620704734,0.426273793943866
"021009","BRAIES/PRAGS",0.678267415834231,0.724330867141496,0.947861175308529,0.72595534486993,0.750611548251997
"021010","BRENNERO/BRENNER",0.62003782047093,0.642288395492543,0.949550454489383,0.663001842632501,0.694840577283266
"021011","BRESSANONE/BRIXEN",0.441306970860353,0.400027012105151,0.934582964764804,0.472058588810957,0.523450186139163
"021012","BRONZOLO/BRANZOLL",0.58751675610806,0.595401016285821,0.943782308083311,0.626691228385578,0.661923570574215
"021013","BRUNICO/BRUNECK",0.457094051032717,0.425814408760496,0.939756956235771,0.491284502530523,0.54111477516444
"021014","CAINES/KUENS",0.666918663023414,0.71445953788744,0.942767479528583,0.715896938362743,0.741104776270058
"021015","CALDARO SULLA STRADA DEL VINO/KALTERN AN DER WEINSTRASSE",0.51614941126986,0.505662138081956,0.941464522984322,0.553961649506749,0.597017524337591
"021016","CAMPO DI TRENS/FREIENFELD",0.595595292946876,0.609364111692647,0.942697759109344,0.63650150799872,0.670523313677678
"021017","CAMPO TURES/SAND IN TAUFERS",0.549661016689979,0.555903883065966,0.952070018121743,0.59271120670235,0.632639963526727
"021018","CASTELBELLO-CIARDES/KASTELBELL-TSCHARS",0.601032142683334,0.62724161370289,0.924913104153246,0.645214500789125,0.676292123385139
"021019","CASTELROTTO/KASTELRUTH",0.52835408002294,0.524195907273027,0.937251431532497,0.567372637436435,0.608470281224886
"021020","CERMES/TSCHERMS",0.616769560378786,0.632237633918723,0.93423291058907,0.655476528492786,0.686449459836818
"021021","CHIENES/KIENS",0.589395045503904,0.601999693047993,0.958999373111282,0.632027569659482,0.668357770043015
"021022","CHIUSA/KLAUSEN",0.558993272192547,0.564828199070151,0.952022105585019,0.600921872626716,0.639933009622083
"021023","CORNEDO ALL'ISARCO/KARNEID",0.588692245130306,0.603404315613985,0.950493599776091,0.63149281231254,0.666937344252935
"021024","CORTACCIA SULLA STRADA DEL VINO/KURTATSCH AN DER WEINSTRASSE",0.606996900110157,0.617102159964655,0.934714674219758,0.644316044455641,0.676582558873876
"021025","CORTINA SULLA STRADA DEL VINO/KURTINIG AN DER WEINSTRASSE",0.665116708389173,0.694109149343807,0.934810635761506,0.705132699555991,0.730652470245493
"021026","CORVARA IN BADIA/CORVARA",0.609735998749626,0.6260867317762,0.929900214772286,0.64911025021385,0.680309135164788
"021027","CURON VENOSTA/GRAUN IM VINSCHGAU",0.617813280924072,0.641648135135029,0.933737407735749,0.66013137800017,0.69053204797079
"021028","DOBBIACO/TOBLACH",0.5741103204638,0.57472231794684,0.933739867741079,0.610348674058896,0.646281028912472
"021029","EGNA/NEUMARKT",0.544247406980711,0.538307301487307,0.943146504206078,0.581464269231216,0.621651184228423
"021030","FALZES/PFALZEN",0.571431409963354,0.574034302841252,0.956543078559514,0.611113878618024,0.649494900833745
"021031","FIÈ ALLO SCILIAR/VÖLS AM SCHLERN",0.564135019520615,0.565731768918885,0.942101011473556,0.60265015594513,0.640366917670511
"021032","FORTEZZA/FRANZENSFESTE",0.616870099900766,0.658986839520594,0.942842091181776,0.66841983185779,0.698911194004899
"021033","FUNES/VILLNÖSS",0.609623230557765,0.637092134352945,0.952945353071003,0.65631644951692,0.689275216578484
"021034","GAIS/GAIS",0.586032856411785,0.601357020291225,0.952863914024964,0.629611835918851,0.665528733486197
"021035","GARGAZZONE/GARGAZON",0.609683479807906,0.616059292980608,0.942723704603515,0.645856618215183,0.678841850036109
"021036","GLORENZA/GLURNS",0.648827523181328,0.679704394172503,0.928821209034287,0.690721483712653,0.71717700874839
"021037","LACES/LATSCH",0.546993412558254,0.552233876292463,0.922710355897125,0.586923315572535,0.624232986719712
"021038","LAGUNDO/ALGUND",0.536621174071487,0.524012597418824,0.934137117414145,0.570698908912054,0.611080932078953
"021039","LAION/LAJEN",0.607279232920982,0.631535050203346,0.950331538157434,0.652499581221691,0.685592020881218
"021040","LAIVES/LEIFERS",0.475642142726437,0.451297179426615,0.937963697824218,0.510919064751295,0.558368468426065
"021041","LANA/LANA",0.496866714199964,0.482411079001927,0.939069043024832,0.534581911243334,0.579524925885723
"021042","LASA/LAAS",0.569749410916326,0.579745007060247,0.918105155885404,0.609083003677998,0.64341879836771
"021043","LAUREGNO/LAUREIN",0.739442949982068,0.796129052052579,0.943450857394007,0.785352486654992,0.80291897229266
"021044","LUSON/LÜSEN",0.602887425358878,0.651050605552706,0.952930660192097,0.659565179929422,0.692161344403053
"021045","MAGRÈ SULLA STRADA DEL VINO/MARGREID AN DER WEINSTRASSE",0.633786184095699,0.657013852232145,0.934885439196371,0.674348560267167,0.703297102370412
"021046","MALLES VENOSTA/MALS",0.558069153604599,0.561644109392129,0.931208799664309,0.596991848314959,0.634127065131553
"021047","MAREBBE/ENNEBERG",0.57869328040594,0.58780141531775,0.939910667923611,0.618913679868021,0.654580011874198
"021048","MARLENGO/MARLING",0.575113346576717,0.580858740788712,0.938744954940502,0.614061934808493,0.650137825934272
"021049","MARTELLO/MARTELL",0.704911317492903,0.761189642318962,0.941058207234941,0.753851252638833,0.774652025371734
"021050","MELTINA/MÖLTEN",0.634246572466336,0.662286753936598,0.952486092592709,0.678688606140591,0.709110549079715
"021051","MERANO/MERAN",0.406244547162577,0.359017600488764,0.921190986677367,0.43648706511084,0.49034305639601
"021052","MONGUELFO-TESIDO/WELSBERG-TAISTEN",0.586896741686997,0.599518126746255,0.944883089537346,0.628374999748698,0.66354256528077
"021053","MONTAGNA/MONTAN",0.613209306498392,0.62672998787155,0.943826667360603,0.652355349202534,0.684741051220097
"021054","MOSO IN PASSIRIA/MOOS IN PASSEIER",0.608083131210008,0.665776329154305,0.944858614776508,0.667722618641592,0.698515507101027
"021055","NALLES/NALS",0.613642277237909,0.623956957653241,0.94278141123412,0.65119779682443,0.683595976203284
"021056","NATURNO/NATURNS",0.547100921846855,0.550209306247325,0.934906997501914,0.587280302392572,0.625905490738055
"021057","NAZ-SCIAVES/NATZ-SCHABS",0.562443671052592,0.55778085824226,0.936134275894358,0.597714465772119,0.635316666896812
"021058","NOVA LEVANTE/WELSCHNOFEN",0.601164327333174,0.612125011966436,0.948731383176897,0.640853341002514,0.675062012355224
"021059","NOVA PONENTE/DEUTSCHNOFEN",0.564156307360309,0.568619868570914,0.944794301363941,0.604228709305444,0.642069330645277
"021060","ORA/AUER",0.557757503182591,0.554675903557091,0.942124586543028,0.59480749168716,0.633398280004479
"021061","ORTISEI/ST. ULRICH",0.54743106880512,0.547106533985159,0.932439319616909,0.585785853217316,0.624302905039493
"021062","PARCINES/PARTSCHINS",0.570843036960716,0.579319766761008,0.940007493584102,0.611574011033186,0.64806662020551
"021063","PERCA/PERCHA",0.61309158800169,0.624008725640467,0.949062689506592,0.65160141008963,0.684652663358181
"021064","PLAUS/PLAUS",0.638978257399424,0.691783264867542,0.94260832178059,0.693103517198194,0.720826273262905
"021065","PONTE GARDENA/WAIDBRUCK",0.70411014681379,0.75543927551824,0.942584194958672,0.751055659545281,0.772336607924547
"021066","POSTAL/BURGSTALL",0.596220795539939,0.607468489957296,0.952044809690234,0.636864659442779,0.67188467613694
"021067","PRATO ALLO STELVIO/PRAD AM STILFSERJOCH",0.581000181793879,0.593744605422585,0.938238772087919,0.622459031456201,0.657545669304169
"021068","PREDOI/PRETTAU",0.6731862511426,0.738897442074593,0.95490717953624,0.730928379901361,0.755814913194125
"021069","PROVES/PROVEIS",0.713446791176951,0.778293700475782,0.943470392449663,0.765630260488696,0.785390275151026
"021070","RACINES/RATSCHINGS",0.573848085442914,0.58703531516648,0.952724741427095,0.617670004416937,0.654898308529177
"021071","RASUN-ANTERSELVA/RASEN-ANTHOLZ",0.590375551708437,0.61004313003074,0.946191523198008,0.63480755910243,0.669405777335272
"021072","RENON/RITTEN",0.517771923479784,0.505892755774849,0.946696698983784,0.555318775562963,0.59880521149861
"021073","RIFIANO/RIFFIAN",0.644238852427241,0.677408420178245,0.947480675951668,0.689489340267636,0.718155044232528
"021074","RIO DI PUSTERIA/MÜHLBACH",0.590295802568563,0.602712523116879,0.947102774933777,0.631564024051826,0.666623885260932
"021075","RODENGO/RODENECK",0.603648361633226,0.645745908051465,0.945930095234392,0.65682043088155,0.688943726920755
"021076","SALORNO SULLA STRADA DEL VINO/SALURN AN DER WEINSTRASSE",0.571588922052777,0.576853675956074,0.937157231584924,0.610514892262475,0.646808485520525
"021077","SAN CANDIDO/INNICHEN",0.575619971800323,0.580393224837727,0.942304552599529,0.614436393747076,0.650866189175126
"021079","SAN GENESIO ATESINO/JENESIEN",0.582340852272044,0.594833461242323,0.950587539319302,0.624787195013395,0.660987233269607
"021080","SAN LEONARDO IN PASSIRIA/ST. LEONHARD IN PASSEIER",0.594505747074637,0.615177194027213,0.94379732557482,0.638737056053315,0.672632641555704
"021081","SAN LORENZO DI SEBATO/ST. LORENZEN",0.566862187354186,0.572995973101314,0.950731367938794,0.608009308998855,0.646089537769959
"021082","SAN MARTINO IN BADIA/ST. MARTIN IN THURN",0.617088410942473,0.641576275494759,0.945175408159903,0.660916649712745,0.692500956206874
"021083","SAN MARTINO IN PASSIRIA/ST. MARTIN IN PASSEIER",0.603886621860502,0.632838137643515,0.948660862234618,0.65139222800027,0.68442207624853
"021084","SAN PANCRAZIO/ST. PANKRAZ",0.652075898676356,0.690480856229491,0.949013858017801,0.699051925509411,0.726825473565899
"021085","SANTA CRISTINA VALGARDENA/ST. CHRISTINA IN GRÖDEN",0.608525440239125,0.62040879744666,0.934910706510801,0.646511477609683,0.678555836376474
"021086","SARENTINO/SARNTAL",0.549127698406791,0.559947178431796,0.950299566550927,0.594113651232457,0.63368986404562
"021087","SCENA/SCHENNA",0.595013529497795,0.616936714413397,0.938238094986977,0.639201419258734,0.672427716561872
"021088","SELVA DEI MOLINI/MÜHLWALD",0.622166483569335,0.683522232294505,0.95816095519121,0.683376017657849,0.713907677383778
"021089","SELVA DI VAL GARDENA/WOLKENSTEIN IN GRÖDEN",0.575531347078705,0.580583857179202,0.932863242191358,0.613538166135194,0.649018730141434
"021091","SENALES/SCHNALS",0.660111830396609,0.7061875427693,0.951834048065646,0.710018122731224,0.736886558879493
"021092","SESTO/SEXTEN",0.617133401618745,0.643886898163404,0.94225170064505,0.661684304966472,0.69285846004187
"021093","SILANDRO/SCHLANDERS",0.531827435563363,0.527238882259769,0.923427653900933,0.568922608410503,0.60831205790944
"021094","SLUDERNO/SCHLUDERNS",0.615750511588284,0.635845918220503,0.926275884312674,0.655845981845221,0.685893748786049
"021095","STELVIO/STILFS",0.644710687301574,0.682309241039857,0.939010607476201,0.691060028501264,0.718610092831812
"021096","TERENTO/TERENTEN",0.623230616094341,0.646766834003065,0.953326675703272,0.66683152011416,0.698664315179617
"021097","TERLANO/TERLAN",0.533714344867347,0.520140618263404,0.941361119042378,0.568370845313076,0.609814209060776
"021098","TERMENO SULLA STRADA DEL VINO/TRAMIN AN DER WEINSTRASSE",0.581152023664388,0.593086686001007,0.939947762020691,0.622402195551497,0.657685036270296
"021099","TESIMO/TISENS",0.614781696299619,0.638905622174019,0.942057395650796,0.658365032878217,0.689886406519615
"021100","TIRES/TIERS",0.647480938305697,0.674448090520349,0.945466030783014,0.689414666050022,0.717864817687021
"021101","TIROLO/TIROL",0.587237370819091,0.598813501436369,0.935249192929153,0.627247811807872,0.661470187488015
"021102","TRODENA NEL PARCO NATURALE/TRUDEN IM NATURPARK",0.647200594805073,0.671437008165833,0.948913555575311,0.688278276894439,0.717237752303424
"021103","TUBRE/TAUFERS IM MÜNSTERTAL",0.667322223834464,0.70354707270891,0.925082095150697,0.709399392959588,0.733364137647489
"021104","ULTIMO/ULTEN",0.613377488987146,0.639019220885067,0.946344860506706,0.658213005493167,0.690227656050226
"021105","VADENA/PFATTEN",0.651927832317469,0.681512225761871,0.939800449506541,0.694028071086357,0.721336113133044
"021106","VALDAORA/OLANG",0.576322959709458,0.586180309541238,0.947669676575758,0.617893438820389,0.65453524301543
"021107","VAL DI VIZZE/PFITSCH",0.58175319341942,0.588714624593321,0.948837373025335,0.621594255408267,0.657954601810163
"021108","VALLE AURINA/AHRNTAL",0.566086616482204,0.577031071171869,0.946999296287781,0.609102889073111,0.646646934319185
"021109","VALLE DI CASIES/GSIES",0.611269904907042,0.632434437585383,0.944425769191719,0.654109531040764,0.686366890835314
"021110","VANDOIES/VINTL",0.602144139931153,0.6216044631009,0.953670664482519,0.646053937812676,0.680233574109325
"021111","VARNA/VAHRN",0.539793637362488,0.52920952116563,0.946051163366357,0.575656537674289,0.616811496084519
"021112","VERANO/VÖRAN",0.663262845833127,0.702402830142159,0.95247432141519,0.709796986330398,0.736761134673152
"021113","VILLABASSA/NIEDERDORF",0.621531952509341,0.635179068850464,0.93810938374349,0.659330897986262,0.69030628529262
"021114","VILLANDRO/VILLANDERS",0.589906648226746,0.635359386766137,0.94978308742119,0.646348024488917,0.680063031481391
"021115","VIPITENO/STERZING",0.524111939727572,0.509071779103649,0.943220485292786,0.559254722003328,0.601917584591046
"021116","VELTURNO/FELDTHURNS",0.588499232099127,0.598963531599169,0.951479649881677,0.629506208652401,0.665281035455654
"021117","LA VALLE/WENGEN",0.639330742618917,0.668028355545441,0.946710482436956,0.682982642417657,0.712285735753135
"021118","SENALE-SAN FELICE/UNSERE LIEBE FRAU IM WALDE-ST. FELIX",0.645294510735548,0.702913221892993,0.947879282738654,0.701481407956709,0.728858949599147
"022001","ALA",0.520984336463561,0.506625913992696,0.928375590922507,0.555262171797566,0.596719218367004
"022002","ALBIANO",0.64177530305279,0.668287828497186,0.943641760885156,0.683892585286005,0.712753604797022
"022003","ALDENO",0.568997853653816,0.559998139132339,0.925325710167826,0.600580767770552,0.636663539148027
"022005","ANDALO",0.617991173775163,0.624656850284542,0.906601768616025,0.64985178768847,0.678379563347087
"022006","ARCO",0.459389726937082,0.424253584276451,0.91952208539821,0.489591698585911,0.537361741565055
"022007","AVIO",0.570147094125658,0.575145686388671,0.930126278653985,0.608394379096847,0.644142367936529
"022009","BASELGA DI PINÈ",0.532112265116584,0.516367606086041,0.923755288752277,0.564191470916409,0.604143006231506
"022011","BEDOLLO",0.635796343042703,0.658526121454395,0.935567639470313,0.676001872970725,0.704842513692902
"022013","BESENELLO",0.577034709781815,0.565188193600934,0.926171869285523,0.606617493450789,0.642123535210204
"022015","BIENO",0.703432762771304,0.761048315285913,0.941041056049653,0.753120590730713,0.774000642432818
"022017","BLEGGIO SUPERIORE",0.628295454459684,0.651865366346727,0.936447519496312,0.669717121312516,0.699353832221827
"022018","BOCENAGO",0.701837736638091,0.747321456333943,0.942106438766524,0.746332280714068,0.768084964942118
"022021","BONDONE",0.665514700612256,0.729665559872973,0.944458462212989,0.722276963439652,0.746963796636689
"022022","BORGO VALSUGANA",0.524857954134245,0.511452715627633,0.927736928498247,0.55911349424267,0.600071653604401
"022025","BRENTONICO",0.560713485451656,0.557871451885292,0.929545827406368,0.596317804542263,0.633343140416053
"022026","BRESIMO",0.729489289235202,0.809525476006707,0.953862105815244,0.787942854940383,0.806378327259812
"022029","CADERZONE TERME",0.665969759264428,0.698758963500047,0.927325536943222,0.706860478938336,0.731356596494435
"022032","CALCERANICA AL LAGO",0.63243242618002,0.645078019262981,0.935785883498805,0.668458288799231,0.698161354876962
"022033","CALDES",0.617572617465968,0.667525780571626,0.927639392927338,0.671058218409652,0.699567237800506
"022034","CALDONAZZO",0.551788403766105,0.535547608206739,0.923980884786789,0.581699293866459,0.619730581746496
"022035","CALLIANO",0.601859223565428,0.590688831295489,0.924146310298764,0.629061255717289,0.661848484004119
"022036","CAMPITELLO DI FASSA",0.646973816779606,0.663525500070149,0.907985530419766,0.680523245624366,0.705796832823855
"022037","CAMPODENNO",0.61103622205584,0.626655943086275,0.912989950009457,0.648260469314898,0.677674856058738
"022038","CANAL SAN BOVO",0.634964547205026,0.665877160100478,0.934582283727835,0.67883699666026,0.707253139667769
"022039","CANAZEI",0.593993144745459,0.606959266671513,0.919174365908532,0.63234602172849,0.664215837748495
"022040","CAPRIANA",0.642230056306802,0.68678065946411,0.929372723295789,0.690992094426489,0.717478830967523
"022042","CARISOLO",0.645475303965322,0.66721786447658,0.923667984732892,0.683078724272145,0.709810864323339
"022043","CARZANO",0.641500411814612,0.680940594812038,0.924478212828707,0.687546274264863,0.713872045216401
"022045","CASTEL CONDINO",0.767083940861296,0.847612839170799,0.951655951540942,0.821779146168537,0.836209902321027
"022047","CASTELLO-MOLINA DI FIEMME",0.594998582040549,0.603505899793599,0.930848721728063,0.632411888998173,0.665571537079272
"022048","CASTELLO TESINO",0.639403895039018,0.664621842941596,0.927415549031593,0.679553136994435,0.707093404998564
"022049","CASTELNUOVO",0.632388751867125,0.651094532021478,0.930501163894244,0.670617594139296,0.69949354633429
"022050","CAVALESE",0.549272535886109,0.541695746312701,0.928425890945962,0.583778316084061,0.622072491068717
"022051","CAVARENO",0.615376335418141,0.617424138936991,0.921044995900662,0.646864713049876,0.677329188922185
"022052","CAVEDAGO",0.673552675138673,0.701876369863411,0.93074940503705,0.712018010754643,0.736321499008244
"022053","CAVEDINE",0.577857042287153,0.582850936364732,0.930793823535335,0.615397972746882,0.650441956167821
"022054","CAVIZZANA",0.723446652445039,0.75228820936148,0.912285470022547,0.755309234815188,0.772751038727117
"022058","CIMONE",0.667119152506971,0.695281879330268,0.936728421094894,0.706753306436247,0.732306096953874
"022059","CINTE TESINO",0.68578745220606,0.74875511025337,0.94023624707885,0.739567777814628,0.761864274399542
"022060","CIS",0.683202640824281,0.745318845753579,0.92971521025564,0.735806189985601,0.757351636682272
"022061","CIVEZZANO",0.544772140729306,0.526677924740071,0.927957006310041,0.574948230092224,0.614171427449759
"022062","CLES",0.508845106798834,0.483522438431623,0.91728797136106,0.538294192489812,0.580404612364395
"022064","COMMEZZADURA",0.655288523590345,0.69506548937118,0.933884348209023,0.701047740653589,0.726918474826415
"022068","CROVIANA",0.649006735835937,0.671817401820958,0.920972199334933,0.686468081879096,0.712524094929744
"022071","DAMBEL",0.690087519633038,0.704084803918076,0.890139112912976,0.716391456889299,0.735696752003041
"022074","DENNO",0.627475485281798,0.640175896864072,0.916291408566502,0.662072262822292,0.690318834571649
"022078","DRENA",0.669945041068684,0.705857502179007,0.927050623376848,0.711816206799146,0.735731141974446
"022079","DRO",0.549900038259965,0.544581036632438,0.932104609233152,0.585726944624897,0.624213351803592
"022081","FAI DELLA PAGANELLA",0.680149655188143,0.701180185984068,0.929648649343597,0.714563293461855,0.738461666337604
"022083","FIAVÈ",0.647314718875464,0.670799434993303,0.929762272524466,0.686127596493391,0.7131981160524
"022085","FIEROZZO",0.743795692059629,0.814467478364325,0.949631061856692,0.796181532876449,0.81323148054092
"022087","FOLGARIA",0.567436480176509,0.56608558561465,0.926203578009398,0.602705287406962,0.638649541918344
"022089","FORNACE",0.643867556064763,0.664347393553101,0.934659178748097,0.682162645202849,0.710217815596765
"022090","FRASSILONGO",0.705506222422481,0.775795023087617,0.94822901664549,0.761408462144093,0.782166301533137
"022091","GARNIGA TERME",0.720396221765006,0.760189961342338,0.931781372473675,0.759441919645672,0.778590747737673
"022092","GIOVO",0.605546432336804,0.620111104826807,0.940010622496084,0.645546953973233,0.678265139364661
"022093","GIUSTINO",0.654521894086231,0.678602252545352,0.929483014054278,0.69285416738964,0.719146261463488
"022095","GRIGNO",0.62008184757458,0.645702499481777,0.938485887601176,0.663451544935478,0.694010916342778
"022097","IMER",0.632084677917366,0.648957919228635,0.922515554122094,0.66872072412791,0.696920149682819
"022098","ISERA",0.565455824105284,0.552615135178629,0.927930468368731,0.595924978514634,0.632814477387311
"022102","LAVARONE",0.625210435208531,0.636644488148546,0.920446960553001,0.659879411565985,0.688831361453431
"022103","LAVIS",0.510842833035058,0.491512446888808,0.927954447248558,0.543855320690595,0.586533001419258
"022104","LEVICO TERME",0.506994281996739,0.483759245833869,0.922287574096962,0.53806784493347,0.580758925951636
"022106","LIVO",0.617091390714659,0.660499416482466,0.913337114690143,0.66624957470772,0.693703745816878
"022108","LONA-LASES",0.666613669968003,0.701094289103341,0.938454596821801,0.709314041264285,0.734774102992898
"022109","LUSERNA",0.700697839119541,0.757932884100119,0.931893235896069,0.749573149038454,0.769830936467078
"022110","MALÉ",0.590302408383063,0.604346858834594,0.925754209081729,0.630167591156119,0.663010548703409
"022112","MASSIMENO",0.70019271580434,0.742086537973514,0.904761003883295,0.739501764588364,0.757863902287801
"022113","MAZZIN",0.667479603336143,0.691992367781879,0.924609493388697,0.70422333634198,0.728710687124948
"022114","MEZZANA",0.648782650203851,0.669950501271915,0.918671715712718,0.685297089735367,0.71122760373285
"022115","MEZZANO",0.609482044098164,0.622939187824236,0.924931187019089,0.647082673066989,0.677954730172778
"022116","MEZZOCORONA",0.538360156899112,0.524599307469333,0.929737829462631,0.571305541912064,0.611131351639904
"022117","MEZZOLOMBARDO",0.522929744923193,0.506241658638609,0.926246570119413,0.555751788614752,0.596917875448603
"022118","MOENA",0.572883130258148,0.569767379650194,0.924103505991641,0.606603080057918,0.641880905161665
"022120","MOLVENO",0.622296594877262,0.63620807107057,0.917694318792843,0.658096531555808,0.686940730137701
"022123","MORI",0.505368676498797,0.48529555620759,0.926733008839858,0.53847220560186,0.581612294850526
"022124","NAGO-TORBOLE",0.572260969821671,0.570123409077694,0.928299142465315,0.606902884751246,0.642613580052809
"022127","NOGAREDO",0.58498860558201,0.582871113882802,0.930681504598381,0.618605024219004,0.653280188705601
"022128","NOMI",0.602920300506357,0.645064264492022,0.936851949387847,0.655278249188055,0.686564215876921
"022129","NOVALEDO",0.653304646573881,0.680474931546454,0.938049783166333,0.694005788470784,0.721121787881401
"022130","OSPEDALETTO",0.664903720372833,0.700352228154198,0.935117770714326,0.707876953908597,0.733125933553678
"022131","OSSANA",0.649487531260825,0.674598649431504,0.929178164242237,0.688756597735772,0.715470105125379
"022133","PALÙ DEL FERSINA",0.76051375446073,0.817577139814142,0.92910523846803,0.803051426270495,0.817057405403555
"022134","PANCHIÀ",0.613784605537503,0.647901052997835,0.925919815660682,0.66035052790697,0.689858226546272
"022135","RONZO-CHIENIS",0.686038225462378,0.718357175333007,0.936545925196485,0.725632522877572,0.749067345357451
"022136","PEIO",0.613027913909025,0.629868317350859,0.925089023696559,0.651812206436603,0.682176297243265
"022137","PELLIZZANO",0.65448382379116,0.678229650382906,0.923625319897039,0.692083595368034,0.717810453649034
"022138","PELUGO",0.675015705774202,0.691496685514991,0.918501069463534,0.706780683026491,0.730305170408384
"022139","PERGINE VALSUGANA",0.450059703039998,0.410805062199346,0.920858978602616,0.479475042217966,0.528517701816261
"022142","PIEVE TESINO",0.63179107253765,0.672475012007965,0.927793844983333,0.67969912254386,0.707265202814913
"022143","PINZOLO",0.55132698362385,0.543320860343522,0.917672069401012,0.584358736725419,0.621393551467151
"022144","POMAROLO",0.587605105344056,0.583510722937822,0.929150613474789,0.619917184074324,0.654276454007709
"022147","PREDAZZO",0.547820550733494,0.546571639510813,0.928263379136269,0.585302823523565,0.623409551924977
"022150","RABBI",0.633654057385605,0.663533821247775,0.934027610770926,0.677137306462113,0.705680673607537
"022153","RIVA DEL GARDA",0.459904759522885,0.42553765844981,0.919504168063172,0.49039950489403,0.538077800801712
"022155","ROMENO",0.620098923703844,0.63739566869496,0.923798007980566,0.658252367377519,0.687757438555635
"022156","RONCEGNO TERME",0.584839185685659,0.591308896320829,0.932998822169302,0.62256651911985,0.657058997236456
"022157","RONCHI VALSUGANA",0.688130783598896,0.722724524670014,0.936367068063744,0.728521595527384,0.751615536920313
"022159","RONZONE",0.679106557423571,0.70641665946985,0.931769370678401,0.71666238466988,0.740563160893049
"022160","ROVERÈ DELLA LUNA",0.626365719391477,0.649052048899011,0.936407946217604,0.66757879035248,0.697448696559716
"022161","ROVERETO",0.400302293203753,0.340051974833963,0.907475904868858,0.423907011103858,0.477636888188858
"022162","RUFFRÈ-MENDOLA",0.681520705941912,0.711380329783076,0.925630284674157,0.719368494543661,0.742286471224827
"022163","RUMO",0.626802152507107,0.672601548636991,0.929416591794739,0.677673324694318,0.705644798816587
"022164","SAGRON MIS",0.706848395363479,0.761993910890564,0.932976036136792,0.754276641427998,0.774132129728975
"022165","SAMONE",0.686333896758602,0.731512860258991,0.937109212534268,0.731741961911344,0.754560545313891
"022167","SAN MICHELE ALL'ADIGE",0.565431895681556,0.561829881936887,0.931457610177327,0.600413560946032,0.637196233082842
"022168","SANT'ORSOLA TERME",0.630221172195536,0.636704946439631,0.923731633447767,0.662489916730602,0.69151677414362
"022169","SANZENO",0.62789324957251,0.639014916605802,0.900446452243747,0.660153320004615,0.686852556920074
"022170","SARNONICO",0.662111833664958,0.686756622491608,0.933741497491659,0.700364955019621,0.726295681960958
"022171","SCURELLE",0.600093504573684,0.640893485718687,0.939102421641165,0.652354387795683,0.684215280445181
"022172","SEGONZANO",0.635973681501956,0.66042229486133,0.933337218829354,0.676711911246414,0.705225834311185
"022173","SFRUZ",0.654113673501355,0.685139323493826,0.925979530485637,0.695261801696395,0.7208971048952
"022176","SORAGA DI FASSA",0.666982555249086,0.701389690955482,0.924057117048183,0.708173222496874,0.732160321891464
"022177","SOVER",0.67809303144659,0.724108117045519,0.937786136253327,0.724769130446782,0.748437686647509
"022179","SPIAZZO",0.614906756706073,0.626670064593541,0.921751297806187,0.650884699365445,0.680980988081083
"022180","SPORMAGGIORE",0.623534271032221,0.640913769432922,0.92263381857501,0.661265000066816,0.690305979901059
"022181","SPORMINORE",0.639136166348183,0.690811298690434,0.924389577625269,0.690915317029905,0.716856901540501
"022182","STENICO",0.628722886442304,0.646019365234721,0.926771477471824,0.666311161001844,0.695251196165175
"022183","STORO",0.568948533505753,0.575049802710542,0.936044921741956,0.608403743471528,0.644808318834909
"022184","STREMBO",0.654006354762044,0.674329955650659,0.926660509359652,0.690417390621681,0.716666626037011
"022188","TELVE",0.60545226716308,0.614204693280283,0.925776134944859,0.641423245693999,0.673018011166317
"022189","TELVE DI SOPRA",0.650126252629904,0.703840028697444,0.938575351984635,0.70314236179577,0.729301582927866
"022190","TENNA",0.60700891099001,0.599187066622434,0.9196931975789,0.63475750968349,0.666417030560758
"022191","TENNO",0.604252641803834,0.612278604828948,0.936855335247048,0.641124594509457,0.673983565702522
"022193","TERRAGNOLO",0.630710358793629,0.672505293314057,0.925393802906763,0.678986423739135,0.706365021424427
"022195","TERZOLAS",0.62331576259848,0.657800125228648,0.918510929024808,0.668353242424688,0.696148540935813
"022196","TESERO",0.576459160059997,0.584556750068482,0.928666711153741,0.61532383067319,0.65013970628214
"022199","TIONE DI TRENTO",0.550283774467503,0.538434616800663,0.924289749535669,0.582352251024241,0.6203453064144
"022200","TON",0.63798797025372,0.669028270366097,0.930078996236242,0.681165207902542,0.708822295495175
"022202","TORCEGNO",0.697086265609013,0.733527643971239,0.934111630658964,0.73718742237701,0.759067889963894
"022203","TRAMBILENO",0.62243258425569,0.634116140732277,0.934118871836701,0.658858813428255,0.689443264362527
"022205","TRENTO",0.324106744814537,0.235817449205549,0.877552845518868,0.339721171860925,0.399480246711808
"022209","VALFLORIANA",0.667605270905011,0.724891082768908,0.93145970487229,0.719769329640493,0.743290482444026
"022210","VALLARSA",0.637295136114844,0.658112472385605,0.935302701844927,0.676463694009695,0.705223583769165
"022213","VERMIGLIO",0.618347496200988,0.64130453027994,0.923854614179377,0.659228873334355,0.688631733428247
"022216","VIGNOLA-FALESINA",0.700983072700949,0.743811328857959,0.930165954611395,0.743174076162648,0.763950951545842
"022222","VILLA LAGARINA",0.555828591830955,0.545802396049893,0.929143373206465,0.588648281867028,0.626481069793632
"022224","VOLANO",0.57514889302265,0.564923929430992,0.926336234886149,0.605666393592754,0.641296375958687
"022226","ZIANO DI FIEMME",0.603710912704144,0.615030334574438,0.92966829505873,0.641400390781235,0.673430157923179
"022228","COMANO TERME",0.580260794173305,0.583503924139077,0.927255414430922,0.616419664683664,0.650956970211137
"022229","LEDRO",0.555757398453074,0.555071034242047,0.926465515641288,0.592519346276933,0.629624476206306
"022230","PREDAIA",0.524951492920144,0.514190606493823,0.91650883861116,0.559264828597401,0.598958607487819
"022231","SAN LORENZO DORSINO",0.622086908540244,0.642656493832905,0.927730806514661,0.661907611719383,0.691443522252192
"022232","VALDAONE",0.621244845233325,0.675319475011155,0.936837241979636,0.67713766830798,0.705993176493719
"022233","DIMARO FOLGARIDA",0.587483125053711,0.594903657017373,0.918644808952517,0.62393853282724,0.656683674618937
"022234","PIEVE DI BONO-PREZZO",0.628825816746943,0.65341036490895,0.937333682791019,0.670739650024254,0.700361209220561
"022235","ALTAVALLE",0.629346996710703,0.653073442865154,0.930318406038165,0.670121038412952,0.699031857037976
"022236","ALTOPIANO DELLA VIGOLANA",0.527601193022959,0.501667163680428,0.926027735682823,0.555773534084807,0.59691288981792
"022237","AMBLAR-DON",0.688905437120238,0.734393573924218,0.94586335838009,0.735070890808014,0.7584922760938
"022238","BORGO CHIESE",0.609317324373634,0.629725895626717,0.937846326193674,0.651354081619525,0.683186553238875
"022239","BORGO LARES",0.651387482102143,0.673404580383009,0.928698030977694,0.689026231216088,0.7156564311896
"022240","CASTEL IVANO",0.576304255821479,0.582108798377043,0.931326624905425,0.614418536879878,0.649630546660494
"022241","CEMBRA LISIGNAGO",0.612613732358978,0.635858155588799,0.935325960619594,0.655344945638459,0.68645394730303
"022242","CONTÀ",0.625258114229442,0.64554557276624,0.917600635342044,0.663621722682261,0.691841601866682
"022243","MADRUZZO",0.581520901132175,0.583767948364136,0.929437916477326,0.617323773921073,0.65200312309399
"022244","PORTE DI RENDENA",0.605792944219269,0.613272932002299,0.925017699603205,0.641081414260027,0.672629890409269
"022245","PRIMIERO SAN MARTINO DI CASTROZZA",0.538895662627163,0.531164645190392,0.920450369708521,0.573572175488752,0.612114197068726
"022246","SELLA GIUDICARIE",0.584771566640907,0.596170114728207,0.932308701037348,0.624654626719837,0.658838412755116
"022247","TRE VILLE",0.613467386830005,0.621919111156579,0.931451407785583,0.649069064872521,0.68044488075175
"022248","VALLELAGHI",0.537838944519059,0.520945623714756,0.925463693710527,0.568999425076269,0.608606566035631
"022249","VILLE D'ANAUNIA",0.540637024655233,0.529978530600731,0.91289763064589,0.573066762929773,0.610825748231564
"022250","SAN GIOVANNI DI FASSA-SÈN JAN",0.559990298383602,0.56145220831543,0.921658769914486,0.596815005006013,0.63290875666251
"022251","TERRE D'ADIGE",0.589000943052738,0.594952726622593,0.930328330348718,0.625811984388771,0.659647133939876
"022252","BORGO D'ANAUNIA",0.589422906547214,0.604089839120062,0.929772868515017,0.630058022401776,0.663359671969914
"022253","NOVELLA",0.555661255089838,0.548582328287435,0.905984516297822,0.587508064149555,0.622894336610473
"022254","VILLE DI FIEMME",0.581790742800553,0.588792704928985,0.935095111482628,0.620272062626555,0.655252401388341
"023001","AFFI",0.601219637573563,0.616010718944859,0.936385947762138,0.641392255209504,0.674169332159796
"023002","ALBAREDO D'ADIGE",0.574372959106357,0.587782091651363,0.934970398828821,0.616466812723856,0.651856100068852
"023003","ANGIARI",0.600547821019149,0.611537256544865,0.945200131228399,0.639958298026646,0.673874057271285
"023004","ARCOLE",0.55117659674503,0.553388580861207,0.937868704562528,0.590841200379059,0.629399811955
"023005","BADIA CALAVENA",0.607795891173276,0.631172060629794,0.937790128479526,0.651314591159334,0.683145206417133
"023006","BARDOLINO",0.524356489233181,0.514973977307699,0.931337167376869,0.560832426681083,0.601999620091726
"023007","BELFIORE",0.594442481627616,0.608384788482013,0.934425663973843,0.634714837946717,0.66801604083862
"023008","BEVILACQUA",0.643124001040137,0.673893560397539,0.941964345249455,0.6868543371719,0.715199893624962
"023009","BONAVIGO",0.622979680904211,0.651745917772274,0.936125938374956,0.667239113241913,0.697115427145585
"023010","BOSCHI SANT'ANNA",0.662508669365785,0.705664147584844,0.947174223633403,0.710395189991123,0.736703971506932
"023011","BOSCO CHIESANUOVA",0.585759947665419,0.599662530157593,0.936000798456032,0.627040194865958,0.661369150820411
"023012","BOVOLONE",0.502659587833102,0.497827538047313,0.93341567083353,0.54356077372954,0.586877984518872
"023013","BRENTINO BELLUNO",0.619563298489761,0.673351339716758,0.940921345888591,0.675903721781793,0.705350124460326
"023014","BRENZONE SUL GARDA",0.587665371641778,0.598334010076627,0.916576240679853,0.625357345841267,0.657715000823333
"023015","BUSSOLENGO",0.468850981492171,0.446371392616745,0.928829481827795,0.504733016531792,0.551854846009125
"023016","BUTTAPIETRA",0.538619185207967,0.535907105265095,0.934529879446789,0.576989818657557,0.616716492078583
"023017","CALDIERO",0.536386394821474,0.531069743733932,0.937024122639493,0.574057674613882,0.614387279950061
"023018","CAPRINO VERONESE",0.518908573687916,0.511520036688871,0.931320146401867,0.556824889309741,0.598435473431088
"023019","CASALEONE",0.572522633555773,0.592127220118523,0.939654933888122,0.618057927542246,0.653790928247343
"023020","CASTAGNARO",0.599729748116805,0.625022491149137,0.938627609256713,0.645001268595345,0.677626417557719
"023021","CASTEL D'AZZANO",0.50852456762899,0.500569412232089,0.939472890705418,0.548039580008027,0.591532170085515
"023022","CASTELNUOVO DEL GARDA",0.49895115691514,0.486361289393327,0.932433740761834,0.536633974914993,0.580611726675754
"023023","CAVAION VERONESE",0.542725973621684,0.538973936381436,0.938617110746379,0.580626670576042,0.620403386150524
"023024","CAZZANO DI TRAMIGNA",0.630048152880993,0.657893993119858,0.938305963390878,0.673404562039471,0.702838051078516
"023025","CEREA",0.495614451152185,0.488895545094494,0.933316879679164,0.536361186278922,0.580467374434504
"023026","CERRO VERONESE",0.593023088480872,0.604295993524102,0.934464482910386,0.632240035193277,0.665820529384067
"023027","COLOGNA VENETA",0.534144956139567,0.532042621570008,0.935503826384385,0.573334792607747,0.613575796360707
"023028","COLOGNOLA AI COLLI",0.521471875595007,0.511499493503602,0.935585339210465,0.558395650015421,0.600305615481537
"023029","CONCAMARISE",0.670923869596968,0.716336260081277,0.941568575333343,0.718423915888545,0.743217766937967
"023030","COSTERMANO SUL GARDA",0.553861016708741,0.550283940873224,0.93421884100063,0.590287115011947,0.628501751232912
"023031","DOLCÈ",0.621601356809881,0.64727883615445,0.94206241134557,0.665202327968506,0.695964559454846
"023032","ERBÈ",0.633394373850788,0.665145811813746,0.939407465103066,0.678283830059347,0.707297567286427
"023033","ERBEZZO",0.676164975287936,0.71593404203816,0.931876858636759,0.719632243660419,0.74321497865779
"023034","FERRARA DI MONTE BALDO",0.714465166752607,0.766899776847161,0.934427317168594,0.760056956336755,0.779431440873626
"023035","FUMANE",0.556949615749793,0.553312346462568,0.932279731621283,0.592845856157691,0.630560731209201
"023036","GARDA",0.55616780539824,0.555629337437537,0.926039413213583,0.592912655597458,0.629926739777027
"023037","GAZZO VERONESE",0.582325105136464,0.605775058286022,0.945621602377037,0.629207233777823,0.664364385844402
"023038","GREZZANA",0.513757285006067,0.504903448632417,0.934380370998557,0.551835367237174,0.594340367655105
"023039","ILLASI",0.55178041947393,0.552136080500256,0.93172136182996,0.589934561171379,0.627910872355666
"023040","ISOLA DELLA SCALA",0.509386887712938,0.50409419754632,0.93362558327269,0.549429046693935,0.592117550758241
"023041","ISOLA RIZZA",0.609166109373618,0.630870201132204,0.940119966817365,0.652028336409356,0.684038517565802
"023042","LAVAGNO",0.511844389391203,0.490739630086995,0.936246086131896,0.544787417378379,0.588282825017659
"023043","LAZISE",0.529124600147951,0.52483130574661,0.934861472584866,0.567766304911039,0.608554656874797
"023044","LEGNAGO",0.450166832516414,0.421436826627644,0.928216311476638,0.48504327776249,0.534284725952951
"023045","MALCESINE",0.569536399408961,0.576599481670416,0.917599240495341,0.607521070535254,0.641974200530819
"023046","MARANO DI VALPOLICELLA",0.572242620515867,0.572117058719056,0.930322590884136,0.607994114744129,0.643808389870797
"023047","MEZZANE DI SOTTO",0.576051960397909,0.572956555703962,0.933051763636644,0.610359008609506,0.646213759168077
"023048","MINERBE",0.577222386093135,0.593744970989118,0.941684221185252,0.621103732805539,0.656723787069952
"023049","MONTECCHIA DI CROSARA",0.585276737789692,0.603258518777815,0.936777431986028,0.628518608653981,0.662769589024208
"023050","MONTEFORTE D'ALPONE",0.531024896315529,0.527001574650636,0.936251876274424,0.569737099562217,0.610460963641351
"023051","MOZZECANE",0.536709455417356,0.534487069817412,0.940207344754946,0.57605917083114,0.616520079044897
"023052","NEGRAR DI VALPOLICELLA",0.457561283076435,0.420017428173525,0.925175365525904,0.487427956615073,0.536066557605165
"023053","NOGARA",0.536563146489453,0.540166172860099,0.939600483018389,0.578488242009137,0.618611824343498
"023054","NOGAROLE ROCCA",0.601154921032684,0.62012544252264,0.942218090592006,0.643797972659096,0.676955763540531
"023055","OPPEANO",0.525204591051526,0.523351477481307,0.935478901730404,0.565398121012815,0.606518207759214
"023056","PALÙ",0.667522132864655,0.71687190008435,0.944705432954137,0.717447858122466,0.742698699770429
"023057","PASTRENGO",0.580008205530162,0.588113117715219,0.937908606079048,0.619445456068326,0.654830250513962
"023058","PESCANTINA",0.46909566923152,0.439718536923201,0.929222272555453,0.501888620025169,0.549370136972979
"023059","PESCHIERA DEL GARDA",0.489939370753514,0.466576150962255,0.934417451346066,0.523873729906702,0.569489698955521
"023060","POVEGLIANO VERONESE",0.535969004078595,0.534603976290665,0.938122806718055,0.575570121837972,0.615853753491315
"023061","PRESSANA",0.613511834350105,0.639417738537222,0.940567430385378,0.657875050837835,0.689285315232007
"023062","RIVOLI VERONESE",0.616971186766189,0.642064360780408,0.940868497975355,0.660652846193504,0.69178791861371
"023063","RONCÀ",0.593442941055145,0.610512467875722,0.943709643085933,0.636150898327483,0.670324092189533
"023064","RONCO ALL'ADIGE",0.572865801102909,0.590579833601616,0.941704185463461,0.617720954163382,0.653719090974502
"023065","ROVERCHIARA",0.628010138118972,0.661213447025242,0.940849462119238,0.67423555952682,0.703859326481533
"023066","ROVEREDO DI GUÀ",0.642214852018932,0.669483938446365,0.937641655517886,0.684028621261173,0.712207847289696
"023067","ROVERÈ VERONESE",0.625990550419367,0.657155594960154,0.93934996100333,0.671350761521118,0.701128450352475
"023068","SALIZZOLE",0.608013608607021,0.639545630671195,0.941476844717851,0.655549342146982,0.687319064654857
"023069","SAN BONIFACIO",0.469178933321093,0.446794672675227,0.93129580826941,0.505317703525285,0.55264860405241
"023070","SAN GIOVANNI ILARIONE",0.585236769829979,0.6045652439595,0.944305046062316,0.629841410811497,0.664781814728255
"023071","SAN GIOVANNI LUPATOTO",0.454838346002373,0.429229529678632,0.930548363834857,0.490885380439938,0.539736823039373
"023072","SANGUINETTO",0.588546668040852,0.606809395114701,0.940743003105553,0.631984528730554,0.666291025883332
"023073","SAN MARTINO BUON ALBERGO",0.48361856169225,0.462863999815582,0.935089857618178,0.519426138440342,0.565610996126768
"023074","SAN MAURO DI SALINE",0.664952856644757,0.723841749506272,0.934445753872081,0.718402148155171,0.742406993234828
"023075","SAN PIETRO DI MORUBIO",0.606615059658402,0.631219964202834,0.939211540140492,0.650946914751605,0.682976317572593
"023076","SAN PIETRO IN CARIANO",0.476604496694637,0.448404333118089,0.929884090129223,0.509242382428649,0.555980349950935
"023077","SANT'AMBROGIO DI VALPOLICELLA",0.500150680879693,0.485018681146739,0.935050097323822,0.536831222644277,0.581077764275337
"023078","SANT'ANNA D'ALFAEDO",0.602087395543468,0.617332384103614,0.930059695749882,0.641744870416175,0.673779851008809
"023079","SAN ZENO DI MONTAGNA",0.617618251043367,0.632099906340214,0.93735753249072,0.656108924071683,0.687358769451576
"023080","SELVA DI PROGNO",0.64615478833592,0.704778860502957,0.937015354593226,0.701621677436817,0.727776530454196
"023081","SOAVE",0.527036247728473,0.512852576661418,0.935719296834373,0.561521900658888,0.603099389122831
"023082","SOMMACAMPAGNA",0.492625843029996,0.479873737218817,0.934803923458778,0.531105203457844,0.575960616791281
"023083","SONA",0.477031534895766,0.458598862192209,0.934708241571589,0.514504502846748,0.561193807149508
"023084","SORGÀ",0.603487924197923,0.627666552179878,0.944402025636025,0.648459716933613,0.681342195678325
"023085","TERRAZZO",0.634374956399522,0.66616855009455,0.938522605158796,0.679096838438212,0.707921923629388
"023086","TORRI DEL BENACO",0.57036617051816,0.575534878964975,0.932326241381441,0.608888096405555,0.644825668069542
"023087","TREGNAGO",0.563214139653732,0.566568640781744,0.934838705530571,0.601886121749021,0.638880853280304
"023088","TREVENZUOLO",0.609414759050998,0.629524800407143,0.93796809075376,0.65131961083154,0.683169441934009
"023089","VALEGGIO SUL MINCIO",0.488705454654212,0.471074439241291,0.932863485415914,0.525187300794568,0.570484654641384
"023090","VELO VERONESE",0.690305830683384,0.741571076083508,0.934176079562507,0.737762216001352,0.759585978619258
"023091","VERONA",0.286525696797031,0.199969940520607,0.83552082228992,0.302475119021929,0.361702419385039
"023092","VERONELLA",0.574995483336376,0.58743288012833,0.942347097120736,0.617327473271192,0.65344076481003
"023093","VESTENANOVA",0.62310610453942,0.648784609545347,0.940397428967072,0.666390564234852,0.696835771427321
"023094","VIGASIO",0.523056769565233,0.518459151222253,0.941315328088362,0.562813697163205,0.604869433932667
"023095","VILLA BARTOLOMEA",0.55384403909386,0.560972290321725,0.939166738061862,0.595584022043199,0.633759879378606
"023096","VILLAFRANCA DI VERONA",0.437569387638449,0.4055705605924,0.925542636330045,0.471967240336887,0.522364506558349
"023097","ZEVIO",0.48942618883697,0.473857218954651,0.932259439950541,0.526703477501284,0.571765251106757
"023098","ZIMELLA",0.58454301952568,0.594208478076649,0.93689705686366,0.624127879607414,0.658880010413664
"024001","AGUGLIARO",0.634060503420424,0.664730449260604,0.942607802415363,0.678716708947999,0.708037941555484
"024002","ALBETTONE",0.627230601416025,0.654495208739741,0.940025454027995,0.670779159972895,0.700695414867906
"024003","ALONTE",0.625010631231189,0.631856014949039,0.946798352057545,0.660269825986857,0.6921063288836
"024004","ALTAVILLA VICENTINA",0.504325507712338,0.491584972370965,0.944573528319522,0.542617068869439,0.587278897697226
"024005","ALTISSIMO",0.626122285901047,0.65783415532638,0.950846059712155,0.672865004523558,0.703751788433402
"024006","ARCUGNANO",0.512330806748669,0.496667636918054,0.939408362799743,0.54799013593,0.591481050026638
"024007","ARSIERO",0.605609916434906,0.62703027119756,0.942449475060629,0.648933031940673,0.681545970065112
"024008","ARZIGNANO",0.465026143953872,0.445783799962942,0.943822451187233,0.504246719881289,0.553088467804172
"024009","ASIAGO",0.526111593548276,0.517484528336322,0.921281254564785,0.561746380304548,0.601694699666797
"024010","ASIGLIANO VENETO",0.645787951268443,0.698954823598527,0.944370476869926,0.699571296377129,0.726771205320773
"024012","BASSANO DEL GRAPPA",0.401621998209321,0.349323579283269,0.917124991397413,0.429638009011407,0.483803229276519
"024013","BOLZANO VICENTINO",0.544330225775132,0.541467522635293,0.939709934148826,0.582579980199574,0.622261086193935
"024014","BREGANZE",0.525452324568012,0.521151767794137,0.940427769472609,0.565014618510228,0.606727190839381
"024015","BRENDOLA",0.543031719279173,0.543864253600154,0.945140473588728,0.58361723515457,0.623786483869477
"024016","BRESSANVIDO",0.588415959302386,0.601413621145061,0.941984833018782,0.629621794503229,0.664328798782735
"024017","BROGLIANO",0.578788874842839,0.589523257937737,0.950409177900757,0.620781377541335,0.657406688692382
"024018","CALDOGNO",0.497108222647104,0.478220422027968,0.933086971018087,0.532206587205591,0.576748852073646
"024019","CALTRANO",0.611404152130193,0.62922820646212,0.941472837477094,0.65243184511425,0.684547510932344
"024020","CALVENE",0.648886804337105,0.681258112594718,0.945853925665001,0.69315060518582,0.721228751905729
"024021","CAMISANO VICENTINO",0.510816119132115,0.500080354833264,0.937960689030322,0.548699482187453,0.591950727392216
"024022","CAMPIGLIA DEI BERICI",0.616790757281196,0.634526289428463,0.935334009142126,0.656626071933559,0.687593620512289
"024024","CARRÈ",0.573030550827244,0.577943962650541,0.940956413465138,0.612034172411517,0.648581088084142
"024025","CARTIGLIANO",0.589770570548428,0.606218233615232,0.941478524164109,0.632342814290058,0.666691226498286
"024026","CASSOLA",0.488980484447864,0.468865976642174,0.934262014528477,0.524457108943365,0.569990987341711
"024027","CASTEGNERO",0.598849360165085,0.614984047587257,0.945544361749698,0.640779469663524,0.674642235450876
"024028","CASTELGOMBERTO",0.550391977490928,0.55108248426101,0.940538234330944,0.589717331221467,0.628697431566964
"024029","CHIAMPO",0.522902554563151,0.527950482262045,0.950179440079816,0.56790181057932,0.610377102746042
"024030","CHIUPPANO",0.599176733226829,0.613435016351083,0.937002465052452,0.639375533815306,0.672445192841655
"024032","COGOLLO DEL CENGIO",0.576247377379308,0.585153789819753,0.937476654594594,0.616378190699037,0.652055797798543
"024034","CORNEDO VICENTINO",0.510797384690432,0.505627133484586,0.942481076537644,0.551639140832523,0.595066022577536
"024035","COSTABISSARA",0.512894609626323,0.493654612382098,0.943353170132192,0.547282466917009,0.591290322829807
"024036","CREAZZO",0.500515706895937,0.482719835613335,0.938604889650238,0.536316483094196,0.581015194933756
"024037","CRESPADORO",0.654574936449576,0.691684383271701,0.944921230498621,0.700308816924437,0.727487973988235
"024038","DUEVILLE",0.50026584742851,0.490361213679321,0.940099223395381,0.539792099838062,0.584270669122209
"024039","ENEGO",0.649660378097944,0.692300347884738,0.936493722586728,0.697531698950879,0.724083034910418
"024040","FARA VICENTINO",0.5784597792224,0.592219520784167,0.942716040703855,0.62107728907334,0.656814928143398
"024041","FOZA",0.659083651122903,0.718748911236918,0.929954140347892,0.713020067096709,0.737123853013507
"024042","GALLIO",0.597532443985144,0.614728893148566,0.923329001036242,0.637850501813794,0.669570335060733
"024043","GAMBELLARA",0.594916518601416,0.613084910842081,0.943692006975443,0.637969843947118,0.671938973172487
"024044","GAMBUGLIANO",0.660790918829095,0.690693218765327,0.938318964724129,0.701999758389903,0.728257447982594
"024046","GRISIGNANO DI ZOCCO",0.579355176317442,0.591443916349757,0.942005712870601,0.621060162987299,0.656720779641
"024047","GRUMOLO DELLE ABBADESSE",0.584629545231033,0.599052677513417,0.944562916010835,0.627113291836086,0.662385472299947
"024048","ISOLA VICENTINA",0.52122138698893,0.514891636944584,0.942110862143125,0.560461946984394,0.602867382002031
"024049","LAGHI",0.749428179289017,0.822431674479015,0.944281086179962,0.80176504281361,0.817600158743205
"024050","LASTEBASSE",0.768308157904811,0.835760106070591,0.939454147467131,0.815776133535644,0.829518135083587
"024051","LONGARE",0.553702994441636,0.554511828664319,0.94160974995976,0.592857645393655,0.631607879234334
"024052","LONIGO",0.483911330518963,0.462775646132707,0.934134289480679,0.519422568441319,0.565501648556804
"024053","LUGO DI VICENZA",0.590727253579015,0.607155556127146,0.941148764636289,0.633162140831401,0.667382876809722
"024055","MALO",0.499669639175709,0.487992506755366,0.940701105722997,0.538518076241284,0.583205079517029
"024056","MARANO VICENTINO",0.519622952969331,0.514389015291572,0.942790727611816,0.559584458478588,0.602162932826725
"024057","MAROSTICA",0.490017354572674,0.472829523399547,0.933942637620751,0.526675358849575,0.571927278713039
"024060","MONTEBELLO VICENTINO",0.553006335702826,0.559236446226135,0.946242376352879,0.59513348950332,0.63414558804216
"024061","MONTECCHIO MAGGIORE",0.47431978646451,0.459333331136085,0.939721403856087,0.514116043305876,0.561405527811455
"024062","MONTECCHIO PRECALCINO",0.555045428282851,0.561067391900394,0.942198464120452,0.596470615494506,0.634884820897389
"024063","MONTE DI MALO",0.597332002311667,0.612328969580784,0.942018543652228,0.638549291716826,0.672268097487426
"024064","MONTEGALDA",0.591927061941375,0.608858202248491,0.942953499205812,0.634648718806021,0.668904805517109
"024065","MONTEGALDELLA",0.622886131838729,0.64629998484111,0.943077399285422,0.66544149243447,0.69628992652902
"024066","MONTEVIALE",0.561624147390656,0.552663027978275,0.942971095759328,0.595726338491952,0.634309089299438
"024067","MONTICELLO CONTE OTTO",0.510836828691051,0.495974148673466,0.936178146140393,0.546682754428072,0.589960020173885
"024068","MONTORSO VICENTINO",0.612876289448297,0.641357448134699,0.956176423867119,0.66002282429906,0.692928779806622
"024070","MUSSOLENTE",0.533092962364746,0.53003453656791,0.942832709359936,0.572690645455688,0.613817541445049
"024071","NANTO",0.59603087368854,0.610778764844117,0.943775883902581,0.637441925729954,0.671479032193579
"024072","NOGAROLE VICENTINO",0.626333281454997,0.680718852330307,0.964367687040438,0.68461022890743,0.715694390922209
"024073","NOVE",0.565192493639867,0.574554142490479,0.934501939105164,0.606336180169172,0.642799042273171
"024074","NOVENTA VICENTINA",0.519387448166985,0.513098882927777,0.934782597606832,0.558097108753326,0.599951051959271
"024075","ORGIANO",0.605253392451115,0.63052556264331,0.947005351000618,0.650801064892553,0.683712652237893
"024076","PEDEMONTE",0.674048370316746,0.745979407679647,0.94920775947402,0.733933276045779,0.757852663093361
"024077","PIANEZZE",0.601026393698411,0.619675099129025,0.945505275228721,0.643866199295218,0.677381652176719
"024078","PIOVENE ROCCHETTE",0.534247763936266,0.535522526107835,0.941991235449979,0.575595754064843,0.616306363107636
"024079","POJANA MAGGIORE",0.57896642157821,0.592832718327803,0.941423066500611,0.621451919607767,0.657004269262528
"024080","POSINA",0.668744046418265,0.733309162473138,0.941569570402018,0.725080901041333,0.749135197636965
"024081","POVE DEL GRAPPA",0.559598943427545,0.549320208144066,0.933046635059663,0.592318281713191,0.630176987640577
"024082","POZZOLEONE",0.609531444902185,0.63518987393354,0.943246367955633,0.65444923027164,0.686537801125417
"024083","QUINTO VICENTINO",0.541768463517999,0.536661255867401,0.938219231961472,0.579115296919577,0.619015734146454
"024084","RECOARO TERME",0.565212720186662,0.577239581380544,0.938630342970967,0.60796657000234,0.644706989221076
"024085","ROANA",0.55198050821647,0.548828059610997,0.922812488680202,0.58764510439038,0.624885924867027
"024086","ROMANO D'EZZELINO",0.491290541822423,0.475379786503891,0.93086307847189,0.52808795559403,0.572840747024904
"024087","ROSÀ",0.504771813584967,0.494857314016646,0.937956097595133,0.543628717180239,0.587442870559672
"024088","ROSSANO VENETO",0.53600068708301,0.535795451440932,0.940979209885024,0.576406183324276,0.616914297386582
"024089","ROTZO",0.669921274572659,0.694414347194213,0.929664717683004,0.706917501563393,0.73166719224335
"024090","SALCEDO",0.700446089554998,0.749197107886766,0.951925874343581,0.747532026283152,0.770242453845422
"024091","SANDRIGO",0.53010094426435,0.530232145893883,0.947682545161787,0.571918145087383,0.61366974509565
"024094","SAN PIETRO MUSSOLINO",0.649128529057982,0.678349842557378,0.947861247271294,0.692151391954041,0.720563598100403
"024095","SANTORSO",0.548095773528868,0.547943659866031,0.944087828013152,0.58762652782902,0.62723333896059
"024096","SAN VITO DI LEGUZZANO",0.572756812632858,0.578044424939558,0.942888063825859,0.612149363290173,0.648898107794138
"024097","SARCEDO",0.555818876001997,0.558709453295926,0.942715080198515,0.595809256203917,0.634354347758873
"024098","SAREGO",0.555344708237856,0.560521223264241,0.947310370797252,0.596870706255669,0.635808446760289
"024099","SCHIAVON",0.601894665779226,0.621566290661956,0.943716689185085,0.644929099317041,0.67812772041349
"024100","SCHIO",0.422436014643673,0.384228784626876,0.924997768324996,0.455498936504246,0.507665473373219
"024101","SOLAGNA",0.62413203340522,0.644616215171076,0.940502929009815,0.664987004760314,0.695599885232481
"024102","SOSSANO",0.586354368030042,0.603656166622519,0.942938265671007,0.629798567160753,0.664591866995226
"024103","SOVIZZO",0.524854812365397,0.513063616138176,0.94941009438539,0.562004302265147,0.605049390278507
"024104","TEZZE SUL BRENTA",0.512383614065897,0.505817236630893,0.938178130769897,0.552008195890545,0.594915966432695
"024105","THIENE",0.445937730540979,0.411198431669519,0.9268154902636,0.478392822021084,0.528217562936919
"024106","TONEZZA DEL CIMONE",0.678535497539645,0.711509077771488,0.923601717505314,0.717880230640541,0.740738173625516
"024107","TORREBELVICINO",0.55252934205696,0.554046743001901,0.941279229891284,0.592087161265616,0.630886280001801
"024108","TORRI DI QUARTESOLO",0.502786071343152,0.488532539048452,0.936728691308944,0.539766243807116,0.583873182418431
"024110","TRISSINO",0.534522451020574,0.537981202805247,0.952206111594331,0.577847255381053,0.619442683849195
"024111","VALDAGNO",0.458187034758777,0.434778824860367,0.932789178773201,0.495113554705935,0.543744179602298
"024112","VALDASTICO",0.621660444792495,0.678318893336556,0.936094417727112,0.678600143930784,0.707210618797043
"024113","VALLI DEL PASUBIO",0.604097405710266,0.63328198705268,0.949321474146073,0.651752874157933,0.684816051934393
"024115","VELO D'ASTICO",0.616680538547186,0.645267233930472,0.946096232008743,0.66248612081582,0.693998355392812
"024116","VICENZA",0.340118982765384,0.269437448969232,0.890239205758474,0.363324314856425,0.421870413845541
"024117","VILLAGA",0.622611251872025,0.646762986740123,0.940698776850497,0.665288285060516,0.695889450814959
"024118","VILLAVERLA",0.551358248386231,0.553846981138368,0.939482899503723,0.591290643236442,0.629978671710584
"024119","ZANÈ",0.534936882050421,0.528633261282614,0.944690727451568,0.573075637245023,0.614366202823527
"024120","ZERMEGHEDO",0.648176066306412,0.67491854773624,0.951662426410615,0.690558818960255,0.719570330899184
"024121","ZOVENCEDO",0.67421802724795,0.7142566815619,0.941993500029854,0.719012968967418,0.743788583529911
"024122","ZUGLIANO",0.533014035356927,0.529455720929269,0.942283816354245,0.572339771964213,0.613444665785328
"024123","VAL LIONA",0.592115359289198,0.604866734740668,0.941239681809474,0.632765910494387,0.667040773973841
"024124","BARBARANO MOSSANO",0.555588637806054,0.564557709849614,0.939708474189951,0.598036703864046,0.636000233900258
"024125","VALBRENTA",0.564541823587842,0.572875019777051,0.933282747899338,0.605165854304136,0.641623286925825
"024126","COLCERESA",0.556349460097698,0.562128440897899,0.939588199419226,0.597273875389941,0.635308800282084
"024127","LUSIANA CONCO",0.569968543258189,0.584921029482212,0.933025236686419,0.613002831401822,0.648560876433444
"025001","AGORDO",0.555968416855281,0.552325580722065,0.939698169200284,0.592702115829834,0.631257232870995
"025002","ALANO DI PIAVE",0.60677139881791,0.624886122739738,0.932766042640701,0.647522488965012,0.679216217151199
"025003","ALLEGHE",0.649626851524779,0.682190941427829,0.934857565251877,0.692803763353861,0.719698630231418
"025004","ARSIÈ",0.61721168012351,0.644449500053453,0.932694292797078,0.661016960359341,0.691203330630201
"025005","AURONZO DI CADORE",0.594307402956654,0.613571394179892,0.930067691155215,0.636552227826967,0.669165057085661
"025006","BELLUNO",0.408123529850684,0.354564113456485,0.918370127118196,0.435046452200046,0.488749082746507
"025007","BORCA DI CADORE",0.64427090568022,0.653047169575381,0.917068392011676,0.675499973066188,0.702340908504576
"025008","CALALZO DI CADORE",0.613337559508081,0.633101515879348,0.938259670648048,0.654723550989148,0.686227564284582
"025010","CENCENIGHE AGORDINO",0.648956932424067,0.687497357452306,0.942587017641468,0.695663132208515,0.723099119478843
"025011","CESIOMAGGIORE",0.580092120173283,0.592754501574509,0.938242344530271,0.621605214239533,0.656787117605171
"025012","CHIES D'ALPAGO",0.641672999772868,0.675021203265049,0.937085292683421,0.686220920635405,0.714094739751851
"025013","CIBIANA DI CADORE",0.700717524346872,0.762988095767352,0.938050376679646,0.752472566719366,0.773092323381619
"025014","COLLE SANTA LUCIA",0.672118652728439,0.724584428166228,0.92335561629146,0.720851948031746,0.743352355616159
"025015","COMELICO SUPERIORE",0.61154879515978,0.640201999220837,0.930156438942937,0.656303501365571,0.686731605540834
"025016","CORTINA D'AMPEZZO",0.513205967688489,0.49401540113349,0.923694900964251,0.545619106066316,0.587627527721642
"025017","DANTA DI CADORE",0.684950977022685,0.749294890922163,0.940781354179212,0.739488775993103,0.761854618013782
"025018","DOMEGGE DI CADORE",0.611875671698608,0.63202761263274,0.938608178929141,0.653617295842021,0.685282949518367
"025019","FALCADE",0.610634869267734,0.634842375128834,0.937406199636614,0.654205379942117,0.68567213768595
"025021","FELTRE",0.459551427080491,0.428130606336444,0.922687391402696,0.49172565417789,0.539610291647313
"025022","FONZASO",0.602386582198213,0.626163154983934,0.93719483436253,0.646566865168219,0.678858861745365
"025023","CANALE D'AGORDO",0.649602084377206,0.676036630953355,0.935074841006654,0.690044905999417,0.717270454333555
"025025","GOSALDO",0.662539464110276,0.725680875953265,0.938999160963361,0.71859906912493,0.743087968218089
"025026","LAMON",0.615620295980854,0.641871750647626,0.931383390075567,0.659009759990373,0.689273496666506
"025027","LA VALLE AGORDINA",0.654163098558552,0.6930132415007,0.945189310446224,0.700748284071286,0.727908398112946
"025029","LIMANA",0.536957167069621,0.529445512836763,0.936837605512117,0.573564966509084,0.613928593064977
"025030","LIVINALLONGO DEL COL DI LANA",0.643805139568401,0.678500878586761,0.934835229426207,0.688521231112444,0.715889453147306
"025032","LORENZAGO DI CADORE",0.641177508353954,0.685369402631937,0.925760857538479,0.689522195697499,0.715770935902053
"025033","LOZZO DI CADORE",0.645928683938675,0.678072995283824,0.933971475352615,0.689197903185386,0.716394966759523
"025035","OSPITALE DI CADORE",0.761732281906926,0.838020160577405,0.946575083639943,0.814546107481943,0.829215993721721
"025036","PEDAVENA",0.557967893963779,0.557499761159229,0.933329665114933,0.595293411316847,0.63285299507219
"025037","PERAROLO DI CADORE",0.668262241296302,0.717946753328076,0.928950164763399,0.71668906405731,0.740273630802431
"025039","PIEVE DI CADORE",0.556269603826646,0.546948892373954,0.92557344193202,0.589005667483472,0.626402086866645
"025040","PONTE NELLE ALPI",0.528857938363913,0.522585022540302,0.934762212778308,0.566625553684728,0.607529626917348
"025043","RIVAMONTE AGORDINO",0.635459254898769,0.68065509445717,0.937794524115098,0.686030909621683,0.714004644565395
"025044","ROCCA PIETORE",0.649083966242768,0.684841426927115,0.928955921676152,0.693162019094063,0.719361341603184
"025045","SAN GREGORIO NELLE ALPI",0.624405742456889,0.650406951832343,0.939463035851812,0.667612016015336,0.697817684886055
"025046","SAN NICOLÒ DI COMELICO",0.651661760189781,0.687461096134981,0.916263079425532,0.694231593288696,0.718901758415011
"025047","SAN PIETRO DI CADORE",0.654071332209748,0.694364865721588,0.939526816112318,0.700748970680333,0.727279842394998
"025048","SANTA GIUSTINA",0.535490308380465,0.535417244850925,0.938739818957481,0.575782380849874,0.616110985084052
"025049","SAN TOMASO AGORDINO",0.66983324602028,0.739088370678628,0.951677034346928,0.729182430949201,0.753904053548949
"025050","SANTO STEFANO DI CADORE",0.602562015592602,0.621600640784571,0.930664277737241,0.643939623143452,0.675797918098317
"025051","SAN VITO DI CADORE",0.578830713676121,0.573393049073168,0.917873543833186,0.610288047620499,0.644464213866353
"025053","SEDICO",0.515075733688871,0.50759979183736,0.939021195263502,0.554106106013154,0.596874449263193
"025054","SELVA DI CADORE",0.689299728525619,0.734639634854257,0.928372818976201,0.733609995418565,0.755250309147191
"025055","SEREN DEL GRAPPA",0.625695124395373,0.649257600309294,0.935651388098671,0.667293864926967,0.697111367501601
"025056","SOSPIROLO",0.596668816735079,0.616965718961891,0.942010127262376,0.640336553789874,0.673855839731263
"025057","SOVERZENE",0.673614365814891,0.725669457798858,0.950481162071382,0.724725836833326,0.749809761859776
"025058","SOVRAMONTE",0.652359331333536,0.686454844926334,0.932255216541572,0.695691900971099,0.721976713812262
"025059","TAIBON AGORDINO",0.595803147274316,0.643336558040056,0.950261794747825,0.65263904686625,0.685708241075314
"025060","TAMBRE",0.645626566922721,0.680015008800771,0.936446408303184,0.69018334990589,0.717545911950034
"025062","VALLADA AGORDINA",0.693300174341068,0.737869517776758,0.947866957458171,0.738813057198838,0.762041268338764
"025063","VALLE DI CADORE",0.621274983108069,0.645176415298627,0.933811709734739,0.663284300256487,0.693342901309626
"025065","VIGO DI CADORE",0.635298823813444,0.665067347957087,0.933690234548311,0.67853380075157,0.706884515617875
"025066","VODO CADORE",0.657790764913289,0.694930337342887,0.932314281537966,0.701955924169076,0.727551297210064
"025067","VOLTAGO AGORDINO",0.63741012830532,0.693149425219942,0.95925223616856,0.694677022703224,0.724074268643817
"025069","ZOPPÈ DI CADORE",0.707213771538328,0.750742327018262,0.892563732703551,0.74533661762082,0.761695185963346
"025070","QUERO VAS",0.607662657741289,0.629627669083989,0.937243497361208,0.650504996807496,0.682364830202353
"025071","LONGARONE",0.573597339912085,0.590747742501739,0.940148578957411,0.617970144981962,0.653767748757012
"025072","ALPAGO",0.53824361429213,0.535945912939978,0.932814886948213,0.57666677594927,0.616238788282486
"025073","VAL DI ZOLDO",0.603711320510921,0.629285646500044,0.919291603004108,0.646777795455345,0.677057107405207
"025074","BORGO VALBELLUNA",0.503186332800397,0.498802062689639,0.936679659409732,0.544562743911489,0.588131290077961
"026001","ALTIVOLE",0.54551148265832,0.549603490021813,0.93561478138712,0.586363215844772,0.625168945349477
"026002","ARCADE",0.575391606914363,0.582393973718524,0.943085572587614,0.615312068543561,0.651731346770678
"026003","ASOLO",0.522179699871729,0.513236728342291,0.940598343524486,0.559997227048758,0.602286239990505
"026004","BORSO DEL GRAPPA",0.544721100185273,0.541174550415095,0.935411215168533,0.582194164287019,0.621440503273854
"026005","BREDA DI PIAVE",0.543332007572783,0.546892868957613,0.942549548003501,0.584856149239028,0.624599860212858
"026006","CAERANO DI SAN MARCO",0.548543720561994,0.553920596567681,0.942760681401327,0.590385010848487,0.629537863132136
"026007","CAPPELLA MAGGIORE",0.560437708654541,0.565168238268441,0.941289326668408,0.600651608782183,0.638500244102874
"026008","CARBONERA",0.499677609913361,0.482502734354378,0.935450113270896,0.535526166247572,0.579962160361275
"026009","CASALE SUL SILE",0.500583748420604,0.487941897871332,0.941775969878382,0.53901413781921,0.583765452492451
"026010","CASIER",0.483745453190255,0.450717917209662,0.933541592484699,0.513862675928433,0.560493666656907
"026011","CASTELCUCCO",0.611860379301999,0.632491308784536,0.944010349645745,0.654359294603515,0.686542745163763
"026012","CASTELFRANCO VENETO",0.423740098407426,0.37999466766071,0.921884634389835,0.453869108169645,0.505870833305221
"026013","CASTELLO DI GODEGO",0.543024560026619,0.537418308510932,0.938180593044363,0.580017350146334,0.619813266023893
"026014","CAVASO DEL TOMBA",0.593558806818998,0.610641549514022,0.938106120318178,0.635700772381677,0.669301366596844
"026015","CESSALTO",0.601479648461673,0.623007752798037,0.945728067548303,0.6455921373217,0.678940574013545
"026016","CHIARANO",0.5960159914739,0.614032040136057,0.938010682143085,0.638322682438789,0.6716213490726
"026017","CIMADOLMO",0.606774142465137,0.629328136784143,0.943318183293099,0.650577843991486,0.683104548358332
"026018","CISON DI VALMARINO",0.600469978520287,0.621168306340989,0.936060376953282,0.643343265882902,0.675867389335167
"026019","CODOGNÈ",0.5671701375395,0.57887653697964,0.942280127167777,0.609949016250391,0.646874695241212
"026020","COLLE UMBERTO",0.551634076401283,0.548077644796968,0.940768005806394,0.588947075119853,0.628038289640579
"026021","CONEGLIANO",0.418980157629164,0.373434748227962,0.921528928763446,0.448739600512051,0.50127174809554
"026022","CORDIGNANO",0.551010982904093,0.557421521347088,0.941919442128632,0.592986571125895,0.631756890126199
"026023","CORNUDA",0.545266333985755,0.546175871115682,0.936867273858859,0.584835719681533,0.623950336812347
"026025","CROCETTA DEL MONTELLO",0.558465022868804,0.569435715896582,0.943991165621592,0.601954449006583,0.639958528630473
"026026","FARRA DI SOLIGO",0.53268346729636,0.533336309616129,0.933891677475068,0.573098067358127,0.613186246260009
"026027","FOLLINA",0.582154580847132,0.592766368060021,0.933202612844721,0.622034688292691,0.656608902131805
"026028","FONTANELLE",0.571429366478576,0.586924638914717,0.947213611549311,0.615980663581913,0.65278432446718
"026029","FONTE",0.562658861846516,0.572467894784668,0.940135618248096,0.604820602308842,0.642077826302093
"026030","FREGONA",0.594134699519889,0.607720801042311,0.937029143037254,0.634537889556715,0.668148028832331
"026031","GAIARINE",0.566808289807977,0.580677643337188,0.942820005321803,0.610650670447504,0.647558374322426
"026032","GIAVERA DEL MONTELLO",0.566542184258566,0.576000998476911,0.940905492142872,0.608234981445252,0.645198371522765
"026033","GODEGA DI SANT'URBANO",0.556969247254368,0.564100011369588,0.940336745910357,0.598514840971816,0.636495052631654
"026034","GORGO AL MONTICANO",0.589733691280947,0.61187354958947,0.944412041686677,0.635164462560355,0.669525304685502
"026035","ISTRANA",0.532178802058043,0.528138788719998,0.939683350190752,0.571111250869194,0.612063706349367
"026036","LORIA",0.537730852678076,0.543264704612441,0.942430849285196,0.580691085709252,0.620884392773246
"026037","MANSUÈ",0.571280991812189,0.582248541366594,0.946914395808314,0.613779729511284,0.650794692433176
"026038","MARENO DI PIAVE",0.526748615271491,0.52549871584663,0.943732196189883,0.567884518622143,0.609645371685225
"026039","MASER",0.569394761856282,0.584190092443906,0.946090302359842,0.613722214671069,0.650652002192044
"026040","MASERADA SUL PIAVE",0.532204734014675,0.532440307987883,0.943778664346356,0.573468135335787,0.614613749670295
"026041","MEDUNA DI LIVENZA",0.611078319317679,0.633161419550255,0.944726688025261,0.654380551293096,0.686641233152226
"026042","MIANE",0.588806589456649,0.603508242827637,0.932613442981659,0.629803018826094,0.663448621510046
"026043","MOGLIANO VENETO",0.432170403988098,0.387951603906053,0.928280336650825,0.461882937217451,0.513704870487826
"026044","MONASTIER DI TREVISO",0.582864377517726,0.598803728638682,0.949911182490281,0.626741766019412,0.66264947896062
"026045","MONFUMO",0.65313194564669,0.684046074462567,0.940829045981255,0.695813013647291,0.723037017239954
"026046","MONTEBELLUNA",0.434645465179266,0.399179792578874,0.926344696053173,0.46785583559648,0.518799042313891
"026047","MORGANO",0.567211923038476,0.571148694850414,0.938129875736965,0.606075265623697,0.642970222302949
"026048","MORIAGO DELLA BATTAGLIA",0.617603390435797,0.648763750814628,0.940641841812157,0.663929397743907,0.694675224862602
"026049","MOTTA DI LIVENZA",0.513809427909815,0.507808375134021,0.935344169219892,0.553262428291715,0.595715955061513
"026050","NERVESA DELLA BATTAGLIA",0.555489321933976,0.56618286072307,0.941884065425271,0.598940888738198,0.637045686147873
"026051","ODERZO",0.460215218301656,0.432797067419046,0.933674404932128,0.495222969067529,0.543939795274707
"026052","ORMELLE",0.584698933977289,0.601145403388354,0.944040455625729,0.628033997377112,0.663145826071403
"026053","ORSAGO",0.581612117427176,0.594725220532581,0.939508645457558,0.623302666627646,0.658436664275414
"026055","PAESE",0.465813970205467,0.439386271593038,0.931984851396395,0.500538593948967,0.548477066998681
"026056","PEDEROBBA",0.541142777611978,0.545046177421331,0.937135952998783,0.582498625064867,0.62190277261308
"026057","PIEVE DI SOLIGO",0.506561274175905,0.499108923418614,0.933494044758243,0.545900993393358,0.588966887989456
"026058","PONTE DI PIAVE",0.535242975049584,0.533517430921503,0.938589826003803,0.574801165287369,0.615222127589195
"026059","PONZANO VENETO",0.484724956681989,0.457011527554853,0.936992505283315,0.51748066843491,0.5640930947514
"026060","PORTOBUFFOLÈ",0.64874682036879,0.7025601365028,0.961038575443467,0.704191988136563,0.73273049783733
"026061","POSSAGNO",0.614561969074897,0.633934741124445,0.935811273521244,0.655404646941828,0.686560938783986
"026062","POVEGLIANO",0.557226188795785,0.55836587715823,0.937986431401237,0.59581507281943,0.633834112661853
"026063","PREGANZIOL",0.470223674692907,0.440062498232044,0.931700112239991,0.502798789040227,0.550454491617978
"026064","QUINTO DI TREVISO",0.527441054510221,0.523694721753312,0.939308186205013,0.566941917939091,0.608315947746416
"026065","REFRONTOLO",0.625982774990923,0.65320708017884,0.940846763269504,0.669720111153344,0.699845294721806
"026066","RESANA",0.528158028570361,0.52535846950807,0.938071763685241,0.567889600503818,0.609020951968421
"026067","REVINE LAGO",0.614634205554469,0.634636185817263,0.933714424874558,0.655543118604735,0.686451041523604
"026068","RIESE PIO X",0.520071470194894,0.514871688618001,0.937032624061391,0.559427683871942,0.601383788337436
"026069","RONCADE",0.500151503889586,0.492461833398262,0.943036281275266,0.540979629907058,0.585652591170192
"026070","SALGAREDA",0.55639107848119,0.564015888200657,0.942896985252284,0.59847283353206,0.636742183723196
"026071","SAN BIAGIO DI CALLALTA",0.515947942881286,0.51278406962355,0.941288915132481,0.557058297140424,0.59975058802843
"026072","SAN FIOR",0.542549670484739,0.543698632411167,0.942579907923097,0.583069727095467,0.623015302742982
"026073","SAN PIETRO DI FELETTO",0.540254371424752,0.530132386008398,0.943786200321274,0.576052660877045,0.616911943037515
"026074","SAN POLO DI PIAVE",0.574310377597617,0.58772491407927,0.940850731312494,0.617000954385848,0.652984262933254
"026075","SANTA LUCIA DI PIAVE",0.537398705182761,0.533990584346994,0.94369235080845,0.576494415369235,0.617294185973592
"026076","SAN VENDEMIANO",0.513074637688966,0.503969765813429,0.9412416276714,0.551794144343218,0.595066086935238
"026077","SAN ZENONE DEGLI EZZELINI",0.553113113784066,0.564005411521638,0.942478805571031,0.59695121694467,0.635343171236488
"026078","SARMEDE",0.59970081908986,0.618467691099412,0.940344159297865,0.642210245514959,0.675336235935282
"026079","SEGUSINO",0.604300598865897,0.657068776721321,0.953899151441494,0.663006134158398,0.695327580523186
"026080","SERNAGLIA DELLA BATTAGLIA",0.562613688481123,0.577136467289009,0.941806791308487,0.607068249227408,0.64426142056975
"026081","SILEA",0.500678794889956,0.483103269705237,0.937956423921575,0.536497571459994,0.581104110622392
"026082","SPRESIANO",0.515229064288003,0.50784503471365,0.93787959533827,0.554171304084571,0.596805558668315
"026083","SUSEGANA",0.515032527681608,0.509898766496057,0.940765852089326,0.555295667588882,0.598125688088931
"026084","TARZO",0.582611672453108,0.600624727042232,0.937256526589624,0.626182032431865,0.660745865116061
"026085","TREVIGNANO",0.525010927481463,0.52329878062855,0.940102058915904,0.565749574541096,0.607344295027186
"026086","TREVISO",0.344882840962304,0.267764789511196,0.900299302618915,0.365721363974966,0.425118912713183
"026087","VALDOBBIADENE",0.518641777220041,0.513263027274394,0.930283126315302,0.557385474654026,0.598818547060834
"026088","VAZZOLA",0.555552704847943,0.568053076339487,0.945949462548726,0.600217547789216,0.638632204984717
"026089","VEDELAGO",0.499867496368637,0.493863288229733,0.936766791866478,0.540855532255914,0.584845672212644
"026090","VIDOR",0.588613116711999,0.604016655369347,0.934660791557127,0.630149476592319,0.663984067143964
"026091","VILLORBA",0.470361457688765,0.446549133438633,0.932280221269103,0.505837788134239,0.55322028070478
"026092","VITTORIO VENETO",0.439842509118689,0.406209882553556,0.924387423940161,0.473162318646526,0.52329844145693
"026093","VOLPAGO DEL MONTELLO",0.521931087708311,0.519305632554628,0.937696827531534,0.562326206871476,0.604034053611483
"026094","ZENSON DI PIAVE",0.6404888672655,0.668768194182271,0.942547004899121,0.683420378141409,0.712212225558933
"026095","ZERO BRANCO",0.513529162024113,0.504030362450119,0.939499633552406,0.551851749368645,0.594923736500174
"026096","PIEVE DEL GRAPPA",0.546861676914426,0.548583900415996,0.932954808516997,0.586245990650389,0.624769192635568
"027001","ANNONE VENETO",0.590929322738864,0.606848736931606,0.935905409371542,0.632590667788866,0.666292305742496
"027002","CAMPAGNA LUPIA",0.563898520926561,0.576316511066903,0.946937729022368,0.607790537299296,0.645473558601859
"027003","CAMPOLONGO MAGGIORE",0.529495070594312,0.532105485191401,0.942676175973342,0.571987867700905,0.613175457508953
"027004","CAMPONOGARA",0.521111692449243,0.521536426531205,0.944831662002614,0.563674819741463,0.606025579992702
"027005","CAORLE",0.519683314872492,0.523285968364256,0.924849216156545,0.561821099072191,0.602157556526008
"027006","CAVARZERE",0.519128435203799,0.525421647086908,0.935404836844062,0.563588020715224,0.604901000285095
"027007","CEGGIA",0.551403573107837,0.553563965406931,0.939691498996575,0.591204542231303,0.629925315205222
"027008","CHIOGGIA",0.435579418994859,0.413899802277996,0.919004307986357,0.474166080371421,0.523592550106413
"027009","CINTO CAOMAGGIORE",0.597255444358403,0.614887348314231,0.938023091992343,0.63926656590192,0.672461735467522
"027010","CONA",0.617473978389482,0.641700744956302,0.937274436196758,0.660356069125278,0.691124776577665
"027011","CONCORDIA SAGITTARIA",0.525682801259976,0.52351601983756,0.936866096962778,0.565826079190169,0.60705274783157
"027012","DOLO",0.482510206921162,0.462194903577017,0.934881068599316,0.518605406584112,0.564858257919135
"027013","ERACLEA",0.532152084507132,0.541362852006125,0.934308407121983,0.576512562143164,0.616267656029699
"027014","FIESSO D'ARTICO",0.530397623182818,0.526560402830533,0.94551872850745,0.570182984556753,0.611886956106831
"027015","FOSSALTA DI PIAVE",0.584560869062518,0.597064737061199,0.938991870047802,0.625630709760453,0.660448616459047
"027016","FOSSALTA DI PORTOGRUARO",0.557161920527488,0.562376794758725,0.939879481712154,0.597780370050011,0.635791382456916
"027017","FOSSÒ",0.548207130695494,0.553887918425336,0.947929456277875,0.590735717732161,0.630423910903907
"027018","GRUARO",0.608288179357233,0.627167197535634,0.938145227919387,0.649769442393729,0.681811196341024
"027019","JESOLO",0.454057445423833,0.431638124940127,0.917788805253998,0.490341887189181,0.537835989196383
"027020","MARCON",0.480296859405711,0.45730323472144,0.935339611234936,0.515454003480711,0.562107959897847
"027021","MARTELLAGO",0.47077781166631,0.449358147636859,0.936318906785828,0.507693072365009,0.555318165078433
"027022","MEOLO",0.559654374468069,0.569583261135006,0.942430900540273,0.602400026075411,0.640181234349285
"027023","MIRA",0.448530114668303,0.427350837265756,0.931540383168249,0.487300466687151,0.536660457407273
"027024","MIRANO",0.439978021364665,0.403138311996225,0.930010213131164,0.472403371325517,0.523248575970589
"027025","MUSILE DI PIAVE",0.51942577918963,0.51741070150942,0.936303089711713,0.560206725285744,0.601995210221963
"027026","NOALE",0.479454793340824,0.456103998084141,0.936280888205567,0.514629544961791,0.561479694211099
"027027","NOVENTA DI PIAVE",0.541764254725725,0.538700205239628,0.938700171201849,0.580079024104594,0.619925818226511
"027028","PIANIGA",0.503397055587733,0.489186056975127,0.939021355552742,0.540564536208561,0.584837516135692
"027029","PORTOGRUARO",0.44569593396784,0.411071776708062,0.923765515215456,0.477922021325701,0.527460187313452
"027030","PRAMAGGIORE",0.584884705761747,0.599435686969723,0.939550792626341,0.626899255991796,0.661638315617856
"027031","QUARTO D'ALTINO",0.540989577459058,0.541164974255171,0.941221918222415,0.581091740093644,0.621106204330174
"027032","SALZANO",0.508539113965456,0.499944271168729,0.940060664545861,0.547823589764969,0.591405486962846
"027033","SAN DONÀ DI PIAVE",0.414598592178723,0.370875994078929,0.917069238381741,0.445170487654117,0.497603682179409
"027034","SAN MICHELE AL TAGLIAMENTO",0.525379398557429,0.531913160008676,0.92995265847177,0.568776917201925,0.608907555120796
"027035","SANTA MARIA DI SALA",0.492025577926597,0.479294467659229,0.938811245327393,0.530975145046361,0.576290267299809
"027036","SAN STINO DI LIVENZA",0.514979466769578,0.512619459156295,0.934177856972117,0.555837302363855,0.597875141764773
"027037","SCORZÈ",0.481423905831156,0.463799956495647,0.937924351098321,0.519143173156893,0.565674415150385
"027038","SPINEA",0.451101346886705,0.421354872547209,0.929149484646014,0.485520247209863,0.534812384702768
"027039","STRA",0.538368324976469,0.538780600156054,0.944558415819444,0.57917285789158,0.619771253216898
"027040","TEGLIO VENETO",0.618253961357407,0.640528253739744,0.943029697201453,0.660754966513863,0.692118825479151
"027041","TORRE DI MOSTO",0.572856707961049,0.586551246011487,0.937251724043564,0.615458751691997,0.651213526397727
"027042","VENEZIA",0.303128468677716,0.229225193928585,0.838002280142326,0.323359376187068,0.380541921070986
"027043","VIGONOVO",0.531166150996157,0.532359084228006,0.943699488736422,0.572956304724516,0.61414999183695
"027044","CAVALLINO-TREPORTI",0.518406608935107,0.522336761877071,0.930465139592178,0.561381030824698,0.602390376243307
"028001","ABANO TERME",0.451990791634753,0.414986613999567,0.926205733716303,0.482760405907074,0.532032108996988
"028002","AGNA",0.611841817925081,0.638359861460686,0.941837658834091,0.656774521607004,0.688448203521125
"028003","ALBIGNASEGO",0.434233396157884,0.387474502323759,0.92738618541888,0.462507172858627,0.514160396476433
"028004","ANGUILLARA VENETA",0.608067494778322,0.637773142948095,0.942742836169192,0.654902570593807,0.686884822324405
"028005","ARQUÀ PETRARCA",0.602440845380172,0.610014343569379,0.937341874940238,0.639339022521322,0.672450450567868
"028006","ARRE",0.624271355904625,0.642711531078192,0.935551355373978,0.663697434679666,0.693903425867923
"028007","ARZERGRANDE",0.571688510133309,0.583459351690264,0.940196609533608,0.613836198773968,0.650098466636151
"028008","BAGNOLI DI SOPRA",0.593847653847516,0.611149177962634,0.933173917482369,0.635565966062804,0.668633516220534
"028009","BAONE",0.566239956919473,0.559270719886527,0.934835539003635,0.599963358463063,0.637171378523127
"028010","BARBONA",0.666295392185731,0.725494835177452,0.940721895984513,0.720377791911884,0.744860470142176
"028011","BATTAGLIA TERME",0.569888271202584,0.571884005902319,0.929911849428295,0.606788709640036,0.64269128072762
"028012","BOARA PISANI",0.609765418500361,0.635180126098494,0.942206246440546,0.654446119713539,0.686419467127651
"028013","BORGORICCO",0.527102724317356,0.520414147864602,0.93993097369534,0.565375689851415,0.606992943611851
"028014","BOVOLENTA",0.595966493018321,0.613396387370007,0.941141513546105,0.638327447529358,0.671973454864552
"028015","BRUGINE",0.549837089668903,0.553635790993379,0.937151022962152,0.590277898594242,0.628819356857343
"028016","CADONEGHE",0.480326466718721,0.455619454046899,0.933323355065178,0.514507999851047,0.561043039319284
"028017","CAMPODARSEGO",0.493956134101248,0.479270447368151,0.94136458965672,0.532088420626902,0.577563550519104
"028018","CAMPODORO",0.596073594649655,0.605477120894134,0.938518227376534,0.634549644732359,0.668323931692823
"028019","CAMPOSAMPIERO",0.499882870031586,0.480184015223739,0.933133398878243,0.53434343825272,0.578653433877779
"028020","CAMPO SAN MARTINO",0.563923453805946,0.574026410946364,0.945132903212129,0.606590729459753,0.64420652654335
"028021","CANDIANA",0.625140037121834,0.651219510315073,0.936852701229748,0.668047066469583,0.697914359220712
"028022","CARCERI",0.641672159888358,0.666878018529363,0.933397747556467,0.682187355043621,0.710099620878382
"028023","CARMIGNANO DI BRENTA",0.539303393416393,0.542557193054501,0.942808508623349,0.581118114774237,0.621305936313028
"028026","CARTURA",0.578238438084604,0.591327574308758,0.939472193736418,0.620251924950655,0.655720843704628
"028027","CASALE DI SCODOSIA",0.587351996097777,0.606726906601853,0.932601384726052,0.630595644687439,0.664151838025062
"028028","CASALSERUGO",0.561490852242186,0.569585158378185,0.939712911167776,0.602955495895945,0.640372986481704
"028029","CASTELBALDO",0.653677678192926,0.695538679734443,0.932929705333297,0.700440331600645,0.726272484237607
"028030","CERVARESE SANTA CROCE",0.559190720183319,0.565413426210442,0.938941457348072,0.599966011612,0.637629950027119
"028031","CINTO EUGANEO",0.614952378124025,0.635029173757386,0.932086172278287,0.655700315574464,0.686409855208222
"028032","CITTADELLA",0.458179624104111,0.426531024134614,0.931754027639964,0.491295194471423,0.540235064823483
"028033","CODEVIGO",0.567785813697327,0.58280450525858,0.941262647651336,0.611891908295292,0.64848865711263
"028034","CONSELVE",0.515994514694205,0.506911770913156,0.930997958419122,0.553407624365225,0.595362105926769
"028035","CORREZZOLA",0.580716035213969,0.598609252406431,0.937520162057606,0.624448395634941,0.659234147459681
"028036","CURTAROLO",0.553606919617181,0.559127469190802,0.943643847279868,0.595094859691579,0.633822524979167
"028037","ESTE",0.469670743609954,0.437849291791855,0.922262305083228,0.500610246439137,0.547460475177369
"028038","FONTANIVA",0.537715819427573,0.537442565116065,0.942084280636271,0.578029701108264,0.618480209944709
"028039","GALLIERA VENETA",0.539370363141435,0.539208797034806,0.944186287433824,0.579779250822691,0.620268921557262
"028040","GALZIGNANO TERME",0.570343386176359,0.580182168945458,0.93765020524092,0.61150152032891,0.647740263096911
"028041","GAZZO",0.578312181873624,0.58807066226497,0.941676105800586,0.619039890442426,0.654888358815555
"028042","GRANTORTO",0.586324866828974,0.607516692211225,0.947911974774628,0.632019899045552,0.667119018571005
"028043","GRANZE",0.592766321971721,0.634511804641158,0.93615551314882,0.645890708290678,0.678142353274915
"028044","LEGNARO",0.519964251701046,0.509131873322736,0.939382781442042,0.557031534404906,0.599515006297921
"028045","LIMENA",0.515824923740454,0.496979682386552,0.935209399797831,0.549283012736936,0.592163722410369
"028046","LOREGGIA",0.533595816844901,0.528918985691188,0.939301016227808,0.572061762764021,0.612866124259997
"028047","LOZZO ATESTINO",0.58506336032742,0.601677506017144,0.932769815027438,0.627310371357798,0.661250309543313
"028048","MASERÀ DI PADOVA",0.529086889684686,0.523625222215072,0.937717110790961,0.567492161433987,0.608628266918095
"028049","MASI",0.624280462952181,0.648963014915641,0.929033409658116,0.665862906006331,0.695104073078752
"028050","MASSANZAGO",0.558113923036033,0.558112136332412,0.940504820755595,0.59635220879136,0.634591387898497
"028052","MEGLIADINO SAN VITALE",0.624568598052076,0.65292390827344,0.932962987164389,0.668167926562921,0.697589599963084
"028053","MERLARA",0.614501674955487,0.645234581771256,0.934212296893347,0.660302545216369,0.690736962069367
"028054","MESTRINO",0.507049292977516,0.493354271892033,0.938635686149822,0.544045172806279,0.587888563177784
"028055","MONSELICE",0.474105710701747,0.447825095987072,0.926650850639423,0.507533948073911,0.554102492803412
"028056","MONTAGNANA",0.517007606368535,0.510111728683074,0.929176200107826,0.555121320784007,0.596682974042209
"028057","MONTEGROTTO TERME",0.494086974113295,0.471452785098548,0.931273849763371,0.527620276621667,0.572470673637412
"028058","NOVENTA PADOVANA",0.485001501351637,0.454691274849107,0.939402687781605,0.516802018068495,0.563757648036619
"028059","OSPEDALETTO EUGANEO",0.559963621973113,0.568865690969487,0.935908371810789,0.601564028005249,0.638713399539198
"028060","PADOVA",0.280482395590499,0.175302526733132,0.846406428150824,0.289743857860716,0.351595254559617
"028061","PERNUMIA",0.578032117660587,0.587439235444216,0.935349708992917,0.617997079796453,0.653258483040504
"028062","PIACENZA D'ADIGE",0.667040557866768,0.713784125519121,0.934072399413648,0.714778347465015,0.739144353237085
"028063","PIAZZOLA SUL BRENTA",0.514843889932284,0.510129891580732,0.942306167697743,0.555468818450631,0.598450746144755
"028064","PIOMBINO DESE",0.531006991228912,0.529395719133666,0.937663491013528,0.570947568764513,0.611693782347737
"028065","PIOVE DI SACCO",0.471470757224856,0.449998445273984,0.929992093193724,0.50766035044385,0.554586099638281
"028066","POLVERARA",0.579852349592968,0.588233042892559,0.94289656810131,0.619928083428618,0.655813470614473
"028067","PONSO",0.612796428827156,0.62981658979127,0.934839340198248,0.652659792398117,0.68401307548702
"028068","PONTELONGO",0.590291663948674,0.606548790873682,0.934771890859874,0.632055393756048,0.665690560100917
"028069","PONTE SAN NICOLÒ",0.482347973350884,0.452110475477785,0.928894058584166,0.513395707831318,0.559562191248301
"028070","POZZONOVO",0.595988954580069,0.610071430347758,0.939853599133639,0.636712533130886,0.670394873797859
"028071","ROVOLON",0.567228590954333,0.576355321644765,0.937922363822753,0.608404997051869,0.64501803780419
"028072","RUBANO",0.468660482669572,0.434782691991559,0.929539396426779,0.499503368240187,0.547285149149808
"028073","SACCOLONGO",0.558335929240196,0.556580113406098,0.934998623838939,0.595212081574726,0.632966141826305
"028075","SAN GIORGIO DELLE PERTICHE",0.528942940243327,0.524694969453781,0.941675826411446,0.568304642004843,0.609790329161132
"028076","SAN GIORGIO IN BOSCO",0.547485761352649,0.550661914980454,0.941348745340295,0.588301328883926,0.6275288196013
"028077","SAN MARTINO DI LUPARI",0.503860560524788,0.493218782027946,0.939780916680966,0.542663795816827,0.586787920357287
"028078","SAN PIETRO IN GU",0.576734141940247,0.587035399050743,0.941976274654116,0.617893920911357,0.653903071327219
"028079","SAN PIETRO VIMINARIO",0.593334197398976,0.604519863669675,0.93568104895608,0.632602432376501,0.666277834218677
"028080","SANTA GIUSTINA IN COLLE",0.53493404541813,0.531740119217897,0.938796075404644,0.573882981626677,0.61442888093534
"028082","SANT'ANGELO DI PIOVE DI SACCO",0.543582897052143,0.54583615278017,0.939228630709157,0.584161435495457,0.623613346074757
"028083","SANT'ELENA",0.608271884991136,0.625317218964148,0.938848085949721,0.64899990537485,0.681205258772058
"028084","SANT'URBANO",0.639656815054141,0.674913977313413,0.938707378557844,0.685427594421184,0.71356979265859
"028085","SAONARA",0.506606129259961,0.489462001875899,0.93693833530391,0.541924492541528,0.585814919515126
"028086","SELVAZZANO DENTRO",0.438900271248361,0.394929898152429,0.927979350163161,0.468021511246671,0.519127937792948
"028087","SOLESINO",0.568405054090861,0.582224249999309,0.931711785378211,0.610954365378398,0.64659407871171
"028088","STANGHELLA",0.581187795836221,0.595339636834521,0.936091748758541,0.623046519577688,0.657829322820005
"028089","TEOLO",0.507433141095839,0.490303857205145,0.933786697749431,0.542360319010386,0.58585213887028
"028090","TERRASSA PADOVANA",0.608069061296763,0.625771573181751,0.936064544582333,0.648834739973565,0.680749162707872
"028091","TOMBOLO",0.541897500848975,0.539552879776774,0.941533011958908,0.580805972477478,0.620886754642081
"028092","TORREGLIA",0.542989357231869,0.539571649080945,0.933720967721314,0.580524549612897,0.619768596069388
"028093","TREBASELEGHE",0.516193887964082,0.511122946838613,0.938958109497887,0.556188386611002,0.598718355820655
"028094","TRIBANO",0.578574010322682,0.589954147669205,0.93696582457542,0.619534253553891,0.654804428111839
"028095","URBANA",0.626734481674141,0.654183935580579,0.935187622196826,0.669932049984307,0.699404891341253
"028096","VEGGIANO",0.568557632795345,0.573273244512515,0.943993528726329,0.60822324766117,0.64553105666841
"028097","VESCOVANA",0.621755922343824,0.639913074978287,0.935559022861805,0.66130695108113,0.691779403501205
"028098","VIGHIZZOLO D'ESTE",0.671473129519006,0.709587113896474,0.938533278200515,0.715330437357017,0.740130753006295
"028099","VIGODARZERE",0.492475128530815,0.471354477267293,0.932663448868537,0.526989667496002,0.572064532092951
"028100","VIGONZA",0.455367333460379,0.425066204632125,0.935141848657934,0.48970927700742,0.539201784968588
"028101","VILLA DEL CONTE",0.565499126420669,0.574119507056728,0.943401134153745,0.607168498480203,0.644527680221708
"028102","VILLA ESTENSE",0.617432741853174,0.644174891741476,0.938191941698705,0.661542629287463,0.692281441777601
"028103","VILLAFRANCA PADOVANA",0.511519945474724,0.498774584952395,0.937919409303077,0.548424479622511,0.591701694031463
"028104","VILLANOVA DI CAMPOSAMPIERO",0.56280048876896,0.571180586225203,0.945300183223574,0.604821502069731,0.64265246664238
"028105","VO'",0.592720583995208,0.611210109497764,0.934834475183206,0.635252259590158,0.66853917243383
"028106","DUE CARRARE",0.521041464917857,0.512024501146459,0.934925408259271,0.55837222555487,0.600211468077581
"028107","BORGO VENETO",0.548947362025311,0.55333314779847,0.932224129021341,0.589248642322835,0.62735702973378
"029001","ADRIA",0.470951985003905,0.449591689384776,0.925209501233297,0.506765603598236,0.553259370002132
"029002","ARIANO NEL POLESINE",0.598191789123148,0.626248125920349,0.936720271630135,0.644669988932587,0.677120020343426
"029003","ARQUÀ POLESINE",0.601203734859857,0.61791670492228,0.938821810621589,0.64248637896412,0.675412538037172
"029004","BADIA POLESINE",0.515000070466279,0.511359368966301,0.930929527081927,0.554954700452854,0.596729681189418
"029005","BAGNOLO DI PO",0.659457307329023,0.699968419858901,0.940679256570294,0.705809502891595,0.731906142189228
"029006","BERGANTINO",0.607819877271335,0.63716064834778,0.942702893699184,0.65451152589852,0.686532788987483
"029007","BOSARO",0.613874854088673,0.66339055006678,0.941875603729895,0.668956992242943,0.69928128240816
"029008","CALTO",0.687152199228655,0.735227295970442,0.942108356418062,0.7342816084814,0.757373469363251
"029009","CANARO",0.612265474152928,0.641783594105974,0.94084508399372,0.658406589115877,0.689788644102304
"029010","CANDA",0.674567091975204,0.718985266624608,0.943373182852946,0.72143587965521,0.746095580010514
"029011","CASTELGUGLIELMO",0.653004493509841,0.691138132288094,0.937804293533194,0.69864461096239,0.725217909025813
"029012","CASTELMASSA",0.566585121479967,0.570916760431629,0.935689714246672,0.605444818284885,0.642138695613973
"029013","CASTELNOVO BARIANO",0.615116929507391,0.639284421180907,0.941212063866112,0.658601814196345,0.690002953048542
"029014","CENESELLI",0.610942160821836,0.662848548123464,0.940251035700165,0.667230922595402,0.697566490718153
"029015","CEREGNANO",0.600057652372121,0.621101903908884,0.937444970928679,0.64326629741932,0.675952816698138
"029017","CORBOLA",0.623160737043322,0.658693700122895,0.937389486683831,0.670573445393181,0.700219672203253
"029018","COSTA DI ROVIGO",0.614877497320106,0.64151877389925,0.936676524518688,0.659045974500579,0.68989381339148
"029019","CRESPINO",0.638383988161136,0.674294159282335,0.933951921809645,0.684100358530526,0.711861643339317
"029021","FICAROLO",0.63048339238936,0.66429553787765,0.942641110244471,0.676914629644602,0.706439794155698
"029022","FIESSO UMBERTIANO",0.578259732980251,0.592606762494629,0.938515849045139,0.62074150786821,0.65604976799898
"029023","FRASSINELLE POLESINE",0.655720215626573,0.695396609236866,0.937358325015509,0.701738403690099,0.727918394948477
"029024","FRATTA POLESINE",0.60305062763937,0.624502185483439,0.934604665280087,0.645859232433273,0.677942058305141
"029025","GAIBA",0.664063505243598,0.703417680764123,0.9386694780045,0.709233481503924,0.734726370003988
"029026","GAVELLO",0.647713529867584,0.682809463008903,0.935197215597462,0.692255068354165,0.719248640270087
"029027","GIACCIANO CON BARUCHELLA",0.623359163233427,0.655008894681553,0.935837566923168,0.668849382754058,0.698514736550625
"029028","GUARDA VENETA",0.663143650580917,0.69653609656912,0.938618074528232,0.70571769367034,0.731595513765661
"029029","LENDINARA",0.518539002386055,0.519161461982832,0.932512269743634,0.560216435940363,0.601582639696282
"029030","LOREO",0.611193051159351,0.643840656169126,0.938738758445252,0.65863904414234,0.689761234620441
"029031","LUSIA",0.604891061698744,0.626523614842716,0.931083609088766,0.647244965352534,0.678782592434337
"029032","MELARA",0.644782746304696,0.67892287653975,0.945583550744462,0.690225885354447,0.718598959286671
"029033","OCCHIOBELLO",0.500950403966693,0.485894104533787,0.934610565979728,0.537541085423189,0.581659916596138
"029034","PAPOZZE",0.658278948067978,0.695147470478109,0.932349736018389,0.702276861947578,0.727840514622113
"029035","PETTORAZZA GRIMANI",0.640610977053341,0.673577874005841,0.933890711486377,0.684774054125269,0.712453682720948
"029036","PINCARA",0.66604802454238,0.711533029140942,0.938217119006452,0.71373318605814,0.738675845274619
"029037","POLESELLA",0.577037174244627,0.588041345921948,0.934892266291695,0.617774560704129,0.653009861324969
"029038","PONTECCHIO POLESINE",0.597457378235987,0.604228684999771,0.935535499146194,0.63431227837071,0.667781525123542
"029039","PORTO TOLLE",0.560260816786448,0.583937090967197,0.937906227361367,0.608679681225277,0.645260408573731
"029040","ROSOLINA",0.556424243664311,0.573812727742091,0.936728357063963,0.602279472839277,0.639440459975353
"029041","ROVIGO",0.391456216509198,0.336801854875903,0.909086674964518,0.418624799619747,0.473120563546944
"029042","SALARA",0.661662454292992,0.701842902902403,0.937613696466022,0.70733878038453,0.732924882171363
"029043","SAN BELLINO",0.634165489042705,0.691896605180905,0.940788082684868,0.690806750669111,0.718582454226418
"029044","SAN MARTINO DI VENEZZE",0.595378544205951,0.617620231583643,0.939848955168527,0.63983434462217,0.673169301349543
"029045","STIENTA",0.590801063433459,0.605656860069162,0.936733104296655,0.632079376005845,0.665929790260379
"029046","TAGLIO DI PO",0.548873722734757,0.564141973739952,0.933727228534307,0.59422978626705,0.631951724296745
"029047","TRECENTA",0.607680445772858,0.63168166996922,0.934447266441522,0.651157678728087,0.682634299585135
"029048","VILLADOSE",0.575705243702541,0.591412410355718,0.939646655842097,0.619167609910426,0.654776392791723
"029049","VILLAMARZANA",0.647792651096951,0.671343169398418,0.932053179636515,0.686816437186567,0.71406496412545
"029050","VILLANOVA DEL GHEBBO",0.621992513944587,0.650651214075914,0.934739115810367,0.666163589190262,0.696005314370274
"029051","VILLANOVA MARCHESANA",0.650466898126884,0.708670130411059,0.931036370913888,0.704715299933463,0.729862085597955
"029052","PORTO VIRO",0.512806395657488,0.517331227703573,0.933069421743111,0.556868872686789,0.598668933693047
"030001","AIELLO DEL FRIULI",0.601740894864346,0.611978310721676,0.933228948705177,0.639496537384228,0.672133471975444
"030002","AMARO",0.616996515235239,0.652810552268469,0.935691553684896,0.664982335745158,0.695061137738462
"030003","AMPEZZO",0.676731100602378,0.723101963825805,0.934689799181047,0.723393858910787,0.746871185607483
"030004","AQUILEIA",0.586228154785763,0.598356361086291,0.935993912639655,0.62666242340639,0.661032588876753
"030005","ARTA TERME",0.615124080704812,0.639076366653224,0.933156463343544,0.65770584764547,0.688311471611923
"030006","ARTEGNA",0.585397111528817,0.591549004019165,0.933278049661802,0.622953556962772,0.657434056151553
"030007","ATTIMIS",0.622973742788292,0.644731002483328,0.933551700162922,0.663822305388521,0.693792238141232
"030008","BAGNARIA ARSA",0.58499807291286,0.59983352188965,0.941843044498386,0.627358522110969,0.662301246820681
"030009","BASILIANO",0.564205432667931,0.573568149269422,0.942228460001322,0.606220957871941,0.643555124775205
"030010","BERTIOLO",0.614579227244517,0.642694423983474,0.938847320067701,0.659657875059366,0.690678924504736
"030011","BICINICCO",0.631621847329769,0.660714918388417,0.943198122802677,0.675871356853451,0.70557433084781
"030012","BORDANO",0.638291556808704,0.686412287389328,0.931321996512896,0.689248929540404,0.716145936981792
"030013","BUJA",0.544762673488107,0.54444382565348,0.936962895844366,0.583839214198151,0.623075178825508
"030014","BUTTRIO",0.559360485564524,0.557047882264346,0.937140221006785,0.59609778762367,0.633991391332905
"030015","CAMINO AL TAGLIAMENTO",0.635681199713148,0.664055432055871,0.938030184156107,0.678684502711669,0.707500689538829
"030016","CAMPOFORMIDO",0.499654071085951,0.469926107605465,0.932510913310056,0.529562171742143,0.574334254138578
"030018","CARLINO",0.624120916432237,0.659055682315552,0.949516627717996,0.672381132208305,0.703173965042715
"030019","CASSACCO",0.593280599540189,0.603911767828782,0.93556987888287,0.632293553204324,0.665990922724163
"030020","CASTIONS DI STRADA",0.585971170947532,0.605745289929658,0.938517622163931,0.630124169611128,0.664390108783662
"030021","CAVAZZO CARNICO",0.616626937611497,0.659285776510888,0.935960309874039,0.667756752342477,0.697557147623762
"030022","CERCIVENTO",0.653468195702909,0.712480949008712,0.935350044993324,0.708212119619562,0.733449666883313
"030023","CERVIGNANO DEL FRIULI",0.491550738875511,0.470612926788292,0.929432596467638,0.525916909195475,0.570751985559049
"030024","CHIOPRIS-VISCONE",0.648920716416572,0.703018618438364,0.935562297818637,0.701928930466585,0.727888193505702
"030025","CHIUSAFORTE",0.652705302430522,0.705310269761398,0.934464621786917,0.704553469665056,0.730099153234152
"030026","CIVIDALE DEL FRIULI",0.494008935821079,0.471595541736542,0.926191685231084,0.527141183424038,0.571480128069265
"030027","CODROIPO",0.481587142640858,0.459257717211114,0.929422532567046,0.516322440190092,0.562222450454198
"030028","COLLOREDO DI MONTE ALBANO",0.60062920941541,0.614429438288939,0.93813789254235,0.640590180721192,0.67365103759021
"030029","COMEGLIANS",0.701361377495686,0.753967483950221,0.931998285379046,0.748097816188563,0.768531201654172
"030030","CORNO DI ROSAZZO",0.590803073763205,0.607335744088819,0.937597641024359,0.632922232135847,0.666775055345682
"030031","COSEANO",0.617684852779899,0.637240172780055,0.937210105137969,0.658437272015776,0.689412031251575
"030032","DIGNANO",0.615687537737048,0.64182138591961,0.942513374668744,0.66013035311237,0.691506244396412
"030033","DOGNA",0.781495500582739,0.863325023245313,0.947957880681307,0.834965023790754,0.847519785667482
"030034","DRENCHIA",0.819754944961769,0.925058109140137,0.935306355293066,0.878696509875164,0.884986492699376
"030035","ENEMONZO",0.643613517467694,0.677709134818921,0.936585482043963,0.688253741733373,0.715846157323439
"030036","FAEDIS",0.59326928997694,0.605876704130377,0.93083772804252,0.632699470152544,0.665825943251431
"030037","FAGAGNA",0.53515657320555,0.527307225623059,0.935830954757079,0.571691804948582,0.61215171048286
"030039","FLAIBANO",0.66304512229038,0.704621455726832,0.947128532823581,0.710162813390103,0.736492337771601
"030040","FORNI AVOLTRI",0.6754656030272,0.741488285394571,0.934859257143207,0.731115175504118,0.75375340679735
"030041","FORNI DI SOPRA",0.668140248912776,0.715358654373365,0.93434110808531,0.716008617287295,0.740267782931519
"030042","FORNI DI SOTTO",0.675640091260429,0.746775138526269,0.938777343315843,0.733964587735599,0.756721560577848
"030043","GEMONA DEL FRIULI",0.506407365227855,0.492414096917106,0.931978931552027,0.542667551120435,0.58592437116839
"030044","GONARS",0.574332042399963,0.590183653734655,0.94184526433336,0.618216589693914,0.654175331320519
"030045","GRIMACCO",0.749965590127336,0.817752404853363,0.930083893006747,0.798481487041989,0.813103976593629
"030046","LATISANA",0.501000042988898,0.490612675801369,0.926551958803714,0.538880919335992,0.58195547927685
"030047","LAUCO",0.658290289004027,0.723574185796759,0.93698241763863,0.715537255424217,0.740142273448041
"030048","LESTIZZA",0.5905478766353,0.607636222530694,0.938057119533465,0.632988556578044,0.666885063573091
"030049","LIGNANO SABBIADORO",0.523663808906926,0.512582063482658,0.919264477308596,0.558237090306172,0.598351244417553
"030051","LUSEVERA",0.723996771389145,0.782000439715699,0.934760318722254,0.771174776869405,0.789350948186389
"030052","MAGNANO IN RIVIERA",0.601501165622868,0.6148788502972,0.935038681847706,0.640874875348801,0.673559742737568
"030053","MAJANO",0.55088233423171,0.554791106161409,0.935697596598099,0.591122807836714,0.629408895476868
"030054","MALBORGHETTO VALBRUNA",0.653888689908275,0.679997383607002,0.932896480822295,0.693538381164104,0.72013372557057
"030055","MANZANO",0.554808374347664,0.563513241887398,0.937170842457683,0.596961811551546,0.634762814985561
"030056","MARANO LAGUNARE",0.651075807152582,0.693432747490744,0.944560827517165,0.699484932341213,0.726715587360763
"030057","MARTIGNACCO",0.517790552451054,0.497169348195801,0.935935293073397,0.550325484598425,0.593171018873421
"030058","MERETO DI TOMBA",0.611170783407556,0.631405384135364,0.938970698110544,0.653056345205369,0.684824606639277
"030059","MOGGIO UDINESE",0.592843002586978,0.634958276822093,0.935971833368623,0.646107759070944,0.678314878437353
"030060","MOIMACCO",0.608833431864834,0.620914014974587,0.940811105966213,0.647467461674361,0.680061199929011
"030061","MONTENARS",0.664861174593672,0.720692781035535,0.938852832701799,0.717384563303323,0.741992148792043
"030062","MORTEGLIANO",0.557991804118317,0.562673218409997,0.934447323756532,0.597743992513395,0.635155473762632
"030063","MORUZZO",0.562156403508396,0.545614252094344,0.949244912945864,0.593421286315819,0.632957244830269
"030064","MUZZANA DEL TURGNANO",0.622563720181682,0.650339676400993,0.942909795121212,0.667097507974325,0.697743317657313
"030065","NIMIS",0.602248511937055,0.623184102584331,0.933263200835192,0.644770996618143,0.676825685975593
"030066","OSOPPO",0.601543366373627,0.617428309181637,0.937376313258684,0.642274885325738,0.675063932873843
"030067","OVARO",0.629459983946083,0.658942818530298,0.935485636450573,0.673329824759429,0.702458248280667
"030068","PAGNACCO",0.522262581165903,0.494560846687052,0.936781800143319,0.551248722548162,0.594085731169846
"030069","PALAZZOLO DELLO STELLA",0.62409682081517,0.653589024635305,0.93725604314865,0.668684234767578,0.69852554680992
"030070","PALMANOVA",0.539924543029158,0.532853057920019,0.935851152841079,0.576335035711238,0.616281270947887
"030071","PALUZZA",0.624270386375683,0.652044957411871,0.935594536638328,0.667901358368232,0.697645044842687
"030072","PASIAN DI PRATO",0.499562698631404,0.473276594758125,0.930067402506068,0.530784422275895,0.575149197857025
"030073","PAULARO",0.631029875630772,0.673167227904408,0.943302280525793,0.68121892464341,0.710339297519231
"030074","PAVIA DI UDINE",0.553246447419636,0.55708883249655,0.941210671328886,0.593771943095172,0.632376246232251
"030075","POCENIA",0.625595111923365,0.657802971951318,0.942173356005707,0.671746473344178,0.701793904751014
"030076","PONTEBBA",0.612301763213545,0.663288823667799,0.94208121976885,0.66822388607349,0.698652478706308
"030077","PORPETTO",0.616692509836448,0.646024342160827,0.947407242929012,0.662963307691675,0.694568189384712
"030078","POVOLETTO",0.549510921374077,0.55114671675054,0.936106949465187,0.588906632102596,0.627484445142884
"030079","POZZUOLO DEL FRIULI",0.534391761329395,0.53058293510128,0.93770065419188,0.573008678812992,0.613530009410646
"030080","PRADAMANO",0.559987684011012,0.550326004793308,0.934061851826713,0.593047345144615,0.630937845887071
"030081","PRATO CARNICO",0.638498110234664,0.692763248643746,0.931652304226574,0.692232841917942,0.718835004396679
"030082","PRECENICCO",0.64844915632627,0.682974661610752,0.936305641977882,0.692771282269448,0.719830655570385
"030083","PREMARIACCO",0.572640758754394,0.578703086578366,0.935225277504832,0.611627258150225,0.64758259363407
"030084","PREONE",0.757085431328597,0.82321377589283,0.945576809400886,0.805692324189731,0.821235044768748
"030085","PREPOTTO",0.635528284605801,0.680347316743699,0.921072520114261,0.684251272618701,0.710564744562652
"030086","PULFERO",0.679658326875636,0.727139757075081,0.932695806932163,0.726328718471039,0.74925839496672
"030087","RAGOGNA",0.598337978434004,0.613508376521197,0.936482690627418,0.638979128792582,0.672035080107564
"030088","RAVASCLETTO",0.663909211792893,0.723693310953919,0.92784759713012,0.717205894949077,0.740610528524749
"030089","RAVEO",0.653145254996478,0.700000671740368,0.925517737160292,0.70146744074761,0.726361918126797
"030090","REANA DEL ROJALE",0.555781607958337,0.555496592770117,0.934522563279567,0.593527446655761,0.631415792947295
"030091","REMANZACCO",0.538435305447674,0.5298085561394,0.935228389598228,0.574232576674006,0.614343222554475
"030092","RESIA",0.643966496436939,0.705360430824904,0.939612417022777,0.701158358970107,0.727653254309293
"030093","RESIUTTA",0.75933081581105,0.832453243763639,0.944799811453828,0.810782807953993,0.825673586120641
"030094","RIGOLATO",0.67814672560399,0.739807890205702,0.92812618013914,0.730892195128276,0.752807082351705
"030095","RIVE D'ARCANO",0.603715041512912,0.614984489959374,0.931957573967074,0.641610546559236,0.673871327382329
"030097","RONCHIS",0.617399625395691,0.641514185037418,0.934697214510908,0.65998093614599,0.690504967075425
"030098","RUDA",0.593319018794595,0.611186348907452,0.940155175419666,0.636042933007888,0.669833182164752
"030099","SAN DANIELE DEL FRIULI",0.514388768346396,0.500961471608299,0.937855159839773,0.55069312396359,0.593711127949833
"030100","SAN GIORGIO DI NOGARO",0.538451567666544,0.540469714810536,0.941885240623887,0.579703101177074,0.619945561115609
"030101","SAN GIOVANNI AL NATISONE",0.56654357573033,0.577476606441779,0.938991993553101,0.608708281332759,0.645406471579464
"030102","SAN LEONARDO",0.64089720478311,0.659903223550167,0.921076514028129,0.677467844152787,0.704535474138937
"030103","SAN PIETRO AL NATISONE",0.603030968530927,0.612319048538344,0.927732644279307,0.639680772109103,0.67168653568357
"030104","SANTA MARIA LA LONGA",0.615112995069819,0.639834041670075,0.941426440268566,0.658868810559809,0.690264102749671
"030105","SAN VITO AL TORRE",0.617791435152158,0.666500226913343,0.937600795558294,0.671691327485305,0.701236823937859
"030106","SAN VITO DI FAGAGNA",0.633844403574271,0.6544679424102,0.940717991431394,0.673812354836151,0.703468536680067
"030107","SAURIS",0.677751625862653,0.734296597018212,0.932059320770681,0.728627632373457,0.751231153306482
"030108","SAVOGNA",0.749705769007927,0.819833170610275,0.937815055383366,0.800074028366527,0.815378586923954
"030109","SEDEGLIANO",0.594971029662194,0.615566337671573,0.939362165939003,0.638678031894096,0.672087380121308
"030110","SOCCHIEVE",0.664006757860746,0.697324969874826,0.927607077513409,0.705359985232348,0.730054106596911
"030111","STREGNA",0.689069596869307,0.747798966139949,0.919682588516022,0.738559112205768,0.758683942906907
"030112","SUTRIO",0.616809859322037,0.665696474923092,0.934699392476104,0.670597789657919,0.699942412193273
"030113","TAIPANA",0.654270470370169,0.710223770390125,0.922073434710363,0.706229751813168,0.73021238324619
"030114","TALMASSONS",0.586180793922586,0.604191932142908,0.936148105120233,0.629282537241496,0.663378711450244
"030116","TARCENTO",0.512675482571773,0.500672249221916,0.930860124321163,0.549092491739277,0.591511117581708
"030117","TARVISIO",0.555618932862157,0.555786521814962,0.928096283293112,0.592942082934015,0.63018143852947
"030118","TAVAGNACCO",0.463959833300913,0.42275201264102,0.926221564604279,0.491642487134298,0.539929051297629
"030120","TERZO D'AQUILEIA",0.60353610710477,0.622296126076721,0.940285761663142,0.645653081097985,0.678390045605225
"030121","TOLMEZZO",0.497522458622492,0.476481197025493,0.927607468469071,0.5310623918885,0.575122955953008
"030122","TORREANO",0.61865230059239,0.640051122617972,0.936639217919933,0.660080462236657,0.690809212868132
"030123","TORVISCOSA",0.617899170825009,0.642743383925691,0.942381508788661,0.661527300516681,0.692733323658012
"030124","TRASAGHIS",0.629690169059418,0.657886071314486,0.939466409549038,0.673355949123161,0.702923778059369
"030126","TREPPO GRANDE",0.627383269338432,0.64976330614589,0.940084327669399,0.668724391734885,0.698875495727608
"030127","TRICESIMO",0.517519129271922,0.501853783334716,0.935883709375158,0.552306181610503,0.594925906917687
"030128","TRIVIGNANO UDINESE",0.606277137251501,0.653477636383067,0.942338128491454,0.661123460984701,0.692369535152118
"030129","UDINE",0.334749465149072,0.251846332687184,0.887455436419905,0.352713652668305,0.412129406418483
"030130","VARMO",0.605236074577509,0.626670156185973,0.936323865190514,0.647990190362618,0.680027265343496
"030131","VENZONE",0.627306051211099,0.651198224236255,0.939599437553603,0.66928686770667,0.699321597689663
"030132","VERZEGNIS",0.669517317606802,0.708521939863562,0.939279679346726,0.714045633796337,0.739071638857491
"030133","VILLA SANTINA",0.619142307417118,0.64058886477632,0.937005244640341,0.660579551951081,0.691293517805443
"030135","VISCO",0.625091303017136,0.665989578214492,0.935110294839343,0.674497426038167,0.70345441146052
"030136","ZUGLIO",0.654166041311625,0.70732821485709,0.940374767556301,0.706709892031552,0.732672655978746
"030137","FORGARIA NEL FRIULI",0.631446788920645,0.661534971823764,0.934191571049529,0.675260949439937,0.704031018507669
"030138","CAMPOLONGO TAPOGLIANO",0.64972879925709,0.681990373625728,0.936815837338729,0.692955211531141,0.720050836620873
"030188","RIVIGNANO TEOR",0.56246092038852,0.573166012887666,0.936423791767661,0.60467449915105,0.641535531664007
"030189","SAPPADA",0.635303409254442,0.658701697931372,0.92339441845078,0.674641740078694,0.702280926564482
"030190","FIUMICELLO VILLA VICENTINA",0.558294284435727,0.56303675607143,0.940081149429531,0.598607083171174,0.636548646088769
"030191","TREPPO LIGOSULLO",0.692049803849676,0.746501342128101,0.940203980936338,0.741368413783633,0.763461254578378
"031001","CAPRIVA DEL FRIULI",0.608185639950577,0.616453757867603,0.935993419808442,0.644687070999025,0.67705444308896
"031002","CORMONS",0.524482407986888,0.513063802540361,0.923509875425503,0.559246782279813,0.599720459296
"031003","DOBERDÒ DEL LAGO-DOBERDOB",0.620387206925994,0.631701726727799,0.933840836907517,0.656824103834959,0.687603740843021
"031004","DOLEGNA DEL COLLIO",0.673875456477917,0.725591058261448,0.923447266985569,0.722104658331271,0.74447605929286
"031005","FARRA D'ISONZO",0.600701996815048,0.601658279604161,0.928833170486822,0.633945441437326,0.666710744665048
"031006","FOGLIANO REDIPUGLIA",0.587745383167848,0.593888609157374,0.934610483151379,0.625196344861488,0.659575693560365
"031007","GORIZIA",0.411703406367949,0.358880272430973,0.905884942621639,0.437351149721679,0.489410460043897
"031008","GRADISCA D'ISONZO",0.519677051503205,0.497900568329489,0.924405125737414,0.550350441498454,0.59191207308056
"031009","GRADO",0.517770936572058,0.505597642751668,0.918299962632027,0.55234585695888,0.593007424255896
"031010","MARIANO DEL FRIULI",0.622748358526427,0.639204343806881,0.930723777736823,0.660951093823671,0.690925836480688
"031011","MEDEA",0.650210344967301,0.674782034907042,0.931652362660391,0.689411807209493,0.716327424481815
"031012","MONFALCONE",0.448096919105135,0.416670828914517,0.919319690975741,0.481077455706417,0.529771037403009
"031013","MORARO",0.691764616778527,0.719596110199057,0.932946126878785,0.728406939827792,0.751133516166791
"031014","MOSSA",0.618951362434109,0.62822243210921,0.931466010620343,0.654374808606528,0.685162719941396
"031015","ROMANS D'ISONZO",0.569443409944524,0.572428443666051,0.93412911331071,0.60725524545583,0.643574564106372
"031016","RONCHI DEI LEGIONARI",0.493580670317824,0.470374918315374,0.92514623163709,0.526294638048648,0.570611481780697
"031017","SAGRADO",0.591391624052141,0.589638393174314,0.924396510324978,0.623903158784402,0.657291308955578
"031018","SAN CANZIAN D'ISONZO",0.552503912901079,0.555271148425329,0.938688748115962,0.59236765240848,0.630847774153755
"031019","SAN FLORIANO DEL COLLIO-ŠTEVERJAN",0.640094351070219,0.657912912106425,0.901364111369966,0.674239679566487,0.699475727544651
"031020","SAN LORENZO ISONTINO",0.609615078678964,0.617539612258516,0.93159680257815,0.645379291179681,0.677181236890622
"031021","SAN PIER D'ISONZO",0.608643495403772,0.623904509003102,0.936669324113575,0.648313534394451,0.680353066585464
"031022","SAVOGNA D'ISONZO-SOVODNJE OB SOCI",0.609237313726143,0.618977737375862,0.929120867232265,0.645608859719129,0.677110193887255
"031023","STARANZANO",0.525323191571029,0.509308781326349,0.932558918672035,0.558840279671023,0.600364572893358
"031024","TURRIACO",0.589550052125173,0.598171788044928,0.938429695058985,0.628317797582444,0.662774675079837
"031025","VILLESSE",0.627193299826696,0.651979368997633,0.938965146433346,0.669524215614283,0.699462096816401
"032001","DUINO AURISINA-DEVIN NABREŽINA",0.486256270032941,0.442925846269774,0.920250536856608,0.510157006021882,0.555722953892407
"032002","MONRUPINO-REPENTABOR",0.616478217287317,0.609885574585801,0.920141531795562,0.643877859522459,0.67457382310836
"032003","MUGGIA",0.489999314631753,0.468150752947197,0.928046110995824,0.52397214151011,0.568869249230745
"032004","SAN DORLIGO DELLA VALLE-DOLINA",0.535398443716716,0.525163865218574,0.929318651222947,0.570184904143175,0.610088653818705
"032005","SGONICO-ZGONIK",0.570903909262284,0.551978716314352,0.921389383375585,0.597436119847045,0.633430926905771
"032006","TRIESTE",0.299845183565398,0.211550670848162,0.845387409063511,0.314666875392453,0.373635823578126
"033001","AGAZZANO",0.600403855511647,0.611305471771409,0.934657184674541,0.638734915744829,0.671615167848131
"033002","ALSENO",0.570616146118508,0.579072553729799,0.943063297601332,0.611666244691871,0.648488139459589
"033003","BESENZONE",0.628670054283446,0.673949200267027,0.940164693138992,0.680195133861612,0.709080640447987
"033004","BETTOLA",0.612325491067882,0.640380457838708,0.941339127304021,0.657851589738368,0.68935020502344
"033005","BOBBIO",0.583621205297128,0.602630770190327,0.939293547556765,0.627742743725032,0.662359499706335
"033006","BORGONOVO VAL TIDONE",0.537314561104069,0.539183948130013,0.939542900926446,0.578378619247982,0.618507983878922
"033007","CADEO",0.548964458964469,0.549082978618515,0.942375937585462,0.588358940670889,0.627694162550286
"033008","CALENDASCO",0.604973083523316,0.624860574086192,0.94216291832531,0.64764143775681,0.680366046708865
"033010","CAORSO",0.575400288046633,0.590016416927783,0.947366455607004,0.619174162799188,0.655639973111167
"033011","CARPANETO PIACENTINO",0.529181366914959,0.525017193268244,0.93968104504484,0.568357456586925,0.609615633082249
"033012","CASTELL'ARQUATO",0.547062243826739,0.544584467443754,0.937259369155293,0.584966956987251,0.624110558339255
"033013","CASTEL SAN GIOVANNI",0.500691038064511,0.489993086834225,0.937727900787266,0.539580646283158,0.583819230116948
"033014","CASTELVETRO PIACENTINO",0.55388113183434,0.558874343768621,0.941853891195766,0.594925353140909,0.633472968480338
"033015","CERIGNALE",0.75170594980311,0.826389119576542,0.937054736571247,0.803848254877968,0.81864897506611
"033016","COLI",0.670584490678616,0.710609253197118,0.935746469216574,0.715111831665738,0.739626791393609
"033017","CORTE BRUGNATELLA",0.730128583129403,0.791498993416969,0.938717292898369,0.778604138735704,0.796394489198223
"033018","CORTEMAGGIORE",0.571222391974494,0.579225674236361,0.940327730415887,0.611734402836474,0.64824477256752
"033019","FARINI",0.677698445308701,0.736122610129759,0.937088113065518,0.729928286253859,0.752946044788487
"033020","FERRIERE",0.659664994441616,0.70016612188919,0.932398959692668,0.705163898318129,0.730412238470856
"033021","FIORENZUOLA D'ARDA",0.483966327370231,0.462591342994752,0.933125577392726,0.519263509403515,0.565248183624538
"033022","GAZZOLA",0.571915660532498,0.563409283988664,0.941203894065938,0.605016614441117,0.642370756621653
"033023","GOSSOLENGO",0.526331664006121,0.506289945110535,0.937885761994379,0.558468300301933,0.600625796045538
"033024","GRAGNANO TREBBIENSE",0.561984070415616,0.562251639991056,0.942667782877963,0.600172847970799,0.638227840738261
"033025","GROPPARELLO",0.613093696135481,0.642557987509158,0.938353455845085,0.658878603224596,0.689931364626873
"033026","LUGAGNANO VAL D'ARDA",0.588464725691065,0.606158926708978,0.942272240890244,0.631807867669044,0.666303909138066
"033027","MONTICELLI D'ONGINA",0.562681862282811,0.569589659066419,0.939598413966252,0.603482026003778,0.640828291332942
"033028","MORFASSO",0.678335183397397,0.730420174049307,0.929934806430887,0.726933391494106,0.749489104264859
"033030","OTTONE",0.691233283489833,0.756449930612796,0.939411020808377,0.745398548427021,0.766955489802727
"033032","PIACENZA",0.347926476747479,0.28079401075319,0.897078019528128,0.372632021328114,0.430903798905893
"033033","PIANELLO VAL TIDONE",0.603558197646503,0.621187066803777,0.93549430108767,0.644684799111393,0.676996965997646
"033034","PIOZZANO",0.688108349840434,0.732605040619012,0.947922542783667,0.734113279985118,0.757869864740512
"033035","PODENZANO",0.517558119317256,0.50795049651356,0.940990056217933,0.55557788274566,0.598401457575913
"033036","PONTE DELL'OLIO",0.572204394753697,0.582299145005668,0.940644978602772,0.613591090751992,0.649930411624301
"033037","PONTENURE",0.548703696474029,0.549525938646284,0.94546897526992,0.588750233331132,0.628385649102109
"033038","RIVERGARO",0.518209369859002,0.50306028873572,0.939236738063268,0.553495020173951,0.596355211050542
"033039","ROTTOFRENO",0.508137226319642,0.49313785809163,0.93849912416218,0.54442370040129,0.588209858596945
"033040","SAN GIORGIO PIACENTINO",0.557927767277299,0.563710847029383,0.947390270053901,0.599476403443397,0.638133499733453
"033041","SAN PIETRO IN CERRO",0.677806165721104,0.720810455410743,0.942800472874905,0.723657526796821,0.74800674302772
"033042","SARMATO",0.606232802753454,0.622777527497095,0.944343242897468,0.647488972902494,0.680472780679713
"033043","TRAVO",0.583081485821337,0.590067139787263,0.935398120312587,0.621456693555129,0.656339074305957
"033044","VERNASCA",0.61330338321715,0.635609543466375,0.937761131727676,0.655786930180354,0.687117397018945
"033045","VIGOLZONE",0.568424689921269,0.575515913708815,0.943244542102595,0.609097725843797,0.646225149872553
"033046","VILLANOVA SULL'ARDA",0.618566435796587,0.642197733338633,0.940183998247704,0.661362275935619,0.692342467303629
"033047","ZERBA",0.814636263613982,0.902431043272368,0.926764868879589,0.865356774986816,0.872179896530458
"033048","ZIANO PIACENTINO",0.598562026122729,0.613402907525404,0.929255549611734,0.638309775102833,0.6706370833816
"033049","ALTA VAL TIDONE",0.599839304869544,0.622667187343167,0.940665202078897,0.64419444170361,0.677135637300864
"034001","ALBARETO",0.617520559203944,0.640813003975052,0.933948058464324,0.65964490927698,0.690123036964463
"034002","BARDI",0.638118129372144,0.677432462080719,0.935347610714261,0.685532527225214,0.713289758723997
"034003","BEDONIA",0.596322709786556,0.617292761444784,0.928798439925032,0.639006806046607,0.671205876477543
"034004","BERCETO",0.619412886312421,0.646317466305066,0.936458394221404,0.66322449810001,0.693583819891276
"034005","BORE",0.706001277880412,0.776723248573106,0.944575091906565,0.76168354609474,0.78200482896272
"034006","BORGO VAL DI TARO",0.536541118295815,0.532363903716959,0.930857797818234,0.574093039687572,0.613733568368757
"034007","BUSSETO",0.553969489402806,0.561683584157023,0.949184833056657,0.596962366407589,0.636098196035263
"034008","CALESTANO",0.616615876092272,0.639924672036963,0.949496160755034,0.660392862733659,0.6925154514027
"034009","COLLECCHIO",0.4810898633875,0.455514328766144,0.946287096656788,0.516100596134819,0.563899096192815
"034010","COLORNO",0.527622728913341,0.520616082050384,0.945165187058995,0.566223983639576,0.608328561797289
"034011","COMPIANO",0.628226413057046,0.679777611276389,0.933664455332155,0.681968256483261,0.709934500799805
"034012","CORNIGLIO",0.628544764895868,0.66618487839271,0.952337232944064,0.677862062774267,0.708359303904244
"034013","FELINO",0.515373390024244,0.504309601507262,0.946804191434646,0.553537765332643,0.597234034899532
"034014","FIDENZA",0.444272837714614,0.40653368790946,0.929956108765515,0.475858547407384,0.526313832002732
"034015","FONTANELLATO",0.539289969696385,0.543220384454503,0.947192519926722,0.581848911360572,0.6224426456457
"034016","FONTEVIVO",0.557215285499429,0.557650278307581,0.941152047348479,0.595804708448002,0.6341766349925
"034017","FORNOVO DI TARO",0.55178964728419,0.556809055245357,0.945677956643011,0.593437211802597,0.632575072340421
"034018","LANGHIRANO",0.516598272077863,0.509770325147287,0.945675667424596,0.556433435493777,0.599682572374979
"034019","LESIGNANO DE' BAGNI",0.536442599093902,0.526635227232893,0.941396751508978,0.572524696997956,0.613510480832514
"034020","MEDESANO",0.516377593042834,0.509657459260978,0.943356917047307,0.556051465241446,0.599085404330986
"034022","MONCHIO DELLE CORTI",0.684214867770538,0.743569342873452,0.947863546012843,0.73728924939108,0.760686393460165
"034023","MONTECHIARUGOLO",0.497063386146694,0.477996975705569,0.943087321785428,0.533085895012061,0.578641609097991
"034024","NEVIANO DEGLI ARDUINI",0.591417838216578,0.613192657249597,0.947006320188264,0.636775354978605,0.671245462224123
"034025","NOCETO",0.489851319450038,0.468648288167655,0.939706150933912,0.525295438521353,0.57134107323386
"034026","PALANZANO",0.665932666291101,0.713084960623681,0.944214423822117,0.714979374493864,0.740449935530336
"034027","PARMA",0.29739560713921,0.206022624105874,0.863313780760581,0.312869582136346,0.37403004865015
"034028","PELLEGRINO PARMENSE",0.676988143353391,0.722701582571347,0.94208323988137,0.724068700654269,0.748292538346169
"034030","ROCCABIANCA",0.599849308647999,0.622439392910742,0.947067754308912,0.644736691132325,0.678329031485279
"034031","SALA BAGANZA",0.533891021688557,0.526269905458071,0.947030597015056,0.571775476917488,0.613470490261662
"034032","SALSOMAGGIORE TERME",0.467990981303514,0.444348425315295,0.926980413718696,0.503250774350333,0.550331845391263
"034033","SAN SECONDO PARMENSE",0.547468775827314,0.545042126319797,0.94038773328363,0.585668679294563,0.62508190751557
"034035","SOLIGNANO",0.63599328324863,0.674184708636311,0.958167754765707,0.685396871824794,0.715704747707118
"034036","SORAGNA",0.563974249827957,0.572903118256875,0.943765289639386,0.605971344602113,0.64350400516181
"034038","TERENZO",0.6512153185802,0.682112992406385,0.942077166303405,0.694205456574304,0.721746757655315
"034039","TIZZANO VAL PARMA",0.606826061030594,0.625433719546673,0.936851354240728,0.648202036683843,0.680274183079053
"034040","TORNOLO",0.633193159581681,0.686000359161365,0.928032125495454,0.686440295983916,0.713283832596309
"034041","TORRILE",0.536770440546795,0.533322141434016,0.94567475396472,0.576109137287837,0.617171983585268
"034042","TRAVERSETOLO",0.508442334059397,0.493080635612605,0.940926656219336,0.544778001974334,0.588794519112668
"034044","VALMOZZOLA",0.674650001462081,0.735754525542184,0.936581853926375,0.728340222544557,0.751478181586981
"034045","VARANO DE' MELEGARI",0.599489087202179,0.612710036312812,0.951056934049784,0.640595298986724,0.675091036215953
"034046","VARSI",0.670069024604829,0.723630414086276,0.950733535505731,0.722238100961571,0.747626482577588
"034049","SISSA TRECASALI",0.536401594587151,0.535505983283861,0.944149283354149,0.57677333837737,0.617592887819235
"034050","POLESINE ZIBELLO",0.600263195374314,0.622640306144097,0.946093710984448,0.64491594678173,0.678380142804254
"034051","SORBOLO MEZZANI",0.50414705966883,0.494500625131171,0.945288290304742,0.543920287190474,0.588516731980949
"035001","ALBINEA",0.490010944713648,0.458121423098316,0.941274717454704,0.520787037260854,0.567507890615726
"035002","BAGNOLO IN PIANO",0.523830288054431,0.51951182967064,0.945909424380022,0.564094895414284,0.606518731966033
"035003","BAISO",0.603044301749527,0.628088085452682,0.957211825530101,0.649730756794004,0.683895319986904
"035004","BIBBIANO",0.524150154903159,0.522162995939229,0.947650320332863,0.565605949912361,0.608055324403528
"035005","BORETTO",0.560459137919762,0.566819129609365,0.949909287503273,0.602266149138435,0.640893164512306
"035006","BRESCELLO",0.563839232432919,0.573205798249272,0.950748143111122,0.606745078118098,0.644967640895101
"035008","CADELBOSCO DI SOPRA",0.530187659550974,0.529269830425251,0.946180592750891,0.57137392976439,0.613019114540668
"035009","CAMPAGNOLA EMILIA",0.559718134706104,0.566736409097424,0.944702757743805,0.601374820485968,0.639522369070172
"035010","CAMPEGINE",0.571647552566895,0.581789221042285,0.946215064264981,0.613668054550629,0.650617722296668
"035011","CARPINETI",0.576682113319726,0.5914165638318,0.943183695431236,0.619962774261311,0.655876209946858
"035012","CASALGRANDE",0.497538405811583,0.48976152320274,0.953223682102754,0.539607336266721,0.58556470802628
"035013","CASINA",0.568511948281958,0.578376721201705,0.940169736549926,0.610116874922641,0.646789415103451
"035014","CASTELLARANO",0.496453912599852,0.485735165596474,0.957280685540431,0.53771315374239,0.584331768386617
"035015","CASTELNOVO DI SOTTO",0.542552918027021,0.548098865421774,0.947261686092303,0.585519471161188,0.625713050597979
"035016","CASTELNOVO NE' MONTI",0.506761370383706,0.495501952031376,0.933430922247133,0.5443615873115,0.587591513415459
"035017","CAVRIAGO",0.515241950327813,0.509330373014755,0.945063475937502,0.555563893097906,0.598841624524527
"035018","CANOSSA",0.58298314483489,0.597583603639708,0.95894715034495,0.627149751848064,0.664016129458829
"035020","CORREGGIO",0.454079734698842,0.425627261896129,0.938576003532041,0.489725748820941,0.539597999344397
"035021","FABBRICO",0.556477798433717,0.563249980942172,0.951686626324143,0.599046163351564,0.638228437015184
"035022","GATTATICO",0.559619178505341,0.566549492133027,0.946945631743022,0.601470464961568,0.639856594603952
"035023","GUALTIERI",0.559443121576972,0.566355600031069,0.944892667132418,0.60109869143686,0.6392980220697
"035024","GUASTALLA",0.490991921371818,0.47503185768481,0.943067874136,0.529017487989083,0.575023086449851
"035026","LUZZARA",0.541348159952945,0.545180164694162,0.949646800163617,0.58390242610756,0.624540689891566
"035027","MONTECCHIO EMILIA",0.511461763966624,0.499270691278066,0.945073488820815,0.549336953742192,0.593307679862039
"035028","NOVELLARA",0.506780580704939,0.499433132555475,0.94347795852913,0.547143966820099,0.591181077009991
"035029","POVIGLIO",0.552333551475885,0.556974683055688,0.948157640173129,0.594004469556521,0.633354821847255
"035030","QUATTRO CASTELLA",0.490068246431112,0.472210253520121,0.944229393836093,0.527448264361664,0.573757278747712
"035032","REGGIOLO",0.531488835701335,0.535234022235452,0.949706175656883,0.574995903637243,0.616630378306091
"035033","REGGIO NELL'EMILIA",0.3260183718509,0.256175933272057,0.876751514275337,0.349662588732864,0.40822802490425
"035034","RIO SALICETO",0.564368037262619,0.574712604087765,0.947688766424528,0.607355165250126,0.645170009825059
"035035","ROLO",0.580970635821209,0.588982851461051,0.942291501449849,0.620708219422002,0.656439695202874
"035036","RUBIERA",0.490017319696449,0.472841055043019,0.94761344665069,0.52804761329783,0.574666039225925
"035037","SAN MARTINO IN RIO",0.529871207671775,0.526575215360124,0.948398781278464,0.570240768492201,0.612258325468452
"035038","SAN POLO D'ENZA",0.548241553555379,0.553682031728845,0.947148618146611,0.590580475192562,0.630199157743012
"035039","SANT'ILARIO D'ENZA",0.515864884148805,0.507160513856673,0.944925855727111,0.554854014675176,0.598195330347613
"035040","SCANDIANO",0.458051666423708,0.435769257400089,0.93983686944009,0.496203102664718,0.545495743417537
"035041","TOANO",0.592854671375426,0.617684449048575,0.94993267318835,0.639735871509636,0.67420218280727
"035042","VETTO",0.632368653770167,0.668653629848084,0.945165264808886,0.679976554109102,0.709441966409078
"035043","VEZZANO SUL CROSTOLO",0.570777288132493,0.577128424170696,0.942648617285549,0.61082243226499,0.647692008378385
"035044","VIANO",0.580701437926424,0.589286703495226,0.942736387345672,0.62076830237431,0.656542534037795
"035045","VILLA MINOZZO",0.594307017041119,0.62306262480324,0.945823482155987,0.64239868704556,0.676112553168941
"035046","VENTASSO",0.587306365693999,0.610353884260267,0.939635905102252,0.632910702989645,0.666991281002157
"036001","BASTIGLIA",0.57002605440017,0.581934446291973,0.94958778288863,0.613341003600327,0.650701756854583
"036002","BOMPORTO",0.521005508419671,0.516381410914289,0.943365252532445,0.561160638953526,0.603627818240073
"036003","CAMPOGALLIANO",0.526328817855883,0.521274793333731,0.944371579597151,0.565858782995042,0.607915760395276
"036004","CAMPOSANTO",0.597901859117224,0.613126190870142,0.946737135300844,0.639636336024399,0.673758647055115
"036005","CARPI",0.391820564190218,0.348545519288259,0.913379262820475,0.424502663847362,0.478822285955486
"036006","CASTELFRANCO EMILIA",0.448174624051433,0.420830985959416,0.933265874269888,0.484379111931871,0.534255418858318
"036007","CASTELNUOVO RANGONE",0.474070376796717,0.446823561651112,0.949401535035688,0.509342425805092,0.558237882386269
"036008","CASTELVETRO DI MODENA",0.509398616965415,0.500322133202612,0.951821875010228,0.549556525076635,0.594252675069256
"036009","CAVEZZO",0.540249066839299,0.542859033744198,0.940732130492613,0.581471858311835,0.621389666331922
"036010","CONCORDIA SULLA SECCHIA",0.540561109090468,0.54499504838771,0.939280674780186,0.582428338343199,0.622078597947308
"036011","FANANO",0.58827995628142,0.603803085259828,0.930096727681067,0.629447041461668,0.662852562152713
"036012","FINALE EMILIA",0.494149342760742,0.481204170931417,0.935260099666598,0.532435091128131,0.577193425410183
"036013","FIORANO MODENESE",0.499039761894193,0.491083493049614,0.951040909952732,0.540659555719986,0.586257483968069
"036014","FIUMALBO",0.649826577027949,0.683221034179458,0.924124765673021,0.692283901610635,0.718043997617567
"036015","FORMIGINE",0.429124138673029,0.38946696898877,0.937603495669261,0.462126348014736,0.514957142198572
"036016","FRASSINORO",0.635118319746126,0.67017068787988,0.938891449654011,0.681269198397104,0.709893892981205
"036017","GUIGLIA",0.576099664747396,0.588882126402826,0.940619922221711,0.618303798239771,0.654116700904431
"036018","LAMA MOCOGNO",0.603752125082977,0.625507091119097,0.934161083590813,0.646582755650015,0.678535903198992
"036019","MARANELLO",0.488684636774354,0.475136912417199,0.950932618863388,0.528812959022538,0.575715143449299
"036020","MARANO SUL PANARO",0.564133920009885,0.571836608529581,0.950368706426171,0.606223608485377,0.644461952701021
"036021","MEDOLLA",0.539828403827265,0.534786705674214,0.943600051817086,0.577936804457374,0.618566054164009
"036022","MIRANDOLA",0.458831647316848,0.43209336870003,0.935493421780403,0.494465599385635,0.543468690762832
"036023","MODENA",0.307250903909857,0.224542944110452,0.869445106544411,0.32625174226358,0.386606560517006
"036024","MONTECRETO",0.643277496441962,0.700006785150987,0.943082085284696,0.698786135245297,0.725930129694119
"036025","MONTEFIORINO",0.628209643933462,0.662224094624806,0.950299526893931,0.675725135040614,0.706233400802093
"036026","MONTESE",0.598499476995654,0.623085393008439,0.939413413178148,0.643654532819657,0.676516630637267
"036027","NONANTOLA",0.492852240937988,0.477836694095576,0.942459814067072,0.531056002171811,0.57676753682684
"036028","NOVI DI MODENA",0.532822626255608,0.53820706705575,0.939013312929421,0.575864693283053,0.616214539910428
"036029","PALAGANO",0.621623312910914,0.650024935855237,0.938268475940092,0.666068559538777,0.696312994694479
"036030","PAVULLO NEL FRIGNANO",0.483119838102295,0.46590449822475,0.93699505315389,0.52076045666256,0.567008745161596
"036031","PIEVEPELAGO",0.613777424881912,0.633912115312124,0.926903067431473,0.654150599830464,0.684456429563909
"036032","POLINAGO",0.651272406704125,0.69242876979771,0.944785209468361,0.699144050372662,0.726437512494406
"036033","PRIGNANO SULLA SECCHIA",0.587200793670805,0.6039154161727,0.953610434117619,0.631363337841339,0.667168570760926
"036034","RAVARINO",0.554671469489465,0.55706019822562,0.94658379737254,0.594937630209042,0.634009426560542
"036035","RIOLUNATO",0.650926558681293,0.70358004295444,0.936134625167272,0.703141433252807,0.729029565687747
"036036","SAN CESARIO SUL PANARO",0.546103397523121,0.543900443766276,0.943607957079555,0.584862524288184,0.62472312793167
"036037","SAN FELICE SUL PANARO",0.51506964311082,0.507963960629752,0.940115664519759,0.554376688135234,0.597236574400181
"036038","SAN POSSIDONIO",0.588063059255102,0.608988378930406,0.943482145036182,0.633021361687097,0.66751700428144
"036039","SAN PROSPERO",0.563069614978589,0.571268607306693,0.948466345099096,0.605298834538286,0.643428557933932
"036040","SASSUOLO",0.433694189369535,0.405863300572456,0.938940064227782,0.471694876896674,0.523611008822353
"036041","SAVIGNANO SUL PANARO",0.529578370907569,0.53055942303795,0.943379001504378,0.571399907425922,0.612730917879083
"036042","SERRAMAZZONI",0.530062906783505,0.530294386402963,0.945390202463678,0.571699802180279,0.613220957767323
"036043","SESTOLA",0.597692527585996,0.617585927666605,0.931733438622024,0.640048648725873,0.672458069825445
"036044","SOLIERA",0.49506540931345,0.48379460640848,0.939221792081894,0.534409186283058,0.579388364705151
"036045","SPILAMBERTO",0.508963391632396,0.501092043894561,0.943783960759955,0.548903342063126,0.592778966362774
"036046","VIGNOLA",0.457866767876904,0.433575534977439,0.935001240136198,0.494649160298074,0.543577169168977
"036047","ZOCCA",0.570939984816207,0.585945832380966,0.938607130779657,0.614459330816693,0.6504757530348
"037001","ANZOLA DELL'EMILIA",0.503181839777857,0.490824950540465,0.945087766998685,0.541811832343113,0.586620269527066
"037002","ARGELATO",0.513068917019097,0.500587327412133,0.940780812463287,0.550223391240382,0.593618660265149
"037003","BARICELLA",0.550845153780081,0.553350302034037,0.939418074745881,0.590829762590941,0.629561797274823
"037005","BENTIVOGLIO",0.545995266040777,0.540981853854906,0.942564099700679,0.583396113923125,0.623303667898409
"037006","BOLOGNA",0.239197677208946,0.1193447731922,0.774924318501938,0.238836534530709,0.298401843860846
"037007","BORGO TOSSIGNANO",0.595887795654557,0.605759167026971,0.937123741384863,0.634453507345174,0.668083533349584
"037008","BUDRIO",0.465212612463932,0.434599089948858,0.933939202350568,0.498309186320812,0.546712521435229
"037009","CALDERARA DI RENO",0.491197635430816,0.471341180455683,0.942913620887098,0.527433829237634,0.573598250532019
"037010","CAMUGNANO",0.626974720797688,0.65494460703058,0.939846395423753,0.670848337065096,0.700737010216058
"037011","CASALECCHIO DI RENO",0.410219803930066,0.353715973996345,0.923724403990886,0.436143540465974,0.490319191968742
"037012","CASALFIUMANESE",0.586840274248891,0.603558034584517,0.944305199673027,0.630109758942336,0.665020363467969
"037013","CASTEL D'AIANO",0.620784399512867,0.645311330142452,0.933304949223784,0.663073573267272,0.693099281706884
"037014","CASTEL DEL RIO",0.634315169257808,0.655251180978842,0.927309782582258,0.673035835864718,0.701288496611112
"037015","CASTEL DI CASIO",0.577766877654314,0.583187740294892,0.937917465832868,0.61622132466043,0.651965340346256
"037016","CASTEL GUELFO DI BOLOGNA",0.557214968735336,0.5579762734319,0.941558902605741,0.59599194923583,0.634388277388042
"037017","CASTELLO D'ARGILE",0.544855956468582,0.541140191945081,0.94458555184354,0.583156821970502,0.623315569734173
"037019","CASTEL MAGGIORE",0.455893368120433,0.418797556718489,0.934903874156473,0.487101303593162,0.536857144766863
"037020","CASTEL SAN PIETRO TERME",0.458281908700329,0.428911725952881,0.933119181281881,0.492549053722133,0.541501290117661
"037021","CASTENASO",0.463507975149254,0.424939723691755,0.934999823684444,0.493301446846899,0.542379044273293
"037022","CASTIGLIONE DEI PEPOLI",0.561782257253525,0.572878308906977,0.939204407498597,0.604517695522085,0.64170510796392
"037024","CREVALCORE",0.497768464391669,0.483408364198657,0.937305945727194,0.535260167438366,0.579931920581569
"037025","DOZZA",0.538314748967958,0.532322621470731,0.941452592442542,0.575932075941664,0.616545466663984
"037026","FONTANELICE",0.633655371928497,0.658331139522959,0.939097187429915,0.675303648896147,0.704614042066565
"037027","GAGGIO MONTANO",0.569128269382561,0.576998204690681,0.939717765183436,0.609728689851302,0.646394142665984
"037028","GALLIERA",0.566015016764793,0.572814739941782,0.939169897303169,0.606390380248276,0.643365882143264
"037030","GRANAROLO DELL'EMILIA",0.483837120025062,0.452449410546077,0.938047136947418,0.515133652451755,0.562124039617939
"037031","GRIZZANA MORANDI",0.571801906026654,0.577555762807108,0.937351014410661,0.610946052416259,0.647213270415637
"037032","IMOLA",0.378689859250158,0.320996089100279,0.908095397677062,0.405668216525403,0.461493458875587
"037033","LIZZANO IN BELVEDERE",0.604958616215075,0.617437188802539,0.93114582224298,0.643192694482224,0.675187486455642
"037034","LOIANO",0.558155741016571,0.557825064155083,0.934017372085259,0.59559309953577,0.633195796485713
"037035","MALALBERGO",0.524501705335266,0.52243301370663,0.941472755568042,0.565267899125658,0.607068438730367
"037036","MARZABOTTO",0.539577627241272,0.533992177853541,0.941257725333808,0.577232184826047,0.617679467104687
"037037","MEDICINA",0.487035654550463,0.47123471918148,0.937391956745916,0.524960863853966,0.57078654084196
"037038","MINERBIO",0.522367272395154,0.512607222078762,0.94126143468705,0.559864665981967,0.602242084726977
"037039","MOLINELLA",0.496733464499577,0.48685239209902,0.937867202291052,0.536400355698474,0.581007783097649
"037040","MONGHIDORO",0.577665592517342,0.591654242854096,0.937189445600645,0.619912870477212,0.655165823268704
"037041","MONTERENZIO",0.533716277117423,0.526170769712402,0.932217048255824,0.570170875899004,0.610398228383095
"037042","MONTE SAN PIETRO",0.496157035996143,0.477234264360321,0.945152728773056,0.532541358037714,0.578387065897197
"037044","MONZUNO",0.544527999379681,0.545729080451629,0.938327168080015,0.584448402732091,0.623768265548527
"037045","MORDANO",0.574142273458578,0.580294275150964,0.942362548028378,0.613732701677132,0.650247129049492
"037046","OZZANO DELL'EMILIA",0.479273131173846,0.449740017330721,0.939709097604912,0.512026826587547,0.559547078922809
"037047","PIANORO",0.455366529711316,0.419864004376112,0.935580084195589,0.487411748758901,0.537208230474089
"037048","PIEVE DI CENTO",0.530406369502143,0.522336963444855,0.938147787023921,0.567549278528541,0.608726890583583
"037050","SALA BOLOGNESE",0.526899780374178,0.519579480292624,0.947753218372432,0.565690989137304,0.608142347941207
"037051","SAN BENEDETTO VAL DI SAMBRO",0.575527064650542,0.588658189542336,0.942144938956189,0.618097858282414,0.654103089468389
"037052","SAN GIORGIO DI PIANO",0.508298695729167,0.491658195324118,0.942314383525766,0.544212039326555,0.588445633126467
"037053","SAN GIOVANNI IN PERSICETO",0.443831181993443,0.408844484663282,0.931817029657792,0.476885752961305,0.527433672594248
"037054","SAN LAZZARO DI SAVENA",0.402893872382366,0.340845168070971,0.924619830697871,0.427144551273789,0.482419582320909
"037055","SAN PIETRO IN CASALE",0.494403663483751,0.475912416891459,0.935379606780489,0.530180196846893,0.575202353506182
"037056","SANT'AGATA BOLOGNESE",0.539290632784378,0.533130668505983,0.943289527829353,0.576918538363598,0.617626426082015
"037057","SASSO MARCONI",0.471296885942948,0.442404290293261,0.940370932252319,0.505202622531526,0.553554656944948
"037059","VERGATO",0.543228823428239,0.547365094327726,0.941361672598897,0.584903430250074,0.624509901622165
"037060","ZOLA PREDOSA",0.45695300231674,0.420464345202231,0.939217019311631,0.4887595083147,0.538810342869915
"037061","VALSAMOGGIA",0.443681845198846,0.414035137874177,0.934165598163736,0.479389202199234,0.529919912861956
"037062","ALTO RENO TERME",0.537787187424007,0.532628836077347,0.93588786475286,0.575275997050895,0.615343982351114
"038001","ARGENTA",0.481232000575442,0.471644438437208,0.931555345641586,0.521949932119852,0.567461644733378
"038003","BONDENO",0.504037065893411,0.499621866308017,0.935704877003325,0.545217007190975,0.588604548281236
"038004","CENTO",0.438372667632723,0.407208834123768,0.930248907730527,0.473536566563474,0.524282382248702
"038005","CODIGORO",0.530965962044578,0.540199991781991,0.93614726044269,0.575639405266225,0.615695833619166
"038006","COMACCHIO",0.490363159281728,0.490477996829468,0.927551687826538,0.534133689032692,0.577846800009786
"038007","COPPARO",0.502013418970791,0.497978407221818,0.931930298135238,0.543189351600198,0.586382790104091
"038008","FERRARA",0.3296026948616,0.253395223383381,0.877213640673905,0.350070427277632,0.408641895432773
"038010","JOLANDA DI SAVOIA",0.636578862122816,0.677563791924089,0.943976379910506,0.685761832312158,0.714452337600863
"038011","LAGOSANTO",0.59237359618814,0.619739251511006,0.937760549685478,0.639226836433163,0.672397249016754
"038012","MASI TORELLO",0.606415540247262,0.626937344998425,0.938146736732844,0.648823472033844,0.680970501444844
"038014","MESOLA",0.579958747110217,0.608653409830974,0.940372405900234,0.62891271121356,0.663519343956523
"038017","OSTELLATO",0.577064837120254,0.599049834574764,0.939442600159389,0.623195862278697,0.658334388709885
"038018","POGGIO RENATICO",0.531017313877588,0.529618739799914,0.940847906710056,0.571371014825881,0.612424002813012
"038019","PORTOMAGGIORE",0.522738855548371,0.523328400414059,0.932009757846834,0.563931240967777,0.604828853954339
"038022","VIGARANO MAINARDA",0.533256359333141,0.530958191023617,0.941265683578499,0.573023116018391,0.613938956858403
"038023","VOGHIERA",0.58078189015545,0.594165150737235,0.933872049683415,0.622113373370049,0.656753226293757
"038025","GORO",0.631617869747281,0.681657149230283,0.934765808848989,0.684450339424803,0.712263169360824
"038027","FISCAGLIA",0.553983434019537,0.571065730817821,0.93958303831712,0.600230428008523,0.637936273598367
"038028","TERRE DEL RENO",0.532469965444926,0.53132126439374,0.940221471686807,0.57272820059608,0.613560786272828
"038029","RIVA DEL PO",0.566088046328125,0.58508283535303,0.937088644608333,0.611735761217353,0.647886081594129
"038030","TRESIGNANA",0.553886335930559,0.562391779952061,0.932693698325155,0.595594521979695,0.633049986018079
"039001","ALFONSINE",0.515371823495953,0.512096250344782,0.935350683601416,0.555895701588472,0.598057366256577
"039002","BAGNACAVALLO",0.480625215317893,0.462561044484132,0.928136853625842,0.517247502273495,0.562901874645978
"039003","BAGNARA DI ROMAGNA",0.596964139582113,0.610905607678918,0.942133571030948,0.637754743370558,0.671574613110602
"039004","BRISIGHELLA",0.543175810124009,0.545963247657218,0.93502764349814,0.583615340351366,0.622661151812119
"039005","CASOLA VALSENIO",0.619163500796433,0.642397738254574,0.933388427000817,0.661041400273035,0.691302181020566
"039006","CASTEL BOLOGNESE",0.512732473488088,0.502270416544602,0.934418276305878,0.550193128145299,0.592884811274252
"039007","CERVIA",0.438236800678129,0.406039497043933,0.911076692811005,0.471032003256028,0.519925857651026
"039008","CONSELICE",0.535736933701133,0.541810230191766,0.942339197714661,0.579130143523271,0.619486705100092
"039009","COTIGNOLA",0.531632568849457,0.526185151496449,0.936725452184548,0.569690519374113,0.610472178575272
"039010","FAENZA",0.389724936137758,0.338233281370333,0.908717305366827,0.418452928415323,0.472926748076602
"039011","FUSIGNANO",0.542816975926861,0.548835784874514,0.939110197120075,0.585154762072626,0.624483143744565
"039012","LUGO",0.428857982638078,0.392452056279357,0.92159297722145,0.461748815234991,0.512842611011264
"039013","MASSA LOMBARDA",0.525003252209161,0.521032764456202,0.937400421180386,0.564456249617452,0.605894490902222
"039014","RAVENNA",0.334202935887759,0.270575631481896,0.874640739139343,0.359614429230279,0.416839574775731
"039015","RIOLO TERME",0.552109506323022,0.55267915305813,0.933512936961758,0.590506190417694,0.628618051144812
"039016","RUSSI",0.501530265005245,0.489611715387233,0.932271931705592,0.539241084347174,0.58291117849811
"039017","SANT'AGATA SUL SANTERNO",0.582144961002572,0.587672409292313,0.936596368753965,0.620077453508094,0.655246221868747
"039018","SOLAROLO",0.573853282182871,0.584669366226031,0.938307539328016,0.615165945716807,0.651070567229164
"040001","BAGNO DI ROMAGNA",0.549114500041175,0.555751106931661,0.931747208765319,0.590364244014308,0.628295684542198
"040003","BERTINORO",0.505835801497192,0.493015766686581,0.932233232104369,0.542706528893135,0.585987273694383
"040004","BORGHI",0.608034791712075,0.625764086678603,0.927883085284712,0.647997803804276,0.679096168413214
"040005","CASTROCARO TERME E TERRA DEL SOLE",0.540222088852535,0.536831236518186,0.930209119635481,0.577694908380372,0.616863154075385
"040007","CESENA",0.360941427775014,0.303018946492059,0.895291141339219,0.388311282554105,0.444642377974673
"040008","CESENATICO",0.451877654783736,0.426585980387087,0.914307267267419,0.486739362553612,0.534246907521813
"040009","CIVITELLA DI ROMAGNA",0.591562885719087,0.61147901327708,0.938349454521574,0.635203800000433,0.668886650502782
"040011","DOVADOLA",0.632421110529939,0.661991733912179,0.933159142145915,0.675801694213545,0.704396966206031
"040012","FORLÌ",0.347206447484719,0.284355872427907,0.885486059161126,0.372751649876794,0.429722139797275
"040013","FORLIMPOPOLI",0.499156634487483,0.48520317668453,0.933259910044264,0.536287906031832,0.580395906477658
"040014","GALEATA",0.610463375109274,0.627862775569864,0.93826377549895,0.651073145355507,0.682983215371445
"040015","GAMBETTOLA",0.524964527863334,0.522575845991011,0.934180082279865,0.564811176462442,0.605852165997711
"040016","GATTEO",0.531318672970874,0.526251409218046,0.927690670437489,0.568675604028763,0.608566166963066
"040018","LONGIANO",0.544194936142429,0.546042125690887,0.936155087997566,0.584222186624749,0.62332584233284
"040019","MELDOLA",0.522391881667173,0.517844670501081,0.934010294425971,0.561507477918312,0.602896679752496
"040020","MERCATO SARACENO",0.545354802083378,0.549687141865016,0.936095442018578,0.586378418978635,0.625235865983073
"040022","MODIGLIANA",0.56979077039519,0.582460114951916,0.940912246745292,0.612604123080726,0.6490828034879
"040028","MONTIANO",0.625270868945593,0.643598974659841,0.93195913469185,0.66418734309163,0.693939764380544
"040031","PORTICO E SAN BENEDETTO",0.687806463898711,0.737786410672176,0.939078932641042,0.735424686821003,0.758052936356563
"040032","PREDAPPIO",0.551586533931788,0.556433379615732,0.932848335158342,0.591893794612218,0.629777632450677
"040033","PREMILCUORE",0.635922544544174,0.681585814499782,0.919513015618408,0.684830063131621,0.710905946741264
"040036","ROCCA SAN CASCIANO",0.620194557624654,0.644689559559059,0.935761520616916,0.662774004794362,0.693105950996868
"040037","RONCOFREDDO",0.578791114338677,0.589262275627511,0.929911008180498,0.618615126302834,0.653203557622575
"040041","SAN MAURO PASCOLI",0.515536316395896,0.509596285974819,0.930515198823455,0.554361190949167,0.596156080712977
"040043","SANTA SOFIA",0.576030969058073,0.588578755869385,0.938342769120658,0.617908653129422,0.653512443795115
"040044","SARSINA",0.603748460932981,0.626768281845251,0.93845128157825,0.647577662408029,0.679896953426942
"040045","SAVIGNANO SUL RUBICONE",0.489433062761899,0.475296790077078,0.927820156051333,0.526910449382673,0.571455972345858
"040046","SOGLIANO AL RUBICONE",0.617460430324041,0.644430703313122,0.939096285728349,0.661760638709558,0.692575710600535
"040049","TREDOZIO",0.661857328774833,0.701114686151277,0.937834959700244,0.707120902686774,0.732755797910493
"040050","VERGHERETO",0.633320011845107,0.666759290381744,0.934333879352875,0.67846907393737,0.706898496761315
"041001","ACQUALAGNA",0.576490061358778,0.582028566444084,0.928695911647873,0.614202973676075,0.649146633450719
"041002","APECCHIO",0.629785718682326,0.660645782589405,0.927707178512278,0.673464893423507,0.701714036211148
"041005","BELFORTE ALL'ISAURO",0.680081221401743,0.71708631591777,0.935348853303652,0.722260277124146,0.745936785588536
"041006","BORGO PACE",0.672045946938475,0.725169957382752,0.923718869999922,0.721119043944544,0.743630135728475
"041007","CAGLI",0.539221052705002,0.538062843050492,0.926889352091096,0.577466688299082,0.616291428720417
"041008","CANTIANO",0.625553504857197,0.649142252976927,0.92308730027207,0.665921821052563,0.694495763188064
"041009","CARPEGNA",0.626711362022187,0.647251730829668,0.9278528466563,0.666068676448965,0.695155806472002
"041010","CARTOCETO",0.538397006947532,0.538277971842487,0.930320685647332,0.577535809020242,0.616734128645474
"041013","FANO",0.382430114706854,0.322256992805879,0.901048140126992,0.407214012393429,0.462084471030492
"041014","FERMIGNANO",0.523450089687751,0.505968659480681,0.924480299142012,0.555686467039995,0.596663559495775
"041015","FOSSOMBRONE",0.516463588242892,0.504811647332491,0.926055269156434,0.552179382924566,0.59372114806144
"041016","FRATTE ROSA",0.672490220478164,0.709027393022263,0.926325147557476,0.71431544083094,0.737872074911666
"041017","FRONTINO",0.701173669546114,0.754072520559638,0.9224100386868,0.747101789416268,0.766580483779661
"041018","FRONTONE",0.6429778200605,0.675031464203289,0.927760463532809,0.685880224271986,0.712755806412077
"041019","GABICCE MARE",0.54654645182905,0.544740610878685,0.937511122206975,0.584830290439178,0.624017049524489
"041020","GRADARA",0.554896957168733,0.54940136776406,0.920524363928192,0.588986682612576,0.625824202758756
"041021","ISOLA DEL PIANO",0.645094422907834,0.682811942178662,0.923072749600524,0.689865139248976,0.715777095954703
"041022","LUNANO",0.653450708330676,0.689260278895989,0.945869283771155,0.698806872629114,0.726258251644897
"041023","MACERATA FELTRIA",0.604740272129696,0.618222698856905,0.925522646286863,0.642885601572657,0.674289717652013
"041025","MERCATELLO SUL METAURO",0.636766665821948,0.662716558781992,0.92454237752628,0.677221688824401,0.704701765346832
"041026","MERCATINO CONCA",0.646270423410314,0.67590637336472,0.92524626489757,0.687504185038522,0.713919971689528
"041027","MOMBAROCCIO",0.611783527119643,0.627759322050175,0.929620386979873,0.650756320824405,0.681741217063902
"041028","MONDAVIO",0.582288640355019,0.590528656401434,0.929031446149793,0.620670928155383,0.65493320793254
"041029","MONDOLFO",0.496857310961841,0.484387778136765,0.924559915328177,0.53401628162719,0.577410018705078
"041030","MONTECALVO IN FOGLIA",0.620049070813596,0.643561359936414,0.935712632175752,0.66219595705508,0.692586698735155
"041031","MONTE CERIGNONE",0.689229340757535,0.738286640420677,0.929354809405158,0.735317672470711,0.756877354352317
"041034","MONTEFELCINO",0.616173532264608,0.638612074560148,0.934715357335619,0.658125058804702,0.688857314197026
"041035","MONTE GRIMANO TERME",0.661461326366901,0.698507552222229,0.924643169219881,0.704450312287096,0.728916185279628
"041036","MONTELABBATE",0.546439563056371,0.546625026380663,0.933310397965831,0.585210105043248,0.62388791536798
"041038","MONTE PORZIO",0.607506304472077,0.621981065664794,0.929287295079899,0.646198046069582,0.677652407070728
"041041","PEGLIO",0.671410555412613,0.703545227132399,0.924427225135662,0.711172824658822,0.734867758045137
"041043","PERGOLA",0.555583703567208,0.559889722814742,0.927115678100369,0.594674609681915,0.631612506172854
"041044","PESARO",0.351871888268969,0.285399637853808,0.887746647980359,0.375546851553286,0.432457940045183
"041045","PETRIANO",0.617995650248432,0.645629057482805,0.942416677136236,0.66287278619268,0.693933218519742
"041047","PIANDIMELETO",0.623135651415689,0.648905668287618,0.937385409765927,0.666157134843081,0.696293609834509
"041048","PIETRARUBBIA",0.678873170622839,0.745987628185558,0.940216110949548,0.735208970558734,0.757987541713268
"041049","PIOBBICO",0.614388955533296,0.632355828623263,0.925851359194726,0.653620288789924,0.683868185501569
"041051","SAN COSTANZO",0.569623026989587,0.573657970221981,0.927834955049728,0.607259944250178,0.642879389894573
"041054","SAN LORENZO IN CAMPO",0.61279703150956,0.63787193328929,0.937944124542668,0.656595446613749,0.687856410828074
"041057","SANT'ANGELO IN VADO",0.572281029661165,0.574503897912002,0.922747511222145,0.60832796853014,0.643263473273696
"041058","SANT'IPPOLITO",0.648189291345356,0.673851692366942,0.929932471825072,0.687911689853041,0.714802887849934
"041061","SERRA SANT'ABBONDIO",0.640963723191195,0.696914433257543,0.93052932715339,0.695098103117271,0.721257128010173
"041064","TAVOLETO",0.641212390917827,0.691563639911968,0.925591078744439,0.692308321747852,0.718228628080806
"041065","TAVULLIA",0.537504524794937,0.539116162437909,0.933454832689655,0.577824792523746,0.61733924143107
"041066","URBANIA",0.53232043735725,0.52339417550449,0.924986860794101,0.567570261867193,0.607283217303516
"041067","URBINO",0.462033599052868,0.409810705393045,0.907419518561651,0.483071888856826,0.530221625490696
"041068","VALLEFOGLIA",0.507426726971083,0.498184424126394,0.930768484229655,0.54560186641683,0.588398157284922
"041069","COLLI AL METAURO",0.509859541068949,0.500990135805339,0.929585670811808,0.547840921674611,0.590257004912077
"041070","TERRE ROVERESCHE",0.577311998956188,0.590152397479053,0.931993029978809,0.618558281393739,0.653384364569858
"041071","SASSOCORVARO AUDITORE",0.564850715362437,0.568198663977442,0.927630744686729,0.602635295171619,0.638745900673297
"042001","AGUGLIANO",0.5508780840402,0.543438166623516,0.931004985912624,0.585542811389935,0.623927497448011
"042002","ANCONA",0.345558061531221,0.272947718168807,0.888865200749694,0.367214120939982,0.42517535202995
"042003","ARCEVIA",0.580488323133279,0.596838522809892,0.928749667425386,0.622672047416965,0.656680671862345
"042004","BARBARA",0.647512554768669,0.677088149520333,0.937945199647115,0.689864836894762,0.717429321645024
"042005","BELVEDERE OSTRENSE",0.623487680134265,0.645482398586902,0.934201063543966,0.664456641778922,0.69442824419726
"042006","CAMERANO",0.532763115067529,0.524934845748985,0.933786425390028,0.569342724906434,0.609836469404611
"042007","CAMERATA PICENA",0.594912337083363,0.601133260064876,0.933869460947501,0.631607464811458,0.665192131048796
"042008","CASTELBELLINO",0.569898519514813,0.568693931029619,0.933558315673369,0.605722434312331,0.642148643352446
"042010","CASTELFIDARDO",0.482033177356129,0.465671876189851,0.932549672549818,0.519722241350673,0.565591955928356
"042011","CASTELLEONE DI SUASA",0.639830160701869,0.664922469258123,0.929461875969816,0.680084871078978,0.70779342717796
"042012","CASTELPLANIO",0.589581348078063,0.603299465948956,0.939166901503494,0.630713056462508,0.664985705911506
"042013","CERRETO D'ESI",0.583741330355738,0.590763163186761,0.933623727880022,0.621889394882127,0.656526542993004
"042014","CHIARAVALLE",0.48819169401712,0.466733220779958,0.928194813853722,0.522535693044057,0.567608928689576
"042015","CORINALDO",0.564341354157283,0.574801238292109,0.93246204716717,0.605860371318944,0.642149446413191
"042016","CUPRAMONTANA",0.57322583123624,0.58136110744853,0.934837197076239,0.613047842115771,0.648802214889156
"042017","FABRIANO",0.4398078237574,0.399437255847029,0.919970887892876,0.469657374611281,0.519692209420347
"042018","FALCONARA MARITTIMA",0.44864464530426,0.413400752978653,0.921841571301204,0.480104586357431,0.529186473573406
"042019","FILOTTRANO",0.541832443056463,0.54825003277508,0.939059764580424,0.584443090582237,0.623844943248702
"042020","GENGA",0.630821875894934,0.652839774038873,0.938841405063317,0.671531882976545,0.701232940986186
"042021","JESI",0.411220473376546,0.361784510096598,0.913704987657666,0.439222741328681,0.491942990920791
"042022","LORETO",0.494298969739682,0.473481890289768,0.92415289866077,0.52791667687933,0.571942923743934
"042023","MAIOLATI SPONTINI",0.555861266195772,0.556252378375074,0.936978772489725,0.594149017305853,0.632241212326284
"042024","MERGO",0.687995718257587,0.720405244850228,0.93418430069413,0.72719886346793,0.750197245381952
"042025","MONSANO",0.567134976779424,0.559820333349597,0.928210720495345,0.599950961607594,0.636424268150677
"042026","MONTECAROTTO",0.620042972464824,0.643662547363817,0.934789264757768,0.662146410398665,0.69244006088301
"042027","MONTEMARCIANO",0.51231623167517,0.491737362950737,0.925914137592174,0.544415531340876,0.586804265368798
"042029","MONTE ROBERTO",0.586443216969338,0.59104556121894,0.932488771937906,0.623118827378516,0.657493265662893
"042030","MONTE SAN VITO",0.532941989963317,0.520866642012633,0.930425415207118,0.567256425909889,0.607608535831804
"042031","MORRO D'ALBA",0.621026746782051,0.633415780343336,0.930942948225751,0.657593432028999,0.687965600495305
"042032","NUMANA",0.543883206705919,0.52692433933395,0.926186354674894,0.57448203118543,0.613560289350926
"042033","OFFAGNA",0.595134261197781,0.596274754157986,0.929774000625539,0.629111456972649,0.662518406267415
"042034","OSIMO",0.433159711167495,0.395255441921834,0.921462254667214,0.46493304435692,0.515658512169174
"042035","OSTRA",0.543630969337367,0.541208739130824,0.926698415941944,0.58084771040488,0.619275566575665
"042036","OSTRA VETERE",0.602092529395504,0.626695916625883,0.936988289228669,0.646653629632491,0.678913036254289
"042037","POGGIO SAN MARCELLO",0.687217310348521,0.731395675324991,0.935295217762894,0.73190536532937,0.754504237821983
"042038","POLVERIGI",0.55298847758895,0.544153617703636,0.934759611287792,0.587189904010443,0.625808760374593
"042040","ROSORA",0.629067029056135,0.651406386732328,0.939745698712949,0.670187606976103,0.700138506057975
"042041","SAN MARCELLO",0.596239780299763,0.598756312734277,0.931201800320242,0.630868421897342,0.664238797277664
"042042","SAN PAOLO DI JESI",0.668236573814821,0.702603708873745,0.937438556854882,0.710621982895343,0.735823824446403
"042043","SANTA MARIA NUOVA",0.590402771836293,0.609642997847244,0.936783808071834,0.633698977164775,0.667375069487781
"042044","SASSOFERRATO",0.553081105963459,0.55716344053755,0.933295586829527,0.592939604608407,0.630756935966309
"042045","SENIGALLIA",0.4023159397367,0.348390142581341,0.906136645722828,0.428431401615401,0.481509762071782
"042046","SERRA DE' CONTI",0.583487175712143,0.599637954403602,0.937268760749072,0.626133184626993,0.660703804196113
"042047","SERRA SAN QUIRICO",0.605004262943999,0.621224443438748,0.931794702057324,0.644982388077969,0.676850422964564
"042048","SIROLO",0.545568875109945,0.529080491179164,0.923689723239115,0.575961187154011,0.614597691163467
"042049","STAFFOLO",0.623843546112763,0.643959565573469,0.935105515915878,0.664021951850392,0.694142347857669
"042050","TRECASTELLI",0.547362559734783,0.548108565359752,0.92628242078866,0.585590248371407,0.623444934195546
"043002","APIRO",0.625832563715024,0.649859886040967,0.935140706606543,0.66757567305085,0.697305121223705
"043003","APPIGNANO",0.580267590315387,0.592023675112909,0.930249535165382,0.620556022959271,0.654966413204395
"043004","BELFORTE DEL CHIENTI",0.625737342112759,0.644356800324599,0.933636298880403,0.664905993984852,0.694764916751024
"043005","BOLOGNOLA",0.736050123281384,0.801434507192732,0.933080015490518,0.785176085262404,0.80160985528775
"043006","CALDAROLA",0.608038743683942,0.618616739253355,0.926145525318943,0.644609519853678,0.675891298238707
"043007","CAMERINO",0.505483802802675,0.46224781441552,0.912780310971594,0.526757258845347,0.569648709081597
"043008","CAMPOROTONDO DI FIASTRONE",0.670246875881194,0.718758619918766,0.932557849183479,0.71830825802833,0.74211376815668
"043009","CASTELRAIMONDO",0.561812479692564,0.558809560641011,0.925628903647848,0.596842808514893,0.633374596862999
"043010","CASTELSANTANGELO SUL NERA",0.71926109500527,0.787862237090594,0.929976634829656,0.771203162926105,0.788844659804277
"043011","CESSAPALOMBO",0.687902024271839,0.749861636866821,0.935517975112938,0.740545445023691,0.762209059478052
"043012","CINGOLI",0.528784031664111,0.529951097527483,0.931593637245077,0.569590171860725,0.609812779125653
"043013","CIVITANOVA MARCHE",0.415493586580589,0.371152919964506,0.908528171647818,0.444843745110075,0.496364236947602
"043014","COLMURANO",0.634431129448835,0.651667954436135,0.921196409995377,0.670864228747774,0.698678915553064
"043015","CORRIDONIA",0.499672238062571,0.490292916359076,0.927600313187515,0.538244350808493,0.581506124406162
"043016","ESANATOGLIA",0.6220683439432,0.651430467632992,0.939149189590777,0.666989384168365,0.697229362548632
"043017","FIASTRA",0.662820959422457,0.719098749437531,0.930510316828346,0.714914900669829,0.738869946909665
"043019","FIUMINATA",0.640628634785109,0.660979081741015,0.929092075434916,0.678632679980247,0.706461501697433
"043020","GAGLIOLE",0.660689406323449,0.708071460607147,0.927261896515268,0.708668579770295,0.732956726075292
"043021","GUALDO",0.6792223559572,0.718984484309003,0.923359906726897,0.721529068792481,0.743954717451861
"043022","LORO PICENO",0.608771629568858,0.625006639178944,0.924907587884755,0.647690979724986,0.678492825076072
"043023","MACERATA",0.396627031106747,0.334036424051629,0.903517794218646,0.419150334243134,0.47296894090708
"043024","MATELICA",0.5188391968946,0.508700817596763,0.927455863474077,0.555138592868521,0.59650717849136
"043025","MOGLIANO",0.569370429135901,0.575986563404059,0.926311427600076,0.60804178940299,0.643405082535999
"043026","MONTECASSIANO",0.539360692854944,0.537640151761661,0.928675838728566,0.577517963950329,0.616535505592355
"043027","MONTE CAVALLO",0.81421069834489,0.909669224479342,0.946718255592313,0.870417790830135,0.878895620248155
"043028","MONTECOSARO",0.542151672233512,0.539027623574238,0.928824224436474,0.579413105557135,0.618236563210395
"043029","MONTEFANO",0.59693478032774,0.615647281435865,0.93708471986948,0.63937039978057,0.672449768679338
"043030","MONTELUPONE",0.583797363480873,0.586560934110917,0.925915806416954,0.619252814558001,0.653326480320107
"043031","MONTE SAN GIUSTO",0.556129992429422,0.567530152715261,0.933339844743917,0.598981049789499,0.636132027006656
"043032","MONTE SAN MARTINO",0.705092142213327,0.737181636461825,0.914837575144598,0.740506957918278,0.75987702649898
"043033","MORROVALLE",0.529531436518601,0.530925212055836,0.929396791774784,0.570145171035975,0.610062017784732
"043034","MUCCIA",0.658095954915113,0.6862401924684,0.929191735758063,0.697870439898387,0.723572806105018
"043035","PENNA SAN GIOVANNI",0.650848469965271,0.68001639397636,0.915955040432208,0.690484692816955,0.715536953663094
"043036","PETRIOLO",0.620403375472836,0.639884571239685,0.930887480541509,0.660218324074785,0.69029267479331
"043038","PIEVE TORINA",0.6525097032802,0.692777870058046,0.938864799465622,0.699265887948773,0.725887989228423
"043039","PIORACO",0.644703484511999,0.661737355576627,0.9287832433574,0.680776702375622,0.70833298470693
"043040","POGGIO SAN VICINO",0.745078421582699,0.813869613232469,0.931672081101314,0.794693823776957,0.80991363014633
"043041","POLLENZA",0.54094209026383,0.538391949395816,0.928696387252382,0.578569956572079,0.617472893314335
"043042","PORTO RECANATI",0.485920881591339,0.453972676126934,0.915306569487215,0.514482757921944,0.559018736984752
"043043","POTENZA PICENA",0.490858204413423,0.474806259222066,0.923908189115843,0.526939827547554,0.571047423277364
"043044","RECANATI",0.458926322002896,0.42717665988582,0.920006805575349,0.490747022407457,0.538442553870556
"043045","RIPE SAN GINESIO",0.660741747934212,0.691378517455479,0.927941696392878,0.701248289064649,0.726436445434452
"043046","SAN GINESIO",0.581561166002459,0.590218811630511,0.922148448399331,0.619515834774769,0.653141680733054
"043047","SAN SEVERINO MARCHE",0.502458583154761,0.487640114573432,0.922481116492079,0.537792525626895,0.580535702389693
"043048","SANT'ANGELO IN PONTANO",0.647922244625637,0.676658868494346,0.923354106919681,0.68839691159596,0.714503266631929
"043049","SARNANO",0.573959918714414,0.572739698476989,0.917602338011492,0.607775061537281,0.64220031447886
"043050","SEFRO",0.679576586095934,0.730203489077399,0.933750832192361,0.727776117047236,0.750662196507805
"043051","SERRAPETRONA",0.658750810172594,0.677488520863036,0.923188490282952,0.693626547994329,0.719133430470842
"043052","SERRAVALLE DI CHIENTI",0.668531646857656,0.708894564983775,0.930230626667267,0.712864857995371,0.737016610070026
"043053","TOLENTINO",0.475063160401132,0.452979478066195,0.92178490193323,0.50979767750362,0.555574035773577
"043054","TREIA",0.530745051880238,0.532343104067191,0.931906122456654,0.571580282422008,0.611616486870302
"043055","URBISAGLIA",0.605544268637808,0.623342389878153,0.927699379515045,0.645768934283687,0.677094539309393
"043056","USSITA",0.697094385215182,0.725621439521465,0.916277654074084,0.7318498865389,0.752341860709476
"043057","VISSO",0.647114786962033,0.673406771301201,0.92483811879798,0.686718513098253,0.71317624706489
"043058","VALFORNACE",0.634616945668629,0.68367477819491,0.930135363612083,0.686244812099801,0.713343762267832
"044001","ACQUASANTA TERME",0.622672927708503,0.65219538598814,0.930117644283037,0.666702505591793,0.695970854335265
"044002","ACQUAVIVA PICENA",0.575387929884157,0.578567985017797,0.920337785123533,0.611313940218233,0.645649922985488
"044005","APPIGNANO DEL TRONTO",0.635655288346876,0.668168870902819,0.931430534943924,0.679863925156755,0.707815770688663
"044006","ARQUATA DEL TRONTO",0.673801160900642,0.72181314181996,0.931572124277274,0.721183648651998,0.744560145943696
"044007","ASCOLI PICENO",0.39695202967259,0.341749436889782,0.903717242698916,0.422787384222959,0.476224035164732
"044010","CARASSAI",0.634016239081118,0.68141427631164,0.920198253175496,0.683963557244291,0.710211856792202
"044011","CASTEL DI LAMA",0.528189121186705,0.520663609077612,0.927025689603453,0.564686297579288,0.604946230026418
"044012","CASTIGNANO",0.5966804047461,0.603302131492172,0.9194539370166,0.631937535008882,0.663883801898629
"044013","CASTORANO",0.613468776971218,0.63532182237694,0.929848008429381,0.654940570549609,0.685485841425139
"044014","COLLI DEL TRONTO",0.572358039188225,0.574302644963361,0.925137681206044,0.608511075988818,0.643691809901843
"044015","COMUNANZA",0.594422750122623,0.610320337346733,0.930544416775464,0.635188831038757,0.668006118342835
"044016","COSSIGNANO",0.664323466836226,0.694178716083012,0.918400425675856,0.703166024881242,0.727080958302866
"044017","CUPRA MARITTIMA",0.547877520976182,0.540127935718503,0.920235540188582,0.581626009531466,0.61924929071559
"044020","FOLIGNANO",0.515616889737698,0.497323326325714,0.921582644409506,0.547981361669486,0.589492615307266
"044021","FORCE",0.626842501514283,0.678140241351083,0.927258816762662,0.679968115965681,0.707444860498679
"044023","GROTTAMMARE",0.467795336142953,0.432697765621626,0.912966356342915,0.496518531428352,0.542790511974415
"044027","MALTIGNANO",0.60784552800319,0.621525655058867,0.927855378620807,0.646002570240006,0.677319548948984
"044029","MASSIGNANO",0.631399512061715,0.652926145131299,0.924834287969291,0.670429974533785,0.698697120471064
"044031","MONSAMPOLO DEL TRONTO",0.571467573872701,0.580999922685024,0.928328331525969,0.611443206603573,0.646652664928284
"044032","MONTALTO DELLE MARCHE",0.612883837360736,0.632027903698266,0.921493800143135,0.652359663490864,0.682263456452228
"044034","MONTEDINOVE",0.679705852997775,0.740846867453062,0.93004219945259,0.732252944148136,0.754229528070853
"044036","MONTEFIORE DELL'ASO",0.621378760747069,0.643706448449491,0.928819874146585,0.662170331553111,0.691798058507941
"044038","MONTEGALLO",0.73519575924868,0.791289385729354,0.931875413751913,0.780105856615307,0.796969140741596
"044044","MONTEMONACO",0.704597248185436,0.755967072152563,0.928561071556931,0.750110051307793,0.769937942446586
"044045","MONTEPRANDONE",0.517624147883048,0.509313660138526,0.924115296099529,0.554533543219661,0.595598182428535
"044054","OFFIDA",0.559292247621834,0.556328880893936,0.913581038905516,0.593387611722648,0.628964659187411
"044056","PALMIANO",0.77792465804059,0.847705994616289,0.927436359161843,0.82427742961178,0.83573953289512
"044063","RIPATRANSONE",0.572813960275424,0.575051504488252,0.92101225675301,0.608640684818955,0.643348637256072
"044064","ROCCAFLUVIONE",0.62659000346284,0.655693679267299,0.931347137058427,0.670162370934405,0.699182900503741
"044065","ROTELLA",0.645513571596247,0.69969818738034,0.931264819708276,0.698471773510292,0.72433766753229
"044066","SAN BENEDETTO DEL TRONTO",0.396717133767503,0.340754974783506,0.899302061289982,0.421792654976953,0.4748492556784
"044071","SPINETOLI",0.53584052612314,0.532865422110813,0.924126217640717,0.573330298469351,0.612307622821725
"044073","VENAROTTA",0.624056414811875,0.641932586447697,0.930970567312318,0.662792107298039,0.692589713966292
"045001","AULLA",0.518615972861254,0.515214918238949,0.934193187183453,0.558643219713436,0.600370993876772
"045002","BAGNONE",0.637817338958362,0.665706813571516,0.932725200863776,0.679858388724823,0.707954701184707
"045003","CARRARA",0.395771543536699,0.34960905605828,0.910943697210145,0.426515639538755,0.480340979280021
"045004","CASOLA IN LUNIGIANA",0.641762492338801,0.694023423826457,0.93394714504331,0.694498376778697,0.721103795474765
"045005","COMANO",0.67965698339177,0.719232804088365,0.927193849952406,0.722219789361302,0.744994684982536
"045006","FILATTIERA",0.618712036704902,0.641839633843259,0.934212468424989,0.660669498589171,0.691063161904262
"045007","FIVIZZANO",0.552467327077785,0.55882461829475,0.931188209226539,0.593200196340295,0.630754419994322
"045008","FOSDINOVO",0.556429127474564,0.556824672211744,0.931841640821912,0.59414837394103,0.631669848038906
"045009","LICCIANA NARDI",0.575585833324612,0.585783165421048,0.93622169042939,0.616238218478486,0.651791937584142
"045010","MASSA",0.393075602463854,0.348832115551634,0.904697248739895,0.424328197980959,0.477702536954174
"045011","MONTIGNOSO",0.50973792012793,0.500796323457158,0.928951422566166,0.547635551869906,0.590003981947269
"045012","MULAZZO",0.620753612327917,0.6423324659562,0.928948802768372,0.66128361550469,0.691024191867321
"045013","PODENZANA",0.620566430641252,0.644782603947737,0.938856992360515,0.663292764801097,0.693911012307699
"045014","PONTREMOLI",0.527034686515004,0.517091652236161,0.925026636361938,0.562359516074218,0.602655862772854
"045015","TRESANA",0.631934514152961,0.663470785126046,0.935244704966686,0.676456855172222,0.70521106070494
"045016","VILLAFRANCA IN LUNIGIANA",0.56588362891603,0.5687305374305,0.92918770760108,0.603495145616047,0.639683208058828
"045017","ZERI",0.669459979612258,0.742812454141803,0.94042576113489,0.729565171302817,0.752994125728603
"046001","ALTOPASCIO",0.511136904465557,0.510897890848725,0.937654913530961,0.553681149244523,0.596344900831905
"046002","BAGNI DI LUCCA",0.572569959347465,0.594289243459627,0.933801672403828,0.618466808503574,0.653504015603603
"046003","BARGA",0.51785258133015,0.509851943678934,0.93270662481929,0.555737698736017,0.597623134967492
"046004","BORGO A MOZZANO",0.561985363271084,0.572870807276986,0.93970826071865,0.604656102818497,0.641884120362958
"046005","CAMAIORE",0.441832040528312,0.416232304125691,0.919206065591532,0.478049561653455,0.527066950979908
"046006","CAMPORGIANO",0.616666308605503,0.64127934314621,0.938130907190168,0.659888634007288,0.690804442138719
"046007","CAPANNORI",0.428282620853007,0.401162500609602,0.926617755414133,0.465912080199587,0.51710159966787
"046008","CAREGGINE",0.686058710307722,0.751122754735427,0.935747541459784,0.740306413415395,0.762022094309216
"046009","CASTELNUOVO DI GARFAGNANA",0.545271267458593,0.545585790917213,0.934428693106419,0.584328545579755,0.623228561971606
"046010","CASTIGLIONE DI GARFAGNANA",0.643753116083153,0.68146754969967,0.94201960211336,0.690551259813607,0.718492186735801
"046011","COREGLIA ANTELMINELLI",0.582479187122829,0.601583599871457,0.949443719528577,0.627772626100286,0.66351385870343
"046013","FORTE DEI MARMI",0.509142248487314,0.487716185805638,0.93970680727376,0.542556976159205,0.586684735171933
"046014","FOSCIANDORA",0.668419440007025,0.723017324777773,0.938593001662193,0.720005844319378,0.744293306246358
"046015","GALLICANO",0.602313366698435,0.628987200459027,0.94438633088188,0.648523888309046,0.681397493039361
"046017","LUCCA",0.35969785120039,0.29732238931586,0.899119823203925,0.385571090552705,0.442632060847285
"046018","MASSAROSA",0.477354543328714,0.463383742843005,0.92625555028116,0.51595778380539,0.56154642452492
"046019","MINUCCIANO",0.655872721651123,0.699781661148397,0.944666199632338,0.704511092223018,0.731194993046276
"046020","MOLAZZANA",0.665029381199939,0.700423614621016,0.937990496173962,0.708252897736826,0.733779297563175
"046021","MONTECARLO",0.567008330866192,0.572927372972955,0.939549169020068,0.606925983629623,0.643884115339673
"046022","PESCAGLIA",0.599771298229364,0.624624501562553,0.937361967473831,0.644714306653746,0.677230713411533
"046023","PIAZZA AL SERCHIO",0.620018169944437,0.647484373907211,0.934540606846173,0.663830205417859,0.693909138909894
"046024","PIETRASANTA",0.454301943155984,0.427871204133973,0.919927161658616,0.488970632446342,0.536854691247706
"046025","PIEVE FOSCIANA",0.604386258800889,0.62246746336685,0.935314476697922,0.645615622645275,0.67780438420668
"046026","PORCARI",0.536787555155079,0.541367856375579,0.942387236260558,0.579408658814852,0.619739611864375
"046027","SAN ROMANO IN GARFAGNANA",0.62594625028707,0.643683797996392,0.931122496061446,0.664445771333703,0.694076518525674
"046028","SERAVEZZA",0.504685465055628,0.500550259180861,0.926440158274339,0.545000091733854,0.587382321349463
"046030","STAZZEMA",0.618864931443714,0.653518925155863,0.936579772544277,0.666230712724238,0.696269497148686
"046031","VAGLI SOTTO",0.657277398829065,0.723758392519941,0.945716955526769,0.716037801659729,0.741557707644956
"046033","VIAREGGIO",0.388803159120746,0.338806319755198,0.904079934656938,0.417832258959868,0.471859778481765
"046034","VILLA BASILICA",0.662869939292492,0.707603355765741,0.95235580495239,0.711948563271444,0.738660479013771
"046035","VILLA COLLEMANDINA",0.664368177749103,0.707526268199509,0.941987921860941,0.711551292862969,0.737155362751633
"046036","FABBRICHE DI VERGEMOLI",0.670194407336447,0.736649527717587,0.939012128888594,0.726980983663175,0.750539999799333
"046037","SILLANO GIUNCUGNANO",0.674245736862762,0.724744671417968,0.938901559707846,0.723435839697113,0.747376475253861
"047002","AGLIANA",0.506692805512515,0.508907430085486,0.942683229788734,0.551288428997974,0.594776740196947
"047003","BUGGIANO",0.52400229198148,0.520926433057501,0.93374188878226,0.563592115145767,0.604719867772044
"047005","LAMPORECCHIO",0.553869331928187,0.569323616113767,0.941838257806711,0.59962065239955,0.637644830778124
"047006","LARCIANO",0.56492681044953,0.583669560961547,0.944310073681956,0.61129937450318,0.648300563300822
"047007","MARLIANA",0.59559024972973,0.610224688616305,0.930797162223342,0.63569643847805,0.668485407783083
"047008","MASSA E COZZILE",0.533778227304313,0.535353896651658,0.931831532111839,0.574292608991371,0.614019156004756
"047009","MONSUMMANO TERME",0.493124102954581,0.490102788577158,0.933091523934994,0.535761253582782,0.579909061399694
"047010","MONTALE",0.527713434273131,0.53502583113893,0.943935464623134,0.572626215897741,0.613882799089451
"047011","MONTECATINI-TERME",0.459273382737483,0.43116020038855,0.917330312910031,0.492428143697718,0.539639495832419
"047012","PESCIA",0.482534727944014,0.469883530608246,0.932450001475522,0.521833216496069,0.567457303716008
"047013","PIEVE A NIEVOLE",0.528509055540427,0.530127341756795,0.932193026875837,0.569605681471334,0.609893164294056
"047014","PISTOIA",0.374066613623187,0.325796782240238,0.903361299578816,0.405274658096423,0.460617618261133
"047016","PONTE BUGGIANESE",0.543063404750038,0.552140828609004,0.93753316444371,0.58659522145594,0.625588326232359
"047017","QUARRATA",0.476045523215825,0.467012726523043,0.93199647372225,0.517575859754716,0.563622594639998
"047018","SAMBUCA PISTOIESE",0.622771845244106,0.678642767201475,0.938368841707227,0.679473459771234,0.708239613319678
"047020","SERRAVALLE PISTOIESE",0.513386454657298,0.5097236666593,0.937536199699593,0.554153174562428,0.596751288466558
"047021","UZZANO",0.543771959683916,0.540774971051459,0.931482484463342,0.581194367277253,0.620115269186818
"047022","CHIESINA UZZANESE",0.588078194777896,0.609282654697671,0.938010219411187,0.632613404205124,0.666546383672464
"047023","ABETONE CUTIGLIANO",0.625199097581721,0.657729051075752,0.927438116101442,0.670061478506007,0.698658882683277
"047024","SAN MARCELLO PITEGLIO",0.554508822127585,0.56580885841517,0.934195284216647,0.597562484665904,0.634966129060431
"048001","BAGNO A RIPOLI",0.434833942377588,0.394050054024538,0.929495187470749,0.465947317128032,0.517452636055
"048002","BARBERINO DI MUGELLO",0.513561596720133,0.508425120061898,0.938788229044677,0.553772845456382,0.596552332521748
"048004","BORGO SAN LORENZO",0.47503215294734,0.452993111106755,0.927134408449549,0.510324809669297,0.556636987311548
"048005","CALENZANO",0.479722655666037,0.462460092576371,0.939143466731416,0.517896583382225,0.564701792643246
"048006","CAMPI BISENZIO",0.441990114864168,0.419902882345676,0.92462132715496,0.480313981459926,0.52968146431493
"048008","CAPRAIA E LIMITE",0.532787130125457,0.525944341403206,0.938343893906251,0.570263551578524,0.611161367392716
"048010","CASTELFIORENTINO",0.494529708667612,0.487874374052572,0.931254206484274,0.53520725787251,0.579212474384928
"048011","CERRETO GUIDI",0.533011257614435,0.540029446004318,0.941404658011979,0.577008782429637,0.617497213049897
"048012","CERTALDO",0.496748295568351,0.489744654984649,0.932253274015499,0.5371471551504,0.5810478350243
"048013","DICOMANO",0.579528822246861,0.591255047974041,0.936516231790695,0.620504364778476,0.6556167944465
"048014","EMPOLI",0.415002615077403,0.375979222991046,0.91821233748581,0.447763060879383,0.500035202724542
"048015","FIESOLE",0.464107758562715,0.423240660104781,0.931887792495573,0.49249556764993,0.541316925966113
"048017","FIRENZE",0.256429142997539,0.151653003091336,0.790823343808223,0.262719300120816,0.321397527197195
"048018","FIRENZUOLA",0.579309634684142,0.59779338401176,0.93967020890497,0.623663379303653,0.658775249259355
"048019","FUCECCHIO",0.480077963395403,0.470686569200597,0.934390255372388,0.521283065205439,0.567183864112877
"048020","GAMBASSI TERME",0.57015228314512,0.581203760394083,0.935721578463198,0.611682377438961,0.647686733108321
"048021","GREVE IN CHIANTI",0.493781983272082,0.478108674459757,0.929927318966555,0.530343527875983,0.574741726886047
"048022","IMPRUNETA",0.474478567903432,0.445574315863893,0.930107739733368,0.507034571668633,0.554042701453604
"048024","LASTRA A SIGNA",0.480619877047604,0.46709916751626,0.935906201001801,0.520064190153919,0.566268858025906
"048025","LONDA",0.617266192639684,0.633682940151658,0.931345146763152,0.656061624432419,0.686648682469167
"048026","MARRADI",0.603981879352622,0.628401263963722,0.936925691612032,0.648264983653558,0.680338395648944
"048027","MONTAIONE",0.587764315062333,0.598977931185497,0.932110000353576,0.627245010846881,0.661118898569847
"048028","MONTELUPO FIORENTINO",0.499572185297788,0.487666890576827,0.940967209860928,0.538354305129669,0.583089072322031
"048030","MONTESPERTOLI",0.49483829892538,0.478537311831828,0.931128462599834,0.531131871100727,0.57557593682285
"048031","PALAZZUOLO SUL SENIO",0.654060441434254,0.688504551226906,0.939515062722728,0.698105752969795,0.72492900960901
"048032","PELAGO",0.533370932839483,0.528065274189792,0.935126088772258,0.5711589020404,0.611599700566162
"048033","PONTASSIEVE",0.472632577406348,0.451031523805667,0.931479117275416,0.508796757272948,0.555761463939889
"048035","REGGELLO",0.483548509227786,0.467948791798088,0.933373046136506,0.521511090075294,0.567273529637651
"048036","RIGNANO SULL'ARNO",0.513432749465012,0.498053594647264,0.93266362738294,0.548435217588819,0.591127263121499
"048037","RUFINA",0.545722288251699,0.549804643977576,0.941247667146649,0.587111886217839,0.62646030632104
"048038","SAN CASCIANO IN VAL DI PESA",0.472387179780317,0.448268230251112,0.931147520937044,0.507409686607847,0.554491668199981
"048039","SAN GODENZO",0.625633490013893,0.675390206496859,0.931585411906164,0.678619204620455,0.706726560985534
"048041","SCANDICCI",0.420607668820506,0.385864192600305,0.9226165443194,0.455173992071305,0.507112053432205
"048043","SESTO FIORENTINO",0.405626330890235,0.358720467927838,0.920097273124766,0.43596578678061,0.489758174152182
"048044","SIGNA",0.490058150295643,0.478941598604975,0.933168150801001,0.529366702085378,0.574233529720447
"048046","VAGLIA",0.522012216946836,0.495414498815153,0.928610252181777,0.550703047311073,0.592692736741151
"048049","VICCHIO",0.535917939677278,0.533649357515747,0.932983207699583,0.57460360450682,0.614423560417127
"048050","VINCI",0.497450147453895,0.487479617814906,0.933652606422022,0.536583655013163,0.580702427391925
"048052","FIGLINE E INCISA VALDARNO",0.464825653404802,0.443162822434472,0.928804799859027,0.501475294113576,0.548956350307515
"048053","SCARPERIA E SAN PIERO",0.507318229365826,0.497308716221095,0.935454101810351,0.545627535695149,0.588941598596838
"048054","BARBERINO TAVARNELLE",0.501372520035258,0.486750863872534,0.934043170216417,0.538059839780148,0.5820579876064
"049001","BIBBONA",0.595743756333251,0.614564302302006,0.929581767479414,0.637596803133807,0.670039576949985
"049002","CAMPIGLIA MARITTIMA",0.514898263103256,0.51465397956358,0.932374737481856,0.556535982948262,0.598295844563105
"049003","CAMPO NELL'ELBA",0.560024649525587,0.566454724149361,0.922578625755896,0.599173580729316,0.635107474621158
"049004","CAPOLIVERI",0.567749626755313,0.56992732287487,0.919507216823895,0.603905349015972,0.638972223216852
"049005","CAPRAIA ISOLA",0.678195971723096,0.695123775931369,0.913267781579527,0.709320664602462,0.731981455377691
"049006","CASTAGNETO CARDUCCI",0.534884266215151,0.54100785662243,0.932902480607502,0.577441703337662,0.616937345256533
"049007","CECINA",0.448020445504397,0.419491726677719,0.919663996212781,0.48234687710323,0.530937668115402
"049008","COLLESALVETTI",0.497690887822334,0.487943555236832,0.938009919135,0.537336491290124,0.581855761050666
"049009","LIVORNO",0.338405112270618,0.275893596683415,0.881849401035067,0.364619359132822,0.422089363788627
"049010","MARCIANA",0.607567740756938,0.625375990082785,0.920324346774576,0.646857113555333,0.677242361690805
"049011","MARCIANA MARINA",0.615464744164888,0.634230879711763,0.921169153670213,0.654479946111514,0.684112080284703
"049012","PIOMBINO",0.443938885234164,0.417140785282171,0.918906421083472,0.479376493840698,0.528213152423229
"049013","PORTO AZZURRO",0.573031748722875,0.580759718453373,0.927284360021449,0.611934596231456,0.646973458874789
"049014","PORTOFERRAIO",0.492747119577889,0.472587508259596,0.918303350182285,0.526230917545097,0.569794521171451
"049017","ROSIGNANO MARITTIMO",0.448999436574578,0.421938019429619,0.925377109575195,0.484459566159408,0.533450404316718
"049018","SAN VINCENZO",0.5414512918792,0.539993810353193,0.928556150286467,0.579505911033224,0.618289270950251
"049019","SASSETTA",0.663645231143563,0.708728583610328,0.920515127436731,0.709619729382924,0.733052551388903
"049020","SUVERETO",0.597101937161985,0.616084965765444,0.928423312173759,0.638776437534719,0.670959423605723
"049021","RIO",0.574072320650326,0.580677989712671,0.924426219974158,0.612080261660765,0.646785368140031
"050001","BIENTINA",0.526451520163282,0.516548561598914,0.935311085694703,0.562881145362458,0.604262249843819
"050002","BUTI",0.559610605073179,0.568591553051664,0.935750669635914,0.601266038119771,0.63843099717712
"050003","CALCI",0.508176805426585,0.470855673830885,0.924370059794312,0.533001621645293,0.57648700366185
"050004","CALCINAIA",0.500024383986053,0.482446832217791,0.936557035613601,0.53576775085309,0.580299893604258
"050005","CAPANNOLI",0.552121490956576,0.554292558685443,0.935452381094171,0.591431560448326,0.629656096075642
"050006","CASALE MARITTIMO",0.631371528139648,0.64685506634897,0.924213499423262,0.667623317462204,0.6961333376801
"050008","CASCINA",0.417142024606027,0.374494730637465,0.917478434928276,0.447984383352399,0.500150389083052
"050009","CASTELFRANCO DI SOTTO",0.517878207962853,0.521162385078654,0.940847796618457,0.561653046530524,0.603785796540294
"050010","CASTELLINA MARITTIMA",0.622854610449063,0.645217364441962,0.931191345617743,0.663751523262735,0.693467059079959
"050011","CASTELNUOVO DI VAL DI CECINA",0.638509749238491,0.660998733694717,0.94268864147102,0.679047681467045,0.708341121467487
"050012","CHIANNI",0.647804651157139,0.686122047428352,0.936637958386343,0.693930810202105,0.720898271111465
"050014","FAUGLIA",0.579452713179356,0.589876672691155,0.940202246019573,0.620218448243687,0.655772203552119
"050015","GUARDISTALLO",0.641675453408468,0.658392504218779,0.925826203795643,0.677613201311825,0.705192423810027
"050016","LAJATICO",0.648704730291566,0.683531426060831,0.939975661660545,0.693503836524633,0.720889594873068
"050019","MONTECATINI VAL DI CECINA",0.641855937496696,0.67890886446667,0.939657769384197,0.688309937821934,0.716237474662186
"050020","MONTESCUDAIO",0.608962034031741,0.61792754917135,0.926838689393048,0.644784181380696,0.676123571159846
"050021","MONTEVERDI MARITTIMO",0.649522966167446,0.698790992849989,0.936481116538515,0.700389393211697,0.726621806914677
"050022","MONTOPOLI IN VAL D'ARNO",0.522466046804531,0.525094254987328,0.94476797433157,0.565878933239493,0.607977715583057
"050023","ORCIANO PISANO",0.666535037514746,0.725438502505329,0.941771150528132,0.720565208061847,0.745143646113656
"050024","PALAIA",0.574618283230779,0.586422521248816,0.939112646022736,0.616379626618091,0.652238850996385
"050025","PECCIOLI",0.56773812829837,0.5787214153158,0.933408109153815,0.609247605541758,0.645265439276431
"050026","PISA",0.335191801115912,0.24100303460505,0.887391414562579,0.348026817530691,0.407956217200901
"050027","POMARANCE",0.575357697426248,0.590050615132078,0.945623219112494,0.618996062562496,0.655287968845829
"050028","PONSACCO",0.493984035498234,0.480362763028875,0.931642104973624,0.531620269834562,0.576067140405569
"050029","PONTEDERA",0.439718760083641,0.403600065860182,0.922657526860556,0.471759224360776,0.52185903574964
"050030","RIPARBELLA",0.632333814852176,0.655021638920448,0.932638168596528,0.672573771057334,0.701469815228355
"050031","SAN GIULIANO TERME",0.422748153803057,0.372784972512002,0.921311805154257,0.450121087357202,0.502475611556875
"050032","SAN MINIATO",0.456783972893228,0.438761817607608,0.934503665782346,0.496445972303611,0.545119049356804
"050033","SANTA CROCE SULL'ARNO",0.512051553582516,0.51439442418769,0.94597194033983,0.556497884030576,0.599772779176048
"050034","SANTA LUCE",0.636276619139144,0.655518441900805,0.928298039942433,0.67413758146222,0.702377632404466
"050035","SANTA MARIA A MONTE",0.522042805867833,0.525756070645741,0.943695878615927,0.565879082292701,0.607858726328615
"050036","TERRICCIOLA",0.572907025830858,0.586574023870631,0.936633710472026,0.615429843412872,0.651119161975001
"050037","VECCHIANO",0.510700997469912,0.497674630517834,0.933842269440047,0.54715325953849,0.590118705083108
"050038","VICOPISANO",0.511642828861246,0.49454726897965,0.928908986454555,0.545676442673859,0.588257836427269
"050039","VOLTERRA",0.509615847109048,0.494910660622036,0.927030638726344,0.544739992351622,0.587216730837702
"050040","CASCIANA TERME LARI",0.507762962934094,0.500123123468284,0.93204285982002,0.546753024863072,0.589563006524955
"050041","CRESPINA LORENZANA",0.55573623376627,0.561627946419226,0.939167645003411,0.596730645583814,0.634779201074881
"051001","ANGHIARI",0.554538265546762,0.555062898857128,0.926292701832466,0.591949794164997,0.629099006128049
"051002","AREZZO",0.358235599233863,0.29800943334427,0.892705705373858,0.384580835197546,0.441039154106025
"051003","BADIA TEDALDA",0.667659424736472,0.706728342574875,0.924738930005775,0.710948388290684,0.734702892925694
"051004","BIBBIENA",0.500653229088222,0.484386941651965,0.925990281927204,0.535867105025805,0.579214124681516
"051005","BUCINE",0.524479408110217,0.524574194908177,0.936678363797553,0.565741957738033,0.606957113966869
"051006","CAPOLONA",0.558714572789072,0.561734908041903,0.933767122269298,0.597578978600868,0.634933216786249
"051007","CAPRESE MICHELANGELO",0.653189300961769,0.686546829448697,0.931705818551575,0.696051840539867,0.722235615874501
"051008","CASTEL FOCOGNANO",0.601479965537874,0.622217226431384,0.936075370749705,0.644271273461137,0.676693950937644
"051010","CASTEL SAN NICCOLÒ",0.610814922302081,0.635265832470871,0.932533144375144,0.653989654085343,0.68493893078421
"051011","CASTIGLION FIBOCCHI",0.608703854011586,0.62480646413037,0.935585577750084,0.648638200938889,0.680521242806799
"051012","CASTIGLION FIORENTINO",0.498317732688726,0.485090984435823,0.926594216397442,0.535193344345791,0.578682330129308
"051013","CAVRIGLIA",0.524888136523548,0.519482826445363,0.93890052074772,0.563856985410782,0.605528489337108
"051014","CHITIGNANO",0.67582065018651,0.715923402230856,0.936077098301333,0.719892533417948,0.743913040627213
"051015","CHIUSI DELLA VERNA",0.628081656355431,0.656575655263579,0.937804362853542,0.671876226513909,0.701423797218313
"051016","CIVITELLA IN VAL DI CHIANA",0.531336198422823,0.531311961759329,0.93448691670139,0.571640363752108,0.611956647413139
"051017","CORTONA",0.465775078041571,0.442212617866571,0.918751525523538,0.500469615711018,0.546945383467964
"051018","FOIANO DELLA CHIANA",0.536468640348923,0.54104003801943,0.932620319105454,0.578140937176304,0.617527535168432
"051020","LORO CIUFFENNA",0.546692522401643,0.547495143353263,0.939852857611962,0.586369735350904,0.625645637824355
"051021","LUCIGNANO",0.57824888811834,0.58781172812278,0.931005888911435,0.617827866199648,0.652625424278735
"051022","MARCIANO DELLA CHIANA",0.58368109109587,0.594872945194898,0.931943958178846,0.62354371214873,0.657810406152076
"051023","MONTEMIGNAIO",0.727334362679103,0.778496151536964,0.934131822082485,0.771036913605479,0.789158570102924
"051024","MONTERCHI",0.614291036273413,0.631036233711667,0.926634806615848,0.653060752154871,0.683457869317201
"051025","MONTE SAN SAVINO",0.525099504530063,0.520986538380424,0.928710154807725,0.563609734790492,0.60417644812574
"051026","MONTEVARCHI",0.46256814745078,0.43784606709042,0.927137497688679,0.497900146312408,0.545593185354216
"051027","ORTIGNANO RAGGIOLO",0.658659054108947,0.690714567312385,0.936377439528438,0.700855873592443,0.72702493647422
"051030","PIEVE SANTO STEFANO",0.586719525964776,0.593096720386582,0.929660214948654,0.623883332352976,0.657858541530274
"051031","POPPI",0.543401763111154,0.53854926860393,0.926941112852342,0.579572075557022,0.618168635256502
"051033","SAN GIOVANNI VALDARNO",0.483344627671775,0.462556139562615,0.930395190122072,0.518694864267683,0.56443934491817
"051034","SANSEPOLCRO",0.477796032777015,0.450253991296052,0.921338577673326,0.509756368600213,0.555487725163892
"051035","SESTINO",0.659611532024476,0.696950841613972,0.926776236300701,0.703130691767372,0.727980196715519
"051037","SUBBIANO",0.550848470591628,0.553939283570997,0.935275640225779,0.590682053395759,0.628970229710206
"051038","TALLA",0.661959931822494,0.697796435770885,0.9387549501341,0.70576586043043,0.731653537064172
"051039","TERRANUOVA BRACCIOLINI",0.504553573711548,0.494033260469905,0.936755173750579,0.543039592756712,0.586785768422697
"051040","CASTELFRANCO PIANDISCÒ",0.521526921870692,0.516590358522844,0.944028624050886,0.56155563858218,0.604052636967592
"051041","PRATOVECCHIO STIA",0.545922654965401,0.539600583151162,0.925158291615421,0.581001286313996,0.61924095356971
"051042","LATERINA PERGINE VALDARNO",0.552354060094537,0.560780867639376,0.9369943921387,0.594610156694131,0.632652849521305
"052001","ABBADIA SAN SALVATORE",0.551703296303683,0.555829754316445,0.926840359222003,0.591073908701258,0.628381292092452
"052002","ASCIANO",0.540671985461225,0.532731072498852,0.930265480138679,0.576057924095902,0.615414319211766
"052003","BUONCONVENTO",0.590232631947903,0.599936311923351,0.932847263673923,0.628860751109456,0.662637030283286
"052004","CASOLE D'ELSA",0.574616032658044,0.578893931213463,0.933649177556844,0.612444401497862,0.648133821059971
"052005","CASTELLINA IN CHIANTI",0.585714791843735,0.590615286681662,0.935661412368307,0.62291467657326,0.657664313883821
"052006","CASTELNUOVO BERARDENGA",0.492796492169059,0.456556427408913,0.932205708177513,0.520429384627839,0.566182309466691
"052007","CASTIGLIONE D'ORCIA",0.624763826140524,0.656955788782792,0.959171733676144,0.672691000083107,0.704522192704555
"052008","CETONA",0.602735102186422,0.621355141355743,0.934452247850916,0.644285834379066,0.676526546987049
"052009","CHIANCIANO TERME",0.528567344122528,0.520904223667253,0.917743052367908,0.564036510742192,0.603337237589494
"052010","CHIUSDINO",0.63894036953983,0.662166294513876,0.931888755736997,0.678686874397868,0.706820416768882
"052011","CHIUSI",0.534234417843329,0.533937186763164,0.933213373644964,0.573998559437419,0.61391131657159
"052012","COLLE DI VAL D'ELSA",0.464347289088506,0.438174158919027,0.926479974195006,0.498782649022891,0.546304574042015
"052013","GAIOLE IN CHIANTI",0.59932989534136,0.610550794812722,0.935204044356742,0.637966715005011,0.670993084932981
"052015","MONTEPULCIANO",0.493718060876186,0.479216901033814,0.92657119922481,0.530477852781981,0.574488224608962
"052016","MONTERIGGIONI",0.482066972352181,0.437899344992781,0.927489343253469,0.50673377713058,0.553484395588679
"052017","MONTERONI D'ARBIA",0.519248069564231,0.50153222208384,0.930160733147978,0.55236720455643,0.594344263288824
"052018","MONTICIANO",0.641803288718129,0.670953588993399,0.934076171361723,0.68414821210636,0.711917985356956
"052019","MURLO",0.590200267256145,0.593764410253623,0.927036132709824,0.625487718150378,0.658993097545872
"052020","PIANCASTAGNAIO",0.590091707103315,0.61068662079359,0.93991946868093,0.6343421944217,0.668295224894948
"052021","PIENZA",0.614887655678622,0.63280109616671,0.933628829717039,0.654822821302104,0.685801266681541
"052022","POGGIBONSI",0.450415307872109,0.425065501813521,0.926750209626937,0.486641385321227,0.53554236579964
"052023","RADDA IN CHIANTI",0.636110861350451,0.662681452353688,0.934601890746495,0.677916730241512,0.706437303630955
"052024","RADICOFANI",0.64885199037593,0.714450881688779,0.944819271691199,0.707968219598239,0.734285003164123
"052025","RADICONDOLI",0.658432201254716,0.680270360080079,0.924289452568532,0.694845097857511,0.720338915047624
"052026","RAPOLANO TERME",0.56099530394101,0.565131081399763,0.940597002190604,0.600816573622408,0.63856995457443
"052027","SAN CASCIANO DEI BAGNI",0.637307615342119,0.66964675964719,0.935568780543089,0.681686346799498,0.709895506104341
"052028","SAN GIMIGNANO",0.528841883738238,0.520146306339243,0.927308086107685,0.564775494145635,0.605056893252529
"052030","SAN QUIRICO D'ORCIA",0.599765937814039,0.616934276345688,0.936112345373539,0.641126330909231,0.673902554738599
"052031","SARTEANO",0.568137877467267,0.579583211547829,0.933103029330528,0.609784792989846,0.645709041472144
"052032","SIENA",0.364853700654439,0.281547137618495,0.903379197101367,0.381218296932957,0.439236174729447
"052033","SINALUNGA",0.509513536299471,0.500323709228673,0.930605201617502,0.547487280649415,0.590055938534758
"052034","SOVICILLE",0.498164032940353,0.470966940343467,0.927862277613722,0.528895165739091,0.573224844836272
"052035","TORRITA DI SIENA",0.549774414410006,0.558944584214984,0.93609220869744,0.59253277025099,0.630706041189484
"052036","TREQUANDA",0.650935624289659,0.679915850728641,0.934640539333417,0.692347217691576,0.719268697874003
"052037","MONTALCINO",0.556035650594036,0.56111740441965,0.951241068804227,0.597842981636581,0.63710943576632
"053001","ARCIDOSSO",0.574250410365764,0.583815311424242,0.928966952455762,0.614026270051079,0.649019679207155
"053002","CAMPAGNATICO",0.623026413380828,0.651086170153903,0.932791609052321,0.666629823495861,0.696203355224357
"053003","CAPALBIO",0.574075036525927,0.586225469756296,0.944981885578457,0.616633416384846,0.65311657962858
"053004","CASTEL DEL PIANO",0.561187470812252,0.560238673392483,0.925059004812177,0.597147665373349,0.63358225864433
"053005","CASTELL'AZZARA",0.669655177437977,0.717969285336331,0.938272980659969,0.718258306314436,0.742704381241717
"053006","CASTIGLIONE DELLA PESCAIA",0.530812764692115,0.526633597996487,0.930028764019814,0.568853739611852,0.608984297879404
"053007","CINIGIANO",0.625906921848969,0.657825514514,0.93286928257627,0.670966524620963,0.700066831060442
"053008","CIVITELLA PAGANICO",0.613174296761959,0.639766532319491,0.931548662155099,0.656978239302163,0.6874860640636
"053009","FOLLONICA",0.467897492022596,0.445621225679106,0.921608332826263,0.503244256248392,0.549729153645933
"053010","GAVORRANO",0.550063565706704,0.557702071401391,0.931325791719446,0.591627115870587,0.629371413187127
"053011","GROSSETO",0.374183121805465,0.32086458169667,0.898301447854257,0.402601611361387,0.457679370971706
"053012","ISOLA DEL GIGLIO",0.636864750572687,0.668347635040448,0.930454594173193,0.68039103294323,0.708175873079893
"053013","MAGLIANO IN TOSCANA",0.592950390280041,0.611179287992579,0.930334971692655,0.634891852391945,0.667718865647579
"053014","MANCIANO",0.546028564715808,0.551785651451866,0.924725634292247,0.586488960704678,0.624070813325519
"053015","MASSA MARITTIMA",0.539611271918526,0.538764595745334,0.930131044223372,0.578282244871074,0.617376555910218
"053016","MONTE ARGENTARIO",0.50792668662062,0.503419229328845,0.933912310871235,0.548496893264383,0.591320828554033
"053017","MONTIERI",0.659904387409749,0.692386879173969,0.930940160864523,0.701625086049125,0.727104538806392
"053018","ORBETELLO",0.488613251240239,0.475168849765185,0.924995302971869,0.526201475749628,0.570511900996544
"053019","PITIGLIANO",0.593296004855275,0.606655258286805,0.925934264178799,0.632571494831816,0.665167358092592
"053020","ROCCALBEGNA",0.64667807645457,0.702321916021603,0.926932230003968,0.699743219614675,0.724986442991263
"053021","ROCCASTRADA",0.553086469846983,0.565463838370558,0.932929016980951,0.596640540395989,0.634005926683207
"053022","SANTA FIORA",0.6078290775813,0.623904212912598,0.929546911602627,0.647234671882516,0.678602698518084
"053023","SCANSANO",0.588468369887365,0.608441733073757,0.929498522162727,0.631559398548778,0.664663745616994
"053024","SCARLINO",0.58372968082999,0.597032256564199,0.931872596436695,0.624530131471055,0.658679294245015
"053025","SEGGIANO",0.63623509899678,0.68454256102488,0.927934158703479,0.687143362880095,0.71389789574936
"053026","SORANO",0.612819821943289,0.642873360397394,0.928897745622152,0.657951706615523,0.688056822060704
"053027","MONTEROTONDO MARITTIMO",0.663457043038457,0.708719510248982,0.943231615691805,0.711802610548528,0.737516944453336
"053028","SEMPRONIANO",0.67219998500396,0.712869548022977,0.927564454046286,0.71603773526675,0.739540704020032
"054001","ASSISI",0.442240045840577,0.405226249513814,0.913423909354614,0.472702223844937,0.521671300012679
"054002","BASTIA UMBRA",0.464819178469718,0.438624123328689,0.918679266086339,0.498417412417917,0.545113173936631
"054003","BETTONA",0.563845265596054,0.563404188289715,0.924067991270492,0.599669053375645,0.635713379808406
"054004","BEVAGNA",0.546238512570927,0.537712875441103,0.915844272415958,0.579362551847009,0.616749409688004
"054005","CAMPELLO SUL CLITUNNO",0.598524255943625,0.607635659257841,0.928978982328128,0.635669860073473,0.668259762546212
"054006","CANNARA",0.568229399750067,0.573013123657119,0.924027060716651,0.605961841604899,0.641302421506205
"054007","CASCIA",0.586434995995859,0.597761865810947,0.916561029779486,0.624544690791011,0.65699095067862
"054008","CASTEL RITALDI",0.587702586027066,0.599048834888073,0.925061121539465,0.626544251565759,0.659712792673949
"054009","CASTIGLIONE DEL LAGO",0.491032355379542,0.47449995456317,0.921071091848345,0.526596648659055,0.570427142346754
"054010","CERRETO DI SPOLETO",0.633963047114607,0.686298361883456,0.931200836458223,0.68723771769495,0.71434473089087
"054011","CITERNA",0.581950381779844,0.591540869765809,0.930153684299576,0.621086431625502,0.655427237478176
"054012","CITTÀ DELLA PIEVE",0.534036178983411,0.533223439800696,0.931738510037165,0.573440679456565,0.613251549521076
"054013","CITTÀ DI CASTELLO",0.419473891733439,0.37864300663227,0.907286568416403,0.449881261106209,0.500704073029564
"054014","COLLAZZONE",0.582115719736073,0.591957118445367,0.928516477187241,0.621184424900372,0.655332430710024
"054015","CORCIANO",0.446246975944129,0.401660304724223,0.917734995817684,0.473331775882527,0.522709911430878
"054016","COSTACCIARO",0.628156780153244,0.676761238832496,0.930493410256763,0.68026244956926,0.708065889645649
"054017","DERUTA",0.517101132871425,0.506351671374133,0.922363407413683,0.552790102651869,0.59385380318096
"054018","FOLIGNO",0.393493435919511,0.341212747396093,0.90197864714399,0.420815647206421,0.47427820275504
"054019","FOSSATO DI VICO",0.616153073215105,0.631132593584347,0.928468645635926,0.654125414623346,0.684607995846966
"054020","FRATTA TODINA",0.608157559446464,0.616608075945786,0.922613992541655,0.643405935180678,0.674429052665231
"054021","GIANO DELL'UMBRIA",0.583491932279483,0.5972938610231,0.933762425405156,0.624729849526678,0.659066802402064
"054022","GUALDO CATTANEO",0.568394267569646,0.579188844499933,0.930408281380305,0.609453228569341,0.645114901103892
"054023","GUALDO TADINO",0.491066607847471,0.477115117495901,0.92157839098599,0.527839615503116,0.571588368334547
"054024","GUBBIO",0.441395159822359,0.408845796390011,0.912798440822593,0.473888274377825,0.522656070649466
"054025","LISCIANO NICCONE",0.660008483628463,0.710072974627408,0.930181494590993,0.709554805674241,0.734068882220547
"054026","MAGIONE",0.489039441831264,0.471212656204356,0.92171309635839,0.524284753751868,0.568443458485926
"054027","MARSCIANO",0.473816520760101,0.45010883223474,0.919390183522026,0.507705427199881,0.553448177902342
"054028","MASSA MARTANA",0.569014726980748,0.572008407065788,0.924051363579723,0.605865546678914,0.641219526334559
"054029","MONTE CASTELLO DI VIBIO",0.63164238858901,0.656954763229577,0.926241901255207,0.672492908443885,0.700687240978476
"054030","MONTEFALCO",0.554289118372573,0.555223740611673,0.923439298668437,0.591624716409755,0.628493003327386
"054031","MONTELEONE DI SPOLETO",0.679296243218311,0.74082379431175,0.926066534375862,0.731660670326114,0.753261321887197
"054032","MONTE SANTA MARIA TIBERINA",0.606673710000575,0.640838768758131,0.919453235214781,0.653325938962896,0.682895638546439
"054033","MONTONE",0.621168225305534,0.635350900340945,0.921577711608632,0.657591377701779,0.686923192580318
"054034","NOCERA UMBRA",0.562000771931702,0.569493783762537,0.925190775224733,0.601691627584881,0.637635977322642
"054035","NORCIA",0.568299471158766,0.577489821649138,0.925801073922069,0.608185289155764,0.643475931907576
"054036","PACIANO",0.641255836321215,0.661869889420601,0.92182052863457,0.678588629447274,0.705614396023641
"054037","PANICALE",0.561401558630238,0.567037046508585,0.929351699436152,0.600732542256086,0.63724578194276
"054038","PASSIGNANO SUL TRASIMENO",0.537505735580063,0.525799085876642,0.920731805259875,0.570560350181505,0.609468289634657
"054039","PERUGIA",0.312609261282754,0.226967215416233,0.859129525090819,0.328722367023626,0.387656495697759
"054040","PIEGARO",0.584215303509311,0.599586713505429,0.934210117445602,0.626131919401193,0.660362830295017
"054041","PIETRALUNGA",0.617633280974107,0.642332209215543,0.92791619788548,0.659776090373891,0.689569435652956
"054042","POGGIODOMO",0.81150508275078,0.902223803148941,0.941145264906591,0.865292525145533,0.873720607341207
"054043","PRECI",0.664270066758772,0.722326069716771,0.931520821362057,0.7171203435502,0.740942618862628
"054044","SAN GIUSTINO",0.504994027654651,0.492103866641749,0.925012513423533,0.541195303775734,0.583841660403267
"054045","SANT'ANATOLIA DI NARCO",0.670605548096368,0.726968279229118,0.930752392361189,0.721983461532588,0.745180009402432
"054046","SCHEGGIA E PASCELUPO",0.628264236040843,0.68758045505739,0.934164149150516,0.685546525909256,0.713170706269396
"054047","SCHEGGINO",0.697496502809836,0.73884426819144,0.935029662031279,0.739856313153702,0.761542240806766
"054048","SELLANO",0.64230767986582,0.700185279494877,0.933989875516424,0.697520819263956,0.723795158847564
"054049","SIGILLO",0.611108600329479,0.62867742331718,0.932641502830328,0.65116786092403,0.682442710024729
"054050","SPELLO",0.515981998861284,0.502461496557364,0.922248961118996,0.550524469050291,0.591827190391258
"054051","SPOLETO",0.432908827689658,0.400118542117918,0.912084842745275,0.466070800687937,0.515627916472085
"054052","TODI",0.478120976529,0.456327576789763,0.920771186501828,0.512578967643626,0.557933658627871
"054053","TORGIANO",0.52747109524767,0.511905571037913,0.921971761946359,0.559916676023148,0.600145018903505
"054054","TREVI",0.531370808603249,0.528928063736116,0.927695646638172,0.569904057216531,0.60965867826338
"054055","TUORO SUL TRASIMENO",0.573691447694583,0.580265522067634,0.922640637543215,0.611544700147319,0.64611091541353
"054056","UMBERTIDE",0.483563737419711,0.464013741082674,0.921606085043067,0.51857047383038,0.563352208409567
"054057","VALFABBRICA",0.599071057156529,0.618142481686698,0.92815708988443,0.640561801467895,0.672516833514176
"054058","VALLO DI NERA",0.690603817658725,0.749653276793483,0.926738669919607,0.740789559495454,0.761450571764804
"054059","VALTOPINA",0.651797910942317,0.686543286435097,0.930682130935401,0.695321751913377,0.721472905138046
"055001","ACQUASPARTA",0.562512477583019,0.564693474579214,0.923543835525073,0.599597062025512,0.635591147969908
"055002","ALLERONA",0.605222452734455,0.655518547252697,0.934415711810161,0.660775021175234,0.691179542356893
"055003","ALVIANO",0.647315772413035,0.676257032947705,0.931817089002035,0.688789471312537,0.715792539944703
"055004","AMELIA",0.498478922859897,0.48046684294018,0.921986870326205,0.532724281642655,0.575975680385272
"055005","ARRONE",0.600356993877707,0.612001445733252,0.924633878209649,0.638024685645896,0.669870151486313
"055006","ATTIGLIANO",0.629990806188522,0.64481154684875,0.927449144673143,0.666405973334087,0.695410770149538
"055007","BASCHI",0.598275154831267,0.613659539776249,0.926805051006883,0.638051117674071,0.670134888044383
"055008","CALVI DELL'UMBRIA",0.619697814530507,0.635335728533136,0.922443047537231,0.657009399132363,0.686502026732904
"055009","CASTEL GIORGIO",0.614221341550358,0.630666029911959,0.920463493413958,0.652245666499439,0.682047647267719
"055010","CASTEL VISCARDO",0.600867080614165,0.6189571085885,0.930954422288064,0.642016327370006,0.674120560138679
"055011","FABRO",0.610963341997922,0.639192708424471,0.934514078115362,0.656021630501613,0.68696523579203
"055012","FERENTILLO",0.619056893232391,0.642606071278329,0.931885147816135,0.660936848811438,0.691042215367515
"055013","FICULLE",0.628381498375269,0.651080403042112,0.925443179481957,0.668302173586018,0.696873396463344
"055014","GIOVE",0.627401439421423,0.647431250520715,0.928056208837903,0.666480331357753,0.695544317744436
"055015","GUARDEA",0.612775233077987,0.626850314385285,0.921674409275437,0.649998937286016,0.680185100840396
"055016","LUGNANO IN TEVERINA",0.642186964623817,0.67453220893765,0.931703931217963,0.685694021224456,0.713028455668179
"055017","MONTECASTRILLI",0.563725408694002,0.566717819278048,0.928282599568783,0.601527712544301,0.637833811102577
"055018","MONTECCHIO",0.639912926415448,0.665017839884471,0.928630782619632,0.680081923096927,0.707698463043894
"055019","MONTEFRANCO",0.632133742738823,0.650707223891065,0.92578313686526,0.669856748669975,0.698293014025007
"055020","MONTEGABBIONE",0.665948306269883,0.703916798146417,0.926746727396786,0.709113969727014,0.733295387245877
"055021","MONTELEONE D'ORVIETO",0.648788041890215,0.678204450177191,0.933100241675123,0.690456645597845,0.717417045161987
"055022","NARNI",0.479270107793467,0.461746936534202,0.924376980843474,0.515895368031798,0.561282213899762
"055023","ORVIETO",0.459589442481001,0.426257142848856,0.916182219992089,0.490249185397645,0.537575078130361
"055024","OTRICOLI",0.642313693329999,0.673719444617124,0.935076368924331,0.685722548968639,0.713428528963715
"055025","PARRANO",0.730590866526955,0.781031216162185,0.939095244784232,0.774139461688536,0.792467882032502
"055026","PENNA IN TEVERINA",0.65430817108235,0.682990219877847,0.933039569377299,0.695088232869818,0.721527270259539
"055027","POLINO",0.725232766855335,0.789033343386047,0.936533702250428,0.775073119833665,0.793013184546639
"055028","PORANO",0.60340063253612,0.604972339042805,0.924639930858637,0.63623183029638,0.668277174803298
"055029","SAN GEMINI",0.545153398483072,0.535925862091625,0.930164540466406,0.579502121305254,0.61846461232316
"055030","SAN VENANZO",0.608886694041978,0.622581233493009,0.923702411904274,0.646530808581172,0.67732765339485
"055031","STRONCONE",0.558038745635613,0.556187902253743,0.928383327214505,0.594240324271661,0.631367324598643
"055032","TERNI",0.351614919460027,0.287291691382733,0.884159725993896,0.375923947478632,0.432394589535883
"055033","AVIGLIANO UMBRO",0.609281996663883,0.629675826852643,0.931658732126886,0.650696893795125,0.681914875831988
"056001","ACQUAPENDENTE",0.552851755826641,0.550965457540944,0.920384962749444,0.588756242290358,0.625603877896923
"056002","ARLENA DI CASTRO",0.670565246608491,0.707690477844165,0.922478634648398,0.712462939468535,0.735798016710742
"056003","BAGNOREGIO",0.583199851687354,0.593122105948726,0.926568326795518,0.622001713615788,0.655842448413535
"056004","BARBARANO ROMANO",0.620959593875397,0.656693101043753,0.930914499249579,0.668035162638575,0.697243977817576
"056005","BASSANO ROMANO",0.578808738806537,0.580984785411402,0.930280276195826,0.614935113517655,0.649973464926341
"056006","BASSANO IN TEVERINA",0.648543965184628,0.674461982193433,0.9296125503605,0.688313931356177,0.715124889023324
"056007","BLERA",0.604327976868085,0.621808670440208,0.933144639886798,0.645075955277412,0.677083586900677
"056008","BOLSENA",0.57856237405084,0.583394353464826,0.915456490942132,0.614426176476263,0.647873989194693
"056009","BOMARZO",0.631416818948472,0.65127666937399,0.932944279919315,0.670506497737039,0.699666251312848
"056010","CALCATA",0.664639620055782,0.691443547713806,0.925597661546016,0.702797191650916,0.727552799417039
"056011","CANEPINA",0.597654617176263,0.605586451209548,0.921277291555801,0.633586209929195,0.665551885665485
"056012","CANINO",0.572693588943588,0.587499534508698,0.923220420790622,0.614408947632591,0.648721333539039
"056013","CAPODIMONTE",0.622445332003231,0.633951712576305,0.925306734093189,0.65790934347011,0.687620164650452
"056014","CAPRANICA",0.545550467401108,0.540369944711931,0.925352280092074,0.581199413460075,0.61943862086363
"056015","CAPRAROLA",0.567680600391388,0.571495782187749,0.923100441405387,0.60493941630115,0.640290641312732
"056016","CARBOGNANO",0.619597422514559,0.63829447466538,0.926182424590716,0.658669596190044,0.688393243790119
"056017","CASTEL SANT'ELIA",0.619559551986079,0.638362570263782,0.929235088268791,0.658988463839316,0.689015866553702
"056018","CASTIGLIONE IN TEVERINA",0.627326044827127,0.655978695343102,0.934532293071467,0.67094036238375,0.700228354682385
"056019","CELLENO",0.655391912599148,0.683483558463121,0.932156745355472,0.695709636513568,0.721981537496002
"056020","CELLERE",0.658852762328015,0.702334498718551,0.92760103219837,0.705294370690792,0.7299951108583
"056021","CIVITA CASTELLANA",0.497221118346972,0.486121937592178,0.929968324427691,0.535501207615387,0.579330887261198
"056022","CIVITELLA D'AGLIANO",0.640207126806294,0.667718218887145,0.925448398914573,0.681111245453505,0.70825981806029
"056023","CORCHIANO",0.598549259568051,0.614112273760704,0.928329363272603,0.6385306263252,0.670730485986023
"056024","FABRICA DI ROMA",0.538662828013775,0.537430239445724,0.930403353475929,0.577282215704368,0.616517897678986
"056025","FALERIA",0.622248713257163,0.638943835040672,0.925835269113567,0.660120173645382,0.689644073141847
"056026","FARNESE",0.620798918878898,0.670794700070137,0.928372314254173,0.674054359952483,0.702311910430449
"056027","GALLESE",0.615408347181246,0.641123802978841,0.935902534992987,0.659029721071338,0.689793367062632
"056028","GRADOLI",0.624004947559429,0.672944417641276,0.92570991339384,0.676198205679701,0.70392172875905
"056029","GRAFFIGNANO",0.630062265280512,0.657096214688193,0.932490880182715,0.672470404004189,0.701361568024025
"056030","GROTTE DI CASTRO",0.610479923798574,0.630521966864712,0.927424352230854,0.651193286021564,0.681885626711485
"056031","ISCHIA DI CASTRO",0.63220565504,0.665222813782285,0.930649316677121,0.67690774263774,0.705101250864338
"056032","LATERA",0.643088716256727,0.69114331918892,0.920867812919717,0.692491197242513,0.717866376762202
"056033","LUBRIANO",0.666298592677392,0.7021016705378,0.929235440213598,0.708703662468197,0.733207193328797
"056034","MARTA",0.59658931696105,0.606723017073497,0.922980903772456,0.633788640692792,0.66592111436831
"056035","MONTALTO DI CASTRO",0.534544176006448,0.539296208172006,0.928966511432962,0.576124824023601,0.615329455957974
"056036","MONTEFIASCONE",0.493604247932092,0.47233421234579,0.919747509887241,0.526647058113771,0.570324886088601
"056037","MONTE ROMANO",0.633060959894034,0.661643245558359,0.942259733280866,0.676842865781664,0.706333628837131
"056038","MONTEROSI",0.557107374048836,0.552315977554678,0.929050496505567,0.592145557872138,0.629579439942519
"056039","NEPI",0.519742211982983,0.509526863738268,0.926786649583942,0.555849749032957,0.597064960205289
"056040","ONANO",0.655610539978293,0.717618437192301,0.931544864329273,0.711107526159694,0.735600563734092
"056041","ORIOLO ROMANO",0.569392273140354,0.565025511761732,0.923615675829564,0.602849570788895,0.638490249126747
"056042","ORTE",0.522848952377571,0.505061802957586,0.927652214410141,0.555325061341835,0.596694745016091
"056043","PIANSANO",0.610582211605478,0.621331810416704,0.912259351791512,0.645587245089133,0.675217479167175
"056044","PROCENO",0.671569066473386,0.728435224912941,0.925052226282009,0.722507153752048,0.745012161810932
"056045","RONCIGLIONE",0.520108211396613,0.507064697802879,0.922893409338959,0.554517150073667,0.595447845547588
"056046","VILLA SAN GIOVANNI IN TUSCIA",0.608187145782981,0.644151345686035,0.926051737031103,0.656157494864168,0.686145743993827
"056047","SAN LORENZO NUOVO",0.626952309870798,0.646516032426724,0.923411306338159,0.665401884667701,0.694069598186641
"056048","SORIANO NEL CIMINO",0.534096305848308,0.528164148268071,0.923483920410128,0.570365596393383,0.609600965728577
"056049","SUTRI",0.532165593632031,0.517271274043417,0.924920897914319,0.564738680245383,0.604758926653043
"056050","TARQUINIA",0.482274135198568,0.460280325235997,0.921967990396144,0.516346306235169,0.561415382253055
"056051","TESSENNANO",0.758071220606579,0.813806073729317,0.931363552500015,0.800481137701155,0.815023628234362
"056052","TUSCANIA",0.532594037257463,0.523361564124682,0.920992541253497,0.567279274747315,0.606580748803557
"056053","VALENTANO",0.591611555092978,0.601773235967158,0.926087136138618,0.629631869590923,0.662571343651778
"056054","VALLERANO",0.610799098482079,0.621690039654805,0.923166695546042,0.646936781716202,0.677628994363962
"056055","VASANELLO",0.586106305475656,0.592535009026242,0.931084302980529,0.623497021823907,0.657673386396865
"056056","VEJANO",0.619224096549397,0.638108809443474,0.934000349972374,0.65919984269403,0.689733232391624
"056057","VETRALLA",0.499976953000648,0.482369889575923,0.921574726686399,0.534213551828097,0.577253682367908
"056058","VIGNANELLO",0.580810221919028,0.592185865485412,0.924269949944996,0.620275234326497,0.654052424950775
"056059","VITERBO",0.378277306107884,0.316105013410957,0.900481360240477,0.402520179807526,0.457849199855632
"056060","VITORCHIANO",0.545154147953828,0.531246177809133,0.930604654646091,0.577440612057942,0.616681061234403
"057001","ACCUMOLI",0.686360621323319,0.749888636787767,0.930299269672771,0.739342093117266,0.760559557178988
"057002","AMATRICE",0.623742753764253,0.652773718823373,0.92900758587065,0.667333171251497,0.696408106209181
"057003","ANTRODOCO",0.610129060322341,0.620222807225949,0.926996702338061,0.646358010630537,0.677540087486928
"057004","ASCREA",0.723023067632501,0.792068895828455,0.925966404909842,0.774388024048414,0.791230066366351
"057005","BELMONTE IN SABINA",0.691662433756595,0.738270935086628,0.933972631152699,0.73686727909472,0.758767873767829
"057006","BORBONA",0.650872340270714,0.695058405181541,0.921067575849848,0.6977755930385,0.722585813350872
"057007","BORGOROSE",0.578811975461851,0.583151417803713,0.9231339582713,0.615196922796634,0.649412148960486
"057008","BORGO VELINO",0.656992691094332,0.674949942564688,0.926316306795545,0.692005815826113,0.718040314822717
"057009","CANTALICE",0.606673669666009,0.623293017659973,0.932340436862257,0.646719052982918,0.678454762302845
"057010","CANTALUPO IN SABINA",0.631242582831811,0.647340416554051,0.921658047764534,0.667528154500092,0.695764809307252
"057011","CASAPROTA",0.647947025219289,0.696597493498063,0.932545781700173,0.698299611592826,0.724326963826976
"057012","CASPERIA",0.638150599671653,0.652822677272607,0.922542502261303,0.673192224851048,0.700897811229965
"057013","CASTEL DI TORA",0.70439549050227,0.766445028828481,0.922311489752656,0.754109382674104,0.772798505682832
"057014","CASTELNUOVO DI FARFA",0.649136814987367,0.67091016697626,0.925647678072188,0.686585909690851,0.713148328399889
"057015","CASTEL SANT'ANGELO",0.622225305977837,0.667891777679601,0.932012299404346,0.673753917586282,0.702449293343844
"057016","CITTADUCALE",0.550820710214421,0.546527060430848,0.932189786075166,0.587025475397888,0.625377065473141
"057017","CITTAREALE",0.746709885851846,0.812240616034417,0.93713049722732,0.795240775571551,0.811006300199969
"057018","COLLALTO SABINO",0.672901389987789,0.720169113729196,0.923442559722511,0.719225982644895,0.741916713431297
"057019","COLLE DI TORA",0.704526282313661,0.768577655312474,0.934578064315964,0.756354578363357,0.776157187913647
"057020","COLLEGIOVE",0.770893703678712,0.826956358993825,0.938486726858709,0.812881200888512,0.826837370440756
"057021","COLLEVECCHIO",0.646538119548059,0.678836369516989,0.932943133920523,0.689712833471324,0.716738422410124
"057022","COLLI SUL VELINO",0.674127851040529,0.72476916858591,0.927204999771894,0.722224158809087,0.744999807804954
"057023","CONCERVIANO",0.718583505202407,0.783542288906528,0.93726888151124,0.769683495500145,0.788304093945822
"057024","CONFIGNI",0.667215345431394,0.719941284758895,0.934365956455513,0.717657079231181,0.741735843367218
"057025","CONTIGLIANO",0.568708529575779,0.566315339780465,0.927020265154315,0.603462767725741,0.639413600773361
"057026","COTTANELLO",0.671670890216553,0.729454314700252,0.937281860307428,0.724234528243305,0.747906454028207
"057027","FARA IN SABINA",0.500458002407463,0.483931572192591,0.924210361849878,0.535396344755012,0.578597902209997
"057028","FIAMIGNANO",0.653818161306868,0.684857340780115,0.926147164069604,0.695018692346103,0.720699633648714
"057029","FORANO",0.603077191615804,0.612658096818725,0.924905312544146,0.639571411049952,0.67127517788264
"057030","FRASSO SABINO",0.663850197121446,0.681162443781504,0.918457930634213,0.697101481469749,0.721696642488023
"057031","GRECCIO",0.633017975778762,0.653486487392182,0.927809234376721,0.671707931864597,0.700163632143722
"057032","LABRO",0.678215748350082,0.722296988257633,0.930757461429225,0.723306477616394,0.746356586928931
"057033","LEONESSA",0.620353469849554,0.647240326466974,0.930464258789748,0.663463634221413,0.693130370284561
"057034","LONGONE SABINO",0.73564426311555,0.791065554649643,0.931974371657696,0.780216855160107,0.797078801437617
"057035","MAGLIANO SABINA",0.592754880616376,0.607542709518876,0.92919481941317,0.63305339750218,0.665957999936735
"057036","MARCETELLI",0.812958741461489,0.877550962455378,0.929780472836319,0.853707414046222,0.86215997613401
"057037","MICIGLIANO",0.766126418116603,0.846613038772785,0.946397297972532,0.820372485397478,0.834375242350262
"057038","MOMPEO",0.683025888668069,0.72113338885511,0.924827069205035,0.724354381805934,0.746629124850279
"057039","MONTASOLA",0.696220118566715,0.761486205804606,0.93402586164505,0.749370432131599,0.769887702077539
"057040","MONTEBUONO",0.652013370124567,0.705044284974572,0.936205178611438,0.704296462655756,0.730064097761943
"057041","MONTELEONE SABINO",0.654671574497824,0.683667846334199,0.927461290503807,0.694998868424791,0.720828026433571
"057042","MONTENERO SABINO",0.702204680953729,0.755220002456779,0.926094293538927,0.748450536888621,0.768188732071988
"057043","MONTE SAN GIOVANNI IN SABINA",0.649328363849836,0.701112139684183,0.932364293907259,0.700934655981035,0.726649060195059
"057044","MONTOPOLI DI SABINA",0.564770304702912,0.567814728806436,0.930165739080164,0.602679838987223,0.639067161219772
"057045","MORRO REATINO",0.703052657833664,0.769361161131254,0.935206485298662,0.756106867064079,0.776006824645699
"057046","NESPOLO",0.715571982486246,0.774566556153502,0.928474948707707,0.763409837258657,0.78175040519744
"057047","ORVINIO",0.671660470460297,0.717727561242025,0.931857591640865,0.718410373430131,0.742126731009102
"057048","PAGANICO SABINO",0.710372569438591,0.755819037906443,0.910314257873673,0.750817649092633,0.768539494512748
"057049","PESCOROCCHIANO",0.632198799132223,0.669016839243087,0.935063681703973,0.679053405439287,0.707498991690919
"057050","PETRELLA SALTO",0.663780704557388,0.698563005538862,0.929059062855998,0.705960575828913,0.7307492966097
"057051","POGGIO BUSTONE",0.629325577522848,0.655117369182875,0.927348863837283,0.670734212401303,0.699246951449746
"057052","POGGIO CATINO",0.648726204689533,0.667928929354529,0.929768374098404,0.685471647729669,0.712615728437306
"057053","POGGIO MIRTETO",0.541636840741809,0.533966533451272,0.923123967433386,0.576333915130225,0.614866143163909
"057054","POGGIO MOIANO",0.593935133582407,0.600052470764501,0.920861804557238,0.629380602411833,0.661767402650211
"057055","POGGIO NATIVO",0.609094545484401,0.62472960785979,0.928722624675835,0.64809313147247,0.679274186272843
"057056","POGGIO SAN LORENZO",0.687373821440444,0.719035874359289,0.927582605178079,0.725642623627688,0.748080399355509
"057057","POSTA",0.667439145424337,0.725970345804092,0.926758933686271,0.71971016442142,0.742715583228626
"057058","POZZAGLIA SABINA",0.72428623817735,0.803344334346362,0.943031517278173,0.781736909363488,0.79965853246512
"057059","RIETI",0.397238777566672,0.33884300685097,0.906811781223543,0.421917981110293,0.475795070011766
"057060","RIVODUTRI",0.643095150237875,0.65751462052099,0.924089493489595,0.677683346190449,0.705061807001465
"057061","ROCCANTICA",0.661426043572395,0.707792401669301,0.930995612096408,0.709247861568404,0.73388650051596
"057062","ROCCA SINIBALDA",0.677918064642324,0.718045625427904,0.931394295592573,0.72132309009086,0.744664335146606
"057063","SALISANO",0.72099540236307,0.757532901069356,0.927528859040376,0.758090622448629,0.776917093181046
"057064","SCANDRIGLIA",0.597177507690498,0.608087335643038,0.925888955571385,0.634958075057229,0.667283728447691
"057065","SELCI",0.635802115162651,0.685718333746882,0.931608212073076,0.687845023216598,0.714929821978428
"057066","STIMIGLIANO",0.62090973855874,0.636727222373044,0.924061096345907,0.658342742053894,0.687867003641895
"057067","TARANO",0.658203724913756,0.691016366222403,0.92940081248676,0.700089122259948,0.725568198951816
"057068","TOFFIA",0.630760676798292,0.675389948564632,0.941109108667975,0.681878692280113,0.710682071878764
"057069","TORRICELLA IN SABINA",0.650872553221302,0.678401777309221,0.92692827539772,0.690866276278507,0.717095387291753
"057070","TORRI IN SABINA",0.63876512874482,0.658339465860745,0.924601254692758,0.67615719304178,0.703762088780777
"057071","TURANIA",0.764151773547959,0.831728606582619,0.941886981078325,0.812334869166593,0.826729548267896
"057072","VACONE",0.759438792333067,0.81922307798333,0.924919449952794,0.802889786637658,0.816448638117118
"057073","VARCO SABINO",0.735085122858058,0.805338485449749,0.934370979529271,0.786627721691441,0.803043639228977
"058001","AFFILE",0.641335253845427,0.66113185779196,0.922350146332061,0.67834521487003,0.705456873921367
"058002","AGOSTA",0.602183691448687,0.647191218395986,0.938856362270385,0.656104345657141,0.687521236391946
"058003","ALBANO LAZIALE",0.42313442922339,0.378717117622103,0.918683637451223,0.452701559825594,0.504477346228442
"058004","ALLUMIERE",0.592849829944229,0.607399407280376,0.934428541667784,0.633555010917851,0.666985403223399
"058005","ANGUILLARA SABAZIA",0.469910186558066,0.437186561627582,0.922690315284339,0.500462568211976,0.547376762331127
"058006","ANTICOLI CORRADO",0.633737499416741,0.67287396550453,0.928775603457014,0.680852719560273,0.708399706659911
"058007","ANZIO",0.403348088688075,0.355954712851628,0.909468797185859,0.432633140411452,0.485614880053053
"058008","ARCINAZZO ROMANO",0.64780818487121,0.672843292383696,0.929367780029289,0.687229942767636,0.71413414690782
"058009","ARICCIA",0.465198877701725,0.429905458739384,0.923724033367121,0.495169354735211,0.542786541249868
"058010","ARSOLI",0.644384494043078,0.673400594994561,0.937539614358123,0.68675725150275,0.71462195848668
"058011","ARTENA",0.526448382782689,0.521141476559211,0.929348377198954,0.56435027442375,0.604905619176551
"058012","BELLEGRA",0.619353717545762,0.645124770489235,0.933196932890031,0.662335012904752,0.692430781792005
"058013","BRACCIANO",0.461109807627158,0.418527952114476,0.923937521500585,0.488230744033794,0.53664260819677
"058014","CAMERATA NUOVA",0.748023586324777,0.813917667973701,0.943511382589532,0.797224702693268,0.813478778237298
"058015","CAMPAGNANO DI ROMA",0.503189864499509,0.483797037995126,0.923458875929591,0.536489993715545,0.579486536183772
"058016","CANALE MONTERANO",0.571175586868989,0.568227559392437,0.928288840660721,0.605560299883714,0.641419026636715
"058017","CANTERANO",0.692680557395811,0.750489582082252,0.937753053425344,0.743201868107663,0.764818666476294
"058018","CAPENA",0.514499075924457,0.495902235566553,0.924566765571595,0.547137266728114,0.589073877710723
"058019","CAPRANICA PRENESTINA",0.752444101969385,0.815193003877434,0.927465930230935,0.798183290654162,0.812548028384915
"058020","CARPINETO ROMANO",0.582464233979295,0.585394531413186,0.924241729154604,0.617960617342077,0.651991851987913
"058021","CASAPE",0.662384786763951,0.712846041902843,0.932401882326067,0.712094061132664,0.736572707931931
"058022","CASTEL GANDOLFO",0.513703350481546,0.49070616992341,0.927547054994586,0.544738989681689,0.5872732191609
"058023","CASTEL MADAMA",0.544656899642896,0.537130347285209,0.927387976501178,0.579543058767765,0.618192494071477
"058024","CASTELNUOVO DI PORTO",0.516002926589251,0.493465931681708,0.923860103912125,0.546646996613144,0.588559564090809
"058025","CASTEL SAN PIETRO ROMANO",0.655339707051187,0.675973013573431,0.922208391511316,0.69131156343221,0.716966766552111
"058026","CAVE",0.536931222458405,0.532137631921006,0.929762750015392,0.574057259472274,0.613580091754843
"058027","CERRETO LAZIALE",0.616434089251501,0.655914403643955,0.929879401576901,0.665544761960645,0.694915277473563
"058028","CERVARA DI ROMA",0.695248476655449,0.731994060161856,0.928800796487448,0.735139221216532,0.756657174024412
"058029","CERVETERI",0.437848537640638,0.402107904158297,0.919005888459024,0.469880987655423,0.519783754411379
"058030","CICILIANO",0.65268225720895,0.676512367156247,0.930175890705507,0.691155170034889,0.71771302788718
"058031","CINETO ROMANO",0.67024448213926,0.730093054840312,0.936642137330311,0.723816105373838,0.747463442257891
"058032","CIVITAVECCHIA",0.412162697786349,0.367946618302721,0.917122958939095,0.442761488133991,0.495468318223447
"058033","CIVITELLA SAN PAOLO",0.628009491020337,0.647509332816242,0.925915045783642,0.666574975304825,0.69539053869136
"058034","COLLEFERRO",0.457320443430849,0.418619286025673,0.92100929796559,0.486273808051994,0.534577751375727
"058035","COLONNA",0.572243043334548,0.570593475949574,0.930024764318017,0.607278910109657,0.643139560577252
"058036","FIANO ROMANO",0.489193511869937,0.468380090615378,0.931284182902159,0.524036539408608,0.569286277574558
"058037","FILACCIANO",0.680913291687621,0.709132908163645,0.91489753890614,0.717010543823684,0.738997987721734
"058038","FORMELLO",0.46699851231734,0.424422312725226,0.934085533910567,0.494547924660211,0.54338543679914
"058039","FRASCATI",0.439623530142246,0.388075183070085,0.921219548228313,0.46458637576838,0.515323394930595
"058040","GALLICANO NEL LAZIO",0.566264281479117,0.567330327472464,0.92976429738676,0.603094003766887,0.639390703057984
"058041","GAVIGNANO",0.618222999523702,0.626717361389734,0.92649233864522,0.652872396275568,0.683274612094418
"058042","GENAZZANO",0.563927000681885,0.564356292569443,0.929226909569826,0.60065017292008,0.637158699214496
"058043","GENZANO DI ROMA",0.455823781106959,0.421326919419941,0.9188547494998,0.486603290187085,0.53463123011072
"058044","GERANO",0.621034884794734,0.666718982746394,0.93101885522479,0.672591125915987,0.701305318061409
"058045","GORGA",0.65076921896113,0.698542308912229,0.939476746570779,0.701137862200089,0.727619960463499
"058046","GROTTAFERRATA",0.431685783156154,0.369655650704715,0.926577670306614,0.453261412268053,0.505852107605671
"058047","GUIDONIA MONTECELIO",0.385209685613216,0.334991603801244,0.903467813100463,0.414437361546553,0.468774078385877
"058048","JENNE",0.73830799444267,0.791366268199297,0.93002686635474,0.781356104824359,0.797875078327735
"058049","LABICO",0.549470252470054,0.544001569632321,0.928758090585548,0.584938129004624,0.62314034695806
"058050","LANUVIO",0.506275847981193,0.492409025534637,0.924797999744258,0.541887993056549,0.584433549355184
"058051","LICENZA",0.650666334008138,0.70518824397459,0.937546006715915,0.703889160763819,0.729851032536274
"058052","MAGLIANO ROMANO",0.601318705698118,0.635837542559276,0.927947522623101,0.649515063978138,0.680452003827578
"058053","MANDELA",0.623502852058596,0.65688306443723,0.936819354131243,0.669855597836246,0.699518237424579
"058054","MANZIANA",0.514395177622376,0.486522884427847,0.928639331208722,0.543277061043472,0.586095091061833
"058055","MARANO EQUO",0.670941627229653,0.700560592483253,0.93285162620105,0.710461161490913,0.735171213125372
"058056","MARCELLINA",0.563627790762248,0.566878767135624,0.928249403859314,0.601552891439974,0.637852503931012
"058057","MARINO",0.414324488891743,0.363728672409791,0.91450195084098,0.441574117669788,0.49412165468881
"058058","MAZZANO ROMANO",0.598524191704689,0.61286416654321,0.930895560666633,0.638214317278218,0.670734455432486
"058059","MENTANA",0.471512542704232,0.446699092415166,0.921891738980022,0.505384409701732,0.551663001843764
"058060","MONTE COMPATRI",0.501444866225041,0.477366956002587,0.92174545385829,0.532639865388262,0.575873819662709
"058061","MONTEFLAVIO",0.620693278882908,0.668883878819143,0.939705828165341,0.674280303782457,0.703772028713889
"058062","MONTELANICO",0.620242534738378,0.630511874843554,0.924300961130816,0.655269580424951,0.685161956058936
"058063","MONTELIBRETTI",0.567512897925431,0.566351981428694,0.926128738724931,0.602852069581849,0.638771699486636
"058064","MONTE PORZIO CATONE",0.485706298674341,0.438897173621385,0.926441633348404,0.508715725867917,0.555129715587972
"058065","MONTEROTONDO",0.421277029803648,0.372746514481268,0.912852113009821,0.448595806229194,0.500179840315931
"058066","MONTORIO ROMANO",0.595046259173438,0.63631849712584,0.927673849649655,0.64688152529964,0.678080672449642
"058067","MORICONE",0.618408216421541,0.634701356994721,0.929776047315997,0.656876912768918,0.687199038829704
"058068","MORLUPO",0.515638198907247,0.496080337873402,0.922819810164098,0.547555322567702,0.589251376745079
"058069","NAZZANO",0.649896272975832,0.673563868360843,0.928795614074877,0.688436625008991,0.715143179349646
"058070","NEMI",0.586163417828128,0.573471594746068,0.92495323619193,0.614331079277581,0.648844652268064
"058071","NEROLA",0.615809862410168,0.631163447816472,0.932776587216279,0.654415648323616,0.685344641533912
"058072","NETTUNO",0.425783150467968,0.387948790458766,0.913561736943784,0.457535547111409,0.50820512375945
"058073","OLEVANO ROMANO",0.55012566746851,0.545838062447155,0.925043763328992,0.585688054794949,0.623394244632064
"058074","PALESTRINA",0.468750191092157,0.442067748655474,0.920576180695438,0.501925690955978,0.54844241203814
"058075","PALOMBARA SABINA",0.507386164961262,0.494997676317354,0.927851501639619,0.543857878739339,0.58652383683937
"058076","PERCILE",0.710830108199649,0.767040168530655,0.916982987528052,0.756739923281442,0.774544708197732
"058077","PISONIANO",0.648646871247389,0.692185490866427,0.929898107232896,0.696364373674506,0.722312566292105
"058078","POLI",0.596236571872699,0.643538846355062,0.934144536352849,0.651313391837777,0.682739074561674
"058079","POMEZIA",0.403761984508521,0.356740766339434,0.910705663136745,0.433296804195254,0.486342232966531
"058080","PONZANO ROMANO",0.656658712825143,0.685354506385419,0.926992863320526,0.696605234976805,0.72220386034833
"058081","RIANO",0.502979784588374,0.478805989683003,0.928421290402936,0.534645727462413,0.578398567789138
"058082","RIGNANO FLAMINIO",0.513762176594641,0.497864038104589,0.927071849840956,0.547938981598749,0.590064855847883
"058083","RIOFREDDO",0.641975313737842,0.681665186480893,0.925752970099348,0.688213522108366,0.714606794107364
"058084","ROCCA CANTERANO",0.728739368209149,0.800903756757732,0.938479290888473,0.782187335323944,0.799553108164447
"058085","ROCCA DI CAVE",0.68616027643957,0.736959545799493,0.939095615290555,0.734313481536634,0.757067051953736
"058086","ROCCA DI PAPA",0.476381082942487,0.446531919070402,0.922459708534725,0.507556821759272,0.553657142512101
"058087","ROCCAGIOVINE",0.756163149995104,0.815038599349027,0.938597988966797,0.800900586101538,0.816200297531012
"058088","ROCCA PRIORA",0.500304109550279,0.477742893915094,0.925264389848032,0.532647590544221,0.576271679355756
"058089","ROCCA SANTO STEFANO",0.694596746048791,0.727937470731718,0.928215030849805,0.73296190063621,0.754656692882165
"058090","ROIATE",0.650946894535768,0.700605291420017,0.933822909369107,0.701580774617014,0.727385456256135
"058091","ROMA",0.136260996637388,0,0,0.0613174484868247,0.0545043986549553
"058092","ROVIANO",0.614805707689501,0.657924206657104,0.933599527126246,0.666088414168597,0.695811871163892
"058093","SACROFANO",0.507387193891726,0.475609774835173,0.927222734479973,0.535070909375102,0.578643334386755
"058094","SAMBUCI",0.674278890319122,0.712729653851302,0.934190180660574,0.717572862942748,0.741641453800285
"058095","SAN GREGORIO DA SASSOLA",0.645484831980699,0.674568033346916,0.932798633457712,0.687303652743198,0.714580872822588
"058096","SAN POLO DEI CAVALIERI",0.59619147635461,0.605763824402796,0.928854291840362,0.633765314524869,0.666552978671035
"058097","SANTA MARINELLA",0.460641330947192,0.422547090551009,0.923782183130614,0.489813007987251,0.538031805225403
"058098","SANT'ANGELO ROMANO",0.564968007675333,0.560492220901814,0.923729658745779,0.598830068734294,0.634930023180015
"058099","SANT'ORESTE",0.594834949029727,0.607365592290107,0.929192928167458,0.633909536410671,0.666718802161425
"058100","SAN VITO ROMANO",0.608390802355371,0.620757414138673,0.927609020344222,0.645877599456742,0.677181090666462
"058101","SARACINESCO",0.711246212794485,0.755915437548228,0.92645845502702,0.752868588156923,0.772156351142489
"058102","SEGNI",0.522439365417216,0.50678248979965,0.927286913075944,0.555878526155184,0.597146124701935
"058103","SUBIACO",0.528579937780057,0.515306270363139,0.924583979593181,0.562207191623756,0.602471279175915
"058104","TIVOLI",0.404065353097082,0.355363639641381,0.907841113546596,0.432527158086968,0.485339819804704
"058105","TOLFA",0.583441931195799,0.588642247572371,0.931564539600772,0.620594334405754,0.655146579427422
"058106","TORRITA TIBERINA",0.65509321374761,0.675603764021373,0.931945952990399,0.692008235295082,0.718667981705673
"058107","TREVIGNANO ROMANO",0.529227877878826,0.505544459334971,0.926032278468776,0.558250779593086,0.599115390579274
"058108","VALLEPIETRA",0.776364483614881,0.851680005331805,0.923533988734894,0.824973418899498,0.835924593325653
"058109","VALLINFREDA",0.759468198299382,0.824142123220146,0.93985570986234,0.806610215670021,0.821415270580279
"058110","VALMONTONE",0.5038913474292,0.492380326020363,0.927895190329499,0.541111772085253,0.584087707445725
"058111","VELLETRI",0.415995732210103,0.375475174824921,0.910563194779813,0.447218227643742,0.498701001769972
"058112","VICOVARO",0.602475409974367,0.615334807382979,0.930451567539601,0.641059754564766,0.673214400450859
"058113","VIVARO ROMANO",0.760831185082121,0.813353008354046,0.922214817713181,0.800604368817593,0.814116640917103
"058114","ZAGAROLO",0.489550140914243,0.47098940279138,0.923444842542631,0.524587278921793,0.568904785990775
"058115","LARIANO",0.516803722282693,0.509140194406824,0.927514330211473,0.55442619553143,0.595880432718101
"058116","LADISPOLI",0.438691417268085,0.400556813337499,0.913066356326462,0.468968339405159,0.518312563507526
"058117","ARDEA",0.434801081315092,0.402902932058984,0.914745620028567,0.468441368021191,0.518030729355344
"058118","CIAMPINO",0.421357732420771,0.370014773163227,0.921661851709254,0.448283812683725,0.50088137257545
"058119","SAN CESAREO",0.503234712490694,0.489133897768476,0.927126753667769,0.539278549983403,0.582372794837222
"058120","FIUMICINO",0.394597994994814,0.34866180397151,0.905818304357217,0.425048739970567,0.478467580457973
"058122","FONTE NUOVA",0.455769777423724,0.426937783226278,0.91859902985105,0.489078305277606,0.536802830230211
"059001","APRILIA",0.413348618203428,0.380934688343661,0.912018178556099,0.4486293058018,0.500116958330056
"059002","BASSIANO",0.654259740210481,0.689743729207627,0.931109225132173,0.697912483751366,0.723823232793678
"059003","CAMPODIMELE",0.689882865044405,0.729730076284517,0.91974990748519,0.730800814346534,0.751795158028607
"059004","CASTELFORTE",0.574601006558092,0.578855341577469,0.925079923500125,0.611563349011015,0.646398523954249
"059005","CISTERNA DI LATINA",0.45864295088838,0.440853625323309,0.921116880643233,0.496885147359583,0.544022006613322
"059006","CORI",0.51536102387406,0.508715113147855,0.920813556744226,0.552915617334285,0.593793166157611
"059007","FONDI",0.445206385324613,0.418271194813332,0.908371401562521,0.479402051218327,0.527065312367682
"059008","FORMIA",0.419699870279807,0.37041588731414,0.908662256904391,0.446418316607715,0.497778754418457
"059009","GAETA",0.452707693921162,0.4082224377546,0.914131412780078,0.478831700532101,0.52719833522632
"059010","ITRI",0.504859279948233,0.484673919388674,0.914218974532844,0.536711837154893,0.578657074641332
"059011","LATINA",0.34346647043222,0.277358054467349,0.883963607283684,0.367767396933174,0.425122531416564
"059012","LENOLA",0.589741594438904,0.601598691153422,0.925112372185647,0.628614365735112,0.66155858867406
"059013","MAENZA",0.613824100376209,0.638760344667312,0.930905343930502,0.656753534662635,0.687214846803509
"059014","MINTURNO",0.468660109355465,0.439302677057977,0.913512541044855,0.499934507990534,0.545887622774348
"059015","MONTE SAN BIAGIO",0.590501916860686,0.611286265026388,0.931570690560091,0.633961750905192,0.667029410866848
"059016","NORMA",0.596035843648385,0.614963311155617,0.932425674534864,0.638192187115287,0.670884796828573
"059017","PONTINIA",0.519477564475742,0.523113927645704,0.930804475091227,0.562246618963773,0.603197491866823
"059018","PONZA",0.589764279074032,0.603538109698453,0.914341439301081,0.628420218877726,0.66018924336921
"059019","PRIVERNO",0.508515148971594,0.501848221603991,0.924139775720854,0.547077494331099,0.588973303374405
"059020","PROSSEDI",0.663129620525867,0.704548560357423,0.931360136630981,0.708591195060579,0.733343299679512
"059021","ROCCAGORGA",0.590319716508049,0.601840546421891,0.928367052175164,0.629308823535989,0.662537515607009
"059022","ROCCA MASSIMA",0.64170463868721,0.702905254500835,0.941752241793875,0.699249676114008,0.726194405633993
"059023","ROCCASECCA DEI VOLSCI",0.698011706928795,0.736504480784822,0.932070453727991,0.738739329843927,0.760220565831045
"059024","SABAUDIA",0.479377906605205,0.461030623579279,0.927105696542184,0.515894408237237,0.561584551382231
"059025","SAN FELICE CIRCEO",0.52450785684907,0.523946768430899,0.922807669846653,0.564085348360651,0.603943384081318
"059026","SANTI COSMA E DAMIANO",0.554085512482319,0.557605236379432,0.926130268124186,0.592873863800207,0.629902353169538
"059027","SERMONETA",0.526289347840386,0.514888059899202,0.933845803498243,0.561914413832639,0.603240123795484
"059028","SEZZE",0.490685196719749,0.48018327128615,0.921897554526027,0.529080566055258,0.572726898107565
"059029","SONNINO",0.574145577540028,0.58979728646181,0.930454959417759,0.616819784742603,0.651668137484287
"059030","SPERLONGA",0.575110897963013,0.570510996136697,0.910258242758925,0.606555676620762,0.640300406191669
"059031","SPIGNO SATURNIA",0.593562758684113,0.602725458357615,0.920492383669431,0.630378936035721,0.662613763550577
"059032","TERRACINA",0.429087373284304,0.395378803464276,0.907013565070816,0.461711136043943,0.511189183713595
"059033","VENTOTENE",0.665478738251785,0.692214470234003,0.911099736456958,0.702071917464301,0.725297230685707
"060001","ACQUAFONDATA",0.747416438297436,0.791646348729712,0.91006835512649,0.783585089674865,0.797638785836157
"060002","ACUTO",0.642046614857342,0.66965242431089,0.929660800918787,0.683230647717583,0.71061177585105
"060003","ALATRI",0.473735020593322,0.458730922488593,0.9283991121433,0.512449585601192,0.558666199661426
"060004","ALVITO",0.613580887895944,0.627869293904004,0.921869617720755,0.650839543582052,0.68095399626413
"060005","AMASENO",0.600336396079048,0.623145082515228,0.933673122794513,0.643933977646876,0.676127215996613
"060006","ANAGNI",0.484409027720688,0.469830516347803,0.931222737322657,0.522530068563087,0.567940365091928
"060007","AQUINO",0.573595492077855,0.57386064223815,0.92770367173405,0.609125627615608,0.644523188073212
"060008","ARCE",0.553794693892497,0.548963164876215,0.926297551262846,0.588870791572205,0.626362653760054
"060009","ARNARA",0.632825669808467,0.661307837467664,0.933411892130376,0.675701267487296,0.704335781336527
"060010","ARPINO",0.532865435560514,0.519134515100059,0.921553265029992,0.565555304300257,0.605110633270228
"060011","ATINA",0.560757268326158,0.55487339735686,0.910474325580766,0.593081232115435,0.628347131389361
"060012","AUSONIA",0.616527513380365,0.63011290141882,0.920229103302864,0.65301109698992,0.682701986580247
"060013","BELMONTE CASTELLO",0.658222228343575,0.710204863218255,0.923604293512379,0.708152620554062,0.732091695327208
"060014","BOVILLE ERNICA",0.559321334307507,0.574123920193698,0.93044850618624,0.603095215144166,0.63946780303773
"060015","BROCCOSTELLA",0.601964257702111,0.612363596110404,0.925099032419965,0.638957437457628,0.670750948008999
"060016","CAMPOLI APPENNINO",0.639784592433873,0.666759719802,0.931738398613305,0.681118780367473,0.70896540461701
"060017","CASALATTICO",0.724827680663409,0.779271249116604,0.911223339740047,0.76796685237501,0.783884239860015
"060018","CASALVIERI",0.623854170858396,0.644443109987497,0.921284498615407,0.662862226242193,0.691575812061439
"060019","CASSINO",0.421578854560518,0.368834750964602,0.907291354703474,0.446415257956652,0.497623713150743
"060020","CASTELLIRI",0.59397277082682,0.604080970557207,0.926420841091366,0.631766267731949,0.664505664771884
"060021","CASTELNUOVO PARANO",0.673201506764789,0.709232600718077,0.92461281519032,0.714556629886322,0.73789620603121
"060022","CASTROCIELO",0.581897633555411,0.587346809694336,0.930604433001797,0.619220442762566,0.653818663900258
"060023","CASTRO DEI VOLSCI",0.588091331442285,0.604717836106279,0.936515999097752,0.630415725306629,0.664426866838976
"060024","CECCANO",0.4822746420455,0.46518064159198,0.926438022528479,0.518998679889714,0.564269717960688
"060025","CEPRANO",0.53667468165255,0.529660627628592,0.927889115099512,0.572639800686465,0.612111946732359
"060026","CERVARO",0.527338138687357,0.5096608254054,0.91891817539682,0.558541351381423,0.598583220716467
"060027","COLFELICE",0.643543744068566,0.675780844888662,0.940677229727598,0.687763788003512,0.715865281528411
"060028","COLLEPARDO",0.650982396666958,0.708667034042925,0.936055669596394,0.705447810779087,0.731070906203232
"060029","COLLE SAN MAGNO",0.657113916626091,0.704389174273784,0.920001238838363,0.70467651478878,0.728601484127623
"060030","CORENO AUSONIO",0.627783140401885,0.638513400679528,0.916666144314839,0.66150005791812,0.689851845295533
"060031","ESPERIA",0.594163726729143,0.604071454710722,0.924360619101253,0.631641893558064,0.664166196396197
"060032","FALVATERRA",0.659774203812476,0.707697799012356,0.928342362667082,0.708196637537883,0.732657273663349
"060033","FERENTINO",0.482708712999208,0.465908136664652,0.926660282160044,0.519543610564741,0.564778796297553
"060034","FILETTINO",0.735998922170141,0.794348720365977,0.937199089936278,0.782376348134881,0.799578875001703
"060035","FIUGGI",0.509860267978945,0.49521488726192,0.918902457155539,0.544174065573943,0.585810553527454
"060036","FONTANA LIRI",0.581739549227565,0.578690396991898,0.922218726983461,0.614415348497105,0.648615723884478
"060037","FONTECHIARI",0.613121486403666,0.653995172543559,0.922121145136269,0.662414611039878,0.691270892606144
"060038","FROSINONE",0.407123801749182,0.357762306508902,0.913574076238969,0.435556156340035,0.488669258551027
"060039","FUMONE",0.628279413086972,0.693181063690748,0.944582249652901,0.689115439515264,0.717500640641668
"060040","GALLINARO",0.633246482070441,0.647922415487139,0.913773413230768,0.667903345223988,0.695222241669186
"060041","GIULIANO DI ROMA",0.618711966247708,0.640830195574311,0.93344783087948,0.660138755907857,0.690506430904704
"060042","GUARCINO",0.640841315042063,0.663859465121821,0.930455514542538,0.680160902528001,0.707971414974061
"060043","ISOLA DEL LIRI",0.499266037245755,0.476560407399967,0.918612169896427,0.530983117080218,0.574053011837574
"060044","MONTE SAN GIOVANNI CAMPANO",0.522027345894432,0.517834578196731,0.92521296407913,0.560459162248937,0.600987362452291
"060045","MOROLO",0.598524222399687,0.619689882522127,0.935349535003201,0.641731300715137,0.674355548969366
"060046","PALIANO",0.552733809010101,0.558591647073774,0.937164954340064,0.59381295067175,0.631963173301563
"060047","PASTENA",0.666314407975529,0.709251682457631,0.942733214748431,0.713278062169765,0.73877307912295
"060048","PATRICA",0.592819932208343,0.604563860078078,0.933405558927517,0.632163262421641,0.665634628700072
"060049","PESCOSOLIDO",0.645499486160394,0.671506861848806,0.92299597141499,0.684952453745639,0.711401733486678
"060050","PICINISCO",0.66915817489374,0.711525985289952,0.925502462788158,0.713858118361477,0.737374156631108
"060051","PICO",0.615780564979635,0.63463531594555,0.930746600005831,0.655761806416916,0.68631567237124
"060052","PIEDIMONTE SAN GERMANO",0.554315135696418,0.551589290712695,0.928922830333396,0.590549274917441,0.628146336630325
"060053","PIGLIO",0.587516878923257,0.602433909276568,0.936828027432812,0.629160657433203,0.663345920766492
"060054","PIGNATARO INTERAMNA",0.61568389035654,0.634380501506386,0.925501339959303,0.655079110334247,0.685126024737031
"060055","POFI",0.627246135406464,0.660433280518942,0.942317064539499,0.673687443620383,0.703535179278062
"060056","PONTECORVO",0.51189805092672,0.49669399924607,0.922517187706097,0.546118141348365,0.587940257610336
"060057","POSTA FIBRENO",0.643711023602248,0.661297679147047,0.923088467961495,0.679562763033332,0.706621174692017
"060058","RIPI",0.580292206965528,0.592531639588054,0.926623192077581,0.62043305015687,0.654454177036949
"060059","ROCCA D'ARCE",0.635865306232343,0.680654776700681,0.929532287353737,0.685387266055235,0.712514490643957
"060060","ROCCASECCA",0.553221745437455,0.549526974434407,0.929378412411329,0.589174765183471,0.62697517043101
"060061","SAN BIAGIO SARACINISCO",0.75806955401876,0.817491285784307,0.914492159884751,0.800451593899855,0.813122767898177
"060062","SAN DONATO VAL DI COMINO",0.607125097863195,0.616514277434946,0.91292456789361,0.641930175673524,0.672040663697978
"060063","SAN GIORGIO A LIRI",0.591176320136622,0.592485197909122,0.919217845175341,0.624569467638119,0.657308176253366
"060064","SAN GIOVANNI INCARICO",0.616498215561972,0.637329049235034,0.935541580822271,0.65777642724088,0.688639222083257
"060065","SANT'AMBROGIO SUL GARIGLIANO",0.619008883362809,0.651531889480358,0.914063995533073,0.663149747332733,0.691029108243882
"060066","SANT'ANDREA DEL GARIGLIANO",0.657398269189638,0.69509177444574,0.928376242158558,0.701458143851776,0.726671265885863
"060067","SANT'APOLLINARE",0.609702162015741,0.618855278705169,0.917782745053657,0.644629122829775,0.674979525299095
"060068","SANT'ELIA FIUMERAPIDO",0.557801814591637,0.559141278286054,0.924516353921846,0.595076027187146,0.631680507935446
"060069","SANTOPADRE",0.649483996737326,0.673883683186554,0.918647025600577,0.687380158525804,0.713076477089668
"060070","SAN VITTORE DEL LAZIO",0.627017711522213,0.644595836790671,0.93194434855859,0.665420531596656,0.695034289036871
"060071","SERRONE",0.609510608761142,0.630279089970158,0.933122902070038,0.651217654636089,0.682540459906527
"060072","SETTEFRATI",0.654855602407946,0.708349475089924,0.920554714814401,0.705497756355482,0.729392973962028
"060073","SGURGOLA",0.640504134154312,0.674821555821449,0.937081818510058,0.685604742340098,0.713546639692316
"060074","SORA",0.453140238522348,0.420606434795017,0.913755863523418,0.484561589345156,0.53224984203163
"060075","STRANGOLAGALLI",0.612918194918085,0.671966318338463,0.93744137559766,0.671942168525212,0.701442080422151
"060076","SUPINO",0.569206717004725,0.575418300114165,0.926475155785856,0.607728773282086,0.643145038004727
"060077","TERELLE",0.726306624761331,0.801084844576685,0.925032533217155,0.779829414523823,0.795963094378638
"060078","TORRE CAJETANI",0.669645995166442,0.714257718602587,0.937677746970027,0.716524445893066,0.741097034901617
"060079","TORRICE",0.556819335395664,0.558754502902561,0.923630471339179,0.594371274368119,0.630955629587126
"060080","TREVI NEL LAZIO",0.640720283971422,0.666063276120299,0.926800561450878,0.680732658186362,0.708073536326864
"060081","TRIVIGLIANO",0.652851954851889,0.692293344141954,0.939855283846748,0.699300912931904,0.726029176366887
"060082","VALLECORSA",0.632998660978263,0.665316558172463,0.937962685606467,0.678038117178474,0.706918624781584
"060083","VALLEMAIO",0.647861023580073,0.700563545674369,0.92588086204815,0.699379142369313,0.724546000111406
"060084","VALLEROTONDA",0.625866533915226,0.679584088312074,0.924149426051166,0.679867722607402,0.707010134101153
"060085","VEROLI",0.5005424650773,0.494084409696041,0.926441702324437,0.540226263880447,0.583139090374224
"060086","VICALVI",0.665626611643961,0.687175985959766,0.914499019066483,0.700211070828326,0.724020842854788
"060087","VICO NEL LAZIO",0.628435211966394,0.649297010776565,0.928492589610257,0.667828759195357,0.696791407019235
"060088","VILLA LATINA",0.665460831578592,0.699582693886935,0.919609820711423,0.706230568530629,0.729939374328495
"060089","VILLA SANTA LUCIA",0.63560269360427,0.66345748130511,0.9365375027049,0.678230828979711,0.706931570504732
"060090","VILLA SANTO STEFANO",0.657971062788014,0.70097053234962,0.93881586639797,0.705405304451733,0.731339811334648
"060091","VITICUSO",0.710582434396932,0.774956454109046,0.923456745662033,0.760838174393894,0.778906904534798
"061001","AILANO",0.664761476218987,0.699437193400258,0.92627743185191,0.706517144513851,0.73093495421808
"061002","ALIFE",0.553463513802843,0.55540567367475,0.920382466906246,0.591029381055542,0.627624168372287
"061003","ALVIGNANO",0.577012452983314,0.587864414796495,0.920081102428727,0.616202700743787,0.649966967597669
"061004","ARIENZO",0.583416273425881,0.595378885883978,0.923868621740558,0.622844683863492,0.656291788072055
"061005","AVERSA",0.41433248919227,0.368440656052552,0.912083374271764,0.443456252787346,0.495525932952282
"061006","BAIA E LATINA",0.638472785249416,0.662315905360798,0.918894285148783,0.677244339289475,0.704094333273842
"061007","BELLONA",0.571928487816905,0.578767840418659,0.92611850417147,0.610425198123151,0.645502232128519
"061008","CAIANELLO",0.623930653245707,0.641350521881615,0.921834449987754,0.661559973806071,0.69047936004848
"061009","CAIAZZO",0.563777382484123,0.561843390193702,0.920864870784956,0.598615834783517,0.634421283228121
"061010","CALVI RISORTA",0.560172217185225,0.561496273701082,0.930633500611001,0.597814170959938,0.634794096476723
"061011","CAMIGLIANO",0.636992852433331,0.662401983961642,0.929496401918267,0.677677316569565,0.705657214941643
"061012","CANCELLO ED ARNONE",0.587896015778967,0.603095586713379,0.925925888006248,0.628538809922181,0.661581818598188
"061013","CAPODRISE",0.531636843054395,0.520590140278283,0.926397047537793,0.566141847253484,0.60617020284063
"061014","CAPRIATI A VOLTURNO",0.627858143618727,0.642877699136544,0.919373139510184,0.663768443190891,0.692168965004145
"061015","CAPUA",0.487571498727053,0.464946594616281,0.922207534247878,0.520853895429288,0.565448744186909
"061016","CARINARO",0.565207048782485,0.572334756464764,0.93127351823308,0.60502116418457,0.641271425745516
"061017","CARINOLA",0.557076636189823,0.566942276879983,0.927087565793423,0.598517267460755,0.635025078386607
"061018","CASAGIOVE",0.504141502581804,0.484510868825686,0.92567177788534,0.537460744921904,0.580595304140064
"061019","CASAL DI PRINCIPE",0.505215495289344,0.500887788544777,0.91580725811433,0.544327203536787,0.585602765156514
"061020","CASALUCE",0.566739444829863,0.579921547206644,0.927218682962976,0.608719314712726,0.644108133407198
"061021","CASAPULLA",0.543323935479247,0.535761921556132,0.928331553889367,0.578421791054857,0.617300653592025
"061022","CASERTA",0.363590803153567,0.288935320490974,0.902567999779789,0.383893555618022,0.441524049413774
"061023","CASTEL CAMPAGNANO",0.644284057474279,0.677096092250263,0.924678780478432,0.687088945423887,0.713487815985503
"061024","CASTEL DI SASSO",0.676141056440894,0.714597238596813,0.918971531133168,0.717729385880285,0.740089624241716
"061025","CASTELLO DEL MATESE",0.64744777437297,0.668128865913947,0.917587587363837,0.683768246865496,0.709748173587534
"061026","CASTEL MORRONE",0.590300465562052,0.603431980538832,0.923131409089224,0.62949274165432,0.662119260258198
"061027","CASTEL VOLTURNO",0.517677963467849,0.523340185039692,0.926586271623958,0.56111679399079,0.601724513727808
"061028","CERVINO",0.611049105260244,0.636993564667502,0.924834137799765,0.654102615247462,0.684183895531052
"061029","CESA",0.551796247671545,0.553079835739124,0.927200636235995,0.5899143011584,0.627390560611467
"061030","CIORLANO",0.743336913072689,0.801699109855735,0.921190957310182,0.787385306048809,0.802252600633406
"061031","CONCA DELLA CAMPANIA",0.658126562932084,0.699515039822447,0.924231402248914,0.70336186146443,0.727902921551595
"061032","CURTI",0.552610510839474,0.552630776395747,0.930572377795793,0.590415817035429,0.628210990453247
"061033","DRAGONI",0.612662571991929,0.62819443027949,0.917023472242537,0.650087998246393,0.679747495357075
"061034","FONTEGRECA",0.680079378391753,0.719199148567175,0.929471148129955,0.722622451944513,0.745605640409562
"061035","FORMICOLA",0.643054799092063,0.669093174478693,0.927244218121146,0.683191009918955,0.710308033052532
"061036","FRANCOLISE",0.590289923859177,0.607526875911395,0.928971486430352,0.631914708539792,0.664921017194299
"061037","FRIGNANO",0.55546792399986,0.563742976662102,0.923991276621355,0.596044032960019,0.632482615589056
"061038","GALLO MATESE",0.670212337331625,0.731101385778354,0.910471523505803,0.721638327750071,0.742619793945152
"061039","GALLUCCIO",0.620245084864142,0.640508427262469,0.916120358650483,0.658951116322023,0.687525476580741
"061040","GIANO VETUSTO",0.675520964888931,0.69499116800608,0.927296849052214,0.709460144707977,0.733664222968447
"061041","GIOIA SANNITICA",0.613230992253558,0.641720106976863,0.925559688420715,0.657283963495761,0.687092377376311
"061042","GRAZZANISE",0.581583510130703,0.598126361704375,0.932129916346298,0.624082433960415,0.658309932003291
"061043","GRICIGNANO DI AVERSA",0.537410957421518,0.539291179148157,0.928855677967439,0.577401529253098,0.616451990221358
"061044","LETINO",0.665677932717153,0.724035021801103,0.920370832576528,0.717407912790868,0.739959348322608
"061045","LIBERI",0.665853920363859,0.703094803808952,0.927219298400996,0.708748855717865,0.733023349349324
"061046","LUSCIANO",0.508857280852061,0.49629582422575,0.920238413238101,0.544342738608825,0.586108924678744
"061047","MACERATA CAMPANIA",0.547213175755633,0.556049405732184,0.932524187227011,0.589720580392219,0.627809870040529
"061048","MADDALONI",0.468057589122618,0.450006915461181,0.921440538838824,0.505273080946592,0.551513909601284
"061049","MARCIANISE",0.453420756635775,0.425896034349429,0.917291316915558,0.487421687634897,0.535184979777193
"061050","MARZANO APPIO",0.637042155540944,0.659645376019126,0.925794975490627,0.676088886751094,0.703834007722153
"061051","MIGNANO MONTE LUNGO",0.616037879641026,0.640911897941562,0.930114772385487,0.658638877150713,0.688802865510133
"061052","MONDRAGONE",0.484358745695763,0.475280132246596,0.916060932263459,0.523443588300407,0.567067737629635
"061053","ORTA DI ATELLA",0.505357732074466,0.50156771794078,0.927952006162188,0.545911653123079,0.588360581238536
"061054","PARETE",0.520010690823125,0.514099347253637,0.918998693154706,0.557249386450014,0.597443753861646
"061055","PASTORANO",0.612564350682756,0.63282081038372,0.934719062908933,0.653895228770808,0.685097877008377
"061056","PIANA DI MONTE VERNA",0.629439325740684,0.654814209133187,0.926569831807091,0.670571073873951,0.699015380310967
"061057","PIEDIMONTE MATESE",0.512506667594944,0.497558162761913,0.919869158924112,0.546516089552997,0.587999763927565
"061058","PIETRAMELARA",0.579275904374505,0.588844128317458,0.925133752936719,0.618167390005055,0.652274763664129
"061059","PIETRAVAIRANO",0.599886216026928,0.610046001709593,0.919064557729435,0.636375953754378,0.667785798640495
"061060","PIGNATARO MAGGIORE",0.564429995623725,0.566486209984835,0.92946153025488,0.60185844554934,0.6382587882944
"061061","PONTELATONE",0.63530679882235,0.66013453160995,0.923242396395609,0.675272838334096,0.702825011452042
"061062","PORTICO DI CASERTA",0.546889246258459,0.544257441971655,0.929575794277956,0.583973589131347,0.622373834147637
"061063","PRATA SANNITA",0.669307207473258,0.711532179467303,0.927532511687502,0.714130975292003,0.737842257113725
"061064","PRATELLA",0.658913495605589,0.692386077501175,0.925614401086093,0.700646248006653,0.725642709459924
"061065","PRESENZANO",0.649785749177568,0.678888843972346,0.926767427407425,0.690580309658204,0.716823322741451
"061066","RAVISCANINA",0.662895864507491,0.692881599895312,0.922129274238733,0.702312786405135,0.726736840608868
"061067","RECALE",0.559027199064854,0.560783324896179,0.927627216774363,0.596677457459902,0.633449652939286
"061068","RIARDO",0.632080409413217,0.659296071880329,0.931812896039192,0.674300706186015,0.702913171725257
"061069","ROCCA D'EVANDRO",0.612086709157276,0.632090140358416,0.926157598557312,0.652495342137793,0.682902259517739
"061070","ROCCAMONFINA",0.591366408676073,0.604868056498414,0.916540481196521,0.629959557448171,0.661801882309099
"061071","ROCCAROMANA",0.647583556649509,0.694215455047241,0.920912024901492,0.695900757753687,0.720902009658998
"061072","ROCCHETTA E CROCE",0.686926437062192,0.745534074055507,0.928860373911478,0.737493267394112,0.758756279229375
"061073","RUVIANO",0.637390256330559,0.66689897264857,0.924640465377016,0.67939419957831,0.706643784667055
"061074","SAN CIPRIANO D'AVERSA",0.534701956494468,0.538203883778,0.918180737075127,0.574625701830124,0.612798483524013
"061075","SAN FELICE A CANCELLO",0.517790262888352,0.517319203548302,0.925809973388575,0.558380257235352,0.599205781252377
"061076","SAN GREGORIO MATESE",0.689296334900231,0.738083346826252,0.923927834375815,0.734713640214499,0.755737439565756
"061077","SAN MARCELLINO",0.531422395483213,0.530087885687166,0.923786227779739,0.570058249304644,0.609361358024099
"061078","SAN NICOLA LA STRADA",0.46971813482724,0.437645070633711,0.921452179622412,0.500458660419669,0.547235718108863
"061079","SAN PIETRO INFINE",0.640720825470081,0.68740903628555,0.923079650281942,0.689966402818228,0.715867874758641
"061080","SAN POTITO SANNITICO",0.615123935141165,0.629090231269276,0.919653039754383,0.651861678860136,0.681616274515053
"061081","SAN PRISCO",0.519047101421577,0.507852124480338,0.927639066362404,0.554868558292102,0.596287503633247
"061082","SANTA MARIA A VICO",0.510528235257204,0.499186369841287,0.924078736060257,0.546779445900347,0.588701589251448
"061083","SANTA MARIA CAPUA VETERE",0.435758042548643,0.393978352458737,0.914622057147797,0.464843583468101,0.514818969432511
"061084","SANTA MARIA LA FOSSA",0.636117002958986,0.668732463252576,0.931568384539408,0.680339098249144,0.708253463392507
"061085","SAN TAMMARO",0.57707807887193,0.582120149346688,0.930468557373524,0.614686058435731,0.649773002762152
"061086","SANT'ANGELO D'ALIFE",0.623907395717539,0.646514364904582,0.925635436803909,0.664253335960345,0.69329579160963
"061087","SANT'ARPINO",0.52455968027551,0.521858564943106,0.927910389998936,0.563679249348271,0.604149376087234
"061088","SESSA AURUNCA",0.490469710511437,0.480295387575493,0.921918363393825,0.529036130478501,0.572689711913537
"061089","SPARANISE",0.552824449000136,0.556973281229515,0.928954988720344,0.592304477475377,0.629710089835929
"061090","SUCCIVO",0.55589362694798,0.558814586025561,0.929235912248185,0.594542287062912,0.631730467639053
"061091","TEANO",0.5256325088776,0.521016525436027,0.918681059734622,0.562860171414594,0.602395825672375
"061092","TEVEROLA",0.51984587627395,0.512655088368147,0.925209636743954,0.557146397763339,0.59804231320563
"061093","TORA E PICCILLI",0.670004740867591,0.698246224174864,0.921110193546091,0.707823953623714,0.7315224247262
"061094","TRENTOLA DUCENTA",0.49443692112969,0.479600618967818,0.920932397775206,0.530410132821399,0.573801495594044
"061095","VAIRANO PATENORA",0.547632318980764,0.542126498535909,0.917768941230117,0.582168362005515,0.619457315252693
"061096","VALLE AGRICOLA",0.670308857418171,0.736149090177859,0.9152969061268,0.724435767030894,0.745642560263772
"061097","VALLE DI MADDALONI",0.61510683771311,0.627391673204968,0.924670867957179,0.651591416708853,0.681933577958667
"061098","VILLA DI BRIANO",0.558370254836994,0.560457816880562,0.919745540975221,0.595447186370422,0.631480336882067
"061099","VILLA LITERNO",0.549876719800945,0.559704651321691,0.922665460321409,0.591578163037327,0.628365640513336
"061100","VITULAZIO",0.543077929866122,0.533000351254938,0.921793589731719,0.576414585477649,0.614790030394768
"061101","FALCIANO DEL MASSICO",0.604028977653326,0.626192125024877,0.926451312837051,0.646244627488896,0.677378703638691
"061102","CELLOLE",0.53984198354114,0.541531172289352,0.921598094606971,0.578777729584418,0.616868881253591
"061103","CASAPESENNA",0.593171506979598,0.619901261067265,0.931140946297899,0.638996840250878,0.671457296478325
"061104","SAN MARCO EVANGELISTA",0.563398730737724,0.568649241616746,0.931649390267365,0.602586526586248,0.639149066995261
"062001","AIROLA",0.525552202719604,0.509396322183219,0.918042337999698,0.55753107000624,0.597587877561069
"062002","AMOROSI",0.594133461075602,0.599745267563699,0.922041248324026,0.629449552720088,0.661959741120526
"062003","APICE",0.573827490691914,0.585288188568314,0.922018603807245,0.613803916047827,0.64804999246554
"062004","APOLLOSA",0.605344634549967,0.618785871820934,0.92232252767941,0.643090980634847,0.674116708084243
"062005","ARPAIA",0.637872076091492,0.659687026582693,0.921939688256207,0.676095565029004,0.703411578720915
"062006","ARPAISE",0.66835266755487,0.688713767238634,0.922209785052672,0.702900874162344,0.727268530927936
"062007","BASELICE",0.650386249422207,0.690801685535471,0.920772172870477,0.695611788018003,0.720629608557167
"062008","BENEVENTO",0.387912836632195,0.329195564421029,0.903168698401408,0.413015650314092,0.467477100101571
"062009","BONEA",0.658787920352412,0.689782270917532,0.9210207510134,0.698958661172815,0.723632226710658
"062010","BUCCIANO",0.63932573241497,0.670393644258215,0.926650415737511,0.682038761076685,0.709217833816776
"062011","BUONALBERGO",0.644307873922002,0.67230222737349,0.918781471977412,0.684352692780713,0.710400334913679
"062012","CALVI",0.596524316415212,0.597065515979867,0.914040731008305,0.628519497678616,0.660244079159693
"062013","CAMPOLATTARO",0.654862641724898,0.683642523669451,0.921930743936942,0.694520398821152,0.719788214945128
"062014","CAMPOLI DEL MONTE TABURNO",0.650520129044916,0.687580662287637,0.932319705443448,0.695377326643994,0.721704257621711
"062015","CASALDUNI",0.674467600326001,0.730675439758431,0.933779117299306,0.725692279767925,0.748813039493634
"062016","CASTELFRANCO IN MISCANO",0.661689607703487,0.718645165731728,0.918691197296063,0.713019767775453,0.735872148833299
"062017","CASTELPAGANO",0.672279599634291,0.724792407621445,0.926332141545594,0.721315617419641,0.744095231211413
"062018","CASTELPOTO",0.668403414238056,0.705650873964619,0.927798110734067,0.711104240764611,0.735181337427883
"062019","CASTELVENERE",0.602105472116378,0.607786621519693,0.915316782147911,0.635983120351023,0.66702019388401
"062020","CASTELVETERE IN VAL FORTORE",0.670790666742437,0.742136052711556,0.924797936070083,0.728296817361305,0.750130274995614
"062021","CAUTANO",0.624137432672424,0.642814549259588,0.920081779256593,0.662136569795065,0.690797148624123
"062022","CEPPALONI",0.583575205061328,0.586893482549434,0.923395267501983,0.619050436175041,0.652866528544702
"062023","CERRETO SANNITA",0.574999330361179,0.576362590473176,0.913444001512891,0.609457264526749,0.64323356863632
"062024","CIRCELLO",0.626432172741385,0.649627890208907,0.916466276526947,0.665873655980326,0.693717280485507
"062025","COLLE SANNITA",0.619493997471513,0.640923569629221,0.912582205539661,0.658446125749297,0.686683467948226
"062026","CUSANO MUTRI",0.60721119331258,0.633550771441611,0.920908661006537,0.65043375024004,0.680486518102984
"062027","DUGENTA",0.607100603345642,0.625058771944369,0.925597535105787,0.647031472391083,0.677983257137161
"062028","DURAZZANO",0.636883395288427,0.666638335475022,0.922511290751608,0.678835907918713,0.705910950455702
"062029","FAICCHIO",0.595148516444727,0.613684892988919,0.923077101632876,0.636282744408428,0.668148784100033
"062030","FOGLIANISE",0.589667164935782,0.590543475380334,0.920018846393594,0.623096672781611,0.656088025405165
"062031","FOIANO DI VAL FORTORE",0.64296500499034,0.679236418213405,0.919229305668968,0.686913571008582,0.712726430415291
"062032","FORCHIA",0.629943614613325,0.679293027441778,0.923269069810342,0.68148339590583,0.708348470784109
"062033","FRAGNETO L'ABATE",0.676797525668344,0.723066182010524,0.923818214287093,0.7223204898842,0.744709125928966
"062034","FRAGNETO MONFORTE",0.638128186834392,0.659760219606059,0.918116099384815,0.675861392836684,0.702778582453143
"062035","FRASSO TELESINO",0.616763800872898,0.630744746909034,0.917594257726579,0.653138272274527,0.682522270658088
"062036","GINESTRA DEGLI SCHIAVONI",0.695515452483927,0.759896928092496,0.919668007621009,0.746902372021491,0.766098553754771
"062037","GUARDIA SANFRAMONDI",0.567418678952284,0.575285334285345,0.913477985278445,0.605564604484777,0.639777202350741
"062038","LIMATOLA",0.591319043374842,0.606183348324959,0.922284891186272,0.631104565383538,0.663457934917175
"062039","MELIZZANO",0.620240715095108,0.629586510830684,0.913902164520622,0.653812468118669,0.682711323274441
"062040","MOIANO",0.584447483463064,0.59276326890693,0.919854609740568,0.621730299540554,0.654855222896111
"062041","MOLINARA",0.635514491203539,0.658864891705252,0.912534516304389,0.673724173939395,0.700258656424394
"062042","MONTEFALCONE DI VAL FORTORE",0.645644214416404,0.676472050401525,0.913004180385392,0.686252737206607,0.71144734200425
"062043","MONTESARCHIO",0.507300593470589,0.491446345079772,0.918066629651059,0.541242785312768,0.583112101350356
"062044","MORCONE",0.582738671363809,0.596450829186412,0.922668749207873,0.622902150168386,0.656209550061663
"062045","PADULI",0.599430075531177,0.622381972831659,0.928219870469572,0.642637408810233,0.674368793439049
"062046","PAGO VEIANO",0.64086792528592,0.677580742660411,0.920043379703312,0.685306238546181,0.711388143119195
"062047","PANNARANO",0.619720362596849,0.63859632695158,0.917615895688096,0.658004099865602,0.68684985495699
"062048","PAOLISI",0.607354306321487,0.612881644590182,0.920784868515137,0.641184664761765,0.672251354067695
"062049","PAUPISI",0.643781969792133,0.673598574083065,0.922030171020504,0.685024261845889,0.71135825175418
"062050","PESCO SANNITA",0.628351642695501,0.65601752582143,0.91898874965183,0.669865000797802,0.697545417337139
"062051","PIETRAROJA",0.749912948005102,0.823922773701594,0.934473152588973,0.801673390026911,0.816428919200473
"062052","PIETRELCINA",0.595785655796082,0.60419280772725,0.919231703947739,0.631913478980273,0.66383772619888
"062053","PONTE",0.60374217513449,0.618866016040968,0.926143963003628,0.642788082329319,0.674272069070909
"062054","PONTELANDOLFO",0.614594704927516,0.633176849935953,0.917189614515523,0.653216161140113,0.682546544848492
"062055","PUGLIANELLO",0.652579768586493,0.680708456075106,0.916942188620379,0.691673919959758,0.716703727588716
"062056","REINO",0.648489105387161,0.675579305519809,0.912909411695427,0.68712172607768,0.712209246701874
"062057","SAN BARTOLOMEO IN GALDO",0.579487672116737,0.59128256385885,0.912628691784764,0.618109475367491,0.650833832747188
"062058","SAN GIORGIO DEL SANNIO",0.493634295785889,0.456740186874929,0.911800358498776,0.518848553047246,0.562509864764083
"062059","SAN GIORGIO LA MOLARA",0.621758460193973,0.655239187477059,0.923157399954413,0.666964681447406,0.695430539059295
"062060","SAN LEUCIO DEL SANNIO",0.600900207267085,0.616234360230196,0.922928036959118,0.640003359069689,0.671439434390736
"062061","SAN LORENZELLO",0.601704416013352,0.611328831228555,0.917240325235525,0.637588993782411,0.668661363943868
"062062","SAN LORENZO MAGGIORE",0.633087299299667,0.662124920044965,0.921329962340175,0.674978494939102,0.702350880205888
"062063","SAN LUPO",0.674662713441411,0.707619134873406,0.922948868117231,0.714321718553391,0.737502512949373
"062064","SAN MARCO DEI CAVOTI",0.587444044162584,0.595419477220349,0.913712707548937,0.623659855377214,0.655887950062961
"062065","SAN MARTINO SANNITA",0.642640258778231,0.665640520084437,0.920727220464889,0.680799072534689,0.707457755638045
"062066","SAN NAZZARO",0.664194027767782,0.681387974913847,0.92367811831011,0.697879713037744,0.722968424734674
"062067","SAN NICOLA MANFREDI",0.566950372562724,0.557196683678551,0.922529004519903,0.598119075760564,0.63416462340049
"062068","SAN SALVATORE TELESINO",0.581140363508856,0.588585295664967,0.923386360095558,0.618715182637776,0.65256753568864
"062069","SANTA CROCE DEL SANNIO",0.665906669554612,0.699365027024263,0.921291431392895,0.706501406599783,0.730366964910129
"062070","SANT'AGATA DE' GOTI",0.528821999246127,0.526249164661643,0.920386655257132,0.56682068928421,0.606105796614534
"062071","SANT'ANGELO A CUPOLO",0.562398856738853,0.556821072445522,0.920006104839185,0.595649578616887,0.631689192641587
"062072","SASSINORO",0.703325947874445,0.753622661259732,0.928547615779067,0.748481635688287,0.768488966809484
"062073","SOLOPACA",0.581044561495297,0.5847398892292,0.918670608327343,0.616470063658758,0.650047901955268
"062074","TELESE TERME",0.514754048467819,0.488196858198922,0.918496518873312,0.543177559887365,0.584879666441359
"062075","TOCCO CAUDIO",0.633833785407428,0.693270952771773,0.926733847771291,0.689870516957769,0.716188664825938
"062076","TORRECUSO",0.599262206585361,0.61681088233353,0.928547150350874,0.640087605048588,0.672138665637731
"062077","VITULANO",0.593834250673862,0.601011163498204,0.917204250039566,0.629400861381386,0.661379015676739
"062078","SANT'ARCANGELO TRIMONTE",0.68595221621836,0.745399709590787,0.927759201334035,0.73688428674752,0.758092610590466
"063001","ACERRA",0.441722502936663,0.418366968713762,0.919220565314885,0.47896231877418,0.527879901723147
"063002","AFRAGOLA",0.456434939836857,0.444409788058986,0.923565819346063,0.497736709487735,0.54505105502755
"063003","AGEROLA",0.556348231382284,0.561579592329485,0.922253085995972,0.595292829269893,0.631621746683902
"063004","ANACAPRI",0.549090591502463,0.554368070629059,0.928363258879256,0.589392723847111,0.62705611662846
"063005","ARZANO",0.493519857121247,0.49054088265768,0.928904298381805,0.535717762738698,0.579405155587932
"063006","BACOLI",0.480109406294901,0.462366783533291,0.923735902245083,0.516487875647195,0.561737656380294
"063007","BARANO D'ISCHIA",0.530208626401949,0.527691319346477,0.914728511272912,0.567527826714083,0.606105680553953
"063008","BOSCOREALE",0.497606309040473,0.491482523603619,0.923195119055825,0.537409486595424,0.580274556868802
"063009","BOSCOTRECASE",0.547239397217401,0.547457548603528,0.925981542667105,0.585211779886128,0.623075086861792
"063010","BRUSCIANO",0.522946286506835,0.519029222265177,0.926623798012306,0.561551358748636,0.602114963111266
"063011","CAIVANO",0.489865881748148,0.486541310184449,0.927730106208436,0.532156246990512,0.576108898014726
"063012","CALVIZZANO",0.54612167521509,0.549120507460791,0.928708398001844,0.585729822004331,0.623838552670721
"063013","CAMPOSANO",0.56638172073966,0.56887610334439,0.920309554367805,0.602896976274603,0.638165040507181
"063014","CAPRI",0.527395448579547,0.518109783581204,0.9252677942094,0.563004133893278,0.60325565170618
"063015","CARBONARA DI NOLA",0.607111795731731,0.616424954686315,0.916288525434277,0.642220390231549,0.672672405254074
"063016","CARDITO",0.511569754631802,0.509802580611352,0.929467690511414,0.552564319910561,0.594442472199544
"063017","CASALNUOVO DI NAPOLI",0.459647388947242,0.441937523041822,0.921588641411149,0.497872074536194,0.544951693077856
"063018","CASAMARCIANO",0.572733072088819,0.562786306328522,0.910745945133647,0.602058314801168,0.636356940393666
"063019","CASAMICCIOLA TERME",0.533255785478321,0.527532199109838,0.916073064565551,0.568961899521227,0.607529806748374
"063020","CASANDRINO",0.553589459272572,0.565512310205383,0.934261651878265,0.597021961452906,0.634493038166835
"063021","CASAVATORE",0.519324114148236,0.518907291592108,0.931140272483299,0.560318159831485,0.601520616792798
"063022","CASOLA DI NAPOLI",0.633469549257952,0.670919845948074,0.933638948312264,0.680339122673938,0.708483547744863
"063023","CASORIA",0.430492933485721,0.406309182460391,0.916909096443046,0.468251861820055,0.518102665667054
"063024","CASTELLAMMARE DI STABIA",0.414625194117821,0.377166708054541,0.91297723529636,0.447604079507199,0.499312207928217
"063025","CASTELLO DI CISTERNA",0.562893513926667,0.570814373849224,0.934810414649171,0.603649590964068,0.640445238040191
"063026","CERCOLA",0.50814396955425,0.499633359712418,0.929256810606212,0.546425479230622,0.58896229382791
"063027","CICCIANO",0.519890733886253,0.510537118817433,0.921063784824224,0.555798912199081,0.596383898046319
"063028","CIMITILE",0.54373493537414,0.536301363954254,0.922309789819351,0.578247313679713,0.616476477695228
"063029","COMIZIANO",0.622363945494655,0.631153434305682,0.920640331399437,0.656146854050096,0.685535018200022
"063030","CRISPANO",0.563183535791183,0.579595814528326,0.934283116622052,0.607679019305984,0.643968363452214
"063031","FORIO",0.484377697730865,0.464641936579582,0.912172052519022,0.518276040691603,0.562042264227983
"063032","FRATTAMAGGIORE",0.465327130333355,0.441978205275195,0.923620279394338,0.500649428963281,0.547646190122288
"063033","FRATTAMINORE",0.541429420755322,0.547828425987824,0.929954628329869,0.583161493867402,0.621694064363232
"063034","GIUGLIANO IN CAMPANIA",0.399152581616298,0.364460363034381,0.903892599327203,0.434015085025526,0.486223697725712
"063035","GRAGNANO",0.469467345762997,0.449096091853335,0.91947805455491,0.50530135238284,0.551320985957515
"063036","GRUMO NEVANO",0.519443878666198,0.521175985655415,0.927773785016693,0.561056317446395,0.601802702731984
"063037","ISCHIA",0.473272665065554,0.44771200498479,0.910442386954602,0.505487340218115,0.550482345411058
"063038","LACCO AMENO",0.559617412570624,0.557871838455649,0.916740036343279,0.594544166596151,0.630343707679165
"063039","LETTERE",0.595077433233616,0.615807891752985,0.924645444708775,0.637362940714848,0.669283218936395
"063040","LIVERI",0.630712942002096,0.648368433551217,0.919119173594889,0.66749853635848,0.695456384940303
"063041","MARANO DI NAPOLI",0.439094062325548,0.41270898039136,0.916967775645653,0.475008146787174,0.524114772215894
"063042","MARIGLIANELLA",0.547852178334332,0.542522073886896,0.925070832103539,0.583175496709907,0.621163867309199
"063043","MARIGLIANO",0.457483319382425,0.426502257944003,0.918004283330249,0.489593938129917,0.537195087596621
"063044","MASSA LUBRENSE",0.514119241600383,0.51077135355724,0.920006746641875,0.553201442485118,0.593957587391424
"063045","MELITO DI NAPOLI",0.489961659834481,0.482855510142364,0.926381240601254,0.530405850549705,0.574403116110989
"063046","META",0.52513051616576,0.506058538554532,0.921190952415255,0.556154169865657,0.596713812371168
"063047","MONTE DI PROCIDA",0.529227482215771,0.526029897199791,0.932966740350264,0.56816249477203,0.608696299836278
"063048","MUGNANO DI NAPOLI",0.473106449191277,0.4554505913478,0.925266250902619,0.510377293332846,0.556476066396155
"063049","NAPOLI",0.249938640056759,0.170167341126983,0.698840625060852,0.258931754038769,0.307810517485667
"063050","NOLA",0.44007273635428,0.40279352107031,0.911247149559665,0.470414530797032,0.519395932881769
"063051","OTTAVIANO",0.482878080417205,0.465628243018147,0.916269724456015,0.51845481799151,0.562656474265344
"063052","PALMA CAMPANIA",0.501347596341758,0.490760417652721,0.917440534481701,0.538192659745686,0.580331312494132
"063053","PIANO DI SORRENTO",0.490080522347496,0.465736761379437,0.922864644090435,0.522404242086163,0.56689984230886
"063054","PIMONTE",0.589798097858437,0.611680092487183,0.926435920944585,0.633308777749988,0.665878460327165
"063055","POGGIOMARINO",0.499945626514654,0.491818544823317,0.918524483784036,0.53814632548049,0.580410565291995
"063056","POLLENA TROCCHIA",0.515744928603667,0.503395013135298,0.92686708336528,0.551299682119062,0.593029393368642
"063057","POMIGLIANO D'ARCO",0.438771370320076,0.404270738006663,0.919952426326692,0.471364191379702,0.521207328596034
"063058","POMPEI",0.472674122379305,0.449137817986918,0.920501419321825,0.506865515096983,0.552825060010854
"063059","PORTICI",0.407235379358684,0.35729947484004,0.914473902461163,0.435488074635542,0.488708722171722
"063060","POZZUOLI",0.410784865328375,0.376350929368132,0.914241068811919,0.44563521449462,0.497702531640987
"063061","PROCIDA",0.51706569384232,0.500900145849367,0.935293550942915,0.551613982955551,0.594245046065258
"063062","QUALIANO",0.513508646795817,0.517641718241714,0.925482770286901,0.556565941295579,0.597556700072393
"063063","QUARTO",0.463095733287095,0.445595045317105,0.924964324911824,0.501407282863072,0.548469176424045
"063064","ERCOLANO",0.457740816810774,0.439488809288473,0.925457467456693,0.49629907849033,0.543983343931037
"063065","ROCCARAINOLA",0.56476246475796,0.572981830532181,0.923703428895071,0.604355275770071,0.639838403895071
"063066","SAN GENNARO VESUVIANO",0.520629695564568,0.51094057435062,0.919587476848455,0.55616536914668,0.596545603335766
"063067","SAN GIORGIO A CREMANO",0.433067809321034,0.397393661896467,0.920504015090412,0.465758063556917,0.516285391505083
"063068","SAN GIUSEPPE VESUVIANO",0.476841385613722,0.462413788200009,0.914658480635353,0.514130676279714,0.558633765652563
"063069","SAN PAOLO BEL SITO",0.567639579551408,0.555622408731061,0.917342649230469,0.597202159650158,0.632773325159081
"063070","SAN SEBASTIANO AL VESUVIO",0.507448172917648,0.479054182837038,0.92673614251645,0.536599674341254,0.579948170805164
"063071","SANT'AGNELLO",0.514096908327421,0.4922441060703,0.918874939372681,0.544740950416243,0.586311393633625
"063072","SANT'ANASTASIA",0.47662060650916,0.456949211581073,0.921579049271266,0.512264323067732,0.557743737090347
"063073","SANT'ANTIMO",0.490690954174799,0.487417559178567,0.926337108223092,0.532782541831324,0.576510826985965
"063074","SANT'ANTONIO ABATE",0.510125510595148,0.507798336510707,0.920539759236014,0.550119707121236,0.591277490689545
"063075","SAN VITALIANO",0.551205471125717,0.544288508902642,0.927049628497144,0.585677253862476,0.623607517710772
"063076","SAVIANO",0.50307595719486,0.487636964364044,0.917042457308305,0.537525060432337,0.579693660085223
"063077","SCISCIANO",0.541826380086793,0.527651863363921,0.920443138913922,0.573309523444213,0.61187992516307
"063078","SERRARA FONTANA",0.60524257973182,0.623776822722796,0.916378856485086,0.644696616753086,0.674883532278864
"063079","SOMMA VESUVIANA",0.465313275319181,0.444597457035588,0.919899753124103,0.501449804872056,0.547944243566728
"063080","SORRENTO",0.47514868650784,0.445582722381897,0.91730243011713,0.506059377012095,0.551753049579321
"063081","STRIANO",0.557261245480319,0.564842814931991,0.922645069385217,0.597211334124061,0.633370638041967
"063082","TERZIGNO",0.523610059085797,0.525690950779864,0.920441516154397,0.564229606054987,0.603808707177144
"063083","TORRE ANNUNZIATA",0.452015039404035,0.426909579212222,0.920513506280874,0.487567429005403,0.535672548702677
"063084","TORRE DEL GRECO",0.416324768653778,0.385695279195837,0.915612739600254,0.452470295492352,0.503930567059897
"063085","TUFINO",0.595071640068083,0.606338148104904,0.924984871684216,0.633132891846266,0.665560889606038
"063086","VICO EQUENSE",0.480819510998565,0.461555354054654,0.921184060778909,0.51618709535184,0.56118675817707
"063087","VILLARICCA",0.47587963167106,0.459093205810813,0.922989705800949,0.513036747446938,0.558587076152939
"063088","VISCIANO",0.584270986149455,0.594953954976555,0.918390823963976,0.622490305903102,0.655368141243199
"063089","VOLLA",0.495129302542643,0.483833262164612,0.927306045201293,0.533263758638394,0.577046234923161
"063090","SANTA MARIA LA CARITÀ",0.542772328926563,0.546949743430201,0.9244812199537,0.582823054555914,0.620785072933446
"063091","TRECASE",0.525632448407459,0.509537668291451,0.92207211573795,0.558033764088304,0.598482469827154
"063092","MASSA DI SOMMA",0.59901575057048,0.619961751434048,0.9332457154516,0.641864447447197,0.674240143892131
"064001","AIELLO DEL SABATO",0.571223583488798,0.568015651430545,0.92107440170903,0.604765095884608,0.639910574309543
"064002","ALTAVILLA IRPINA",0.589233686101712,0.600681528320423,0.921844200073775,0.627646266497338,0.660334925783609
"064003","ANDRETTA",0.642879238007293,0.674123191334364,0.919256299111428,0.684576723114888,0.710652231558949
"064004","AQUILONIA",0.642188764491432,0.675531317464487,0.92306152620664,0.685280189500827,0.711700338023695
"064005","ARIANO IRPINO",0.48081210486914,0.464667586358386,0.917528070739756,0.517218668126362,0.561697490638961
"064006","ATRIPALDA",0.512696417533752,0.492974574353824,0.917792536552894,0.544331200004699,0.585826904065609
"064007","AVELLA",0.546106977783275,0.546151025963304,0.92209686635642,0.583725788321602,0.621322574769915
"064008","AVELLINO",0.378612073278775,0.306854105566093,0.90169646749948,0.398629427230139,0.454525765037843
"064009","BAGNOLI IRPINO",0.59449038272582,0.608677905948339,0.917178760971522,0.633143606000524,0.664703067663968
"064010","BAIANO",0.566767976793067,0.562742808209118,0.918698988264786,0.600149752077462,0.635544111653831
"064011","BISACCIA",0.585229596006875,0.594969353609893,0.916430136495794,0.622732540977125,0.655365607145866
"064012","BONITO",0.624680853816024,0.643624824439416,0.913004756579226,0.66203803087287,0.689923222618021
"064013","CAIRANO",0.736492804538236,0.814036081268804,0.932305823790561,0.790968580992224,0.806672719080928
"064014","CALABRITTO",0.624821933296275,0.651189201049313,0.917401945261643,0.665945204981679,0.693884842790564
"064015","CALITRI",0.574059710164126,0.585175718328426,0.9180695613145,0.613462898953099,0.647308083659921
"064016","CANDIDA",0.667276073384926,0.701470483212873,0.923935941479167,0.708329544616926,0.732285810934953
"064017","CAPOSELE",0.593650337514212,0.605823978771869,0.920020349403899,0.631765477269127,0.663793796395212
"064018","CAPRIGLIA IRPINA",0.611897426406904,0.621380047655046,0.9220955918685,0.647184422514727,0.67773010799848
"064019","CARIFE",0.640107706840689,0.660168762679338,0.913184323640126,0.676442843648025,0.702747452536036
"064020","CASALBORE",0.656254903352532,0.69375676012352,0.922314674669157,0.69973671603114,0.724467600324253
"064021","CASSANO IRPINO",0.645767741343485,0.697152421246144,0.928484383046534,0.697162511469987,0.722864941645158
"064022","CASTEL BARONIA",0.65493513870652,0.68690091994261,0.920549452305363,0.695881171622645,0.720844313920725
"064023","CASTELFRANCI",0.636522685618748,0.667337387446538,0.924508385744643,0.679187871453843,0.706445706375043
"064024","CASTELVETERE SUL CALORE",0.634075735635088,0.653333319268558,0.924255761712718,0.671759650877912,0.699814774304002
"064025","CERVINARA",0.525941392685259,0.513854733728247,0.914972395764614,0.559405496462539,0.598912929718325
"064026","CESINALI",0.597492153811039,0.600961546507884,0.921438627914004,0.631448027934916,0.66366920571037
"064027","CHIANCHE",0.663289052378192,0.707206187269598,0.918824015847017,0.708605259426207,0.731962899028519
"064028","CHIUSANO DI SAN DOMENICO",0.631867838941077,0.656165917060202,0.925032359199082,0.672118426120484,0.700219974240328
"064029","CONTRADA",0.618342903592693,0.636670218287673,0.924345831275234,0.657190487973688,0.686874415007193
"064030","CONZA DELLA CAMPANIA",0.631911814734646,0.651137246545555,0.909593841130174,0.668331461689108,0.695138392738115
"064031","DOMICELLA",0.6277735769216,0.642820733796402,0.914394216317718,0.663206861454873,0.691116567550744
"064032","FLUMERI",0.605672547014174,0.62385261904496,0.923879101509459,0.645674234877557,0.676585886725546
"064033","FONTANAROSA",0.602508414843737,0.611624927101848,0.919623880351903,0.638322391910703,0.669578112848614
"064034","FORINO",0.586159520868824,0.601231097992433,0.928326816575775,0.627158460145143,0.660621610859658
"064035","FRIGENTO",0.598538865221009,0.612406428277631,0.921519981177996,0.637077380192187,0.668682113635055
"064036","GESUALDO",0.578177851249271,0.576216257008037,0.913703302418636,0.610847678957652,0.64449830378665
"064037","GRECI",0.717661973189623,0.785188766627738,0.939851145441524,0.770267947461965,0.789110525015249
"064038","GROTTAMINARDA",0.538155979920495,0.534257985370941,0.918938192797736,0.574480103660919,0.612753224676121
"064039","GROTTOLELLA",0.615987612345509,0.623248068662393,0.917201484716934,0.649376204925249,0.679134569346547
"064040","GUARDIA LOMBARDI",0.643299441045966,0.669344401102659,0.914816023594781,0.682171331326359,0.708020741578406
"064041","LACEDONIA",0.601570732058966,0.603568513403792,0.915166489393796,0.63382930939762,0.665088996063862
"064042","LAPIO",0.634645061770887,0.651628797268793,0.913986832204604,0.670221919788316,0.697306910056793
"064043","LAURO",0.567072294247758,0.556222711823303,0.917797858950102,0.597262538626988,0.632877574218445
"064044","LIONI",0.552129097508076,0.550104791788443,0.9162861141483,0.587633861598264,0.624150778548268
"064045","LUOGOSANO",0.650799106313443,0.665370468395404,0.911980827720528,0.683474391391034,0.708863995427645
"064046","MANOCALZATI",0.587095644719128,0.592830182988548,0.920725852614827,0.623039207729937,0.656115501606036
"064047","MARZANO DI NOLA",0.629325227963328,0.643087743112608,0.917759777538449,0.664361814738016,0.692517143938064
"064048","MELITO IRPINO",0.661479888941111,0.70555487352045,0.925207438316723,0.707686386939375,0.731855392647969
"064049","MERCOGLIANO",0.487751922132735,0.452154255826798,0.919598043577297,0.51491758443952,0.559882079899273
"064050","MIRABELLA ECLANO",0.540945617954205,0.533912810755811,0.9117411401286,0.574860406932367,0.612291599509726
"064051","MONTAGUTO",0.692767045243293,0.744717508824381,0.918977445647983,0.738765793895252,0.758789310756666
"064052","MONTECALVO IRPINO",0.60108234960831,0.623515989543204,0.920143346733652,0.643083587291547,0.673868005007336
"064053","MONTEFALCIONE",0.601073499701738,0.620907171168431,0.925625419684095,0.642453843859986,0.673917352284887
"064054","MONTEFORTE IRPINO",0.500218250396242,0.475027093846877,0.922147646625865,0.53107516957199,0.57452766702242
"064055","MONTEFREDANE",0.612496854635314,0.628998034639925,0.924328328496069,0.651105533023464,0.681463621409309
"064056","MONTEFUSCO",0.643706806064116,0.659093229388163,0.916920021210491,0.677952018074575,0.70450401842301
"064057","MONTELLA",0.542688347656409,0.543802772455224,0.918897318807921,0.580810735931027,0.618375911806238
"064058","MONTEMARANO",0.615713943468192,0.647585802643591,0.926852340961678,0.66117011984647,0.690690366637049
"064059","MONTEMILETTO",0.561232902507548,0.561048909235575,0.918954826344117,0.596922297918817,0.632703689966073
"064060","MONTEVERDE",0.665581167528896,0.723437728890041,0.929257423816999,0.717984245770221,0.741459043330974
"064063","MORRA DE SANCTIS",0.671669117209453,0.716068550259196,0.925063990065734,0.716988349367465,0.740107865000606
"064064","MOSCHIANO",0.617919325632124,0.667189709110709,0.916962444656226,0.669995310099898,0.697436102828379
"064065","MUGNANO DEL CARDINALE",0.554429245595518,0.547251367224196,0.914675028620666,0.587223778630938,0.623607250852019
"064066","NUSCO",0.596406770603123,0.619063795267152,0.927741400747463,0.63973589471637,0.671736506497603
"064067","OSPEDALETTO D'ALPINOLO",0.606036383836522,0.610535605758235,0.922936469145708,0.639751042232211,0.671216089667044
"064068","PAGO DEL VALLO DI LAURO",0.623660578177693,0.631642514746311,0.910130220912942,0.655899413907096,0.68414728135219
"064069","PAROLISE",0.686156174474522,0.722895290497637,0.92398093126112,0.726471252363584,0.748416772241088
"064070","PATERNOPOLI",0.622285466348342,0.638256721981081,0.920881139574169,0.659332098705657,0.688393103246603
"064071","PETRURO IRPINO",0.724231606793266,0.793415342759206,0.93323230701051,0.776264357999663,0.793705241223091
"064072","PIETRADEFUSI",0.612014259078519,0.618196144704816,0.914553432136824,0.645050024916183,0.674994847940699
"064073","PIETRASTORNINA",0.659334428994726,0.696338072337428,0.930253632157164,0.703077988815186,0.728319726964295
"064074","PRATA DI PRINCIPATO ULTRA",0.602792308792367,0.61576841006887,0.925377010595374,0.640890024547095,0.67249968966357
"064075","PRATOLA SERRA",0.57503202031241,0.575056817664028,0.920620627529558,0.609602039842353,0.644159660696487
"064076","QUADRELLE",0.620096509011459,0.633792979689948,0.921456824478728,0.656395952363506,0.685847160376309
"064077","QUINDICI",0.630893917089224,0.651366135376099,0.918135315123715,0.668830555121767,0.696531084010872
"064078","ROCCABASCERANA",0.625150870213189,0.642189067408612,0.922554858080169,0.662558457737827,0.691446946664754
"064079","ROCCA SAN FELICE",0.676452731602965,0.713140536375866,0.921831632607467,0.717500133851221,0.740203633713026
"064080","ROTONDI",0.574704852907657,0.568617887961474,0.920699005217119,0.606565133912821,0.641468897391076
"064081","SALZA IRPINA",0.664148967553015,0.676578835065685,0.901431261701393,0.693470637348554,0.716577373387759
"064082","SAN MANGO SUL CALORE",0.65769056418989,0.689940535063135,0.924369221388974,0.698870916802759,0.723926283979005
"064083","SAN MARTINO VALLE CAUDINA",0.569855004437879,0.574698804522122,0.922044916902049,0.607253705722206,0.642230506964411
"064084","SAN MICHELE DI SERINO",0.608724540885955,0.618819623699431,0.917794133747721,0.644174287438196,0.674576492583699
"064085","SAN NICOLA BARONIA",0.656678379598455,0.675098775004173,0.914229981328663,0.690722717704049,0.715556858106784
"064086","SAN POTITO ULTRA",0.630031802680258,0.64598768595349,0.924964056391563,0.666705175524343,0.695400606731812
"064087","SAN SOSSIO BARONIA",0.622840794354048,0.675107104246027,0.926733212152448,0.676749875585279,0.70452580187052
"064088","SANTA LUCIA DI SERINO",0.656130117816386,0.690863851902305,0.92542667146374,0.698689953519785,0.723882922180224
"064089","SANT'ANDREA DI CONZA",0.623751688204796,0.631913418084543,0.904336121166613,0.655482909946864,0.683133266749058
"064090","SANT'ANGELO ALL'ESCA",0.678016101150463,0.715131443784115,0.919135505698458,0.718829945790406,0.741086119113523
"064091","SANT'ANGELO A SCALA",0.676368178772705,0.741652556845669,0.93422596238472,0.73153192726674,0.754053486724293
"064092","SANT'ANGELO DEI LOMBARDI",0.585480650565127,0.599457849162467,0.923410168012125,0.62556334167863,0.658657433493463
"064093","SANTA PAOLINA",0.647945687155582,0.672802626146935,0.916958547354474,0.68603259572158,0.711691034791902
"064095","SANTO STEFANO DEL SOLE",0.618795216575408,0.636082158336603,0.92289956721685,0.65698477543209,0.686530863408174
"064096","SAVIGNANO IRPINO",0.683033083258651,0.729766276599261,0.931181303216608,0.728877842257721,0.751356004586486
"064097","SCAMPITELLA",0.666743003714579,0.704407261187932,0.919457922367994,0.708963411442929,0.732351690434603
"064098","SENERCHIA",0.649643225778873,0.699873461043132,0.913528487304908,0.698635357800393,0.722512372189783
"064099","SERINO",0.567697896630008,0.581116252374631,0.923447905160617,0.609311157568149,0.644215240633979
"064100","SIRIGNANO",0.60334162005189,0.605817559243853,0.925104248733242,0.636632055556408,0.668684521464945
"064101","SOLOFRA",0.529607947348286,0.527427672302408,0.921295429725344,0.567795571815346,0.607073333805346
"064102","SORBO SERPICO",0.654633882681943,0.694309055930098,0.911677779642219,0.69819210033964,0.72191273137326
"064103","SPERONE",0.597275053239413,0.599688615830369,0.923193121027032,0.630952963184105,0.663424091833319
"064104","STURNO",0.586309583164721,0.590147980158279,0.916596237220905,0.62106552721744,0.653902272773381
"064105","SUMMONTE",0.629385052181024,0.646147451204323,0.924050704316682,0.666394696955074,0.695023142217475
"064106","TAURANO",0.644722645852295,0.672066235240033,0.919236206972667,0.684478617188814,0.710562793831464
"064107","TAURASI",0.604259928796061,0.609297473563847,0.91326004843404,0.637426835905362,0.668074970630771
"064108","TEORA",0.645829639765361,0.676390218649314,0.915627508049722,0.686561687091576,0.712013444975814
"064109","TORELLA DEI LOMBARDI",0.635489378222808,0.666344149377477,0.92491547126062,0.67831663454619,0.705716505292238
"064110","TORRE LE NOCELLE",0.656374370630138,0.684321643748664,0.91752456427051,0.695065662897512,0.719783318605623
"064111","TORRIONI",0.707305819524885,0.773571258736213,0.922905701312714,0.758685255348766,0.776931971566982
"064112","TREVICO",0.679696881119283,0.72387513308802,0.928916533422422,0.724499059735528,0.747212112367405
"064113","TUFO",0.643914284438318,0.688980995101458,0.918766404997557,0.691679516292655,0.716911392815422
"064114","VALLATA",0.607527533920041,0.618849502928907,0.916581663739485,0.643527832955975,0.673867147487476
"064115","VALLESACCARDA",0.652929418221589,0.682490928955558,0.920263281748161,0.692965484404532,0.718220795220491
"064116","VENTICANO",0.588553798418706,0.582763657204726,0.912895002269909,0.618382355257535,0.651105982703355
"064117","VILLAMAINA",0.642026533429418,0.688883265077181,0.924639594632576,0.691373368791227,0.717291838329155
"064118","VILLANOVA DEL BATTISTA",0.657825992034363,0.699043966876387,0.922974485427984,0.702888930052636,0.727342880649897
"064119","VOLTURARA IRPINA",0.615564018925588,0.641684673489393,0.918983358888783,0.657660247475619,0.686696148743749
"064120","ZUNGOLI",0.635294430282893,0.685762536424159,0.914070477705833,0.685882682788756,0.711236882223987
"064121","MONTORO",0.500251614288658,0.490778266755186,0.921052126701633,0.538068659139893,0.580622377757864
"065001","ACERNO",0.622977439257877,0.65130897937475,0.913266793363829,0.664755567721065,0.692367926125816
"065002","AGROPOLI",0.460024900919552,0.423099754478715,0.907876245691969,0.488193719498417,0.534825111297701
"065003","ALBANELLA",0.55752420057071,0.566457021392263,0.919046045184119,0.59769615440175,0.633401697822013
"065004","ALFANO",0.678113684478242,0.725241461175101,0.916660347995553,0.72317585034356,0.744674127860448
"065005","ALTAVILLA SILENTINA",0.553718487663265,0.556023577698906,0.918392336598512,0.591223163072828,0.627575293464571
"065006","AMALFI",0.555956585222422,0.551450530261269,0.91262423124578,0.589595625092239,0.625487692442632
"065007","ANGRI",0.451731559757494,0.42158272349746,0.91222669044766,0.484214096509495,0.531771051391514
"065008","AQUARA",0.616968405263368,0.663342939699642,0.915004965848424,0.667640601818197,0.695125531154889
"065009","ASCEA",0.549829654503765,0.547284598808514,0.91358633542304,0.58506004753283,0.62156296840952
"065010","ATENA LUCANA",0.615104339365054,0.637646712883023,0.920855511856127,0.655823524697247,0.685271523270456
"065011","ATRANI",0.668636379025278,0.693965069704658,0.913792911328545,0.704549943061326,0.727799161757683
"065012","AULETTA",0.636505647196932,0.669572496208787,0.921045821370528,0.679839746669626,0.706640421636393
"065013","BARONISSI",0.483314612193212,0.45093816394812,0.913986866095466,0.511812435873146,0.556498483675626
"065014","BATTIPAGLIA",0.419811934392712,0.381462701161034,0.905725120776299,0.451146098076816,0.501654878376758
"065015","BELLOSGUARDO",0.676569451558937,0.704866927306742,0.912439673436713,0.712890337833227,0.735062486233614
"065016","BRACIGLIANO",0.571426029692476,0.570896192650103,0.916888265723797,0.60573382662654,0.640306542081791
"065017","BUCCINO",0.57990609543526,0.59197446470436,0.920326335635341,0.619378885626363,0.652817491182916
"065018","BUONABITACOLO",0.620051967895739,0.644182873628777,0.920131403298096,0.660918819015841,0.689720217269425
"065019","CAGGIANO",0.613383250551644,0.635433502866334,0.918230348341895,0.65379057387228,0.68317277103557
"065020","CALVANICO",0.639933285477443,0.665568544610182,0.918792836802363,0.679355107219667,0.705959299395523
"065021","CAMEROTA",0.562203935902089,0.571461019218524,0.908559293715672,0.601005159175843,0.63517784079138
"065022","CAMPAGNA",0.505288113781244,0.495350878310832,0.915232373542903,0.541810783795724,0.583302071545411
"065023","CAMPORA",0.682772149055281,0.72359813773452,0.910973681431499,0.723963997198561,0.74474285100222
"065024","CANNALONGA",0.663832297769319,0.696955290123315,0.914702680643526,0.703824682616038,0.727255571285759
"065025","CAPACCIO PAESTUM",0.481914217480038,0.466545796551441,0.909719333251116,0.517778939639278,0.561327872262815
"065026","CASALBUONO",0.67379191308619,0.715172366928023,0.927900609670337,0.71782398697343,0.741165833939753
"065027","CASALETTO SPARTANO",0.68233546892244,0.744136165949738,0.932854328138947,0.735197668506375,0.757159519576661
"065028","CASAL VELINO",0.553566715672121,0.551928330057877,0.914428299592257,0.588915600537725,0.625083678210451
"065029","CASELLE IN PITTARI",0.642136566469656,0.675372733601046,0.920398174928325,0.684919002524649,0.711083355013946
"065030","CASTELCIVITA",0.659832478235884,0.702875156965887,0.924047821585518,0.705623217999349,0.729892618397812
"065031","CASTELLABATE",0.528790620736972,0.517494927319175,0.909711525166179,0.561799649141884,0.600456524255695
"065032","CASTELNUOVO CILENTO",0.605619571216376,0.622345109584325,0.916446119414987,0.644228718301814,0.674475096203278
"065033","CASTELNUOVO DI CONZA",0.6869219241221,0.754415211634544,0.920759141787279,0.740677625269218,0.760686682660114
"065034","CASTEL SAN GIORGIO",0.500234393512119,0.478648777169341,0.915133038849699,0.532010730691627,0.574579876042524
"065035","CASTEL SAN LORENZO",0.614381439159853,0.630440977609046,0.913196878731889,0.651489775419194,0.680568342453937
"065036","CASTIGLIONE DEL GENOVESI",0.65522702045285,0.68481803273442,0.915613738455703,0.694581647779842,0.719140768966049
"065037","CAVA DE' TIRRENI",0.421251306797989,0.381044089800433,0.909509671400139,0.451983895609304,0.502820092919397
"065038","CELLE DI BULGHERIA",0.643070053043766,0.673029127111156,0.923763266232283,0.684620957692943,0.711192325308426
"065039","CENTOLA",0.562173021842184,0.570186710146896,0.908978422722223,0.600459721667308,0.634739577340077
"065040","CERASO",0.611397193857709,0.626847752473795,0.912375335627712,0.648447759411948,0.677773045658144
"065041","CETARA",0.629563004387429,0.658036396347465,0.934199524139312,0.672839682744634,0.70187966512182
"065042","CICERALE",0.637600959810338,0.694508388275756,0.925061495055534,0.691955356144295,0.717856038245544
"065043","COLLIANO",0.605682005107949,0.631431810793055,0.919501082387744,0.648651325394226,0.678745742837951
"065044","CONCA DEI MARINI",0.677136480694832,0.709773336546832,0.924552237624502,0.716564641521199,0.739674374421566
"065045","CONTRONE",0.675332132618584,0.71025016483303,0.91820915942057,0.715332949795284,0.73787475086476
"065046","CONTURSI TERME",0.582393274344567,0.583881580148246,0.914628411074082,0.616286525629174,0.649435624011942
"065047","CORBARA",0.6198333502602,0.636821857377826,0.920845246667426,0.657579368103855,0.686831132388696
"065048","CORLETO MONFORTE",0.660858119006534,0.7013278068171,0.915030834443694,0.704486750065005,0.727880537218193
"065049","CUCCARO VETERE",0.663085948636936,0.707253653418178,0.924435131564262,0.709096334081227,0.733022867134898
"065050","EBOLI",0.450331088190011,0.424322988144747,0.911672619336727,0.484761596284314,0.532196154401249
"065051","FELITTO",0.651638500393228,0.680588027090063,0.914086646322434,0.690910601999724,0.715707940257803
"065052","FISCIANO",0.496217191946213,0.470597858034174,0.914043227179872,0.526471095209161,0.569534665428129
"065053","FURORE",0.657612634891006,0.704650079561658,0.926912349952404,0.705709456498939,0.730287555771546
"065054","FUTANI",0.652407483028036,0.67955011088829,0.911230388310572,0.690503956093404,0.715029115228645
"065055","GIFFONI SEI CASALI",0.566730663878611,0.570251106939366,0.918977997109878,0.603539596579078,0.638588307749166
"065056","GIFFONI VALLE PIANA",0.527669177931326,0.528381595131775,0.920895204946914,0.567312368373087,0.606599350214623
"065057","GIOI",0.649801505046188,0.678662555139658,0.908603995682405,0.688669226651871,0.713106423210819
"065058","GIUNGANO",0.658336057070746,0.688090379864067,0.921029718165134,0.697994868437179,0.722776518406952
"065059","ISPANI",0.636698017294904,0.649867234838982,0.919032317500197,0.670857595210268,0.698432564353594
"065060","LAUREANA CILENTO",0.65089660544661,0.675360839096831,0.91565235337944,0.688381085382492,0.713633448493264
"065061","LAURINO",0.621556900067046,0.671449352894593,0.917108775132177,0.673563691345955,0.700624256211091
"065062","LAURITO",0.62987655636003,0.660705720821549,0.904491680342413,0.671211192765952,0.697131246941114
"065063","LAVIANO",0.639310678999818,0.701175936753009,0.92577563599135,0.695796540687907,0.721349773499401
"065064","LUSTRA",0.647811679869048,0.707217983228503,0.926548262584765,0.702418174652375,0.727321517755974
"065065","MAGLIANO VETERE",0.671142450107463,0.731702817931048,0.929247640224577,0.724205134639788,0.74698763526032
"065066","MAIORI",0.553498658637914,0.556454832886362,0.917429866017084,0.591222057787632,0.627467369813127
"065067","MERCATO SAN SEVERINO",0.478529880647525,0.455544164352681,0.91794175260691,0.512127495510784,0.557217968521464
"065068","MINORI",0.597440900713353,0.606982881678644,0.913087209437703,0.633299423020169,0.664386954844339
"065069","MOIO DELLA CIVITELLA",0.608892442063917,0.609620923857123,0.903351336304658,0.638666148294934,0.668075613629348
"065070","MONTANO ANTILIA",0.647532809727689,0.689363921178124,0.921502621812993,0.693753791088915,0.719059216724924
"065071","MONTECORICE",0.595641261694887,0.606283661971235,0.914024727000546,0.63226868834981,0.663574914866558
"065072","MONTECORVINO PUGLIANO",0.523868862249872,0.511603999070722,0.917446729035544,0.557707460497822,0.597678490335347
"065073","MONTECORVINO ROVELLA",0.528725309977669,0.52828160203358,0.918572513714696,0.567510361776532,0.606517267547439
"065074","MONTEFORTE CILENTO",0.673100299771054,0.721892345315063,0.919352025126011,0.719681892801353,0.741867463059649
"065075","MONTE SAN GIACOMO",0.667394852224302,0.708525116925645,0.922770578164875,0.711441043933963,0.734922103292954
"065076","MONTESANO SULLA MARCELLANA",0.56889684157019,0.5845070112235,0.923367678723097,0.61136850162947,0.646035076862095
"065077","MORIGERATI",0.686548400902706,0.751740737322942,0.923247659633624,0.739554878164904,0.759965187216984
"065078","NOCERA INFERIORE",0.42675414988688,0.388408944167454,0.910514700798162,0.457874862404266,0.508168177781366
"065079","NOCERA SUPERIORE",0.480468932815577,0.461845687789783,0.920349165310165,0.516076495803428,0.560995681304177
"065080","NOVI VELIA",0.60609959865027,0.614599435400249,0.915441894938331,0.640858754816567,0.671367992607874
"065081","OGLIASTRO CILENTO",0.616527773312934,0.635277792480671,0.918518439993926,0.655164348606515,0.684425914316227
"065082","OLEVANO SUL TUSCIANO",0.567398173534093,0.577682799644673,0.923395068059623,0.607625944736407,0.642711402883431
"065083","OLIVETO CITRA",0.591024403416341,0.605237222947371,0.920484660460192,0.63036619790969,0.662601582637523
"065084","OMIGNANO",0.649614952052707,0.687024565525034,0.925798424524856,0.694067625362469,0.719815491936068
"065085","ORRIA",0.67486380711135,0.717899411178335,0.917861498314835,0.718529598061842,0.740677586978841
"065086","OTTATI",0.704959226027973,0.757468401400591,0.922503921213425,0.750342824464196,0.76947183521411
"065087","PADULA",0.569313544466695,0.58224851236541,0.916552273807824,0.60985815295523,0.643935277494407
"065088","PAGANI",0.461194309880999,0.438485064691869,0.912222462588401,0.496077964816631,0.542316242346828
"065089","PALOMONTE",0.596181068915079,0.617961072734592,0.919754423166337,0.638339406058986,0.669607741293136
"065090","PELLEZZANO",0.499710738767323,0.473183795812345,0.9167041460563,0.529472955166481,0.572498643043127
"065091","PERDIFUMO",0.641010411043417,0.665378905781611,0.918361052712615,0.679711297842524,0.706227937272534
"065092","PERITO",0.671590423658644,0.712149747678699,0.918316974703185,0.714514774572123,0.737159463475574
"065093","PERTOSA",0.685179289907668,0.717591432263084,0.91391350032476,0.722638175009315,0.743890988933253
"065094","PETINA",0.669471976702709,0.708448999798177,0.918010151753476,0.711865454600746,0.734770420951049
"065095","PIAGGINE",0.650487602658912,0.680401545350435,0.919976351002912,0.690897751704497,0.716350929404321
"065096","PISCIOTTA",0.599695441995911,0.610645251652617,0.91382811187369,0.636036123329207,0.666901899834149
"065097","POLLA",0.560988686380915,0.566618898965147,0.922094414198294,0.599632854825557,0.635461916978084
"065098","POLLICA",0.597965847280157,0.606640976498973,0.916218113667294,0.633694882067338,0.665086352245111
"065099","PONTECAGNANO FAIANO",0.473177386678926,0.451879724360265,0.914342661975871,0.507709966165223,0.552891376810851
"065100","POSITANO",0.585061516120026,0.596208329054786,0.921383238641578,0.623709754192824,0.656784585798241
"065101","POSTIGLIONE",0.650659056128398,0.689964811795357,0.924924764944034,0.695773217060093,0.721234500158309
"065102","PRAIANO",0.644126115467807,0.675607518884535,0.922662588480314,0.686146394306585,0.712425971437
"065103","PRIGNANO CILENTO",0.624373678065287,0.666463477934874,0.919879828223896,0.672864703022462,0.700310828044844
"065104","RAVELLO",0.601398747072167,0.610655389034841,0.913958948078387,0.636820256055992,0.667613444058481
"065105","RICIGLIANO",0.679384351852737,0.728884334821032,0.923740240998615,0.726094933103058,0.748055522869231
"065106","ROCCADASPIDE",0.55398505175291,0.558941763646581,0.917365360496417,0.592553602979413,0.62864379825908
"065107","ROCCAGLORIOSA",0.658510140945705,0.699583171129184,0.922506276508948,0.703392618084595,0.727738580131745
"065108","ROCCAPIEMONTE",0.529291607162903,0.516380899617467,0.921356575453965,0.562688285596563,0.602540317802941
"065109","ROFRANO",0.662225571319657,0.708894213201073,0.915563615042171,0.708560264538546,0.731560636816726
"065110","ROMAGNANO AL MONTE",0.73805557566412,0.791014216572543,0.915535490011195,0.779634955507618,0.794735014896904
"065111","ROSCIGNO",0.685369884705177,0.728516683372777,0.92059176387072,0.728308132022151,0.749672980005326
"065112","RUTINO",0.650854792985647,0.703811610529099,0.91883176901026,0.701483058482662,0.72563291520795
"065113","SACCO",0.708583867241519,0.77700148626735,0.93058369408395,0.761571778487386,0.780350880220337
"065114","SALA CONSILINA",0.510756643942757,0.502851894020255,0.914282717095251,0.547552113792881,0.588299958604255
"065115","SALENTO",0.619161188737527,0.633889217783431,0.909567819403839,0.654829464874815,0.683133726489151
"065116","SALERNO",0.325907548117151,0.23943753736766,0.877135737112233,0.342118862179388,0.401565181616371
"065117","SALVITELLE",0.727057138106015,0.798671817146384,0.934610846242803,0.78003911448786,0.79721375134952
"065118","SAN CIPRIANO PICENTINO",0.555709800386815,0.555320018936929,0.920435135096592,0.592006932205344,0.628498954748816
"065119","SAN GIOVANNI A PIRO",0.598041524826878,0.618211367209268,0.922753559895953,0.639589157405861,0.671051868793649
"065120","SAN GREGORIO MAGNO",0.598220547903093,0.618836976893959,0.918742136546329,0.639550099813306,0.670571437228087
"065121","SAN MANGO PIEMONTE",0.603878133914485,0.610055985246505,0.921002606002369,0.638370614222682,0.66977416886487
"065122","SAN MARZANO SUL SARNO",0.541663820965003,0.544291093062492,0.916057015786124,0.580285412890985,0.617593368768223
"065123","SAN MAURO CILENTO",0.667612156402834,0.698117761953273,0.923067863385047,0.706885249598753,0.730905540019452
"065124","SAN MAURO LA BRUCA",0.730846880598793,0.781579685765133,0.920585365906985,0.772650491454465,0.789087699726967
"065125","SAN PIETRO AL TANAGRO",0.628480047271354,0.647571354130287,0.923299990211406,0.666553129651879,0.695080558602938
"065126","SAN RUFO",0.659468374497168,0.702730639471457,0.929434950743293,0.705933051360211,0.730766595736109
"065127","SANTA MARINA",0.6081223867339,0.629530751198353,0.924823263826315,0.649426238452145,0.680025907938164
"065128","SANT'ANGELO A FASANELLA",0.668529796302516,0.716445097453276,0.917810705856876,0.715019772775794,0.737552098673692
"065129","SANT'ARSENIO",0.584961500054268,0.584226682260741,0.916194030333478,0.617754085075102,0.650914078992699
"065130","SANT'EGIDIO DEL MONTE ALBINO",0.547561777814763,0.551308734974655,0.922894557553835,0.586781186510622,0.624127116626535
"065131","SANTOMENNA",0.69816688505383,0.764837503993833,0.918313243687377,0.750183299440186,0.768864404356541
"065132","SAN VALENTINO TORIO",0.541756537653984,0.545874456298594,0.922426179551699,0.58167656523383,0.619537633491371
"065133","SANZA",0.619994063950739,0.646896234772118,0.917430814826274,0.661843715907913,0.690242282454398
"065134","SAPRI",0.538910949917942,0.523368657010993,0.914325939446645,0.569458417062686,0.607777030660903
"065135","SARNO",0.475441349569761,0.460685387576497,0.916767880249899,0.512933819740806,0.557804270908483
"065136","SASSANO",0.583798799839268,0.597575048594382,0.915183122889179,0.623136544084061,0.655586163951296
"065137","SCAFATI",0.435417794580885,0.403443885512564,0.911192788226655,0.468607034864718,0.517783229682711
"065138","SCALA",0.647546771866035,0.678489104195801,0.918520998517197,0.688568244079546,0.714118550128174
"065139","SERRAMEZZANA",0.697143223161963,0.750214735679311,0.906801826543066,0.74199126413288,0.760303548845122
"065140","SERRE",0.59063678508645,0.606703476923448,0.9184762023356,0.630650738138014,0.662631345271079
"065141","SESSA CILENTO",0.655142005055466,0.687928973404562,0.919327501129786,0.696314690419991,0.721093891609969
"065142","SIANO",0.529662448542286,0.519947381819422,0.919449998531136,0.564269423515882,0.603733931850911
"065143","SICIGNANO DEGLI ALBURNI",0.610407409260083,0.633907541849812,0.922808174634405,0.652222545462893,0.682287615370839
"065144","STELLA CILENTO",0.693987702300332,0.742052316061339,0.924675318543645,0.738685540117117,0.759351071053397
"065145","STIO",0.675614474278953,0.708950818353521,0.911560961381102,0.714210477822724,0.73613830932921
"065146","TEGGIANO",0.552703593611648,0.559820925688711,0.92045569202016,0.592681602887178,0.629100946124176
"065147","TORCHIARA",0.608576602170397,0.615735120634034,0.918066616425584,0.642746936904552,0.673338012406889
"065148","TORRACA",0.659043774544551,0.698804037978396,0.922057377440057,0.703237253379332,0.72755060049719
"065149","TORRE ORSAIA",0.628496644671961,0.651628429400793,0.917734172164052,0.667829700549144,0.695596864061912
"065150","TORTORELLA",0.687144929918152,0.746080338547418,0.922012851808871,0.737152655990393,0.757692677748002
"065151","TRAMONTI",0.60088936055372,0.624072874508409,0.920627502161707,0.643295755994129,0.674110394457193
"065152","TRENTINARA",0.641757411956352,0.66547749846682,0.910503272200586,0.679306036910486,0.704994618609386
"065153","VALLE DELL'ANGELO",0.703755412132379,0.758954361186042,0.912637378756165,0.749483135868906,0.767611385078601
"065154","VALLO DELLA LUCANIA",0.502808271024701,0.471127449904447,0.911698606192781,0.529440935037394,0.571914009610215
"065155","VALVA",0.616315523726133,0.667156110105439,0.919540157047942,0.669516250929002,0.697296684942217
"065156","VIBONATI",0.578326810698552,0.581491438904857,0.917935213573454,0.613711733678879,0.647514342556054
"065157","VIETRI SUL MARE",0.540984636983229,0.534865693324248,0.924333333280917,0.576565981966456,0.615206798779174
"065158","BELLIZZI",0.524645709826177,0.524264738727069,0.921187001187615,0.564128401967722,0.603801579658822
"066001","ACCIANO",0.75970766184026,0.827742344847353,0.932579616882701,0.807610464697696,0.821495926051585
"066002","AIELLI",0.626520701094445,0.641095830040845,0.917096783936674,0.662137117404548,0.690465969241451
"066003","ALFEDENA",0.633333168260422,0.638081633016628,0.906791827166576,0.66281584329133,0.689924285944135
"066004","ANVERSA DEGLI ABRUZZI",0.665344004647496,0.701002647632101,0.909022257926223,0.705758219318441,0.728343112497083
"066005","ATELETA",0.641770822968515,0.668698345177468,0.915662125281015,0.681277338193794,0.707320092314596
"066006","AVEZZANO",0.407223192530994,0.351154736205746,0.906432713146888,0.431913339246222,0.484637714124074
"066007","BALSORANO",0.617755812859109,0.648217213487426,0.93763000707716,0.663450862563657,0.693915211954046
"066008","BARETE",0.69114723106548,0.735031422585106,0.935966858891385,0.735377080031903,0.757664833238512
"066009","BARISCIANO",0.621614944277872,0.635941625297799,0.923308395228153,0.658231295831867,0.687684306875899
"066010","BARREA",0.683985857211225,0.727189046798365,0.921868926822114,0.727215599486527,0.748843746968259
"066011","BISEGNA",0.734780919537825,0.798892999735529,0.929292277803774,0.783082491453387,0.799328023270096
"066012","BUGNARA",0.620297742808762,0.662534799366908,0.927304570508456,0.670005101029897,0.698593930971959
"066013","CAGNANO AMITERNO",0.634216491882534,0.69154637606371,0.934019818490389,0.689995272424849,0.717109110876576
"066014","CALASCIO",0.734472639751951,0.798924540207564,0.914214934746289,0.78145022445641,0.796201858933064
"066015","CAMPO DI GIOVE",0.641675960555124,0.650404239725031,0.910401190501321,0.672476209176202,0.698912318212326
"066016","CAMPOTOSTO",0.684931100597987,0.750010415420173,0.930108661321977,0.73873454834037,0.759998338671659
"066017","CANISTRO",0.642573792835972,0.694759719124322,0.933431633653844,0.695143243747517,0.721619731514886
"066018","CANSANO",0.680948875124126,0.71304943731418,0.90290559222552,0.71758979981979,0.738180443420426
"066019","CAPESTRANO",0.678862052942436,0.722868665035614,0.924920220832924,0.723270845173414,0.745676331357804
"066020","CAPISTRELLO",0.579003403160159,0.593311621224258,0.941354302237509,0.621677191196738,0.657196870201268
"066021","CAPITIGNANO",0.658166275522987,0.711316978613137,0.928863422274928,0.709153806588749,0.733565986109435
"066022","CAPORCIANO",0.691659486624186,0.736936508192474,0.914030459086058,0.734271243576103,0.754244489743875
"066023","CAPPADOCIA",0.706660593693306,0.762980180896477,0.934979080076961,0.754836256573098,0.774852125851305
"066024","CARAPELLE CALVISIO",0.74639038401227,0.803456181543695,0.905388410236639,0.787969795523848,0.801016308269714
"066025","CARSOLI",0.571980487940701,0.576839094596497,0.924373076134831,0.609406119755223,0.644402448241846
"066026","CASTEL DEL MONTE",0.667439616826452,0.710890535017406,0.909066436352379,0.711155211964974,0.733145348008019
"066027","CASTEL DI IERI",0.726428570586893,0.750901876199818,0.903129830103368,0.755111684064357,0.771558144735358
"066028","CASTEL DI SANGRO",0.520575418215615,0.495477830543833,0.906527555522562,0.547876717494008,0.587726810608292
"066029","CASTELLAFIUME",0.718296798011798,0.778953280737594,0.938320629476421,0.767594598384869,0.786564157395041
"066030","CASTELVECCHIO CALVISIO",0.793928719393919,0.876400333069889,0.921362837860888,0.843784357394802,0.852404188557701
"066031","CASTELVECCHIO SUBEQUO",0.689257574911542,0.744934355435697,0.942083999287375,0.739594768584995,0.762093571996371
"066032","CELANO",0.523765720433338,0.515776323303187,0.917032422441896,0.559497161925626,0.599223301982989
"066033","CERCHIO",0.640951685111917,0.669424581170589,0.928717110218185,0.682541030848947,0.70989392855664
"066034","CIVITA D'ANTINO",0.703580224090929,0.747421062358243,0.938560215153838,0.746806600417511,0.768112557610437
"066035","CIVITELLA ALFEDENA",0.686380884093171,0.727069424439674,0.925276651781787,0.728580304017959,0.750435453769495
"066036","CIVITELLA ROVETO",0.60812234842946,0.628111993373283,0.9376248329596,0.650067937107195,0.682018703313017
"066037","COCULLO",0.738257023324433,0.816415357561976,0.938353796280946,0.793437951026979,0.809539711610753
"066038","COLLARMELE",0.624095140402781,0.656992736462352,0.918504219616288,0.668339966550939,0.696135994669311
"066039","COLLELONGO",0.647123393180449,0.666489816885536,0.919537732075679,0.683079717737261,0.70935283044153
"066040","COLLEPIETRO",0.778208542180749,0.851481130868808,0.920308773898221,0.825391230262123,0.835937623999467
"066041","CORFINIO",0.655889147591256,0.677982752649248,0.919864868155492,0.692228841923776,0.7175217337273
"066042","FAGNANO ALTO",0.689014973962341,0.727080264740913,0.919122727597929,0.729155130176257,0.750262641000887
"066043","FONTECCHIO",0.711534299201652,0.744644464354121,0.913313195185252,0.746611763118623,0.76513414445936
"066044","FOSSA",0.656215761843225,0.673532568442108,0.926482542476525,0.691035002876053,0.717195840609438
"066045","GAGLIANO ATERNO",0.720207266314375,0.762127678408037,0.914448724307665,0.758495597555852,0.775823722750498
"066046","GIOIA DEI MARSI",0.637869224983039,0.664304703881534,0.927054863603506,0.678683754349408,0.70628054426653
"066047","GORIANO SICOLI",0.661204420446112,0.709403220885276,0.928494155822267,0.709622854181352,0.733941887697009
"066048","INTRODACQUA",0.595114008171029,0.597213964614316,0.922383946437405,0.628785982397146,0.661407978401619
"066049","L'AQUILA",0.359361133501054,0.28073328137397,0.891935385581559,0.377236025251917,0.434424843066321
"066050","LECCE NEI MARSI",0.643584832144033,0.667219787457793,0.925581935604941,0.682420272381316,0.709438234961719
"066051","LUCO DEI MARSI",0.582134572770971,0.596722831848859,0.928010742855558,0.623286906364479,0.657145110419044
"066052","LUCOLI",0.650681811478753,0.670864665405589,0.921338476537046,0.686829762251658,0.712886286061146
"066053","MAGLIANO DE' MARSI",0.588887335324986,0.599502013545577,0.932207696413802,0.627995976633134,0.661797278830986
"066054","MASSA D'ALBE",0.612125845669969,0.608293900623475,0.918169104165768,0.641005796248627,0.671801719350531
"066055","MOLINA ATERNO",0.684367817296407,0.737557645185024,0.938662330188094,0.733732691135454,0.756502651030191
"066056","MONTEREALE",0.638513965307937,0.670300460524865,0.935487047662554,0.682515196391016,0.710623179865632
"066057","MORINO",0.640882673607726,0.701366762270902,0.954617369486986,0.699473983094082,0.727823248248849
"066058","NAVELLI",0.664394990462743,0.713308936177855,0.923673731205028,0.712334140108772,0.735816316897245
"066059","OCRE",0.621794152711766,0.623169957840729,0.923943714161409,0.652628221164764,0.68277438705328
"066060","OFENA",0.671058540976129,0.721270882755615,0.902768267000045,0.716825067379289,0.737485422892706
"066061","OPI",0.703155142462415,0.745970622451752,0.917043201464011,0.743810914357776,0.763058946258469
"066062","ORICOLA",0.64932576668673,0.682454565221395,0.937106960410263,0.693011845399683,0.720133524845303
"066063","ORTONA DEI MARSI",0.692472218566377,0.754506173422736,0.936649515761213,0.744805227971222,0.766121259947888
"066064","ORTUCCHIO",0.598644989468732,0.643510908702605,0.925819728670139,0.651552127044116,0.682026305002563
"066065","OVINDOLI",0.626614083181875,0.636700306453498,0.911170650179597,0.659608540353877,0.687559885890068
"066066","PACENTRO",0.650951082031743,0.674296645512129,0.917553536823357,0.688116831077078,0.71360979838222
"066067","PERETO",0.663678914733167,0.720208548825581,0.934550788777978,0.716204437479234,0.740465143179095
"066068","PESCASSEROLI",0.600976785090491,0.606457397162601,0.902219851124335,0.633567367126325,0.663417643126104
"066069","PESCINA",0.5821117055215,0.59045853025542,0.928211065581243,0.620477712657739,0.654670307427017
"066070","PESCOCOSTANZO",0.631027813994014,0.643064281003398,0.92330596836648,0.665672039585483,0.694298031672261
"066071","PETTORANO SUL GIZIO",0.631791424404645,0.648610292811564,0.922262153296823,0.668406988076976,0.696613117545848
"066072","PIZZOLI",0.571666498109551,0.568782512903089,0.924781079883866,0.605680162944075,0.641135820381829
"066073","POGGIO PICENZE",0.643994572630482,0.663484320271713,0.927342931187136,0.681099794924701,0.708460143398305
"066074","PRATA D'ANSIDONIA",0.694126769859831,0.734452140584895,0.927945998205148,0.735655109520642,0.75702076381892
"066075","PRATOLA PELIGNA",0.531268566552134,0.520966246743851,0.91638485007128,0.565144150990321,0.60417089533265
"066076","PREZZA",0.665155947309149,0.698145590648803,0.920746266608117,0.70556031874189,0.729469868504804
"066077","RAIANO",0.584352093755129,0.585081269816836,0.914914030411425,0.617736416648527,0.650756151511071
"066078","RIVISONDOLI",0.63494088672683,0.637884801843972,0.907626877837043,0.663534247640565,0.69065565099573
"066079","ROCCACASALE",0.656294108676263,0.708613565059906,0.922927668742217,0.706501220055498,0.730548603242911
"066080","ROCCA DI BOTTE",0.640695076308339,0.691546902455226,0.933663440640296,0.692875234507634,0.719629479633485
"066081","ROCCA DI CAMBIO",0.669058249160258,0.688509018443629,0.922249456072133,0.703130216028962,0.727476798255981
"066082","ROCCA DI MEZZO",0.605142956352481,0.606011875507557,0.922671809545554,0.637286855291572,0.668996294653126
"066083","ROCCA PIA",0.686663381186938,0.717418938364178,0.894981490743437,0.721335192872346,0.740629225969134
"066084","ROCCARASO",0.61218987617229,0.615209492525746,0.90407927562688,0.642737643476804,0.67177560260459
"066085","SAN BENEDETTO DEI MARSI",0.584438697433534,0.592998854926704,0.920039478117582,0.621850846373865,0.654982916567612
"066086","SAN BENEDETTO IN PERILLIS",0.818731622621621,0.906809128360456,0.933708226424847,0.869864160584419,0.8769579456778
"066087","SAN DEMETRIO NE' VESTINI",0.614797335700697,0.61991599905161,0.922429688090587,0.647863969447597,0.67837127151904
"066088","SAN PIO DELLE CAMERE",0.63867635741919,0.668995921497081,0.914483919267134,0.679900917439035,0.705965695419935
"066089","SANTE MARIE",0.641340315803835,0.699417537928112,0.93615912402472,0.696956946581849,0.723534966297723
"066090","SANT'EUSANIO FORCONESE",0.656619406285895,0.694272278214382,0.916678873006219,0.699569145325746,0.723692448401354
"066091","SANTO STEFANO DI SESSANIO",0.734706096026232,0.784754059339198,0.920110890469329,0.775768158961376,0.791806240240038
"066092","SAN VINCENZO VALLE ROVETO",0.634680984637696,0.671184648262365,0.9346606757098,0.681105602376008,0.709278388301984
"066093","SCANNO",0.631365289815218,0.663100718243916,0.929976567055988,0.675507360332209,0.703781716634851
"066094","SCONTRONE",0.673354259959144,0.732363695053547,0.928767099185475,0.725449789674259,0.748040601842171
"066095","SCOPPITO",0.55243625449332,0.526323760123035,0.927685734487636,0.578210580026123,0.617041152744069
"066096","SCURCOLA MARSICANA",0.590657564039985,0.592640381439166,0.928958456012549,0.625379921066873,0.65911086939417
"066097","SECINARO",0.712603509563463,0.788837675335411,0.926415527585648,0.768290085963058,0.785859579476679
"066098","SULMONA",0.445728062605084,0.401417126475745,0.910545759762873,0.47226991106266,0.520967227584906
"066099","TAGLIACOZZO",0.541746621012176,0.534785396108158,0.924400427608021,0.576879450464952,0.615492892369738
"066100","TIONE DEGLI ABRUZZI",0.715913445475419,0.777922611413007,0.92938542503308,0.7651647681031,0.783411507761986
"066101","TORNIMPARTE",0.596227848908871,0.602635344433427,0.930016288485057,0.63249006585254,0.665548535033931
"066102","TRASACCO",0.56429848421754,0.572037251107389,0.927415829100933,0.604092663806311,0.640017459950158
"066103","VILLALAGO",0.669378797475686,0.723410671467313,0.921997340848633,0.718954995109213,0.741515255746926
"066104","VILLA SANTA LUCIA DEGLI ABRUZZI",0.749157082502032,0.794158397593971,0.900769444144235,0.784568910457625,0.797480080867248
"066105","VILLA SANT'ANGELO",0.626479394136984,0.6428637495065,0.902573565569808,0.661461771196549,0.688251970571355
"066106","VILLAVALLELONGA",0.636357532328415,0.685458530347169,0.924631830391827,0.687280411243196,0.713652791148599
"066107","VILLETTA BARREA",0.692789574915376,0.738185838886448,0.921071134176705,0.736046049628491,0.75660439235607
"066108","VITTORITO",0.647974598947613,0.664846434581364,0.917094883823653,0.682478953470405,0.708547390176321
"067001","ALBA ADRIATICA",0.495948195912553,0.476702597027274,0.911481235258089,0.528840980348731,0.571356564227549
"067002","ANCARANO",0.619197897212099,0.636404676517857,0.91882395452192,0.656903553630672,0.686005820396366
"067003","ARSITA",0.688183106029108,0.738410415061808,0.926866413127936,0.734653725803706,0.756010691061954
"067004","ATRI",0.516063410512857,0.503732245988143,0.917953232786297,0.55070336870408,0.59150890915766
"067005","BASCIANO",0.61152726802368,0.626909005190324,0.925483733861415,0.649844696332443,0.680471256057884
"067006","BELLANTE",0.549940497412708,0.553476367424664,0.924041512869161,0.588941740463733,0.626175048508781
"067007","BISENTI",0.635978297577167,0.669301832447245,0.923775023920212,0.679753560903006,0.706867056793807
"067008","CAMPLI",0.55443641166138,0.557454160582305,0.920184768916225,0.592369234401281,0.628793182680719
"067009","CANZANO",0.627427432852426,0.649907666624154,0.93002569360003,0.667803364124464,0.696939178510638
"067010","CASTEL CASTAGNA",0.687383187532303,0.750470414453326,0.927600353070959,0.739794156200629,0.760661511408444
"067011","CASTELLALTO",0.547914369546192,0.547567663440298,0.925877585028711,0.585554673346791,0.623368330200338
"067012","CASTELLI",0.622832304846513,0.66734780678904,0.913734028728464,0.671954453108845,0.698818850399914
"067013","CASTIGLIONE MESSER RAIMONDO",0.626545870368567,0.655858737937024,0.927746153317362,0.669856689069252,0.698511073985709
"067014","CASTILENTI",0.649352748573159,0.686863288787705,0.929408900840339,0.694238106896423,0.720368195112413
"067015","CELLINO ATTANASIO",0.616373047444721,0.646178453954977,0.927800643631331,0.660928239992997,0.690580729286145
"067016","CERMIGNANO",0.662230046333478,0.707715274855405,0.932621601472212,0.709737554682219,0.734502448769996
"067017","CIVITELLA DEL TRONTO",0.584028201255093,0.598865761959895,0.924780485555126,0.624780332002258,0.658113682397021
"067018","COLLEDARA",0.61924148459334,0.643539773127187,0.925210123476908,0.660772578321928,0.690154527783592
"067019","COLONNELLA",0.585948492214411,0.598737740447122,0.925248337809911,0.625633638478681,0.658924160626596
"067020","CONTROGUERRA",0.611398005649359,0.63429731884885,0.924663918102624,0.653029287834457,0.683210913419809
"067021","CORROPOLI",0.559036538173087,0.560574714930779,0.920636727373545,0.595888736634095,0.631971846716256
"067022","CORTINO",0.66479287087115,0.720351130624744,0.923813172800612,0.715696117953214,0.73882023515848
"067023","CROGNALETO",0.674431723512952,0.72274084528371,0.935916114300055,0.722319267388503,0.746052250378676
"067024","FANO ADRIANO",0.684309020854946,0.723537425265845,0.920925439213573,0.725623444675713,0.747323666291031
"067025","GIULIANOVA",0.445739457380499,0.4072679230345,0.911144319286137,0.474967753115364,0.523431816023227
"067026","ISOLA DEL GRAN SASSO D'ITALIA",0.569567568315204,0.573090699364242,0.920994859291194,0.60629570638487,0.641262278930017
"067027","MONTEFINO",0.650155085155149,0.708239228040337,0.93038847260485,0.704316288198454,0.729435419799164
"067028","MONTORIO AL VOMANO",0.535338783807091,0.537555501266963,0.929629117777664,0.57576534006109,0.615083537585154
"067029","MORRO D'ORO",0.587695679972258,0.600833023973659,0.926631960588175,0.62750111283448,0.660737873696002
"067030","MOSCIANO SANT'ANGELO",0.534070756704008,0.529502792444678,0.922896820621191,0.570897779179028,0.610008783783713
"067031","NERETO",0.553924224895876,0.552678969613411,0.921054826965046,0.590076920225684,0.626852243196724
"067032","NOTARESCO",0.557776835004273,0.565371130901471,0.92680492899058,0.598097077556643,0.634620172160414
"067033","PENNA SANT'ANDREA",0.64039755514366,0.667618739080153,0.924611011175323,0.681068433518248,0.70812871992459
"067034","PIETRACAMELA",0.677205093773362,0.71262131591086,0.900171793180268,0.715439063675926,0.735964922509742
"067035","PINETO",0.493126882346454,0.477256413886225,0.918776287211737,0.528550112025879,0.571908575935419
"067036","ROCCA SANTA MARIA",0.681060386380407,0.743906764233389,0.927470893853025,0.73398230716151,0.755481039016123
"067037","ROSETO DEGLI ABRUZZI",0.448035868740596,0.413539897835535,0.911679743173764,0.478877069276635,0.526966255265205
"067038","SANT'EGIDIO ALLA VIBRATA",0.522802965158029,0.519375196120528,0.92376637017029,0.56135680959238,0.601624538545481
"067039","SANT'OMERO",0.564867792945384,0.574499213659233,0.927106368872122,0.605425789859289,0.641168076416271
"067040","SILVI",0.490819189980246,0.47216709111997,0.914005304597008,0.524744356954798,0.567995573359488
"067041","TERAMO",0.385188381743429,0.322473561194817,0.898704756668141,0.408318349989025,0.462805728508927
"067042","TORANO NUOVO",0.629267225617544,0.650029280151291,0.918901221833979,0.667573549779373,0.69549884667433
"067043","TORRICELLA SICURA",0.601441100783658,0.612147032042255,0.921402339762466,0.638254893747907,0.669715721082858
"067044","TORTORETO",0.494825682247314,0.472485907551558,0.917181503201316,0.527008365729624,0.570360936559812
"067045","TOSSICIA",0.647207991826726,0.681609334273306,0.928965705987815,0.690864367343796,0.717320071637576
"067046","VALLE CASTELLANA",0.653906030380963,0.716451346818177,0.922386820850069,0.70889950182462,0.73262031504967
"067047","MARTINSICURO",0.49625163499683,0.485190890619401,0.916996937688088,0.533348830296113,0.57597639778411
"068001","ABBATEGGIO",0.671313132453022,0.719043682969937,0.910916043153852,0.716752171255717,0.738325934799954
"068002","ALANNO",0.592918587790394,0.608283041244929,0.926959436823305,0.633236676748226,0.66587253897879
"068003","BOLOGNANO",0.661018336261568,0.690399920982981,0.929223310486426,0.70106054680869,0.726411964995105
"068004","BRITTOLI",0.753259223616555,0.818094081246028,0.913547502021915,0.798463737390354,0.811250822349416
"068005","BUSSI SUL TIRINO",0.607159708639019,0.618948793362016,0.924678804752355,0.644216706375701,0.675379161750885
"068006","CAPPELLE SUL TAVO",0.585691047174631,0.599098739578185,0.92698717578237,0.625854121617004,0.6593133498576
"068007","CARAMANICO TERME",0.624076490614171,0.649442848043272,0.920494825589394,0.665133184954789,0.693506700580856
"068008","CARPINETO DELLA NORA",0.736215816911386,0.796360518317791,0.930081212643886,0.782667472117518,0.799046776620448
"068009","CASTIGLIONE A CASAURIA",0.677850708844585,0.712735624750413,0.917916008848257,0.717555451002575,0.739817735207651
"068010","CATIGNANO",0.658628217205372,0.700539394026957,0.924948593588994,0.704120284413447,0.72865676321073
"068011","CEPAGATTI",0.51243464164601,0.499925645369753,0.921492294236765,0.54771135858077,0.589242573653658
"068012","CITTÀ SANT'ANGELO",0.493435083771635,0.47346972602142,0.923631512661207,0.527470315672995,0.571488226449463
"068013","CIVITAQUANA",0.669699663149883,0.712415731676432,0.926790884089695,0.714631016080812,0.738204334748465
"068014","CIVITELLA CASANOVA",0.65460630393381,0.691016677930719,0.923111985526418,0.69784154039168,0.722871589851095
"068015","COLLECORVINO",0.572988688610591,0.584524160231936,0.926647595556407,0.613545541534778,0.648334658648292
"068016","CORVARA",0.777257752744412,0.846145289780264,0.915238661504058,0.82205523528651,0.832408949310682
"068017","CUGNOLI",0.657730039129524,0.692875316126137,0.92634690764948,0.700407100629995,0.72551152363216
"068018","ELICE",0.625468858082468,0.684750573585293,0.934030103192618,0.683001754569754,0.710893793305628
"068019","FARINDOLA",0.667642076573859,0.714875725140942,0.932661636920631,0.715399174463724,0.739539448070047
"068020","LETTOMANOPPELLO",0.627716122890565,0.660506163001426,0.935186970682848,0.673218725719681,0.702326308493366
"068021","LORETO APRUTINO",0.54484886947407,0.548459475251015,0.921088494432247,0.584097604569513,0.621541036776484
"068022","MANOPPELLO",0.555328101544762,0.55643873410638,0.927631039144161,0.59305817995743,0.630232942089289
"068023","MONTEBELLO DI BERTONA",0.682260860816612,0.72994472701058,0.928063237838784,0.728298838306115,0.750494882698634
"068024","MONTESILVANO",0.401575288248395,0.349947389648744,0.900985343364149,0.428283739390127,0.480806139831685
"068025","MOSCUFO",0.584216332550593,0.594691016911396,0.920586861255881,0.622566993383483,0.655680312035972
"068026","NOCCIANO",0.621282680642012,0.64156906488133,0.921129710977779,0.660396256583282,0.689366640404892
"068027","PENNE",0.50367526984291,0.488726487907349,0.917502976384321,0.538331088626049,0.580461298376968
"068028","PESCARA",0.325978106402902,0.240203686413913,0.874347854495999,0.342216592217167,0.401342288025926
"068029","PESCOSANSONESCO",0.730085205038589,0.782881750079289,0.923588458586745,0.77319397566172,0.789904473764501
"068030","PIANELLA",0.528220399155071,0.522152962258782,0.920153869254875,0.564683399561721,0.604180118416516
"068031","PICCIANO",0.66357831341321,0.70338933272671,0.929461749133565,0.70808161567632,0.732679408282681
"068032","PIETRANICO",0.69352952555177,0.761183705318332,0.932031831470401,0.747824137038586,0.768291658642121
"068033","POPOLI",0.549460127786461,0.54238227235535,0.919709564754819,0.583300036539297,0.620678873007688
"068034","ROCCAMORICE",0.635918734765074,0.682276340737576,0.916030700817903,0.684790854057983,0.710484170364641
"068035","ROSCIANO",0.575661127522193,0.582771443453107,0.930261064237089,0.614320763362594,0.649425241237538
"068036","SALLE",0.71392584296919,0.759178605373768,0.908079245299958,0.753704926284327,0.770857628397175
"068037","SANT'EUFEMIA A MAIELLA",0.697853765360184,0.751400364377818,0.911914549748697,0.743355813356971,0.76208456184494
"068038","SAN VALENTINO IN ABRUZZO CITERIORE",0.623363396027978,0.647649257134759,0.926137330786642,0.664569427001896,0.693632527422423
"068039","SCAFA",0.591091965959666,0.602890578994801,0.924660009169707,0.629758146146481,0.662525019815728
"068040","SERRAMONACESCA",0.668539764724178,0.724068556120969,0.922007667316333,0.718874511111949,0.741444861801325
"068041","SPOLTORE",0.467697389388176,0.434569208294003,0.915466814497135,0.497566650406694,0.544000001972298
"068042","TOCCO DA CASAURIA",0.596603484459497,0.603427068109452,0.917680770412312,0.631781825697258,0.663548375110042
"068043","TORRE DE' PASSERI",0.583931337752811,0.588304679920092,0.920153116184,0.619521519571206,0.652925030305961
"068044","TURRIVALIGNANI",0.658029175926667,0.717656472996813,0.940061059950686,0.713064648010635,0.738286471559529
"068045","VICOLI",0.699631738258266,0.766508113706656,0.929989859421628,0.752761919326378,0.772453912670295
"068046","VILLA CELIERA",0.73345691185774,0.794948017667356,0.931497822461963,0.780932000532489,0.797661536302431
"069001","ALTINO",0.595107753698468,0.610206098235009,0.929887137012926,0.635379947071357,0.668102968175976
"069002","ARCHI",0.627470537419376,0.659430999734142,0.929802756842158,0.672085967403299,0.700721166229839
"069003","ARI",0.6733739062988,0.71444845481736,0.925160908380495,0.717036153340321,0.740161126122563
"069004","ARIELLI",0.665497714943438,0.706049770933033,0.929686557376998,0.710165024382112,0.734556305825988
"069005","ATESSA",0.521146952149712,0.516551147746421,0.927927354550697,0.559756880408329,0.600664710868593
"069006","BOMBA",0.639995387833766,0.685313833998496,0.919544059094446,0.688343555733962,0.714032500551794
"069007","BORRELLO",0.702248466022866,0.768500709164103,0.930069128079367,0.754844041642073,0.774313495690661
"069008","BUCCHIANICO",0.570259755530236,0.579696482223,0.931217001655996,0.610602007154556,0.646225895432494
"069009","MONTEBELLO SUL SANGRO",0.85381952805851,0.9721910450718,0.944416325393883,0.916146390448028,0.919287494330901
"069010","CANOSA SANNITA",0.655418153025084,0.69083848716733,0.922876424701128,0.698103130556699,0.723077941017191
"069011","CARPINETO SINELLO",0.696850528402769,0.767929806641727,0.937440564104647,0.752895207180488,0.773400246838728
"069012","CARUNCHIO",0.677785216355165,0.7442978718955,0.930303253474518,0.732967715060251,0.754893885995169
"069013","CASACANDITELLA",0.659364385608332,0.697877304121435,0.930069354026393,0.703765695781035,0.728910546697185
"069014","CASALANGUIDA",0.6688788091735,0.737318932726906,0.937151030827754,0.726504086937958,0.749909302925713
"069015","CASALBORDINO",0.561660295635419,0.566581521980254,0.922141257681077,0.599922943695161,0.635724978582485
"069016","CASALINCONTRADA",0.594995428706381,0.608277136615993,0.934169730717749,0.634889627466843,0.6681429722725
"069017","CASOLI",0.553829672769238,0.555666887038349,0.925676853564948,0.591841137269909,0.628933994636024
"069018","CASTEL FRENTANO",0.583485115619671,0.592247756574038,0.928246562205196,0.621904448707689,0.655942461318523
"069019","CASTELGUIDONE",0.703673844104358,0.767425796787472,0.925539610349847,0.754548799436309,0.773547778426702
"069020","CASTIGLIONE MESSER MARINO",0.661146128824218,0.714851801034586,0.940159852098471,0.713215053646309,0.738431142363216
"069021","CELENZA SUL TRIGNO",0.669915411054993,0.698552626341414,0.916141221248048,0.707424738953188,0.730615459208173
"069022","CHIETI",0.395486328591742,0.338729087076081,0.904870730095847,0.420884010060105,0.474660312286298
"069023","CIVITALUPARELLA",0.725283422522532,0.804766460238884,0.934650983179379,0.781987545560575,0.798950149740442
"069024","CIVITELLA MESSER RAIMONDO",0.658864076435028,0.68117895751191,0.922301940539006,0.695249559330023,0.720477601686577
"069025","COLLEDIMACINE",0.787707157053956,0.874928227116803,0.930986496028929,0.841284572479734,0.851251452874089
"069026","COLLEDIMEZZO",0.688137455249741,0.748180140886622,0.914298663160286,0.737772784577392,0.757386771086602
"069027","CRECCHIO",0.606698628523743,0.629040041177445,0.92549986768462,0.648632388133997,0.679395441417399
"069028","CUPELLO",0.584691396020535,0.605966604966155,0.937395788793633,0.629535679323374,0.663742358153403
"069029","DOGLIOLA",0.723542519391471,0.80249557927995,0.941968969882261,0.780914041390366,0.798809033445021
"069030","FARA FILIORUM PETRI",0.608591527317299,0.618128162089772,0.929403929618333,0.644964253195015,0.676568661686495
"069031","FARA SAN MARTINO",0.628228399921094,0.63975669122391,0.933644457583376,0.663957736773589,0.693922927974677
"069032","FILETTO",0.672019183072034,0.710626658573585,0.924632026282466,0.714653831368775,0.737984741914741
"069033","FOSSACESIA",0.549723073645472,0.550486189095193,0.924640801404628,0.587558248373762,0.625011865377192
"069034","FRAINE",0.788709201834352,0.887549195735208,0.941548043127166,0.848471083219019,0.858812967653257
"069035","FRANCAVILLA AL MARE",0.43139294720432,0.378855129008263,0.908375945119334,0.455449228807596,0.5057744195089
"069036","FRESAGRANDINARIA",0.685803804693751,0.737852957022765,0.938323548945265,0.734477897666959,0.757127414475659
"069037","FRISA",0.632235042170692,0.654098708563415,0.920474155733404,0.670897603403689,0.698628331440324
"069038","FURCI",0.682638353375527,0.722751225615079,0.921991426088028,0.724624453154575,0.746554116813848
"069039","GAMBERALE",0.699383689640239,0.763396312283253,0.919340019146664,0.750185002780238,0.76898000459873
"069040","GESSOPALENA",0.645043965640577,0.672654725701081,0.917364313573054,0.684700842461052,0.710552339251274
"069041","GISSI",0.606748641423719,0.626906981340487,0.928885129661932,0.648033543210086,0.679239275038069
"069042","GIULIANO TEATINO",0.651483511589186,0.684026661096176,0.921774365639449,0.693157014272358,0.718558942202034
"069043","GUARDIAGRELE",0.519508026066721,0.508018737847263,0.921920087259729,0.554579052487266,0.595394723017539
"069044","GUILMI",0.722740029088549,0.803986192984139,0.946270870343847,0.781653886967094,0.799944662897845
"069045","LAMA DEI PELIGNI",0.656898773529049,0.688712133398688,0.930298928403895,0.698554800957871,0.724304148451874
"069046","LANCIANO",0.423004417949843,0.376559912936474,0.908248925214553,0.450628841420298,0.501475517397437
"069047","LENTELLA",0.673855135349315,0.73803934135334,0.936316138770359,0.728984128393231,0.752021018435134
"069048","LETTOPALENA",0.700529012191456,0.764088362031719,0.935322209374338,0.752610039337862,0.772911391564137
"069049","LISCIA",0.687497885936956,0.761758818251993,0.938810220921272,0.746046538977154,0.767464725859834
"069050","MIGLIANICO",0.577448519629504,0.588148224465148,0.925563463478141,0.617074881190408,0.651351390333489
"069051","MONTAZZOLI",0.715667587941372,0.769725876881038,0.923853106599287,0.760812369830013,0.778928007248821
"069052","MONTEFERRANTE",0.832576758039382,0.951775015209589,0.947876259164289,0.897745923878466,0.903315961132446
"069053","MONTELAPIANO",0.815069003795425,0.896970566934983,0.920510817205855,0.862468888549269,0.868917991733334
"069054","MONTENERODOMO",0.671574210932019,0.732151429295296,0.927415695600967,0.724418107662389,0.74697339521112
"069055","MONTEODORISIO",0.640401698342226,0.673326239681435,0.934411630199351,0.684618735130583,0.712373501249335
"069056","MOZZAGROGNA",0.597623527547395,0.603175234348439,0.926887753224529,0.633048218175578,0.665697055403239
"069057","ORSOGNA",0.588371214368363,0.599405371506002,0.920716104940111,0.626571074137475,0.659253855337768
"069058","ORTONA",0.461010835832855,0.430800392573314,0.915834393324603,0.492898492115236,0.539891370027388
"069059","PAGLIETA",0.587029869797143,0.604671128063943,0.932712335283527,0.629536682565842,0.66322286620114
"069060","PALENA",0.644998454377832,0.671010845214458,0.917003054029985,0.683904490219529,0.709804330642913
"069061","PALMOLI",0.678516809350291,0.752186526790263,0.943871135122737,0.738203614775523,0.761055561480769
"069062","PALOMBARO",0.664290184605594,0.695577231208943,0.926422980037639,0.704582635120306,0.729231562333343
"069063","PENNADOMO",0.773151801750542,0.858309841297916,0.93754097112572,0.827911836484378,0.840092851444527
"069064","PENNAPIEDIMONTE",0.692467673426604,0.753583874946382,0.923521156196451,0.743075312387489,0.763124850588485
"069065","PERANO",0.64271137218991,0.674213126607048,0.928650731456628,0.685481097604294,0.712499945810109
"069066","PIZZOFERRATO",0.656807968377421,0.692047621534046,0.925623661015274,0.699547381561688,0.724666968167642
"069067","POGGIOFIORITO",0.652546056389853,0.704105021912946,0.928525928258037,0.703345578062063,0.728365616972727
"069068","POLLUTRI",0.628248791494054,0.653215222782589,0.928271510802198,0.669485957504709,0.698239907871097
"069069","PRETORO",0.63340907099341,0.679435103191399,0.91785651593905,0.682565529977069,0.708708972861733
"069070","QUADRI",0.644310946392697,0.683792464788998,0.92178019838477,0.68982455487024,0.715597404149632
"069071","RAPINO",0.64594927257256,0.676369512363035,0.919107472882634,0.686954200509281,0.712749008550765
"069072","RIPA TEATINA",0.579943631898469,0.58522184123711,0.922183019040615,0.616542764815072,0.650502793062354
"069073","ROCCAMONTEPIANO",0.652544805258446,0.690873646784291,0.925789091911641,0.697117212610396,0.722525199199423
"069074","ROCCA SAN GIOVANNI",0.612733613002895,0.633807799234053,0.927799584041963,0.653723593910823,0.684176481703172
"069075","ROCCASCALEGNA",0.661084026838689,0.692090938330587,0.925133329668883,0.701442067293063,0.726296652001487
"069076","ROCCASPINALVETI",0.687472961275913,0.753266929285586,0.943533825715811,0.742686333324256,0.765002721367762
"069077","ROIO DEL SANGRO",0.79412871534549,0.85880544526353,0.907620351739911,0.83458240744805,0.84269773459159
"069078","ROSELLO",0.784623402744366,0.852524945073364,0.931232536745401,0.829840010192518,0.841105846476172
"069079","SAN BUONO",0.664462504313721,0.730794511080311,0.938289657428589,0.721694622670173,0.745760737643331
"069080","SAN GIOVANNI LIPIONI",0.759320284050526,0.838358883147258,0.925643598497312,0.811519985088734,0.824200386578576
"069081","SAN GIOVANNI TEATINO",0.490821419020356,0.466087071132727,0.922152293032046,0.522824049872092,0.567193854667642
"069082","SAN MARTINO SULLA MARRUCINA",0.672790729482748,0.708008057844877,0.928461130272388,0.71420556732467,0.738011740985528
"069083","SAN SALVO",0.488516871003943,0.476510018369991,0.924003179493815,0.526662418167652,0.570811391648337
"069084","SANTA MARIA IMBARO",0.618004196020676,0.62624068309153,0.922355861782946,0.652145781778787,0.682169124001472
"069085","SANT'EUSANIO DEL SANGRO",0.622803918137404,0.64944620087632,0.927333506741955,0.665245904230371,0.694366748953881
"069086","SAN VITO CHIETINO",0.558766820297599,0.555978608081161,0.924114028805204,0.594046845650962,0.630720977112545
"069087","SCERNI",0.609376485845474,0.633576336647741,0.927857436834525,0.6521145138054,0.682752616364191
"069088","SCHIAVI DI ABRUZZO",0.717812537476193,0.804370661678949,0.941602755631594,0.779142715182974,0.797193830788376
"069089","TARANTA PELIGNA",0.688881993807772,0.735336863698043,0.924747148321278,0.733373200709744,0.754636972666581
"069090","TOLLO",0.581114257269155,0.591353384380969,0.919316395509611,0.619542078293517,0.652850335761972
"069091","TORINO DI SANGRO",0.599812542008768,0.620681023739875,0.930263455595256,0.642248450146415,0.674250117418508
"069092","TORNARECCIO",0.64809828607413,0.684787856227018,0.933391614505804,0.693137925486097,0.71983277982162
"069093","TORREBRUNA",0.705366980164714,0.765166654537216,0.93506659082186,0.755246794698054,0.775226772045144
"069094","TORREVECCHIA TEATINA",0.577695392936439,0.58630286594954,0.931253651515984,0.616924581650289,0.651850033857589
"069095","TORRICELLA PELIGNA",0.663522700790869,0.706420432077626,0.924433740513317,0.708917783842154,0.732864001250061
"069096","TREGLIO",0.606445304226088,0.60968819196621,0.925936516460272,0.639853724932562,0.671640701768974
"069097","TUFILLO",0.694229971382919,0.754800451474289,0.92507527302658,0.744571217588401,0.764627223748199
"069098","VACRI",0.644527645586161,0.677917593373241,0.922223796929871,0.687322737224718,0.713422854969735
"069099","VASTO",0.415502987839185,0.365874584437974,0.907961408935316,0.442416048418253,0.494143310697927
"069100","VILLALFONSINA",0.712044138020604,0.765588011360966,0.936303397640628,0.758564806985769,0.778313539280753
"069101","VILLAMAGNA",0.62651269506947,0.653458957762946,0.926721820451853,0.668659425819773,0.697333025223337
"069102","VILLA SANTA MARIA",0.657438660075808,0.687231545720674,0.917913229792347,0.696892915587651,0.721450728277062
"069103","PIETRAFERRAZZANA",0.787602531623268,0.857631998767315,0.926525198706819,0.833008058546444,0.843398851897597
"069104","FALLO",0.75539438292001,0.832272198913537,0.923820735584569,0.806832035383553,0.819830779850333
"070001","ACQUAVIVA COLLECROCE",0.738873236817802,0.802476622305008,0.928483554145493,0.786455792019814,0.802236654478223
"070002","BARANELLO",0.606045037605081,0.621359214835268,0.919364128250537,0.644268326423211,0.674834526626247
"070003","BOJANO",0.528518704292885,0.509239773462443,0.908721332878359,0.557863448277733,0.596847657677803
"070004","BONEFRO",0.656352396311778,0.691934954226714,0.917097117385311,0.698439019480853,0.722734363692459
"070005","BUSSO",0.649589170643348,0.681337946693282,0.922293014786671,0.691146504280151,0.716829449891986
"070006","CAMPOBASSO",0.387555011308249,0.320490066027965,0.899045066230223,0.408524791424318,0.46302704418053
"070007","CAMPOCHIARO",0.656803007713966,0.707067871619667,0.922014702086641,0.705943365908799,0.729951292150782
"070008","CAMPODIPIETRA",0.609589661893294,0.622253116458329,0.922722698368405,0.646601520095071,0.67728165101433
"070009","CAMPOLIETO",0.652150396147808,0.702459383184655,0.922604741207394,0.701834874820348,0.726364859974464
"070010","CAMPOMARINO",0.544890464019785,0.545524897566991,0.920184544893525,0.582705367203402,0.620203053613415
"070011","CASACALENDA",0.634360006346742,0.667409346387729,0.923590338605579,0.67815524259107,0.705425808814904
"070012","CASALCIPRANO",0.686365104890256,0.748815152783752,0.922091531370948,0.738040269090398,0.758490409343793
"070013","CASTELBOTTACCIO",0.770719559139238,0.840922423892099,0.918862187552877,0.817125111119389,0.82842923072311
"070014","CASTELLINO DEL BIFERNO",0.690957187160625,0.752316420229113,0.915545381002842,0.741027661425667,0.760418519156464
"070015","CASTELMAURO",0.653515855886372,0.720200067885558,0.923966629593478,0.710568828656716,0.734279695427467
"070016","CASTROPIGNANO",0.666451293976737,0.700550073615418,0.916192769004807,0.706769892316951,0.730039100837824
"070017","CERCEMAGGIORE",0.61294214277388,0.637031431040941,0.921951546611023,0.654683262877772,0.684379738848133
"070018","CERCEPICCOLA",0.667572005740661,0.723357855427133,0.919846568758259,0.717903094401333,0.74034125821877
"070019","CIVITACAMPOMARANO",0.743823457505626,0.823986511498056,0.942916132697561,0.799806099321413,0.815707214140985
"070020","COLLE D'ANCHISE",0.641883709899058,0.686969718908533,0.918002238775859,0.689784266841002,0.715141819278208
"070021","COLLETORTO",0.609345121337575,0.653148045600782,0.917238320641772,0.659845757186438,0.688444930903697
"070022","DURONIA",0.694685398423921,0.765212071556118,0.925676540589549,0.749521515549972,0.769094296109926
"070023","FERRAZZANO",0.546491080742458,0.516746595499538,0.916882643171376,0.570145218626036,0.608671599131074
"070024","FOSSALTO",0.637870183280249,0.695716182303438,0.921699380160741,0.692283802528733,0.717774422265623
"070025","GAMBATESA",0.664448819521951,0.70516152811038,0.927002190842745,0.709024875518824,0.733244577221482
"070026","GILDONE",0.667267966524907,0.731675934784404,0.925672709630062,0.722092026552196,0.744712102449737
"070027","GUARDIALFIERA",0.685190694622438,0.739760431428356,0.931074036777836,0.734335410400641,0.756195257775885
"070028","GUARDIAREGIA",0.649880476578703,0.702560893559694,0.921077713462232,0.700706387908502,0.725192090747805
"070029","GUGLIONESI",0.560182527248978,0.55810093061299,0.916768621360012,0.594904418173887,0.63066710741679
"070030","JELSI",0.645760896434869,0.670830090830778,0.912591619019313,0.683725106171473,0.709154718710121
"070031","LARINO",0.531471224879459,0.520406444718912,0.915199828771913,0.564864934196458,0.603791033593731
"070032","LIMOSANO",0.697549244353765,0.729484852258035,0.90137614760015,0.732302958235325,0.75108886816475
"070033","LUCITO",0.689200822753807,0.758014560588907,0.934895370978489,0.74473645960207,0.765865227532784
"070034","LUPARA",0.713930843235459,0.788723148124401,0.93431225882227,0.769625521994164,0.787924048308398
"070035","MACCHIA VALFORTORE",0.70115430939012,0.773424005001508,0.928629668223419,0.756423208298574,0.775557259401335
"070036","MAFALDA",0.67057681884268,0.714153791735368,0.926973952410286,0.71582617000115,0.739287034713277
"070037","MATRICE",0.693917664041911,0.730269281694474,0.920042477635607,0.732888373344934,0.753683273821675
"070038","MIRABELLO SANNITICO",0.612916298769632,0.615163355988997,0.914123265749526,0.644048171216336,0.674056515053357
"070039","MOLISE",0.760691188818255,0.841109133405142,0.92748629874625,0.813558774875153,0.826217388638608
"070040","MONACILIONI",0.706284043935038,0.776098893670397,0.929844492793625,0.760056771201808,0.778922073600899
"070041","MONTAGANO",0.664317733670149,0.69264800093095,0.923591921542715,0.702993772724766,0.727504678148982
"070042","MONTECILFONE",0.672132179205335,0.716434333082832,0.929699165400416,0.717824847069716,0.74136643799535
"070043","MONTEFALCONE NEL SANNIO",0.657853965640209,0.701341542836453,0.926923289085601,0.704330307723058,0.729062861207785
"070044","MONTELONGO",0.674708753057524,0.708932568511889,0.895936557911992,0.712232250497435,0.732643840210164
"070045","MONTEMITRO",0.752504535080575,0.807338054120507,0.923477525917278,0.794276917732215,0.808632540863888
"070046","MONTENERO DI BISACCIA",0.561144526282046,0.572316606790601,0.925081671804894,0.60256567706318,0.638400787590037
"070047","MONTORIO NEI FRENTANI",0.673131966918022,0.719919633741422,0.900127157739267,0.716885936070677,0.737246071811631
"070048","MORRONE DEL SANNIO",0.686836670057228,0.750821843870696,0.92126574603458,0.739072905871024,0.759316554778086
"070049","ORATINO",0.603407892081175,0.597919874192483,0.915755231898887,0.632173018013035,0.663682152889241
"070050","PALATA",0.665603834621821,0.713103264167287,0.935960469671568,0.714014241422255,0.738674933449957
"070051","PETACCIATO",0.595526436741442,0.613237553658213,0.929716744528338,0.636915470132678,0.66944894506553
"070052","PETRELLA TIFERNINA",0.666998614484503,0.705003855103345,0.925787965514513,0.709979907865983,0.733958580938042
"070053","PIETRACATELLA",0.624652868485287,0.675102612853137,0.918514847905573,0.676741451392848,0.703605162116484
"070054","PIETRACUPA",0.730277074527509,0.794611681069943,0.927375985838854,0.778937538602739,0.795430699406752
"070055","PORTOCANNONE",0.617145467338268,0.633574886932358,0.916204246415271,0.654444584063309,0.683528990991304
"070056","PROVVIDENTI",0.793319571403599,0.867016841568047,0.908047281973809,0.837956114034621,0.84574402158342
"070057","RICCIA",0.569074684924284,0.572180802664428,0.916473868589196,0.60521235627384,0.639796968753324
"070058","RIPABOTTONI",0.691559047647737,0.758395634128794,0.922211401960639,0.744700746995503,0.76442415310274
"070059","RIPALIMOSANI",0.578325189472812,0.577327326891912,0.917801932372585,0.611823825601384,0.645821393020406
"070060","ROCCAVIVARA",0.668958282953199,0.724735216184951,0.921271800629403,0.719289254675108,0.741731759781141
"070061","ROTELLO",0.671514125800809,0.710885871899976,0.928121362601876,0.714892135225541,0.738584271600689
"070062","SALCITO",0.695659910102085,0.772290078895933,0.936382152148943,0.754215710264002,0.774456426028996
"070063","SAN BIASE",0.813740006704843,0.911001348510995,0.933294806681435,0.869463090515271,0.876555503422622
"070064","SAN FELICE DEL MOLISE",0.686338815409143,0.753884534891739,0.927218161260226,0.74082232376142,0.761532972372398
"070065","SAN GIACOMO DEGLI SCHIAVONI",0.629215279479553,0.634442436988334,0.916584987389838,0.660304471149533,0.688780084065123
"070066","SAN GIOVANNI IN GALDO",0.674031099834856,0.726816883924771,0.919217214510206,0.722303314142852,0.744182636405892
"070067","SAN GIULIANO DEL SANNIO",0.645829074153214,0.699620677097765,0.928198358959598,0.6982722239589,0.723819572292311
"070068","SAN GIULIANO DI PUGLIA",0.636985663014447,0.685904331976315,0.921061451966645,0.687406642942507,0.713368288389634
"070069","SAN MARTINO IN PENSILIS",0.578879042685315,0.58973408202641,0.916775737400542,0.61755347986033,0.650800397364798
"070070","SAN MASSIMO",0.646491262273922,0.69715883963363,0.923808899079162,0.697023435766315,0.722221820578853
"070071","SAN POLO MATESE",0.728452953212055,0.774051904072612,0.919483313619303,0.76807551714003,0.784898605637727
"070072","SANTA CROCE DI MAGLIANO",0.585551529477098,0.602254881479859,0.918280725316435,0.626340957462274,0.65877870944607
"070073","SANT'ANGELO LIMOSANO",0.764316440892902,0.837864550203875,0.933344322198738,0.814315878213423,0.827541260878458
"070074","SANT'ELIA A PIANISI",0.64830572926062,0.683141509636492,0.921247811920708,0.691276038695771,0.716828457942986
"070075","SEPINO",0.648359745677401,0.687050772521269,0.925785425358946,0.693513275725296,0.719321292351257
"070076","SPINETE",0.663368102148016,0.697208278617096,0.920557869875476,0.704315158331848,0.72834212628114
"070077","TAVENNA",0.69469944145931,0.767054542107075,0.929997059558745,0.750788998560748,0.770701005338303
"070078","TERMOLI",0.425786852631013,0.378569558547127,0.909593262992661,0.452919711329429,0.503661217069788
"070079","TORELLA DEL SANNIO",0.697845472207523,0.752528177271008,0.923768218486184,0.745044964113958,0.76490310348865
"070080","TORO",0.662304724677293,0.699031698803186,0.925170161116213,0.705118406677837,0.729568601615434
"070081","TRIVENTO",0.588058769742955,0.613387179697624,0.929018387927842,0.633552516041045,0.6663820573618
"070082","TUFARA",0.67044558648241,0.736697084910652,0.927388062999515,0.725953008426829,0.748334681157128
"070083","URURI",0.606972183926359,0.619650702404575,0.916560744333027,0.643636373282223,0.673961303398979
"070084","VINCHIATURO",0.589274329252511,0.593727263205124,0.921388023281293,0.624489518934065,0.657478241639312
"071001","ACCADIA",0.609373562241401,0.628095631057088,0.918042006622538,0.648665337646574,0.678596078643904
"071002","ALBERONA",0.663168510918426,0.720558744009578,0.920229817383009,0.714700246455903,0.737536865447804
"071003","ANZANO DI PUGLIA",0.668948563208694,0.715788047213775,0.919608459201468,0.715092320610258,0.737816336009281
"071004","APRICENA",0.529666284274406,0.533687392960999,0.92848675205309,0.571357829961241,0.61103882130478
"071005","ASCOLI SATRIANO",0.570570157525483,0.585991044270021,0.924841209310694,0.612936661739046,0.64759272258034
"071006","BICCARI",0.610192961721475,0.632195094164121,0.924597419204777,0.651534367068996,0.681874706195194
"071007","BOVINO",0.612356747201339,0.637238114677179,0.928007020609958,0.655118389906329,0.685439348873399
"071008","CAGNANO VARANO",0.577334873864185,0.598821889851872,0.922954535868938,0.62156599725912,0.655053612660211
"071009","CANDELA",0.614472809164368,0.637584894223253,0.923734066557307,0.65579937318016,0.68556989466651
"071010","CARAPELLE",0.585583919005202,0.608684324644633,0.92901156617976,0.630321866260402,0.663509610695886
"071011","CARLANTINO",0.664447548891425,0.722168191596152,0.924329568968978,0.716410040116308,0.739512209988826
"071012","CARPINO",0.601322379175844,0.635359944210475,0.924452485554605,0.648952294079304,0.679563426465449
"071013","CASALNUOVO MONTEROTARO",0.630502419918476,0.682415294841272,0.923691347780767,0.683182106419963,0.709905355460052
"071014","CASALVECCHIO DI PUGLIA",0.645952165529092,0.684898463578122,0.924706621885571,0.691353445286803,0.71728157602
"071015","CASTELLUCCIO DEI SAURI",0.62964964818218,0.661855155758573,0.927994477666052,0.673976609539944,0.702200817109512
"071016","CASTELLUCCIO VALMAGGIORE",0.668865928793146,0.709671963235807,0.928898312145062,0.713231882627535,0.737194819240594
"071017","CASTELNUOVO DELLA DAUNIA",0.661576713992441,0.693464349103273,0.916263583670892,0.701394836760161,0.725269141972464
"071018","CELENZA VALFORTORE",0.675765790770435,0.724554098793537,0.931432800732777,0.723287230377066,0.746414515972145
"071019","CELLE DI SAN VITO",0.764363096824618,0.847135543992061,0.934884342349037,0.818662822602409,0.831576324796479
"071020","CERIGNOLA",0.446763169966885,0.433347400119757,0.911401128859729,0.487189869424962,0.534324453806602
"071021","CHIEUTI",0.655281482098907,0.698806440931117,0.924513520125358,0.701790917376046,0.726537873237081
"071022","DELICETO",0.590835964846474,0.610431490664978,0.927569838320141,0.633327338812167,0.666020949868609
"071023","FAETO",0.660016404033236,0.712415232636626,0.9168856248835,0.709282798989788,0.732349779644645
"071024","FOGGIA",0.353614199026864,0.298926117106803,0.883972983210831,0.382040440581233,0.437810723095633
"071025","ISCHITELLA",0.602502869783768,0.627475908837316,0.922013526422862,0.645691803021774,0.676394216733006
"071026","ISOLE TREMITI",0.68448926253939,0.718896132269877,0.908975940528547,0.722421021717025,0.743149346029416
"071027","LESINA",0.573022381493741,0.591152579551492,0.926280062160812,0.616506738686436,0.650925996850256
"071028","LUCERA",0.456204457086675,0.434168796365253,0.916640751307211,0.492332039184088,0.539477451642213
"071029","MANFREDONIA",0.43401717601834,0.408777849608916,0.915195594185414,0.470777320950807,0.520157129087985
"071031","MATTINATA",0.574532576959431,0.586523254827621,0.922275458534613,0.614702670157634,0.648877424421743
"071032","MONTELEONE DI PUGLIA",0.660961987757375,0.696925699677751,0.916897229775869,0.702739182323394,0.726534520929224
"071033","MONTE SANT'ANGELO",0.532527856630746,0.528935943805314,0.926155185816984,0.570274228777925,0.609816557337821
"071034","MOTTA MONTECORVINO",0.658549402010871,0.709115840954906,0.924649924474167,0.707914351782017,0.731996082081144
"071035","ORSARA DI PUGLIA",0.6164206439158,0.640504735721349,0.920442143254826,0.6576606351622,0.686858580505825
"071036","ORTA NOVA",0.519294949733872,0.525546496228026,0.92362713829726,0.56254136451258,0.602662006044211
"071037","PANNI",0.664823731455576,0.726213380416711,0.924192959643621,0.718385996306892,0.741253436677639
"071038","PESCHICI",0.599650539010224,0.627268380585389,0.919590491757298,0.644072562993756,0.674685666189705
"071039","PIETRAMONTECORVINO",0.613953876304088,0.637372368774935,0.925370759240671,0.655633886209627,0.685604649879743
"071040","POGGIO IMPERIALE",0.649554080091843,0.689919179790662,0.936065719681131,0.69636953891524,0.723002447889228
"071041","RIGNANO GARGANICO",0.63551169948419,0.668141255070159,0.927621097526267,0.679405939302084,0.706985401326993
"071042","ROCCHETTA SANT'ANTONIO",0.640588488597543,0.673585589846847,0.926094584441225,0.683987793744098,0.710888548266001
"071043","RODI GARGANICO",0.595219178478285,0.612939240765411,0.918031281098665,0.63547441676953,0.666869623917211
"071044","ROSETO VALFORTORE",0.707698427372264,0.759972977321027,0.920650193907525,0.752517151502733,0.771198600658821
"071046","SAN GIOVANNI ROTONDO",0.457371111774879,0.421480168115921,0.917658659116131,0.487248941862473,0.535072243779546
"071047","SAN MARCO IN LAMIS",0.517609771214672,0.506460262413669,0.922091566209511,0.553040671753704,0.594046326693239
"071048","SAN MARCO LA CATOLA",0.657572031690192,0.718184461980292,0.918179399597385,0.710908362111457,0.733938477387671
"071049","SAN NICANDRO GARGANICO",0.528638097908369,0.536511701281625,0.924880536020841,0.571805463237582,0.611036026880166
"071050","SAN PAOLO DI CIVITATE",0.587038474647099,0.612105050714525,0.926659859397508,0.632280572352482,0.664989382024151
"071051","SAN SEVERO",0.440322833819148,0.421023599591107,0.915322535529119,0.479138148587527,0.527603080469926
"071052","SANT'AGATA DI PUGLIA",0.645033311382114,0.682124648365469,0.930590692149153,0.690280151101328,0.716981322328864
"071053","SERRACAPRIOLA",0.611767888525861,0.643228501454897,0.92534362428788,0.657282737920129,0.687067280849879
"071054","STORNARA",0.593342785934168,0.620226962390963,0.923605311143387,0.638466917860647,0.67014896155873
"071055","STORNARELLA",0.595141371274252,0.615515735953962,0.923918568889354,0.637187555141632,0.669046556669156
"071056","TORREMAGGIORE",0.502691323956387,0.497209966395873,0.918315693588137,0.541787150017331,0.583623654858532
"071058","TROIA",0.545966571118208,0.542041103440928,0.920020684231802,0.581605521974792,0.619207206670015
"071059","VICO DEL GARGANO",0.556178055471259,0.565603898833921,0.921125020903124,0.596914381527643,0.632937785902697
"071060","VIESTE",0.519881972275992,0.522426738586074,0.916331257487405,0.56067204563667,0.600189735842307
"071061","VOLTURARA APPULA",0.754328193328475,0.819473548683761,0.927436894516049,0.800954473357111,0.815008075708104
"071062","VOLTURINO",0.662008327688659,0.700863416389478,0.931891554841016,0.706481440319263,0.731527008599458
"071063","ORDONA",0.635136426305004,0.675562944705662,0.934342490094745,0.683248965964274,0.711148246423216
"071064","ZAPPONETA",0.63024569511221,0.670652271108076,0.92707871344552,0.678111956143681,0.705774929177219
"072001","ACQUAVIVA DELLE FONTI",0.47242603834566,0.448326626698092,0.921133855459466,0.506452084815635,0.552527837109394
"072002","ADELFIA",0.505404979431401,0.495645394239891,0.926428734210003,0.543115541573082,0.585705896310518
"072003","ALBEROBELLO",0.520266032416316,0.515655981796027,0.922458472054845,0.558410753601039,0.598860500095906
"072004","ALTAMURA",0.414117345314151,0.383707669291073,0.912025882946159,0.450223844866967,0.501535182431321
"072006","BARI",0.294597937694417,0.219247111122656,0.830485313087709,0.314278803276454,0.371635082144371
"072008","BINETTO",0.628043305393597,0.641515558985721,0.929992603935839,0.664300749364277,0.693822066538895
"072010","BITETTO",0.520871501056223,0.511625727039537,0.930794583603216,0.557703211003414,0.599157807958947
"072011","BITONTO",0.43136840997324,0.401597989223738,0.913507805900183,0.466185660228658,0.515888120858828
"072012","BITRITTO",0.508253530758173,0.489742182017941,0.923481944218687,0.54144626517112,0.583894673954183
"072014","CAPURSO",0.512231131836779,0.509191053730358,0.929150651188792,0.552555048624091,0.594399004464613
"072015","CASAMASSIMA",0.489174137717143,0.475592565536324,0.925496625825989,0.526694679046659,0.571006006466585
"072016","CASSANO DELLE MURGE",0.500111578923288,0.487701479153772,0.923769798406931,0.53689285597537,0.57987918291221
"072017","CASTELLANA GROTTE",0.479610148366987,0.463878350680637,0.920505099924142,0.516620334563845,0.561496419603878
"072018","CELLAMARE",0.57325847433633,0.579649336808859,0.932269828405865,0.612035497855921,0.647617090139248
"072019","CONVERSANO",0.457693278254243,0.430717300696339,0.915182774076509,0.491303037935413,0.538400786395535
"072020","CORATO",0.439945505959959,0.41608448303041,0.918139553727865,0.477027450418452,0.52603990634172
"072021","GIOIA DEL COLLE",0.466333016576389,0.446294329816414,0.924404618882002,0.503122767764962,0.549931862333522
"072022","GIOVINAZZO",0.482321247595641,0.461274149802856,0.925387957750891,0.517156724604413,0.562515750509577
"072023","GRAVINA IN PUGLIA",0.441834215388005,0.415097489959846,0.913161448081454,0.476935412214678,0.525404971755431
"072024","GRUMO APPULA",0.534748824724908,0.537110247151833,0.927013962363027,0.575037978580836,0.614146421223302
"072025","LOCOROTONDO",0.507968460051346,0.504679764227127,0.92507890143764,0.548199591069077,0.590075069998917
"072027","MODUGNO",0.458849831568755,0.441357850535658,0.924634553891157,0.497556912336102,0.545009983619997
"072028","MOLA DI BARI",0.475144080173226,0.456328491472661,0.91902990290323,0.511065647530972,0.556395009239001
"072029","MOLFETTA",0.421718541383823,0.387851285665252,0.915111391363297,0.455817561308413,0.506850209092289
"072030","MONOPOLI",0.428544893311012,0.399178246361274,0.910459520410659,0.463521364893595,0.513181159951046
"072031","NOCI",0.483842587142992,0.470405425136832,0.921617875164396,0.52157339304236,0.566022779944809
"072032","NOICATTARO",0.464952548578411,0.443337277816517,0.919620733911717,0.500692495268889,0.547240077340315
"072033","PALO DEL COLLE",0.495204715076314,0.48880060141931,0.928830351866236,0.535685427609654,0.579368196971497
"072034","POGGIORSINI",0.629344816559767,0.682637005448468,0.926075685248446,0.68299938842855,0.710007865852983
"072035","POLIGNANO A MARE",0.495331482167454,0.486469654484611,0.922527367688108,0.53406324826224,0.577225928198447
"072036","PUTIGNANO",0.459875431937218,0.439842752925893,0.918467225084052,0.496719905696805,0.543580718962055
"072037","RUTIGLIANO",0.500515747717877,0.493786802079536,0.921832593088972,0.539619406717733,0.582087538536759
"072038","RUVO DI PUGLIA",0.478085467533755,0.462828143995984,0.921878538208515,0.515598979009234,0.560741152253599
"072039","SAMMICHELE DI BARI",0.547871615269684,0.548071918007508,0.924584635277525,0.585633053502489,0.623294340366382
"072040","SANNICANDRO DI BARI",0.532842127142723,0.529316277960017,0.919652965077947,0.569936578804028,0.608793955056685
"072041","SANTERAMO IN COLLE",0.478304577142027,0.465460773486734,0.919660848053129,0.516660492588255,0.56143830986213
"072043","TERLIZZI",0.468908507892498,0.447329408460453,0.917853087393809,0.504092371098209,0.550065784019942
"072044","TORITTO",0.553358563832572,0.559594796439462,0.925880860118606,0.593417098134276,0.630357516132535
"072046","TRIGGIANO",0.469659114888135,0.450099500855329,0.921771248718427,0.506068501956401,0.552257696041071
"072047","TURI",0.508549397050789,0.499210570150915,0.922627180813234,0.54575470332209,0.587629423043329
"072048","VALENZANO",0.49403255853752,0.477369818968935,0.927577035845119,0.529888773462416,0.574076358171606
"073001","AVETRANA",0.571979828606272,0.591870625104295,0.926004063255512,0.616333110495306,0.650740994135329
"073002","CAROSINO",0.558387663170862,0.562326848742074,0.937126400132632,0.598034170374084,0.635711084791701
"073003","CASTELLANETA",0.494733459206633,0.484893653073725,0.923639831358291,0.53319618366199,0.576578811183801
"073004","CRISPIANO",0.521171708856493,0.524597606889713,0.937982445318132,0.564394436617606,0.605904215362109
"073005","FAGGIANO",0.634254618570543,0.672451017908893,0.946114010524069,0.682628937468153,0.711905056696588
"073006","FRAGAGNANO",0.589449009825501,0.614127841394056,0.938845316795668,0.635494114728368,0.669199803846956
"073007","GINOSA",0.490967485470005,0.484714020685529,0.919081822666495,0.53096486003664,0.574088966995513
"073008","GROTTAGLIE",0.460076442895062,0.439239821059428,0.919724933911229,0.496664812170644,0.543671492364042
"073009","LATERZA",0.510163725913942,0.503523607538949,0.923514999318367,0.548510799985638,0.59017793324483
"073010","LEPORANO",0.530638729395896,0.521144939885007,0.932501820281588,0.566552833204565,0.607213831768679
"073011","LIZZANO",0.555608817549655,0.569873532255613,0.929191742560186,0.599386231668389,0.636031288434144
"073012","MANDURIA",0.469964594801054,0.458323599723395,0.918835802927838,0.509613267828786,0.555082438395347
"073013","MARTINA FRANCA",0.428272310035417,0.400049360950711,0.914322247175024,0.46417697666126,0.514193117829456
"073014","MARUGGIO",0.569518461581464,0.582254095249751,0.926330544538556,0.610930705027902,0.645975131640197
"073015","MASSAFRA",0.462968578964039,0.447765888253687,0.921453235979193,0.501975833845896,0.548584434082929
"073016","MONTEIASI",0.587965839585155,0.608586841079156,0.943742183197483,0.632822924618688,0.667369508905221
"073017","MONTEMESOLA",0.610551091125605,0.641159471185591,0.941879301539023,0.657457683193941,0.689060085232283
"073018","MONTEPARANO",0.633323395050677,0.664535280215032,0.93980220548769,0.678016624418338,0.707103911203822
"073019","MOTTOLA",0.512916594876124,0.513295147247905,0.929994441967598,0.554794728152573,0.596483585243131
"073020","PALAGIANELLO",0.565768079761444,0.584186571272329,0.932132330852512,0.610692826050449,0.646408326584012
"073021","PALAGIANO",0.508865802188258,0.507687706391353,0.925629873303128,0.550012066191138,0.59174737809247
"073022","PULSANO",0.530583473719406,0.533581942616237,0.934375727017791,0.572312010052818,0.612541311937815
"073023","ROCCAFORZATA",0.653300873215444,0.698860445258209,0.947859323819464,0.703258525695091,0.730436392153354
"073024","SAN GIORGIO IONICO",0.518232914875266,0.51379882132678,0.936383751772559,0.558052656468176,0.60008944483533
"073025","SAN MARZANO DI SAN GIUSEPPE",0.559363373115801,0.574603363760123,0.934435924569677,0.603728624051133,0.640473879664305
"073026","SAVA",0.519455048708325,0.524735900571958,0.926554577629563,0.562541384939084,0.602987295238026
"073027","TARANTO",0.345933158069386,0.29485130399662,0.881735522083866,0.376526560138089,0.432660889243176
"073028","TORRICELLA",0.602529498129425,0.631647541151289,0.930941753225758,0.648473842998897,0.679859166357437
"073029","STATTE",0.541902087500705,0.556108578214668,0.944255348656561,0.588530334437574,0.628055336017462
"074001","BRINDISI",0.396777498290297,0.358983894508603,0.911197349684501,0.431212361727955,0.48454402705646
"074002","CAROVIGNO",0.511201864408707,0.510397101655434,0.921156033112445,0.551835138040108,0.592870793048145
"074003","CEGLIE MESSAPICA",0.500469366532529,0.497473119696789,0.92026911769652,0.541101030572845,0.583230818031031
"074004","CELLINO SAN MARCO",0.569568366668914,0.588588266089441,0.929967865367393,0.614167271277999,0.649256226176821
"074005","CISTERNINO",0.519498370358882,0.514687824023719,0.921336829819888,0.557517470454159,0.597941843717018
"074006","ERCHIE",0.56116440060506,0.579499244974096,0.928751418342498,0.60617378234487,0.642015741900162
"074007","FASANO",0.451451054451802,0.43636858310002,0.913944307507262,0.490913267649046,0.537916716522181
"074008","FRANCAVILLA FONTANA",0.460309820584515,0.44429699810547,0.919132161417285,0.498986284552222,0.545669159759451
"074009","LATIANO",0.522368997712467,0.525799019551639,0.927023156435832,0.564377923412431,0.604671838192809
"074010","MESAGNE",0.473454009393765,0.460348993186354,0.921763968307586,0.512387747991812,0.557873994693565
"074011","ORIA",0.516142196979592,0.515406755846401,0.924273303043822,0.556624359076079,0.597474241739162
"074012","OSTUNI",0.449840425076145,0.422983332193791,0.915773841199036,0.484348074891375,0.532284271147782
"074013","SAN DONACI",0.565201407530845,0.580466391412225,0.932401719281888,0.60879068145257,0.644747463433605
"074014","SAN MICHELE SALENTINO",0.570865577908119,0.58851288993917,0.923224252465009,0.614042735777781,0.648396237631917
"074015","SAN PANCRAZIO SALENTINO",0.544450779644596,0.552648719737534,0.929916429798125,0.586686417701771,0.624823085712477
"074016","SAN PIETRO VERNOTICO",0.521686725026466,0.52157913392164,0.926646094576529,0.5621342459843,0.602635562494548
"074017","SAN VITO DEI NORMANNI",0.502623134644925,0.498026566031817,0.925248630498051,0.542817228354339,0.585309606370307
"074018","TORCHIAROLO",0.581657729758642,0.600188056553111,0.929146941901306,0.62474529803042,0.658567702904963
"074019","TORRE SANTA SUSANNA",0.542007246775208,0.548382886024421,0.923606328173257,0.583036192577159,0.620877318754503
"074020","VILLA CASTELLI",0.554901667200546,0.568423234544982,0.928434348969286,0.598339640682416,0.635016830492068
"075002","ALESSANO",0.561314926253717,0.568082754842288,0.918976867514275,0.600126643244629,0.635554445941257
"075003","ALEZIO",0.566315086244657,0.57565513548505,0.921950825367975,0.606081682315165,0.641178253765478
"075004","ALLISTE",0.573879433429145,0.590487951257096,0.919490307660584,0.615914353874867,0.649645015406613
"075005","ANDRANO",0.573883224208774,0.577138046515931,0.923410462313638,0.610300618057481,0.64509060075261
"075006","ARADEO",0.547389460170694,0.555222678211478,0.920276784428109,0.588203140714788,0.625100212238491
"075007","ARNESANO",0.581314607942249,0.588518264737106,0.926004109223399,0.61902520362805,0.653133970916422
"075008","BAGNOLO DEL SALENTO",0.649088304156684,0.692343331757447,0.931492299775035,0.696793466138863,0.72287111432066
"075009","BOTRUGNO",0.62096262741781,0.646124153132345,0.926615391669986,0.662850590414568,0.692157790554059
"075010","CALIMERA",0.533344922534221,0.519070761117562,0.919398462198333,0.565526903863136,0.60484596590038
"075011","CAMPI SALENTINA",0.52541911885611,0.515650757462288,0.922048442335374,0.560686288576816,0.600837638994434
"075012","CANNOLE",0.662985767936829,0.711220613566824,0.93359867285172,0.711752738961816,0.736402287171805
"075013","CAPRARICA DI LECCE",0.613446207411867,0.636592026707334,0.932163146739148,0.655733520027555,0.68644792299551
"075014","CARMIANO",0.526725074791692,0.524954787964366,0.922045193987434,0.56546045763897,0.60508098389991
"075015","CARPIGNANO SALENTINO",0.593242228364072,0.612754958800076,0.923578809280965,0.635056615151963,0.667114636721852
"075016","CASARANO",0.493298694659828,0.483592406604994,0.921429421807027,0.531743937749873,0.575042324867334
"075017","CASTRI DI LECCE",0.618357075088085,0.645693158237311,0.930239610113215,0.66184656600775,0.691668015352801
"075018","CASTRIGNANO DE' GRECI",0.600107257946662,0.61868937029056,0.917288823019225,0.640187365008673,0.670976415898734
"075019","CASTRIGNANO DEL CAPO",0.566900058478118,0.573962024949962,0.919557279103637,0.605343665453,0.640256289191959
"075020","CAVALLINO",0.493735471264489,0.46599952840395,0.917969272312152,0.523677677082012,0.567487854329806
"075021","COLLEPASSO",0.581997552423315,0.601221001088851,0.929001327953373,0.625348481875812,0.659087686995541
"075022","COPERTINO",0.490684542208891,0.483630696885965,0.920341109088738,0.530475968501559,0.57379431745569
"075023","CORIGLIANO D'OTRANTO",0.56853334660883,0.576185612235549,0.924399593224457,0.607563490802416,0.642767502182643
"075024","CORSANO",0.567145611869752,0.572119441062939,0.914148120915153,0.604084085911226,0.638535645356107
"075025","CURSI",0.596808135745608,0.618911061259019,0.924941406081552,0.639567779260237,0.671275960018161
"075026","CUTROFIANO",0.547120645935437,0.55667872167503,0.926328730174196,0.58934258844213,0.626785493079026
"075027","DISO",0.601618848167937,0.619583494486457,0.92756251016397,0.642297305210874,0.673993439094552
"075028","GAGLIANO DEL CAPO",0.584189252624617,0.599925100280649,0.922626025071596,0.625114061314529,0.658170946176425
"075029","GALATINA",0.46667648185522,0.44388444748317,0.918025324553845,0.50155495065766,0.547829436646125
"075030","GALATONE",0.512185764164879,0.506732428126082,0.921227146121223,0.550635901143054,0.591812706140629
"075031","GALLIPOLI",0.482755170607604,0.461716119672234,0.915269827805282,0.516539063406456,0.560842481672992
"075032","GIUGGIANELLO",0.652653580310353,0.686150883892013,0.92570828130889,0.695032837021954,0.720663441942724
"075033","GIURDIGNANO",0.635820301633386,0.669560280024929,0.92664173138092,0.680085434884334,0.70748057893951
"075034","GUAGNANO",0.573637368447521,0.589482461303977,0.925551707599166,0.615959094148091,0.650358273420432
"075035","LECCE",0.349697656650011,0.274075149190668,0.891275755729439,0.369825338201249,0.427764273482159
"075036","LEQUILE",0.538081775332279,0.535616551196025,0.923235689663897,0.575487815904126,0.614126468544101
"075037","LEVERANO",0.51866061014818,0.522022235417014,0.920985726919093,0.560405853196247,0.600470283609896
"075038","LIZZANELLO",0.522547911187432,0.51801800096199,0.923525334493147,0.560607193916555,0.600931431758398
"075039","MAGLIE",0.479482900496152,0.44756796538787,0.914342938657504,0.50860718351356,0.55368893408511
"075040","MARTANO",0.546067174557196,0.554345876452326,0.924318053541013,0.587617678308386,0.625028831112011
"075041","MARTIGNANO",0.643573954871954,0.666163553670415,0.92741440198935,0.682123319043001,0.709377883814818
"075042","MATINO",0.534022501208807,0.542022315298305,0.92455439230554,0.576675606658755,0.615328805063953
"075043","MELENDUGNO",0.526787941351127,0.525382130336454,0.919035238344339,0.565380056093846,0.6046750763439
"075044","MELISSANO",0.567843608201491,0.585326955321938,0.922446977460019,0.611171451331545,0.645757620901376
"075045","MELPIGNANO",0.62504515603301,0.649878446667835,0.918841021953699,0.66559972341075,0.693737645471078
"075046","MIGGIANO",0.608463287060116,0.627615659112164,0.926993495269765,0.648934875304503,0.679830277522865
"075047","MINERVINO DI LECCE",0.610926285604111,0.640450548548475,0.929074356811949,0.656027011049859,0.686365605023425
"075048","MONTERONI DI LECCE",0.517216573384971,0.513019143038649,0.923254754849564,0.555931547875586,0.596745237539361
"075049","MONTESANO SALENTINO",0.596066931778773,0.603286966728523,0.917953491719688,0.631504603500252,0.663332257746856
"075050","MORCIANO DI LEUCA",0.608518823799253,0.636578078312493,0.92200470638569,0.652494076588855,0.682439702121836
"075051","MURO LECCESE",0.578682489733939,0.588603974428115,0.924261872284689,0.617705096101393,0.651766960121759
"075052","NARDÒ",0.458540042011147,0.437828892489409,0.914493857048369,0.494815406230087,0.541446345209897
"075053","NEVIANO",0.589713535565236,0.608787685163986,0.925005977289086,0.631826147057058,0.664401683749506
"075054","NOCIGLIA",0.632604334886332,0.657722398769293,0.930371450779615,0.673684175222993,0.702204983618173
"075055","NOVOLI",0.539782323216644,0.536431758791212,0.919547725252869,0.576251109428822,0.614395177853716
"075056","ORTELLE",0.617642909905222,0.637489363688883,0.922856714304543,0.657095194547801,0.68662425229855
"075057","OTRANTO",0.545601503830856,0.542443931940502,0.917540517944373,0.581374497891548,0.618726277897418
"075058","PALMARIGGI",0.660920090483167,0.698521301985914,0.928242055659063,0.704572832176993,0.729424968119445
"075059","PARABITA",0.536917686608058,0.538463949458358,0.920682280515134,0.5759899642814,0.614289110529593
"075060","PATÙ",0.649284111485995,0.687360495355245,0.929795866564062,0.694469659734964,0.720617016049308
"075061","POGGIARDO",0.55476065969763,0.554293309258261,0.918427025397497,0.590916988569901,0.627306992661856
"075063","RACALE",0.533709147678117,0.536898588813267,0.917469691880104,0.573520450609133,0.611737032972574
"075064","RUFFANO",0.550696742370564,0.567194964321517,0.925715848077767,0.595622852819213,0.632299852292386
"075065","SALICE SALENTINO",0.559103213190386,0.569920247903526,0.928622540525201,0.60092281154478,0.637333892542605
"075066","SALVE",0.586961099107094,0.60743180171629,0.917906408566117,0.629267446227135,0.661338442042577
"075067","SANARICA",0.655889423196451,0.691465295278903,0.931734853888362,0.699483108702746,0.725288858167814
"075068","SAN CESARIO DI LECCE",0.536298544153824,0.529755615634181,0.925128981458255,0.572237270050428,0.611447460206853
"075069","SAN DONATO DI LECCE",0.574000209556773,0.587167372639997,0.932196823008539,0.6157450942894,0.650906397480416
"075070","SANNICOLA",0.572291528868946,0.58863876792023,0.926026763202701,0.615021309875399,0.649577471356211
"075071","SAN PIETRO IN LAMA",0.599485563165373,0.619299520749148,0.925780959486655,0.6410313837102,0.67267022546314
"075072","SANTA CESAREA TERME",0.591623421875055,0.601704803640483,0.920355201136186,0.629033221595611,0.661402330433453
"075073","SCORRANO",0.56008526925629,0.567053531066912,0.923595678989104,0.599572028044352,0.635574655927102
"075074","SECLÌ",0.63382832413353,0.664792541208251,0.929109730817483,0.67729036248555,0.705270292300209
"075075","SOGLIANO CAVOUR",0.584344595879719,0.592293973366982,0.91968275768169,0.621455631929185,0.654591979235018
"075076","SOLETO",0.565628007588203,0.569693663083619,0.929632657414368,0.603858017543757,0.640055199751603
"075077","SPECCHIA",0.586672025464179,0.598906830231139,0.918686325568435,0.625379117619737,0.657968807391814
"075078","SPONGANO",0.596387968286221,0.606437143987538,0.921166607254328,0.633387961248625,0.665363366360369
"075079","SQUINZANO",0.522577738938027,0.522613034135413,0.924943285967363,0.562830176479785,0.603064966422849
"075080","STERNATIA",0.600850388384355,0.606958380984621,0.925822057071336,0.636096151923173,0.668287919161858
"075081","SUPERSANO",0.600029626242987,0.628670894648472,0.928027294188417,0.645717963819998,0.677085667194267
"075082","SURANO",0.645802682541034,0.678574705651672,0.929015997787635,0.688871424465481,0.715554154834609
"075083","SURBO",0.518859416490637,0.514054859160189,0.923249334381502,0.557136357481022,0.597815577136631
"075084","TAURISANO",0.542890397656997,0.553129903381686,0.921163627828909,0.585325498250299,0.622640845981255
"075085","TAVIANO",0.521025537937788,0.517843632631929,0.917129446416609,0.559204071398033,0.598973557511209
"075086","TIGGIANO",0.610975957768194,0.623154521143828,0.921850307582718,0.647543746268682,0.678022253081353
"075087","TREPUZZI",0.509805081001736,0.502037033356862,0.923338840777307,0.5476628355391,0.589404613898901
"075088","TRICASE",0.482056930520954,0.455242273228976,0.914286489652735,0.513213290652742,0.557776979430519
"075089","TUGLIE",0.577123782854968,0.594243404284221,0.922978225618623,0.619413056774498,0.6531425199794
"075090","UGENTO",0.53263635900618,0.53769834691592,0.916087714536643,0.573259389118609,0.611351425276168
"075091","UGGIANO LA CHIESA",0.591163321029276,0.61334691340803,0.926477738913149,0.634677379388102,0.667099641557552
"075092","VEGLIE",0.528992494751443,0.534108055529076,0.923765879988126,0.570771835625046,0.609993396109833
"075093","VERNOLE",0.566925286679685,0.578348456756796,0.930575852697772,0.608430769816194,0.644224667914147
"075094","ZOLLINO",0.621248244131291,0.641166378094804,0.924838074165669,0.66057038741831,0.689933463723572
"075095","SAN CASSIANO",0.618825981734543,0.63309610212968,0.9222352371564,0.655588461454541,0.685215880976969
"075096","CASTRO",0.621052834291957,0.645112379003945,0.931102231870402,0.662884569170196,0.692686531692441
"075097","PORTO CESAREO",0.563169254892372,0.572685574029688,0.917279205037786,0.602862593518706,0.637797772576381
"075098","PRESICCE-ACQUARICA",0.546517037353138,0.555915835691355,0.915557509115516,0.587650543781573,0.6240846510409
"076001","ABRIOLA",0.670901243333798,0.715854010660076,0.927060212003951,0.716745885497638,0.74011414399834
"076002","ACERENZA",0.615343324162692,0.634664458141041,0.91940188210976,0.654443690247655,0.683883489343445
"076003","ALBANO DI LUCANIA",0.649081961295175,0.674065979861338,0.925764523088754,0.687993025829306,0.714412081080356
"076004","ANZI",0.663198856452525,0.708120537783214,0.930715436565523,0.710165271062635,0.7346708450074
"076005","ARMENTO",0.677400981207271,0.739896655189731,0.929460919575408,0.730730028336192,0.752811238473883
"076006","ATELLA",0.591365827009475,0.60407192443282,0.924780837809932,0.630425071930026,0.663131268138904
"076007","AVIGLIANO",0.516974922002831,0.508823254773711,0.924782417796955,0.554087421329139,0.595275754270008
"076008","BALVANO",0.657762216018111,0.702162002588557,0.934453934143763,0.705411291787377,0.73086047427142
"076009","BANZI",0.657287135345778,0.692335351476803,0.922076857301664,0.699537804800328,0.724264366189365
"076010","BARAGIANO",0.611431916221042,0.630085000638939,0.927448456830112,0.651427458270003,0.682096458110015
"076011","BARILE",0.607118682567846,0.621148026065804,0.92490229254298,0.645210248139441,0.676287141962056
"076012","BELLA",0.588930565104157,0.611690758403133,0.928320066924109,0.633111602270692,0.665912542787738
"076013","BRIENZA",0.595411129136082,0.614177120337675,0.924573659895055,0.636772078252697,0.668750031768514
"076014","BRINDISI MONTAGNA",0.650214887190667,0.701262079084045,0.926058412558517,0.700770476079473,0.725802469021589
"076015","CALVELLO",0.643765998349198,0.675203824497042,0.924270449892957,0.685963465270104,0.712442019117088
"076016","CALVERA",0.720459704451003,0.800828377874147,0.932486766095835,0.777828313655901,0.795012586149227
"076017","CAMPOMAGGIORE",0.715140382375042,0.764693830226131,0.930562548891262,0.758981650559654,0.778046194818722
"076018","CANCELLARA",0.661678689888082,0.689593080917787,0.919687657742543,0.700041062636895,0.724446239870856
"076019","CARBONE",0.700533984849074,0.778459510497889,0.928541529184779,0.758401225824611,0.777305703975741
"076020","SAN PAOLO ALBANESE",0.714469061536027,0.767093161895637,0.917732567546706,0.758476257298919,0.776171402882007
"076021","CASTELGRANDE",0.666924658487184,0.731105116067963,0.927122541040471,0.721825652653863,0.744636418030153
"076022","CASTELLUCCIO INFERIORE",0.620937199479575,0.643746978264991,0.932885434079902,0.662396423393045,0.692450757913807
"076023","CASTELLUCCIO SUPERIORE",0.656917466442553,0.713638620555368,0.925865255987461,0.70933676474781,0.733395485996661
"076024","CASTELMEZZANO",0.727344101305534,0.789756711072598,0.935293310540924,0.776224696624252,0.793898987059438
"076025","CASTELSARACENO",0.654464864313229,0.690253156967353,0.924744294225814,0.697597538998843,0.722836067357396
"076026","CASTRONUOVO DI SANT'ANDREA",0.684494723894904,0.740083876884504,0.928718477459711,0.733932218096704,0.755575135803705
"076027","CERSOSIMO",0.700475230978412,0.7489853653199,0.924535421084168,0.744710810442657,0.764691322736158
"076028","CHIAROMONTE",0.64545731510424,0.678264107901053,0.927536394851241,0.688428279837506,0.714995848172366
"076029","CORLETO PERTICARA",0.621495379750586,0.649829145860325,0.940235403948976,0.666119576919808,0.69657689103416
"076030","EPISCOPIA",0.656831210532008,0.695220853688682,0.926587669699678,0.701082195869278,0.726138359628211
"076031","FARDELLA",0.671723382338069,0.729254633039561,0.922687811277296,0.722708888047663,0.744928768406511
"076032","FILIANO",0.606269680121289,0.624470176947625,0.927132860724227,0.646546221753434,0.677722514972411
"076033","FORENZA",0.642883236270802,0.682459666079468,0.922830736687491,0.688687379726371,0.714703308277606
"076034","FRANCAVILLA IN SINNI",0.592416136711533,0.619140783137959,0.92832699299193,0.638033313231465,0.670288166538183
"076035","GALLICCHIO",0.668723020624872,0.694269991213759,0.916587286766259,0.70500558400401,0.728514662088705
"076036","GENZANO DI LUCANIA",0.572075160466141,0.581639612778803,0.920906069713527,0.611262254931578,0.645667123240683
"076037","GRUMENTO NOVA",0.642812618936786,0.674076935479931,0.928097435646869,0.68541004305221,0.712375308896061
"076038","GUARDIA PERTICARA",0.687633594849187,0.755194973767238,0.939502963302444,0.743223152207636,0.765032020107059
"076039","LAGONEGRO",0.52928733283413,0.503708651859246,0.915063615514791,0.556354554663498,0.596211116980309
"076040","LATRONICO",0.577229800445343,0.589026385132669,0.923506786333308,0.617165962143436,0.651203831497867
"076041","LAURENZANA",0.645069917176398,0.676767015941777,0.927256978782567,0.687552317781436,0.714186169003783
"076042","LAURIA",0.507848543105378,0.497917230801053,0.92389806459095,0.544984404716989,0.587085922480763
"076043","LAVELLO",0.514491849804717,0.509900881504812,0.920011181120752,0.552977847201363,0.593759328747962
"076044","MARATEA",0.549469483676028,0.541493429718251,0.913290793837788,0.582262390411204,0.619043324125269
"076045","MARSICO NUOVO",0.576993239437932,0.584224243978251,0.914908876490232,0.614038755186306,0.64746876866452
"076046","MARSICOVETERE",0.54573777460025,0.536497644148609,0.92572812428616,0.579578750865603,0.618039792356776
"076047","MASCHITO",0.667517607758206,0.719531379652773,0.929544560399076,0.717126500374848,0.740728507044207
"076048","MELFI",0.487272074652576,0.470249881765065,0.922700080413496,0.523154888429288,0.567548798649756
"076049","MISSANELLO",0.692778652820653,0.732474741974862,0.915345540252082,0.73289858168319,0.753170465968622
"076050","MOLITERNO",0.586715002715826,0.596208414298596,0.921926936203997,0.624508231276889,0.657554754046568
"076051","MONTEMILONE",0.667009974342116,0.715820427195427,0.929252813363681,0.715198962028262,0.738982723287753
"076052","MONTEMURRO",0.660802922122771,0.697397130754499,0.924954550073177,0.703685478802089,0.728270931165543
"076053","MURO LUCANO",0.584402360396625,0.602925510192962,0.928109137979247,0.627108455563238,0.660552975831684
"076054","NEMOLI",0.634791363915664,0.659602899569329,0.923237822382067,0.674801200806454,0.702405269870411
"076055","NOEPOLI",0.657412287931795,0.712191947939915,0.925528879077425,0.708874794050012,0.732947470164169
"076056","OPPIDO LUCANO",0.591053488990831,0.599115386785515,0.919737592350038,0.62754975333436,0.660015068780546
"076057","PALAZZO SAN GERVASIO",0.576306364847797,0.589958159883781,0.921196666014429,0.616938702730653,0.650745143095517
"076058","PESCOPAGANO",0.609310996498888,0.617847927049272,0.918315692177785,0.644053084814451,0.674526707854821
"076059","PICERNO",0.575292889913266,0.589253257169941,0.930509603143744,0.617096726501817,0.651920379462031
"076060","PIETRAGALLA",0.580787633092764,0.584057113286029,0.924068880154258,0.616587023885883,0.650751674582369
"076061","PIETRAPERTOSA",0.659415513521947,0.730431844621038,0.931242680134955,0.718555579177839,0.742187479284185
"076062","PIGNOLA",0.536767735420434,0.527628528548998,0.923825394480095,0.571360858234254,0.610523584483792
"076063","POTENZA",0.377267188538941,0.311764594070113,0.900871536292765,0.400151455803351,0.455787020302175
"076064","RAPOLLA",0.591478663669932,0.61107350596867,0.929176376887614,0.634066114026132,0.666856143232964
"076065","RAPONE",0.687526292167774,0.737206922389656,0.93394978026997,0.734524924577841,0.756683241876966
"076066","RIONERO IN VULTURE",0.500853441022261,0.479634322117357,0.917232314229091,0.532942724835737,0.575641568101665
"076067","RIPACANDIDA",0.643339003689948,0.676952502670161,0.929003733480599,0.687031551210109,0.713917349240163
"076068","RIVELLO",0.605207755327832,0.616315714788662,0.921286758078951,0.641814237360317,0.672866739662388
"076069","ROCCANOVA",0.658387930072909,0.696044401012159,0.926226495635427,0.702117198551823,0.727018231561112
"076070","ROTONDA",0.610300741780527,0.633225042155717,0.927628398415107,0.652349442612821,0.682935993257519
"076071","RUOTI",0.621457003033899,0.658126600346132,0.93639419656891,0.669452041177905,0.699112280665795
"076072","RUVO DEL MONTE",0.654606962136065,0.718421657909523,0.92834239462346,0.710697118482861,0.734879926942927
"076073","SAN CHIRICO NUOVO",0.657191039859967,0.691628428817042,0.927636194130687,0.699732380317723,0.725055026296941
"076074","SAN CHIRICO RAPARO",0.640925501063217,0.69215371182709,0.917954110212295,0.691681056821868,0.716822507198582
"076075","SAN COSTANTINO ALBANESE",0.673138669030378,0.733014867211678,0.925040809996954,0.72527317230862,0.747469576496213
"076076","SAN FELE",0.626721927303224,0.66427349548701,0.927192264023506,0.673667166657956,0.701836621920795
"076077","SAN MARTINO D'AGRI",0.688598143760959,0.736343232912454,0.922718969219245,0.733495516424961,0.754520344513214
"076078","SAN SEVERINO LUCANO",0.656320863663085,0.693783587943903,0.926644185906617,0.700211421813806,0.725370617824119
"076079","SANT'ANGELO LE FRATTE",0.633044098055867,0.688021763983297,0.928014162064287,0.687281054124052,0.714029177228523
"076080","SANT'ARCANGELO",0.564272643272215,0.57670678510624,0.923594768566886,0.605800219626993,0.641110725064759
"076081","SARCONI",0.646315520326231,0.672446644056722,0.921005320535387,0.685543506025868,0.711705929860259
"076082","SASSO DI CASTALDA",0.64674132941525,0.693581998594039,0.917519090783368,0.694897406682517,0.719633149360389
"076083","SATRIANO DI LUCANIA",0.609981515594099,0.624464894273371,0.92114163808382,0.647615048248743,0.678006891563752
"076084","SAVOIA DI LUCANIA",0.671697692953124,0.711857870589386,0.925429686657407,0.71514297225987,0.738508162748486
"076085","SENISE",0.559097188111842,0.565056905704191,0.921624533808613,0.598031795598076,0.633986544288136
"076086","SPINOSO",0.662164264093104,0.701846145584144,0.932554094849068,0.707060093839669,0.732114982840713
"076087","TEANA",0.677900983067611,0.730940244413639,0.918890719940149,0.725867624360578,0.74731463498053
"076088","TERRANOVA DI POLLINO",0.661697378667451,0.704620544192545,0.923644839070964,0.707207549194095,0.731256136958191
"076089","TITO",0.552691287937763,0.549720439946403,0.925438267353891,0.588629104283264,0.626052344624445
"076090","TOLVE",0.607354762315086,0.622253234982589,0.925766389179354,0.645900237701889,0.676996476754941
"076091","TRAMUTOLA",0.584604233196733,0.587686805131872,0.926026376823203,0.620133604930193,0.654121690696083
"076092","TRECCHINA",0.628548123467821,0.656941931202114,0.92293386602976,0.670763911204447,0.698782795073926
"076093","TRIVIGNO",0.661380971839199,0.707352237400253,0.921854173625852,0.708115361520339,0.731864118420952
"076094","VAGLIO BASILICATA",0.620704986723036,0.645821959458013,0.931750003455564,0.663112126127029,0.692960779163532
"076095","VENOSA",0.520344756434396,0.513001115153475,0.920579844239501,0.557063626638492,0.597454317483049
"076096","VIETRI DI POTENZA",0.618641557092103,0.64621168242015,0.929795851104197,0.662163542890934,0.691900466025741
"076097","VIGGIANELLO",0.631912613683102,0.671698447997271,0.933411995281484,0.679966177284316,0.708126823728446
"076098","VIGGIANO",0.581867141387731,0.592328606255078,0.930058540008689,0.621393940440133,0.655690007058862
"076099","GINESTRA",0.671271739049019,0.734712923843629,0.934164721035716,0.726109570405263,0.749226809364202
"076100","PATERNO",0.604039884035521,0.629372645767524,0.92636457504127,0.647672095915497,0.678637926929472
"077001","ACCETTURA",0.655139441587197,0.701652311921798,0.927071305315432,0.703263419610591,0.728130962466684
"077002","ALIANO",0.685349512809797,0.74126624495877,0.928427119579556,0.734819802953811,0.756331727023338
"077003","BERNALDA",0.522669496254662,0.519872834405697,0.921930852493556,0.561337134046517,0.601403102762855
"077004","CALCIANO",0.66095556159417,0.718328464130864,0.928933640431658,0.713571175619431,0.737500338376345
"077005","CIRIGLIANO",0.724902918915872,0.799949309016844,0.931098911076854,0.779293393677408,0.796160673388458
"077006","COLOBRARO",0.667027775912948,0.709584634901112,0.92275222021805,0.711750806888132,0.735195408369234
"077007","CRACO",0.680813716665142,0.743917217028688,0.924924584198169,0.73362137858204,0.754877290317166
"077008","FERRANDINA",0.539727898388797,0.539201734398298,0.924739981820689,0.577992332936262,0.616519849478976
"077009","GARAGUSO",0.67957156289632,0.722881950562048,0.928012273959353,0.723905308452201,0.746583860175218
"077010","GORGOGLIONE",0.65353493605013,0.714680327812712,0.927057580882502,0.708402626826529,0.732697621721637
"077011","GRASSANO",0.569887497629804,0.576173941648325,0.920099457189177,0.607737593394076,0.642444467149087
"077012","GROTTOLE",0.638719618586605,0.670113489896335,0.927404784387364,0.681715377256059,0.709014200270649
"077013","IRSINA",0.59345252137514,0.613532339071558,0.927542523302531,0.635897439531267,0.668302448839185
"077014","MATERA",0.388456594592096,0.330865725986556,0.901039848013843,0.413799029061777,0.467936897834229
"077015","MIGLIONICO",0.633966126199934,0.658585660454894,0.929825010004114,0.674630804995084,0.702985716662754
"077016","MONTALBANO JONICO",0.559259055375587,0.560302994743996,0.918106883448942,0.595613610898706,0.631446196737621
"077017","MONTESCAGLIOSO",0.53528271378261,0.535263848425753,0.918014281050521,0.573547381098816,0.611821481093449
"077018","NOVA SIRI",0.546323948006362,0.543099572792544,0.916611319160491,0.581901716275556,0.61909167215166
"077019","OLIVETO LUCANO",0.729319893366686,0.809045935601226,0.942638426741784,0.786528465709739,0.803874016935522
"077020","PISTICCI",0.491264081733265,0.475204182092023,0.915906111188138,0.526501329840194,0.569768527767743
"077021","POLICORO",0.481887550634233,0.459888238163338,0.913994420929563,0.515198547051863,0.559509199704941
"077022","POMARICO",0.605943146869846,0.629868430065866,0.927033599909571,0.648818569612028,0.679731350756199
"077023","ROTONDELLA",0.630437464781323,0.662295769518398,0.924222440524648,0.67415219948734,0.701937781824818
"077024","SALANDRA",0.629864093696672,0.660972651648695,0.937130041761613,0.674589539581576,0.703760706490469
"077025","SAN GIORGIO LUCANO",0.645599273664698,0.69942971496316,0.923700462094288,0.697633091091965,0.722751687870001
"077026","SAN MAURO FORTE",0.67426535742891,0.72431602292731,0.927144989399011,0.7220761201002,0.74486155002229
"077027","STIGLIANO",0.590285559156251,0.60790445163993,0.9251715539003,0.631702660248312,0.664310315098533
"077028","TRICARICO",0.56914435653143,0.571302999347097,0.920313454803262,0.605232655625664,0.640241633312064
"077029","TURSI",0.582178741263799,0.599846114586463,0.920058273833013,0.623917012515919,0.656821597106707
"077030","VALSINNI",0.652634018971093,0.680941526625262,0.920132969501731,0.692122292468533,0.717456812138888
"077031","SCANZANO JONICO",0.56177583653287,0.57477210870423,0.921632954205689,0.603609870777264,0.638945768935978
"078001","ACQUAFORMOSA",0.654610828271695,0.711824085577184,0.924612646996139,0.707356975931609,0.731496494938779
"078002","ACQUAPPESA",0.632961325560135,0.655811852161482,0.916341283693449,0.671582058344073,0.698777527827337
"078003","ACRI",0.493464886837635,0.484318444709249,0.916830177802897,0.531685516976387,0.574479368179333
"078004","AIELLO CALABRO",0.665084793294373,0.704582494417347,0.918692236329095,0.708219503103183,0.731605362350507
"078005","AIETA",0.69136394305023,0.758973963191919,0.924732233465768,0.745125281155544,0.765081609190013
"078006","ALBIDONA",0.699199213634402,0.76629517709951,0.936823180924177,0.753154793922678,0.7735623924784
"078007","ALESSANDRIA DEL CARRETTO",0.765228804689832,0.846037871493694,0.926929473978211,0.817762951680408,0.829892565269053
"078008","ALTILIA",0.673067298530914,0.735524863106935,0.927431355488519,0.726609608285884,0.748923135752843
"078009","ALTOMONTE",0.601192840280617,0.627171719170403,0.920597283134974,0.644823780066456,0.675465280407403
"078010","AMANTEA",0.504469815610717,0.48770832883832,0.914031817856595,0.537883346787726,0.579677621350934
"078011","AMENDOLARA",0.609427979887884,0.629071666889994,0.921006468688362,0.649425487918881,0.679601152448824
"078012","APRIGLIANO",0.619227421444848,0.634324148518775,0.916396434640223,0.655737849947653,0.684699914913494
"078013","BELMONTE CALABRO",0.630280632626866,0.65161690871089,0.913182307018752,0.668172124303865,0.695395477938853
"078014","BELSITO",0.653919932032996,0.705258255984387,0.921217628899419,0.703751947497764,0.727914800986837
"078015","BELVEDERE MARITTIMO",0.5298615163401,0.52890431850909,0.918461240390736,0.568290749721209,0.607198582017823
"078016","BIANCHI",0.642296609801673,0.702634328345424,0.924527480346426,0.697671670200836,0.722877871328124
"078017","BISIGNANO",0.553887945864469,0.563549793330164,0.920320073447056,0.59487898998229,0.631039110367264
"078018","BOCCHIGLIERO",0.643149555698852,0.706234984470341,0.922674065971474,0.699490449673284,0.724288629261972
"078019","BONIFATI",0.623467819156398,0.650250647816025,0.92301403423643,0.665474713561234,0.694090193636255
"078020","BUONVICINO",0.648991226514279,0.696274551004597,0.923920201164199,0.697761619999914,0.72289035124039
"078021","CALOPEZZATI",0.659497317336999,0.703554813729939,0.925975490292689,0.705971008009391,0.730415950485313
"078022","CALOVETO",0.656664604285827,0.72678171295025,0.93325642674802,0.715876485431037,0.740029812244035
"078023","CAMPANA",0.672274285897577,0.724340938841386,0.92850727274064,0.721327578406597,0.744347544443713
"078024","CANNA",0.675889488334875,0.738866552914617,0.92354404388453,0.728994622950724,0.750611225276703
"078025","CARIATI",0.544996726290108,0.547434669344464,0.916405064942709,0.583234634529828,0.620253571242371
"078026","CAROLEI",0.591561460766626,0.598046809587509,0.916793253114869,0.627003046970848,0.659201958764628
"078027","CARPANZANO",0.708927950534507,0.763495931500537,0.911429786208594,0.753733725536629,0.771255510055737
"078029","CASSANO ALL'IONIO",0.515098904676229,0.516082497204661,0.914506024668043,0.555482233313205,0.595373765685965
"078030","CASTIGLIONE COSENTINO",0.585698712984843,0.624986200907545,0.92152338314752,0.636960549566327,0.668578642186459
"078031","CASTROLIBERO",0.491153111219623,0.446143707895591,0.909925551844115,0.512776123786258,0.556903838014909
"078032","CASTROREGIO",0.724395097911575,0.791613812996013,0.916475255916541,0.773851535500069,0.789698615546343
"078033","CASTROVILLARI",0.468381243440511,0.439933844415636,0.912782555283245,0.500020045063591,0.545882546199108
"078034","CELICO",0.613721834483428,0.63230590062367,0.918648079685668,0.652577288766761,0.682140709979973
"078035","CELLARA",0.66196175498766,0.700370317435712,0.913909041282336,0.704440336718751,0.727714637225816
"078036","CERCHIARA DI CALABRIA",0.644503397797605,0.684476114956774,0.927579102806531,0.690798691020124,0.717107625663058
"078037","CERISANO",0.604429593099697,0.612876689868279,0.915473403170666,0.639335167652656,0.670017193821323
"078038","CERVICATI",0.695448859637127,0.750002166948611,0.928732825627877,0.74332624452637,0.76392697575987
"078039","CERZETO",0.640468225754276,0.696581125137228,0.919097605529722,0.693581968454149,0.718639261462546
"078040","CETRARO",0.547192152852213,0.554285244892576,0.922750365507695,0.587939865535925,0.625141032199455
"078041","CIVITA",0.658257750985784,0.71319467641873,0.922597678479648,0.709413360179996,0.733100506657735
"078042","CLETO",0.638043169749319,0.696247687397668,0.92132115123736,0.69256300083988,0.717980573106267
"078043","COLOSIMI",0.634051882768919,0.684631368673467,0.922025127208571,0.685609975869931,0.711878326018669
"078045","COSENZA",0.37807073303511,0.309494299563893,0.895943085136517,0.398998573183203,0.454214630066905
"078046","CROPALATI",0.646495353861819,0.704724128202617,0.922992784315927,0.700348045360589,0.72508634968896
"078047","CROSIA",0.540533372827216,0.54752287574526,0.9152158255258,0.581146894410195,0.618265664534151
"078048","DIAMANTE",0.556192752543838,0.553321830077816,0.916048447911996,0.590886406970944,0.627015522631061
"078049","DIPIGNANO",0.568010986592488,0.568282654342511,0.916410115009889,0.602973149921738,0.637799479375977
"078050","DOMANICO",0.660254678401873,0.717395983639081,0.919384976400257,0.711881295558455,0.734937260096433
"078051","FAGNANO CASTELLO",0.605685997561039,0.628881418246149,0.921551942835532,0.647710531396788,0.678137354889982
"078052","FALCONARA ALBANESE",0.650618495691426,0.680754475535146,0.914793374656917,0.690597174517649,0.715507863422013
"078053","FIGLINE VEGLIATURO",0.63994759772793,0.647500303301983,0.912028585743608,0.670554414037822,0.697384877560687
"078054","FIRMO",0.650091803620186,0.691747738868218,0.924817460221995,0.696309540141982,0.721699309039761
"078055","FIUMEFREDDO BRUZIO",0.624233228289601,0.65410213246783,0.923517232015672,0.667602635542411,0.696037590706107
"078056","FRANCAVILLA MARITTIMA",0.622347628821467,0.649053171215588,0.921231744104167,0.664253534427092,0.692806668835656
"078057","FRASCINETO",0.632262969714374,0.652256974289828,0.916831870791807,0.669717161881072,0.697174351760042
"078058","FUSCALDO",0.553666169552242,0.556014916609173,0.919886660883851,0.591345154861022,0.627849766641336
"078059","GRIMALDI",0.644664352654395,0.674045485102179,0.919251246633219,0.68534455165378,0.711334184429273
"078060","GRISOLIA",0.636984955256505,0.674655915347511,0.922535761501641,0.682491967921971,0.709163500541935
"078061","GUARDIA PIEMONTESE",0.632747931413735,0.650337801611505,0.915311101060563,0.668919689967414,0.696296513422209
"078062","LAGO",0.630649334256795,0.655651607624098,0.913292106551722,0.670164634501574,0.697178798062702
"078063","LAINO BORGO",0.659045924715909,0.705327577871439,0.932573310796512,0.707225407243958,0.732264063194241
"078064","LAINO CASTELLO",0.681370474473112,0.754593268466742,0.935036292646623,0.739687313587597,0.761392755705266
"078065","LAPPANO",0.659697784693071,0.681877311597323,0.915906016599653,0.695299394990643,0.719811241836088
"078066","LATTARICO",0.614295122432324,0.641312511980958,0.923624996308752,0.657385935116852,0.686968053027063
"078067","LONGOBARDI",0.622677008191629,0.679971887676468,0.927312252569278,0.678923228397571,0.706522008861094
"078068","LONGOBUCCO",0.62458690277644,0.658866276979372,0.92711423851313,0.670265354741429,0.698804119604951
"078069","LUNGRO",0.62596037587734,0.645123138346336,0.917749079795991,0.663762489380254,0.691983221648669
"078070","LUZZI",0.560954333822686,0.575901523716173,0.923461804975047,0.603931316389991,0.639434704010553
"078071","MAIERÀ",0.680927112096142,0.730217604664189,0.921865278759223,0.727201650418071,0.748830942455977
"078072","MALITO",0.67459109589252,0.715280731174582,0.918839426588861,0.717326264839082,0.739716616144613
"078073","MALVITO",0.661178198136401,0.704538875361864,0.926279453829833,0.707200628457202,0.731542720165273
"078074","MANDATORICCIO",0.610916529216123,0.628660770376385,0.910230109869226,0.648832795803551,0.677876941810849
"078075","MANGONE",0.630237023284235,0.646719936154349,0.922779937882999,0.666908625535662,0.695338771352033
"078076","MARANO MARCHESATO",0.58286433706827,0.577656763199226,0.91423828828027,0.613658323948401,0.647056097763053
"078077","MARANO PRINCIPATO",0.59029583695979,0.593230945363576,0.915704170062608,0.624157469051776,0.656551546941868
"078078","MARZI",0.671518409580712,0.706128449793571,0.926736870612689,0.712614773779697,0.736406117872251
"078079","MENDICINO",0.511824113058179,0.482666053690853,0.915521777633465,0.53907275280041,0.580900422226305
"078080","MONGRASSANO",0.671562582614908,0.719887131860022,0.92881785502724,0.719034157016442,0.74234345679542
"078081","MONTALTO UFFUGO",0.483281001139883,0.455560324569102,0.911326672464651,0.513611263815509,0.557801864776524
"078082","MONTEGIORDANO",0.632208658691306,0.662799237711804,0.923041816479258,0.675057735029325,0.702611521857096
"078083","MORANO CALABRO",0.607957851113889,0.631515221940785,0.928159274416816,0.650578810316285,0.681421084105233
"078084","MORMANNO",0.620662924922638,0.642291063503565,0.927880418376362,0.661117336629427,0.690757679045753
"078085","MOTTAFOLLONE",0.660950508125676,0.688421590464277,0.913362641613761,0.698553708526855,0.722421367758734
"078086","NOCARA",0.705478828255952,0.772755255417458,0.917582095158264,0.756963547168861,0.774810052501017
"078087","ORIOLO",0.65817250864007,0.696976285345732,0.928389734431727,0.702655930736783,0.727737464480666
"078088","ORSOMARSO",0.649605899617263,0.712068859863422,0.92788417958492,0.705542059724801,0.730246739709258
"078089","PALUDI",0.648018628799646,0.705171609757561,0.921589970264732,0.701094604377216,0.725594089475829
"078090","PANETTIERI",0.690077901231518,0.740091279099568,0.918020268293732,0.735378157978362,0.755671725791181
"078091","PAOLA",0.486002137463982,0.458522421479592,0.916670270309631,0.516703078555571,0.561143877639356
"078092","PAPASIDERO",0.688110627654356,0.759701402544905,0.922397097728469,0.743755123362514,0.763604231625398
"078093","PARENTI",0.640183639253276,0.674593450803573,0.922487842716233,0.683898474797206,0.710408404565987
"078094","PATERNO CALABRO",0.661395840303375,0.692428927097354,0.917437333587178,0.700964878689046,0.725017373677727
"078096","PEDIVIGLIANO",0.723957124343486,0.780051001688768,0.92897088494686,0.7697007452092,0.787397427402274
"078097","PIANE CRATI",0.639117472337457,0.647403163577375,0.917912424785024,0.670725528640176,0.698190739322937
"078098","PIETRAFITTA",0.65821219537296,0.680253856389804,0.91092608119175,0.693402331412419,0.717571636943456
"078099","PIETRAPAOLA",0.647231996162144,0.707816496415983,0.924184059168694,0.702190227577026,0.726856208864989
"078100","PLATACI",0.673023565293855,0.735769846154313,0.918128033511912,0.725769838502866,0.747142971281649
"078101","PRAIA A MARE",0.541251839935159,0.535045470430693,0.915062686972202,0.575840058361853,0.613531461540781
"078102","RENDE",0.395365768697796,0.314070490348473,0.895132576364297,0.408759574207251,0.462801018891367
"078103","ROCCA IMPERIALE",0.606558292418461,0.634824809804178,0.923644184381738,0.650986814438361,0.681282077765403
"078104","ROGGIANO GRAVINA",0.571912658858636,0.581651165367646,0.916738047468772,0.610777525648704,0.644773139184267
"078105","ROGLIANO",0.557740697061432,0.556355427364567,0.921637294738527,0.593506985465552,0.629965908718105
"078106","ROSE",0.60420119022554,0.625169412079021,0.923044776593875,0.64552124869644,0.676357196240599
"078107","ROSETO CAPO SPULICO",0.63008397494045,0.652457882270763,0.922517548074071,0.669395590552453,0.6975202524993
"078109","ROTA GRECA",0.649055162194067,0.704187960233389,0.916402118451005,0.700599616937456,0.724577672661184
"078110","ROVITO",0.590233574670691,0.588079065714756,0.916982267402958,0.621938914913747,0.654721509634771
"078111","SAN BASILE",0.634346863357626,0.674986774111888,0.919977716426114,0.681197908503893,0.707728998273028
"078112","SAN BENEDETTO ULLANO",0.642113594962902,0.699655082410114,0.921076014844962,0.695903506302353,0.720922673918199
"078113","SAN COSMO ALBANESE",0.66760492441316,0.719548098482341,0.916818638122787,0.715900724115254,0.738224936782758
"078114","SAN DEMETRIO CORONE",0.594266510241091,0.611232286213094,0.916456249126183,0.634120083317002,0.665490768406911
"078115","SAN DONATO DI NINEA",0.678866205854784,0.728835356844956,0.921578630162448,0.725623566231127,0.747396351112385
"078116","SAN FILI",0.622131431372631,0.63472089646254,0.918597222099755,0.657443269735803,0.68646037555402
"078117","SANGINETO",0.653499692276361,0.683771371598866,0.918522648533286,0.693624243597181,0.718612955256748
"078118","SAN GIORGIO ALBANESE",0.663061483382455,0.706612100995785,0.925859043170769,0.708939017287285,0.73304124238545
"078119","SAN GIOVANNI IN FIORE",0.502952564100517,0.488067665017037,0.914571235659345,0.537416226668834,0.579322338778891
"078120","SAN LORENZO BELLIZZI",0.70395301282511,0.78262279313378,0.932358980659414,0.762195010747442,0.781102118515439
"078121","SAN LORENZO DEL VALLO",0.63363277767708,0.672801889405956,0.92566759547014,0.68046235973438,0.707707385927242
"078122","SAN LUCIDO",0.566193854406815,0.574740147437528,0.922289909524412,0.605649291782396,0.64083158264262
"078123","SAN MARCO ARGENTANO",0.564265642319664,0.577844428951826,0.920785482067183,0.606028080278889,0.641001124922033
"078124","SAN MARTINO DI FINITA",0.647477123392744,0.702427100234552,0.919658114950555,0.699422712127339,0.723893312441029
"078125","SAN NICOLA ARCELLA",0.627571569029757,0.647722115182618,0.915048934187024,0.665387051314271,0.693127260522355
"078126","SAN PIETRO IN AMANTEA",0.691757845223527,0.754449068363538,0.914912623409505,0.74228437345513,0.761465290116727
"078127","SAN PIETRO IN GUARANO",0.595591740865945,0.605461811488161,0.921900878952494,0.632664186454597,0.664801596732141
"078128","SAN SOSTI",0.640446671877676,0.671480732627844,0.927123503905311,0.683079682418015,0.71019566258327
"078129","SANTA CATERINA ALBANESE",0.665161382374676,0.732593927465044,0.930391549886556,0.72202904441653,0.745180433913199
"078130","SANTA DOMENICA TALAO",0.649015733351997,0.705036559090705,0.916405759671982,0.700964107566414,0.724902068911477
"078131","SANT'AGATA DI ESARO",0.659393779955012,0.696200037759706,0.919077076321965,0.70192492560382,0.72605294235028
"078132","SANTA MARIA DEL CEDRO",0.579803653827776,0.589913464335871,0.909635976590749,0.617336300832716,0.649814042583609
"078133","SANTA SOFIA D'EPIRO",0.647944257819498,0.685057653867098,0.92192110780879,0.692042971039847,0.717584986236396
"078134","SANTO STEFANO DI ROGLIANO",0.625917022535766,0.639272351602143,0.921954176606237,0.661530636022683,0.690466584976411
"078135","SAN VINCENZO LA COSTA",0.635923570373564,0.660823876963161,0.920793189031913,0.675615670204718,0.702857616741073
"078136","SARACENA",0.609681729875198,0.636560321107837,0.920929000967767,0.652901823039142,0.682682620586767
"078137","SCALA COELI",0.707816458830245,0.778196664005058,0.932727233177568,0.761978628593643,0.780950695769635
"078138","SCALEA",0.527008881355793,0.524437779561615,0.915130906225794,0.564664088035413,0.603604845612122
"078139","SCIGLIANO",0.67002163756486,0.716507013041842,0.929443618360693,0.716882254609086,0.74050018391482
"078140","SERRA D'AIELLO",0.727739388488306,0.7758480140495,0.924297342860649,0.769044065428078,0.786294429587252
"078142","SPEZZANO ALBANESE",0.565307592669642,0.575245239989662,0.917147594459083,0.604963534142595,0.639650651955538
"078143","SPEZZANO DELLA SILA",0.569725121641982,0.566686938507369,0.914227425596189,0.602808169626827,0.637410309178979
"078145","TARSIA",0.6574917380863,0.706456063913994,0.929814336571415,0.706757944557274,0.731541988114401
"078146","TERRANOVA DA SIBARI",0.595980859758737,0.618947736431735,0.918344640355134,0.638552332321225,0.669640366547215
"078147","TERRAVECCHIA",0.703442626625001,0.783545771965574,0.930886359866063,0.762233415352365,0.780972631409443
"078148","TORANO CASTELLO",0.574660776093328,0.581849605676406,0.91623326451205,0.612052998247585,0.645850805610303
"078149","TORTORA",0.573809850625808,0.58532736231041,0.919168510403317,0.61352859686163,0.64748858725515
"078150","TREBISACCE",0.523309658224312,0.508812939912801,0.917314046225112,0.556186573784212,0.596311848499868
"078152","VACCARIZZO ALBANESE",0.672241998055444,0.709024100077641,0.918768638166423,0.713446607976531,0.736260166886519
"078153","VERBICARO",0.646723834560899,0.692618552825865,0.921548511614224,0.694858925485466,0.720046657277551
"078154","VILLAPIANA",0.573440960560854,0.586469235341512,0.918491339661266,0.613808722122191,0.6476623462932
"078155","ZUMPANO",0.61271831307617,0.62070875399429,0.915415077735715,0.646583687955279,0.676453842375327
"078156","CASALI DEL MANCO",0.524021226622233,0.508945835908163,0.913631553287151,0.556198333467393,0.595913135669589
"078157","CORIGLIANO-ROSSANO",0.412010609136884,0.382565075562968,0.89737469552735,0.447296527667668,0.497305212985411
"079002","ALBI",0.655035367677493,0.706542843500055,0.919780205002686,0.704688215530165,0.728587325471557
"079003","AMARONI",0.628612119390373,0.683086229095278,0.920485241771566,0.6823127809957,0.708776387748574
"079004","AMATO",0.721346722833657,0.771023740710778,0.930810300608994,0.764647738655895,0.783110245539573
"079005","ANDALI",0.684250725937858,0.752444703724279,0.928602098039395,0.739373153151901,0.760398591472734
"079007","ARGUSTO",0.690238809298713,0.754483877503173,0.919864162596921,0.742111625320541,0.761861907240139
"079008","BADOLATO",0.605648217859575,0.622848840763598,0.912875957769728,0.644111272157401,0.673974015003215
"079009","BELCASTRO",0.682437804338463,0.738264232268127,0.929101084510057,0.732226024923971,0.754101031544647
"079011","BORGIA",0.552784643587164,0.550156797615264,0.918163894440825,0.588140037985175,0.624809355369136
"079012","BOTRICELLO",0.582583117972128,0.602056217885652,0.926748857028274,0.625762586838829,0.659205505748767
"079017","CARAFFA DI CATANZARO",0.647158036994862,0.683607116492101,0.928546967294525,0.691699015798586,0.71801545485369
"079018","CARDINALE",0.647924796018719,0.685154301470028,0.91761284940151,0.691646878810087,0.716754208875801
"079020","CARLOPOLI",0.660278928274316,0.698239045985697,0.926715196052042,0.70400460802221,0.728750228914414
"079023","CATANZARO",0.371524457797417,0.309976703219858,0.898384307524069,0.396513953210181,0.452277325911724
"079024","CENADI",0.708341172618019,0.757373277431881,0.915730228849731,0.751144525407428,0.769431825789906
"079025","CENTRACHE",0.772096604435952,0.852482826694613,0.926523786269845,0.823713122635738,0.835136529706195
"079027","CERVA",0.688977046508189,0.748351263090665,0.93508181310284,0.740305920629769,0.76194768646011
"079029","CHIARAVALLE CENTRALE",0.580181131562977,0.599142567123843,0.921370819124317,0.622832746321501,0.656003643299591
"079030","CICALA",0.651263786978631,0.71100793705906,0.927347447252137,0.705757020542175,0.730378179065504
"079033","CONFLENTI",0.640037764694135,0.697548985549879,0.923356608530865,0.694249698462893,0.719706021803779
"079034","CORTALE",0.630940701886891,0.653136896527892,0.918369331011062,0.669671852387759,0.697304905568126
"079036","CROPANI",0.574932571231386,0.582559810362695,0.918897456833495,0.612761317400686,0.646776444004331
"079039","CURINGA",0.563246988935993,0.573742942853512,0.92242634966657,0.603888104271934,0.639281242649116
"079042","DAVOLI",0.559017071666823,0.56034050343316,0.916117769228749,0.595322685717867,0.630966583885743
"079043","DECOLLATURA",0.604069295961386,0.616248633072687,0.917931212792893,0.640936189344622,0.671713414172208
"079047","FALERNA",0.58821784910891,0.598935032643529,0.918787713806102,0.626097568169208,0.658618695462196
"079048","FEROLETO ANTICO",0.644702381545163,0.683556983873353,0.928944367276298,0.690611151165962,0.717092619622666
"079052","FOSSATO SERRALTA",0.704418301177764,0.756294779545892,0.925386397988016,0.749859526124446,0.769362511887065
"079055","GAGLIATO",0.689559547731712,0.749616407334195,0.915490313916163,0.739178211171275,0.758768444809595
"079056","GASPERINA",0.658485698740048,0.697231653139347,0.920240533031331,0.702096861648861,0.726335047358024
"079058","GIMIGLIANO",0.624979848847366,0.655736524004712,0.933514297809712,0.669673797564406,0.698989408702774
"079059","GIRIFALCO",0.575827373765165,0.578997576053517,0.921488478313235,0.61182007524973,0.64622767559012
"079060","GIZZERIA",0.577949545244169,0.586915565769953,0.919538865677228,0.616143186524078,0.649853817541094
"079061","GUARDAVALLE",0.592334845117714,0.613832467040065,0.919754096504814,0.634750700121482,0.666417744164074
"079063","ISCA SULLO IONIO",0.641498093759861,0.671182034459986,0.915085152156729,0.682214572914604,0.708089081719285
"079065","JACURSO",0.671099294890171,0.722206953131347,0.924046491193494,0.719392460729033,0.742131797447306
"079068","MAGISANO",0.671562666088862,0.712644404281787,0.926205516360049,0.715513733302797,0.738923931420269
"079069","MAIDA",0.592411787271486,0.616231598220631,0.923372122595254,0.636226735730978,0.668131778715898
"079071","MARCEDUSA",0.717074337146762,0.793882184576148,0.927508268497063,0.772681261625016,0.789884262388577
"079072","MARCELLINARA",0.611453140768068,0.62155167039079,0.92558051587037,0.647410216608523,0.678318027637617
"079073","MARTIRANO",0.670890074516011,0.736836736092649,0.929562822398038,0.726433347013701,0.749003288723072
"079074","MARTIRANO LOMBARDO",0.653066422139821,0.714410193011172,0.924931494308412,0.707857626248788,0.73197694492208
"079077","MIGLIERINA",0.66934193498517,0.729841589226229,0.927480360357014,0.722380621930831,0.745169481755962
"079080","MONTAURO",0.597549084078995,0.594121439788722,0.917662708488836,0.628018006589356,0.660200751244854
"079081","MONTEPAONE",0.541249935121727,0.524482164052966,0.919433224646933,0.571522767093305,0.610179484599264
"079083","MOTTA SANTA LUCIA",0.704244500618201,0.763955247000555,0.932187476085651,0.753908634037005,0.773717394264633
"079087","NOCERA TERINESE",0.581419861580875,0.598376128581387,0.924058280929201,0.623314023665938,0.656730052250745
"079088","OLIVADI",0.697061722459605,0.757606741202338,0.924075557154403,0.747008364363315,0.766682496895658
"079089","PALERMITI",0.693443183828677,0.748184059186039,0.920597337713417,0.740791993127964,0.76077036474857
"079092","PENTONE",0.632510438889698,0.659148031392582,0.926636637645233,0.673909975391549,0.701990715641959
"079094","PETRIZZI",0.656744939804168,0.679789847747787,0.911988829924014,0.692639537390781,0.717011681005585
"079095","PETRONÀ",0.634973779804159,0.673337262886597,0.92858346158724,0.681598315369564,0.70904110939375
"079096","PIANOPOLI",0.619921114755536,0.637626085734402,0.927400195901064,0.658636259810578,0.688498919376188
"079099","PLATANIA",0.644636231886393,0.683685268300309,0.92502793001785,0.690247468085801,0.716334186078251
"079108","SAN FLORO",0.648043188520736,0.686902655426193,0.920404271879492,0.692766056964067,0.71805919195467
"079110","SAN MANGO D'AQUINO",0.612551877025374,0.657232843888824,0.920391666326449,0.663442291044034,0.691992221630969
"079114","SAN PIETRO A MAIDA",0.601038164755134,0.623160512012504,0.916462013055331,0.64253560585097,0.672971873318121
"079115","SAN PIETRO APOSTOLO",0.650892168800939,0.678924989041586,0.92249325720257,0.690667046749394,0.716425514577524
"079116","SAN SOSTENE",0.654993416405778,0.690221026136944,0.921601376512095,0.697506636795434,0.722406052319508
"079117","SANTA CATERINA DELLO IONIO",0.632840977406114,0.662225943004051,0.916962968060854,0.67447641099066,0.701419361776237
"079118","SANT'ANDREA APOSTOLO DELLO IONIO",0.635022343471639,0.660921991757204,0.918432773668143,0.675018228219794,0.702064288825166
"079122","SAN VITO SULLO IONIO",0.637039852217347,0.666130418497096,0.917680122061997,0.678194634027699,0.704804132698177
"079123","SATRIANO",0.571086418330121,0.567110355834239,0.912172058524019,0.603405754226364,0.637713121370548
"079126","SELLIA",0.753118430826628,0.82036951500137,0.933496286366363,0.801419204259236,0.816094435604472
"079127","SELLIA MARINA",0.548442981778942,0.552505247607286,0.923921767101939,0.587818879933997,0.625163645174879
"079129","SERRASTRETTA",0.613679443079886,0.640788371444429,0.929329754364696,0.657443491972411,0.687653076682665
"079130","SERSALE",0.586402678594345,0.601925171547028,0.921336617257722,0.62688119428939,0.659598463508094
"079131","SETTINGIANO",0.580100732417135,0.574653900598056,0.926160451706134,0.612255630027449,0.647133943547303
"079133","SIMERI CRICHI",0.573795113837126,0.579427330386333,0.921829448035321,0.611133044704089,0.645654867296448
"079134","SORBO SAN BASILE",0.667733995381737,0.733151236120225,0.930556961946115,0.723454050370495,0.746465484990008
"079137","SOVERATO",0.491615181330678,0.451927440847277,0.913162068834631,0.515910386863543,0.560049462638108
"079138","SOVERIA MANNELLI",0.59628802301395,0.597153675332742,0.915953964130957,0.628644160669108,0.660567472164869
"079139","SOVERIA SIMERI",0.657313209944371,0.695464957955576,0.928548963123194,0.701605071867296,0.726821059784618
"079142","SQUILLACE",0.57911878975793,0.572568859914741,0.914488846455033,0.609708326998206,0.643572829160075
"079143","STALETTÌ",0.5881279699739,0.587466807980646,0.914209127337511,0.620438562813297,0.653079736649321
"079146","TAVERNA",0.612239854102409,0.632587979410458,0.922875055459782,0.652460030626768,0.682506144497103
"079147","TIRIOLO",0.605118826814083,0.630967108991085,0.93018575778641,0.649257246890967,0.680471525879349
"079148","TORRE DI RUGGIERO",0.686890125677816,0.735941266805776,0.913607496898184,0.731634876307435,0.751854056373074
"079151","VALLEFIORITA",0.662298898395294,0.703829718716736,0.923920427804462,0.70714992048086,0.731235532405705
"079157","ZAGARISE",0.65921821313992,0.699546139389658,0.927383950503533,0.704182353688664,0.728982531112538
"079160","LAMEZIA TERME",0.408983931805163,0.368861863697019,0.903696223020324,0.440400230278014,0.491877562804938
"080001","AFRICO",0.614980634809586,0.629931809134602,0.917227919771651,0.65193339175205,0.681410561532006
"080002","AGNANA CALABRA",0.701048150684216,0.769683486163316,0.924125634908132,0.754241800072202,0.773117781720639
"080003","ANOIA",0.602737044329908,0.650730855638325,0.917731896164346,0.65583374460214,0.684933539220163
"080004","ANTONIMINA",0.620303612314925,0.668875498590909,0.915190438239488,0.671649643731574,0.698709732010231
"080005","ARDORE",0.564736629825678,0.569887694116794,0.914067961603085,0.601987741934421,0.636663321897606
"080006","BAGALADI",0.644481189103143,0.696624610936241,0.92461418093445,0.695959028111168,0.721365156202644
"080007","BAGNARA CALABRA",0.554741382607602,0.563208245569456,0.929844735415397,0.596061806221216,0.633148798353903
"080008","BENESTARE",0.597326657970157,0.649780566006531,0.923818263101255,0.653580077099635,0.683606542210926
"080009","BIANCO",0.555447845560508,0.549203986667894,0.909449822019611,0.588038306704742,0.623750697295283
"080010","BIVONGI",0.651822704837374,0.68527828419866,0.913152124905701,0.693010657556786,0.717470820595554
"080011","BOVA",0.686696037530261,0.740542582368299,0.92161396131188,0.73441877508554,0.7552182402218
"080012","BOVALINO",0.521949149008631,0.509413085800173,0.907941865346771,0.554907192198639,0.594133266992876
"080013","BOVA MARINA",0.578144467824539,0.574823471526296,0.916682387717443,0.61050381147962,0.644523653283823
"080014","BRANCALEONE",0.589414681599029,0.60556572838252,0.919921359914161,0.629733320483113,0.661976435975452
"080015","BRUZZANO ZEFFIRIO",0.646568460862492,0.708573912338717,0.925762715105954,0.702390339451139,0.727209492301674
"080016","CALANNA",0.69209445893738,0.741708086876851,0.926407078292415,0.737851853445646,0.758802433984176
"080017","CAMINI",0.684422286137853,0.755480370239009,0.932011152781397,0.741157310647728,0.762363293107025
"080018","CAMPO CALABRO",0.568502631519847,0.5622765242843,0.925620967302077,0.601412716842074,0.637435855782075
"080019","CANDIDONI",0.758715186400008,0.825145967872594,0.929548183568532,0.805692337779524,0.819454098422747
"080020","CANOLO",0.733635391682961,0.802791799935606,0.933613869322923,0.784753623160648,0.801293650512012
"080021","CARAFFA DEL BIANCO",0.665518566663193,0.712981928987202,0.921122449387213,0.712437467981399,0.735624688137601
"080022","CARDETO",0.68201091286398,0.7704306428619,0.95665200456359,0.749263900533005,0.77230702320307
"080023","CARERI",0.639507426449124,0.677226363948702,0.922701885189709,0.684800394197992,0.711233893197072
"080024","CASIGNANA",0.679818189840374,0.72225329357281,0.926466220650878,0.723578789601021,0.746121837495449
"080025","CAULONIA",0.563372762893346,0.575474102167798,0.91836152968149,0.604317242245664,0.639211051960756
"080026","CIMINÀ",0.682669105938248,0.751880361330673,0.924259624303581,0.737973222701373,0.758671711768285
"080027","CINQUEFRONDI",0.567878014263983,0.581822756276856,0.922247547465932,0.609590101489971,0.644329817709522
"080028","CITTANOVA",0.525182826966296,0.518718524737508,0.915676960101744,0.561323304276886,0.600695932701871
"080029","CONDOFURI",0.582412486315549,0.590806787178238,0.916685188525643,0.619617191924769,0.652624747102644
"080030","COSOLETO",0.678670567491653,0.71918464601161,0.918824442763215,0.72091729035279,0.742906973953948
"080031","DELIANUOVA",0.579816006380168,0.578953013199506,0.907925386885377,0.612238597499391,0.645092685208945
"080032","FEROLETO DELLA CHIESA",0.674461242856298,0.7290948531637,0.929707790345706,0.72457102224357,0.747363996477141
"080033","FERRUZZANO",0.676937400739735,0.715934222977994,0.924249938093482,0.719217224482326,0.741998637105788
"080034","FIUMARA",0.717126329486657,0.769127723120493,0.922975394697423,0.76111186314296,0.779096699982345
"080035","GALATRO",0.659920039500348,0.700451035296234,0.919029748469968,0.704069958505459,0.727954379612626
"080036","GERACE",0.632379855481738,0.657729648597128,0.920948776731882,0.672644154508678,0.700233556977923
"080037","GIFFONE",0.643166252035911,0.706055899531565,0.924917474448915,0.699641715650256,0.724672355516774
"080038","GIOIA TAURO",0.504815749560618,0.497262801727341,0.920967892905588,0.54303213737014,0.585024999096301
"080039","GIOIOSA IONICA",0.561381476617557,0.569830082326467,0.91183407428676,0.600228608953487,0.634851438434962
"080040","GROTTERIA",0.640258840892987,0.686216956439142,0.922925518265562,0.689206660626015,0.715175422585964
"080041","LAGANADI",0.726865647270123,0.805879400337647,0.939546971810572,0.783689968604554,0.801007413405222
"080042","LAUREANA DI BORRELLO",0.609525753210785,0.641996095552799,0.925798568880374,0.65576468883165,0.685768453281508
"080043","LOCRI",0.49359487780454,0.467888851666669,0.912572105324348,0.523924888794479,0.567107912853353
"080044","MAMMOLA",0.602694873446829,0.66172793427468,0.92351102879081,0.66134136635376,0.690471328846766
"080045","MARINA DI GIOIOSA IONICA",0.5603759050209,0.566039150303633,0.91290186465677,0.598176961361717,0.633146395061167
"080046","MAROPATI",0.656542525168349,0.694328637183472,0.922898103476409,0.70018183340596,0.72492808563601
"080047","MARTONE",0.707890380063799,0.761544800397982,0.913027051917782,0.75254853639958,0.770379482568269
"080048","MELICUCCÀ",0.656094825561355,0.713162474157861,0.920506963593922,0.70821648123304,0.731804312606471
"080049","MELICUCCO",0.605959275394135,0.631774937269182,0.919863680269477,0.64896676372544,0.679066421119222
"080050","MELITO DI PORTO SALVO",0.522201831660713,0.50302476889366,0.915565908117181,0.552908561061186,0.593203821845185
"080051","MOLOCHIO",0.62121403841748,0.650209142830454,0.924563631393575,0.664596794700928,0.693481998777889
"080052","MONASTERACE",0.597907080473292,0.620136361146215,0.921363077533341,0.640255856482112,0.671489992154471
"080053","MONTEBELLO JONICO",0.580472975597278,0.596684450521321,0.918638386758931,0.621584680429263,0.654590647799226
"080054","MOTTA SAN GIOVANNI",0.5684719488874,0.572084195562246,0.924041503286825,0.605654415331023,0.641030758437223
"080055","OPPIDO MAMERTINA",0.57980178983375,0.595244209794481,0.917690601917388,0.620539760024443,0.65355652023477
"080056","PALIZZI",0.606190256400271,0.652837403012782,0.920864829273999,0.658648929663274,0.687784029620021
"080057","PALMI",0.476291055009545,0.445671788913079,0.911191878242131,0.506002467589394,0.551023513217476
"080058","PAZZANO",0.684681118801917,0.744130526104129,0.921748323566037,0.735140072564325,0.755874322675626
"080059","PLACANICA",0.666013124773119,0.733129397380972,0.928200841912278,0.722434219160569,0.745297177244092
"080060","PLATÌ",0.627879374852777,0.663566967673355,0.925314476079069,0.673682301744666,0.701641432226266
"080061","POLISTENA",0.528019109009155,0.524477778984391,0.917061976263298,0.565329797223425,0.604411150450078
"080062","PORTIGLIOLA",0.677212680502054,0.729984549896588,0.930298176364545,0.726268571315843,0.748938527432366
"080063","REGGIO DI CALABRIA",0.333851046849945,0.261356186505405,0.870278082930018,0.354871063302909,0.412138509928143
"080064","RIACE",0.649305986918827,0.681687235276526,0.923624206165812,0.69130937060449,0.717122130111304
"080065","RIZZICONI",0.554645491497332,0.566227074012662,0.920262070144655,0.596418861493963,0.632401440232928
"080066","ROCCAFORTE DEL GRECO",0.76189785385372,0.835440173938868,0.935228156828006,0.812324928189465,0.825980842482636
"080067","ROCCELLA IONICA",0.531830200791266,0.512075394186677,0.913488372521509,0.561106354992225,0.600259912495479
"080068","ROGHUDI",0.657339648214146,0.713888413603567,0.929618603714844,0.710014488189455,0.734414945470054
"080069","ROSARNO",0.530909624061439,0.534527123087163,0.913153147694116,0.570761850986283,0.608805328398264
"080070","SAMO",0.636025900146915,0.678662573210453,0.916878438877937,0.683297656898609,0.709251077118535
"080071","SAN GIORGIO MORGETO",0.626365745495544,0.653833679127093,0.919196328982764,0.668009373978463,0.695919035645608
"080072","SAN GIOVANNI DI GERACE",0.682953414255852,0.735624492286778,0.919932621137771,0.730353320057961,0.751417686844607
"080073","SAN LORENZO",0.60206002474916,0.651643151626668,0.923068661464647,0.656473295515587,0.68609500284326
"080074","SAN LUCA",0.582643442980752,0.641099278667155,0.928435962439371,0.643527820985496,0.675184281147037
"080075","SAN PIETRO DI CARIDÀ",0.661671947687937,0.727323210320082,0.928574554884355,0.717905276592044,0.741312974180079
"080076","SAN PROCOPIO",0.682350357436191,0.745601413932161,0.925497362210405,0.735128033336799,0.756280180989422
"080077","SAN ROBERTO",0.627525096629981,0.688904684634397,0.923570191218015,0.684750420690772,0.711285950749354
"080078","SANTA CRISTINA D'ASPROMONTE",0.643459226034828,0.696464823927493,0.91672661785887,0.694638484268932,0.719314943556703
"080079","SANT'AGATA DEL BIANCO",0.653792358834952,0.701594645040187,0.916825675075968,0.701606719251409,0.725519936565249
"080080","SANT'ALESSIO IN ASPROMONTE",0.708492029752108,0.770520758139012,0.921715669732021,0.757727321524206,0.775948249102852
"080081","SANT'EUFEMIA D'ASPROMONTE",0.597093926648191,0.613627933246114,0.919471454079525,0.63677198236039,0.668183034773627
"080082","SANT'ILARIO DELLO IONIO",0.656834533607231,0.693457065689922,0.925112565694899,0.700142476253209,0.725139152857841
"080083","SANTO STEFANO IN ASPROMONTE",0.652318741859784,0.671018721920926,0.910397474635362,0.686541606164856,0.711414480439356
"080084","SCIDO",0.689098154660057,0.74350539732955,0.921807821052902,0.736852380500613,0.757402985006423
"080085","SCILLA",0.586026195520177,0.595252867987312,0.922015001584997,0.62377707873687,0.656914625719995
"080086","SEMINARA",0.629898636054014,0.656704878156326,0.915261534909075,0.670497734885561,0.697693712665951
"080087","SERRATA",0.696635816838872,0.750054166876869,0.925643434441763,0.74357483611626,0.763804680374649
"080088","SIDERNO",0.492048004971926,0.475320107386514,0.910659215394454,0.526381572100744,0.569079088022267
"080089","SINOPOLI",0.647007524605683,0.683302878694682,0.92032493558954,0.690672175044119,0.716189148438054
"080090","STAITI",0.772740005268383,0.860902505730447,0.945414447162872,0.829680574665761,0.842539893832106
"080091","STIGNANO",0.672121433240568,0.721226570329103,0.925129565861549,0.719519558192507,0.742365114600178
"080092","STILO",0.621277049819268,0.646836723716015,0.91510837568972,0.662162035659849,0.690267184552057
"080093","TAURIANOVA",0.507310679458999,0.502459747268833,0.915193929313876,0.545916084958912,0.586946956553908
"080094","TERRANOVA SAPPO MINULIO",0.679889084723342,0.734950547764497,0.91631035049829,0.728308869669356,0.749197923094793
"080095","VARAPODIO",0.625503573760865,0.648316659472798,0.916359163539561,0.664855021309105,0.692799926001378
"080096","VILLA SAN GIOVANNI",0.496659648593775,0.468360763391671,0.921987683738633,0.526457953767314,0.570405701541905
"080097","SAN FERDINANDO",0.58957311631581,0.603651114739726,0.915295926440723,0.628480496619064,0.660348877710359
"081001","ALCAMO",0.439977499089813,0.414990964915533,0.912014883751467,0.475937297177552,0.524390362352432
"081002","BUSETO PALIZZOLO",0.622307829602536,0.650247360986355,0.926211376813341,0.665270973446335,0.694264351598225
"081003","CALATAFIMI-SEGESTA",0.571463548303043,0.583020495128385,0.922395552991623,0.611757374843305,0.646272727970896
"081004","CAMPOBELLO DI MAZARA",0.533579110309402,0.538416194016411,0.918275187762622,0.574225405722878,0.612453159282849
"081005","CASTELLAMMARE DEL GOLFO",0.503769001237562,0.491677557491267,0.915809205254016,0.539531871953375,0.581340464542335
"081006","CASTELVETRANO",0.470082419039863,0.452338787363177,0.915729508261303,0.506662493707498,0.552114384213477
"081007","CUSTONACI",0.600177244590051,0.627643393996688,0.934114080661705,0.645930695430203,0.677951071567036
"081008","ERICE",0.46265269001904,0.438876172685536,0.923908733618853,0.498078861578944,0.545393291805601
"081009","FAVIGNANA",0.575431819047779,0.590115148516152,0.928182470397717,0.617314382443541,0.651855281105116
"081010","GIBELLINA",0.591391925450458,0.604859693771065,0.923730488823227,0.630686277532008,0.663246745453254
"081011","MARSALA",0.412315530033806,0.384806455512683,0.906228580943026,0.449327751590223,0.500094510407201
"081012","MAZARA DEL VALLO",0.447511675099893,0.428053440320513,0.915934411231267,0.485597743062309,0.533412928414415
"081013","PACECO",0.535671259261033,0.540870652220853,0.931134319706744,0.577557292137523,0.616843628534103
"081014","PANTELLERIA",0.556441344666736,0.566561834885316,0.925794541247751,0.597930884923199,0.634360180070371
"081015","PARTANNA",0.524561138865223,0.515251787245413,0.91990465349784,0.55990628209957,0.599906101143822
"081016","POGGIOREALE",0.657744207318798,0.692734860081286,0.921328026880053,0.699848383018043,0.724457232336044
"081017","SALAPARUTA",0.642767069107238,0.66947149330512,0.915565417230331,0.682063894808594,0.708008508411009
"081018","SALEMI",0.536805362668882,0.538394896903836,0.919853454980469,0.57582546230577,0.614050794825181
"081019","SANTA NINFA",0.587370253547533,0.602500046331278,0.922082468303885,0.627649881775854,0.660364613612302
"081020","SAN VITO LO CAPO",0.578683503807499,0.591891294643881,0.920482301737745,0.618806889476896,0.652326379728101
"081021","TRAPANI",0.425462901060178,0.396001706558209,0.915866901562335,0.461245763584508,0.511759223359822
"081022","VALDERICE",0.526164236988471,0.526302047637686,0.925399814952329,0.566149809577003,0.606066476840929
"081023","VITA",0.643630858540531,0.676236384644296,0.92017082441078,0.68595734187425,0.711981062156087
"081024","PETROSINO",0.568651570433005,0.587505997401247,0.926281685084175,0.612899074033831,0.647719364150536
"081025","MISILISCEMI",0.564419149999974,0.581132093350077,0.937713071078919,0.609269366615415,0.645763111555804
"082001","ALIA",0.6245257264784,0.661714435909044,0.927111863088966,0.671519259383246,0.699918437572771
"082002","ALIMENA",0.655854474310815,0.695803948400154,0.923632086303702,0.700609498850306,0.725389786345128
"082003","ALIMINUSA",0.65957212380256,0.727657464787148,0.932233643538263,0.717476679219195,0.741338564143536
"082004","ALTAVILLA MILICIA",0.539499652109446,0.533969843588403,0.929341857670326,0.575995458831065,0.615256169813205
"082005","ALTOFONTE",0.541382104434457,0.540424179767735,0.92966499703962,0.579779327594948,0.618655513088801
"082006","BAGHERIA",0.450201706733858,0.430621198661865,0.919789809663242,0.488349288394399,0.536287124090937
"082007","BALESTRATE",0.595046045700806,0.621451216134642,0.929832155841218,0.640406983410074,0.672565335902423
"082008","BAUCINA",0.671090319563915,0.720858851556401,0.93495159716594,0.719872286720736,0.743769987881314
"082009","BELMONTE MEZZAGNO",0.56746034838997,0.584945062722341,0.932025939888568,0.611785028989397,0.647367352422638
"082010","BISACQUINO",0.594000363944119,0.614078321186364,0.920060183606141,0.635641426669332,0.667243510773422
"082011","BOLOGNETTA",0.61942051084926,0.648852712354935,0.932151225123381,0.663938072954226,0.693739534306354
"082012","BOMPIETRO",0.652186638861324,0.690657861868836,0.926542947496714,0.696934320078244,0.722446389791407
"082013","BORGETTO",0.579508949285409,0.598356172536668,0.927086327102547,0.622747937530189,0.65656331414934
"082014","CACCAMO",0.580435445904305,0.599415965417689,0.926139429998649,0.623547078094762,0.657168450528527
"082015","CALTAVUTURO",0.617852800153988,0.653990171452797,0.934349406476474,0.6657642778707,0.695607069938009
"082016","CAMPOFELICE DI FITALIA",0.696530108178573,0.764061019461351,0.921123930866639,0.74937840052463,0.768461237229298
"082017","CAMPOFELICE DI ROCCELLA",0.544739029924564,0.544997947823903,0.926358979105877,0.583017537897398,0.621166586920562
"082018","CAMPOFIORITO",0.686152957948597,0.740080889518917,0.932665796733155,0.735071811033697,0.757026698333637
"082019","CAMPOREALE",0.619832573946687,0.64594352619501,0.919505065386722,0.661549751602436,0.690211453134024
"082020","CAPACI",0.553601704318855,0.563452072296389,0.932537270285134,0.595927926505373,0.633328964703124
"082021","CARINI",0.476883497183643,0.467237777964109,0.927575870219879,0.517612160838476,0.563163684103076
"082022","CASTELBUONO",0.530921780145843,0.520774949085381,0.912768082332951,0.564540336387346,0.60323230815908
"082023","CASTELDACCIA",0.539468789808419,0.543787023896559,0.932265667862185,0.580691682953459,0.619755459054428
"082024","CASTELLANA SICULA",0.611708149659927,0.63720480840207,0.925840634994974,0.654594894627396,0.684733310223794
"082025","CASTRONOVO DI SICILIA",0.629472930216068,0.663979928795609,0.928286783865236,0.674882464941778,0.703038500377718
"082026","CEFALÀ DIANA",0.677377132277735,0.719056014226336,0.924559111687814,0.720850827095614,0.743485080939191
"082027","CEFALÙ",0.486998378769841,0.46078780849188,0.912783316100158,0.51778211587779,0.56167113812472
"082028","CERDA",0.611116688865939,0.641172040797303,0.928328537658697,0.656362782114329,0.686581199397036
"082029","CHIUSA SCLAFANI",0.623058975896884,0.656342377132788,0.923370414822817,0.668067650345634,0.696434624176432
"082030","CIMINNA",0.62180244712596,0.651294206511092,0.92337640735891,0.665231134872564,0.693913942926603
"082031","CINISI",0.531595757121758,0.531021041028093,0.92774121685441,0.570951680852874,0.610594962630822
"082032","COLLESANO",0.609540386477825,0.634625742545342,0.925563542454129,0.652431112305838,0.682779160100093
"082033","CONTESSA ENTELLINA",0.636168133117974,0.696693122220241,0.92966249523534,0.692753814425731,0.719077001182354
"082034","CORLEONE",0.537980890135521,0.541648178478625,0.921989067262996,0.578031987602665,0.616249440898258
"082035","FICARAZZI",0.549080712154454,0.556455300621838,0.934649398657883,0.59095614561512,0.629144284842093
"082036","GANGI",0.570397952157258,0.58442399135071,0.925749135122155,0.612244788090801,0.647078604427619
"082037","GERACI SICULO",0.634683767064055,0.664724193136051,0.923843482435686,0.677117930333616,0.70453188056718
"082038","GIARDINELLO",0.610952790425752,0.661097294781305,0.932643052397072,0.665686843582883,0.695348644562237
"082039","GIULIANA",0.59912956429863,0.638180392906449,0.913647529477071,0.648154233689992,0.677653488777446
"082040","GODRANO",0.676263975350582,0.719542695560103,0.926314750513522,0.720744476961161,0.743585618466978
"082041","GRATTERI",0.65378190122269,0.708317599592689,0.920009487950435,0.704945724161964,0.728841697916239
"082042","ISNELLO",0.666529353576594,0.708377414932279,0.922481143022349,0.710956160131228,0.734458936008019
"082043","ISOLA DELLE FEMMINE",0.564575901255862,0.573110061210475,0.932405270508708,0.605199210160723,0.641555439088276
"082044","LASCARI",0.594433550166716,0.607688753061156,0.926458471013892,0.633600883553931,0.666140615493927
"082045","LERCARA FRIDDI",0.576600995067773,0.597301153395436,0.927521428152969,0.621008109623741,0.655065145015877
"082046","MARINEO",0.585437114848045,0.605354865506014,0.932415739330269,0.629097965092354,0.662799940007678
"082047","MEZZOJUSO",0.637293546216799,0.669484724390538,0.924750277334282,0.68052524950673,0.707661363709791
"082048","MISILMERI",0.500356710050534,0.49938819667357,0.929347281110634,0.54281993613691,0.585767418911769
"082049","MONREALE",0.463676967927867,0.445192789151045,0.922406497460251,0.501232040431536,0.548029202323615
"082050","MONTELEPRE",0.581374020566357,0.591228761521965,0.924441201347067,0.620115372074452,0.653929353104742
"082051","MONTEMAGGIORE BELSITO",0.616188777155061,0.649651228547454,0.929397998201232,0.662567802386255,0.692215601921252
"082052","PALAZZO ADRIANO",0.651795906311808,0.686878473398373,0.929769594804561,0.695380430350037,0.721423670844984
"082053","PALERMO",0.271143511696495,0.194259404275901,0.761767334277639,0.285608045615342,0.338514633244486
"082054","PARTINICO",0.47906247728773,0.466637612454988,0.919704106398276,0.517535451024051,0.562220857176743
"082055","PETRALIA SOPRANA",0.608851609659893,0.629605710711581,0.928016839727188,0.650107478139882,0.680986296094027
"082056","PETRALIA SOTTANA",0.603689355191481,0.61467265755293,0.927385867899394,0.641001492524924,0.672821978677643
"082057","PIANA DEGLI ALBANESI",0.579341276141842,0.583691824891458,0.92041474165975,0.61540636963096,0.64929618874527
"082058","POLIZZI GENEROSA",0.622559627896364,0.649791741886367,0.922618914999256,0.664820007902155,0.693464330912944
"082059","POLLINA",0.606778728451161,0.624224334253579,0.917393984806705,0.645690776697803,0.675880022043237
"082060","PRIZZI",0.594591277770373,0.61552762111599,0.922890121433017,0.636842516642165,0.668625583841149
"082061","ROCCAMENA",0.632926979593014,0.688542234035588,0.91757108673488,0.686418254806359,0.712101902798417
"082062","ROCCAPALUMBA",0.653754389585941,0.695733973404666,0.929899746927705,0.700259738038544,0.725775294581784
"082063","SAN CIPIRELLO",0.603646436693648,0.633613694939668,0.928530301663629,0.649620089401355,0.680610112986052
"082064","SAN GIUSEPPE JATO",0.581688475678493,0.608365605622086,0.92777744296265,0.628302080881526,0.661577121112762
"082065","SAN MAURO CASTELVERDE",0.648570928200544,0.716634510267071,0.932535506395092,0.707595997949936,0.732589276666065
"082066","SANTA CRISTINA GELA",0.639585623697643,0.690359243509321,0.924063306961741,0.690881520939308,0.716790608275134
"082067","SANTA FLAVIA",0.533036442657602,0.531977865907225,0.926503638639092,0.571906802718081,0.611306451153749
"082068","SCIARA",0.648015177470242,0.689067298476161,0.92918106712528,0.694605220888409,0.720669203803617
"082069","SCLAFANI BAGNI",0.725653891562909,0.806679127303218,0.939344568289452,0.783484315318703,0.800802121204341
"082070","TERMINI IMERESE",0.480979619274067,0.4681683912348,0.927539080754174,0.519870512804407,0.565167020354381
"082071","TERRASINI",0.536154996095478,0.541405865881469,0.931027618513416,0.578005149740968,0.617229868493462
"082072","TORRETTA",0.612681546370512,0.631792521484987,0.928730835546639,0.652886414089638,0.683535794251527
"082073","TRABIA",0.54884039736753,0.556842956117004,0.9322540577078,0.59078291483882,0.628724152935373
"082074","TRAPPETO",0.623077836555751,0.651475785990547,0.927476654403267,0.666296795586161,0.695316779899172
"082075","USTICA",0.648260715147619,0.678481568567162,0.926005297458435,0.689634557417495,0.715897972977599
"082076","VALLEDOLMO",0.623277282007184,0.657882697324171,0.922085619096122,0.668730552608722,0.696881115551767
"082077","VENTIMIGLIA DI SICILIA",0.659395951648986,0.696775430787884,0.92160100970902,0.702437223067494,0.726788754916552
"082078","VICARI",0.644000599160552,0.68492935071398,0.932613951070796,0.691279872550619,0.718094770163972
"082079","VILLABATE",0.532467263260967,0.54241443217717,0.935171269059577,0.577213889853119,0.61698693198717
"082080","VILLAFRATI",0.627890917721573,0.659956261644361,0.932820526155197,0.67281328333019,0.701702976977413
"082081","SCILLATO",0.702053747926539,0.780026429927799,0.947299947055132,0.761666074739965,0.782292060552762
"082082","BLUFI",0.647370704427033,0.703715293315228,0.92751516612318,0.700740215596335,0.72593743232154
"083001","ALCARA LI FUSI",0.638203999323389,0.674186858317182,0.920352848640196,0.682611170802277,0.709026912784268
"083002","ALÌ",0.657554556688245,0.711478935172438,0.920791415963276,0.708144212933635,0.731771679936928
"083003","ALÌ TERME",0.607472326626816,0.609349696515954,0.917686226230956,0.639338533037342,0.670266054503299
"083004","ANTILLO",0.663513074582026,0.731586996298129,0.932705097698428,0.721065541665912,0.744581047891747
"083005","BARCELLONA POZZO DI GOTTO",0.429300757530496,0.390398980364671,0.904179657490686,0.459282847801894,0.508715826656204
"083006","BASICÒ",0.690305479995269,0.75637161168836,0.923752736479485,0.743379964905581,0.763421383969349
"083007","BROLO",0.545782028006566,0.544476919770734,0.915448339309482,0.582161360430733,0.619193246972817
"083008","CAPIZZI",0.616290328213816,0.647211667213721,0.922764967944669,0.660852394736858,0.689953791759948
"083009","CAPO D'ORLANDO",0.485506825253566,0.459005664213515,0.910584891935491,0.516089109453736,0.559921974173931
"083010","CAPRI LEONE",0.584296154728751,0.59883909206995,0.917206802914513,0.624131541350867,0.656695459302383
"083011","CARONIA",0.614454669815177,0.637613802339261,0.922571462812688,0.655687958750766,0.685341681424313
"083012","CASALVECCHIO SICULO",0.672851402322887,0.743575090652005,0.935767876575728,0.730968709496274,0.753724172505102
"083013","CASTEL DI LUCIO",0.675352650228417,0.720938726232363,0.925424792821157,0.720873598689467,0.743601509148544
"083014","CASTELL'UMBERTO",0.609357087124093,0.630990294097792,0.919735192023208,0.650129840752169,0.680085990893396
"083015","CASTELMOLA",0.639420296283709,0.692595637389521,0.919722378155176,0.691379407968471,0.716750849100327
"083016","CASTROREALE",0.629929514732517,0.654663843277396,0.924035283550677,0.670470539459528,0.698644399914101
"083017","CESARÒ",0.629511804875464,0.660169133677835,0.921622976206674,0.672518719969652,0.700196970662655
"083018","CONDRÒ",0.703762579525225,0.77554821974201,0.937442237606332,0.759434083430889,0.779212767228161
"083019","FALCONE",0.600741363645989,0.617642715888516,0.91370136752789,0.639642972543316,0.67009390531938
"083020","FICARRA",0.652748354425194,0.685289093373582,0.919311115791548,0.694047963088604,0.71907720227782
"083021","FIUMEDINISI",0.634894594691995,0.691436927554392,0.921801058978438,0.689029290908718,0.714892820694242
"083022","FLORESTA",0.734180660548213,0.791450986643777,0.924601188734243,0.77899436010982,0.795172896623645
"083023","FONDACHELLI-FANTINA",0.672209659521989,0.712353174698835,0.917385375542632,0.714791812953634,0.737302208796856
"083024","FORZA D'AGRÒ",0.644246888653953,0.694270972485637,0.915678812364142,0.69390091874923,0.718542906928664
"083025","FRANCAVILLA DI SICILIA",0.596512390113016,0.611484194542053,0.914920049406457,0.635090468035427,0.666182643743319
"083026","FRAZZANÒ",0.72129391782144,0.769766597565951,0.919743121606695,0.762951544084996,0.780372830476295
"083027","FURCI SICULO",0.568599517698616,0.552506929957103,0.908422978382136,0.595340199283287,0.630127174738715
"083028","FURNARI",0.576944267800454,0.580400507635059,0.913789204330605,0.612184069379042,0.645695751040326
"083029","GAGGI",0.619269484427196,0.640265122602934,0.920095596941478,0.658800132857707,0.687832962200348
"083030","GALATI MAMERTINO",0.621248054823211,0.643454245220546,0.91740087402707,0.660856122422398,0.689361094822917
"083031","GALLODORO",0.740039929202514,0.794198038398365,0.913085092314976,0.781715594651893,0.796312205503347
"083032","GIARDINI-NAXOS",0.530242010091253,0.522189170087093,0.911770326496341,0.56477106372989,0.603326537370606
"083033","GIOIOSA MAREA",0.531357015101889,0.522445727849541,0.910874275688827,0.565298661897026,0.603695952318337
"083034","GRANITI",0.645899679138931,0.682324623395043,0.921927235673436,0.689893659707632,0.715675168148277
"083035","GUALTIERI SICAMINÒ",0.655719197899443,0.696726596635705,0.928698873857042,0.701470494926521,0.726718092585468
"083036","ITALA",0.610117880600415,0.651941303264769,0.92190208024152,0.660116840763485,0.689204089594378
"083037","LENI",0.648270579032427,0.691660092131686,0.914203888252285,0.694389190849079,0.718813046116102
"083038","LETOJANNI",0.601183909133927,0.61107846176571,0.916712300983124,0.637189297003149,0.66824740855648
"083039","LIBRIZZI",0.640616753973503,0.674736771154366,0.919795114438602,0.683888597751401,0.710100432938868
"083040","LIMINA",0.687796070918352,0.753539905750045,0.921921836471983,0.740793373147977,0.760918757961755
"083041","LIPARI",0.508824056889735,0.498343373077814,0.912960901461337,0.544521433631531,0.585459152279287
"083042","LONGI",0.633118158532438,0.65333443316482,0.915098925309138,0.67041355879468,0.697600821740731
"083043","MALFA",0.668268706963236,0.701271027442496,0.923576926276696,0.708650573110249,0.732531279017632
"083044","MALVAGNA",0.669189025230306,0.733044777639042,0.922064936915259,0.723211704982732,0.745306508530791
"083045","MANDANICI",0.730758748299648,0.785192132745853,0.922267145488336,0.774404611019309,0.790833781515867
"083046","MAZZARRÀ SANT'ANDREA",0.651687367410143,0.689042133107958,0.915384791586129,0.694866754391758,0.719368758524466
"083047","MERÌ",0.629025526946197,0.655556992098979,0.924644583356823,0.670526591906012,0.698761924289435
"083048","MESSINA",0.319938312208157,0.246902303985727,0.861470146660338,0.341225291953282,0.399030275809621
"083049","MILAZZO",0.442956730788023,0.405534806531544,0.915919405989448,0.47341313239275,0.522580496125717
"083050","MILITELLO ROSMARINO",0.63589915664247,0.692474703800478,0.926843988703138,0.69045263606964,0.716718341917807
"083051","MIRTO",0.641469612570295,0.693276447749034,0.91707034436408,0.692342761580106,0.717312493000547
"083052","MISTRETTA",0.567377190868011,0.574046513303544,0.922942885067879,0.605934955383988,0.641158058682198
"083053","MOIO ALCANTARA",0.700809139425203,0.759129625762734,0.930097889696673,0.749982233304239,0.769995084014509
"083054","MONFORTE SAN GIORGIO",0.628154319392305,0.652313336506559,0.92022861074387,0.668233306228876,0.69623278450832
"083055","MONGIUFFI MELIA",0.731352342558371,0.789704179028434,0.918812299824764,0.776356664696539,0.792185068599675
"083056","MONTAGNAREALE",0.650796462981679,0.681983491761443,0.919483479327617,0.691699327567166,0.717008677762772
"083057","MONTALBANO ELICONA",0.632125922698916,0.66126307934582,0.918443860683878,0.673869436988519,0.70104437295467
"083058","MOTTA CAMASTRA",0.654380503466108,0.713733914990658,0.916843300730991,0.707335818378644,0.730614427528905
"083059","MOTTA D'AFFERMO",0.662964915792252,0.715079655893119,0.923372390147836,0.712457296273201,0.735892306703716
"083060","NASO",0.593425523930843,0.612396001389584,0.917767893026015,0.634396475696794,0.665882188733374
"083061","NIZZA DI SICILIA",0.578653763414862,0.576470934573343,0.914818518843601,0.611287965979053,0.645013582964003
"083062","NOVARA DI SICILIA",0.665711002211028,0.706207958667922,0.919548307968108,0.709318363192339,0.732677245945202
"083063","OLIVERI",0.623115859566029,0.644816490447002,0.915730289653351,0.662142586471199,0.690318997935883
"083064","PACE DEL MELA",0.564924711257918,0.570272663298442,0.92366284924839,0.603205103475201,0.638811519672222
"083065","PAGLIARA",0.657065416764744,0.679914068083245,0.910739407647563,0.692714708946351,0.716939675468708
"083066","PATTI",0.490883035703069,0.467270414943526,0.910606170421233,0.522229669833091,0.565382614342885
"083067","PETTINEO",0.630394227311485,0.685989357432969,0.920664064449183,0.684439019579923,0.710686246787618
"083068","PIRAINO",0.569456875209764,0.569837794724956,0.912397126730631,0.603922314143687,0.638197293320014
"083069","RACCUJA",0.6921087751456,0.726835118639968,0.916324579980741,0.73015721020158,0.750842473510375
"083070","REITANO",0.665024376901621,0.724402704613773,0.926442317712,0.717886418453127,0.741059296148557
"083071","ROCCAFIORITA",0.684940990141949,0.710255059641795,0.890552039616357,0.716893426364321,0.736188827836769
"083072","ROCCALUMERA",0.560266433273515,0.549635905757761,0.910613580326257,0.5905174105967,0.626083651677762
"083073","ROCCAVALDINA",0.641664991532681,0.697815257950149,0.923533440451547,0.695119456312428,0.720498787883441
"083074","ROCCELLA VALDEMONE",0.68404937778481,0.751615632019683,0.92855009839249,0.738904264251271,0.759976023600295
"083075","RODÌ MILICI",0.626751187897428,0.647750185044987,0.918173110197623,0.665342928843849,0.693435171216491
"083076","ROMETTA",0.543028989873312,0.534127023822155,0.922221709491962,0.576942377112157,0.615306747376579
"083077","SAN FILIPPO DEL MELA",0.567487039834649,0.579374971800557,0.930462590789977,0.60913416431484,0.644837322812078
"083078","SAN FRATELLO",0.614701484295056,0.647719911280185,0.923088455960702,0.660398473604929,0.689586249422237
"083079","SAN MARCO D'ALUNZIO",0.628739650042927,0.657470573005697,0.921664501186838,0.670961050490565,0.698816989456817
"083080","SAN PIER NICETO",0.630163404834387,0.660307681545158,0.92326726777856,0.673038715648651,0.70084188810753
"083081","SAN PIERO PATTI",0.605929600583383,0.627962171481586,0.912855457081306,0.646536843137367,0.676127800242249
"083082","SAN SALVATORE DI FITALIA",0.6786196233778,0.730105191181364,0.92493205457219,0.726419372008843,0.748476336738104
"083083","SANTA DOMENICA VITTORIA",0.637269553426126,0.689604917322707,0.923546935312925,0.689448205368268,0.715459175362118
"083084","SANT'AGATA DI MILITELLO",0.497275667282975,0.47630976749056,0.914908907900338,0.529604336438125,0.572415955489482
"083085","SANT'ALESSIO SICULO",0.616046977272315,0.621773407627325,0.910904987038277,0.648109671908666,0.677309151367511
"083086","SANTA LUCIA DEL MELA",0.606820290478124,0.632824734683204,0.925116469403282,0.650351908262926,0.680881303945188
"083087","SANTA MARINA SALINA",0.634908588188663,0.642048464439201,0.908048071254867,0.665435480808026,0.692392435302119
"083088","SANT'ANGELO DI BROLO",0.610176176804162,0.636617226748447,0.919063568446683,0.652963388443342,0.68253007511038
"083089","SANTA TERESA DI RIVA",0.509295163815328,0.483767096951084,0.908720942427724,0.537750111587658,0.57896909279211
"083090","SAN TEODORO",0.6705243827751,0.717143843747065,0.927244552768318,0.717175157211806,0.740516201162529
"083091","SANTO STEFANO DI CAMASTRA",0.571998591504165,0.578347815782201,0.920048906782079,0.609660773957073,0.644148344270962
"083092","SAPONARA",0.598159386240683,0.612339559665897,0.924449814148441,0.637169507072805,0.66908954119232
"083093","SAVOCA",0.628808612248576,0.648833862196155,0.914805616584328,0.666419675158562,0.694018113094758
"083094","SCALETTA ZANCLEA",0.639734717132387,0.667499916297722,0.925704976094747,0.680826082653024,0.708034848590993
"083095","SINAGRA",0.601613754840047,0.618909909970707,0.913080926722962,0.640543741837136,0.670825651268894
"083096","SPADAFORA",0.566134336442832,0.56805382362509,0.92065375823174,0.602450047853739,0.637806015673517
"083097","TAORMINA",0.508571084674758,0.492286829760675,0.914540974320789,0.541840158928024,0.583251360638331
"083098","TORREGROTTA",0.556168659703259,0.559057529054338,0.920215831768218,0.59387336811774,0.630133641856682
"083099","TORTORICI",0.582352787170242,0.609455867463251,0.926839374646248,0.628997832049697,0.662091336782647
"083100","TRIPI",0.658689968996816,0.717101471557903,0.921205273695138,0.711226675619137,0.734557630960915
"083101","TUSA",0.609780863520469,0.628328532457998,0.920431560402284,0.649192384230539,0.679330070471844
"083102","UCRIA",0.638306786690971,0.689599413088329,0.920234764628778,0.689581266363563,0.715209432837476
"083103","VALDINA",0.657637920468978,0.694732003474624,0.928668481841525,0.701433313958774,0.726681665945746
"083104","VENETICO",0.578929573932179,0.582361527638716,0.91964558727529,0.614545554434432,0.648445558083416
"083105","VILLAFRANCA TIRRENA",0.537364072273184,0.531245245953325,0.923492739788018,0.573223467180731,0.612142275248207
"083106","TERME VIGLIATORE",0.546656079544772,0.549166639445608,0.91724375742327,0.584844599287998,0.621777839080806
"083107","ACQUEDOLCI",0.566422082667804,0.574810371248442,0.924210912438606,0.605975695506171,0.641335164054219
"083108","TORRENOVA",0.566699873245938,0.568997961252475,0.91741750394274,0.60280577591856,0.637762634587913
"084001","AGRIGENTO",0.405775615264392,0.357273692134585,0.90844494187867,0.434216682517406,0.486908711335325
"084002","ALESSANDRIA DELLA ROCCA",0.624231265039055,0.643713355129009,0.915156293157754,0.662090708391404,0.690209106698776
"084003","ARAGONA",0.539391479558741,0.537407198200587,0.923385990980598,0.576898004089757,0.615396669299851
"084004","BIVONA",0.583757705139382,0.588547754656806,0.913468370877658,0.61888429399605,0.651615858094007
"084005","BURGIO",0.622409201442657,0.646714624219874,0.917621529399228,0.662867874488062,0.691173836144858
"084006","CALAMONACI",0.637286872207263,0.690142767362253,0.918786800182044,0.689222017824487,0.714729215864215
"084007","CALTABELLOTTA",0.613635674733536,0.636929748571513,0.917237071374295,0.654478147624702,0.683673583596879
"084008","CAMASTRA",0.655830323106645,0.69662508388433,0.928432993490747,0.701448232495013,0.726668761494539
"084009","CAMMARATA",0.57241213395047,0.583053204066642,0.923636689771691,0.61232307108487,0.646913473161183
"084010","CAMPOBELLO DI LICATA",0.5426034228558,0.549241270733816,0.921654683513492,0.583495580466676,0.621068814138545
"084011","CANICATTÌ",0.469124514597306,0.457300141897725,0.916340640376371,0.508525159460401,0.553837990673286
"084012","CASTELTERMINI",0.566639224907656,0.5795450274963,0.924879352336484,0.608270848815429,0.643449571428879
"084013","CASTROFILIPPO",0.644587872346042,0.682031792732865,0.922333004171785,0.689212149702687,0.71511446686592
"084014","CATTOLICA ERACLEA",0.607499162799177,0.628898389283531,0.91659582119295,0.648038480556514,0.677878185071673
"084015","CIANCIANA",0.604106351640289,0.618831921083995,0.913144609706872,0.641636683696615,0.671804231031088
"084016","COMITINI",0.672520682787238,0.702729339192547,0.923642325520269,0.71122674244293,0.734828473895968
"084017","FAVARA",0.473995734021703,0.45715363767641,0.916251397178957,0.510642356982046,0.555710028115036
"084018","GROTTE",0.581582293761505,0.58727780878741,0.920581058499881,0.618045151997,0.651660252719542
"084019","JOPPOLO GIANCAXIO",0.64071521648928,0.659335960261843,0.91074008048947,0.676097037586952,0.702168486798343
"084020","LAMPEDUSA E LINOSA",0.595179386090734,0.622329032906045,0.933664328711371,0.641245221419688,0.673736233340986
"084021","LICATA",0.481098931499574,0.474691681934861,0.920202230430041,0.5221259990885,0.566356691459782
"084022","LUCCA SICULA",0.645634226431316,0.676744533054526,0.918752681975145,0.686945709966143,0.712702040189366
"084023","MENFI",0.529444811643305,0.53320281545937,0.922871100574395,0.570478542253643,0.609633270955949
"084024","MONTALLEGRO",0.606772137094799,0.661218378181235,0.924699694456723,0.663065701319888,0.692136145001758
"084025","MONTEVAGO",0.626072007827887,0.647417570109223,0.920559087768867,0.665126218848586,0.693507648728618
"084026","NARO",0.560025660033096,0.570910938712439,0.917250945501895,0.60064656398568,0.635824828598593
"084027","PALMA DI MONTECHIARO",0.519809916475806,0.529971772942494,0.926014204438719,0.565003180682107,0.605115516655064
"084028","PORTO EMPEDOCLE",0.530435892537685,0.536851956874727,0.931655132332996,0.573445045468885,0.613246166231564
"084029","RACALMUTO",0.556071393933088,0.561746958079628,0.919363448464295,0.594954603252152,0.631000030497945
"084030","RAFFADALI",0.525507160762869,0.518900354199764,0.921948842483393,0.562178265981524,0.602152774481732
"084031","RAVANUSA",0.541941768930218,0.54958273103332,0.921980738903575,0.583384098873949,0.62100594776613
"084032","REALMONTE",0.597196145224423,0.612079156263558,0.92401436695817,0.636575322365408,0.668512993986826
"084033","RIBERA",0.5033054899141,0.492531233844164,0.914956066964062,0.539622132387625,0.581325902896118
"084034","SAMBUCA DI SICILIA",0.577656906546145,0.591395927073099,0.922062629028464,0.618280038031506,0.652033659253391
"084035","SAN BIAGIO PLATANI",0.627988906154766,0.660342447963774,0.925120195873079,0.672261128940651,0.700356580822032
"084036","SAN GIOVANNI GEMINI",0.560108162428892,0.568823812311162,0.92387215742942,0.600406604375966,0.636347221381906
"084037","SANTA ELISABETTA",0.591225671746603,0.633537682376421,0.916744250336132,0.642817934388974,0.673254191716436
"084038","SANTA MARGHERITA DI BELICE",0.580046429527522,0.594884620588057,0.924347022817475,0.621153674833758,0.654841824609727
"084039","SANT'ANGELO MUXARO",0.667177007948005,0.70596435007489,0.915993063039505,0.709512917414254,0.732455155817059
"084040","SANTO STEFANO QUISQUINA",0.591127783851987,0.60518880899696,0.919124227857178,0.630254889567744,0.662351482711015
"084041","SCIACCA",0.44652544248148,0.421752514858504,0.912758432378439,0.482000924040837,0.529862869411681
"084042","SICULIANA",0.599710140429997,0.624643385152402,0.924047598305737,0.643363846342653,0.674550929894107
"084043","VILLAFRANCA SICULA",0.659682939467814,0.693604653946619,0.921079158615544,0.701087332898049,0.725530869088882
"085001","ACQUAVIVA PLATANI",0.640811702045514,0.693020713921706,0.909989091887456,0.691223496373995,0.715530784764379
"085002","BOMPENSIERE",0.739618416988576,0.800859359476336,0.922968305239237,0.785511829933134,0.800784771633812
"085003","BUTERA",0.592750484797407,0.609148032479259,0.923523008656835,0.633206633640183,0.665464008642033
"085004","CALTANISSETTA",0.410871970868038,0.370573575503836,0.911778858600433,0.442828381727386,0.494933990268836
"085005","CAMPOFRANCO",0.62776182995804,0.652616723025861,0.924397238437505,0.668610072686506,0.697030868881061
"085006","DELIA",0.589525411641998,0.601948064969718,0.909203780710524,0.627083442546324,0.658430146786791
"085007","GELA",0.43055795728475,0.40940284203546,0.922559893298067,0.470238349023901,0.520496298387697
"085008","MARIANOPOLI",0.701884098254584,0.759457072393297,0.935640666256968,0.751167593417243,0.771664601510546
"085009","MAZZARINO",0.535751049143,0.5360057737428,0.920375169062637,0.574328087204873,0.612777762966847
"085010","MILENA",0.616261357954534,0.639097406263147,0.92111341587748,0.657022785485704,0.686366188862568
"085011","MONTEDORO",0.656978819157825,0.689816311694644,0.91425419759208,0.697483228642819,0.721568891859403
"085012","MUSSOMELI",0.523206400361136,0.513933628680191,0.918944772244873,0.558607490293084,0.598644966065505
"085013","NISCEMI",0.515446880141041,0.523177151316495,0.929573023538025,0.560338116509694,0.60136421729062
"085014","RESUTTANO",0.647062052184728,0.680395453752161,0.921996320875365,0.689555509759136,0.715382266549828
"085015","RIESI",0.556955570714617,0.567727947785054,0.921877984099759,0.598295381734828,0.634249004219821
"085016","SAN CATALDO",0.490901886973954,0.478427153367949,0.920302052973418,0.528228273451198,0.571792026731445
"085017","SANTA CATERINA VILLARMOSA",0.593128343461011,0.618680886564817,0.929886438029966,0.638302797314619,0.670700979616325
"085018","SERRADIFALCO",0.569088875238447,0.578055187226941,0.922373108805015,0.608452138989926,0.643332246747158
"085019","SOMMATINO",0.572822384630477,0.589191178983283,0.924283128192057,0.615334416445397,0.649662051083915
"085020","SUTERA",0.6416999847707,0.660520776126255,0.909576482042279,0.676956990607858,0.702803600767238
"085021","VALLELUNGA PRATAMENO",0.626870404573941,0.662727167735784,0.930415928658983,0.673360500405275,0.701922214655687
"085022","VILLALBA",0.667548935746236,0.707499674606757,0.921504026844445,0.710922277343291,0.734320249510086
"086001","AGIRA",0.563943561500503,0.571449146356664,0.919795976269208,0.602906316162646,0.638116278396708
"086002","AIDONE",0.597661042767756,0.614334016429809,0.919136498218546,0.637311426460759,0.668625323322736
"086003","ASSORO",0.594149609176496,0.609812349353103,0.922056628726119,0.633988544210931,0.665996109157063
"086004","BARRAFRANCA",0.540871462450444,0.549407601696568,0.923853530948273,0.583010931960982,0.620882331848459
"086005","CALASCIBETTA",0.581046660275868,0.584944972409052,0.919747963578424,0.616671031066056,0.650346245789653
"086006","CATENANUOVA",0.597838952496495,0.621129829014328,0.928183190829221,0.641354270762793,0.673224150770174
"086007","CENTURIPE",0.594259539355812,0.620134764620638,0.927403881356778,0.639217824925081,0.671238497861936
"086008","CERAMI",0.647630215473636,0.686199621259581,0.923365671164748,0.692559993646423,0.718205068926236
"086009","ENNA",0.447527999880051,0.408705242290713,0.914913052965889,0.476796264273433,0.525475907461484
"086010","GAGLIANO CASTELFERRATO",0.610058914874884,0.637390289646615,0.931854465217458,0.654537588556421,0.685350574852091
"086011","LEONFORTE",0.525840739995993,0.523097135076346,0.919239154390988,0.563945959221652,0.603422980907133
"086012","NICOSIA",0.509880364297007,0.503280549147805,0.918773378353737,0.547799748885539,0.589019041048672
"086013","NISSORIA",0.612732979683317,0.633532611503118,0.924613803646677,0.653280896398564,0.683428997203909
"086014","PIAZZA ARMERINA",0.487337366692923,0.470605928326759,0.921036169338125,0.52317809969267,0.567384551875498
"086015","PIETRAPERZIA",0.57847591149218,0.600799445577144,0.927390320522337,0.62341294273343,0.657188206932197
"086016","REGALBUTO",0.574083603722019,0.593660187430643,0.927949843242485,0.618279690342946,0.652687485109562
"086017","SPERLINGA",0.669872431435434,0.728892793375519,0.926032360414873,0.722047587206416,0.744712562007356
"086018","TROINA",0.548133928622846,0.559594135742835,0.930079062149164,0.591485535179473,0.629107038176105
"086019","VALGUARNERA CAROPEPE",0.570975765336082,0.584819390647851,0.922897069821896,0.61239752717496,0.646897476357952
"086020","VILLAROSA",0.597435116941847,0.617651038372809,0.923780024315427,0.639166772323138,0.670790466988948
"087001","ACI BONACCORSI",0.567763558203933,0.560833876576227,0.924792519976451,0.600348097648717,0.636397477907354
"087002","ACI CASTELLO",0.453439248106813,0.405182897740553,0.919423121881009,0.478322277819416,0.527333482715148
"087003","ACI CATENA",0.479179636839303,0.461075577143051,0.92181926943066,0.515296773235126,0.560465939479074
"087004","ACIREALE",0.421623451373339,0.381410386889885,0.908082161648483,0.452173443383299,0.502829967634986
"087005","ACI SANT'ANTONIO",0.494323931889222,0.476624458007554,0.921427892247758,0.529069564678325,0.572664934408262
"087006","ADRANO",0.497920359990304,0.499542285272197,0.923402516704661,0.541198442038592,0.583665561445933
"087007","BELPASSO",0.486232748700962,0.4738550762539,0.921150539397338,0.524154575169421,0.568265237861412
"087008","BIANCAVILLA",0.505653249944658,0.502924939095317,0.921790116844525,0.546039196752441,0.587789298984895
"087009","BRONTE",0.510561238608718,0.510785340812614,0.920684578416584,0.551674418581258,0.592675547451849
"087010","CALATABIANO",0.599186049609331,0.626715661994196,0.92494643047856,0.644150413269443,0.675349970737123
"087011","CALTAGIRONE",0.453347171154121,0.427134539554659,0.913608000962608,0.487577569915212,0.534914284476034
"087012","CAMPOROTONDO ETNEO",0.605875206265131,0.62364711672456,0.934765150231384,0.646761560368499,0.678761959242153
"087013","CASTEL DI IUDICA",0.628930983493324,0.668009466444663,0.934461862831994,0.677069388755294,0.705668552541594
"087014","CASTIGLIONE DI SICILIA",0.58140706119096,0.627096765706864,0.916752057479788,0.635501927852,0.666751942255087
"087015","CATANIA",0.318431126843426,0.255763925390255,0.853333193993458,0.343721092904502,0.400344659692164
"087016","FIUMEFREDDO DI SICILIA",0.552442230727417,0.559591665238088,0.922332620000581,0.592648515184535,0.629280082386318
"087017","GIARRE",0.459849531805397,0.431382747608273,0.915956561274674,0.492650181863619,0.539684224020403
"087018","GRAMMICHELE",0.531194564429635,0.535077461008627,0.918421437783903,0.571664555225608,0.610193097732086
"087019","GRAVINA DI CATANIA",0.464336435828044,0.435070071189044,0.920599505133682,0.496792878671058,0.543882503833572
"087020","LICODIA EUBEA",0.640001762702712,0.675102286044875,0.920326223404968,0.683829444276911,0.710106864180028
"087021","LINGUAGLOSSA",0.55831440298206,0.55622915401748,0.911370136727882,0.592681614322581,0.628091450145392
"087022","MALETTO",0.624584125202846,0.656802202907907,0.926227466709089,0.669246594320748,0.697800024586119
"087023","MASCALI",0.517051849994019,0.509431978458986,0.920204607050068,0.553938183508859,0.594634452791216
"087024","MASCALUCIA",0.454932042832099,0.426069531119593,0.922237787616265,0.488674487039888,0.53684818710393
"087025","MILITELLO IN VAL DI CATANIA",0.584731917374729,0.605985875705573,0.925080965681665,0.628331103454303,0.661303310368454
"087026","MILO",0.650662781376772,0.677580772204078,0.92346841459838,0.690056440571221,0.715991104352016
"087027","MINEO",0.606964930442695,0.637101545588204,0.922378058179094,0.652067720031814,0.682102202048178
"087028","MIRABELLA IMBACCARI",0.605974575265408,0.635312624512585,0.923070859637309,0.650886325863828,0.681129051838659
"087029","MISTERBIANCO",0.467184954069278,0.453558334051212,0.920868136079901,0.506421293262211,0.552470942464176
"087030","MOTTA SANT'ANASTASIA",0.53946711128005,0.53886175066707,0.931872541232866,0.57843524199949,0.617706053025421
"087031","NICOLOSI",0.53328930779233,0.517758413194867,0.918358185694129,0.564807293013652,0.604090725533705
"087032","PALAGONIA",0.548908499476284,0.563290366922119,0.924489280480801,0.592938417927361,0.629777402655522
"087033","PATERNÒ",0.459053134787328,0.445439760024564,0.916217585421563,0.498643561207508,0.545040675009069
"087034","PEDARA",0.494900617607286,0.472407130616972,0.921629766229923,0.527451463323908,0.571249052535688
"087035","PIEDIMONTE ETNEO",0.589322249583497,0.601454766163753,0.920243941455891,0.627874051231852,0.660359594590078
"087036","RADDUSA",0.640896440193393,0.679507816255764,0.928556385671739,0.687037553969295,0.713872979714011
"087037","RAMACCA",0.561173268509269,0.574475329041594,0.922294316777556,0.603271300575644,0.638718302375856
"087038","RANDAZZO",0.538212391216786,0.545774584479696,0.923574626754593,0.580151601738876,0.618309715629511
"087039","RIPOSTO",0.510037979143905,0.496933578408409,0.921402207782272,0.545277421676769,0.58706906457738
"087040","SAN CONO",0.640192097476234,0.676987282434524,0.92092233272383,0.684822954232224,0.711056218509069
"087041","SAN GIOVANNI LA PUNTA",0.453337782554047,0.413251422834873,0.920451558675335,0.482010298292547,0.530725993890635
"087042","SAN GREGORIO DI CATANIA",0.465143484279664,0.409991241362012,0.922761228495532,0.486086749388307,0.534606135955776
"087043","SAN MICHELE DI GANZARIA",0.631962482336787,0.664312964978155,0.922779251543969,0.675601876446121,0.703066029234771
"087044","SAN PIETRO CLARENZA",0.559106172597839,0.561509951637869,0.932681537800813,0.59754540968615,0.634782757254446
"087045","SANT'AGATA LI BATTIATI",0.469209616963534,0.409807272499195,0.915686802554816,0.48712628051371,0.534744116296055
"087046","SANT'ALFIO",0.650969944151766,0.682178769722854,0.924536391543917,0.692370560397971,0.718166763858632
"087047","SANTA MARIA DI LICODIA",0.56927628698959,0.58295970030802,0.926068176947319,0.611113011978656,0.646108030308508
"087048","SANTA VENERINA",0.544315520684261,0.544152378781917,0.921684591995388,0.581979013959319,0.619724078185549
"087049","SCORDIA",0.522763753860195,0.526868386394844,0.925015761784683,0.564836039293236,0.604856008458952
"087050","TRECASTAGNI",0.497044498701237,0.469019748848495,0.924831177698439,0.527212029167223,0.571391934559581
"087051","TREMESTIERI ETNEO",0.455432781240417,0.409437580116734,0.920149107494371,0.481206573360155,0.529977966041735
"087052","VALVERDE",0.520271846742174,0.501730553354486,0.92255492630463,0.55215657267396,0.59331194529959
"087053","VIAGRANDE",0.513118096443692,0.486836738956809,0.921761806205737,0.542155856550799,0.584334295401348
"087054","VIZZINI",0.584227589175214,0.603078622791434,0.924620415420059,0.626749836926998,0.659846567870671
"087055","ZAFFERANA ETNEA",0.537475793136259,0.529912369207034,0.917539878290586,0.572078660883541,0.610463240595435
"087056","MAZZARRONE",0.62248665839781,0.655274393850766,0.919731902793646,0.666965663791224,0.69505080145816
"087057","MANIACE",0.581948797259688,0.641517378510021,0.930174391136064,0.643577218209975,0.675421348535096
"087058","RAGALNA",0.567781045509075,0.562555040884282,0.919420264304877,0.600593265307499,0.636018487418318
"088001","ACATE",0.568587257415056,0.587606891274366,0.925291337152163,0.612816500625457,0.647535926906202
"088002","CHIARAMONTE GULFI",0.563023438104487,0.577421566110567,0.923656150845335,0.605565866981308,0.640909231855089
"088003","COMISO",0.477674772753204,0.467298748774218,0.914934542244093,0.516731538911749,0.560976317059787
"088004","GIARRATANA",0.607883837336544,0.632390456355948,0.926988514206465,0.650822283582268,0.68150742031829
"088005","ISPICA",0.502057625317051,0.489457623537785,0.915188860280066,0.537700748012683,0.579643871597948
"088006","MODICA",0.419265846532327,0.384810835986017,0.905576824145969,0.452392189547852,0.502746037836532
"088007","MONTEROSSO ALMO",0.620987158434292,0.646427127801083,0.922871304781526,0.662623559284071,0.691539975450455
"088008","POZZALLO",0.506731666517204,0.502412921531997,0.929266281436557,0.547041692765796,0.589511091506992
"088009","RAGUSA",0.389494867203609,0.342023733624799,0.898002465805213,0.418983616953305,0.472207933492406
"088010","SANTA CROCE CAMERINA",0.537173706668597,0.541693662840205,0.919309275161556,0.577421243795117,0.615408802835832
"088011","SCICLI",0.473625446857621,0.458510510794978,0.915785394930211,0.51103972043669,0.556011462047082
"088012","VITTORIA",0.442132810174928,0.428128797932602,0.908923233223829,0.482510046970771,0.529889289887778
"089001","AUGUSTA",0.451546640063305,0.4251204727059,0.929375208337656,0.487437721579908,0.536541886775213
"089002","AVOLA",0.469652290102457,0.449076984843145,0.919017490275522,0.505329922753073,0.551295208033345
"089003","BUCCHERI",0.632833643899625,0.657446921629007,0.919042447894222,0.672530499277307,0.699920715790297
"089004","BUSCEMI",0.637707207022033,0.689855000113391,0.923017630265378,0.689704756237478,0.715628408907245
"089005","CANICATTINI BAGNI",0.556598200669908,0.56041567718433,0.921948105707407,0.594851055605148,0.631195172283177
"089006","CARLENTINI",0.500350109171113,0.487408255319197,0.924087814488435,0.536900045469483,0.579920908693811
"089007","CASSARO",0.65237347860682,0.706446251598974,0.916033515523097,0.703072230144917,0.726734595186937
"089008","FERLA",0.635446881839812,0.67945002800472,0.932897228601323,0.684993332290172,0.712538209658077
"089009","FLORIDIA",0.492263424267651,0.478425734673775,0.919881549886229,0.528798276512265,0.572251973553817
"089010","FRANCOFONTE",0.565030941680418,0.586597480379348,0.928400038539162,0.611072793780811,0.646331376531739
"089011","LENTINI",0.502426717521956,0.498543449991553,0.924014396798509,0.54283801506093,0.585190946365105
"089012","MELILLI",0.533350208239554,0.53937917807576,0.940544914965307,0.576782715338422,0.617200737519187
"089013","NOTO",0.488359504811038,0.475356609970096,0.924592662758704,0.526131517927381,0.570404978464194
"089014","PACHINO",0.504383595505903,0.504000450951259,0.918097996020944,0.545582620507817,0.586973217787053
"089015","PALAZZOLO ACREIDE",0.536580999950222,0.529619188941626,0.917144740414839,0.571504559042816,0.609909023639707
"089016","ROSOLINI",0.497714020757063,0.487094338247066,0.91721758824317,0.534885520376175,0.577366861250286
"089017","SIRACUSA",0.367063635206209,0.314283678729879,0.894954519413087,0.396101743212548,0.451529829457053
"089018","SOLARINO",0.551050426106608,0.554640665248925,0.924260725205545,0.589987063630544,0.627128581583322
"089019","SORTINO",0.556592270242534,0.566542172843327,0.933110702365762,0.598721569625214,0.635875917707497
"089020","PORTOPALO DI CAPO PASSERO",0.621048372536535,0.655165647808761,0.926110820651358,0.666907391220519,0.69570777226839
"089021","PRIOLO GARGALLO",0.545935847814957,0.552865728201056,0.93590890342643,0.588051599549848,0.626702411091691
"090001","AGGIUS",0.635949281124783,0.661126586715761,0.923920863057581,0.676076226834003,0.703614519747734
"090002","ALÀ DEI SARDI",0.668350041625511,0.718737686281721,0.933099871472777,0.717499464705532,0.741455065457448
"090003","ALGHERO",0.424790591346687,0.384807521986393,0.908576581374699,0.455176809137356,0.505554561608172
"090004","ANELA",0.641689629155102,0.676082367756743,0.912419116995109,0.684239310309841,0.70959262216376
"090005","ARDARA",0.67231673381338,0.739652529261627,0.937918682806502,0.729178036664403,0.752371441791303
"090006","ARZACHENA",0.502987794840816,0.496127439836419,0.922680983167412,0.541869953921497,0.584182290504377
"090007","BANARI",0.68641408004473,0.751810316214255,0.928482566619948,0.740049234978538,0.760986271827584
"090008","BENETUTTI",0.647148910765789,0.684212629867676,0.925070107946555,0.691619704079715,0.717558637842697
"090009","BERCHIDDA",0.632951440637442,0.666925001427355,0.930093581529138,0.677953757082073,0.705969293131747
"090010","BESSUDE",0.747353757381798,0.808321864577716,0.93734170053436,0.793788199935217,0.809738588890678
"090011","BONNANARO",0.661683762300171,0.726898278283855,0.939626711545658,0.718824589417377,0.743358158542742
"090012","BONO",0.613286483205055,0.635246550556384,0.927438051257157,0.654583670318363,0.684900823756007
"090013","BONORVA",0.619729444396173,0.653866619282235,0.932407098185437,0.666358938473827,0.695919845108451
"090014","BORTIGIADAS",0.694692330337259,0.749177022793081,0.930017269150484,0.742742935823701,0.763551195082233
"090015","BORUTTA",0.740470325906577,0.773177093391931,0.900385785261283,0.771179917210457,0.78553612477166
"090016","BOTTIDDA",0.657914030071017,0.715754489284186,0.929878511881025,0.711138684897944,0.735443110118286
"090017","BUDDUSÒ",0.625300407690949,0.662281072946555,0.935926684918973,0.673004334778774,0.702217929238796
"090018","BULTEI",0.651265834094716,0.703590629974282,0.927907367458573,0.702476145576907,0.727524059119314
"090019","BULZI",0.748284003906087,0.816489849483779,0.932718264811857,0.797420060506625,0.812453194318318
"090020","BURGOS",0.649280414943549,0.704128364105364,0.925711546230152,0.701605105195026,0.726505820865595
"090021","CALANGIANUS",0.576351927828696,0.588932931244031,0.917965463893401,0.616174732972067,0.649707036407771
"090022","CARGEGHE",0.725513262523709,0.776747338804847,0.937156524968893,0.76973292309474,0.788335545525201
"090023","CASTELSARDO",0.575950698600326,0.594076748616144,0.922139617130161,0.618726312960427,0.65243890231262
"090024","CHEREMULE",0.739213648255873,0.796095509075388,0.928939090851939,0.783783029884262,0.799911481102893
"090025","CHIARAMONTI",0.666659156083027,0.713185616297086,0.931700680165843,0.714100215587635,0.738278044985214
"090026","CODRONGIANOS",0.617832769504281,0.66145812221644,0.928292951108243,0.668510196385149,0.697374946909937
"090027","COSSOINE",0.714327658246417,0.764086319409716,0.926277030373387,0.757913992982598,0.776620997137131
"090028","ESPORLATU",0.745034348839216,0.804355397853744,0.928774418515223,0.790102827863355,0.805510782380229
"090029","FLORINAS",0.658501294239213,0.697386705236822,0.932581230707316,0.703407722834947,0.728871445931877
"090030","GIAVE",0.681870410643813,0.743809236864245,0.928471481573074,0.734402989535934,0.755966155317838
"090031","ILLORAI",0.706489636849831,0.748741207143099,0.923995298465428,0.747253409643361,0.766891397290258
"090032","ITTIREDDU",0.73959977203302,0.80080791529658,0.925925278871804,0.785775987185501,0.801348130706201
"090033","ITTIRI",0.562005014028169,0.575824192753011,0.931302510610783,0.605153394112609,0.641392184834629
"090034","LAERRU",0.655193057147691,0.718149283188326,0.925755137372644,0.710579566888472,0.734487963608936
"090035","LA MADDALENA",0.516484824314449,0.507569929038676,0.925356884669269,0.553360327475833,0.594693278275104
"090036","LUOGOSANTO",0.651338556173317,0.695473287503536,0.929646936470659,0.69903002330165,0.724654124764873
"090037","LURAS",0.63552524229563,0.671488703893529,0.928214486131514,0.680977724398273,0.708448475701966
"090038","MARA",0.695499815086674,0.767799864506058,0.934157760012471,0.751900631817976,0.772151423839587
"090039","MARTIS",0.716105967602462,0.782327720336652,0.930923519216184,0.76738751149422,0.785558179018882
"090040","MONTELEONE ROCCA DORIA",0.780853032938102,0.869143585002945,0.939806837628438,0.836479161836315,0.847960014702107
"090041","MONTI",0.639041627022413,0.680317604640211,0.937471761426713,0.687458830390852,0.715238044950392
"090042","MORES",0.620458577533032,0.675769882865875,0.927997399622784,0.676102547141786,0.704090864084119
"090043","MUROS",0.683422891427146,0.72550504692394,0.933950887375638,0.727412660995553,0.750361352815562
"090044","NUGHEDU SAN NICOLÒ",0.657134787877117,0.716276687070051,0.925521309284216,0.710587294654647,0.73446885183571
"090045","NULE",0.675804898878038,0.720961257179882,0.92496332982199,0.721041103208263,0.743699128387566
"090046","NULVI",0.635097160132101,0.670934496393039,0.931057886020118,0.680820034038325,0.70862423981408
"090047","OLBIA",0.407044383335595,0.369190650385222,0.907518770432778,0.440057642217645,0.491997767574882
"090048","OLMEDO",0.600437897974724,0.613249127074881,0.928785529758934,0.639037714248215,0.671231915971629
"090049","OSCHIRI",0.606187621611635,0.632556574029457,0.929549046374383,0.65038979267593,0.681407487531313
"090050","OSILO",0.608822481457221,0.635820478342391,0.928372795298735,0.652926611439699,0.683531742979592
"090051","OSSI",0.580721053776872,0.600224982366171,0.932236272976343,0.624649343562004,0.658825669052486
"090052","OZIERI",0.528949718391653,0.52116391118209,0.920763324763736,0.564627465784558,0.604198116782244
"090053","PADRIA",0.676881358813036,0.739716650477046,0.928007605627289,0.730269864743266,0.752240724841491
"090054","PALAU",0.570689191145661,0.579582586439055,0.92300424619991,0.609922724533113,0.644709560273868
"090055","PATTADA",0.607275973627408,0.623082346507666,0.920271813787669,0.64568842543955,0.676197690811563
"090056","PERFUGAS",0.631207729968398,0.661205902671477,0.923873346561682,0.673973469344112,0.701740122368287
"090057","PLOAGHE",0.579824128365734,0.590433521812687,0.930497378060853,0.619665680386375,0.654202535683539
"090058","PORTO TORRES",0.495414155498629,0.489317002109362,0.92914976309404,0.536043997233,0.579722415662005
"090059","POZZOMAGGIORE",0.594011994479864,0.64352406383417,0.923790992430834,0.649270325484399,0.679772621811781
"090060","PUTIFIGARI",0.646709818072453,0.693776516697152,0.930941668318912,0.696313017478214,0.722382867571625
"090061","ROMANA",0.744858319972003,0.811043172510375,0.934302105884785,0.793585882205549,0.809221018169909
"090062","AGLIENTU",0.656866789552255,0.691695306838582,0.923891681438321,0.699242111519709,0.724203174843999
"090063","SANTA TERESA GALLURA",0.56656498065085,0.576370961454895,0.917547283657078,0.606075902313293,0.640683833573714
"090064","SASSARI",0.345641347019069,0.278034805043154,0.883597859330296,0.36901405436103,0.426190032690949
"090065","SEDINI",0.636396243758186,0.697627555500078,0.931617321966222,0.693472441862841,0.71993298409655
"090066","SEMESTENE",0.816198103196231,0.915964149742014,0.93137999905291,0.872611013727501,0.87914090098588
"090067","SENNORI",0.576204413984116,0.595707360247031,0.928957313999638,0.62025602980398,0.654556172492386
"090068","SILIGO",0.654601333793657,0.710127452203195,0.927988027136142,0.706926756412197,0.731489119825969
"090069","SORSO",0.520826211397899,0.522294951683899,0.926677905495134,0.562072313936323,0.602584046331746
"090070","TEMPIO PAUSANIA",0.500833243870989,0.489431167828775,0.918004881764165,0.53741947344131,0.579706741032739
"090071","THIESI",0.605546944067988,0.61853327831787,0.928042608662225,0.643640360939859,0.675240610686788
"090072","TISSI",0.605742030594721,0.61417120792676,0.924336275093332,0.641394584844,0.672832550427259
"090073","TORRALBA",0.676411810129853,0.720240770823263,0.934170564662086,0.721910717895111,0.745495145313663
"090074","TRINITÀ D'AGULTU E VIGNOLA",0.615770751346082,0.639580785832747,0.921064732567167,0.65701466498719,0.686353561384965
"090075","TULA",0.631885183871123,0.688541127830899,0.928257785328693,0.687017618798779,0.713822081746548
"090076","URI",0.625499281274881,0.654191382797041,0.932818417748994,0.669142640607264,0.698439949178568
"090077","USINI",0.597945384395213,0.614817351798945,0.931218020208016,0.638865033308172,0.671348698519266
"090078","VILLANOVA MONTELEONE",0.645498459503944,0.681811205034628,0.932076566323563,0.690497005674714,0.717339179080142
"090079","VALLEDORIA",0.60259480450728,0.632632192223632,0.928777349754894,0.6487298835044,0.679846268643344
"090080","TELTI",0.638767595600202,0.6732592317418,0.934976520368743,0.683909724340775,0.711806035010549
"090081","BADESI",0.640234210052075,0.6754426502116,0.927940454949874,0.684848632613641,0.711858835095445
"090082","VIDDALBA",0.650181697183445,0.689392284635694,0.923495315946477,0.69515782341326,0.720528655916951
"090083","GOLFO ARANCI",0.603628735905103,0.620487006217996,0.933844284119044,0.644236512367299,0.676415153673048
"090084","LOIRI PORTO SAN PAOLO",0.586201795276583,0.599567153996829,0.934216747501892,0.627017701923225,0.661150929209743
"090085","SANT'ANTONIO DI GALLURA",0.669126811728862,0.721021212242152,0.930830031252998,0.718649613912256,0.742225215839005
"090086","TERGU",0.66612030949446,0.727878821476025,0.921977341796428,0.719497343116361,0.74199512074748
"090087","SANTA MARIA COGHINAS",0.666019955407763,0.712390657469578,0.92727287760464,0.713012063555267,0.736818820671864
"090088","ERULA",0.720856411602897,0.775715230968722,0.921829019875689,0.765640141144798,0.782994461003786
"090089","STINTINO",0.618025047634092,0.627564813257042,0.918660802623375,0.652381517663348,0.681968104881129
"090090","PADRU",0.621816737410831,0.685501301142792,0.936665567622383,0.681959674111369,0.710260328945926
"090091","BUDONI",0.556122716989076,0.560621268322555,0.917509541876737,0.594285747577908,0.6301995025
"090092","SAN TEODORO",0.552515902089878,0.553355376254234,0.921572724758884,0.589799347730739,0.626663056289422
"091001","ARITZO",0.628275157990643,0.678841298718541,0.923705904204899,0.680572995939623,0.707587763524653
"091002","ARZANA",0.61407758325453,0.63499657252295,0.926941723217265,0.654777542421592,0.685018006954445
"091003","ATZARA",0.666866153797938,0.701626847989107,0.919153063855314,0.707737157189701,0.731227813485881
"091004","AUSTIS",0.658853475693316,0.716486063548975,0.931330074637537,0.712035800122785,0.736401830624424
"091005","BARI SARDO",0.590947111317318,0.605882316944563,0.925575052193492,0.631130747937196,0.663846781743451
"091006","BAUNEI",0.602964996968955,0.626764385377603,0.926417850822523,0.646020007138204,0.677175323103128
"091007","BELVÌ",0.677334379204801,0.740358814764375,0.927955168937334,0.730757454179863,0.752668311375138
"091008","BIRORI",0.669640455481932,0.726365953991264,0.934965598378524,0.721699444100791,0.745395683464983
"091009","BITTI",0.59846535265456,0.613901193098501,0.923899949905525,0.63795494057943,0.669726608282329
"091010","BOLOTANA",0.631316172447352,0.661705567768565,0.92909881255272,0.674769664352434,0.703028458596911
"091011","BORORE",0.637763707346037,0.675083424624727,0.93141823424065,0.683923032810909,0.711422499636436
"091012","BORTIGALI",0.624639170264353,0.675427666746079,0.925969881312675,0.677627064785962,0.705220711066708
"091016","DESULO",0.636533881272977,0.670196138526868,0.922627454871377,0.680291254397068,0.707217498894213
"091017","DORGALI",0.544324582762935,0.549540183086593,0.918573179326554,0.584096462564943,0.621260542205122
"091018","DUALCHI",0.689710537055784,0.760920464294892,0.932899376005377,0.746073888208342,0.766832275741346
"091019","ELINI",0.671127240087215,0.722659998452824,0.927853612896582,0.719989618632676,0.743085617995332
"091024","FONNI",0.592361223631314,0.610110955615458,0.921610019451002,0.633273482606148,0.665310875588909
"091025","GADONI",0.733549885827338,0.797292530256654,0.927276340313468,0.781606721269143,0.79779223449629
"091026","GAIRO",0.691948108359039,0.738507304471145,0.930623207146223,0.736767256488205,0.758306806561318
"091027","GALTELLÌ",0.643915758799249,0.688301894764067,0.932285096263264,0.692726453729818,0.719344080677979
"091028","GAVOI",0.606189690835926,0.619634396191002,0.918690690632905,0.643489908225408,0.674067772937352
"091031","GIRASOLE",0.634746251007427,0.658706291479603,0.923679487412942,0.674421592860458,0.7021169144774
"091032","ILBONO",0.631215599638553,0.658924942712215,0.927429650522805,0.673306209110126,0.701542147044868
"091033","IRGOLI",0.611160689488751,0.669354416824241,0.931804541826833,0.66941225202353,0.698566950890564
"091035","JERZU",0.5916884670998,0.604476200333347,0.926379758129663,0.630912076157883,0.663741818599192
"091037","LANUSEI",0.556447984184261,0.554799736393316,0.919585136785938,0.592019987938504,0.628416115588219
"091038","LEI",0.692375402435365,0.764528277302248,0.938019090623592,0.749408564944285,0.770365290019764
"091039","LOCERI",0.656568205250126,0.695939681089225,0.930605883871134,0.701689137239821,0.727124331309967
"091040","LOCULI",0.706328187347551,0.783229132973215,0.937375675405137,0.764038361684858,0.783298063209334
"091041","LODÈ",0.660889067768262,0.717559541501459,0.938974488277785,0.714199322999153,0.739174341363445
"091042","LOTZORAI",0.622933263768668,0.647161927305387,0.923831632380966,0.663925999221421,0.692804402905815
"091043","LULA",0.667196380717532,0.718112953112502,0.932746949731213,0.716663895196637,0.740673123478256
"091044","MACOMER",0.519109993689755,0.510785233861281,0.923146464763677,0.555767498874334,0.59658738397315
"091046","MAMOIADA",0.643200821599621,0.679186182310345,0.928833174714568,0.687957469230942,0.7147214365069
"091047","MEANA SARDO",0.661099585969886,0.699223983978227,0.932703894440229,0.705415995920674,0.730670206867291
"091050","NORAGUGUME",0.783064420523713,0.868095605858145,0.936606556381822,0.836682667510019,0.847785321829108
"091051","NUORO",0.419184652613735,0.369733405033109,0.908895794209027,0.445902705361983,0.497346381900543
"091055","OLIENA",0.571447162187499,0.583689016512946,0.929654493290871,0.612776729744287,0.647985370138352
"091056","OLLOLAI",0.660643891295891,0.698968523977529,0.919475270999115,0.703773113972951,0.727740020309191
"091057","OLZAI",0.654272646275985,0.711494457780504,0.926802364735236,0.707275433298944,0.731667314569643
"091058","ONANÌ",0.703280287399281,0.775283710193586,0.918940506082561,0.757247849525046,0.775213700253659
"091059","ONIFAI",0.727777947844442,0.787709424512452,0.93278224439509,0.775247542000112,0.792751397821776
"091060","ONIFERI",0.661416901988443,0.725174640072943,0.937443312102832,0.717710525137907,0.742125279245121
"091061","ORANI",0.614428286898283,0.635803701912502,0.925116984081742,0.655116093373027,0.685116192340662
"091062","ORGOSOLO",0.618486110231153,0.649613597131866,0.928901466099365,0.663535014923295,0.693020176165081
"091063","OROSEI",0.560228479976668,0.573943850361893,0.926201282847901,0.602997676937142,0.638909188705004
"091064","OROTELLI",0.655905268867056,0.697715182190293,0.93348746725121,0.702477949700928,0.728145673873182
"091066","ORTUERI",0.655561485667632,0.718656173070005,0.925320348163929,0.710929981248329,0.734751133127841
"091067","ORUNE",0.648589347275588,0.685800575055725,0.92772966607144,0.693248431656235,0.719301902146813
"091068","OSIDDA",0.727521615821719,0.790115034229538,0.913341428767984,0.774270635399864,0.7897229457741
"091069","OSINI",0.666470745751945,0.726550656392851,0.921681744200985,0.719027805385257,0.741544909698115
"091070","OTTANA",0.645091945386185,0.682493419461301,0.933194660245491,0.690732880205918,0.717673077988093
"091071","OVODDA",0.651275582329114,0.686875970808814,0.92583437800207,0.694751636712275,0.720427496855585
"091072","PERDASDEFOGU",0.60767008659932,0.656690676162984,0.938694292945963,0.662831772537633,0.693483163694114
"091073","POSADA",0.605238702147798,0.622597294799715,0.925168295031295,0.64504302812951,0.676168057785264
"091077","SARULE",0.628638967839423,0.685494965606186,0.928404299983492,0.684200700048873,0.711334433374942
"091083","SILANUS",0.612288646810599,0.664228311644527,0.933267728708917,0.667759404175699,0.697260329123834
"091084","SINDIA",0.650677595077215,0.685865132646404,0.925489476359293,0.693993175111558,0.719714986361306
"091085","SINISCOLA",0.525527489991832,0.523602036859317,0.919089465025583,0.564017233585575,0.603469703745576
"091086","SORGONO",0.633224190512919,0.651237404486713,0.920327705260507,0.670040488275885,0.697850179051954
"091088","TALANA",0.649208913709533,0.708792512978975,0.929350363162293,0.704035678326058,0.729070643307862
"091089","TERTENIA",0.605092339094728,0.636224605113897,0.930191800536114,0.651611804947492,0.682565137790673
"091090","TETI",0.661981929775368,0.719135925421354,0.92670606246232,0.714173641084757,0.737788354571153
"091091","TIANA",0.678581776102239,0.740427674547484,0.922056495327927,0.730759902325168,0.752015079325475
"091093","TONARA",0.638500595172028,0.665860651695856,0.927069066054308,0.679669467695979,0.707158311958015
"091094","TORPÈ",0.640159571210723,0.681621756990929,0.931330684702018,0.687934666160945,0.714978668221064
"091095","TORTOLÌ",0.506805600360922,0.493159366222105,0.920409912179333,0.542025226180295,0.584067969069077
"091097","TRIEI",0.711577504552098,0.767981256015506,0.933549711140131,0.759156413369435,0.778533446455068
"091098","ULASSAI",0.637384459329178,0.651529278136894,0.918156272440948,0.671826809103827,0.699196749474618
"091099","URZULEI",0.657277701929784,0.690957361188361,0.921386438625923,0.698844422265758,0.723571312972443
"091100","USSASSAI",0.724409342762433,0.78668992312061,0.931771058824015,0.773171775529771,0.79079391811802
"091101","VILLAGRANDE STRISAILI",0.607585228145967,0.622212924054766,0.922963742754373,0.645705542765767,0.676512009431168
"091103","CARDEDU",0.619464000733448,0.63749386880016,0.920219107810936,0.657652952071217,0.68682696937563
"091104","LODINE",0.688076257183832,0.741713441625343,0.915358445847067,0.734941209048836,0.754987568693084
"092003","ASSEMINI",0.471868964219177,0.453555361012065,0.924062562737091,0.508847202627768,0.554982242639915
"092009","CAGLIARI",0.307629627532955,0.213703815703574,0.869979226306016,0.32159797208704,0.382529222555815
"092011","CAPOTERRA",0.468304811090819,0.442144134761488,0.925923259760695,0.502294351609607,0.549364230293061
"092015","DECIMOMANNU",0.54668459987847,0.544667906005684,0.932281809862031,0.584336808634072,0.622997364326068
"092037","MARACALAGONIS",0.562894438302879,0.579103397374311,0.932106239020433,0.607109649956779,0.643220382074963
"092050","PULA",0.560546947214306,0.575297682577354,0.935140272054156,0.604644110611662,0.641365906327495
"092051","QUARTU SANT'ELENA",0.39487472119893,0.348088583249544,0.906409634834234,0.424974450485237,0.478467248746236
"092066","SARROCH",0.587690165201556,0.609677832269291,0.941551747540781,0.632970773615959,0.667257548496495
"092068","SELARGIUS",0.434664983903378,0.391134357756533,0.915996374593912,0.463209341206351,0.513519011582747
"092074","SESTU",0.486973548850893,0.467969919037694,0.923479520240857,0.52207251257395,0.566673291203606
"092075","SETTIMO SAN PIETRO",0.558504840170523,0.562518492292003,0.931682752964539,0.597628774904591,0.634745883577918
"092080","SINNAI",0.498659570075523,0.486703745280152,0.924960206971976,0.535909512607251,0.579137367536665
"092090","UTA",0.561095101251437,0.571480157460514,0.932918335028045,0.602950699923182,0.639613770490389
"092099","VILLA SAN PIETRO",0.647296040749627,0.683972701531202,0.94414723543994,0.693485657570367,0.72133694400032
"092105","QUARTUCCIU",0.505481278098711,0.487774307834357,0.922961034430279,0.539261117112909,0.581894441259283
"092108","ELMAS",0.515093995287003,0.49284839029491,0.924799715009391,0.5460540450128,0.588136897234644
"092109","MONSERRATO",0.474916321741418,0.448128972284078,0.917850980068402,0.507155480318313,0.552788313623879
"093001","ANDREIS",0.768415972191553,0.842108209147564,0.942062552135707,0.818942136816173,0.832622182962788
"093002","ARBA",0.64469511076065,0.67301784205114,0.93130852187878,0.686101680953184,0.713346885500472
"093004","AVIANO",0.524177293676281,0.514946375236474,0.930368412378658,0.560642492248606,0.601723150040834
"093005","AZZANO DECIMO",0.49276898998863,0.478282247474501,0.937031871903048,0.530676244048714,0.575826869365862
"093006","BARCIS",0.704877108626801,0.766450477431526,0.93294911197692,0.755392324923939,0.775120856818715
"093007","BRUGNERA",0.535559794106217,0.536416860994236,0.940554356237369,0.576444930418941,0.616901533287655
"093008","BUDOIA",0.579498329893585,0.578404777593293,0.932564336290174,0.614312831998113,0.649674110252786
"093009","CANEVA",0.553691577269544,0.560350694328937,0.940067773554701,0.595325799574787,0.633630463350333
"093010","CASARSA DELLA DELIZIA",0.531929595075514,0.52601011198603,0.935834634452569,0.569656331622951,0.610342809715131
"093011","CASTELNOVO DEL FRIULI",0.627781907006484,0.675820439675426,0.92860011218797,0.679481067225657,0.707160961110358
"093012","CAVASSO NUOVO",0.607686188773768,0.657015820551672,0.941330241588335,0.663248928355281,0.694146852047843
"093013","CHIONS",0.562588785852452,0.565741888265699,0.937615074722901,0.601510310825458,0.63885528459184
"093014","CIMOLAIS",0.713995825718529,0.773292863844611,0.936665063168616,0.762946416620275,0.782248488458979
"093015","CLAUT",0.645560594809363,0.707545513327662,0.937353638508995,0.702633112512561,0.728713170956609
"093016","CLAUZETTO",0.680778745437601,0.737953682122106,0.932353080452831,0.731664900447151,0.753963587114449
"093017","CORDENONS",0.46575932673452,0.436882274013055,0.930121135767123,0.499200833913121,0.547080867452454
"093018","CORDOVADO",0.595387087462486,0.604769980400498,0.940651202733502,0.634135800811693,0.668193067691894
"093019","ERTO E CASSO",0.674634828930399,0.728416318194354,0.931909447565235,0.724563960962662,0.747602348362948
"093020","FANNA",0.632907846759383,0.660897434984754,0.942864049825332,0.676498781767395,0.706094922662721
"093021","FIUME VENETO",0.503969992905359,0.49164787488369,0.938835161549997,0.541911556660072,0.586014179425619
"093022","FONTANAFREDDA",0.503491868378628,0.48842607864392,0.939583155346223,0.540321391694769,0.584683809878264
"093024","FRISANCO",0.650868957054062,0.700688053672873,0.932433421767791,0.7014439970039,0.727109488644332
"093025","MANIAGO",0.506006317897068,0.492911218647777,0.932356786873221,0.542748570132503,0.586038371992582
"093026","MEDUNO",0.630080801367445,0.657643901295618,0.933969580150589,0.672873074213437,0.701883797095343
"093027","MONTEREALE VALCELLINA",0.579602895744765,0.588410560496534,0.935588224965125,0.619164877805097,0.654323027489545
"093028","MORSANO AL TAGLIAMENTO",0.615707215925571,0.645059439531054,0.941576129694508,0.661502607924932,0.692621888121552
"093029","PASIANO DI PORDENONE",0.545955194057323,0.551649105592106,0.939844454218665,0.58790638026411,0.627010610703505
"093030","PINZANO AL TAGLIAMENTO",0.612825840119091,0.666075440746353,0.940453815436443,0.669550957933094,0.699651275433466
"093031","POLCENIGO",0.582214001103342,0.585087675106508,0.935548132041879,0.618840567498621,0.654030296892316
"093032","PORCIA",0.478847069110077,0.45608642850496,0.936678637681706,0.514387937694937,0.561309126582356
"093033","PORDENONE",0.379019530471178,0.31444641766152,0.908501184627015,0.402909795122416,0.459086616178482
"093034","PRATA DI PORDENONE",0.542336700624013,0.548136966681241,0.945902801171693,0.585303430404533,0.62537002715644
"093035","PRAVISDOMINI",0.603039953277128,0.626418920569689,0.942204723534316,0.647476965584499,0.68022449424559
"093036","ROVEREDO IN PIANO",0.529276818390072,0.511024090728526,0.936504673156951,0.561785876419065,0.60342129827883
"093037","SACILE",0.46236591050095,0.433846432805372,0.930745986328134,0.496370153120658,0.544634134588156
"093038","SAN GIORGIO DELLA RICHINVELDA",0.574581745373102,0.590825613827289,0.927330338796845,0.617166345519861,0.651629011439526
"093039","SAN MARTINO AL TAGLIAMENTO",0.624492649791248,0.642328037964815,0.925180320834802,0.662587341573708,0.691764339269386
"093040","SAN QUIRINO",0.55944062060657,0.562782471627565,0.939995775999752,0.598999969105336,0.636888392093604
"093041","SAN VITO AL TAGLIAMENTO",0.476323738624624,0.450312890398869,0.92993021385579,0.509979504446151,0.556640694380555
"093042","SEQUALS",0.614886146942784,0.636558879443199,0.939788893438653,0.657129151217557,0.688535789242124
"093043","SESTO AL REGHENA",0.545726065112121,0.546054804503475,0.938368046303354,0.585138195957354,0.62438595710691
"093044","SPILIMBERGO",0.497216098969745,0.48177337435403,0.931466495375224,0.533691912533221,0.577889088404555
"093045","TRAMONTI DI SOPRA",0.761708906579076,0.84048311829354,0.944094230354622,0.815395834228139,0.829695656019971
"093046","TRAMONTI DI SOTTO",0.663956814536189,0.708473109772518,0.916726918612369,0.709266157800155,0.732317353445957
"093047","TRAVESIO",0.631904186041277,0.657284616180762,0.935714848655327,0.67370644586545,0.702818490619881
"093049","VITO D'ASIO",0.643710616364747,0.69904663553205,0.937754673399613,0.69801623069352,0.724653835438641
"093050","VIVARO",0.611868845315354,0.657344786528229,0.936948112619732,0.664840945591585,0.69507507526138
"093051","ZOPPOLA",0.531786694181105,0.530139577072504,0.936450095302259,0.57151183159435,0.612060527561896
"093052","VAJONT",0.600758459770086,0.650378772229914,0.939615460287892,0.656973300428789,0.688377984857579
"093053","VALVASONE ARZENE",0.570939129205889,0.580544647286219,0.934105636700089,0.611578263091457,0.647414637936861
"094001","ACQUAVIVA D'ISERNIA",0.679460051486724,0.729814274222927,0.926810213049998,0.726854467874343,0.74907177289386
"094002","AGNONE",0.548145229701194,0.537044730549735,0.914302721402614,0.57976575425318,0.616936528380895
"094003","BAGNOLI DEL TRIGNO",0.676478144679669,0.742122365241523,0.924943854038574,0.730864614868394,0.752428974776192
"094004","BELMONTE DEL SANNIO",0.710895725763289,0.779671718527312,0.938057815727424,0.764561131503513,0.783838540861725
"094005","CANTALUPO NEL SANNIO",0.65994889692353,0.68497448944027,0.907952598612272,0.696010783724937,0.719559874267974
"094006","CAPRACOTTA",0.648883903072935,0.665792402768849,0.912506063317007,0.682854943960504,0.708371735000115
"094007","CAROVILLI",0.635077917829785,0.656040256586875,0.919547270077605,0.672957905495257,0.700356723782185
"094008","CARPINONE",0.620574064526871,0.659759791505393,0.910953793296378,0.667245614544157,0.694324301072181
"094009","CASTEL DEL GIUDICE",0.674064485941252,0.70693554334506,0.921983974994793,0.71364841067832,0.736796806713484
"094010","CASTELPETROSO",0.646326729782142,0.670530690415531,0.917665292797357,0.684352368368689,0.710276026638541
"094011","CASTELPIZZUTO",0.743429224821813,0.804756633030981,0.913919173220112,0.788075553355768,0.80205817778514
"094012","CASTEL SAN VINCENZO",0.705084805572173,0.753463462204051,0.927349744848178,0.749081694984119,0.768889256080125
"094013","CASTELVERRINO",0.805013457815502,0.890232914659166,0.925967174802764,0.855457585093877,0.86329198395042
"094014","CERRO AL VOLTURNO",0.63523233426484,0.688050287943302,0.924962590992142,0.687973439092878,0.714305567081685
"094015","CHIAUCI",0.758280371723258,0.807715234048967,0.91971525900413,0.796669548497914,0.810341294109716
"094016","CIVITANOVA DEL SANNIO",0.651970712925348,0.705291340310458,0.919504106195832,0.702718334575696,0.726805642533489
"094017","COLLI A VOLTURNO",0.617448435049139,0.619610051260955,0.90616598877566,0.647292917717108,0.67605659227917
"094018","CONCA CASALE",0.812904038127057,0.915637997796986,0.949168129939275,0.872760729159747,0.881250440357472
"094019","FILIGNANO",0.67776816549925,0.705971598585044,0.912736574254042,0.713956551263336,0.736043220484526
"094020","FORLÌ DEL SANNIO",0.675496203434608,0.707343328453895,0.918434562746875,0.714121245624514,0.736822725304776
"094021","FORNELLI",0.632873391199033,0.660957522688969,0.923644990062021,0.674588410255803,0.702261363567605
"094022","FROSOLONE",0.61717920575443,0.63815659217272,0.922190183210125,0.65712012738823,0.686572355812885
"094023","ISERNIA",0.441843223870082,0.391770028636375,0.907769608271225,0.465902924455028,0.514999222656828
"094024","LONGANO",0.709568368401381,0.751750444612817,0.911999996335862,0.748793465489975,0.766927524472851
"094025","MACCHIA D'ISERNIA",0.646893335010801,0.667229212581588,0.918961083063124,0.683251254722888,0.70944123564958
"094026","MACCHIAGODENA",0.65796687320942,0.700963645112819,0.922995370668336,0.703818270311841,0.728171281462563
"094027","MIRANDA",0.64340971090963,0.690625132153396,0.926594326482195,0.692975112026581,0.718932802521649
"094028","MONTAQUILA",0.600984568570451,0.609053175619085,0.920226245604869,0.636539609445778,0.668060346796788
"094029","MONTENERO VAL COCCHIARA",0.698354674254204,0.735971120067365,0.909488435768434,0.73639545102155,0.755628004882315
"094030","MONTERODUNI",0.595939974036339,0.591461048756,0.909278950226757,0.625258355279228,0.656816199162287
"094031","PESCHE",0.6076255605683,0.594869573754304,0.915614588370421,0.632684269282214,0.664120971403126
"094032","PESCOLANCIANO",0.669656688231445,0.703753379715844,0.922881759443411,0.710322706520621,0.733940379067598
"094033","PESCOPENNATARO",0.700064376282795,0.750691169447909,0.930373718855443,0.745877367464361,0.76637696206337
"094034","PETTORANELLO DEL MOLISE",0.651877733118537,0.686923511564152,0.901237169618062,0.692584277069016,0.715767931796688
"094035","PIETRABBONDANTE",0.713792828836753,0.758455205723983,0.918554756478864,0.754367091200218,0.772610165120067
"094036","PIZZONE",0.669917793728523,0.709815293616824,0.902038957067832,0.711083785012189,0.732301026351705
"094037","POGGIO SANNITA",0.694223566088275,0.767138229745198,0.928228360036897,0.750435644128753,0.770190390340769
"094038","POZZILLI",0.603585533290714,0.614528967337932,0.924180516345671,0.640569576917458,0.672081903520593
"094039","RIONERO SANNITICO",0.651268634047363,0.673054817716936,0.908096335301368,0.686755186824072,0.711348647765993
"094040","ROCCAMANDOLFI",0.708396223225804,0.752459962124227,0.914805594625892,0.748865842870103,0.767303593065191
"094041","ROCCASICURA",0.669215625574532,0.721228060635074,0.915108821414426,0.717210540935765,0.739199238766728
"094042","ROCCHETTA A VOLTURNO",0.643186592063392,0.66093454706578,0.915616516307837,0.678416164238911,0.704771758913236
"094043","SAN PIETRO AVELLANA",0.663570880116799,0.713117308188714,0.911598420755933,0.710669526813074,0.732994959473392
"094044","SANT'AGAPITO",0.639712873277718,0.652939456049673,0.920747342315426,0.673768282428869,0.701210400194042
"094045","SANTA MARIA DEL MOLISE",0.66127991499602,0.712748576142873,0.924645776215787,0.710777398634081,0.734540551698715
"094046","SANT'ANGELO DEL PESCO",0.692440600175264,0.750083904522655,0.91673039089818,0.740809066203881,0.760355880058803
"094047","SANT'ELENA SANNITA",0.729467656149074,0.797649291621689,0.929291779334191,0.780131804430262,0.796705134975143
"094048","SCAPOLI",0.677553145766945,0.741324455005718,0.923200296375037,0.730814949985202,0.752191099584072
"094049","SESSANO DEL MOLISE",0.654962273118294,0.709567329848174,0.918076351954257,0.705845956530336,0.729427111577438
"094050","SESTO CAMPANO",0.624462347619403,0.651766417372058,0.932725853956438,0.667575529641802,0.697036676787872
"094051","VASTOGIRARDI",0.639502963807582,0.676319691539834,0.914567277921827,0.68357692269852,0.709242517723332
"094052","VENAFRO",0.495376250666146,0.464419194585703,0.913588450338526,0.523266795397185,0.566635868168445
"095001","ABBASANTA",0.609732971461991,0.626824369015986,0.931406746272788,0.649591477842369,0.680904285445749
"095002","AIDOMAGGIORE",0.696473072644951,0.765639973950786,0.928855492906234,0.750836420258705,0.770616317219541
"095003","ALBAGIARA",0.697549004142281,0.746420359636284,0.915019101443496,0.741288123844704,0.760591565800125
"095004","ALES",0.651555083439848,0.688693710849897,0.924364687481038,0.695548426178489,0.720972455212106
"095005","ALLAI",0.692814170593188,0.75600436755895,0.927963079657955,0.744764650134258,0.765120031192446
"095006","ARBOREA",0.599107886624709,0.618442191892026,0.93451029102015,0.641348564434546,0.673922089610724
"095007","ARDAULI",0.658186128902517,0.714040747958957,0.926712933692275,0.710173387956891,0.734233337483045
"095008","ASSOLO",0.765660318023461,0.836214141945941,0.934998179511426,0.814343324937373,0.827749419890046
"095009","ASUNI",0.725185384037127,0.80341922023871,0.932684033045576,0.781140475228684,0.79797864831945
"095010","BARADILI",0.818862244004096,0.912352511363251,0.92639721954357,0.871686361869663,0.877765346055653
"095011","BARATILI SAN PIETRO",0.639416543307069,0.699268442514923,0.930916858667649,0.695499929486662,0.721657366062327
"095012","BARESSA",0.686778530572419,0.756326188494874,0.928135369553694,0.742210660535651,0.762868961537656
"095013","BAULADU",0.679693353435479,0.744122153673733,0.939437072407317,0.734660685439877,0.757413617325148
"095014","BIDONÌ",0.79214124744665,0.870517414238008,0.911863439772804,0.839382741735377,0.847436152628424
"095015","BONARCADO",0.671267721030493,0.722131589914955,0.931814688843748,0.720211158809826,0.743722662146929
"095016","BORONEDDU",0.798053185349333,0.880736897738118,0.925021423233733,0.847957679712727,0.856520317881727
"095017","BUSACHI",0.639735786809677,0.695116847908814,0.928090411657457,0.693492726789066,0.719559136218888
"095018","CABRAS",0.552103273285794,0.562800976276836,0.924782466526007,0.594185158955784,0.630918193130254
"095019","CUGLIERI",0.623606763530608,0.650669501742524,0.923900492498186,0.665814368622728,0.69449060460889
"095020","FORDONGIANUS",0.657390566017925,0.72015109890328,0.929602631965695,0.712854012411112,0.736937192361621
"095021","GHILARZA",0.581169165048101,0.589698740229403,0.926187024476984,0.619509259822575,0.653584567006398
"095022","GONNOSCODINA",0.678264249598994,0.734605596511589,0.924436676849972,0.728235098434759,0.750035273814228
"095023","GONNOSNÒ",0.701430719349156,0.75856600864482,0.932303038777711,0.750228831475061,0.770459298953133
"095024","GONNOSTRAMATZA",0.674158777764549,0.742576085694714,0.936951387573873,0.731225827314056,0.75408422289848
"095025","MARRUBIU",0.596872870842265,0.621141267115336,0.932027658022403,0.64130912788316,0.673611186787521
"095026","MASULLAS",0.65648660097026,0.719547654712227,0.934315290791377,0.712646944136257,0.73727676043127
"095027","MILIS",0.631969634411144,0.690045665986312,0.930250055649802,0.687931890743836,0.714856131288943
"095028","MOGORELLA",0.751390156901792,0.822298643310317,0.929524448853384,0.801112404980787,0.81538040985552
"095029","MOGORO",0.601163896723578,0.630368147499001,0.929352807076532,0.647124700607814,0.678483379104338
"095030","MORGONGIORI",0.678322603859753,0.743683062788441,0.93304387100664,0.733206937092351,0.755411040860606
"095031","NARBOLIA",0.641967115166362,0.673651408970744,0.924664659885303,0.684494801850228,0.711180341631903
"095032","NEONELI",0.681400977717473,0.749617965659483,0.936696808156855,0.737628205335316,0.759746938982154
"095033","NORBELLO",0.624474014815707,0.670231372094429,0.927442626226172,0.675361686732178,0.703370680009289
"095034","NUGHEDU SANTA VITTORIA",0.690350397571742,0.75783322227613,0.928951944260886,0.744577823357631,0.765063836791326
"095035","NURACHI",0.631139195327255,0.659359087263935,0.922354961294786,0.672959723295514,0.700670305295434
"095036","NURECI",0.737369294441711,0.819215603349213,0.932013758810668,0.793664579886983,0.809036710878503
"095037","OLLASTRA",0.703996052045518,0.756407613399651,0.935136026857062,0.750695252136033,0.77118867154948
"095038","ORISTANO",0.427186245023735,0.382260054906573,0.911907648310067,0.455441599799645,0.506160049634137
"095039","PALMAS ARBOREA",0.653525694921965,0.688536627284312,0.934685572342132,0.697396602227038,0.723762043350937
"095040","PAU",0.738161114745101,0.821367645890984,0.940921690977681,0.795880111384006,0.81199584244997
"095041","PAULILATINO",0.637808034480633,0.668279327133812,0.929591660427027,0.680698478769203,0.708353276731183
"095042","POMPU",0.74826789256039,0.831843434070635,0.935817596227799,0.804631856606741,0.81920804989797
"095043","RIOLA SARDO",0.652102483068754,0.693405433939128,0.931961241802362,0.698674686833783,0.724595415163625
"095044","RUINAS",0.691642162099789,0.766088305475009,0.934887143046384,0.749467424713298,0.770069615639196
"095045","SAMUGHEO",0.632739757554542,0.673651178595857,0.933310044329881,0.681206925700668,0.709218383326136
"095046","SAN NICOLÒ D'ARCIDANO",0.656771321880687,0.704256391056215,0.940407840379762,0.706503254859582,0.732492653250713
"095047","SANTA GIUSTA",0.5706869228173,0.581031405833097,0.929747938028928,0.611248041695571,0.646636919065944
"095048","VILLA SANT'ANTONIO",0.760937795416252,0.831701298462772,0.927296858959183,0.809417278141479,0.822515009343446
"095049","SANTU LUSSURGIU",0.632102635544122,0.660449349429523,0.922256506026767,0.673874043840817,0.701472095194811
"095050","SAN VERO MILIS",0.617350726490391,0.644506795700784,0.926137347201828,0.660449619706212,0.689970478316836
"095051","SCANO DI MONTIFERRO",0.634541208280203,0.643199318220409,0.907877581038318,0.665770995029107,0.692671726807908
"095052","SEDILO",0.62354341616698,0.647238785804765,0.924485199718868,0.664300510859172,0.693209920732472
"095053","SENEGHE",0.644197132196366,0.678991024684614,0.92609634793445,0.688044305389886,0.714494532339282
"095054","SENIS",0.753549195126963,0.822003935119634,0.923446705262703,0.801343579137239,0.81491059315118
"095055","SENNARIOLO",0.731569229902325,0.776869406164567,0.904377974975405,0.769235183727642,0.784251049421838
"095056","SIAMAGGIORE",0.66416103683026,0.700022593724467,0.920774771875379,0.705960110937165,0.729828406596967
"095057","SIAMANNA",0.66053275413897,0.718124632998134,0.937065667061246,0.714102390917821,0.738876088267091
"095058","SIMALA",0.689233241024789,0.733958872976508,0.918255960926148,0.732262047393198,0.752928037785748
"095059","SIMAXIS",0.637860315398316,0.67214337486674,0.9302989763717,0.682531558256445,0.710061271380362
"095060","SINI",0.684130063427514,0.7426571296249,0.920946237622151,0.734148860635801,0.754904124745396
"095061","SIRIS",0.783913768644797,0.866301335737458,0.925740905863862,0.835170887558401,0.845234222925675
"095062","SOLARUSSA",0.640800048245369,0.670296229222271,0.927677918882004,0.682761116748639,0.709974094763457
"095063","SORRADILE",0.703776311233877,0.768860060524405,0.923655370897046,0.755051904380931,0.773785622882722
"095064","TADASUNI",0.806488486464128,0.894467637377909,0.934014439561864,0.858831699685103,0.867185337449187
"095065","TERRALBA",0.550497958829786,0.566377957371378,0.932266013475365,0.59582076363806,0.633203569175538
"095066","TRAMATZA",0.657947517593322,0.723873095558153,0.937177019813822,0.715536977899546,0.740163649223355
"095067","TRESNURAGHES",0.668920749226289,0.709589666378705,0.928935478089696,0.713223234831217,0.737191261859937
"095068","ULÀ TIRSO",0.747867460693564,0.815799669073273,0.933447593434295,0.796994967738506,0.812156370593594
"095069","URAS",0.63716396886976,0.672231535707381,0.931319556085329,0.682359932668246,0.710022113047922
"095070","USELLUS",0.710864622193175,0.780140332587118,0.936938124219832,0.764646042073115,0.783789606756084
"095071","VILLANOVA TRUSCHEDU",0.766663910123635,0.840638794053514,0.93646928799574,0.816933145679291,0.830214939270008
"095072","VILLAURBANA",0.661293914640463,0.708717302378045,0.931979727292686,0.709703020387597,0.734400432265941
"095073","VILLA VERDE",0.714170215996741,0.783516814742796,0.923778164852576,0.766336980318049,0.78383044526633
"095074","ZEDDIANI",0.637857434603497,0.695401881763593,0.932045948379216,0.693171287203112,0.719712916222679
"095075","ZERFALIU",0.658299774449599,0.722469132648472,0.938294931310282,0.71517550132516,0.739966549101285
"095076","SIAPICCIA",0.775183344886998,0.864761309504563,0.949019566527361,0.832877051128939,0.845781775062097
"095077","CURCURIS",0.723777519213194,0.802355503323993,0.938462077321449,0.780606067873879,0.798145624479165
"095078","SODDÌ",0.828288871955565,0.93465633136644,0.942777263924907,0.887603067887393,0.893733534113783
"095079","BOSA",0.54445654363569,0.542872151315517,0.919811974143881,0.581279110142431,0.618893872809259
"095080","FLUSSIO",0.693146883323731,0.756412979805775,0.926810911739561,0.744983029582234,0.765186127599715
"095082","LACONI",0.607425943432323,0.653778839668115,0.924970106920529,0.66003916308725,0.689475934624281
"095083","MAGOMADAS",0.660920897344786,0.710880996668082,0.928164515228856,0.710127303828676,0.734353660650918
"095084","MODOLO",0.719190192051444,0.76463952919682,0.915104299732504,0.759233804534969,0.776552748445807
"095085","MONTRESTA",0.722174027676817,0.806017649554833,0.943334788558023,0.782019733610045,0.799943628604265
"095086","SAGAMA",0.746525403989288,0.814855573596294,0.938429522641489,0.796464392177661,0.81223829556253
"095087","SUNI",0.674952363266312,0.711908305320807,0.923721851125929,0.716459485976797,0.739488637660034
"095088","TINNURA",0.708969562480572,0.768439311237101,0.928790662227493,0.757713059395702,0.776721681932568
"096001","AILOCHE",0.762753016899244,0.835765237415587,0.955657482127751,0.814898962654449,0.830538798151483
"096002","ANDORNO MICCA",0.599919728451968,0.618133372422012,0.937454203255334,0.641869315718824,0.674712081000659
"096003","BENNA",0.650722548044349,0.684315600774974,0.942837052762315,0.695050872244927,0.722582670080192
"096004","BIELLA",0.408367636477744,0.364833639152478,0.918994296118967,0.439840003645496,0.493079369475882
"096005","BIOGLIO",0.666292379296509,0.703728859535978,0.939001124304602,0.71040966990508,0.735808720393915
"096006","BORRIANA",0.643038991036573,0.695468011013383,0.951683181973554,0.697496469119836,0.725739437214693
"096007","BRUSNENGO",0.629190312417594,0.663462226304994,0.947114694176867,0.676405111842851,0.706483954324409
"096008","CALLABIANA",0.787356820802787,0.865629539830653,0.943797144253599,0.838223576710408,0.849953973104096
"096009","CAMANDONA",0.690658208976048,0.746142924542003,0.935018829441592,0.740062393027282,0.761724219295539
"096010","CAMBURZANO",0.649716988136808,0.680421814595072,0.94260184898954,0.6928226461283,0.72057589089066
"096012","CANDELO",0.541348866898201,0.545010372737729,0.942286313657242,0.583090289201893,0.62300095858582
"096013","CAPRILE",0.780917662789933,0.858342965783837,0.951226664694458,0.832789949327642,0.845949584368399
"096014","CASAPINTA",0.679827985289059,0.736683274417736,0.945380564818725,0.73196812334993,0.755680616846463
"096015","CASTELLETTO CERVO",0.653134677798051,0.712234749386775,0.944472066624244,0.708863448895596,0.735042184198779
"096016","CAVAGLIÀ",0.587804024558004,0.602194808580614,0.939099133474493,0.629409388259827,0.663819359950346
"096018","CERRIONE",0.593611485330034,0.610663716615367,0.940432904247716,0.635967131300202,0.669796661627704
"096019","COGGIOLA",0.643888298565655,0.681248504788349,0.947012468779841,0.691012808387286,0.71945721509757
"096020","COSSATO",0.505230510523757,0.503030667248066,0.941084142097105,0.547825944207031,0.59152129952815
"096021","CREVACUORE",0.657472790756487,0.707267158485285,0.954704814963693,0.709603458655167,0.736836942689447
"096023","CURINO",0.674642840760605,0.730813907963504,0.933899688990906,0.72584550582494,0.748962637287825
"096024","DONATO",0.688071465980375,0.736123580149431,0.942478737390969,0.735135644497509,0.758173765930116
"096025","DORZANO",0.662976602116608,0.716130932615997,0.943257101151865,0.714924100744859,0.740294434123415
"096026","GAGLIANICO",0.584088342509423,0.597135346178342,0.942053621958649,0.625756022105359,0.660900199866836
"096027","GIFFLENGA",0.737810827872498,0.783413616723211,0.94645054341925,0.779196054409994,0.797779886522134
"096028","GRAGLIA",0.632510154704548,0.666160512166914,0.94042963839061,0.678444763931219,0.707554194426707
"096030","MAGNANO",0.656086904872453,0.677128670851426,0.91443902452977,0.691390911528723,0.716174035195506
"096031","MASSAZZA",0.661355188691381,0.712293467648994,0.939004563633544,0.712042351716523,0.737260375262859
"096032","MASSERANO",0.619727715792165,0.640691157973599,0.935168358994409,0.660705329094035,0.691201221305188
"096033","MEZZANA MORTIGLIENGO",0.687736543210878,0.725425020411384,0.931788304081828,0.729101534038201,0.75162228626527
"096034","MIAGLIANO",0.664576320799927,0.718011724516964,0.937289928653834,0.715893613257985,0.740493203857523
"096035","MONGRANDO",0.585862365674187,0.605551313497346,0.939967437727148,0.630132899399905,0.664558959214043
"096037","MOTTALCIATA",0.650629430158391,0.689425885867097,0.948663947693362,0.697891286980806,0.725754915948868
"096038","MUZZANO",0.657027965821858,0.674522685422581,0.941747644027968,0.693372557462794,0.720969789303369
"096039","NETRO",0.646623994468779,0.705730159941812,0.945405849461496,0.703099954430916,0.730022831656536
"096040","OCCHIEPPO INFERIORE",0.581178423322648,0.594523218428875,0.941054813058436,0.623171220094029,0.658491619312296
"096041","OCCHIEPPO SUPERIORE",0.589268842576163,0.599080111931418,0.937419859318286,0.62849901546024,0.66282355366669
"096042","PETTINENGO",0.638485770059769,0.665170041115416,0.937444779651228,0.680389592993956,0.70895128040032
"096043","PIATTO",0.667575437646343,0.719763743672562,0.94863858098907,0.719166489692415,0.744663388725376
"096044","PIEDICAVALLO",0.699770905715622,0.743598407376521,0.920216776324218,0.741537868523886,0.761391080501701
"096046","POLLONE",0.579173929655673,0.568190683029983,0.93456876031553,0.609770951740098,0.645859597137369
"096047","PONDERANO",0.576715591066953,0.585123928241615,0.938084379519957,0.616636221640851,0.652352683627419
"096048","PORTULA",0.632266210480624,0.687150112581376,0.951126436327164,0.688849989010616,0.717991816490233
"096049","PRALUNGO",0.610401472818952,0.631920202426892,0.938020354345401,0.65284678929517,0.684532740967418
"096050","PRAY",0.640200471673033,0.673980126736237,0.948706101921909,0.686251879476362,0.71541345974809
"096053","RONCO BIELLESE",0.620303662820579,0.635194679747819,0.937484478742041,0.658722702029983,0.689696232775767
"096054","ROPPOLO",0.647001682005101,0.666431882784008,0.923886351194596,0.683433739274558,0.710150696154562
"096055","ROSAZZA",0.741725897145005,0.799377665044039,0.933727887332344,0.786869391718304,0.803187002342086
"096056","SAGLIANO MICCA",0.621712977165183,0.634367406951576,0.926264490905616,0.657862621943103,0.687685051827827
"096057","SALA BIELLESE",0.657079760807822,0.711521077004176,0.934745760674309,0.70934495308283,0.734389487259661
"096058","SALUSSOLA",0.634582481573913,0.664882423412835,0.945313735020313,0.679290580746068,0.708848708998762
"096059","SANDIGLIANO",0.608453459381868,0.631431417542294,0.946509445838367,0.65259913919971,0.685255839937338
"096063","SORDEVOLO",0.626710769444926,0.64723768212522,0.93901898478614,0.66717870168518,0.697383177585287
"096064","SOSTEGNO",0.662824507876707,0.691489779552453,0.941398824524285,0.703581311795551,0.730005479876521
"096065","STRONA",0.631387156571595,0.678397868502181,0.941167836212943,0.683520044904494,0.712147577272099
"096066","TAVIGLIANO",0.651011178877176,0.678139722394632,0.935605961506224,0.691678501722936,0.718781552809968
"096067","TERNENGO",0.701481272774635,0.761030804546103,0.938680254598802,0.751998460254213,0.772740881848056
"096068","TOLLEGNO",0.602974426120114,0.627157155387596,0.94159102355121,0.64771831403359,0.680370837313326
"096069","TORRAZZO",0.697619399049558,0.748317809006461,0.936816105370479,0.744353354162257,0.765738104296503
"096071","VALDENGO",0.589915119042082,0.603048310408538,0.944830132189595,0.631316556471739,0.666151398218167
"096072","VALLANZENGO",0.713893699771839,0.776239592938567,0.940198358087704,0.764579817528453,0.784092988701703
"096074","VALLE SAN NICOLAO",0.673403333343045,0.719772797324462,0.944646228994824,0.721393881699861,0.746199698065968
"096075","VEGLIO",0.689622011140299,0.751144430325225,0.946500686634294,0.742994967322915,0.765606713913068
"096076","VERRONE",0.652300965244234,0.686582212699897,0.950201288985145,0.697517558973374,0.725593528974682
"096077","VIGLIANO BIELLESE",0.535434261416281,0.537086244344312,0.939488974983866,0.576583125090653,0.61690599730101
"096078","VILLA DEL BOSCO",0.683421297225814,0.739047027002633,0.930462855972792,0.733157031500081,0.755079900885937
"096079","VILLANOVA BIELLESE",0.78845876231837,0.874172197371989,0.954389139896903,0.843622845850352,0.855930211855524
"096080","VIVERONE",0.629569353187389,0.649462880881417,0.9361182281784,0.669176328148803,0.698836539263202
"096081","ZIMONE",0.672044209161202,0.727785566882081,0.93483163763553,0.72340656298303,0.746898237944419
"096082","ZUBIENA",0.654909215825257,0.698190654416685,0.945565413519259,0.7034514829608,0.730353030800629
"096083","ZUMAGLIA",0.644223343597864,0.666327291914457,0.934151399685508,0.683162925949096,0.71105053414203
"096085","LESSONA",0.600849571728126,0.618215469257597,0.944322566813515,0.643011525124927,0.676490529756992
"096086","CAMPIGLIA CERVO",0.683112366222185,0.719052126753926,0.928860370054455,0.723860058844696,0.746637871201336
"096087","QUAREGNA CERRETO",0.619358485475222,0.64709324144254,0.950351761468413,0.664938453259834,0.696651043060788
"096088","VALDILANA",0.536544340956288,0.546534019433666,0.947989465024777,0.582184208677957,0.622829237160937
"097001","ABBADIA LARIANA",0.566236288023812,0.560127287644277,0.938628343450334,0.600726443395673,0.638271098957302
"097002","AIRUNO",0.591629744204771,0.597365626611051,0.940363319947206,0.62908424886184,0.66367081231577
"097003","ANNONE DI BRIANZA",0.601753754576692,0.614785740773977,0.94763729556507,0.642206502464308,0.676143257253282
"097004","BALLABIO",0.566115539428688,0.565217391417255,0.941032378096636,0.603203056690338,0.640739647957704
"097005","BARZAGO",0.60630131474563,0.622681502205643,0.947386811540501,0.647780948782123,0.681070489088609
"097006","BARZANÒ",0.550371426616105,0.549275817814218,0.952502195675153,0.59009147956116,0.63035933690716
"097007","BARZIO",0.627802199782208,0.648393724984926,0.937874350005614,0.668075601145772,0.698053239907977
"097008","BELLANO",0.563596386944809,0.565423285927493,0.936305067446384,0.601689359537175,0.638868882638198
"097009","BOSISIO PARINI",0.578421823120051,0.584554913567549,0.949849073049255,0.618324438814346,0.655160509284891
"097010","BRIVIO",0.571115266152712,0.576879623935339,0.949461316670191,0.611543832206642,0.649090219369259
"097011","BULCIAGO",0.596805347780976,0.612038861740681,0.946991633701316,0.638679057654877,0.672936010548926
"097012","CALCO",0.537256034300311,0.525436550448823,0.944935446651296,0.57270520780224,0.614064123229913
"097013","CALOLZIOCORTE",0.505167558623338,0.496456188108572,0.9408244249519,0.54481312852455,0.588814383683144
"097014","CARENNO",0.632767112912111,0.651883220941678,0.939412210405205,0.672033871274726,0.701742575622557
"097015","CASARGO",0.677663539789251,0.72347513587749,0.940184329721636,0.724530837022197,0.748492336211024
"097016","CASATENOVO",0.485270201910011,0.462855796326526,0.944091249029539,0.521065824109395,0.568068649100522
"097017","CASSAGO BRIANZA",0.57092052136698,0.577027104749126,0.945822059581081,0.611158637710356,0.648343462362659
"097018","CASSINA VALSASSINA",0.686588622226604,0.730241971810191,0.943640490886968,0.731937816405255,0.755460335792112
"097019","CASTELLO DI BRIANZA",0.586643617315604,0.593299735792651,0.948854387037348,0.62585994760245,0.661748218650772
"097020","CERNUSCO LOMBARDONE",0.555106493984097,0.545610623749023,0.945326035662503,0.589855306546155,0.629352054225749
"097021","CESANA BRIANZA",0.605092713435034,0.622279496006663,0.95383106871184,0.647700601119947,0.681715097519047
"097022","CIVATE",0.573947030577199,0.581217862219068,0.94724653104416,0.614548854862736,0.651515263327339
"097023","COLICO",0.518115755152916,0.504815054286722,0.939222943943264,0.554241158642164,0.597016912564508
"097024","COLLE BRIANZA",0.61340312626643,0.62364484916095,0.951462429357131,0.651817831878034,0.685111676042378
"097025","CORTENOVA",0.665758283704513,0.70758317424723,0.958560450164066,0.713859701094691,0.74104867321351
"097026","COSTA MASNAGA",0.567683612244243,0.57309672886275,0.948539896497918,0.608205143147938,0.646020115742381
"097027","CRANDOLA VALSASSINA",0.706300086149466,0.766843340430176,0.946607619075837,0.757575303868423,0.778578894447024
"097028","CREMELLA",0.617486130912793,0.632423893815173,0.944869025190052,0.65694641364659,0.688937814929197
"097029","CREMENO",0.607977723361207,0.612028695430702,0.932606023714584,0.642263490827818,0.674523772259681
"097030","DERVIO",0.591045220635218,0.601632959660832,0.945173261966231,0.631222507329846,0.666105924511666
"097031","DOLZAGO",0.59951515747305,0.617328003168636,0.950963895587967,0.642675811847555,0.676930043374268
"097032","DORIO",0.677567242289006,0.728500862119846,0.931199507421474,0.725850597726131,0.748667143247836
"097033","ELLO",0.626081926385146,0.642286376358578,0.956505654837098,0.666416301718386,0.698648452064909
"097034","ERVE",0.660513270606731,0.72252440077761,0.953281308483116,0.717695082971265,0.74387133025036
"097035","ESINO LARIO",0.675823989957146,0.72026128276787,0.943223435659883,0.722560716292245,0.747078796221983
"097036","GALBIATE",0.510131825995087,0.494645489126624,0.944463958314843,0.546596187636254,0.590803717711653
"097037","GARBAGNATE MONASTERO",0.601974530950358,0.619719296688109,0.954331525482114,0.645195374985521,0.679543836151809
"097038","GARLATE",0.596998323834791,0.609185178624366,0.953811811438045,0.638163757250425,0.673235763271272
"097039","IMBERSAGO",0.572759125923823,0.569658772030925,0.949321283035021,0.609020182383139,0.646831415788903
"097040","INTROBIO",0.616430075286404,0.641768547753649,0.947128225475395,0.660902202915563,0.6927050943111
"097042","LECCO",0.388180643803185,0.324736283222513,0.916369914664319,0.412449608627996,0.468440753743143
"097043","LIERNA",0.591791912617285,0.597000386971218,0.939875167516995,0.628944051566526,0.663491953338801
"097044","LOMAGNA",0.54269373252362,0.530465122905189,0.95375767260604,0.578297252203568,0.620015076692732
"097045","MALGRATE",0.543583724343608,0.527786859184848,0.943737929785018,0.576490555566307,0.617295819368386
"097046","MANDELLO DEL LARIO",0.498643774361653,0.480607723624163,0.936188754968941,0.534282049590512,0.578938350188115
"097047","MARGNO",0.704706056033636,0.756675952311001,0.93211579364181,0.750833483119267,0.770975962066217
"097048","MERATE",0.466734525255671,0.431951301614407,0.939750301957601,0.498383652287295,0.547424391139551
"097049","MISSAGLIA",0.516691629701972,0.503851038556108,0.946403499580409,0.553884550674177,0.597497767219314
"097050","MOGGIO",0.683471155185806,0.719495575348749,0.936834692602206,0.72501849800077,0.748553630734263
"097051","MOLTENO",0.58626756697648,0.603196876432504,0.958729731093617,0.631131972643405,0.667531723582317
"097052","MONTE MARENZO",0.623490400611515,0.644266060109666,0.952814175509744,0.665771824875506,0.697665419390422
"097053","MONTEVECCHIA",0.560516813446023,0.539496516581084,0.956530681681165,0.590659066680315,0.631311468347076
"097054","MONTICELLO BRIANZA",0.559141030976117,0.563091073218699,0.947803365388812,0.599784783426549,0.638453514755689
"097055","MORTERONE",0.839506172839506,0.916578107549356,0.936053127540012,0.883843238928989,0.889644337663547
"097056","NIBIONNO",0.594043540389984,0.610364335789194,0.947032231299203,0.63668676741055,0.671169596731511
"097057","OGGIONO",0.514744435704856,0.502088515407362,0.947250725183255,0.552299900518823,0.596183325481538
"097058","OLGIATE MOLGORA",0.528573186884471,0.51643950151419,0.940625090453493,0.564318218824746,0.606130093450163
"097059","OLGINATE",0.546615573224962,0.549446347402368,0.94512638868955,0.587740503151253,0.627450045988842
"097060","OLIVETO LARIO",0.628775650820247,0.649693469850498,0.941320602936191,0.669443164595454,0.699651768855536
"097061","OSNAGO",0.547826020384738,0.539969696996599,0.947615849805374,0.584269657802139,0.62464145691361
"097062","PADERNO D'ADDA",0.563870746225752,0.562869636461903,0.947293825362596,0.601762554745705,0.640154918147581
"097063","PAGNONA",0.772102057591135,0.861287723221802,0.950204525026544,0.830045853868476,0.843396817330484
"097064","PARLASCO",0.769326519932393,0.858846156071403,0.969309094009666,0.829608613602675,0.845130889203452
"097065","PASTURO",0.630014647866922,0.659412018642363,0.942702917601591,0.674512291689338,0.704311250124033
"097067","PERLEDO",0.664243877726237,0.696646484817377,0.935412543530959,0.705941917497722,0.731438653723638
"097068","PESCATE",0.60147197193434,0.607691575499218,0.947589602332307,0.638882556578332,0.673183339439885
"097069","PREMANA",0.630155992126555,0.665893961327852,0.947339505189918,0.677956429573475,0.707887882419747
"097070","PRIMALUNA",0.623221771996187,0.653171516985359,0.949966684264539,0.66937364846815,0.700550652445526
"097071","ROBBIATE",0.53192405790749,0.522350442006769,0.946767406902001,0.569100265651617,0.611063281346104
"097072","ROGENO",0.593252098122801,0.605742350207704,0.952452194872402,0.634792721235967,0.670088218306682
"097074","SANTA MARIA HOÈ",0.603010144909976,0.609452473219014,0.944226206024596,0.640030798760505,0.673830288456515
"097075","SIRONE",0.616060576222815,0.63384497831821,0.95487101842655,0.657944601386116,0.69093642550172
"097076","SIRTORI",0.571608937026437,0.570517667297751,0.949762298906778,0.608933201836562,0.646803101511031
"097077","SUEGLIO",0.765349590363713,0.821284371280055,0.929903175119212,0.806975600251617,0.820634219681349
"097078","SUELLO",0.629245309398136,0.64560079219912,0.955160941519915,0.669196839870757,0.700970628942885
"097079","TACENO",0.666862695511032,0.726159121282371,0.946218108888029,0.721481628445835,0.746452348494967
"097082","VALGREGHENTINO",0.582798958395232,0.591820831876697,0.952655155033887,0.623844421125757,0.660378947115549
"097083","VALMADRERA",0.51269494306267,0.504391168934435,0.94635416823655,0.552324167222352,0.596105278446152
"097084","VARENNA",0.644397914601105,0.655913846763346,0.997529506210417,0.684893243235045,0.719630605787864
"097086","VERCURAGO",0.587191203305468,0.591991480346841,0.942649738308311,0.62489718147437,0.660203021122586
"097090","VIGANÒ",0.60485972977198,0.618636105489302,0.953447582406382,0.645917884108215,0.680087850585789
"097091","VERDERIO",0.546440476387306,0.543029836913264,0.949855003344343,0.585247141319691,0.625759125989097
"097092","LA VALLETTA BRIANZA",0.555733037394717,0.555237857350594,0.945312761421642,0.594468178777554,0.633450910182453
"097093","VALVARRONE",0.682760649901053,0.749141141542244,0.945685454600421,0.738924351609526,0.761897807497403
"098001","ABBADIA CERRETO",0.754308753979152,0.816372437513524,0.942961503580733,0.801102686529777,0.816864777313217
"098002","BERTONICO",0.665933822312666,0.704468586354132,0.949612449735823,0.711642328873642,0.738083453413884
"098003","BOFFALORA D'ADDA",0.627400625559705,0.647122491454764,0.949729758425849,0.668508378499096,0.699755198490958
"098004","BORGHETTO LODIGIANO",0.581036363607936,0.590116929535586,0.942757520064084,0.621294733920993,0.657012821270226
"098005","BORGO SAN GIOVANNI",0.615293800682086,0.629174296508975,0.946012161622464,0.654611859898223,0.686989671200917
"098006","BREMBIO",0.610669259377645,0.63582651508584,0.950406938742508,0.655963792382819,0.688679697533896
"098008","CASALETTO LODIGIANO",0.597261866768133,0.61432031302452,0.950938748665723,0.640305855773266,0.674820621650206
"098009","CASALMAIOCCO",0.580778271992421,0.585721670740235,0.952693517295585,0.620194325959254,0.657138680552179
"098010","CASALPUSTERLENGO",0.491178308656487,0.476186666402131,0.941926876035109,0.529506926379889,0.575331365230469
"098011","CASELLE LANDI",0.646868598319847,0.687763176961087,0.952359585079055,0.695820257384326,0.724324627128185
"098012","CASELLE LURANI",0.612949009396769,0.636339331614725,0.949414395310448,0.657121192986217,0.689598215466687
"098013","CASTELNUOVO BOCCA D'ADDA",0.633465592388248,0.659937825807193,0.941018827816592,0.676133420969608,0.705565132841495
"098014","CASTIGLIONE D'ADDA",0.573610273156217,0.583980218603266,0.946760848930449,0.615591806184812,0.652388366489883
"098015","CASTIRAGA VIDARDO",0.592692287839116,0.602224457470853,0.950480831424846,0.63276061853197,0.668062864408957
"098017","CAVENAGO D'ADDA",0.625821047266807,0.656064835554889,0.951398999041599,0.671988547173923,0.703034152936998
"098018","CERVIGNANO D'ADDA",0.619525241398564,0.641147221020977,0.957813878736412,0.663083995962435,0.695831760715099
"098019","CODOGNO",0.480435752477771,0.454859387482284,0.939003950126433,0.514783207994668,0.561918846009309
"098020","COMAZZO",0.617630332948319,0.638755906208631,0.949139471984658,0.660287754819094,0.692382390059712
"098021","CORNEGLIANO LAUDENSE",0.581274840994403,0.583155542586451,0.94959398954682,0.618953071566066,0.655690951341706
"098022","CORNO GIOVINE",0.655256975289739,0.68193144909324,0.941400254523029,0.695874816424643,0.723155420657797
"098023","CORNOVECCHIO",0.733896182930424,0.80865333357556,0.957154702110689,0.789862752638762,0.808450747024531
"098024","CORTE PALASIO",0.636965195732916,0.66567995845655,0.943841049695657,0.680574424354825,0.709826271614918
"098025","CRESPIATICA",0.631778680008319,0.661474275382651,0.950479814381086,0.677011811364045,0.707397145032605
"098026","FOMBIO",0.605370672402138,0.617732890272098,0.946647867939532,0.645061389997359,0.678570998657601
"098027","GALGAGNANO",0.640253252800822,0.65918804985288,0.946556071907546,0.679404193384921,0.70908773544299
"098028","GRAFFIGNANA",0.610579050440495,0.62928386613249,0.946057921348955,0.652544104592738,0.685156750898985
"098029","GUARDAMIGLIO",0.611739254648607,0.628707115227807,0.945617909285827,0.652762657372969,0.685302129807731
"098030","LIVRAGA",0.617527169957993,0.646788959638706,0.952417857854964,0.664184044104011,0.696210023409672
"098031","LODI",0.395677858954332,0.336041761994181,0.922696784806448,0.421543507907476,0.477227205340695
"098032","LODI VECCHIO",0.554135967089804,0.560340932228978,0.946122455569898,0.596126850250442,0.635015250841493
"098033","MACCASTORNA",0.824051530639423,0.912921131303696,0.953846380387632,0.877022335913166,0.885558340854774
"098034","MAIRAGO",0.643232945731563,0.666363941444612,0.948201752742396,0.684138774503518,0.713479105418949
"098035","MALEO",0.607161189671273,0.627204814404489,0.948823379012591,0.650347039735352,0.683511077432823
"098036","MARUDO",0.632439455329139,0.65873884457164,0.949399012415112,0.675970136196862,0.706351122443334
"098037","MASSALENGO",0.573909095768295,0.584864210270308,0.948685400089127,0.616316527726284,0.653246402433267
"098038","MELETI",0.680279313699602,0.739523700110626,0.953824687340436,0.734293824948646,0.758686142992179
"098039","MERLINO",0.623134229145472,0.6476050378224,0.952139936319784,0.667046663767521,0.698723694051106
"098040","MONTANASO LOMBARDO",0.595313361666018,0.603092369889456,0.95411458058355,0.634694037258318,0.6701852087389
"098041","MULAZZANO",0.567577384141628,0.576413999056952,0.954935259584038,0.610289648397765,0.64858360519624
"098042","ORIO LITTA",0.623459107729277,0.647983838293292,0.947099496524364,0.666859275362593,0.6979970777139
"098043","OSPEDALETTO LODIGIANO",0.623668007394043,0.643920273070263,0.943410907268036,0.664755816935741,0.69571749363933
"098044","OSSAGO LODIGIANO",0.643881193497201,0.674421693755594,0.946248708575821,0.68786117012134,0.716570896616282
"098045","PIEVE FISSIRAGA",0.613545453282119,0.630657149673334,0.947183978471139,0.654609569177068,0.687117836876409
"098046","SALERANO SUL LAMBRO",0.612353895977698,0.634213173026149,0.948565908628925,0.655811771914623,0.688340009327324
"098047","SAN FIORANO",0.615596935951183,0.632359437708722,0.953669127912405,0.656947280938198,0.689916375046443
"098048","SAN MARTINO IN STRADA",0.568586056816964,0.573660895670265,0.943607869663189,0.608371915585572,0.645620354927529
"098049","SAN ROCCO AL PORTO",0.590287304493662,0.605354497912025,0.945330558790893,0.632571866961648,0.667322832720453
"098050","SANT'ANGELO LODIGIANO",0.506554823166159,0.498220481233598,0.939157668126025,0.546064653792493,0.589741655385108
"098051","SANTO STEFANO LODIGIANO",0.624657777860291,0.644849138160863,0.94568833803857,0.665846946013376,0.696940434016175
"098052","SECUGNAGO",0.592120876050623,0.637029312305021,0.948125223544037,0.647930107114443,0.681285120051065
"098053","SENNA LODIGIANA",0.646232250105076,0.688942014002603,0.953239338986446,0.6961523527471,0.724717573440361
"098054","SOMAGLIA",0.591971671462797,0.608799620243048,0.949817486277878,0.635328829895418,0.670272013937913
"098055","SORDIO",0.594939475353045,0.604034322986407,0.949271341236106,0.634465343376364,0.669443787583002
"098056","TAVAZZANO CON VILLAVESCO",0.559399508742073,0.564430933800057,0.9454367371139,0.600267372855349,0.638619524439632
"098057","TERRANOVA DEI PASSERINI",0.636826947101782,0.685119770518491,0.955142716782884,0.690390294607411,0.719807230404686
"098058","TURANO LODIGIANO",0.648299935261638,0.680531649713571,0.950968418011488,0.693071055039993,0.721726317592381
"098059","VALERA FRATTA",0.598449103964477,0.644029332591603,0.943399055320957,0.653455201982332,0.685671185686624
"098060","VILLANOVA DEL SILLARO",0.622554731287176,0.638436165036298,0.945492425222578,0.661995145867821,0.693494843573905
"098061","ZELO BUON PERSICO",0.542472408099033,0.541248310096711,0.950157394533431,0.582690062641428,0.623519766184984
"098062","CASTELGERUNDO",0.651883517785592,0.686488820602229,0.951407785334536,0.697408330807973,0.725630492422035
"099001","BELLARIA-IGEA MARINA",0.472235135316276,0.449812574666979,0.91167765492695,0.50608923498516,0.551154614978692
"099002","CATTOLICA",0.466102027119633,0.434992124042561,0.910293564487031,0.49652172447169,0.542496373362284
"099003","CORIANO",0.516448131633128,0.506556963310481,0.922060406667777,0.552558333391402,0.593614119310999
"099004","GEMMANO",0.622497904162916,0.670178802694388,0.922694814083274,0.673973999494114,0.701609645559577
"099005","MISANO ADRIATICO",0.48622012322676,0.46536219272016,0.916162650248942,0.519828307201008,0.563865456428556
"099006","MONDAINO",0.636856126704936,0.652935512394263,0.923007337499358,0.672706971344575,0.700518123139551
"099008","MONTEFIORE CONCA",0.609049964116536,0.626477410577906,0.928775379505147,0.648864856563014,0.679966025778806
"099009","MONTEGRIDOLFO",0.658207071856347,0.682761661923732,0.929977981690007,0.696433728370036,0.722383089850033
"099011","MORCIANO DI ROMAGNA",0.531963278866327,0.524186864550612,0.923347338628588,0.567602298400481,0.607129525092493
"099013","RICCIONE",0.425814743234792,0.388519128318936,0.90686836947812,0.457137079146989,0.507107222517115
"099014","RIMINI",0.328526965584314,0.257038733788456,0.861827632922704,0.349687328010017,0.406591806333649
"099015","SALUDECIO",0.596279369634905,0.606634263478728,0.924378629546873,0.633748997855822,0.666041179154828
"099016","SAN CLEMENTE",0.555244655266317,0.553308846200514,0.923648353450711,0.591213911005145,0.628151071276875
"099017","SAN GIOVANNI IN MARIGNANO",0.512198297393967,0.499001994395968,0.921639144197194,0.54720404572519,0.588807945555413
"099018","SANTARCANGELO DI ROMAGNA",0.462827165540817,0.437862191433,0.921702200014978,0.497480430639716,0.544616182792523
"099020","VERUCCHIO",0.517898884961802,0.508723360081947,0.926483957565257,0.554628406026213,0.595945689530551
"099021","CASTELDELCI",0.690675624218518,0.749372016596308,0.924565768359953,0.740478015202667,0.760932209997921
"099022","MAIOLO",0.667145841638725,0.703656848512514,0.929225582408951,0.709783768808953,0.734166192542286
"099023","NOVAFELTRIA",0.534414294062386,0.529216914438824,0.926112067322132,0.571245250557758,0.610674896864911
"099024","PENNABILLI",0.603644652654716,0.617426577340352,0.922834122385116,0.641765465736292,0.67299531647505
"099025","SAN LEO",0.59827678649068,0.617573652727374,0.928184796281327,0.639951177276257,0.671977134943487
"099026","SANT'AGATA FELTRIA",0.63835374750398,0.668255811104415,0.934776224844108,0.681451923858189,0.70959906841218
"099027","TALAMELLO",0.658599764800238,0.684851192792285,0.931122579020956,0.697665188818731,0.7236048988412
"099028","POGGIO TORRIANA",0.562970780618767,0.565799163518047,0.929393417235394,0.600885816585106,0.637386661101805
"099029","MONTESCUDO-MONTE COLOMBO",0.5463165975925,0.544107933625356,0.923404446072199,0.583031483655255,0.620850701701582
"099030","MONTECOPIOLO",0.664644509288576,0.705959857457464,0.927196231788919,0.70949158821461,0.7336809930562
"099031","SASSOFELTRIO",0.637969497140025,0.676274405463408,0.930179073973159,0.684427663568861,0.711733375836005
"100001","CANTAGALLO",0.604598828765709,0.633940248057152,0.948555201453482,0.652198104715636,0.685126671019841
"100002","CARMIGNANO",0.502928540256994,0.497617546103001,0.939288271849826,0.544174566046981,0.588076088913963
"100003","MONTEMURLO",0.503606981999855,0.508355202728335,0.944233342031815,0.549806317330867,0.593631542297639
"100004","POGGIO A CAIANO",0.518021572006352,0.51361129390943,0.938288023343887,0.55806359199649,0.60031075103509
"100005","PRATO",0.342174226376965,0.295138605976699,0.868132463173819,0.373604020876531,0.42855162557623
"100006","VAIANO",0.519609294600992,0.519748182047834,0.94253670364252,0.561964534856224,0.604250331388034
"100007","VERNIO",0.580342921848171,0.5984123464502,0.941813001301269,0.624621170864394,0.659864707579603
"101001","BELVEDERE DI SPINELLO",0.654804470733639,0.697193892984387,0.925164588152076,0.700915722488319,0.725832263117625
"101002","CACCURI",0.652686867754888,0.679971663011055,0.921830341123573,0.691879372957032,0.717429480531092
"101003","CARFIZZI",0.703381345718633,0.775498083953844,0.930243584050335,0.758520101757648,0.777600488679058
"101004","CASABONA",0.643165451425642,0.680594238852375,0.92810636271492,0.688502496896599,0.715125148654191
"101005","CASTELSILANO",0.675440951674176,0.7084994720732,0.917421576192186,0.714515348305538,0.737060484737388
"101006","CERENZIA",0.655204718827541,0.689514361137547,0.923738261363893,0.697497412120679,0.722635284258814
"101007","CIRÒ",0.636580209165279,0.677499175338803,0.925942959650523,0.68393001899189,0.710820345731738
"101008","CIRÒ MARINA",0.528733308945412,0.534489443986248,0.9229349206418,0.570743730883427,0.609876085301024
"101009","COTRONEI",0.566025509121732,0.57281453527744,0.927156544524767,0.605193674432104,0.640967326664622
"101010","CROTONE",0.41685530336282,0.378967819761453,0.909732647378404,0.449093670143763,0.50027577872539
"101011","CRUCOLI",0.613069670800919,0.632962329045792,0.918536722802995,0.65256807221132,0.682120144499283
"101012","CUTRO",0.57558548478862,0.606599219699026,0.932780513347911,0.625261168354232,0.659429984464641
"101013","ISOLA DI CAPO RIZZUTO",0.54668450212737,0.566543456928393,0.927016085689554,0.593654190144049,0.630694400760216
"101014","MELISSA",0.62489159503291,0.662719026640739,0.927600254550012,0.672184805208143,0.700564299579462
"101015","MESORACA",0.585866006927964,0.610606223835141,0.925108164179938,0.630923320261391,0.663610525141229
"101016","PALLAGORIO",0.711289944731391,0.762504300394931,0.923000152214918,0.755507425528336,0.774117728493512
"101017","PETILIA POLICASTRO",0.543809299700761,0.547956340512617,0.92027927351187,0.583322465447207,0.620762110787725
"101018","ROCCABERNARDA",0.594448231421881,0.613727496521489,0.922493188677997,0.635928396442316,0.667768928912948
"101019","ROCCA DI NETO",0.579998205450223,0.595773209895059,0.92094433365214,0.621191570270591,0.654497432868541
"101020","SAN MAURO MARCHESATO",0.64215655971404,0.664643854477868,0.924088271143143,0.680469013500673,0.707537819905392
"101021","SAN NICOLA DELL'ALTO",0.680325863009273,0.746498645142619,0.927284582931499,0.734799486961502,0.756186719847057
"101022","SANTA SEVERINA",0.635874902407585,0.659366599702378,0.924414062181107,0.675300082167594,0.702979413280207
"101023","SAVELLI",0.671680027755028,0.716347667732742,0.923136179876453,0.716926080957142,0.739838314170399
"101024","SCANDALE",0.635984194719075,0.672230672024169,0.930799067497165,0.681776596784177,0.709445760196731
"101025","STRONGOLI",0.56673124273992,0.570813405185606,0.91589206951249,0.603484298517736,0.638196273072708
"101026","UMBRIATICO",0.677677722388614,0.745107273828769,0.926268339354515,0.732880082233273,0.754367666357856
"101027","VERZINO",0.649342600642501,0.684877369533029,0.92480704785598,0.692879691364586,0.718649397641408
"102001","ACQUARO",0.652464156667131,0.696000598601817,0.924543323842452,0.699263472255272,0.72429456687607
"102002","ARENA",0.614167140769835,0.659117570306507,0.915493827310858,0.66452750271544,0.692412649892708
"102003","BRIATICO",0.592878186610176,0.607092984737906,0.918686775265376,0.631855704633175,0.663725823592308
"102004","BROGNATURO",0.676308569017763,0.702906827535764,0.906292006514517,0.711276129100539,0.732944559924314
"102005","CAPISTRANO",0.673198222095973,0.716140762593004,0.926658063371834,0.717868349447223,0.741067206549958
"102006","CESSANITI",0.634024980954663,0.669484735424098,0.927462980490385,0.679325670419481,0.706896482649581
"102007","DASÀ",0.619881744893213,0.661997170070446,0.910458667559093,0.667891378489556,0.694843299497282
"102008","DINAMI",0.66321381185792,0.715679465662019,0.920582705152273,0.7125602453992,0.73567385203843
"102009","DRAPIA",0.611065311953696,0.619304792052439,0.912492780160627,0.644915824818824,0.674646597634579
"102010","FABRIZIA",0.628481107620839,0.694436583535344,0.93088360976908,0.688401321997191,0.715343798416289
"102011","FILADELFIA",0.581778606552399,0.599517017266353,0.919835776870895,0.623566608405528,0.65648540490168
"102012","FILANDARI",0.647838250615004,0.674309891578004,0.917137902575956,0.686680454244449,0.712286837392394
"102013","FILOGASO",0.656315412025019,0.688618510355469,0.921080336243502,0.69732829869557,0.722189636200896
"102014","FRANCAVILLA ANGITOLA",0.642741833071467,0.675192270855517,0.92178695498371,0.685249042265514,0.711531032567536
"102015","FRANCICA",0.66373111529451,0.710979667890708,0.926174170514789,0.711237269484827,0.735119147377045
"102016","GEROCARNE",0.6051995321539,0.656606121221615,0.917704446199747,0.659582988638956,0.688263150590155
"102017","IONADI",0.569458563471092,0.563304631152494,0.917243668680487,0.601467804448662,0.636554011585532
"102018","JOPPOLO",0.656886080163349,0.693828223418612,0.922989235048758,0.700120360116758,0.724883568442536
"102019","LIMBADI",0.604447524805553,0.619059434377594,0.918681074166542,0.64244623904907,0.673138998506567
"102020","MAIERATO",0.611272368724858,0.629196771145563,0.914573717199207,0.64966848466161,0.67910239938801
"102021","MILETO",0.584566262081152,0.605106984171365,0.925427374183515,0.627895698231984,0.66095477333771
"102022","MONGIANA",0.682368378242266,0.752018254517536,0.930782225882867,0.738552207330198,0.759911098280494
"102023","MONTEROSSO CALABRO",0.6310129792014,0.652229484169279,0.919685862647861,0.669427694781592,0.697234157877844
"102024","NARDODIPACE",0.73126147418285,0.806872712732711,0.946337599053822,0.786794144017384,0.804521194576989
"102025","NICOTERA",0.572576119922318,0.582748569020207,0.921013223456318,0.611997432369768,0.646332520268274
"102026","PARGHELIA",0.641611790317045,0.657939873464909,0.909682269790893,0.675766475680969,0.701757119470961
"102027","PIZZO",0.531592315778763,0.523602382266008,0.920934025766036,0.56693101669675,0.606264684371115
"102028","PIZZONI",0.657624214726038,0.723170468312764,0.922805724696802,0.713638179837141,0.736879018154881
"102029","POLIA",0.695386390110339,0.750624407906305,0.931816928626425,0.743886551970133,0.764767704931943
"102030","RICADI",0.560671117854454,0.560996195611305,0.912417435131359,0.595992034572727,0.631150412412576
"102031","ROMBIOLO",0.59799899723809,0.618424337073796,0.920744440742578,0.639464944514606,0.67071822187327
"102032","SAN CALOGERO",0.598089756104014,0.620221964374124,0.921094391930209,0.640349713408183,0.671543566577297
"102033","SAN COSTANTINO CALABRO",0.647195458390929,0.68040866015649,0.923769596127181,0.689798812959056,0.715795566644404
"102034","SAN GREGORIO D'IPPONA",0.6289179291277,0.660235802523896,0.92485856212964,0.672605035456182,0.700633205086566
"102035","SAN NICOLA DA CRISSA",0.660328637538838,0.69295787668558,0.912894003751751,0.700268331776163,0.723893406440117
"102036","SANT'ONOFRIO",0.586510753792334,0.5875647289577,0.908724546981989,0.619206421935714,0.651375102496411
"102037","SERRA SAN BRUNO",0.553908033734057,0.554371933877934,0.911231831459205,0.589849168571316,0.625558353336637
"102038","SIMBARIO",0.669424318318019,0.706064507672718,0.914834438567987,0.710453415552631,0.733162418109892
"102039","SORIANELLO",0.664971768583771,0.701769718711755,0.912702245371595,0.706303893820146,0.729237043992529
"102040","SORIANO CALABRO",0.615379568770806,0.629791816504046,0.912079246890468,0.65153504806273,0.680484403488035
"102041","SPADOLA",0.630311875921128,0.665055501345542,0.91111115199782,0.674026434969783,0.700369181306232
"102042","SPILINGA",0.615632728020193,0.655552474588215,0.91200112379545,0.663233453553328,0.690874305802453
"102043","STEFANACONI",0.624473129421288,0.636988750937725,0.921914179227384,0.659849264084294,0.688967587989082
"102044","TROPEA",0.546737990781802,0.538482960741712,0.906090158301276,0.578958444015709,0.615306412269661
"102045","VALLELONGA",0.717006244081654,0.770217745153194,0.920443368045705,0.761295131960252,0.77897826930308
"102046","VAZZANO",0.626822020982639,0.66558844007461,0.913086667435365,0.672893374219299,0.699581517909973
"102047","VIBO VALENTIA",0.429969153733573,0.382907747782064,0.909392636202577,0.456733869302294,0.50702928784677
"102048","ZACCANOPOLI",0.645535456792005,0.688807207812589,0.912528267248444,0.691707025796912,0.716242719291527
"102049","ZAMBRONE",0.642700425936593,0.676026909917459,0.917953103117399,0.685222611446064,0.711081554965101
"102050","ZUNGRI",0.653094898797607,0.690769269257783,0.92139927702635,0.696878803327561,0.721825522627426
"103001","ANTRONA SCHIERANCO",0.757562108044731,0.833638683937479,0.961833990163478,0.812223755408343,0.82884711482558
"103002","ANZOLA D'OSSOLA",0.750083261704215,0.822283466843448,0.95949698611364,0.803514726457812,0.820846088641793
"103003","ARIZZANO",0.590079364789918,0.588086643672608,0.930080776852571,0.623182781493394,0.657282558755525
"103004","AROLA",0.766525927892078,0.84319342703147,0.944918843902756,0.818865594105872,0.832871510749971
"103005","AURANO",0.763622531468207,0.832595094352145,0.92593047293054,0.810890978912213,0.823673144914249
"103006","BACENO",0.637007979541726,0.687087883581532,0.937160075557519,0.689559145961218,0.717070360360807
"103007","BANNIO ANZINO",0.756819653679218,0.837173285924637,0.952403202932267,0.812537143114962,0.828077816427995
"103008","BAVENO",0.554097572335172,0.556914024049862,0.933723402034281,0.593327558576693,0.63114931896087
"103009","BEE",0.630654921578468,0.663820379728829,0.922574576119223,0.674771343200206,0.702305035746763
"103010","BELGIRATE",0.661058225940146,0.680465728812246,0.921961497964377,0.695881929435014,0.721001881493832
"103011","BEURA-CARDEZZA",0.655995857292251,0.697712826622624,0.947743597773959,0.70394326753909,0.731032193120742
"103012","BOGNANCO",0.763730485608548,0.84322638921235,0.950132451401647,0.818143838809569,0.832809240208689
"103013","BROVELLO-CARPUGNINO",0.679213727384034,0.724895950457037,0.944973821351755,0.726346737163657,0.750638635406779
"103014","CALASCA-CASTIGLIONE",0.740058880584343,0.810215402511288,0.944970919133253,0.792120519306359,0.809103897064903
"103015","CAMBIASCA",0.649683774425607,0.686245180729543,0.944697825560637,0.695637812375881,0.723311147174188
"103016","CANNERO RIVIERA",0.651962932911795,0.672014107984616,0.917281458056231,0.687517814209008,0.713047107969811
"103017","CANNOBIO",0.576276722233518,0.590194775415655,0.912139302486434,0.616126104190771,0.649016459556956
"103018","CAPREZZO",0.727989762144028,0.792484148953404,0.924632343128518,0.776676494306696,0.793116033064676
"103019","CASALE CORTE CERRO",0.603039794580044,0.62149040661837,0.942460720076242,0.645284662546911,0.678304224494614
"103021","CEPPO MORELLI",0.716391253234123,0.79312413715017,0.944211889597342,0.773703114632666,0.792648534073185
"103022","CESARA",0.731200124762331,0.789485329530796,0.95168117203825,0.779476571635732,0.798610416124901
"103023","COSSOGNO",0.67731501244725,0.706309166343701,0.931910969817825,0.71582197743771,0.739831865479945
"103024","CRAVEGGIA",0.68143295956105,0.724107190170245,0.92934625527321,0.725427692906404,0.74808531094716
"103025","CREVOLADOSSOLA",0.573808613031001,0.592638860918011,0.941332775846526,0.619034640861708,0.65484554474891
"103026","CRODO",0.654454316305512,0.691975320387558,0.941790468283429,0.700072383340224,0.726929948333914
"103028","DOMODOSSOLA",0.470703871218036,0.44685914487217,0.924732992489172,0.50537665648951,0.551971804933917
"103029","DRUOGNO",0.675218591132479,0.72179402523019,0.933806106472866,0.722036288010487,0.745566267839641
"103031","FORMAZZA",0.668992422732234,0.721996553349283,0.945000883252024,0.720445127561885,0.745395767083012
"103032","GERMAGNO",0.770206878192625,0.833764498300672,0.942961166525113,0.816083236074495,0.830180783902341
"103033","GHIFFA",0.588595461868319,0.589420538256409,0.925291561937212,0.622636356249849,0.656264712437334
"103034","GIGNESE",0.628116607932154,0.639515550190297,0.929440498501408,0.663378521005244,0.692940962949262
"103035","GRAVELLONA TOCE",0.553774565953329,0.569428145118329,0.943214647128859,0.599762684695132,0.637924013854435
"103036","GURRO",0.796007389111491,0.882268316486165,0.909634102533276,0.846187477772273,0.853237102745718
"103037","INTRAGNA",0.78548600198624,0.872326091581503,0.946726804773575,0.840688122582842,0.852470198381812
"103038","LOREGLIA",0.752070527528158,0.838968092840702,0.960677516995457,0.812035130865533,0.828550951546635
"103039","MACUGNAGA",0.683767013186968,0.725512080928417,0.915536002900546,0.725729192641978,0.746818838226264
"103040","MADONNA DEL SASSO",0.691496458832978,0.756256886576781,0.943104558228512,0.745799461257243,0.767722249809606
"103041","MALESCO",0.669957879037372,0.721050786349903,0.928314438956876,0.718785343319962,0.742066353946286
"103042","MASERA",0.642321929193392,0.674167487451084,0.947452268306072,0.687165464320622,0.716086220319005
"103043","MASSIOLA",0.756531722907602,0.833218963846794,0.936416150754286,0.809029424114907,0.823183504852616
"103044","MERGOZZO",0.601656420353566,0.613642575853533,0.93686748873066,0.64057129716626,0.673493096228972
"103045","MIAZZINA",0.682940143640081,0.737189621634524,0.933994141489602,0.732457808522532,0.754850734407762
"103046","MONTECRESTESE",0.636481566914012,0.693836393774402,0.946006335295847,0.693243715839371,0.721328451334535
"103047","MONTESCHENO",0.747339237260648,0.804295084494376,0.940966465218127,0.792332091311574,0.808847021745635
"103048","NONIO",0.662622837245943,0.692464872023231,0.942653116255062,0.704054780796634,0.730565706958682
"103049","OGGEBBIO",0.675022991727407,0.715753918787083,0.919269698816621,0.717776579613183,0.74016470396912
"103050","OMEGNA",0.490860995807511,0.480553980768386,0.93290025280941,0.530426764740095,0.575146041192241
"103051","ORNAVASSO",0.596826570091422,0.612918492065476,0.939950027757075,0.638380280746312,0.671888030414174
"103052","PALLANZENO",0.659857330795699,0.695973058605541,0.939675770757849,0.704091252306343,0.730267309912066
"103053","PIEDIMULERA",0.623148697775122,0.680545958222905,0.940967308948644,0.680759326093976,0.709671324188939
"103054","PIEVE VERGONTE",0.63949853441479,0.679656481547028,0.949190929070649,0.688538850089883,0.717500192198857
"103055","PREMENO",0.659114389286712,0.684368498864194,0.93164764917074,0.697732064584982,0.72372268509451
"103056","PREMIA",0.654124604727441,0.699593229025652,0.9300540756826,0.702178432757152,0.727497948637758
"103057","PREMOSELLO-CHIOVENDA",0.640113331168686,0.675098701899803,0.944392925052081,0.686284707386028,0.714963398237812
"103058","QUARNA SOPRA",0.697872661806548,0.751905747091488,0.931982558758718,0.745598539879988,0.766307875310958
"103059","QUARNA SOTTO",0.713141506071912,0.766965567986026,0.938142695220024,0.759862452848075,0.77967136866718
"103060","RE",0.674004456474186,0.734790916435323,0.918842485974855,0.725842166406765,0.747286646358775
"103061","SAN BERNARDINO VERBANO",0.64449495613568,0.671289749156639,0.933163781075114,0.685419495489055,0.71294663833195
"103062","SANTA MARIA MAGGIORE",0.652953661682207,0.690036718081738,0.929799196380812,0.697325590531856,0.723155991181741
"103064","STRESA",0.548884494312891,0.545481456177412,0.928981039540765,0.585362781674713,0.623542588104274
"103065","TOCENO",0.673119452090267,0.731844719631236,0.931774995816237,0.7254113768563,0.748340667851849
"103066","TRAREGO VIGGIONA",0.694367628931507,0.752805849740117,0.91258423657232,0.742486489059463,0.761386238783114
"103067","TRASQUERA",0.795903495265681,0.886268221846702,0.942642128218703,0.851241485522443,0.861397112488694
"103068","TRONTANO",0.634990678555872,0.671068859388143,0.943307374742108,0.682057529549018,0.711085290126028
"103069","VALSTRONA",0.654536912369371,0.725132280528247,0.952976120665182,0.716148748870446,0.742462901292083
"103070","VANZONE CON SAN CARLO",0.68961923121087,0.755848634175148,0.938888362492409,0.744349375672949,0.765964818652889
"103071","VARZO",0.615654145226877,0.673890166068845,0.938925280411777,0.674187468124252,0.703602780600644
"103072","VERBANIA",0.438379883861884,0.40525951897236,0.917171576442768,0.471354888919686,0.520890076422251
"103074","VIGNONE",0.610070760389001,0.609747785981681,0.922918893120086,0.641210235178816,0.67251119717229
"103075","VILLADOSSOLA",0.567517724857367,0.581987228922549,0.939658570328599,0.611243086233822,0.647733695577686
"103076","VILLETTE",0.707720117143891,0.756304168862543,0.912443085318268,0.750055237234722,0.768098331466227
"103077","VOGOGNA",0.633243614742061,0.663665351780088,0.938443119970529,0.67745334693202,0.706452210602965
"103078","BORGOMEZZAVALLE",0.745796966745021,0.797694197076677,0.936448033341164,0.788215827053881,0.804686072196912
"103079","VALLE CANNOBINA",0.710908099608769,0.785228680188781,0.91480131331865,0.764741682240763,0.78141497458275
"108001","AGRATE BRIANZA",0.483884688208954,0.458429403992136,0.948403732765707,0.518881714767061,0.566606383433578
"108002","AICURZIO",0.602356941231652,0.615131035961901,0.957234177682695,0.643593007505368,0.67844202641396
"108003","ALBIATE",0.529227673911345,0.517819882917533,0.94539080119091,0.565710480692086,0.607897182969733
"108004","ARCORE",0.462016068246222,0.426071659853666,0.939179806175487,0.493557458262498,0.543071052475053
"108005","BARLASSINA",0.532147900957128,0.527076358331933,0.944368586371923,0.57108777531727,0.612563420990009
"108006","BELLUSCO",0.527052214537164,0.517630008177605,0.951232581341836,0.565230258355829,0.608119405354274
"108007","BERNAREGGIO",0.497614621669641,0.476851500907328,0.948716421396968,0.533381397299333,0.579529733310181
"108008","BESANA IN BRIANZA",0.474680830614863,0.448380630631471,0.939657857472975,0.509343443308148,0.557156155993129
"108009","BIASSONO",0.47613435189247,0.441065255491546,0.94197226658783,0.50693704998159,0.555274296271172
"108010","BOVISIO-MASCIAGO",0.480696037904995,0.458309777022858,0.940715086663602,0.516624125383894,0.563745343303862
"108011","BRIOSCO",0.536821817395285,0.533026855972672,0.946693570150662,0.576101260030647,0.617278183377315
"108012","BRUGHERIO",0.430101981480398,0.392571414655645,0.935078368669856,0.463710865128205,0.516085032188389
"108013","BURAGO DI MOLGORA",0.559615897518538,0.558612279220835,0.952711928367662,0.598473872369484,0.637833656369281
"108014","CAMPARADA",0.58145359839528,0.575921835864251,0.952655750670995,0.616084520483888,0.653481323838011
"108015","CARATE BRIANZA",0.465432577144478,0.437041146024782,0.942294123234862,0.500342587749653,0.549448313914676
"108016","CARNATE",0.519660705670364,0.501760896085499,0.946129621409896,0.554252682931128,0.597794564984325
"108017","CAVENAGO DI BRIANZA",0.529186912304425,0.520084584442227,0.947279534039158,0.566900126939909,0.609164505506492
"108018","CERIANO LAGHETTO",0.541261803050304,0.537698329797597,0.95035418833383,0.580567478614939,0.621654890805926
"108019","CESANO MADERNO",0.436010103859212,0.406675051979324,0.932514337470334,0.472459753874375,0.523576929829481
"108020","COGLIATE",0.532814427759191,0.528236172047867,0.946857051722005,0.572158475085376,0.613791650267224
"108021","CONCOREZZO",0.47851928363392,0.453173645136452,0.943277608512212,0.513589578797888,0.561332693210591
"108022","CORREZZANA",0.557184042930635,0.539304104860412,0.953932327803718,0.588812899286343,0.629381724677163
"108023","DESIO",0.422606686988127,0.38520220681911,0.929630914722505,0.456477093685507,0.509049740467396
"108024","GIUSSANO",0.454136947090043,0.427268256119194,0.936297179798565,0.490262059424013,0.539821517243408
"108025","LAZZATE",0.541607740406055,0.543256179577774,0.949200755775408,0.583108839570264,0.623785719148613
"108026","LESMO",0.499053928205448,0.469923304361058,0.953707879756206,0.531410542630548,0.578332468977843
"108027","LIMBIATE",0.463695462993107,0.44865717621749,0.936136778850145,0.504172365529783,0.552168411454268
"108028","LISSONE",0.408230799082132,0.360070991775981,0.92492306488084,0.438228112374235,0.492305329319413
"108029","MACHERIO",0.52992277969038,0.524166934810528,0.945959045870366,0.568936276112445,0.610827694974437
"108030","MEDA",0.460126365000845,0.434625733526456,0.937744100001563,0.496412854337442,0.545449659411233
"108031","MEZZAGO",0.572354750861131,0.578973450018395,0.945802366295975,0.612677927025384,0.649691753611006
"108032","MISINTO",0.551130801971934,0.552607043012743,0.951617805067542,0.591843810749859,0.631818699007379
"108033","MONZA",0.324483549152156,0.241107636388329,0.903573425997174,0.344873376092936,0.406951159415629
"108034","MUGGIÒ",0.466365695800024,0.446050047498352,0.941707004078438,0.504757784892113,0.553307698135038
"108035","NOVA MILANESE",0.47145324191255,0.451096013980205,0.938901145450635,0.509037279696803,0.556799931447229
"108036","ORNAGO",0.54904633758447,0.541236674536946,0.950198353621836,0.585647190816821,0.626152875572934
"108037","RENATE",0.569612975069542,0.573408214972985,0.946818993252659,0.609041434844403,0.646572274667542
"108038","RONCO BRIANTINO",0.575606680219649,0.573018710154328,0.94847140714132,0.611728566382422,0.649144437577855
"108039","SEREGNO",0.405217420948716,0.356452044192109,0.926782924083698,0.435429551721741,0.49002437087307
"108040","SEVESO",0.462168577437077,0.436547579380702,0.937892421044066,0.498211512672407,0.547064946935925
"108041","SOVICO",0.51810106187265,0.506318631567017,0.943856474633246,0.555374509511175,0.598539172302516
"108042","SULBIATE",0.558491921598696,0.556466453111345,0.950301893027412,0.59676145792226,0.636043728489499
"108043","TRIUGGIO",0.519957883949239,0.508655524046852,0.949580777647385,0.55783411136298,0.601361518727914
"108044","USMATE VELATE",0.498703636940538,0.475023893140735,0.951856708990334,0.533363059435606,0.579862353830576
"108045","VAREDO",0.494431498685886,0.477752548845726,0.943767692374566,0.531859590626682,0.577627157487558
"108046","VEDANO AL LAMBRO",0.484449018026816,0.438693199145448,0.949313170511205,0.510345314778639,0.559119520971147
"108047","VEDUGGIO CON COLZANO",0.589510847000204,0.602015290376905,0.954783380471356,0.631665099866835,0.667567131045115
"108048","VERANO BRIANZA",0.517872535082988,0.508078926527913,0.942713329845877,0.555949490709493,0.598923250613536
"108049","VILLASANTA",0.469266754643942,0.434174000144849,0.943366425865191,0.500884982241475,0.550049587088555
"108050","VIMERCATE",0.431313626551855,0.385577971032927,0.939011323943758,0.461502351307528,0.514558903822665
"108051","BUSNAGO",0.544220396177513,0.543864872329969,0.953848406662574,0.585023211494624,0.626003788735507
"108052","CAPONAGO",0.555853772287453,0.558503189610922,0.953967342764022,0.596857367130671,0.636536253312154
"108053","CORNATE D'ADDA",0.515206967147693,0.50985894426773,0.944950451597135,0.555774705296654,0.599016454885597
"108054","LENTATE SUL SEVESO",0.497674838947157,0.48740620199812,0.943586280469091,0.537645096472284,0.582749672471929
"108055","RONCELLO",0.558923363389418,0.558051551502328,0.95329084203233,0.597967795904519,0.637448134363164
"109001","ALTIDONA",0.570754915757045,0.5697510673156,0.922692926044396,0.60549698498713,0.640740978437937
"109002","AMANDOLA",0.580509379363361,0.587684734088081,0.924378937049077,0.618125244758057,0.652153432790393
"109003","BELMONTE PICENO",0.698594616839752,0.750128038541958,0.92648550191371,0.74457374511314,0.764786162535426
"109004","CAMPOFILONE",0.604189224393682,0.616182850220624,0.917849279580286,0.640952361534466,0.67171868576178
"109005","FALERONE",0.592663153164332,0.609818128589972,0.926868758940453,0.633803452683482,0.666366264489812
"109006","FERMO",0.423868217898706,0.380774174711318,0.906091246062711,0.452698201280782,0.503075206256552
"109007","FRANCAVILLA D'ETE",0.645299525630995,0.698097464915834,0.93246700460702,0.697775346206775,0.723852197140135
"109008","GROTTAZZOLINA",0.581622274930349,0.589939615203394,0.923163566623934,0.619519207222578,0.653257469378284
"109009","LAPEDONA",0.632361559947474,0.650796987036464,0.920227146027188,0.669444060745491,0.697308847999013
"109010","MAGLIANO DI TENNA",0.639682728628482,0.665336226373332,0.929550631824915,0.680213592933308,0.707917708365708
"109011","MASSA FERMANA",0.661693953736624,0.721630461985222,0.940413102670444,0.716537297341875,0.741412386822827
"109012","MONSAMPIETRO MORICO",0.672382877870019,0.729213135783597,0.935660673014473,0.724284273445575,0.747770540064341
"109013","MONTAPPONE",0.630121610483198,0.65279575391668,0.923429189045458,0.669655732884491,0.697852783569043
"109014","MONTEFALCONE APPENNINO",0.703194008534409,0.745122032199285,0.921405517148677,0.74388277004503,0.763607519723213
"109015","MONTEFORTINO",0.655328736288898,0.685033221121373,0.922035142574803,0.695366395092102,0.720551811479069
"109016","MONTE GIBERTO",0.700326459833887,0.730208900781155,0.92132359659972,0.735873271936741,0.756478863565961
"109017","MONTEGIORGIO",0.546556580132523,0.548703519403855,0.925751801613858,0.585442224952756,0.623254400137323
"109018","MONTEGRANARO",0.524087655171526,0.531836652150378,0.937122048605078,0.568878143155365,0.609794132649777
"109019","MONTELEONE DI FERMO",0.693039218386789,0.754536026098409,0.931610919614755,0.744569951979814,0.76535228171703
"109020","MONTELPARO",0.674039481507739,0.712102595850925,0.921936359450505,0.715957570756449,0.738844102833566
"109021","MONTE RINALDO",0.711476271648696,0.755071104304326,0.911889997543741,0.751135318933234,0.768996949889957
"109022","MONTERUBBIANO",0.622084556773587,0.640329366223603,0.92167255736679,0.660253521085415,0.689300080672234
"109023","MONTE SAN PIETRANGELI",0.625567542151057,0.658460721950475,0.937138262379571,0.671526545083647,0.701038958116527
"109024","MONTE URANO",0.554871111008017,0.563985994067748,0.928619253134062,0.5963476225975,0.633266692657118
"109025","MONTE VIDON COMBATTE",0.682819869641239,0.735528078667647,0.926525044942667,0.730909081233265,0.752644188312088
"109026","MONTE VIDON CORRADO",0.679434686254638,0.713472654781654,0.929466365125658,0.719754939978897,0.743056209439648
"109027","MONTOTTONE",0.647974404125285,0.701554197677489,0.930771751150186,0.700365045926267,0.725965790951147
"109028","MORESCO",0.685949623670106,0.717626297303958,0.920348188703133,0.723643983308642,0.745500006130252
"109029","ORTEZZANO",0.662239458248711,0.679357885956854,0.911317140607517,0.694850518953256,0.718902365803729
"109030","PEDASO",0.58353319132765,0.584612065645174,0.921312887665509,0.617796654404322,0.651520680322231
"109031","PETRITOLI",0.605725660446048,0.622740577599494,0.921220266447284,0.644931833765222,0.675630548507674
"109032","PONZANO DI FERMO",0.630192027397525,0.657321998473932,0.931672368412385,0.672548548483394,0.70134008403106
"109033","PORTO SAN GIORGIO",0.456063271700307,0.408844593682543,0.907682207528805,0.479976760175163,0.527499587658901
"109034","PORTO SANT'ELPIDIO",0.466361097621372,0.447183245970295,0.916018651430382,0.502696819759288,0.548621467722743
"109035","RAPAGNANO",0.616585429978066,0.634707169830216,0.925428088621473,0.655624478775874,0.685602657647608
"109036","SANTA VITTORIA IN MATENANO",0.650685652309092,0.67731176303924,0.922113394974477,0.689810176404197,0.715621645134228
"109037","SANT'ELPIDIO A MARE",0.501432249930446,0.496897315948631,0.927231347555128,0.541971439401097,0.584778095862656
"109038","SERVIGLIANO",0.609817713775328,0.626553009864259,0.921756158919444,0.648542441529759,0.678899521239724
"109039","SMERILLO",0.677504350758987,0.721643050989811,0.912846972996345,0.720901028086594,0.742228355298788
"109040","TORRE SAN PATRIZIO",0.640576984809063,0.681297121828829,0.935601407574045,0.688403488744456,0.715869924169966
"110001","ANDRIA",0.414392812812969,0.394882750357143,0.905634650146212,0.454737468441172,0.504837155297287
"110002","BARLETTA",0.403883235451897,0.373507267829751,0.904269230643804,0.440252649541122,0.49181004744142
"110003","BISCEGLIE",0.435287378828157,0.412536284828192,0.913723776270715,0.472893026272429,0.521874220716683
"110004","CANOSA DI PUGLIA",0.48618587241349,0.481508250241047,0.921941730711444,0.527656528265686,0.571465995204104
"110005","MARGHERITA DI SAVOIA",0.53746478961634,0.545234111905019,0.929993041996848,0.580213809884297,0.619078169007914
"110006","MINERVINO MURGE",0.558369100699249,0.573266770381504,0.928213945138475,0.602057536500186,0.638297137459996
"110007","SAN FERDINANDO DI PUGLIA",0.537171495072541,0.550181619737268,0.925922189789839,0.581901120643398,0.620125683881891
"110008","SPINAZZOLA",0.567725771704815,0.577865560636412,0.929342183745826,0.608450317928135,0.644104969685656
"110009","TRANI",0.430218532601284,0.404815641519844,0.917166272409629,0.46748200559547,0.517446924130377
"110010","TRINITAPOLI",0.533835166098478,0.545054732036773,0.929012807184026,0.578401734879265,0.617358520690905
"111001","ARBUS",0.575793000292947,0.598650520769517,0.92908929292598,0.621408513770707,0.655595267010181
"111002","ARMUNGIA",0.75805750673869,0.835880014080941,0.934183013664731,0.810690185735307,0.824411611060799
"111003","BALLAO",0.73410550060306,0.805034232098652,0.932849246770262,0.785897804392797,0.802225742434738
"111004","BARRALI",0.676553805411624,0.72871349700061,0.933524536810885,0.725722739766594,0.748811828327071
"111005","BARUMINI",0.666592007844143,0.705651760211928,0.929858524867942,0.710495548112026,0.734869212196017
"111006","BUGGERRU",0.651696495649729,0.714093442206544,0.931088906530451,0.707714362688368,0.732533756448599
"111007","BURCEI",0.618518699300002,0.683571129845651,0.936993930668508,0.679639816182395,0.708234717791963
"111008","CALASETTA",0.613013008612832,0.637602466973942,0.929984978025953,0.655775461816644,0.6862431858399
"111009","CARBONIA",0.480077781589331,0.46888737708838,0.92484660708139,0.519518982113109,0.564555384887362
"111010","CARLOFORTE",0.555127105592509,0.56147814717775,0.932199602471231,0.59569232399374,0.63308202160235
"111011","CASTIADAS",0.633017556514463,0.665948060454525,0.925678188831272,0.677102346519172,0.70472188455385
"111012","COLLINAS",0.676362314471251,0.748076967012437,0.93542161498747,0.734539838166407,0.756860035590969
"111013","DECIMOPUTZU",0.626690742948289,0.659158690730505,0.93294532601826,0.671926777757283,0.70092883867517
"111014","DOLIANOVA",0.537725521999063,0.540382419084333,0.929382879771764,0.578086861464705,0.617119752387711
"111015","DOMUS DE MARIA",0.656883065157747,0.703821272173114,0.937378385282545,0.706054790327142,0.731757411988853
"111016","DOMUSNOVAS",0.586728594412627,0.6066568082605,0.933100967300817,0.630333527932989,0.663974354529414
"111017","DONORI",0.59798058248682,0.647502698654302,0.921102647530871,0.652577741266592,0.682413841962623
"111018","ESCALAPLANO",0.618225057169965,0.684229720465692,0.933047731114085,0.679409423047454,0.70759145727708
"111019","ESCOLCA",0.685467569174722,0.751066401310192,0.926831511141593,0.739123437832371,0.759979890422284
"111020","ESTERZILI",0.686583444416849,0.754786758530729,0.931844452441938,0.741801036570604,0.762916971667419
"111021","FLUMINIMAGGIORE",0.632610513388449,0.665277351766501,0.926025900579691,0.676652129377697,0.704360326177918
"111022","FURTEI",0.628755198405496,0.690115291828431,0.931413891036322,0.686633109708899,0.713830974300835
"111023","GENONI",0.678765048735077,0.75171256184865,0.934306514236441,0.737145576186321,0.759052347080779
"111024","GENURI",0.763619938017712,0.832900528019477,0.93214491312848,0.811648701029583,0.825037169040572
"111025","GERGEI",0.660901314249964,0.731370162684343,0.936090266331485,0.720131191253586,0.74412664404002
"111026","GESICO",0.736513683518176,0.804746693471288,0.931485296421913,0.78671569928745,0.802801210080168
"111027","GESTURI",0.647359914452503,0.709591423620146,0.926770395256606,0.703305141658353,0.728134614280381
"111028","GIBA",0.651676057123477,0.695226401709312,0.929414851155709,0.699047591590326,0.724643953764257
"111029","GONI",0.747504762374365,0.820264530359684,0.930933903883035,0.798589572118625,0.813294497870227
"111030","GONNESA",0.607002256752172,0.634027519335723,0.933973950665669,0.65186079430612,0.683206700568292
"111031","GONNOSFANADIGA",0.575820059821067,0.59616865770883,0.929011315864927,0.620296054474946,0.654597750184944
"111032","GUAMAGGIORE",0.665353091140388,0.731473425072398,0.936215805067021,0.722193512802456,0.745973767498518
"111033","GUASILA",0.609707071858634,0.667824135912061,0.932459667740977,0.668135010270911,0.697504416656474
"111034","GUSPINI",0.536644206146158,0.543808628683222,0.928865360269993,0.57909031170022,0.617954205985751
"111035","IGLESIAS",0.467384881226782,0.447978416825364,0.922156137825376,0.504129097906003,0.550576546785934
"111036","ISILI",0.598591035726088,0.615237280778358,0.926591367267289,0.63888187915373,0.670849600055236
"111037","LAS PLASSAS",0.792815722362027,0.879428604363546,0.935479679059438,0.846057914932452,0.855993666502117
"111038","LUNAMATRONA",0.64828545590771,0.683467611312121,0.927626209976648,0.692051501246589,0.718226468883262
"111039","MANDAS",0.651469654840024,0.694226902231301,0.931596101606056,0.698723060842702,0.724597843149741
"111040","MASAINAS",0.655068313730303,0.723579971598429,0.932548403925177,0.713646568790447,0.737968994916528
"111041","MONASTIR",0.599172203909377,0.623301065082252,0.934473010174682,0.643560272063701,0.675883909631588
"111042","MURAVERA",0.569292204328842,0.581383660511136,0.93087784885086,0.610891924063076,0.646445915706163
"111043","MUSEI",0.633686494308606,0.695902093144694,0.938911741740301,0.692206038528015,0.71961778332938
"111044","NARCAO",0.629154667240436,0.665333111185502,0.932662057198048,0.675785706011477,0.704327522809985
"111045","NURAGUS",0.670230363244677,0.736205394546001,0.935523908241398,0.726448481829945,0.749679084764551
"111046","NURALLAO",0.651213899466433,0.716141511134795,0.937683412532426,0.709078276023795,0.734478846746976
"111047","NURAMINIS",0.640231106472114,0.675979785657239,0.929713973827262,0.685266298840935,0.712427151617194
"111048","NURRI",0.654066881137772,0.7039901170989,0.931126616450683,0.704238310851571,0.729448122584805
"111049","NUXIS",0.638791171804531,0.703646753052304,0.936958731101069,0.697792939295683,0.724366916162948
"111050","ORROLI",0.643011056615202,0.685235504565381,0.932259257257341,0.690936878256996,0.717750475923701
"111051","ORTACESUS",0.712973593737172,0.767487409372353,0.932914513466521,0.759498902745939,0.778767303937114
"111052","PABILLONIS",0.643886715591535,0.680508515057175,0.929016292214647,0.688879483013384,0.715561350702413
"111053","PAULI ARBAREI",0.692232959190589,0.765723229357091,0.928091519385747,0.748889436785031,0.768800779296222
"111054","PERDAXIUS",0.652083641293906,0.720748137390385,0.936527309068282,0.711427031314759,0.736438173287373
"111055","PIMENTEL",0.645194667206231,0.705582200145901,0.929151146359266,0.700764704944386,0.726140976212706
"111056","PISCINAS",0.733248237706779,0.803269996703147,0.935344565530439,0.78496766203751,0.801676206870058
"111057","PORTOSCUSO",0.585018048500407,0.603674060986181,0.939487642327761,0.628860213501741,0.663374372260188
"111058","SADALI",0.682227957859945,0.723524615872678,0.921671451474976,0.724755803327178,0.746635319788044
"111059","SAMASSI",0.595869999463745,0.622745533975182,0.928229263100687,0.641199916357586,0.673092065995708
"111060","SAMATZAI",0.622771727049541,0.67558629570167,0.93081178068622,0.677342288306667,0.705505565237729
"111061","SAN BASILIO",0.640263054737487,0.698516840018394,0.929748815920176,0.695425834232164,0.721461721086387
"111062","SAN GAVINO MONREALE",0.548259854026734,0.556929885805507,0.928746866126488,0.590210069537157,0.627825269158194
"111063","SAN GIOVANNI SUERGIU",0.590842956470696,0.615557164715049,0.93532182525301,0.636412237058886,0.6696244135249
"111064","SAN NICOLÒ GERREI",0.675900572787412,0.747745254521252,0.930939634564327,0.733734585745331,0.755646257836331
"111065","SAN SPERATE",0.541475000739665,0.539477090979743,0.925783532425152,0.579006794516249,0.617537543172794
"111066","SAN VITO",0.630971099574729,0.669271774364072,0.933536159882521,0.678462909260712,0.706804381552024
"111067","SANLURI",0.539735710303039,0.541075671500007,0.924840556210023,0.578849177432373,0.617292663963223
"111068","SANTADI",0.64011134069382,0.684313368936635,0.938295453754805,0.689820664709185,0.717428974603143
"111069","SANT'ANDREA FRIUS",0.677848472835658,0.71196359791137,0.927718558300465,0.718187287666209,0.741468539958904
"111070","SANT'ANNA ARRESI",0.636243015885406,0.668761930602313,0.922880267534045,0.679540252672878,0.706578032101897
"111071","SANT'ANTIOCO",0.53540507205859,0.541660620607975,0.926588061695245,0.577338367869478,0.616143889405675
"111072","SARDARA",0.59382343991382,0.613695645398492,0.930008505847354,0.636384438975276,0.669009335294396
"111073","SEGARIU",0.652765835945474,0.720632402444506,0.932329987731274,0.711262206048618,0.735825292902246
"111074","SELEGAS",0.674841052855494,0.724137151404304,0.930041710297583,0.722544362946667,0.745599623763436
"111075","SENORBÌ",0.584860217146496,0.598955472389183,0.92631518011046,0.625348578302102,0.658789311836364
"111076","SERDIANA",0.622394807293018,0.649497531642042,0.933515224408421,0.665703074961619,0.695459980455708
"111077","SERRAMANNA",0.562094652103117,0.582112610881309,0.935431515844198,0.608436419927411,0.64476920836261
"111078","SERRENTI",0.586731499521734,0.602886750281141,0.925629152665259,0.62789112767782,0.660973130454202
"111079","SERRI",0.69232775382035,0.763566553220525,0.93334497506127,0.748486935674521,0.769026717828604
"111080","SETZU",0.773421305775151,0.858586751566672,0.937305085918492,0.828134134395669,0.840264240120427
"111081","SEUI",0.639947217413986,0.697970242233726,0.92819514956581,0.694882371798051,0.720806013772247
"111082","SEULO",0.665679432715003,0.731386280521779,0.92949271219757,0.721628842176309,0.744724827734227
"111083","SIDDI",0.735832036091996,0.801007823006098,0.927414000400569,0.784319336634199,0.800218743719351
"111084","SILIQUA",0.615830695394243,0.64083193908602,0.930588940724903,0.658557079588608,0.688782841937086
"111085","SILIUS",0.658919838711025,0.726852257533348,0.935406918588613,0.717138135168829,0.741390222215472
"111086","SIURGUS DONIGALA",0.630461341417929,0.694786512586807,0.933526858555409,0.689714220157672,0.716804513312976
"111087","SOLEMINIS",0.651490906071569,0.688165972600595,0.935267801477831,0.696372375550257,0.722916311764432
"111088","SUELLI",0.679062559134558,0.732128699138039,0.933487984285637,0.728384864651232,0.751174100166166
"111089","TEULADA",0.624208976408908,0.657065177687413,0.929493384117334,0.669522707755078,0.698408338461995
"111090","TRATALIAS",0.658783254440649,0.724875497934636,0.936102511242937,0.716256689693172,0.740684003198702
"111091","TUILI",0.697617724357837,0.757048874695676,0.933265680515643,0.747926537625645,0.768519775724534
"111092","TURRI",0.73773090199862,0.790731166055017,0.91437987707203,0.77924591833134,0.794260802635861
"111093","USSANA",0.602085329902904,0.622880791970828,0.931861732802638,0.644420928123443,0.67635879531002
"111094","USSARAMANNA",0.693809061805448,0.766885246618788,0.93386091429632,0.750698530220538,0.771049906228959
"111095","VALLERMOSA",0.657052754161798,0.700027154742821,0.930428183715384,0.703728777378617,0.728917600304924
"111096","VILLACIDRO",0.525827757249985,0.529341672837251,0.923470723516742,0.56717331589093,0.606761916738243
"111097","VILLAMAR",0.637373233822629,0.681368863159841,0.932068080208599,0.686640751662972,0.713910454834708
"111098","VILLAMASSARGIA",0.619252638126003,0.652084671279139,0.937911418574472,0.665892931089761,0.696117207476951
"111099","VILLANOVA TULO",0.669336655421875,0.743702076707134,0.93784377033374,0.729651806491428,0.752784246918351
"111100","VILLANOVAFORRU",0.684181803154891,0.754579940243419,0.934150703804784,0.740857854909718,0.762334838120281
"111101","VILLANOVAFRANCA",0.657592428087941,0.727361488760821,0.931967443396608,0.716426006921604,0.740375055418826
"111102","VILLAPERUCCIO",0.655408120090666,0.721030157603947,0.932829781658797,0.712680203128456,0.737141267409605
"111103","VILLAPUTZU",0.590627110965749,0.613827097420637,0.926499256567637,0.634654319430638,0.667081534668082
"111104","VILLASALTO",0.653561067389628,0.718229965941389,0.931405114141291,0.710446476413087,0.734997436160665
"111105","VILLASIMIUS",0.589526785391691,0.612041006180953,0.928096732052272,0.633515179412917,0.666246463039512
"111106","VILLASOR",0.583234515056764,0.606139759724401,0.933881799607485,0.628606603612273,0.662526069833963
"111107","VILLASPECIOSA",0.621568453907698,0.644820975396318,0.936121080027128,0.66348735118952,0.693779987727032
