"Codice.comune","Comune","indice_privacy_simple","indice_pca_norm01","Indice_RF_privacy_norm","Indice_composito_misto","Indice_composito_alt"
"001001","AGLIÈ",0.585540877946855,0.585610858765882,0.945101428641871,0.621528424384919,0.657480980413469
"001002","AIRASCA",0.587256495197118,0.593724789194519,0.948950421766357,0.626336620152872,0.662182598109926
"001003","ALA DI STURA",0.69477829295618,0.727893677121205,0.93487590239725,0.733689976774548,0.756043968510404
"001004","ALBIANO D'IVREA",0.625412835970194,0.6424025145313,0.948521693068382,0.665369077032511,0.696830478814274
"001006","ALMESE",0.519361620162055,0.493750847728101,0.943039490317455,0.550204559582316,0.593852885219553
"001007","ALPETTE",0.748492136634579,0.795633623734551,0.941647129486695,0.789021305114778,0.805979730044991
"001008","ALPIGNANO",0.491793116587099,0.469921887371299,0.943547360251978,0.527126487806477,0.573395473633755
"001009","ANDEZENO",0.624248744893363,0.623105600491711,0.94291392965304,0.655600848388587,0.687524524084637
"001010","ANDRATE",0.691446085490846,0.722916886361626,0.940558068231786,0.730519144156791,0.753856802387346
"001011","ANGROGNA",0.659716977180088,0.680052145623477,0.932273108971903,0.696123416158795,0.722362270915807
"001012","ARIGNANO",0.639317234461222,0.645735777586415,0.937428285341804,0.672016683955617,0.701506861887416
"001013","AVIGLIANA",0.48500606685372,0.450581874491119,0.938075205857027,0.51482209419088,0.561850217709341
"001014","AZEGLIO",0.632001737298957,0.642561717550258,0.93866061263275,0.667419615945422,0.697557504466236
"001015","BAIRO",0.664642647934902,0.691243032044942,0.949041286870968,0.705052684678027,0.732162529366131
"001016","BALANGERO",0.583923686494356,0.582464512613803,0.9428200012816,0.619156689726832,0.655119279899584
"001017","BALDISSERO CANAVESE",0.683952590743883,0.707947139114682,0.936063738055946,0.719961252241949,0.743972639554615
"001018","BALDISSERO TORINESE",0.518696458905614,0.470796460353319,0.945070917852032,0.539778905451723,0.58481135127398
"001019","BALME",0.788684778775358,0.842413726427594,0.925884280320221,0.826582755373351,0.837616258145225
"001020","BANCHETTE",0.576551823065689,0.563665683649192,0.933593342966117,0.606457212318308,0.642805671279176
"001021","BARBANIA",0.637557203913874,0.655368663477558,0.949474832168253,0.67676412354297,0.707065313390224
"001022","BARDONECCHIA",0.560875997088375,0.54328647144045,0.931918403227444,0.590064951160716,0.628048668057019
"001023","BARONE CANAVESE",0.646079948009927,0.679031730612881,0.93825558860827,0.690125814241091,0.717695789170777
"001024","BEINASCO",0.492991154321041,0.475769091317925,0.943782323933103,0.530320342930845,0.576260563042207
"001025","BIBIANA",0.599556683872917,0.616868390985926,0.949160120492696,0.642307295735749,0.676402054042076
"001026","BOBBIO PELLICE",0.661259346863265,0.702473292258803,0.9348394357556,0.70716363118049,0.732460942799947
"001027","BOLLENGO",0.593261238443109,0.591342971699604,0.939976869055579,0.627069581469779,0.661837057868201
"001028","BORGARO TORINESE",0.51433538114575,0.500310979470728,0.945808777507741,0.551171740028189,0.595020299748139
"001029","BORGIALLO",0.657916277367348,0.700116904257775,0.949396024201994,0.706054534151505,0.733092477490448
"001030","BORGOFRANCO D'IVREA",0.584713525182851,0.588382791234082,0.944707773905301,0.62236411977815,0.658180081347833
"001031","BORGOMASINO",0.67407914114028,0.705914829420206,0.947952304784769,0.715792517230696,0.741588049181148
"001032","BORGONE SUSA",0.617217594634926,0.628679507395358,0.946080444639779,0.655261740377606,0.68757492974007
"001033","BOSCONERO",0.603470658821301,0.618243383941226,0.954803628082438,0.645251682051381,0.679646342721498
"001034","BRANDIZZO",0.538098125905142,0.530518883418491,0.948265419188694,0.575704196114505,0.617099887567192
"001035","BRICHERASIO",0.560976677382849,0.557564148367118,0.944243372808722,0.597767708868358,0.636265004861731
"001036","BROSSO",0.730115815152496,0.769583854617985,0.941126225462486,0.768977473942965,0.78810511300069
"001037","BROZOLO",0.683315148872119,0.702315817121547,0.937466074694527,0.717280542166602,0.741745601336372
"001038","BRUINO",0.523255456856178,0.504749630590524,0.946875505249172,0.557289839875933,0.600577136028515
"001039","BRUSASCO",0.651695686544121,0.678766037672312,0.949559299965701,0.693663705893965,0.722096549679714
"001040","BRUZOLO",0.631432362497837,0.643538846517795,0.94385628204071,0.668122672261106,0.698759740014395
"001041","BURIASCO",0.645750488256783,0.665526311324277,0.944227698510524,0.684497329662529,0.713356259534529
"001042","BUROLO",0.619829136114151,0.617750534724035,0.937993097584173,0.650710161635601,0.682630487852109
"001043","BUSANO",0.648958597131081,0.673227065759,0.964585532664715,0.691442101567008,0.721791371688975
"001044","BUSSOLENO",0.557340854296767,0.551100113455691,0.942162639105957,0.593014699399202,0.631808914922175
"001045","BUTTIGLIERA ALTA",0.53060379296858,0.508870798171917,0.944392161926359,0.56220278220586,0.604668268841471
"001046","CAFASSE",0.581607666989704,0.583062706091873,0.946306476980277,0.618732315584737,0.655129444628686
"001047","CALUSO",0.53092576065359,0.518148900124878,0.939857583180691,0.56606935566838,0.607601380947525
"001048","CAMBIANO",0.551286802351687,0.541744069478565,0.946845498645263,0.58654844218814,0.626581448461154
"001049","CAMPIGLIONE FENILE",0.653910677419915,0.682203760403898,0.949397506774981,0.696191247698214,0.724325276484521
"001050","CANDIA CANAVESE",0.629192467808985,0.64058113603892,0.940623640634434,0.665460485795001,0.696034169666049
"001051","CANDIOLO",0.55759623305873,0.540796005552194,0.942845968694601,0.588561104244376,0.62792608918329
"001052","CANISCHIO",0.715266180627054,0.780794355951974,0.964556118563033,0.769682853316866,0.791335438344218
"001053","CANTALUPA",0.576760649682638,0.556875514241409,0.938831355456123,0.604019409311433,0.641220736660843
"001054","CANTOIRA",0.672159988125894,0.692212275104497,0.92814166716444,0.70678168517012,0.731377238725044
"001055","CAPRIE",0.616251875862663,0.624056656154135,0.947237897140553,0.652862629121615,0.68557099223483
"001056","CARAVINO",0.661668715940846,0.68542975474967,0.943541053183301,0.700548417129062,0.727547598912866
"001057","CAREMA",0.656671315016056,0.709562794803263,0.958539424418223,0.710659291860516,0.738201528811372
"001058","CARIGNANO",0.523912449744602,0.51287456330394,0.943832759192857,0.56093743179113,0.603481357057988
"001059","CARMAGNOLA",0.462468868982829,0.438075668447942,0.940492420223138,0.499294283866161,0.548316299016936
"001060","CASALBORGONE",0.604237791451401,0.600577706258141,0.937834800833688,0.635950454052663,0.669493159250555
"001061","CASCINETTE D'IVREA",0.608286587197288,0.602838214748439,0.936295955299198,0.638635756405497,0.671709111838131
"001062","CASELETTE",0.582049871713894,0.578120760744386,0.944220531328125,0.616498837739038,0.652912359248937
"001063","CASELLE TORINESE",0.502190433460622,0.483994673080541,0.94466962223781,0.538250260167304,0.583407967064027
"001064","CASTAGNETO PO",0.575304657686383,0.54693334000031,0.941143035920264,0.599121402551038,0.63712380625873
"001065","CASTAGNOLE PIEMONTE",0.624215783975904,0.643606129875688,0.952661301155784,0.665785991348795,0.697661025771794
"001066","CASTELLAMONTE",0.515184185072295,0.499602692014003,0.940992864632837,0.550753381152118,0.594113323761086
"001067","CASTELNUOVO NIGRA",0.679485254322984,0.725324392514197,0.939910108573635,0.726155351934095,0.749905880449599
"001068","CASTIGLIONE TORINESE",0.513397908993084,0.482697774798457,0.948616387719519,0.543104696478145,0.58816155106052
"001069","CAVAGNOLO",0.612939994970285,0.624508748488561,0.943952657673243,0.651247200323805,0.683770028918187
"001070","CAVOUR",0.563012077494603,0.568268370083635,0.945063445247174,0.603582545934924,0.64152486808073
"001071","CERCENASCO",0.635367743255899,0.656446895065462,0.950684033405064,0.676384990585118,0.706862662009557
"001072","CERES",0.624402206048811,0.66116232586454,0.93588512739503,0.672092552100511,0.701402838244346
"001073","CERESOLE REALE",0.699257734594566,0.729894956054179,0.937972518145921,0.736915962606527,0.759255579888682
"001074","CESANA TORINESE",0.643406136910195,0.654153011623085,0.940786847850498,0.677980301625026,0.707181028983412
"001075","CHIALAMBERTO",0.693977407394266,0.743922864565996,0.940481993996186,0.741103321781737,0.763256507583342
"001076","CHIANOCCO",0.623345359538486,0.629931377305494,0.937586166207034,0.657733148200495,0.688827927978999
"001077","CHIAVERANO",0.58959277163645,0.575262253150221,0.934797431621603,0.617664504316162,0.652901496238989
"001078","CHIERI",0.428385047520383,0.383411258948789,0.931611327473183,0.458469470658446,0.511040788082306
"001079","CHIESANUOVA",0.717906797226708,0.770632137078344,0.953313403460886,0.765173860783362,0.786078254414198
"001080","CHIOMONTE",0.631878405900428,0.670853714794974,0.943407175506596,0.680570171863591,0.70977428337948
"001081","CHIUSA DI SAN MICHELE",0.650431935703214,0.676229276063432,0.953203409753249,0.692317886270316,0.721305166657308
"001082","CHIVASSO",0.458680980065974,0.425037545360519,0.936752004833936,0.491348536925315,0.540837811137384
"001083","CICONIO",0.715576644546412,0.760296607091024,0.954530663420033,0.75959602957885,0.781255433338981
"001084","CINTANO",0.725416214245585,0.785846110237594,0.971316834522208,0.777199729469651,0.798768296697713
"001085","CINZANO",0.651704179277016,0.665327072170496,0.92480503163859,0.685144566315239,0.711773506906723
"001086","CIRIÈ",0.473707738307085,0.445614860885585,0.937390388841096,0.507434208520811,0.555207117445287
"001087","CLAVIERE",0.685434674404184,0.706007611831901,0.899573663498496,0.716106395156088,0.736491647194133
"001088","COASSOLO TORINESE",0.62260863703933,0.628130417412442,0.937918498043164,0.656624424307614,0.687879321389342
"001089","COAZZE",0.579741613548991,0.581244467307467,0.9387825886828,0.616321995253686,0.652150950079143
"001090","COLLEGNO",0.413893206833089,0.367719021557778,0.927021499321274,0.444427652708018,0.498049191220602
"001091","COLLERETTO CASTELNUOVO",0.676324680476837,0.713478087077705,0.933798859270158,0.71879113132656,0.742680878875849
"001092","COLLERETTO GIACOSA",0.646964884143137,0.683442921634755,0.949188027587005,0.693602315358752,0.722000727828558
"001093","CONDOVE",0.564161680416899,0.55915009569044,0.941145730847629,0.599604872333066,0.637553856612462
"001094","CORIO",0.592641656829086,0.602008602698513,0.945632604820629,0.632155877269483,0.666986624775165
"001095","COSSANO CANAVESE",0.680434056807563,0.729874289883524,0.944773538002366,0.729116109811226,0.753078046276908
"001096","CUCEGLIO",0.65260360235748,0.66888807822076,0.941300408430767,0.688801297103285,0.716856753917449
"001097","CUMIANA",0.523541252010023,0.506702423887608,0.941412141405512,0.557750868294485,0.600379898640155
"001098","CUORGNÈ",0.527347779792836,0.522264981078253,0.946966111563103,0.5670223535483,0.609238326661056
"001099","DRUENTO",0.521371729188997,0.504947601230166,0.946692207505805,0.556512919439204,0.599866173668826
"001100","EXILLES",0.690727903013722,0.728567384972873,0.93480286370722,0.73216316596469,0.754678687936082
"001101","FAVRIA",0.577583492748184,0.585012641455909,0.95679652525052,0.618847912916894,0.656397758731741
"001102","FELETTO",0.632561884861712,0.65602473022126,0.954475607137888,0.675311537501126,0.706329767460766
"001103","FENESTRELLE",0.660334622499317,0.698129432899984,0.930819183413199,0.704390743271006,0.72954945884236
"001104","FIANO",0.579358034878453,0.573629882550756,0.95517817356479,0.614362380199623,0.652230801684642
"001105","FIORANO CANAVESE",0.635347726001401,0.670405067173071,0.937756358328293,0.681364392761342,0.709852388935447
"001106","FOGLIZZO",0.618744098497858,0.634200780452911,0.950628139661776,0.658888009494024,0.691303579512663
"001107","FORNO CANAVESE",0.614543076176399,0.632357398170977,0.962897091858573,0.657394922642176,0.691339608110665
"001108","FRASSINETTO",0.70784010757869,0.765520502027334,0.941646907328158,0.757176965055527,0.777673625308041
"001109","FRONT",0.641373447197042,0.67171672867999,0.956901718427975,0.686580750987462,0.716616414036408
"001110","FROSSASCO",0.582480645324127,0.578750764191259,0.939768210479125,0.616530955329836,0.65244620590198
"001111","GARZIGLIANA",0.672754621446949,0.723364393104727,0.949150646436022,0.723168621191857,0.748277735107875
"001112","GASSINO TORINESE",0.517831055589476,0.500832430114073,0.943771738852144,0.552775742451812,0.596219742051849
"001113","GERMAGNANO",0.655612498479873,0.685461357534686,0.945204576076945,0.698003692814246,0.725470457621213
"001114","GIAGLIONE",0.635234653912317,0.664674690331004,0.947403643615863,0.679699569271081,0.709444466420501
"001115","GIAVENO",0.482963289353881,0.460010371597669,0.940259011235847,0.518364048551782,0.565241266627789
"001116","GIVOLETTO",0.560223915514038,0.549994823197473,0.954126769006399,0.59501110932082,0.634912849285884
"001117","GRAVERE",0.632773498741856,0.66281815041571,0.928485322486774,0.675864774369582,0.703933724160381
"001118","GROSCAVALLO",0.719960258277641,0.76507837327337,0.928513334827147,0.76111871768067,0.779718119585834
"001119","GROSSO",0.657729578960321,0.676628284607149,0.947881868260623,0.695249225431424,0.723319519079113
"001120","GRUGLIASCO",0.439899177715898,0.403242705118728,0.932050706590371,0.472618917934619,0.523666894451924
"001121","INGRIA",0.856125159145047,0.96316775273009,0.961618181744863,0.914843628518298,0.920040801099028
"001122","INVERSO PINASCA",0.648872640808092,0.696277216686754,0.94903923804286,0.700221359676967,0.727867790606511
"001123","ISOLABELLA",0.682775204509911,0.730864786443782,0.948938055637547,0.731031801492916,0.755243607508986
"001124","ISSIGLIO",0.653361745131364,0.676240835634208,0.927797769173981,0.691100938261906,0.717400586141025
"001125","IVREA",0.439877384522144,0.388980552794981,0.928028176183387,0.465788889411045,0.517148810163528
"001126","LA CASSA",0.624025061473721,0.633847068600438,0.950375091536384,0.66107996768701,0.693223870336941
"001127","LA LOGGIA",0.527151136553457,0.512641013208015,0.945850347251499,0.562491502117812,0.605086929354888
"001128","LANZO TORINESE",0.550059726195773,0.539839517317589,0.941504754681238,0.584605135049137,0.624260648341593
"001129","LAURIANO",0.642438703044594,0.662752476873987,0.947177355054187,0.68205376646878,0.71151194297827
"001130","LEINI",0.499205996452537,0.48286842610094,0.945424591502819,0.536475949299347,0.581914687321955
"001131","LEMIE",0.741542667293384,0.805311573845039,0.957430510789077,0.791827459591198,0.810227798613185
"001132","LESSOLO",0.624151442519113,0.639244903415538,0.94663930914414,0.663192286585007,0.694686400202689
"001133","LEVONE",0.666529669079681,0.709397959160202,0.952269451894785,0.714394377897426,0.74082494167491
"001134","LOCANA",0.653427886987717,0.685060976551489,0.952507634630774,0.69757075205572,0.725897072341837
"001135","LOMBARDORE",0.61783434558594,0.621742074700638,0.940381418699293,0.65184753099889,0.68390685185449
"001136","LOMBRIASCO",0.663009504823728,0.687928414137225,0.949962494438602,0.702918312976289,0.730367666472102
"001137","LORANZÈ",0.642672696693209,0.647642183507981,0.940960095985941,0.67473770568913,0.704317971277664
"001139","LUSERNA SAN GIOVANNI",0.544017963823124,0.540331584715817,0.938248590102762,0.581782155852799,0.621389537436129
"001140","LUSERNETTA",0.669782744221475,0.714560620526449,0.946319326040098,0.717586446740576,0.743001211107189
"001141","LUSIGLIÈ",0.660096602771439,0.705550288856478,0.949848465659059,0.709525947798468,0.736228449782978
"001142","MACELLO",0.62637265239664,0.671675119399816,0.951404705098809,0.679261967818286,0.709500049738344
"001143","MAGLIONE",0.656946209952696,0.68388576881499,0.934917042218285,0.696866094667287,0.723316199950731
"001144","MARENTINO",0.631021485406866,0.637594311129027,0.950682298305773,0.665945338271729,0.697582778275512
"001145","MASSELLO",0.822588971007959,0.900959085985261,0.945092686254831,0.870105894272432,0.878437760048254
"001146","MATHI",0.584822798327365,0.589616584306398,0.948713725433145,0.623369094728508,0.659518498140134
"001147","MATTIE",0.683222195020194,0.720540685896359,0.94761086914332,0.726454383326781,0.751027326195285
"001148","MAZZÈ",0.56850676197486,0.565494461246068,0.945646084525926,0.60486515890201,0.642729706193556
"001149","MEANA DI SUSA",0.662728513407641,0.683285588225368,0.93961787179215,0.699668132914069,0.726329215011633
"001150","MERCENASCO",0.6502251020356,0.674237007768215,0.945765051852881,0.690584454597005,0.718937854292102
"001152","MEZZENILE",0.65537655537123,0.704896695670744,0.947709943790267,0.706893957347915,0.733651289174843
"001153","MOMBELLO DI TORINO",0.662880363179873,0.692137530201564,0.938795256873277,0.703637577708975,0.72976620872723
"001154","MOMPANTERO",0.647956942734921,0.686120169164835,0.943727787190053,0.694707479073896,0.722376402197913
"001155","MONASTERO DI LANZO",0.753532823631074,0.807835715704554,0.950569947117123,0.797672837412745,0.814661405157676
"001156","MONCALIERI",0.394580943586546,0.340525673625724,0.925469789216563,0.423344956667178,0.479136604728221
"001157","MONCENISIO",0.747839619378676,0.770767258826232,0.913533952432034,0.774726490435412,0.79014954176837
"001158","MONTALDO TORINESE",0.658579858460707,0.670211042613818,0.946354927620453,0.692591398245582,0.720787345953901
"001159","MONTALENGHE",0.649557950776401,0.668359576647087,0.943892083045315,0.687452095645101,0.715945427578458
"001160","MONTALTO DORA",0.580810425483377,0.576925840619043,0.941791288779068,0.615160448623996,0.651452764196782
"001161","MONTANARO",0.57165424941172,0.576370545973638,0.949096329215267,0.611520790844938,0.649029183997197
"001162","MONTEU DA PO",0.638470344949026,0.680769081917908,0.946879715038352,0.688345713593955,0.717071713754444
"001163","MORIONDO TORINESE",0.667197875419738,0.692867300678676,0.949820503573499,0.707011379601636,0.733990171154066
"001164","NICHELINO",0.447368118251664,0.421657190142861,0.934285293978766,0.484489918175413,0.534467182153563
"001165","NOASCA",0.773352019647275,0.849535256107891,0.962016426516563,0.826500916741481,0.841558195605379
"001166","NOLE",0.542183588693906,0.533193359944591,0.944789407211919,0.578398567608515,0.619108660897782
"001167","NOMAGLIO",0.693337184279905,0.736905749866302,0.946452587384395,0.738254579104233,0.761387691135362
"001168","NONE",0.550766197274267,0.549100992806516,0.948179754860328,0.589758211022385,0.629582827004379
"001169","NOVALESA",0.662647280403417,0.703756688976529,0.950442475924104,0.709926033813386,0.736650082936799
"001170","OGLIANICO",0.629564458346865,0.640568996895785,0.955590660901408,0.667119120949334,0.699171514277342
"001171","ORBASSANO",0.474083414721945,0.448327045634185,0.939003802842278,0.508985087444487,0.556764944710908
"001172","ORIO CANAVESE",0.665324490416878,0.6897675180677,0.948247351465044,0.704616138964564,0.73168627368684
"001173","OSASCO",0.641996479850296,0.655991998842653,0.946819119877135,0.67877672739954,0.708559215452606
"001174","OSASIO",0.636022975271453,0.677674572743627,0.958403969384225,0.687004293545208,0.717159813082877
"001175","OULX",0.56315056791996,0.551878585370458,0.930696183517662,0.594832737332454,0.6321508980197
"001176","OZEGNA",0.645042065874854,0.662269483644175,0.944402892032189,0.682730486486782,0.71180519821405
"001177","PALAZZO CANAVESE",0.624870513138215,0.654642619819977,0.944716670751132,0.6702525769063,0.700748587333503
"001178","PANCALIERI",0.628208041256305,0.651938044490013,0.953735663075797,0.671439304893423,0.702805566913687
"001179","PARELLA",0.689939210976975,0.718509492799904,0.949401328045116,0.728742049504107,0.753259747119775
"001180","PAVAROLO",0.608743750744623,0.595417727812734,0.93978380929102,0.635851046279913,0.669621353281147
"001181","PAVONE CANAVESE",0.56878298540629,0.562613835961261,0.94245952667587,0.603374522282985,0.641050633882195
"001183","PECETTO TORINESE",0.512822502600807,0.45832000409857,0.944669719217504,0.53148109993647,0.577390946523252
"001184","PEROSA ARGENTINA",0.604105694656471,0.619006377766857,0.944656415542073,0.644866074144705,0.678176112077746
"001185","PEROSA CANAVESE",0.705482909234469,0.726298464126466,0.942107298650904,0.738512347877512,0.761134009074555
"001186","PERRERO",0.681732705399413,0.743768865383594,0.956138204623589,0.737089527314712,0.761428269237921
"001187","PERTUSIO",0.678039161038324,0.706086030449757,0.955365696431009,0.718392905812737,0.744723215881434
"001188","PESSINETTO",0.676051861520565,0.697897458354815,0.934250775130581,0.711702271456979,0.736429882976268
"001189","PIANEZZA",0.479648311481189,0.448487852857954,0.943187138383993,0.511979987791014,0.559891893412456
"001190","PINASCA",0.59671049738688,0.601868720547682,0.944121596729462,0.633772807743499,0.668256006519717
"001191","PINEROLO",0.427092967442443,0.38360893461284,0.927395060329819,0.457555361957859,0.509759772888077
"001192","PINO TORINESE",0.459417309218739,0.383789551548459,0.941259113761415,0.473568998721381,0.525534567059162
"001193","PIOBESI TORINESE",0.582615896582383,0.583849632089152,0.952441926097471,0.620153680511938,0.657074596688109
"001194","PIOSSASCO",0.479967707004339,0.455588528763519,0.942413621748951,0.515241668270431,0.562705218656934
"001195","PISCINA",0.591076529498768,0.599369236032259,0.94783136707147,0.630483731196109,0.665744579626705
"001196","PIVERONE",0.614072155672123,0.605056556430971,0.931825837348697,0.641790504181262,0.674016652310977
"001197","POIRINO",0.524525270026055,0.513401258577711,0.944640493885059,0.5615309872602,0.604098710218518
"001198","POMARETTO",0.668095238993227,0.700204568773509,0.947716238243119,0.710506537319343,0.736863170755318
"001199","PONT CANAVESE",0.606650313303557,0.620012727455321,0.94761433740976,0.646759802082471,0.680188083785504
"001200","PORTE",0.648184561727831,0.670000510844335,0.946086758676807,0.687791958525155,0.716491380764228
"001201","PRAGELATO",0.651007109289718,0.662174440938014,0.924687250086503,0.683400422611129,0.710210070108393
"001202","PRALI",0.705182043761922,0.751450612300656,0.932407934742206,0.748725488702381,0.769134649373473
"001203","PRALORMO",0.615079522806921,0.62495117216856,0.947796820900517,0.652793494829018,0.685571642170296
"001204","PRAMOLLO",0.773669461720075,0.836721669018957,0.955485514775296,0.820224560310094,0.835253555250672
"001205","PRAROSTINO",0.631113206985666,0.63810398288369,0.93994871266192,0.665142606707402,0.695676618480127
"001206","PRASCORSANO",0.687445655083891,0.728273731327499,0.960597590704244,0.73313348295555,0.758407272705405
"001207","PRATIGLIONE",0.689091578617588,0.743026525258584,0.965026829704535,0.740955829714731,0.765852607491376
"001208","QUAGLIUZZO",0.679451512450828,0.689428752208908,0.926999078353543,0.708696026932236,0.732951921534603
"001209","QUASSOLO",0.719032809824747,0.767920424306079,0.948800752973816,0.764009030656253,0.784541444247094
"001210","QUINCINETTO",0.66167062309829,0.685381248829963,0.946016963725978,0.700775038740311,0.728024141516497
"001211","REANO",0.598058208231128,0.591746344775095,0.944200445337026,0.629832093386503,0.664761910269894
"001212","RIBORDONE",0.850376228007831,0.943195611536436,0.942566057072516,0.901363933502172,0.90594194723221
"001213","RIVALBA",0.628300073919694,0.634321945003818,0.947546650580691,0.66293457357365,0.694558137685543
"001214","RIVALTA DI TORINO",0.470814397515888,0.439250516576502,0.942407759704398,0.503769987312015,0.552507517577836
"001215","RIVA PRESSO CHIERI",0.564119682178166,0.558160270330609,0.951438944645219,0.60016987309347,0.639199769932554
"001216","RIVARA",0.611050753308661,0.627641443134062,0.959800790646989,0.653391567463924,0.687437036706487
"001217","RIVAROLO CANAVESE",0.499904842189608,0.477917195568624,0.941771283702047,0.534197045361409,0.579483071843702
"001218","RIVAROSSA",0.612297117821466,0.61295899983037,0.94103110021874,0.6454683629652,0.678308667104482
"001219","RIVOLI",0.409406339286722,0.361508631181033,0.928250942212379,0.439736830931728,0.494016176629578
"001220","ROBASSOMERO",0.579922258911389,0.577663005519339,0.948149107932005,0.615728279787028,0.652663927358692
"001221","ROCCA CANAVESE",0.637863437278838,0.660029712625407,0.951223582242414,0.679174275681152,0.709401976410181
"001222","ROLETTO",0.591213404505444,0.583114634972663,0.940189313113712,0.622466549076519,0.657769078413985
"001223","ROMANO CANAVESE",0.595313850121315,0.597013194394665,0.94266378656768,0.630813548688959,0.665463575119928
"001224","RONCO CANAVESE",0.716588214258597,0.782759299117647,0.9421852965742,0.76892491067673,0.788176064665337
"001225","RONDISSONE",0.635452271516863,0.663812753186021,0.954058787895221,0.68007513990582,0.710517767460198
"001226","RORÀ",0.70401503577953,0.747495353686862,0.923869941360768,0.745566669395953,0.765378144058711
"001227","ROURE",0.68684305368509,0.726557398311673,0.945174749654172,0.73054767836396,0.754395130729539
"001228","ROSTA",0.525680091688422,0.4910158758653,0.947416637174257,0.552254849116601,0.59616171445634
"001229","RUBIANA",0.598583552063486,0.599191300814454,0.944087065515393,0.633407390346613,0.667927354254255
"001230","RUEGLIO",0.671667844098702,0.695829403892854,0.937605525281253,0.709134314124326,0.734520004252873
"001231","SALASSA",0.623373039670955,0.639521068055744,0.960175409896903,0.664319889466705,0.69719272507006
"001232","SALBERTRAND",0.674141090780984,0.694171381064943,0.931483508729653,0.708888963203632,0.733621690484301
"001233","SALERANO CANAVESE",0.668622288663605,0.66673503797683,0.929652435038274,0.693876040492023,0.720073417663829
"001234","SALZA DI PINEROLO",0.856662033252825,0.966420496117849,0.971936405211282,0.917580778737932,0.923620292790526
"001235","SAMONE",0.613022940123629,0.603806515411856,0.936281769314782,0.641201431922447,0.67398813607715
"001236","SAN BENIGNO CANAVESE",0.556906882186545,0.551850516752871,0.949653237501402,0.593906153272878,0.633433607076047
"001237","SAN CARLO CANAVESE",0.558921626253413,0.547887892126324,0.946078129905642,0.592672096261446,0.631939433333023
"001238","SAN COLOMBANO BELMONTE",0.685289190121899,0.732527615262643,0.952489041634187,0.733266466586463,0.757624530480654
"001239","SAN DIDERO",0.651463570252031,0.691143129144759,0.945249736857578,0.698697988414313,0.726092627130232
"001240","SAN FRANCESCO AL CAMPO",0.558727607817173,0.553801494942909,0.945678392501702,0.595205935492207,0.634147319604373
"001241","SANGANO",0.554540527216588,0.540679404951711,0.946112426438282,0.587460212119562,0.627310458154976
"001242","SAN GERMANO CHISONE",0.637168480933903,0.653668957553934,0.946394052121129,0.67551625253164,0.705613785819361
"001243","SAN GILLIO",0.576041128569381,0.566070417694666,0.947493484045316,0.608699544223353,0.646343315314682
"001244","SAN GIORGIO CANAVESE",0.597658859003167,0.598118435500891,0.940518018734958,0.632151584400322,0.666414521548615
"001245","SAN GIORIO DI SUSA",0.665595173216697,0.693960684628835,0.948091416209367,0.706609277651426,0.733440626380086
"001246","SAN GIUSTO CANAVESE",0.591359157107997,0.597496449277705,0.946721862226807,0.629657209096246,0.664886614999642
"001247","SAN MARTINO CANAVESE",0.657143047871902,0.6755131082442,0.945421779930319,0.694237448245278,0.722146818432505
"001248","SAN MAURIZIO CANAVESE",0.512691583146556,0.491291694868176,0.944315715360101,0.54622404664264,0.590456454277913
"001249","SAN MAURO TORINESE",0.460747078342329,0.421979850867082,0.940379865496915,0.491265104693927,0.541166744783148
"001250","SAN PIETRO VAL LEMINA",0.603296295847431,0.599767963840515,0.945190153969396,0.635897932256515,0.670263734669058
"001251","SAN PONSO",0.70885825211493,0.75460026057666,0.957808735909959,0.754337204302211,0.776945152258628
"001252","SAN RAFFAELE CIMENA",0.57820196166133,0.570097504714744,0.944533734032692,0.611188133272503,0.648226533356968
"001253","SAN SEBASTIANO DA PO",0.618372307207877,0.628041676676217,0.944999536850651,0.655386246432907,0.687565500923768
"001254","SAN SECONDO DI PINEROLO",0.56025387105365,0.546365040986157,0.942755434673037,0.592254053885217,0.63119865175053
"001255","SANT'AMBROGIO DI TORINO",0.578058139955083,0.582039607577533,0.946520112755788,0.616695997665256,0.653343121564204
"001256","SANT'ANTONINO DI SUSA",0.586499007559438,0.591697592662973,0.946589435021592,0.624847413602244,0.660596527093283
"001257","SANTENA",0.525458521222967,0.516958929996408,0.947352647921693,0.563823117840888,0.606437510072089
"001258","SAUZE DI CESANA",0.728224828135755,0.76749743950257,0.951506444646576,0.768225664901904,0.788590195984645
"001259","SAUZE D'OULX",0.627116710299423,0.623088839165839,0.918769051798191,0.654469402439187,0.683836030145743
"001260","SCALENGHE",0.597264689807493,0.610060308264832,0.946332584625003,0.637929507595047,0.672196516153931
"001261","SCARMAGNO",0.65798441415423,0.679620706418127,0.951501899311332,0.697072494188694,0.725342428091209
"001262","SCIOLZE",0.615516190840943,0.6134371187762,0.94028623273722,0.647057612601436,0.679638570394301
"001263","SESTRIERE",0.623986943076778,0.616122159639543,0.927037933448008,0.650752889567145,0.68145122777613
"001264","SETTIMO ROTTARO",0.699625606256751,0.738485730552037,0.941377290889044,0.741287830652859,0.763519992901324
"001265","SETTIMO TORINESE",0.440825951577211,0.412590237543196,0.933938014439036,0.477431086548086,0.52815407853597
"001266","SETTIMO VITTONE",0.633185881338539,0.652049363803222,0.944637017397495,0.672819562053542,0.703021501536203
"001267","SPARONE",0.639769075075996,0.686060578200456,0.947848696508578,0.691408213625261,0.719901600612297
"001268","STRAMBINELLO",0.702257409636428,0.752966792793603,0.949961815744253,0.749847072667939,0.772082044120863
"001269","STRAMBINO",0.543584890393743,0.53799591117716,0.945684692548976,0.581279829961804,0.621769259138156
"001270","SUSA",0.556087565071011,0.552836552494834,0.941726216953629,0.593188474599993,0.631914890417064
"001271","TAVAGNASCO",0.675824248642031,0.707293137066183,0.943326812622266,0.716735504830923,0.741912316807739
"001272","TORINO",0.221794550827058,0.118219620701788,0.637114721824021,0.216717849370383,0.263428612976343
"001273","TORRAZZA PIEMONTE",0.591974800923364,0.596821033113506,0.951898786421468,0.630148003958738,0.665898090899042
"001274","TORRE CANAVESE",0.659176124158601,0.670455626670825,0.939654140758082,0.69229970194905,0.719783528483386
"001275","TORRE PELLICE",0.552727885398613,0.53946075390214,0.928286481669296,0.584313535852269,0.622532752054161
"001276","TRANA",0.568961721565979,0.562406083588469,0.942072291411523,0.603322741460654,0.640961580344084
"001278","TRAVERSELLA",0.756971935426018,0.813711380183847,0.94378097154816,0.801185589179255,0.817029520553578
"001279","TRAVES",0.692621243658465,0.722195365938012,0.943415393208095,0.731009013639224,0.75460972248021
"001280","TROFARELLO",0.505113845681122,0.479303116075325,0.942451794172007,0.537232812207602,0.58225714353698
"001281","USSEAUX",0.722103194485227,0.767042683255158,0.934815216230055,0.763597166606178,0.782621394342165
"001282","USSEGLIO",0.704842761054261,0.746160729472595,0.937480716516234,0.746699642388709,0.767897539513989
"001283","VAIE",0.644651847145532,0.66970527788562,0.952068721467076,0.686667578410726,0.716156594305876
"001284","VAL DELLA TORRE",0.570020749743185,0.565803275044329,0.945304997559892,0.605651310910371,0.643390609426984
"001285","VALGIOIE",0.66782547813972,0.687882123507431,0.943583038285473,0.704426724569765,0.730999648315955
"001286","VALLO TORINESE",0.669843745101445,0.692036505558835,0.949342325515086,0.707780345348635,0.734620565367129
"001287","VALPERGA",0.599476956583177,0.6085329890317,0.962459759524025,0.639850451479097,0.675695930150756
"001288","VALPRATO SOANA",0.801472303349405,0.874858237524722,0.948305620997265,0.849179305493084,0.860193340549104
"001289","VARISELLA",0.672990998722475,0.705559830199036,0.947496655613711,0.715097538576051,0.740919662691347
"001290","VAUDA CANAVESE",0.631706253864729,0.645615871220167,0.94409762632558,0.669204718920761,0.699748375299075
"001291","VENAUS",0.651548810056306,0.705087736960246,0.956677537993142,0.706154199956762,0.733990126405249
"001292","VENARIA REALE",0.448841901988408,0.417694859475164,0.935132143142205,0.483454756972828,0.53364113321387
"001293","VEROLENGO",0.571341367786886,0.571913751011882,0.947338939971392,0.609198697456585,0.646769835513786
"001294","VERRUA SAVOIA",0.635777302920494,0.648123344216097,0.936115077646074,0.671366798976074,0.700783274383852
"001295","VESTIGNÈ",0.627832572384856,0.661033863823988,0.936714129296133,0.673661309223593,0.702889400342764
"001296","VIALFRÈ",0.711366989206396,0.739232509922508,0.943564393112259,0.747126213919233,0.768952678274013
"001298","VIDRACCO",0.654969403020292,0.64645701703592,0.910122742599867,0.676654163285282,0.702595116542458
"001299","VIGONE",0.568101541744993,0.574352326529447,0.945784339171141,0.608682674640612,0.646138415144004
"001300","VILLAFRANCA PIEMONTE",0.585423475258151,0.598157440244771,0.947477734641963,0.627359185440511,0.662927913129561
"001301","VILLANOVA CANAVESE",0.64364529893431,0.658348827299691,0.94438292795455,0.680335649600756,0.709674236084511
"001302","VILLARBASSE",0.540407542274766,0.50976913734507,0.950905841302669,0.567670089959193,0.610251840108468
"001303","VILLAR DORA",0.583613322984097,0.579093931128937,0.94327438715941,0.617545703066807,0.653737779077096
"001304","VILLAREGGIA",0.638524575788866,0.648376741405587,0.93985785413124,0.673091378150628,0.702732097704029
"001305","VILLAR FOCCHIARDO",0.633238118197576,0.648284796417612,0.945763086366748,0.67126162021351,0.701761783119425
"001306","VILLAR PELLICE",0.6605888081379,0.687337666191026,0.938686819173196,0.700435595365336,0.72690795356621
"001307","VILLAR PEROSA",0.58986422565,0.597059685435429,0.944577156009073,0.62857347558935,0.663684995635986
"001308","VILLASTELLONE",0.578336027376135,0.577411976826826,0.94640946147345,0.614727548038677,0.651581093975874
"001309","VINOVO",0.482360162334722,0.453253626934733,0.944457548868605,0.515471960058115,0.563137025481503
"001310","VIRLE PIEMONTE",0.656070281900861,0.674803720203691,0.941229465141082,0.693016247461157,0.720595493870037
"001311","VISCHE",0.614171446541308,0.651044620772589,0.944408611036632,0.663788091394917,0.694968149132885
"001312","VISTRORIO",0.64834502172974,0.677230672812742,0.938143694586749,0.690323432002792,0.717859016734343
"001313","VIÙ",0.672575953676184,0.707981999795669,0.942096395282649,0.715460718590599,0.740642460445271
"001314","VOLPIANO",0.497806645689312,0.477589621731319,0.94340450714936,0.53326877105422,0.578839408398125
"001315","VOLVERA",0.544204445652574,0.534267884838961,0.947138560548226,0.580026404776013,0.620816644306259
"001316","MAPPANO",0.542037358825822,0.532731026423482,0.945999656191616,0.578245738981348,0.619107285338045
"001317","VAL DI CHY",0.638582014285415,0.650150506325576,0.937420417153709,0.673671675990317,0.702977091675138
"001318","VALCHIUSA",0.654222580985715,0.678260475619756,0.93659563752204,0.693276939224666,0.720312350146596
"002002","ALAGNA VALSESIA",0.658557454153879,0.677244129040081,0.939015680469963,0.695012280484279,0.722123769371577
"002003","ALBANO VERCELLESE",0.754277680871758,0.809439264647901,0.943256707536122,0.797998296237459,0.814138119715088
"002004","ALICE CASTELLO",0.612490915415071,0.628179883505968,0.948019361257418,0.653103795640209,0.685872191819899
"002006","ARBORIO",0.680066897745054,0.717686467964038,0.949620146417081,0.7239510292108,0.749025375567053
"002007","ASIGLIANO VERCELLESE",0.635556904877508,0.65679085349202,0.952487279068346,0.676805219173122,0.70743655916148
"002008","BALMUCCIA",0.762517251780574,0.821290696201795,0.945162341587694,0.807229810750835,0.822555647510486
"002009","BALOCCO",0.790771462781557,0.867656981687975,0.96456483193656,0.842749283204946,0.856284344175125
"002011","BIANZÈ",0.637466232240504,0.662235386529438,0.950332849105319,0.679899013357006,0.709947217329041
"002014","BOCCIOLETO",0.802519145675196,0.891997292512892,0.957841346223408,0.85831653180698,0.869374844519917
"002015","BORGO D'ALE",0.60709128451447,0.619199309210058,0.93899445762202,0.645730212938239,0.678315129014215
"002016","BORGOSESIA",0.501205513217114,0.487325975152958,0.948039402829863,0.539643110049519,0.585020475914001
"002017","BORGO VERCELLI",0.607221509446956,0.616060032605814,0.951507412678286,0.645627435191575,0.679614099356765
"002021","BURONZO",0.668290438515862,0.695480401386472,0.948232808025916,0.708520158758642,0.735154897566117
"002025","CAMPERTOGNO",0.703010707324204,0.74316104722189,0.935579111162029,0.744335200661945,0.765584524050843
"002029","CARCOFORO",0.79751352043214,0.852392131294794,0.932775383793215,0.835735081656442,0.846517337449417
"002030","CARESANA",0.631869984212588,0.678787253385761,0.943115401451485,0.684107297064406,0.712885975329637
"002031","CARESANABLOT",0.629571260777329,0.630875621536613,0.945525180133302,0.661753615054604,0.693283788952237
"002032","CARISIO",0.641952737883124,0.684092146376315,0.943418251964715,0.691062023113219,0.719101604096719
"002033","CASANOVA ELVO",0.762424623989836,0.8179302177876,0.948944290353028,0.806054107835149,0.82193079478158
"002035","SAN GIACOMO VERCELLESE",0.75888148359719,0.814673514307945,0.951541249836182,0.803253874040929,0.819730249129291
"002041","CERVATTO",0.836458479602651,0.916237946237519,0.947267313830579,0.883440123011134,0.890532033102184
"002042","CIGLIANO",0.568204684059965,0.565335153151064,0.940723954197959,0.604165322164759,0.641560725724003
"002043","CIVIASCO",0.703837456013429,0.745954731612742,0.938739908516063,0.746280475283383,0.767664856753681
"002045","COLLOBIANO",0.795467975090951,0.842548886846486,0.948395894647173,0.831947177336564,0.844885923704409
"002047","COSTANZANA",0.65475067458699,0.706304389201097,0.958683023119306,0.70834308101657,0.736158630139096
"002048","CRAVAGLIANA",0.697977303515997,0.746465221783462,0.941270482696497,0.744126184654406,0.766031106659083
"002049","CRESCENTINO",0.548547271768596,0.548874050483638,0.944700610692649,0.58830965608277,0.627908651039424
"002052","CROVA",0.694236713572237,0.742897468101838,0.945426009922717,0.741252982745605,0.763938874654173
"002054","DESANA",0.651006045193865,0.670334166220481,0.951577583516916,0.689760853488147,0.718851601269121
"002057","FOBELLO",0.783689541052575,0.855320881024527,0.949996927534355,0.832554382688131,0.845603554337712
"002058","FONTANETTO PO",0.633792665156025,0.681647238797269,0.94644672377881,0.686592629156863,0.715465306337079
"002059","FORMIGLIANA",0.683186726895872,0.740058572791466,0.958329538047447,0.736293338664046,0.760964027484424
"002061","GATTINARA",0.54409009848452,0.544255201421775,0.946264848060108,0.584381869763844,0.62459108957454
"002062","GHISLARENGO",0.702001520928702,0.753129683282709,0.96239013965733,0.751048055860868,0.77453050961603
"002065","GREGGIO",0.712342842256727,0.774433578473103,0.952847622625989,0.764334151591022,0.78528009281713
"002066","GUARDABOSONE",0.665615019377128,0.697957869121694,0.935148674133864,0.707122667237856,0.732458890226302
"002067","LAMPORO",0.691338648619812,0.75493447507058,0.955759243360526,0.746398829996729,0.769661098148262
"002068","LENTA",0.683260966297896,0.721180664924115,0.958563883954611,0.727855122445366,0.753489429279727
"002070","LIGNANA",0.658775477450494,0.700007549051007,0.951054414825255,0.706557803408201,0.733724093565651
"002071","LIVORNO FERRARIS",0.581497649154515,0.591066236739898,0.946990015381842,0.62235275019067,0.658423557434133
"002072","LOZZOLO",0.646632688240682,0.693390935856415,0.950685522162666,0.69807918305996,0.726146554071372
"002078","MOLLIA",0.744921559230832,0.790500851698544,0.929408355331441,0.783880920451363,0.800050635438039
"002079","MONCRIVELLO",0.636280116194537,0.650569033654378,0.938135831503494,0.672895700582361,0.702366826240265
"002082","MOTTA DE' CONTI",0.653545267774705,0.697721956623869,0.943972896789425,0.702467540658301,0.729301469117315
"002088","OLCENENGO",0.704966318216035,0.736551995051935,0.949626063668264,0.743645847337413,0.766532538040841
"002089","OLDENICO",0.771687924052396,0.826243655833884,0.959134882272671,0.814982699176093,0.830999608409046
"002090","PALAZZOLO VERCELLESE",0.631694214834559,0.678689507598867,0.953416467512264,0.685014321846268,0.714836782475823
"002091","PERTENGO",0.687865212569391,0.729139087934514,0.942451662168993,0.731897101443657,0.755292052635361
"002093","PEZZANA",0.64475004551098,0.665246259868585,0.951494570974409,0.684647794518245,0.714297436346708
"002096","PILA",0.72062533902561,0.766999292000703,0.936688079144418,0.763099891876283,0.782387468239409
"002097","PIODE",0.750379875469842,0.78648144721486,0.943681545660178,0.785955749774134,0.803480838205916
"002102","POSTUA",0.659507473307302,0.703385437963309,0.948669368880143,0.708168746959789,0.734891038284273
"002104","PRAROLO",0.652043411095083,0.695940972951641,0.953281243074016,0.701921097128428,0.729850002233493
"002107","QUARONA",0.586736028883706,0.599955986483888,0.962343552306477,0.630245762146065,0.667145516608333
"002108","QUINTO VERCELLESE",0.708532751779715,0.750122184912004,0.955383497117625,0.751933071223036,0.774538674100212
"002110","RASSA",0.805126302848151,0.876361178539948,0.959157858804864,0.852585152505131,0.864426564316213
"002113","RIMELLA",0.765815688799585,0.840621757300531,0.953127516606703,0.818209602405723,0.833200481761387
"002115","RIVE",0.691431546645569,0.750968563059289,0.950979721032158,0.744178021470402,0.767155988088375
"002116","ROASIO",0.618218118345269,0.632613181506054,0.946217496574654,0.65749583459056,0.68957601925546
"002118","RONSECCO",0.716364694400427,0.747791261724909,0.938208268204734,0.752691007076875,0.773304036091081
"002121","ROSSA",0.760895282189218,0.80777943724529,0.930757196544675,0.798979343399996,0.813621327082738
"002122","ROVASENDA",0.665708567783526,0.689550315187216,0.943224352784887,0.704188932615322,0.730748423745274
"002126","SALASCO",0.719296888710802,0.77072665957933,0.94184142660985,0.764694739391544,0.784377704638023
"002127","SALI VERCELLESE",0.745415614915752,0.792049166592904,0.932284707206015,0.785087622399497,0.801442854044665
"002128","SALUGGIA",0.583453507130583,0.590710958562861,0.949241227976983,0.623298132359748,0.659514031872774
"002131","SAN GERMANO VERCELLESE",0.613705783247927,0.658120398175464,0.948362439434309,0.667158025583957,0.698402960456218
"002133","SANTHIÀ",0.533133149036188,0.525932449688439,0.94437084873041,0.571016604299123,0.612500409235933
"002134","SCOPA",0.719934239773888,0.775671166487114,0.959231462449049,0.768945579062356,0.790088454994211
"002135","SCOPELLO",0.693461626787136,0.719020705640975,0.931098024282684,0.728726852020918,0.751212537827781
"002137","SERRAVALLE SESIA",0.584987211697508,0.599732676170701,0.955347224228495,0.628658671963543,0.664957399992982
"002142","STROPPIANA",0.648100367112215,0.669456126815154,0.949949970255108,0.687895419292827,0.71701259162197
"002147","TRICERRO",0.650832867578694,0.692264659463096,0.949677977171765,0.699361684885982,0.727174606251069
"002148","TRINO",0.553002697900317,0.552619275751536,0.945485472011776,0.592078435344511,0.631345883863096
"002150","TRONZANO VERCELLESE",0.587418542111365,0.593864587727971,0.944800561999166,0.626057464627618,0.661473364335568
"002152","VALDUGGIA",0.647599083558905,0.681846746925062,0.966652609301485,0.694915884647934,0.725108854053884
"002156","VARALLO",0.535986831116639,0.527818115231538,0.941829354572972,0.572895161313977,0.613887849453865
"002158","VERCELLI",0.409700901008901,0.362628082384234,0.92568610507512,0.440116653034423,0.494068814372278
"002163","VILLARBOIT",0.747161977967943,0.805156750919882,0.950871335204361,0.793630561519957,0.811101758596002
"002164","VILLATA",0.635182465300802,0.656081051808804,0.950983807762333,0.676166963475556,0.706702168396309
"002166","VOCCA",0.777123138210261,0.834403087730376,0.949090606066763,0.820095862279963,0.834428611589608
"002170","ALTO SERMENZA",0.73952379986496,0.780562338462628,0.914344929450405,0.775473255192455,0.790903441221116
"002171","CELLIO CON BREIA",0.653393995145044,0.674878278291098,0.943608396750345,0.692083362721298,0.720030588724526
"003001","AGRATE CONTURBIA",0.608005408100024,0.605129687917154,0.947874621085095,0.64069825531624,0.67482896262389
"003002","AMENO",0.640584473333744,0.639266035188634,0.940745957810698,0.67000732461614,0.700089394971091
"003006","ARMENO",0.640142358984435,0.665612255973542,0.95327370937787,0.682916947668877,0.712956587858765
"003008","ARONA",0.4758846094738,0.441798120583466,0.946005658978584,0.507557794423628,0.556274223818624
"003012","BARENGO",0.628043605428924,0.655218070935407,0.940134192140975,0.671481173578046,0.701331508973927
"003016","BELLINZAGO NOVARESE",0.531091937069962,0.522159594340997,0.950220925132557,0.568985281648187,0.611344797590895
"003018","BIANDRATE",0.653759562582172,0.679417859556006,0.956924564553288,0.695622296417509,0.724655881765929
"003019","BOCA",0.644823317374009,0.665843549744111,0.9447550024647,0.684275590449624,0.713217747340188
"003021","BOGOGNO",0.624734422760613,0.623307110354485,1,0.661618689901794,0.699216613246039
"003022","BOLZANO NOVARESE",0.636771194724654,0.645113536477713,0.944409866801716,0.671289115721237,0.70163586584129
"003023","BORGOLAVEZZARO",0.629494308341107,0.650294026195557,0.955716762341886,0.671476426775688,0.703058686283043
"003024","BORGOMANERO",0.463164539839339,0.431818520615564,0.938553955380215,0.496597772742728,0.545704015258004
"003025","BORGO TICINO",0.586365522721762,0.592831835192197,0.950292575044184,0.6256680685657,0.66173745817442
"003026","BRIGA NOVARESE",0.590324579264239,0.599294574693952,0.953507267617726,0.630679346042958,0.666549115106821
"003027","BRIONA",0.651669958266972,0.679066687769591,0.958097380703767,0.69464122878683,0.723914134555379
"003030","CALTIGNAGA",0.598108834074133,0.604904889935967,0.950082096777492,0.636364385482294,0.671221908959538
"003032","CAMERI",0.519710442058097,0.506860796909972,0.949575921983957,0.556914649734027,0.600543679984019
"003036","CARPIGNANO SESIA",0.604850451771527,0.615724584990788,0.947400825189763,0.643998849062018,0.677710179742879
"003037","CASALBELTRAME",0.668062500299973,0.696177969418225,0.957951965650451,0.709703407938234,0.737286581017369
"003039","CASALEGGIO NOVARA",0.6590998440077,0.680856179165401,0.954569725576797,0.698437182985575,0.7268963543846
"003040","CASALINO",0.606656093325732,0.645019233576006,0.949624127168734,0.658216309822655,0.690594956194442
"003041","CASALVOLONE",0.652977339571893,0.701659219997734,0.958570482198199,0.705443500026152,0.733568720267491
"003042","CASTELLAZZO NOVARESE",0.701661858237832,0.75263303397082,0.951947717722164,0.74962747326611,0.772107500427894
"003043","CASTELLETTO SOPRA TICINO",0.515655658086101,0.498599808058946,0.945121028766937,0.550927062641964,0.594726392211406
"003044","CAVAGLIETTO",0.702393356571074,0.761391273734834,0.963978119474882,0.755100895585147,0.77830947601734
"003045","CAVAGLIO D'AGOGNA",0.660202959006366,0.687841830941877,0.948791866304211,0.701499342107131,0.72897628924014
"003047","CAVALLIRIO",0.640051967722162,0.654979788350678,0.949020806634,0.677666370896178,0.707816863755936
"003049","CERANO",0.558761078261761,0.561817698780006,0.95475398605051,0.599735848273847,0.639182308026809
"003051","COLAZZA",0.668846510704883,0.691793848103707,0.941531130729602,0.706441274536826,0.732562369669357
"003052","COMIGNAGO",0.640027648661743,0.657688511204728,0.959080228265219,0.679880294766434,0.710902509599632
"003055","CRESSA",0.633804706841157,0.652606457766046,0.95813957323163,0.674698981396404,0.706192380489207
"003058","CUREGGIO",0.595828761188479,0.603210844795312,0.949337552476638,0.63450157794037,0.669483352888844
"003060","DIVIGNANO",0.661359176776695,0.695861982754952,0.955092300482884,0.70625875183753,0.733906923909236
"003062","DORMELLETTO",0.585636044375878,0.583926084089403,0.940640282970824,0.620366986106459,0.655952907980277
"003065","FARA NOVARESE",0.61080932092627,0.620706087554802,0.950422046953291,0.649224138511811,0.682690572783087
"003066","FONTANETO D'AGOGNA",0.598191116336287,0.606296699642205,0.949686949737343,0.636988212164056,0.671732516338866
"003068","GALLIATE",0.490707190534074,0.468016652101039,0.944745261465839,0.525900255332385,0.572438589347213
"003069","GARBAGNA NOVARESE",0.628664635103589,0.633366487418842,0.950143292321536,0.662928334367248,0.69484110747328
"003070","GARGALLO",0.628774660941742,0.648964070972116,0.956751239832546,0.670657553344491,0.702445740732052
"003073","GHEMME",0.589351983891343,0.596380516526252,0.946600396049277,0.628239664792846,0.663613079376894
"003076","GOZZANO",0.567785342652308,0.575833702079626,0.955501323039587,0.610178702433329,0.648547882500691
"003077","GRANOZZO CON MONTICELLO",0.645875573637929,0.667848110331432,0.948045211381622,0.685980178924375,0.715098515864069
"003079","GRIGNASCO",0.571503405387921,0.576985345334096,0.949070386955053,0.611726976520413,0.649209577679818
"003082","INVORIO",0.568290972950922,0.563932082062079,0.944992193019436,0.603999594057794,0.641887660609088
"003083","LANDIONA",0.67325896828635,0.728553718693643,0.961143489255629,0.72693005806656,0.752953772643123
"003084","LESA",0.581997985858736,0.573822549229254,0.944533764418396,0.614572617231435,0.651234966918876
"003088","MAGGIORA",0.618703051742465,0.630011079933816,0.946522542352933,0.656573613489619,0.688790161141099
"003090","MANDELLO VITTA",0.701905883984297,0.748210648119548,0.944280691150664,0.746980508561797,0.768902751071671
"003091","MARANO TICINO",0.635825363974963,0.658208273696147,0.955820204698351,0.677897157421835,0.708777496008114
"003093","MASSINO VISCONTI",0.642294254022441,0.659211465965125,0.947244734028061,0.680402047397211,0.710051234800639
"003095","MEINA",0.579510486795975,0.57540724224986,0.950299569952299,0.614742935065856,0.652027005608794
"003097","MEZZOMERICO",0.612327364853516,0.645631552390737,0.958894095208666,0.66197092228078,0.694962385939434
"003098","MIASINO",0.667186066800119,0.69066464393236,0.944067807187677,0.705439600548384,0.731953845730527
"003100","MOMO",0.616683452181385,0.629457122513914,0.947178977735201,0.655481156386404,0.68789202542516
"003103","NEBBIUNO",0.601474346235363,0.603845359116866,0.943171928603788,0.636711060268882,0.670762267861649
"003104","NIBBIOLA",0.66196897415672,0.68581743756055,0.952909035307293,0.701794788803501,0.729696371748367
"003106","NOVARA",0.355831043203675,0.29004280980968,0.907466941688457,0.381389928024856,0.439842929543033
"003108","OLEGGIO",0.499271568250429,0.483511437093495,0.950512164644017,0.537303568869167,0.583215635066373
"003109","OLEGGIO CASTELLO",0.589584869610771,0.583100108163909,0.948335389604977,0.622541778959104,0.658741069030867
"003112","ORTA SAN GIULIO",0.627833063684542,0.627265659777228,0.936344650568124,0.658428890614609,0.689308419498333
"003114","PARUZZARO",0.594395623529617,0.595448457633239,0.950208321814806,0.630450668704766,0.665979296828104
"003115","PELLA",0.651241665287147,0.672922817780612,0.968931221610836,0.692767139541575,0.723452037549271
"003116","PETTENASCO",0.605549198815071,0.600654533271599,0.940933604506323,0.636885039889634,0.670668213735933
"003119","PISANO",0.662361724005485,0.685169056547796,0.95161639372545,0.701550490621522,0.729335590966403
"003120","POGNO",0.671086312658148,0.715479128972091,0.967939300608423,0.72074837879445,0.74821403677378
"003121","POMBIA",0.60968929293701,0.623025387482666,0.948765620418694,0.649598168230724,0.682838996251609
"003122","PRATO SESIA",0.620078881173455,0.63513643574636,0.95539258941978,0.660386151555895,0.693164644651882
"003129","RECETTO",0.670342347967514,0.696733517184118,0.954773128117763,0.710661452130011,0.737784971684205
"003130","ROMAGNANO SESIA",0.579905121169246,0.584214655970386,0.9508082627311,0.618934725985945,0.655809563402073
"003131","ROMENTINO",0.558724962509372,0.554349950621449,0.949954876152146,0.595879198524084,0.635220940482758
"003133","SAN MAURIZIO D'OPAGLIO",0.61326898611459,0.633173596850529,0.964753746603917,0.657374536994695,0.691527782506831
"003134","SAN NAZZARO SESIA",0.680986833457255,0.714175755229306,0.950500007838004,0.722873165692753,0.748165037042225
"003135","SAN PIETRO MOSEZZO",0.623425734775506,0.638350967291987,0.953898926659402,0.663189408596312,0.695490466158878
"003138","SILLAVENGO",0.655574284255026,0.69568041330409,0.942892761255381,0.70235389002714,0.729080431274723
"003139","SIZZANO",0.644566223258159,0.666847012110149,0.955367778946952,0.685672733810434,0.715638849936714
"003140","SORISO",0.666554740776432,0.690449594274593,0.960201737132988,0.70667212448626,0.734842081447007
"003141","SOZZAGO",0.661308143325677,0.695063681808678,0.96518880642464,0.706886201952924,0.73558649133867
"003143","SUNO",0.587227732894012,0.588282202691372,0.944986170485144,0.623478088061937,0.659201208331182
"003144","TERDOBBIATE",0.683228767668883,0.740254655939417,0.967152995477103,0.737282840171445,0.762823968538741
"003146","TORNACO",0.666596147239866,0.698849653812251,0.96070344374303,0.710520954847756,0.738319009169453
"003149","TRECATE",0.489074119048687,0.468460098457607,0.945308744945272,0.52542127237236,0.572075435991572
"003153","VAPRIO D'AGOGNA",0.649232091593371,0.667405249341482,0.946598977029865,0.687146701123671,0.715974731779914
"003154","VARALLO POMBIA",0.579639313571734,0.591888765549876,0.95568610412421,0.622756246017146,0.659748452473486
"003158","VESPOLATE",0.626973429304694,0.64124174689065,0.945121896702313,0.665209018958136,0.6963104498186
"003159","VICOLUNGO",0.66166728356305,0.685568880786192,0.950781016481481,0.701334375605307,0.729050669035993
"003164","VINZAGLIO",0.658226443464729,0.695432910358619,0.941809639145217,0.703327673135028,0.729825669358382
"003166","GATTICO-VERUNO",0.547795882675358,0.539956514044174,0.946365403263031,0.584125118850092,0.624374039340419
"004001","ACCEGLIO",0.697945991297337,0.722587992111274,0.904154226541485,0.729655715188024,0.749044438671742
"004002","AISONE",0.758967580924196,0.810237422831852,0.946207825281251,0.800763034218347,0.816923566558669
"004003","ALBA",0.432906350978004,0.391082424700404,0.934997745456506,0.464294723600935,0.516595059362665
"004004","ALBARETTO DELLA TORRE",0.706988342760824,0.74576480441678,0.939199474069125,0.747658863636835,0.768941153684867
"004005","ALTO",0.791173698370532,0.859206134222884,0.9428628593288,0.836957210599917,0.848724504903126
"004006","ARGENTERA",0.808016457326607,0.878062451856787,0.937264373428132,0.852461946475341,0.861884438358984
"004007","ARGUELLO",0.724553888801438,0.777443724217063,0.949735361312094,0.770872461989535,0.790746117469819
"004008","BAGNASCO",0.664386876977739,0.691438164980919,0.946446474455389,0.704765916326935,0.731619311674541
"004009","BAGNOLO PIEMONTE",0.573981044562864,0.584797422973651,0.946720996213001,0.616122410012732,0.652855586257206
"004010","BALDISSERO D'ALBA",0.661951955634207,0.686849683919195,0.949316605504991,0.70189239834953,0.729383976922359
"004011","BARBARESCO",0.636241408789983,0.663363404819361,0.931631025012167,0.677985268625422,0.706168130446171
"004012","BARGE",0.554289437382391,0.557964921861609,0.940306358931265,0.594545097552927,0.632963015483853
"004013","BAROLO",0.667357488999828,0.680315752273246,0.943547811689861,0.700807739741869,0.727778858847202
"004014","BASTIA MONDOVÌ",0.669216876998421,0.722004342177553,0.952156357365655,0.721265184365754,0.746919759143521
"004015","BATTIFOLLO",0.780814747119883,0.856334771820898,0.953116780994463,0.832028961622798,0.845483163775205
"004016","BEINETTE",0.590950255915102,0.592497376429831,0.946419185736765,0.627193353128896,0.662662890085326
"004017","BELLINO",0.769969321552749,0.837402708790386,0.942204559137636,0.817537869568174,0.831389723964781
"004018","BELVEDERE LANGHE",0.742839883206467,0.786156763013923,0.937538900073161,0.781802380806492,0.799106438502788
"004019","BENE VAGIENNA",0.585534104664696,0.592065272491065,0.949237233160985,0.624843443036191,0.660887197494501
"004020","BENEVELLO",0.678341892104238,0.730491517857931,0.956507219007468,0.729625756383723,0.754834807786361
"004021","BERGOLO",0.8308075995885,0.917305934718355,0.939999320804496,0.880651022518535,0.887245277883641
"004022","BERNEZZO",0.563174836279508,0.553369724215699,0.942975506808644,0.596742602903708,0.635212925559812
"004023","BONVICINO",0.77740729958757,0.843461190303344,0.955480847636311,0.824938905214542,0.839443565483628
"004024","BORGOMALE",0.680931134116837,0.730125062503784,0.955860647789319,0.730561353258211,0.755594608206112
"004025","BORGO SAN DALMAZZO",0.494637306847597,0.46741415479051,0.937356836295244,0.526658841366672,0.572291951914291
"004026","BOSIA",0.755861478004311,0.826807142467236,0.955485981479812,0.807749477360177,0.824164644484581
"004027","BOSSOLASCO",0.660963440219427,0.709783940510337,0.949536463491462,0.71178996767754,0.738206244990198
"004028","BOVES",0.518331371058317,0.50315207698804,0.938343302396676,0.553501881860529,0.596262039697878
"004029","BRA",0.447989635027475,0.414608294142347,0.936391433582028,0.481808211484623,0.532317458384335
"004030","BRIAGLIA",0.695372831842508,0.725991721326047,0.945708992801782,0.734184948206028,0.757687619827778
"004031","BRIGA ALTA",0.751966032196918,0.765154454324141,0.90890124569518,0.773594343503995,0.78862844374746
"004032","BRONDELLO",0.7653913975007,0.830123813104954,0.946632459089626,0.812645090681507,0.827532576060187
"004033","BROSSASCO",0.678661899505797,0.723536466851069,0.950947217059841,0.726083986566574,0.751068789954715
"004034","BUSCA",0.522134970683296,0.512205153756963,0.940060370809985,0.559459093079115,0.6017481239381
"004035","CAMERANA",0.691369045757432,0.728958316183806,0.951903120168685,0.734337624890425,0.758511568810232
"004037","CANALE",0.570631224950488,0.576241735564324,0.948772022187359,0.610970034450402,0.648503588643397
"004038","CANOSIO",0.811907077141512,0.874957275602165,0.932612184471462,0.852350177181801,0.861268177991763
"004039","CAPRAUNA",0.79559384798049,0.856112188391147,0.928757005548147,0.836143416922051,0.846433815658284
"004040","CARAGLIO",0.54039334894473,0.531714185136081,0.939182610041154,0.57636665134048,0.616679535640555
"004041","CARAMAGNA PIEMONTE",0.606407286538157,0.622237736685147,0.952793654539141,0.648169625904401,0.68201674019715
"004042","CARDÈ",0.643233166130993,0.696806225308653,0.951393631987783,0.698157089346619,0.726294482973415
"004043","CARRÙ",0.577480771480604,0.582134164773252,0.944032093070252,0.616229930621261,0.652652393115593
"004044","CARTIGNANO",0.72590872596019,0.775649648797095,0.943777706923109,0.770079039333089,0.789378891287536
"004045","CASALGRASSO",0.612306621294383,0.651772394528005,0.948883002416954,0.66372385736177,0.695408206812346
"004046","CASTAGNITO",0.616484385445111,0.628398655448606,0.951321469550626,0.655329515357235,0.688217510267612
"004047","CASTELDELFINO",0.750594588959165,0.813803727944514,0.945766860489141,0.79855592865557,0.8149126988593
"004049","CASTELLETTO STURA",0.639407673083537,0.653662811837407,0.940394740531556,0.67592119226758,0.705307142074689
"004050","CASTELLETTO UZZONE",0.763539188565591,0.829741642547265,0.954255026497094,0.812401876650495,0.828163337744561
"004051","CASTELLINALDO D'ALBA",0.674710168289792,0.707566385350067,0.947711004959074,0.716795549633844,0.742452822447759
"004052","CASTELLINO TANARO",0.766166395300186,0.834311077329102,0.959581232599852,0.816172985943165,0.832107235571686
"004053","CASTELMAGNO",0.830475464220384,0.916713779127044,0.922356959733831,0.878470855479726,0.883347089285738
"004054","CASTELNUOVO DI CEVA",0.787141856602856,0.868746881559543,0.968377859756418,0.841987718148722,0.856031067216243
"004055","CASTIGLIONE FALLETTO",0.659730186738925,0.680953564948245,0.948828948423217,0.698190583101548,0.726039290359511
"004056","CASTIGLIONE TINELLA",0.683522825017001,0.722283156496908,0.936747463800219,0.726287438061281,0.749671885365607
"004057","CASTINO",0.67840519900803,0.728521907398543,0.94297721186761,0.727414919069719,0.751366284936151
"004058","CAVALLERLEONE",0.699900246343069,0.744894586455619,0.954014781236779,0.745559152883087,0.768720889366831
"004059","CAVALLERMAGGIORE",0.559506560664853,0.559208201171311,0.947280097363829,0.598149652562657,0.636941924207231
"004060","CELLE DI MACRA",0.763506532250346,0.818510616180598,0.948975084341814,0.806805225228106,0.822601876240741
"004061","CENTALLO",0.552720954856948,0.556043157489778,0.948439938597589,0.593787844415786,0.633193632658208
"004062","CERESOLE ALBA",0.629233207618202,0.652334779404514,0.952377573458517,0.671943351506074,0.70310270950079
"004063","CERRETTO LANGHE",0.688741286598854,0.746089009325412,0.954137882693653,0.741087421435285,0.764759694908437
"004064","CERVASCA",0.549352109340071,0.539762418725653,0.943585454573947,0.584460083086971,0.624362902141079
"004065","CERVERE",0.629118705713232,0.646510980749529,0.951291598239291,0.669162518732171,0.700510194232962
"004066","CEVA",0.553717956182044,0.552029344334919,0.945600055852169,0.59214629081785,0.631418931377219
"004067","CHERASCO",0.519226595131376,0.506523175512482,0.951112459219355,0.556698642711672,0.600522400101414
"004068","CHIUSA DI PESIO",0.592062299814929,0.601403175343857,0.944718848750294,0.631531348696483,0.666329959813573
"004069","CIGLIÈ",0.735979238853393,0.794687098246223,0.953894673446841,0.784189319039512,0.803045469529215
"004070","CISSONE",0.80762074875466,0.876969814251493,0.93248164254457,0.851313917607226,0.860332553711375
"004071","CLAVESANA",0.680685570091574,0.724768159825307,0.953091712416013,0.727763349704198,0.752799834449955
"004072","CORNELIANO D'ALBA",0.616833945134859,0.631365368788909,0.949352010632551,0.656624892328951,0.689150127696017
"004073","CORTEMILIA",0.606876625107865,0.618586912327936,0.939163990474163,0.645374990893527,0.678018213069153
"004074","COSSANO BELBO",0.650114852214295,0.699158575535317,0.948122761034105,0.701985318590736,0.729333923306666
"004075","COSTIGLIOLE SALUZZO",0.598584487710101,0.618278221707014,0.949383998901552,0.642526619127857,0.676621883547156
"004076","CRAVANZANA",0.692960722030395,0.748541426190844,0.949366197673545,0.743612586466912,0.766474098823204
"004077","CRISSOLO",0.730839912753618,0.776335699253136,0.922709756411421,0.770500001044181,0.787412196084985
"004078","CUNEO",0.390227010523376,0.332857894429632,0.916599996085917,0.417048206837445,0.472553961198386
"004079","DEMONTE",0.625204246448538,0.647877260576402,0.943083392323166,0.66719501739354,0.697849281274609
"004080","DIANO D'ALBA",0.573422145209154,0.573281027476144,0.948924871715479,0.610908914879932,0.648466243417215
"004081","DOGLIANI",0.569879616624513,0.570016834014484,0.937881183348348,0.606741521122384,0.643534816925268
"004082","DRONERO",0.539216532706385,0.533852370781563,0.937685338501655,0.576649540419742,0.61676462909551
"004083","ELVA",0.786007840521137,0.854689346472419,0.930323849089602,0.831346119056061,0.842343644615343
"004084","ENTRACQUE",0.673984400701264,0.705197050267646,0.941435585391446,0.714775211475154,0.739959697465853
"004085","ENVIE",0.635023102626468,0.661557470727262,0.940397681253676,0.677501026134546,0.706711765592227
"004086","FARIGLIANO",0.635587909344369,0.660964767135794,0.946887293481395,0.678137433764213,0.707998529288344
"004087","FAULE",0.687598613411349,0.743048904403707,0.964192073142603,0.740210590331035,0.765097421754543
"004088","FEISOGLIO",0.699996937224905,0.753175383982714,0.950512574998708,0.748978802043299,0.771371443482789
"004089","FOSSANO",0.461391888319241,0.433734388864602,0.939988731488443,0.496805697881574,0.546048257171226
"004090","FRABOSA SOPRANA",0.669295379773048,0.693809166416206,0.937915729595297,0.707188618744694,0.732824964394761
"004091","FRABOSA SOTTANA",0.63401160415968,0.644197716593431,0.934657617289197,0.66865995606782,0.698215251759084
"004092","FRASSINO",0.709072617988937,0.764932764098797,0.940217480019936,0.757324169941474,0.777645648839081
"004093","GAIOLA",0.648662231700896,0.682212589512763,0.941795235063499,0.693073193052496,0.720708975498163
"004094","GAMBASCA",0.700671992805863,0.760133892423188,0.952254741475005,0.752588122500573,0.774773302386621
"004095","GARESSIO",0.60345012435398,0.614825557015249,0.943836528957809,0.642607709511934,0.676077578339253
"004096","GENOLA",0.604854778460511,0.620641202584592,0.948526744594873,0.646325865929783,0.679903741337016
"004097","GORZEGNO",0.762976333317454,0.823067822119268,0.950685424916123,0.808788412438137,0.824554747157914
"004098","GOTTASECCA",0.746269696326369,0.790247738966036,0.935409543789242,0.784973800260506,0.80168888287481
"004099","GOVONE",0.601273880436105,0.608570149431867,0.946387382491656,0.639068551689753,0.67321508844552
"004100","GRINZANE CAVOUR",0.61415769246821,0.627204037366408,0.953722536029686,0.653985032028547,0.687289199139784
"004101","GUARENE",0.574187821457077,0.574922090535183,0.952754876975795,0.612374948094097,0.650194940192063
"004102","IGLIANO",0.846173470083564,0.938188939243967,0.953031744120779,0.898266258609467,0.904351312555168
"004103","ISASCA",0.874386197915481,1,0.987737104490331,0.942247499511,0.947301900064259
"004104","LAGNASCO",0.649622866519255,0.677449473025179,0.941898838929166,0.691372436687912,0.719208703603607
"004105","LA MORRA",0.580813302474409,0.578443687108753,0.935738283707652,0.615239473683189,0.650850452574795
"004106","LEQUIO BERRIA",0.679724872913193,0.72620256816501,0.944704954788063,0.727137843963997,0.751311967388894
"004107","LEQUIO TANARO",0.64858005889126,0.690773484974454,0.946482921338623,0.697357386873434,0.72503800181401
"004108","LESEGNO",0.649094848646489,0.696943300624831,0.949549019044288,0.700672069076523,0.728325063517386
"004109","LEVICE",0.785100009862456,0.857940872700215,0.956837717386308,0.835052168891833,0.84858389650233
"004110","LIMONE PIEMONTE",0.617489063558467,0.618511663112311,0.934779573034301,0.64967828430528,0.681356205275172
"004111","LISIO",0.723736584036823,0.782584252216764,0.942833261608901,0.772127702475004,0.791094986823215
"004112","MACRA",0.85784634345754,0.951159400949388,0.94852011059735,0.908904596042852,0.913306319882241
"004113","MAGLIANO ALFIERI",0.622405490781449,0.634082090636093,0.953207916989267,0.660740203336821,0.693236615964871
"004114","MAGLIANO ALPI",0.619673281713428,0.637455466714347,0.944715184698047,0.660179455262303,0.691794536310719
"004115","MANGO",0.666257135627277,0.702619926105379,0.937507564004146,0.70974543418011,0.735052337493891
"004116","MANTA",0.568842553663456,0.565684397627706,0.944835799934688,0.605020708074492,0.642777940503403
"004117","MARENE",0.594646432230804,0.605963841303464,0.951124905818925,0.635387113672313,0.670469090577492
"004118","MARGARITA",0.613004888852093,0.654579543432525,0.950173033735697,0.665430297901648,0.697068379660986
"004119","MARMORA",0.830870616207922,0.903993968204517,0.947086028047723,0.87539766579037,0.88336303937452
"004120","MARSAGLIA",0.742882947605078,0.806725499475999,0.952216658599525,0.792545467046437,0.810286710552336
"004121","MARTINIANA PO",0.659359656428092,0.714418091620154,0.946238090946626,0.712823795716373,0.738758717408623
"004122","MELLE",0.758001919714575,0.813540961934353,0.943042909094587,0.801498587651476,0.817225734478488
"004123","MOIOLA",0.71387411140917,0.772052371201575,0.946981792618702,0.763365096436706,0.783766951568039
"004124","MOMBARCARO",0.710019120586602,0.763700001286901,0.941361998790173,0.757309804722094,0.777760048507436
"004125","MOMBASIGLIO",0.689518191326058,0.727616650022124,0.949038075115337,0.732614486118215,0.75666155156234
"004126","MONASTERO DI VASCO",0.624254965866505,0.632337840984191,0.940688609017895,0.659535623984603,0.690774844543857
"004127","MONASTEROLO CASOTTO",0.852160864600586,0.964909800191505,0.968181190266522,0.914499918183093,0.920464503970141
"004128","MONASTEROLO DI SAVIGLIANO",0.645916770047628,0.665636992316843,0.949742133574954,0.685173406421507,0.714569931660779
"004129","MONCHIERO",0.700415266667981,0.748671447684906,0.951190065718952,0.747208028030694,0.769872698884945
"004130","MONDOVÌ",0.457356092710621,0.421670065305192,0.934042647578241,0.48896603586494,0.538418992721974
"004131","MONESIGLIO",0.664625520203729,0.709205373559516,0.949383865710664,0.713162288764527,0.739409130647431
"004132","MONFORTE D'ALBA",0.602477188508945,0.607710649178089,0.933690304591496,0.637953557418315,0.670813195993113
"004133","MONTÀ",0.572039079066888,0.576462496520744,0.947456551243269,0.611571364138761,0.648891940483706
"004134","MONTALDO DI MONDOVÌ",0.694464787577971,0.737111117508022,0.938798304037673,0.738088987692464,0.760390022841932
"004135","MONTALDO ROERO",0.650698821371202,0.701483630207637,0.955417459313964,0.704023849141874,0.731956472494329
"004136","MONTANERA",0.65207333510248,0.695453728052925,0.953014313198759,0.701688609739809,0.729613687901914
"004137","MONTELUPO ALBESE",0.720590114195144,0.752226279840937,0.947510844367083,0.757518461752945,0.778628726487849
"004138","MONTEMALE DI CUNEO",0.718218630076906,0.776612944648978,0.950020779031164,0.767676286529764,0.787936785696586
"004139","MONTEROSSO GRANA",0.668322546949518,0.710185238402247,0.939434709839183,0.714271974392212,0.739290056108542
"004140","MONTEU ROERO",0.635346408539935,0.652568475349509,0.942318194708287,0.673793517221078,0.703629592497435
"004141","MONTEZEMOLO",0.771390526735403,0.83239004330162,0.953596568402061,0.817060913356866,0.832231541695221
"004142","MONTICELLO D'ALBA",0.61134541826646,0.623248713841455,0.949144407655071,0.650481800214069,0.68366653437418
"004143","MORETTA",0.587057826616087,0.597347182549055,0.95377428269612,0.628359682393926,0.664516860205281
"004144","MOROZZO",0.633964024601598,0.653153117410933,0.94714868455285,0.673917582360924,0.704276593715582
"004145","MURAZZANO",0.642737559493013,0.682648042637567,0.939304468173248,0.690353967776086,0.718015134486881
"004146","MURELLO",0.688378499179751,0.736707169086506,0.958555815290046,0.73714413224882,0.761745430364512
"004147","NARZOLE",0.596523675566639,0.609588088870279,0.951598178628451,0.637910111859459,0.672764341500458
"004148","NEIVE",0.592973311753819,0.597246361167606,0.943066792810565,0.629905532095697,0.664701227730683
"004149","NEVIGLIE",0.680834041828129,0.722883038187284,0.925355133554342,0.72420819936237,0.746557858717034
"004150","NIELLA BELBO",0.753639544329143,0.81021624579562,0.948714930053803,0.798606598561524,0.815285302060666
"004151","NIELLA TANARO",0.670846978346838,0.706188258120525,0.950446805977988,0.714710537008112,0.740903455782543
"004152","NOVELLO",0.659459253012116,0.681318290428482,0.940133212524553,0.697363215800724,0.72433765988115
"004153","NUCETTO",0.676213584700043,0.72473292307625,0.950460199303617,0.725471948429693,0.75047064297124
"004154","ONCINO",0.803337313939039,0.869618006678626,0.937432432519616,0.846573137529911,0.85666861475099
"004155","ORMEA",0.628258310862254,0.651191191688547,0.931523692207192,0.66890464536858,0.698084539461759
"004156","OSTANA",0.736267542442755,0.757542870871396,0.926655893905066,0.764880275381875,0.782855344106674
"004157","PAESANA",0.623224276339443,0.649796096078161,0.949101387949148,0.667769306382836,0.699028426556871
"004158","PAGNO",0.681064689721137,0.704550496084892,0.933418918998151,0.716868725512528,0.740929858122042
"004159","PAMPARATO",0.766577157901188,0.829013335578075,0.948346053389889,0.812850327404657,0.827905408069683
"004160","PAROLDO",0.721118460303994,0.772359370645726,0.953147435742621,0.767379767501636,0.788020619528413
"004161","PERLETTO",0.770900224463466,0.838088762472715,0.957235113808077,0.819768555502089,0.835042617536088
"004162","PERLO",0.769805858818191,0.842129442173483,0.955770349356177,0.820947920381871,0.835928190267905
"004163","PEVERAGNO",0.550610719728508,0.54407754342201,0.940323226978094,0.586642041115543,0.625939950655826
"004164","PEZZOLO VALLE UZZONE",0.71348605976697,0.771982465687839,0.94731025685703,0.763191862140367,0.78364946155333
"004165","PIANFEI",0.616055004899568,0.632230776034097,0.94868928713044,0.656597530133193,0.689052169799554
"004166","PIASCO",0.608600745388634,0.626560893189356,0.950390293935016,0.650861766753597,0.684142714218199
"004167","PIETRAPORZIO",0.821720352568588,0.898571890848613,0.94629831744655,0.868761341282395,0.87737656085619
"004168","PIOBESI D'ALBA",0.625119708454433,0.631313169473736,0.954432455717115,0.660838040639388,0.693459642314691
"004169","PIOZZO",0.669431502314445,0.700848453912045,0.94946304952182,0.711572285254102,0.73800459239496
"004170","POCAPAGLIA",0.581445982925253,0.580341888544874,0.95028036349549,0.617832578511106,0.654771221287149
"004171","POLONGHERA",0.641916169890911,0.692939708720956,0.960891041035175,0.696774249478858,0.726120559651782
"004172","PONTECHIANALE",0.724769125575701,0.774618351927204,0.922318758638514,0.766956240740159,0.784218742728865
"004173","PRADLEVES",0.723151304418081,0.785670190803543,0.94625545505879,0.77359521835561,0.792779689100408
"004174","PRAZZO",0.771358653717962,0.82612425069013,0.925525477724458,0.811419854756087,0.824098257308129
"004175","PRIERO",0.704937005161286,0.747943823565141,0.950989471655326,0.748895320092425,0.771350225821636
"004176","PRIOCCA",0.617662641410176,0.633380485861536,0.947936528846631,0.657763060156934,0.690004556678011
"004177","PRIOLA",0.690576794223366,0.735633137721812,0.947513943215315,0.736545863696862,0.759986761421135
"004178","PRUNETTO",0.731281916254857,0.770829920834944,0.937285545297624,0.769678881220173,0.788301843895445
"004179","RACCONIGI",0.527099054321052,0.518617366375023,0.944836332445157,0.565056022557749,0.607253834767461
"004180","REVELLO",0.578722645198368,0.588682842418611,0.943302729796466,0.619662742407287,0.655622741006085
"004181","RIFREDDO",0.633756095651233,0.679875334894507,0.942908155970994,0.685424959342682,0.714034203412495
"004182","RITTANA",0.799275318575957,0.871418446023234,0.952808164789902,0.847093010548626,0.858839138797657
"004183","ROASCHIA",0.817796078336683,0.903462802385034,0.937106918263959,0.868277188151168,0.875924935941478
"004184","ROASCIO",0.781325920220183,0.813535566429025,0.927372735895913,0.810424942581735,0.823419141838866
"004185","ROBILANTE",0.626002024031294,0.642316893813379,0.947225026791104,0.665466015709213,0.69677257249609
"004186","ROBURENT",0.703305829106281,0.744402115175909,0.937763599682838,0.745244934895269,0.766635897649444
"004187","ROCCABRUNA",0.626275234790507,0.638599565169803,0.940402063928097,0.66323386637495,0.694030332769744
"004188","ROCCA CIGLIÈ",0.765608623357785,0.836466182426292,0.947830192938777,0.815716681896712,0.830395960901386
"004189","ROCCA DE' BALDI",0.609589370910857,0.652023745165109,0.951271914178713,0.662853093652056,0.694899629266129
"004190","ROCCAFORTE MONDOVÌ",0.622068585138154,0.64249653103585,0.943102485832167,0.663364550861519,0.694446543636035
"004191","ROCCASPARVERA",0.673593784866692,0.698453782061687,0.947271267275654,0.712148531845336,0.738273280226482
"004192","ROCCAVIONE",0.61252392739784,0.628670327295401,0.945100240840821,0.653047438696041,0.685497750045461
"004193","ROCCHETTA BELBO",0.778739316761811,0.839273560076764,0.93831539046576,0.821937333623935,0.834868228828582
"004194","RODDI",0.606590829426802,0.607129409940307,0.96305442410609,0.642479550125808,0.678098980568062
"004195","RODDINO",0.677905164716533,0.729217005709008,0.943048350799736,0.727509811771467,0.751458538330163
"004196","RODELLO",0.645916171685134,0.664481742346672,0.952532791519252,0.684932340466238,0.714665723916573
"004197","ROSSANA",0.641419309049537,0.688666841325079,0.9479623146482,0.693334999133397,0.721626923079487
"004198","RUFFIA",0.733312874358381,0.795842650548279,0.963496492727176,0.784469635480715,0.804361508508099
"004199","SALE DELLE LANGHE",0.689352861596816,0.718720703685763,0.939447002415566,0.727577804618717,0.751118826596145
"004200","SALE SAN GIOVANNI",0.724101585230275,0.769064298174792,0.948389268356552,0.766763574367935,0.786944207033337
"004201","SALICETO",0.64934241595156,0.663461276560554,0.944218330085787,0.68518349463903,0.713965143022003
"004202","SALMOUR",0.681687089157692,0.719112364969715,0.945221112693184,0.724881865626651,0.749364004189599
"004203","SALUZZO",0.468607806062725,0.437635148934662,0.934432245555842,0.501252554304408,0.549383631110123
"004204","SAMBUCO",0.821561777022501,0.906104678417853,0.944298676388308,0.87187977258699,0.879926317453803
"004205","SAMPEYRE",0.656640348969269,0.68260657851484,0.927973026824546,0.695458420050303,0.721293376358553
"004206","SAN BENEDETTO BELBO",0.771214098859508,0.825394097365749,0.938699930239608,0.812343681325327,0.826383264538025
"004207","SAN DAMIANO MACRA",0.711670353237754,0.756394920460571,0.937634277062322,0.754392800870478,0.774752964891794
"004208","SANFRÈ",0.607164645284854,0.623778891103078,0.957663129069393,0.649690904281509,0.683910040369052
"004209","SANFRONT",0.628761891885224,0.661380103286678,0.950780112456635,0.67564190907302,0.706212820560088
"004210","SAN MICHELE MONDOVÌ",0.638306847931191,0.66348528797664,0.9510246125467,0.680908922413194,0.710921776872473
"004211","SANT'ALBANO STURA",0.613174012843478,0.620011408805391,0.943424061674141,0.649275845909405,0.681958980994376
"004212","SANTA VITTORIA D'ALBA",0.595719476006902,0.60578758063813,0.946944703233313,0.635372645813596,0.669991763304675
"004213","SANTO STEFANO BELBO",0.590157932928293,0.603725594250062,0.944471160534408,0.6316947032837,0.666447642978224
"004214","SANTO STEFANO ROERO",0.640612313690678,0.661644504056103,0.941994285972394,0.68021499658329,0.709301584293191
"004215","SAVIGLIANO",0.457276096280536,0.420541519313097,0.932695088858036,0.488287435902939,0.53766606400906
"004216","SCAGNELLO",0.767015196652387,0.812791022559591,0.933638614711557,0.804276660116546,0.818650210627103
"004217","SCARNAFIGI",0.633813724247071,0.659205942542726,0.951648974850131,0.677023747540422,0.707537661685945
"004218","SERRALUNGA D'ALBA",0.677169974124978,0.731084297341753,0.960241986431212,0.72973862080315,0.755350105872935
"004219","SERRAVALLE LANGHE",0.744180258443668,0.795713266021858,0.952804612086852,0.788232547218172,0.806518332203581
"004220","SINIO",0.656038686109181,0.688212854492473,0.936139534252022,0.698527146695946,0.724928523091066
"004221","SOMANO",0.750917744670555,0.807775099056657,0.939300075847971,0.795341787262043,0.811337152660479
"004222","SOMMARIVA DEL BOSCO",0.561461963379842,0.564599047991166,0.950659268525674,0.601793381969521,0.640556258253538
"004223","SOMMARIVA PERNO",0.595555814015291,0.601904149329214,0.947501278727242,0.633607111377751,0.66848424108325
"004224","STROPPO",0.772538868726433,0.801302910633572,0.909117570410172,0.79914055775302,0.811360225826037
"004225","TARANTASCA",0.61667438528872,0.631627562850518,0.94499295486351,0.656235172149008,0.688319370228397
"004226","TORRE BORMIDA",0.773305265555944,0.829113700616828,0.940345616340694,0.815123096411817,0.829036709737248
"004227","TORRE MONDOVÌ",0.679252231758383,0.731279630659707,0.949305898284639,0.729669927916605,0.754073924624164
"004228","TORRE SAN GIORGIO",0.646549436570762,0.686207576219701,0.953151033307261,0.695055759086434,0.723733011777637
"004229","TORRESINA",0.85765305729526,0.960273078606493,0.959149080445854,0.913981669200374,0.919000270449872
"004230","TREISO",0.663956640074428,0.681523729474763,0.945202434393171,0.699986409736453,0.727232634698311
"004231","TREZZO TINELLA",0.708040583922959,0.758742401740443,0.951500025383535,0.755202346086885,0.777013199342068
"004232","TRINITÀ",0.616856103273363,0.631898903499054,0.948246695529073,0.656764422600495,0.689151341814782
"004233","VALDIERI",0.634171100431973,0.674351790605223,0.943771729482835,0.683212473915022,0.712163502311445
"004234","VALGRANA",0.634419637492417,0.670323168448309,0.93391728709669,0.680525991382996,0.708680579795628
"004235","VALLORIATE",0.765120795114439,0.826458124993844,0.938888433478263,0.810099357396553,0.824409254738966
"004237","VENASCA",0.611700134959101,0.650962159095903,0.940021481828788,0.662200180507631,0.693069213987759
"004238","VERDUNO",0.670299318373389,0.681670346005791,0.940400183989591,0.70242636736959,0.72886790254959
"004239","VERNANTE",0.63119161156123,0.677730699799969,0.950487722439167,0.684063812356456,0.713666469032313
"004240","VERZUOLO",0.548890096071446,0.547248878099403,0.940866991338834,0.587349237510765,0.626628987936106
"004241","VEZZA D'ALBA",0.607712252603184,0.621259140511639,0.95015297129723,0.648052424031394,0.681619151505375
"004242","VICOFORTE",0.562904873516088,0.546988985482836,0.93640399625902,0.593092636175418,0.631238342851374
"004243","VIGNOLO",0.578371834456279,0.56851137037318,0.947295152895746,0.610826957462831,0.648212312510933
"004244","VILLAFALLETTO",0.617395348432504,0.637278757297309,0.945021889002564,0.659105536478672,0.690874020092438
"004245","VILLANOVA MONDOVÌ",0.550381712526561,0.546316164822936,0.942728544253058,0.587786899232579,0.62722485979041
"004246","VILLANOVA SOLARO",0.664169848159097,0.721618787291111,0.954070146476376,0.719011900600231,0.745129483475359
"004247","VILLAR SAN COSTANZO",0.629499197982579,0.65040876565494,0.94241426372733,0.670200010009616,0.700446038200474
"004248","VINADIO",0.697851755144821,0.748027726245742,0.955887352167524,0.746234501842505,0.76952926298973
"004249","VIOLA",0.699531917427747,0.753584588508127,0.945554201322668,0.74845784780341,0.770357442638883
"004250","VOTTIGNASCO",0.688080648551153,0.749399224790798,0.957439076982453,0.742609850702123,0.766479764733271
"005001","AGLIANO TERME",0.640656130507387,0.666777097242481,0.945796226825785,0.682924575170019,0.712132536465104
"005002","ALBUGNANO",0.671190685850785,0.684599861997213,0.924204133500628,0.702526159881662,0.727157045839325
"005003","ANTIGNANO",0.650264485895611,0.668999434517862,0.941782668792759,0.687847031065338,0.716062101923941
"005004","ARAMENGO",0.650712996524145,0.68537446723015,0.932839872898706,0.694523345979304,0.721002960081459
"005005","ASTI",0.388035599843476,0.339177185866751,0.915396568673933,0.418785410436996,0.473964428018878
"005006","AZZANO D'ASTI",0.671852248349874,0.713409661616022,0.952092011669802,0.718577060651634,0.744523166320319
"005007","BALDICHIERI D'ASTI",0.630781776500577,0.672720942828011,0.946995115417903,0.681275735239655,0.710800110815016
"005008","BELVEGLIO",0.680610152450786,0.718960780866298,0.931036306995727,0.72291055069226,0.746035634725979
"005009","BERZANO DI SAN PIETRO",0.667564466111644,0.70175543754272,0.931941759826049,0.709388132627068,0.734116313426955
"005010","BRUNO",0.737464775662198,0.777832351153834,0.946294133839713,0.776513120451186,0.795377677494355
"005011","BUBBIO",0.676674742888441,0.708361855033921,0.943870852507952,0.717653554315858,0.742788809670535
"005012","BUTTIGLIERA D'ASTI",0.603485470732109,0.615604193807332,0.947264322976401,0.643316781340389,0.677088730411057
"005013","CALAMANDRANA",0.622285901476549,0.634473971970887,0.941046436024621,0.659646586653808,0.690913236583898
"005014","CALLIANO",0.664975383153841,0.698362532075125,0.947709757786608,0.708273037631696,0.734877117648908
"005015","CALOSSO",0.655880725773344,0.688825359483608,0.944530340663083,0.699570772431937,0.726788502235397
"005016","CAMERANO CASASCO",0.682706510130021,0.729479094484918,0.941910689176702,0.729674590994393,0.753256379681316
"005017","CANELLI",0.52709167724859,0.525619480645075,0.947756816543117,0.568495702706461,0.610635826466089
"005018","CANTARANA",0.658801948442851,0.683473380965818,0.952266698662322,0.699250568100133,0.727363471495932
"005019","CAPRIGLIO",0.700582952243694,0.750189964291949,0.938164362771148,0.746664248718155,0.767942039168487
"005020","CASORZO",0.690861163535315,0.732872780691318,0.943977762324301,0.735078051134415,0.758289130155513
"005021","CASSINASCO",0.724802000398663,0.767815370658573,0.939479575356793,0.765625774511435,0.784942863494253
"005022","CASTAGNOLE DELLE LANZE",0.58149002980058,0.590005862711145,0.942170790381654,0.621390230668442,0.657032515081021
"005023","CASTAGNOLE MONFERRATO",0.62486725277007,0.666426965964875,0.943479545708066,0.675430353001532,0.705213596635591
"005024","CASTEL BOGLIONE",0.669770732520552,0.72586289516094,0.937181615520352,0.721753294008707,0.745689774176667
"005025","CASTELL'ALFERO",0.59380781999262,0.599029299255166,0.946386555304821,0.631415359191986,0.666412158760079
"005026","CASTELLERO",0.671259104539045,0.701988558383833,0.951020201364886,0.713063468451784,0.739503105442128
"005027","CASTELLETTO MOLINA",0.799636007695039,0.876488161646385,0.950979721306053,0.849353848334246,0.86064561199778
"005028","CASTELLO DI ANNONE",0.637621679769516,0.656234703455824,0.943361439539235,0.676571516405327,0.706214841197983
"005029","CASTELNUOVO BELBO",0.645804242854144,0.689860312841727,0.941876024754669,0.695236652538609,0.722641027229282
"005030","CASTELNUOVO CALCEA",0.682580163968072,0.720914109936503,0.945542213032763,0.726126644560335,0.750506152168382
"005031","CASTELNUOVO DON BOSCO",0.595077279057899,0.606578460998724,0.946545066147586,0.635399589640239,0.669971309252167
"005032","CASTEL ROCCHERO",0.684566151484235,0.729180047795232,0.948227543370991,0.731008544012859,0.755143988385985
"005033","CELLARENGO",0.686305453073023,0.720253055287471,0.948875467376406,0.727838875499863,0.752398496819479
"005034","CELLE ENOMONDO",0.698326459555284,0.758660907198131,0.964979097052325,0.752142224744269,0.775790766111831
"005035","CERRETO D'ASTI",0.700555591151146,0.739516538585897,0.926011195848147,0.740633577966484,0.761231091064446
"005036","CERRO TANARO",0.661411572759693,0.708125133763767,0.952485127735112,0.711540030709068,0.738311708156406
"005037","CESSOLE",0.700164999720244,0.756701179878255,0.942250124621864,0.749814793281511,0.771196496763773
"005038","CHIUSANO D'ASTI",0.681056538532373,0.709922945430169,0.934942548421013,0.719435022625245,0.743380303269219
"005039","CINAGLIO",0.690975536002992,0.74331331306966,0.952039458864143,0.740633927969108,0.76412343140189
"005040","CISTERNA D'ASTI",0.618040075579823,0.656934067986703,0.94140943311958,0.667879307916895,0.698271544050527
"005041","COAZZOLO",0.74756124869687,0.78960982003505,0.940960678054404,0.785823048734805,0.803060563103649
"005042","COCCONATO",0.635640913619367,0.654245267329392,0.941982796365562,0.674647061063498,0.704351031652616
"005044","CORSIONE",0.753254964974289,0.784366714043041,0.931940055620391,0.785123761119838,0.80143668273101
"005045","CORTANDONE",0.690555391951214,0.729440547551307,0.944591355683397,0.733457308344474,0.756916646937688
"005046","CORTANZE",0.707621733028992,0.754704299012214,0.944978833594713,0.752544597778014,0.773926179535425
"005047","CORTAZZONE",0.655197539539813,0.693316818867203,0.946611607428073,0.701492622025965,0.728728064848421
"005048","CORTIGLIONE",0.714092479554647,0.740797239756429,0.941319879137193,0.748832361603703,0.770219863551869
"005049","COSSOMBRATO",0.681619780868399,0.702024637643583,0.940868549509217,0.716726843281314,0.741631477306636
"005050","COSTIGLIOLE D'ASTI",0.556353139419586,0.560947851521888,0.941362585913513,0.596921704515014,0.635192913559292
"005051","CUNICO",0.729816260566814,0.768511149089496,0.943887489391953,0.768636083284535,0.788108461740914
"005052","DUSINO SAN MICHELE",0.65994959025033,0.683864878148516,0.945049113412707,0.699221422120752,0.72653561004208
"005053","FERRERE",0.646505022875422,0.676507975474208,0.954218537826577,0.690777703039991,0.720048906905168
"005054","FONTANILE",0.696871945120765,0.736440731110344,0.935703758073299,0.738561080111329,0.760465822107103
"005055","FRINCO",0.683597131606815,0.713472800606976,0.947276376772754,0.723409107173481,0.748283248240067
"005056","GRANA",0.706350788703769,0.752487663600294,0.948102218286449,0.751287525365473,0.773155824578915
"005057","GRAZZANO BADOGLIO",0.679055039807504,0.695725635820634,0.940095562864257,0.712660860319088,0.737931382824107
"005058","INCISA SCAPACCINO",0.622255277719852,0.641133210649467,0.945466069527485,0.663071426718942,0.694448609253225
"005059","ISOLA D'ASTI",0.631481159348972,0.652284875203621,0.948507967268346,0.672545512275502,0.703208007274706
"005060","LOAZZOLO",0.740830828378144,0.779964994182857,0.925506705686031,0.776908790721054,0.793419670161607
"005061","MARANZANA",0.696176925543042,0.745138744704271,0.931188185055471,0.741710870116838,0.76276390511002
"005062","MARETTO",0.681743228224209,0.686051105006187,0.932696337752695,0.708777083728948,0.733657000842697
"005063","MOASCA",0.697534403762487,0.738151465886642,0.949929582160728,0.741051599558181,0.764260264291797
"005064","MOMBALDONE",0.72756750269609,0.788781761745592,0.943297110606298,0.776686880059386,0.795199127897932
"005065","MOMBARUZZO",0.63820132859962,0.683813099376958,0.940432277742312,0.688949720363692,0.716892226739094
"005066","MOMBERCELLI",0.636903959229728,0.665979914004231,0.948602926467411,0.681158035602022,0.710874134587065
"005067","MONALE",0.631507658026776,0.670726497721228,0.949951942968199,0.681000564383422,0.710884050892841
"005068","MONASTERO BORMIDA",0.662001164874967,0.683299739282607,0.936880137738573,0.699073420644766,0.725496389210744
"005069","MONCALVO",0.590716311037411,0.592629935022735,0.936924385301938,0.62619824925726,0.660723375484446
"005070","MONCUCCO TORINESE",0.655066080315792,0.672767017730074,0.948673593581601,0.692392253478799,0.720867957934666
"005071","MONGARDINO",0.653470710277605,0.67993690810386,0.950213772144174,0.695054805486076,0.723405801781421
"005072","MONTABONE",0.70944140425004,0.770117676455624,0.941639845468946,0.759965570864443,0.780151601376055
"005073","MONTAFIA",0.646803675879297,0.665230762537692,0.939140723241117,0.684329569611757,0.712641920015019
"005074","MONTALDO SCARAMPI",0.652226377459994,0.698184597457798,0.948304187211053,0.702515357434111,0.729825227409327
"005075","MONTECHIARO D'ASTI",0.659408821013545,0.690707394208156,0.951345045416821,0.702686801391448,0.730315495172045
"005076","MONTEGROSSO D'ASTI",0.611473876902393,0.628429178974036,0.946722301408227,0.652628605285216,0.685305682632217
"005077","MONTEMAGNO",0.624759870079891,0.664291200443436,0.94162477747228,0.674235459482725,0.703945383703787
"005079","MORANSENGO",0.768337637451291,0.818404933865941,0.93675057997084,0.807709215089839,0.822047144521061
"005080","NIZZA MONFERRATO",0.516268119875879,0.505203460431561,0.9423049483969,0.553892705978038,0.597049621802356
"005081","OLMO GENTILE",0.852117467164182,0.956679693319544,0.957742735769602,0.909732995794637,0.915067411347411
"005082","PASSERANO MARMORITO",0.678793485931226,0.699295514473535,0.927978716532499,0.712937921835393,0.736831343468404
"005083","PENANGO",0.703379669654842,0.743152428512834,0.945776937620923,0.745517137937547,0.767768226791255
"005084","PIEA",0.66523959051698,0.706942162090872,0.938633369081789,0.711345125581712,0.736599374859498
"005085","PINO D'ASTI",0.70200740884569,0.743074119588982,0.924465835277865,0.742733271323389,0.762925778429442
"005086","PIOVÀ MASSAIA",0.669452356935479,0.716455176188323,0.951425761860174,0.718800966091728,0.744648165621556
"005087","PORTACOMARO",0.606689840786427,0.612711858184137,0.945118480765848,0.643242612613339,0.676784375741395
"005088","QUARANTI",0.736468635396828,0.792872275122882,0.937507011603522,0.781954110894222,0.799237766528588
"005089","REFRANCORE",0.632830034130232,0.641190353971764,0.938877161630362,0.667196890808934,0.697383587566871
"005090","REVIGLIASCO D'ASTI",0.665485246036359,0.687816522380469,0.938855836859087,0.702871379473482,0.729091874738549
"005091","ROATTO",0.708650952922768,0.741242726381752,0.951761023579174,0.747628258044951,0.770309676437642
"005092","ROBELLA",0.669788646132825,0.712576273227664,0.93050432448713,0.715114646160933,0.739046832641622
"005093","ROCCA D'ARAZZO",0.630364931175173,0.668754439316651,0.946377535352917,0.679241470256613,0.708923255267313
"005094","ROCCAVERANO",0.736423188998563,0.797443289268933,0.948395922650229,0.785079507485396,0.803225775837044
"005095","ROCCHETTA PALAFEA",0.696708438174953,0.749408173066795,0.940815971143052,0.744834072173091,0.766609838725309
"005096","ROCCHETTA TANARO",0.644158943806213,0.666402298381029,0.945325942014167,0.684285153185676,0.71328968527773
"005097","SAN DAMIANO D'ASTI",0.540272922257832,0.535663798105465,0.943046032508325,0.578476127414316,0.618983894646984
"005098","SAN GIORGIO SCARAMPI",0.800656032228982,0.858853828894611,0.925158411954635,0.83929527870108,0.848835626840364
"005099","SAN MARTINO ALFIERI",0.657690294827555,0.664556766058926,0.93129114396126,0.688140291795043,0.715157053146844
"005100","SAN MARZANO OLIVETO",0.667669158953642,0.701782663231829,0.951195272577851,0.711372847241247,0.738019783389759
"005101","SAN PAOLO SOLBRITO",0.647825845740751,0.66828379383785,0.952424769839637,0.687491814794334,0.716928809799368
"005103","SCURZOLENGO",0.69900423824258,0.744003436992144,0.950758407364925,0.744429294592118,0.767354751566875
"005104","SEROLE",0.810513155893906,0.891659417621494,0.939249617951184,0.859902619877049,0.868718952996397
"005105","SESSAME",0.7484777379228,0.825671614926369,0.975478019884306,0.805915010770557,0.824755345116529
"005106","SETTIME",0.684939743221671,0.713753120521272,0.942514897607578,0.723663278445082,0.747980125018693
"005107","SOGLIO",0.701722012190279,0.728864039370858,0.920624632397617,0.735826186442273,0.756359347103978
"005108","TIGLIOLE",0.628803001697125,0.644838737934088,0.950058567514307,0.668144639585477,0.699468409355347
"005109","TONCO",0.672817385202321,0.69585986886311,0.936548540972662,0.70955961842671,0.734780609820705
"005110","TONENGO",0.70321748880574,0.744432478066291,0.92991274189941,0.744433759282355,0.765042535128694
"005111","VAGLIO SERRA",0.717128763344576,0.748226007663446,0.928130193407514,0.752222666294361,0.771767947084712
"005112","VALFENERA",0.611004685908685,0.621034735415841,0.946822700031515,0.649100009599188,0.682180308536113
"005113","VESIME",0.694784212005062,0.734255531436627,0.934674649162416,0.736535349465002,0.758550827209159
"005114","VIALE",0.765821075215519,0.824781540539559,0.950704399232372,0.810841617013022,0.826381926148506
"005115","VIARIGI",0.67739376467676,0.70918595945371,0.948879906304147,0.718848866489126,0.744407870913018
"005116","VIGLIANO D'ASTI",0.640475329930307,0.682802995499299,0.944319894826013,0.689907235925924,0.718175309137045
"005117","VILLAFRANCA D'ASTI",0.610769865417319,0.628391331771025,0.954245725969964,0.653047111331751,0.68651362406933
"005118","VILLANOVA D'ASTI",0.564574598994837,0.565850722469926,0.948739723717916,0.603565367030935,0.641918073329488
"005119","VILLA SAN SECONDO",0.67373861986714,0.714361724857804,0.937950048099669,0.718440159936192,0.742830147509912
"005120","VINCHIO",0.664762704327149,0.713130898056091,0.938509491464068,0.713903070218865,0.73885933924611
"005121","MONTIGLIO MONFERRATO",0.636813497296495,0.658556324317538,0.944434518605283,0.677359871586843,0.70703483236667
"006001","ACQUI TERME",0.46842666483116,0.441467518213342,0.930071472735681,0.502459529643594,0.549971967764937
"006002","ALBERA LIGURE",0.746955664613627,0.795930183419884,0.940542781833262,0.788352909798406,0.805262895580057
"006003","ALESSANDRIA",0.375755118435126,0.322489835928775,0.910029787398528,0.405213208203608,0.461303939225266
"006004","ALFIANO NATTA",0.647286172087513,0.688109810249221,0.943773113371667,0.695305503388697,0.722913015609027
"006005","ALICE BEL COLLE",0.653854118839678,0.6975015066392,0.932072713978334,0.701317302863329,0.726956792987218
"006007","ALTAVILLA MONFERRATO",0.674765339676792,0.715053074273607,0.947257188039623,0.720144005081642,0.745378803188084
"006008","ALZANO SCRIVIA",0.696195177478999,0.751232156675471,0.952100501481803,0.746552350517692,0.769391033958149
"006009","ARQUATA SCRIVIA",0.542218017604511,0.527667777921182,0.939195480308912,0.575368156017453,0.61579341427206
"006010","AVOLASCA",0.681114538027918,0.707241936357132,0.922942373527257,0.717054650825998,0.739931064459471
"006011","BALZOLA",0.617604398624298,0.658887406901057,0.943925020318003,0.66881381451821,0.699381726273742
"006012","BASALUZZO",0.618373212946775,0.632027109996631,0.951141365579871,0.65779428188252,0.690388402293336
"006013","BASSIGNANA",0.635906795680934,0.657414607276275,0.940735779514377,0.676068209282182,0.705475717085759
"006014","BELFORTE MONFERRATO",0.707564855772811,0.722519665698015,0.936720961789269,0.737210130840799,0.759378000946184
"006015","BERGAMASCO",0.679065854967756,0.711761226344051,0.945526056933148,0.720424792283628,0.745436043911352
"006016","BERZANO DI TORTONA",0.699706510144507,0.724325437003253,0.930331086575829,0.733847484874075,0.75567899617427
"006017","BISTAGNO",0.635319945842338,0.653269793729446,0.942922121520185,0.674157594959321,0.70402032013275
"006018","BORGHETTO DI BORBERA",0.606884905138559,0.609356349491042,0.942118067732994,0.64152037135662,0.674920115398439
"006019","BORGORATTO ALESSANDRINO",0.646746582989705,0.679416403926228,0.940011123716719,0.690774456483842,0.718467419509717
"006020","BORGO SAN MARTINO",0.660814013953503,0.694894863527219,0.956165720800869,0.705685566946412,0.733516695152463
"006021","BOSCO MARENGO",0.610554245258165,0.618245265435014,0.948232395789637,0.647783019390894,0.681166283435199
"006022","BOSIO",0.630631550438862,0.674441702245391,0.939337796519226,0.681216743359836,0.709896860377546
"006023","BOZZOLE",0.712304351929285,0.768919347946055,0.947727450905495,0.761323410034452,0.782034970131235
"006024","BRIGNANO-FRASCATA",0.714667826627712,0.767693888188563,0.964888521081538,0.763551623775477,0.785922390142817
"006025","CABELLA LIGURE",0.652298579068087,0.683905771969805,0.923232984963151,0.693615256463367,0.719128337407787
"006026","CAMAGNA MONFERRATO",0.693327972316178,0.729271998302256,0.941374371254969,0.734307423903792,0.757314862498367
"006027","CAMINO",0.668990906994883,0.687331741835265,0.945568760695911,0.704902068043158,0.731642811671242
"006028","CANTALUPO LIGURE",0.662964849086959,0.697141348137507,0.933604893259021,0.705408278076912,0.730763457541591
"006029","CAPRIATA D'ORBA",0.609812601306828,0.61456067472336,0.94574836786183,0.645542810999768,0.678898983984441
"006030","CARBONARA SCRIVIA",0.651564658989661,0.664813454272028,0.946803861795743,0.687050537147334,0.715912017663824
"006031","CARENTINO",0.692824642149386,0.73847140030658,0.968102763988251,0.74089349550401,0.766138969780036
"006032","CAREZZANO",0.673611671524509,0.671355891151762,0.91958374272137,0.697193777476459,0.721903773614782
"006033","CARPENETO",0.649714294073648,0.665461702431531,0.93049429751243,0.684878628178573,0.712169258104558
"006034","CARREGA LIGURE",0.807924653280435,0.869738929783379,0.935751543411394,0.848523766719856,0.858215741907804
"006035","CARROSIO",0.66355548542148,0.706666256088638,0.946913128576845,0.711291096537238,0.737471322319416
"006036","CARTOSIO",0.672829199029261,0.693698529615075,0.928215694781102,0.707759047368062,0.732254230413955
"006037","CASAL CERMELLI",0.639272267576507,0.65880244188407,0.942764681123258,0.678410087369586,0.707782820008882
"006038","CASALEGGIO BOIRO",0.699698611800629,0.732379850388259,0.948795451221453,0.739314853107145,0.762590475119846
"006039","CASALE MONFERRATO",0.437024871488559,0.400008016148286,0.928097874326762,0.469474586869256,0.52043272992009
"006040","CASALNOCETO",0.645869406548794,0.65164530336146,0.93813732393932,0.677695351853546,0.706633348751966
"006041","CASASCO",0.780754608851441,0.833684570028702,0.947108736928716,0.821208504188936,0.835197418937801
"006043","CASSINE",0.601837563737933,0.611874882727134,0.938279423482273,0.639998543257508,0.673140863282481
"006044","CASSINELLE",0.634936910607304,0.672291807895919,0.943830261117825,0.682635949438233,0.711657539624854
"006045","CASTELLANIA COPPI",0.748460666949295,0.792923248568743,0.94081779117183,0.7877045411003,0.804717124441581
"006046","CASTELLAR GUIDOBONO",0.661647126583121,0.698204235581482,0.940255244301786,0.70595863740425,0.731991593726198
"006047","CASTELLAZZO BORMIDA",0.569998159001821,0.568696156412119,0.942775459341985,0.606689987870471,0.644032818033973
"006048","CASTELLETTO D'ERRO",0.722211919078596,0.754333030199072,0.913269979064716,0.755772225081422,0.773271975524011
"006049","CASTELLETTO D'ORBA",0.629917652945984,0.647341536456341,0.941743364982678,0.668940971729314,0.699252348757466
"006050","CASTELLETTO MERLI",0.688043834510727,0.710972436852728,0.933374351830163,0.722894757296571,0.746281378911415
"006051","CASTELLETTO MONFERRATO",0.604246667158064,0.598757204033041,0.940045639906483,0.635356306026645,0.669210676457738
"006052","CASTELNUOVO BORMIDA",0.653223174927381,0.699521371332359,0.940494349848908,0.702784480801774,0.729196688473677
"006053","CASTELNUOVO SCRIVIA",0.578980447139314,0.587993273760291,0.951022801145685,0.62024045451939,0.656994048588979
"006054","CASTELSPINA",0.713314383668582,0.760534274938837,0.950897946319131,0.758321691005252,0.779719052706794
"006055","CAVATORE",0.710728339961045,0.761607493542798,0.9389875512435,0.756449880201079,0.776731843650237
"006056","CELLA MONTE",0.656031482775683,0.644420557153769,0.940776042558177,0.679281022224071,0.708336024483416
"006057","CERESETO",0.685321084787613,0.730114375807479,0.953473956408547,0.732293352908646,0.756868975519746
"006058","CERRETO GRUE",0.66682035264709,0.695033224216698,0.935885397363356,0.706422649325041,0.731918510218187
"006059","CERRINA MONFERRATO",0.657624941647942,0.686036734295675,0.94723416790418,0.699371170965046,0.726911503958283
"006060","CONIOLO",0.689104018466707,0.714795542485119,0.948746959137748,0.726629498342096,0.75130921620828
"006061","CONZANO",0.64191847575274,0.655117411421249,0.94543350193911,0.678209499422206,0.707901055257418
"006062","COSTA VESCOVATO",0.684826463227408,0.724383364985077,0.931763032065119,0.72732072590213,0.750036537698018
"006063","CREMOLINO",0.63665681291919,0.641502135680868,0.933096926985258,0.668481219568552,0.697882964837075
"006065","DENICE",0.73122294618713,0.785965531357392,0.947282976623821,0.777463112557417,0.796331986342573
"006066","DERNICE",0.699984121151221,0.72876152710796,0.926234186879589,0.73555896040459,0.75674509667959
"006067","FABBRICA CURONE",0.691581029866511,0.729976849130563,0.93438903669979,0.733139949218662,0.755500958938788
"006068","FELIZZANO",0.621630822625738,0.63677626737178,0.953336118699764,0.66161680236886,0.69403005973896
"006069","FRACONALTO",0.682745454570655,0.719337918781325,0.937931040722466,0.724730622080638,0.748419557485285
"006070","FRANCAVILLA BISIO",0.684043288963348,0.7066134520487,0.955078866617614,0.721303420117183,0.747278469728342
"006071","FRASCARO",0.695606854005937,0.727918662547937,0.947238020561332,0.735310284505376,0.758857810733816
"006072","FRASSINELLO MONFERRATO",0.689599337833123,0.718888540284798,0.937839268342634,0.727603471987328,0.750963004915695
"006073","FRASSINETO PO",0.642034350920231,0.668007012471976,0.950376531808946,0.684556266707388,0.714091851718672
"006074","FRESONARA",0.648447340075197,0.689760756054444,0.949718815739523,0.697165524832291,0.725227001599761
"006075","FRUGAROLO",0.626726106682547,0.643676400524961,0.947746244388859,0.666455752682264,0.697710251760775
"006076","FUBINE MONFERRATO",0.612779519018513,0.612713973150409,0.934795556183459,0.644951627094361,0.67715650810426
"006077","GABIANO",0.670884563516915,0.70526503164402,0.946583639481601,0.713925681770581,0.739776565960694
"006078","GAMALERO",0.660325385708646,0.678661075053013,0.943202978266441,0.696864205169391,0.724235179957952
"006079","GARBAGNA",0.686615062116438,0.719733544790913,0.937895420881224,0.72664641519643,0.750118526939185
"006081","GAVI",0.558594565837858,0.549186486901185,0.940497160196297,0.592551189752199,0.631211853134877
"006082","GIAROLE",0.66287956244397,0.716110869740094,0.955465850157899,0.716092279498619,0.742689342905206
"006083","GREMIASCO",0.676743067328151,0.707412629550142,0.928016471687089,0.715671710763941,0.739265573088735
"006084","GROGNARDO",0.704912379793716,0.754101701184695,0.933854813684044,0.74994181780869,0.770376595128174
"006085","GRONDONA",0.647102853619264,0.678849284095719,0.939677346813438,0.690646196653086,0.718316324448681
"006086","GUAZZORA",0.690689587102104,0.736693863098786,0.938301877036665,0.736152740294067,0.758613755487689
"006087","ISOLA SANT'ANTONIO",0.655413741649845,0.703255474171309,0.946037916308083,0.706004938750327,0.732675269590078
"006088","LERMA",0.665221134079532,0.685672220461442,0.939192627147018,0.701821272258141,0.728195867245794
"006090","MALVICINO",0.805503463332178,0.873847499585543,0.938900610686856,0.84959799438166,0.85952050730446
"006091","MASIO",0.645283991406577,0.668008631186532,0.954620563470488,0.686443736513948,0.716241161731341
"006092","MELAZZO",0.637868495692178,0.65620962342866,0.934685806252209,0.675803734229598,0.704568408898777
"006093","MERANA",0.724246750373942,0.777973588629072,0.947922377955261,0.770791390346882,0.790472611192258
"006094","MIRABELLO MONFERRATO",0.661327996932533,0.691338537601828,0.949915911106673,0.703691531651129,0.731049796035079
"006095","MOLARE",0.602488217236692,0.603481524962422,0.935905412756663,0.636276925265268,0.669568979430978
"006096","MOLINO DEI TORTI",0.664502642521647,0.712125966034395,0.949298182371695,0.714412692087389,0.740511079896756
"006097","MOMBELLO MONFERRATO",0.674002516083466,0.704216461695846,0.947118090895762,0.714910349090267,0.740711209290877
"006098","MOMPERONE",0.685210125106116,0.708658013261548,0.92678949047543,0.719919611312992,0.742905153442151
"006099","MONCESTINO",0.708912796379657,0.750172126031021,0.928990505755879,0.749487265660393,0.769432070115447
"006100","MONGIARDINO LIGURE",0.796318642321874,0.871143730486847,0.944456761622547,0.844803743926179,0.855876301447998
"006101","MONLEALE",0.646237454405022,0.676240564294808,0.946240053429375,0.689739113757861,0.718239218165807
"006102","MONTACUTO",0.696573734572272,0.744459314502338,0.930912655380987,0.741556137621673,0.762595750706041
"006103","MONTALDEO",0.717219300908201,0.767933104603373,0.938119667799638,0.762130549260172,0.781684895764557
"006104","MONTALDO BORMIDA",0.681956549470666,0.705019082705422,0.933158897887644,0.717454924268004,0.741422032447964
"006105","MONTECASTELLO",0.683572757122636,0.722080858636335,0.94049970986844,0.726594098078381,0.750361388277276
"006106","MONTECHIARO D'ACQUI",0.69944889541652,0.737316254985868,0.943534495433031,0.740897767224378,0.763412959247561
"006107","MONTEGIOCO",0.75515204951193,0.801910046879709,0.950269610893967,0.795704904465634,0.812878760735449
"006108","MONTEMARZINO",0.675560786116723,0.705689115103877,0.925813538025068,0.714143809351777,0.737662668093253
"006109","MORANO SUL PO",0.63610529297106,0.690893041754198,0.956716110759949,0.692820861702361,0.722142556042093
"006110","MORBELLO",0.694756689853295,0.727776217699097,0.933212810479981,0.733461089446575,0.755655725116953
"006111","MORNESE",0.664268801807508,0.683065599611065,0.936024023181888,0.699902882956547,0.726138565203807
"006112","MORSASCO",0.649680587216353,0.687542514014976,0.940888693187712,0.69583926487287,0.723066979130074
"006113","MURISENGO",0.647229654062927,0.668525528953121,0.94024483279974,0.686114315637196,0.714351039766367
"006114","NOVI LIGURE",0.449592786699171,0.415330966861138,0.933578952409526,0.482573584343092,0.532685291906029
"006115","OCCIMIANO",0.620153669762476,0.660216433745776,0.946480043825106,0.670814550961224,0.701444050168322
"006116","ODALENGO GRANDE",0.687626604842208,0.741889142319806,0.944609711097991,0.737743057332705,0.760728241084404
"006117","ODALENGO PICCOLO",0.690662046272609,0.723188480596733,0.941185112145638,0.730351248305768,0.753777233176864
"006118","OLIVOLA",0.758370411591785,0.809234187570989,0.953059084553089,0.800727978078557,0.817653656575727
"006119","ORSARA BORMIDA",0.677560312967359,0.719159907546845,0.944136957680451,0.722937794999437,0.747515479741772
"006120","OTTIGLIO",0.655457688701134,0.690670945667605,0.935508072478818,0.699308692713814,0.725553068243259
"006121","OVADA",0.504087452628635,0.483516976917674,0.934703922296514,0.53789238552549,0.581982556277826
"006122","OVIGLIO",0.646375852924477,0.67220639567648,0.95284075469608,0.688646087340039,0.718001050379599
"006123","OZZANO MONFERRATO",0.627101589222749,0.632292295845984,0.938551335599047,0.660582381840835,0.691467821147303
"006124","PADERNA",0.714306349875831,0.740886002019637,0.936746063398739,0.748511164692835,0.769426153437935
"006125","PARETO",0.698557882107544,0.764534819361543,0.953455782088968,0.753737293869986,0.775928237005428
"006126","PARODI LIGURE",0.685962880595634,0.722679251692622,0.942689561889822,0.728157915718697,0.751994765293267
"006127","PASTURANA",0.608016911096585,0.597029307471177,0.942143705279743,0.636485168883467,0.670447228483053
"006128","PECETTO DI VALENZA",0.649282718064789,0.676142344556751,0.949900777846137,0.691431355964307,0.720150180617843
"006129","PIETRA MARAZZI",0.619215813074524,0.602548486981554,0.937419684304056,0.643535903455641,0.676189656883242
"006131","POMARO MONFERRATO",0.699135763684253,0.752173770882499,0.952617786671333,0.748351069222172,0.771047371160967
"006132","PONTECURONE",0.591748515223028,0.598833067732548,0.943621132890786,0.630123825619088,0.664956859760387
"006133","PONTESTURA",0.634803909666027,0.654532354816492,0.939957871240051,0.674197106141139,0.703726080041018
"006134","PONTI",0.702727094088199,0.746707785916752,0.956340199445915,0.747879715946819,0.771041991891163
"006135","PONZANO MONFERRATO",0.679388396740974,0.720015376235732,0.93459315457946,0.723191013297464,0.746680140106574
"006136","PONZONE",0.627911193639159,0.665563869892774,0.929981632113154,0.675061941800685,0.703386351835404
"006137","POZZOL GROPPO",0.68065392798632,0.71682387781477,0.935316276187623,0.722396640229253,0.746054377557961
"006138","POZZOLO FORMIGARO",0.572575949418271,0.571968908510963,0.94671972579758,0.609717158647913,0.64716188833121
"006139","PRASCO",0.670610711158527,0.716913795528275,0.93763394284777,0.718149422293838,0.742536591244275
"006140","PREDOSA",0.631539874935704,0.65216482486264,0.956425146047126,0.673309629513968,0.704766909128763
"006141","QUARGNENTO",0.638736616643864,0.649216926512865,0.944106867372046,0.673989781157733,0.704002790737101
"006142","QUATTORDIO",0.638545863465421,0.658263248922596,0.955792203196112,0.679143320894219,0.709882085594429
"006143","RICALDONE",0.660259051038559,0.70871774746158,0.932889984701501,0.709328557795213,0.734168716340356
"006144","RIVALTA BORMIDA",0.642711930909447,0.666506742436602,0.940911777620878,0.68323958076781,0.711869824862595
"006145","RIVARONE",0.727831779204349,0.759712415235338,0.933793342947512,0.762774221792611,0.781776346365377
"006146","ROCCAFORTE LIGURE",0.776859828436431,0.833688394866923,0.939736325651817,0.818720333051691,0.832166554451705
"006147","ROCCA GRIMALDA",0.621101731411537,0.628849837541537,0.938245201118865,0.65630272614077,0.687629667805003
"006148","ROCCHETTA LIGURE",0.70435559882867,0.743125345373695,0.935790626943087,0.744945487585373,0.766150503069563
"006149","ROSIGNANO MONFERRATO",0.609927924603756,0.607348633448015,0.9420146638981,0.641975917513107,0.675313556000328
"006150","SALA MONFERRATO",0.688556664529673,0.733858372648302,0.940961677034302,0.734182934433519,0.757158350278051
"006151","SALE",0.590698807959416,0.603389776992821,0.946565893838794,0.631996452612386,0.666948612748653
"006152","SAN CRISTOFORO",0.658632947117456,0.697024122181685,0.946316036074756,0.704677284792089,0.731526034934608
"006153","SAN GIORGIO MONFERRATO",0.632421559182865,0.638796746046139,0.94239103552659,0.666287340905711,0.69696552919692
"006154","SAN SALVATORE MONFERRATO",0.579051815858048,0.579833611086934,0.936931160206956,0.615191558145938,0.650940402819384
"006155","SAN SEBASTIANO CURONE",0.709598366220874,0.731459156471485,0.935165783260685,0.74199246353763,0.763456165729081
"006156","SANT'AGATA FOSSILI",0.70306421484522,0.737705110923998,0.94099302564556,0.742445499160704,0.764506335436799
"006157","SARDIGLIANO",0.672166201046255,0.711036231092575,0.950923111440504,0.717533405606524,0.743465595143633
"006158","SAREZZANO",0.627616495260822,0.630352330291058,0.939776612159583,0.660063632714304,0.691142852652668
"006159","SERRALUNGA DI CREA",0.654738228984094,0.688306426616462,0.937935866028684,0.698163681623119,0.724805035445959
"006160","SERRAVALLE SCRIVIA",0.561046306817893,0.561922742082319,0.945232555026535,0.599859327507749,0.638234130565392
"006161","SEZZADIO",0.656912239913697,0.685036827685656,0.94914515118809,0.698791595538518,0.726608657277359
"006162","SILVANO D'ORBA",0.612024074617479,0.617408403022214,0.936201850667687,0.646864800004631,0.679013361189415
"006163","SOLERO",0.630664776004848,0.645515554300939,0.946361723036799,0.668917320941284,0.699744476729675
"006164","SOLONGHELLO",0.701615552572244,0.741210354594334,0.935364719257362,0.742808130150696,0.764203306718103
"006165","SPIGNO MONFERRATO",0.646441726326592,0.697548234940863,0.943648607063843,0.699160343276739,0.72632570591975
"006166","SPINETO SCRIVIA",0.671567255879722,0.704646209389309,0.948602551959468,0.71415631456701,0.740205896499506
"006167","STAZZANO",0.611751606071817,0.621672757462812,0.947590249619248,0.649799988552508,0.682887795337701
"006168","STREVI",0.630542628244401,0.647498317482999,0.940747053593826,0.669193130936713,0.699365789009725
"006169","TAGLIOLO MONFERRATO",0.618824415150618,0.624563126990958,0.938267327095375,0.653351126673247,0.685008482275705
"006170","TASSAROLO",0.670467415664173,0.679662910177651,0.943279506695505,0.701886597298371,0.72870803167583
"006171","TERRUGGIA",0.618854898715163,0.607817484647101,0.948976024570864,0.646900174970105,0.680464158259079
"006172","TERZO",0.659898381677632,0.674202621174769,0.934763797849918,0.693821831068573,0.720593160710944
"006173","TICINETO",0.646520260275406,0.673532020957363,0.946493154670353,0.688672842021781,0.717319543427178
"006174","TORTONA",0.44625501706569,0.409524738581314,0.935236665012689,0.478624556542421,0.52935923526134
"006175","TREVILLE",0.690986909834349,0.693050790391673,0.914501292061671,0.714267094307877,0.736515338502743
"006176","TRISOBBIO",0.68088603262984,0.705488348137065,0.946635996928713,0.718532071037978,0.743876951692505
"006177","VALENZA",0.487854328682475,0.470756946908828,0.937056863949683,0.525080760411054,0.570855883026458
"006178","VALMACCA",0.633079889049371,0.676438704777246,0.94305438805945,0.683588806027922,0.712418315142537
"006179","VIGNALE MONFERRATO",0.659342857915838,0.67207916245365,0.940435288329731,0.693183437999243,0.720655865813741
"006180","VIGNOLE BORBERA",0.614029425129477,0.62116868826008,0.943164500682829,0.650155601093583,0.682712145492388
"006181","VIGUZZOLO",0.581970261173477,0.582742936467569,0.942807783863675,0.618401717324838,0.654446835829154
"006182","VILLADEATI",0.672704977391676,0.720590306998664,0.957342827330339,0.722717160708687,0.748786679222204
"006183","VILLALVERNIA",0.659266116911585,0.674967854319024,0.939857814502926,0.694391068504067,0.721665151392829
"006184","VILLAMIROGLIO",0.693405243299612,0.738043849609091,0.932789064901035,0.73743099829902,0.759137450143688
"006185","VILLANOVA MONFERRATO",0.631486966828833,0.652448093638139,0.949028868917501,0.672673664101887,0.703379797970289
"006186","VILLAROMAGNANO",0.65888181212252,0.680525978237689,0.946605878315338,0.697394093493628,0.725084291807151
"006187","VISONE",0.650548417887007,0.670545825049555,0.934533063897559,0.687945715711209,0.715344309954137
"006188","VOLPEDO",0.648019297023458,0.660466874217437,0.942887919089605,0.683107568967364,0.711972052314279
"006189","VOLPEGLINO",0.704470196492605,0.72485150729985,0.935022397597839,0.736697006466389,0.75873316103655
"006190","VOLTAGGIO",0.635500255339665,0.665433542976901,0.940370736628221,0.679457282905277,0.708447666652271
"006191","CASSANO SPINOLA",0.623623049734752,0.638677266043343,0.953114296931186,0.663346571793261,0.695542985697475
"006192","ALLUVIONI PIOVERA",0.612121097325144,0.655438295707127,0.950893659138628,0.665491092778384,0.697202489040634
"006193","LU E CUCCARO MONFERRATO",0.630350965431519,0.636465443766219,0.93546294612104,0.663613678751086,0.693819152903303
"007001","ALLEIN",0.711817667472744,0.762198257761706,0.944903094863935,0.757797475841896,0.778586989066567
"007002","ANTEY-SAINT-ANDRÉ",0.686022446569097,0.715499325494085,0.937011872100579,0.72438598463849,0.748011083245389
"007003","AOSTA",0.418301588140001,0.369331561088754,0.921527093313457,0.446587626484286,0.499358678354194
"007004","ARNAD",0.64993007373595,0.674311220999972,0.948329447554727,0.690741527386638,0.719362407405314
"007005","ARVIER",0.658165314002942,0.67506834544467,0.94000378291863,0.693955525043289,0.721294220362771
"007006","AVISE",0.693435052588853,0.742304907084332,0.943507670318414,0.740433748884774,0.762997517932956
"007007","AYAS",0.607855550736943,0.607888336194432,0.923009061431948,0.639385655262314,0.67089936705894
"007008","AYMAVILLES",0.604613882090536,0.609031147785693,0.939409199578465,0.640081183402149,0.673339851866184
"007009","BARD",0.778555347445077,0.828642994428682,0.942407219313575,0.817479975774549,0.831360780612219
"007010","BIONAZ",0.711056492419468,0.764939887547782,0.938782942581639,0.758076665243426,0.778155140503228
"007011","BRISSOGNE",0.650625825510388,0.669020754597283,0.941499331917284,0.68799089424018,0.716158498426525
"007012","BRUSSON",0.645932891827025,0.648476104848278,0.922727768593323,0.674756825363219,0.702309152388786
"007013","CHALLAND-SAINT-ANSELME",0.668198238979486,0.689905391857402,0.936805509615529,0.704827184838153,0.730602554257861
"007014","CHALLAND-SAINT-VICTOR",0.675484506802527,0.70246597279467,0.934043170065442,0.713482032825283,0.737988825851967
"007015","CHAMBAVE",0.663846236032877,0.685109946138212,0.942065516831434,0.701236833660133,0.727995576234722
"007016","CHAMOIS",0.767094545686972,0.799775349888076,0.930311007329104,0.798122553741682,0.81281015969584
"007017","CHAMPDEPRAZ",0.683285341736597,0.719424494537995,0.950636851769515,0.726283111500518,0.75121130486374
"007018","CHAMPORCHER",0.694262228298218,0.722245005821812,0.929444100611281,0.730372665415142,0.752491713770268
"007019","CHARVENSOD",0.605059028513266,0.605806776320289,0.938685461196742,0.638758158294774,0.67208341417277
"007020","CHÂTILLON",0.55566880503734,0.549702697159329,0.934841019848832,0.590901277973385,0.629116804848434
"007021","COGNE",0.618951107892154,0.622609376436892,0.921873763341025,0.650889594282174,0.680998946399824
"007022","COURMAYEUR",0.560164283604327,0.544347475451118,0.941358391116346,0.591166130686585,0.630076381845447
"007023","DONNAS",0.595817488882092,0.600019262647497,0.937616924714164,0.631888230659732,0.665858085554669
"007024","DOUES",0.680488557474607,0.697347364156302,0.936828145038999,0.713708979237809,0.738499997660163
"007025","EMARÈSE",0.716506259530286,0.768826413470598,0.952941171334919,0.76369381998389,0.784721303467338
"007026","ETROUBLES",0.657995241344,0.695675373032281,0.939628240795361,0.703114600548862,0.729393893909585
"007027","FÉNIS",0.632474711058315,0.645847693855473,0.948569102908458,0.67010199250205,0.701042782547207
"007028","FONTAINEMORE",0.693633361067938,0.72999375222265,0.941661239956815,0.734798324976446,0.757783093307598
"007029","GABY",0.643794141746804,0.662214684762499,0.925293416939021,0.680233313623089,0.707462213991526
"007030","GIGNOD",0.606854856689493,0.604361328851084,0.939081378843521,0.638955421377612,0.672302749984935
"007031","GRESSAN",0.5710603504847,0.567286247643886,0.94097622361458,0.606353591519322,0.64353388397435
"007032","GRESSONEY-LA-TRINITÉ",0.679502925208765,0.686162506325296,0.917142000141001,0.706263644204428,0.729694572641825
"007033","GRESSONEY-SAINT-JEAN",0.628398057067136,0.618541621966924,0.928570926235037,0.653979948188831,0.684490056860632
"007034","HÔNE",0.614312649602837,0.651892850081621,0.94525781683373,0.664318256541379,0.695533763240529
"007035","INTROD",0.661744632988052,0.66773907986084,0.934325657181806,0.691700236500182,0.718658616575918
"007036","ISSIME",0.684924296438452,0.702872712655616,0.935029936172151,0.718011647709546,0.742124790872057
"007037","ISSOGNE",0.65746065877775,0.688887289799787,0.95018202366548,0.700874779226439,0.728575584164111
"007038","JOVENÇAN",0.659882284078777,0.679353896639767,0.940653107552543,0.696721592078599,0.723825093797926
"007039","LA MAGDELEINE",0.731157234475332,0.775659133178308,0.932407894699088,0.771308154914047,0.789208126001274
"007040","LA SALLE",0.594412762981764,0.592714739301599,0.9376739338664,0.627974769414154,0.662385787686625
"007041","LA THUILE",0.643128418567577,0.64959161351139,0.932005058716151,0.67492452030715,0.703489024574817
"007042","LILLIANES",0.66514002250551,0.702330651522039,0.93777169164294,0.709138972476691,0.734542607939608
"007043","MONTJOVET",0.625669284548622,0.637188482624896,0.939556066275998,0.662241601855683,0.693054320124607
"007044","MORGEX",0.602407358464835,0.609691908724068,0.93616805884571,0.639061476119578,0.672073318644704
"007045","NUS",0.587637080650594,0.582086547274966,0.939227174230273,0.620298349989529,0.655734886016279
"007046","OLLOMONT",0.704752662837092,0.734301770714922,0.934412084935053,0.741015703591911,0.762504190407816
"007047","OYACE",0.760652332328728,0.815627167429036,0.945991723139675,0.803924947204961,0.81971014453104
"007048","PERLOZ",0.678061473031177,0.728701373134717,0.947163518324585,0.727759632607111,0.752137842131275
"007049","POLLEIN",0.626120701963849,0.628467423966095,0.934480966778766,0.658012753346351,0.688731443727731
"007050","PONTBOSET",0.723314496523046,0.776400546440902,0.93650188909501,0.768521958243277,0.787186395004581
"007051","PONTEY",0.67034106340949,0.697678230510123,0.945001555234765,0.710108837787303,0.736208028614799
"007052","PONT-SAINT-MARTIN",0.575356658876704,0.575684046339565,0.939895231374481,0.611957840484769,0.648395328361404
"007053","PRÉ-SAINT-DIDIER",0.634991334379422,0.635250409601291,0.932270451060867,0.664835829897408,0.694550787804459
"007054","QUART",0.546708332168259,0.528111785368212,0.93627948770509,0.577297001661921,0.617183944555606
"007055","RHÊMES-NOTRE-DAME",0.809889604057724,0.884349788213936,0.947086731562562,0.857116399678503,0.867113103221176
"007056","RHÊMES-SAINT-GEORGES",0.727336295703941,0.779518845960081,0.949132363398032,0.772998050088613,0.792568529345215
"007057","ROISAN",0.626147862998119,0.628752253357488,0.936629489065192,0.658368001266542,0.689285944355281
"007058","SAINT-CHRISTOPHE",0.549914711471891,0.530286834958467,0.936140140277442,0.579704709921405,0.619308646627631
"007059","SAINT-DENIS",0.675532295290842,0.716681774234662,0.941612516411997,0.720657582927677,0.745208131092601
"007060","SAINT-MARCEL",0.62196417602222,0.62739917631135,0.93692560228973,0.655906068779079,0.687130461391374
"007061","SAINT-NICOLAS",0.697015089300376,0.714188914879132,0.930444340458024,0.728086235926581,0.750570469763408
"007062","SAINT-OYEN",0.735180317524784,0.751030700350464,0.926791645346743,0.761474122578536,0.779842736219448
"007063","SAINT-PIERRE",0.569121096045819,0.559269917801637,0.938661897582096,0.601642145989565,0.639088785055402
"007064","SAINT-RHÉMY-EN-BOSSES",0.670860408410352,0.707833323513075,0.94704849787005,0.715117029152547,0.740887192343381
"007065","SAINT-VINCENT",0.539492969801809,0.521871350555409,0.927892133989414,0.570403157559689,0.61012415494077
"007066","SARRE",0.535775129094001,0.513169888175228,0.932729192173562,0.565298176988509,0.606123845342404
"007067","TORGNON",0.669454538270694,0.68222391433936,0.933863323423023,0.701641636016827,0.727444045728626
"007068","VALGRISENCHE",0.71011452032872,0.735018831828231,0.912359057302981,0.741545914200926,0.760525152323377
"007069","VALPELLINE",0.672139277780554,0.69253508227728,0.935722003949388,0.707675662420964,0.733014144813011
"007070","VALSAVARENCHE",0.726077867674136,0.762642989782739,0.925530540248562,0.76247743988045,0.780594451032462
"007071","VALTOURNENCHE",0.581980844399563,0.580660859907235,0.933817778500962,0.616570544788155,0.651820237422911
"007072","VERRAYES",0.648605495245525,0.668470038532933,0.939878175982272,0.686671807798533,0.714805848707837
"007073","VERRÈS",0.598879779932676,0.605450647763877,0.936581877691543,0.635606880232603,0.66904854661693
"007074","VILLENEUVE",0.626230399181671,0.636872641012837,0.935106764572247,0.661907044544753,0.692262568992252
"008001","AIROLE",0.687845677116653,0.723054733081252,0.920018998843925,0.72690708447345,0.748363963847947
"008002","APRICALE",0.666292174734223,0.710641142132542,0.922984008040583,0.711918393394103,0.735370128354823
"008003","AQUILA D'ARROSCIA",0.773915040670275,0.83070232936744,0.933249286476652,0.815402745164637,0.828496805310417
"008004","ARMO",0.78637144832693,0.827051863235272,0.925326847336286,0.81857317493662,0.830434694092138
"008005","AURIGO",0.749064356816274,0.801197895942302,0.942097477184993,0.791827761459858,0.808524396540429
"008006","BADALUCCO",0.630468854516766,0.668793887154107,0.93310373064473,0.677978606816366,0.706325842797295
"008007","BAJARDO",0.684788505918941,0.722433984474863,0.906281805232682,0.72387830120048,0.744145357204058
"008008","BORDIGHERA",0.506214704882383,0.489471234284066,0.926229323871389,0.540681605012041,0.583520240440857
"008009","BORGHETTO D'ARROSCIA",0.684331794702454,0.731976800449056,0.928737754834988,0.730212643301679,0.752270989027602
"008010","BORGOMARO",0.649808015569531,0.697348969024296,0.938074592385533,0.700028102305776,0.726477712314637
"008011","CAMPOROSSO",0.580304748464375,0.590725680372697,0.93596530184054,0.620560223160736,0.655605231902936
"008012","CARAVONICA",0.728820521217436,0.791134307933343,0.953645417628778,0.779344214880728,0.798711015186067
"008014","CASTELLARO",0.654255901082214,0.677841068931505,0.934322324048168,0.692875868910991,0.719703252815121
"008015","CASTEL VITTORIO",0.721947368119843,0.782332002814826,0.92626310637845,0.769552027558446,0.786964369649558
"008016","CERIANA",0.639673478935432,0.682917842332658,0.926406766456339,0.687806771216274,0.714317881798504
"008017","CERVO",0.651932454146289,0.667481642916987,0.929334166248046,0.686669760303279,0.71363247207492
"008018","CESIO",0.697373028913599,0.739880980035877,0.929442989770912,0.739708603004355,0.760790201533973
"008019","CHIUSANICO",0.652151989924097,0.685632760383923,0.935546477150264,0.695557785353635,0.722223195553261
"008020","CHIUSAVECCHIA",0.660662743924251,0.700349382377624,0.932714777467973,0.705726934582641,0.730947806014345
"008021","CIPRESSA",0.641682629520207,0.648854125416023,0.928771877273038,0.673618727448607,0.7019690774291
"008022","CIVEZZA",0.680922686830761,0.705051702438879,0.938747698853526,0.717563245056691,0.742139295478561
"008023","COSIO D'ARROSCIA",0.788494570604918,0.863386751446986,0.945988846318096,0.837945479555166,0.849950298084381
"008024","COSTARAINERA",0.66743130767755,0.690300397057159,0.93959664661893,0.704938931792512,0.73101201121767
"008025","DIANO ARENTINO",0.68346387781795,0.718084368199491,0.941531193523777,0.724849830060226,0.748925537111732
"008026","DIANO CASTELLO",0.599554399723732,0.602379598122928,0.92872855342549,0.633743154373546,0.666519309823762
"008027","DIANO MARINA",0.548164677037798,0.542462509320295,0.926786311457867,0.583460865006929,0.621608136834811
"008028","DIANO SAN PIETRO",0.648574824147404,0.661824258316738,0.920020780150153,0.681681665123879,0.708163789015687
"008029","DOLCEACQUA",0.627307418059469,0.648215583802781,0.932869600355092,0.667272310873522,0.696783120815919
"008030","DOLCEDO",0.634380695070313,0.636794845876198,0.923975943361751,0.664426587762105,0.693265405050955
"008031","IMPERIA",0.414234296381576,0.366204955912471,0.914889238723577,0.442686587404679,0.495153548662334
"008032","ISOLABONA",0.668164016539745,0.71821793197945,0.931618356334703,0.717033712467108,0.740876450674619
"008033","LUCINASCO",0.740473389342259,0.773515006951631,0.928322884203685,0.774127066752619,0.791259935358293
"008034","MENDATICA",0.707518783071506,0.74285167052825,0.919521925867728,0.744618896706663,0.764052566613448
"008035","MOLINI DI TRIORA",0.656605005903892,0.693080679314378,0.915025286320978,0.698861086980319,0.722879331351504
"008037","MONTEGROSSO PIAN LATTE",0.782134522129142,0.834187061706789,0.936717139400489,0.821016426666218,0.83387206141447
"008038","OLIVETTA SAN MICHELE",0.77252914524146,0.820910237558823,0.93385285730989,0.810433007991117,0.824146324582092
"008039","OSPEDALETTI",0.578120149503646,0.575825793413629,0.92936524021743,0.612212198334517,0.647451425210396
"008040","PERINALDO",0.645365251643342,0.684099035935145,0.919161582050787,0.690175087615398,0.715618031441552
"008041","PIETRABRUNA",0.67794258342233,0.722125351661903,0.926784817794185,0.722709052567323,0.74538413759253
"008042","PIEVE DI TECO",0.647355537313958,0.669834498389226,0.937750624081881,0.686510578474621,0.71442613909765
"008043","PIGNA",0.685959656526724,0.719123233856304,0.928869189135791,0.725174219585942,0.74780699398037
"008044","POMPEIANA",0.669341765334301,0.697879995638249,0.936791023776657,0.708928894815313,0.734246909144351
"008045","PONTEDASSIO",0.605363551222081,0.610019591273987,0.933897987607921,0.640312212884023,0.672932854520012
"008046","PORNASSIO",0.692810063814505,0.727129989925884,0.93211156101024,0.732184180284199,0.754398333698204
"008047","PRELÀ",0.682996540261358,0.731062427512183,0.93024128430643,0.729350663928737,0.751671843970703
"008048","RANZO",0.672355860328121,0.72521505296385,0.942025110830492,0.723109422064436,0.747433387482887
"008049","REZZO",0.742837214067917,0.788775499027363,0.936841329013746,0.78290985379425,0.800013351040861
"008050","RIVA LIGURE",0.609194398569273,0.623431224875884,0.93320704377253,0.648002234927574,0.679691658132569
"008051","ROCCHETTA NERVINA",0.680661370787513,0.713556264882436,0.915207275028463,0.718918663554323,0.740728509273672
"008052","SAN BARTOLOMEO AL MARE",0.595315093130065,0.603401090091748,0.929957489584601,0.632418031408276,0.665477971205646
"008053","SAN BIAGIO DELLA CIMA",0.659819615915292,0.687847899800578,0.933361358797637,0.699786517951905,0.725739278045875
"008054","SAN LORENZO AL MARE",0.633915747297243,0.645320132913758,0.936692509064016,0.669325397001352,0.699032853897204
"008055","SANREMO",0.409283234006274,0.368766958134137,0.910736931502236,0.441196279613409,0.493367463156612
"008056","SANTO STEFANO AL MARE",0.611602936371381,0.621754389134867,0.931528227432431,0.648163619221055,0.679648575688985
"008057","SEBORGA",0.702548486501501,0.748100596722778,0.925645435944779,0.745356631045403,0.765388720478667
"008058","SOLDANO",0.644424970887659,0.690099115926683,0.933606044341926,0.693896443500646,0.720530843594122
"008059","TAGGIA",0.505395708676237,0.496125141241051,0.931487322930353,0.543833114755815,0.586905804552986
"008060","TERZORIO",0.762790545115971,0.815860323569951,0.93497943003274,0.803890833911939,0.818456233480917
"008061","TRIORA",0.747053689781234,0.793516629311936,0.925756962490858,0.785832339841012,0.801379520135439
"008062","VALLEBONA",0.645271801621858,0.66707763348464,0.931200193678295,0.683677265165754,0.711179812778258
"008063","VALLECROSIA",0.551867009492191,0.551051206973154,0.930754174601295,0.589388614869535,0.627318121506397
"008064","VASIA",0.718914578323054,0.730932776171553,0.914959006801678,0.743927210202741,0.762930743158178
"008065","VENTIMIGLIA",0.482495037158648,0.467451520598605,0.92654529119181,0.520130480109945,0.565287681341263
"008066","VESSALICO",0.765966138513645,0.824952288965422,0.937925613189048,0.809705853684485,0.823952493629436
"008067","VILLA FARALDI",0.692875578112326,0.746986087562686,0.938943170434776,0.741832066597233,0.76373330035696
"008068","MONTALTO CARPASIO",0.681082308216449,0.730592174870575,0.931129866631653,0.728366504052326,0.75089576656114
"009001","ALASSIO",0.488969889264349,0.458450084176318,0.919207496561552,0.518259737704455,0.562809488688577
"009002","ALBENGA",0.462614610451249,0.436838453021364,0.922678153601597,0.497021693922835,0.544316856109364
"009003","ALBISSOLA MARINA",0.51435445573426,0.477766749764819,0.933101558495812,0.539764698324167,0.583468793898794
"009004","ALBISOLA SUPERIORE",0.503337336820524,0.476725474899476,0.932231624870558,0.534251427761055,0.578471449662111
"009005","ALTARE",0.626115522295587,0.644564293860513,0.945375564833402,0.666343473753585,0.69734703942912
"009006","ANDORA",0.536029087249698,0.526815982078478,0.926356099388496,0.570915891136529,0.61040924760897
"009007","ARNASCO",0.711462594572893,0.769719207737267,0.951561127553238,0.761687923794896,0.782784946434712
"009008","BALESTRINO",0.682915322688001,0.707371495804623,0.93178050841375,0.718807119163056,0.742470829079799
"009009","BARDINETO",0.654274689659739,0.700878216635247,0.939300594737835,0.703748867306527,0.729921281465561
"009010","BERGEGGI",0.594820529296682,0.573400937603546,0.947731237904587,0.620472783895561,0.656834834341009
"009011","BOISSANO",0.586031006869335,0.587132876535235,0.933014114991005,0.621225159031157,0.655868376360029
"009012","BORGHETTO SANTO SPIRITO",0.579393072723074,0.590483414851144,0.935734714184373,0.620017890826836,0.655097537866562
"009013","BORGIO VEREZZI",0.585646467784672,0.578216677632489,0.929954836371705,0.616733899074893,0.651536225441206
"009014","BORMIDA",0.698629996392729,0.750849261954728,0.945709889947379,0.746836655251094,0.768933681328459
"009015","CAIRO MONTENOTTE",0.509850912690055,0.497104233956003,0.941454581990197,0.547275274189746,0.591072975056463
"009016","CALICE LIGURE",0.613848936064063,0.620147174059345,0.931102230718924,0.648408472627426,0.679818890193148
"009017","CALIZZANO",0.651390821258205,0.682023907248732,0.94067153460548,0.69410378128867,0.721500198323871
"009018","CARCARE",0.550938558123512,0.540751758089482,0.941514147544319,0.585412057050279,0.624978955994062
"009019","CASANOVA LERRONE",0.68251699724675,0.713426724489845,0.929046489398658,0.721079323721334,0.74418678657437
"009020","CASTELBIANCO",0.67686482370957,0.704382551523638,0.918067235245596,0.713368042379503,0.736112397142402
"009021","CASTELVECCHIO DI ROCCA BARBENA",0.762816578570736,0.827881233419817,0.946547318319774,0.810468747227726,0.825588588460176
"009022","CELLE LIGURE",0.533763527363884,0.509320437455244,0.936445623711114,0.563032346539719,0.604522710669874
"009023","CENGIO",0.595052282277665,0.604673406104161,0.944559392981445,0.634332499069966,0.66880215394902
"009024","CERIALE",0.562861088071257,0.568790411853821,0.935927376506478,0.602835912616933,0.639846075271327
"009025","CISANO SUL NEVA",0.600324793995197,0.603428970515599,0.932620694202144,0.634951263450073,0.668025644644747
"009026","COSSERIA",0.652672187801849,0.672677867414772,0.945479596336621,0.690955484481142,0.719235941353973
"009027","DEGO",0.642550306411938,0.667467369964991,0.950662157403572,0.684574170109976,0.714139502031486
"009028","ERLI",0.775487470328448,0.836677395459266,0.928016885596544,0.818275878164126,0.830469323434395
"009029","FINALE LIGURE",0.490513274643623,0.460915866216316,0.921376745239866,0.520280787910959,0.564847005391949
"009030","GARLENDA",0.612474982471365,0.614845512843936,0.92998643343842,0.645292866235727,0.676925484813804
"009031","GIUSTENICE",0.65684445454025,0.674594398349486,0.933046497843243,0.692452133584705,0.719184840724543
"009032","GIUSVALLA",0.741903794288516,0.792682970405448,0.949545417213459,0.78551858583363,0.803743789320278
"009033","LAIGUEGLIA",0.615270662390728,0.621313211185098,0.925564507379534,0.649019193847075,0.679746450906237
"009034","LOANO",0.504844735538812,0.486185496815547,0.927098945177012,0.538673499077163,0.581831881977146
"009035","MAGLIOLO",0.6243852131551,0.658890038105077,0.938811683054797,0.671355031372559,0.70107243711503
"009036","MALLARE",0.648043423445428,0.704341326448988,0.956450577007709,0.704218195153258,0.732244015359308
"009037","MASSIMINO",0.788993144911929,0.846611047192298,0.920627624448894,0.828084648891791,0.838367201731469
"009038","MILLESIMO",0.582805105012933,0.584101896479882,0.944299398431224,0.619538090514889,0.65562268028337
"009039","MIOGLIA",0.656668091790511,0.695393561331152,0.932699221804339,0.701697666085182,0.727364505609533
"009040","MURIALDO",0.65093345347421,0.698125633178964,0.943129150371421,0.70138950403107,0.728249464735554
"009041","NASINO",0.7216202116829,0.769721258486152,0.929503319697618,0.764053993545835,0.782437252007144
"009042","NOLI",0.587748410929806,0.585072356495787,0.934836264409726,0.621252971782489,0.656095559852182
"009043","ONZO",0.70221860898594,0.734914874093316,0.913844990962507,0.738094566481916,0.757622391424204
"009044","ORCO FEGLINO",0.657127929975643,0.673238363876287,0.929801461096527,0.691644978343021,0.718106809760078
"009045","ORTOVERO",0.628779820274605,0.643620807532666,0.931704916660216,0.665750774179294,0.695301234454952
"009046","OSIGLIA",0.695747365610074,0.752585963413459,0.945385253226786,0.746288523383268,0.76841038225477
"009047","PALLARE",0.651467931280886,0.703287967979866,0.960323747142316,0.70567252938157,0.733967109132764
"009048","PIANA CRIXIA",0.70538541992164,0.738585155147564,0.939577478523447,0.743744506633487,0.765503725732371
"009049","PIETRA LIGURE",0.51659794658196,0.500845003857791,0.932554349909727,0.551104762688861,0.593488050157846
"009050","PLODIO",0.685200875310314,0.717133313063417,0.954414271167159,0.726491811884895,0.751816529582924
"009051","PONTINVREA",0.640850202418136,0.681612602813294,0.933351546878897,0.688443417042033,0.715655431468351
"009052","QUILIANO",0.542603320578322,0.534586633619355,0.941802793790769,0.578915758768032,0.619236540437225
"009053","RIALTO",0.669878198570304,0.715958241927021,0.936554627449625,0.717281860968759,0.741645501688855
"009054","ROCCAVIGNALE",0.679435533344657,0.714441002205158,0.952391726056449,0.722483613603061,0.748028959431216
"009055","SASSELLO",0.622634905163979,0.642791429338721,0.940899075382987,0.663531758064514,0.694350348877677
"009056","SAVONA",0.38729996679145,0.328605804398592,0.912653603601341,0.413422957395653,0.468893029196285
"009057","SPOTORNO",0.5671067739904,0.557911195584741,0.930897666369841,0.599347852945797,0.636186721104024
"009058","STELLA",0.58762951742384,0.591714134008143,0.943331153332036,0.625037758477596,0.660403691239201
"009059","STELLANELLO",0.647437518052761,0.693728361818361,0.929801252983044,0.69650477124031,0.722426602545058
"009060","TESTICO",0.76723242295769,0.811335024346314,0.91907600679842,0.802262951966644,0.815242180281286
"009061","TOIRANO",0.590255708838842,0.591332217250384,0.930099641860764,0.624724530926228,0.658655098807843
"009062","TOVO SAN GIACOMO",0.600718672937332,0.60698265294618,0.93552101150399,0.637017697797979,0.670184732654203
"009063","URBE",0.654471825780622,0.70317288379537,0.938998728108605,0.704839992120057,0.730857629452118
"009064","VADO LIGURE",0.540032227912389,0.534356763085167,0.943169419935774,0.577791987942478,0.618389480386177
"009065","VARAZZE",0.484037029861696,0.452259702676671,0.931394099871785,0.514472939629444,0.560797512989704
"009066","VENDONE",0.68835208889981,0.73873689807944,0.936530143523733,0.735843058493036,0.758141623496447
"009067","VEZZI PORTIO",0.657818020142972,0.670827658539396,0.931438622318906,0.691034417638956,0.717745995936728
"009068","VILLANOVA D'ALBENGA",0.600459452987678,0.609961841882683,0.936797178424946,0.638369300534157,0.671527953633134
"009069","ZUCCARELLO",0.696371721886402,0.742874993943273,0.936732717325827,0.741334293855937,0.763045229797035
"010001","ARENZANO",0.472009965892904,0.424459398092158,0.93993534527537,0.497404748320815,0.546574814649099
"010002","AVEGNO",0.603135065569322,0.61045763301146,0.943370953228027,0.640453809684155,0.674111270077918
"010003","BARGAGLI",0.61109279828773,0.62435196890234,0.942696982612199,0.650219843496752,0.682717303398468
"010004","BOGLIASCO",0.518092481289798,0.474112042953529,0.934839031241344,0.539975939033632,0.5838496159456
"010005","BORZONASCA",0.6426483346374,0.67359984264992,0.945426683489627,0.686854348128257,0.715584607612853
"010006","BUSALLA",0.569977088786072,0.571894609554526,0.94853978238703,0.608696242491972,0.646456635813645
"010007","CAMOGLI",0.508368365274928,0.462600805538002,0.931105182411726,0.530046645106991,0.574608704807517
"010008","CAMPO LIGURE",0.593276930837522,0.588997115651347,0.936411933429111,0.625664514262902,0.66019200528137
"010009","CAMPOMORONE",0.552578373120893,0.549252020622639,0.943266512376457,0.590150328422235,0.629385459972704
"010010","CARASCO",0.588955397388635,0.594773759481634,0.938504842595716,0.626528604851193,0.661192631267251
"010011","CASARZA LIGURE",0.539369179024226,0.525081348432302,0.93226883475024,0.572229620830462,0.612233977932659
"010012","CASELLA",0.579322771825146,0.575148384380989,0.941656471247755,0.613677667417536,0.650119756732005
"010013","CASTIGLIONE CHIAVARESE",0.634896289770123,0.65055869010917,0.937045947303683,0.67215933567605,0.701591181412454
"010014","CERANESI",0.579507729150268,0.580448745526988,0.947379665288944,0.61671838013366,0.653458522928691
"010015","CHIAVARI",0.421635334346728,0.364772699374364,0.917391181513185,0.44562273332581,0.498041449791074
"010016","CICAGNA",0.622473423489859,0.645007569166448,0.939249933697208,0.664291440065059,0.694842383801964
"010017","COGOLETO",0.516813318479989,0.498329010350436,0.939600503199041,0.550774098293595,0.593977032171978
"010018","COGORNO",0.542864777254371,0.529308813211091,0.933984979794385,0.575876613688896,0.615666432145062
"010019","COREGLIA LIGURE",0.700605326347434,0.748479612973782,0.931895920057775,0.745277814700325,0.766013159740041
"010020","CROCEFIESCHI",0.652357601001406,0.685774144073419,0.941139347759134,0.696273220059584,0.723480567581756
"010021","DAVAGNA",0.631609403309151,0.646588785583421,0.942411816304134,0.669430366632071,0.699761638817855
"010022","FASCIA",0.857539968219602,0.967698208391357,0.982459949397553,0.919603174414687,0.926587260523894
"010023","FAVALE DI MALVARO",0.743676211630954,0.796897119741304,0.94215162813143,0.787473161930659,0.804659658175189
"010024","FONTANIGORDA",0.715027324597874,0.767871428702361,0.938669442565598,0.761171383241666,0.780893389833214
"010025","GENOVA",0.246321023261707,0.151346801783985,0.717047260814345,0.250655247351996,0.302476582181146
"010026","GORRETO",0.834321572111385,0.937639111376451,0.958368369863002,0.893219144555826,0.900457947367735
"010027","ISOLA DEL CANTONE",0.599044665092832,0.628414563908665,0.935840054154972,0.645940658466171,0.678151702431594
"010028","LAVAGNA",0.488356602879585,0.456983650300987,0.926440947027411,0.518047208633999,0.563424290677711
"010029","LEIVI",0.573310510800153,0.55939324311043,0.930035782605283,0.602720267520291,0.63908865808529
"010030","LORSICA",0.707869873284617,0.772657378446529,0.948935399322021,0.761130803211218,0.781997980556863
"010031","LUMARZO",0.605040333242434,0.641606341389394,0.936906719333351,0.654681675517658,0.686040013719402
"010032","MASONE",0.59482396165562,0.598079713048786,0.941567934418562,0.630963447058839,0.665475056765475
"010033","MELE",0.601853529131243,0.610516681606025,0.949094313935359,0.640476026225307,0.674766947081979
"010034","MEZZANEGO",0.666341435363883,0.702355724221513,0.950001140372502,0.710913835850678,0.737479091908658
"010035","MIGNANEGO",0.591885092088004,0.596751022405085,0.944884440357014,0.629374695557591,0.664431333868639
"010036","MOCONESI",0.622164377014714,0.640718218028411,0.936058707724969,0.661903038541903,0.692364779562244
"010037","MONEGLIA",0.590174387391731,0.590585596945528,0.926041496103647,0.623946142562132,0.657512292955633
"010038","MONTEBRUNO",0.780788605156154,0.849602696013571,0.946700406733253,0.828346126199702,0.841496601814541
"010039","MONTOGGIO",0.617348639759849,0.63022016335328,0.941024880346798,0.655508449435588,0.687232497314611
"010040","NE",0.626820034323762,0.650699665847555,0.941815521924902,0.669065417269583,0.699370984453507
"010041","NEIRONE",0.639878434945871,0.681998024583162,0.932651223893044,0.688109529177369,0.715280828590222
"010042","ORERO",0.678675637350637,0.731956270935904,0.941162209939902,0.728900579722934,0.752485205302597
"010043","PIEVE LIGURE",0.543118555451564,0.494537081045757,0.951802634665415,0.562125299890336,0.605422781532011
"010044","PORTOFINO",0.68491426401734,0.708379763843697,0.97507896433788,0.724490208971254,0.752333404011991
"010045","PROPATA",0.803252697178945,0.882997822787723,0.948421833755146,0.853654917360515,0.864184574737696
"010046","RAPALLO",0.437038065134208,0.395147491892008,0.920345794653197,0.466518080127117,0.516943381741126
"010047","RECCO",0.496279242097438,0.461728475740296,0.930822289945953,0.524185702021575,0.569367545124284
"010048","REZZOAGLIO",0.668215141504911,0.731722966798956,0.953720987184557,0.725344247455196,0.750719440758458
"010049","RONCO SCRIVIA",0.569632085047225,0.565414155724783,0.944169278322135,0.605187736179617,0.64285235197323
"010050","RONDANINA",0.837973964819008,0.936918273852766,0.957710175967303,0.894472524999029,0.90149893066217
"010051","ROSSIGLIONE",0.604935990361656,0.614464844977547,0.943419883144884,0.643072364217129,0.676444310764658
"010052","ROVEGNO",0.660598414802416,0.696218537497793,0.928024457999093,0.703370074335003,0.728331672519902
"010053","SAN COLOMBANO CERTENOLI",0.619968139064294,0.635581364329763,0.94099983166089,0.659097259693415,0.690419767689801
"010054","SANTA MARGHERITA LIGURE",0.507746006009695,0.482880744113912,0.931737008179794,0.538955738373603,0.582598101685402
"010055","SANT'OLCESE",0.550964485997403,0.542627990352194,0.944580009348385,0.586574615292157,0.626352992409516
"010056","SANTO STEFANO D'AVETO",0.685200213143902,0.736877355375141,0.949995655583465,0.734934471391916,0.75883015852431
"010057","SAVIGNONE",0.584853780206625,0.586293796143431,0.945367183893546,0.62155312774688,0.657532467318732
"010058","SERRA RICCÒ",0.54213792969031,0.537203639023763,0.949574947493606,0.580661200670694,0.62165161698435
"010059","SESTRI LEVANTE",0.470722669473397,0.437019569172631,0.925206678032951,0.501004675194008,0.548138231065001
"010060","SORI",0.55301284027936,0.534808249077154,0.941732927225134,0.583692782932945,0.623475021187633
"010061","TIGLIETO",0.678010735017388,0.701189724585012,0.929100766080839,0.713550283429164,0.737500337057128
"010062","TORRIGLIA",0.608879877490692,0.613999588903649,0.933209358568486,0.643616695734302,0.675793658271434
"010063","TRIBOGNA",0.666312218217358,0.71672506790237,0.943585564006989,0.716725335154576,0.741932027249289
"010064","USCIO",0.62438150230871,0.641299263804622,0.940479125090688,0.663604257260068,0.694368131463471
"010065","VALBREVENNA",0.661127646580798,0.679932839084911,0.937941490403472,0.697271367589916,0.724012492346978
"010066","VOBBIA",0.689350460186771,0.742280198256958,0.946917533406911,0.738925549640369,0.762035770058874
"010067","ZOAGLI",0.564090016076739,0.539808934946532,0.933094556766788,0.590063983637151,0.628178491762666
"011001","AMEGLIA",0.551226962410705,0.538122572730445,0.933974543758424,0.58360474518936,0.622534722808145
"011002","ARCOLA",0.516695716801399,0.502944249885593,0.93800052912311,0.552638037921457,0.595456092499419
"011003","BEVERINO",0.610863611269385,0.625907478654433,0.949797621090161,0.651526752574734,0.684667960187559
"011004","BOLANO",0.538763989945698,0.528991166997751,0.943532795000201,0.574843100124572,0.615808621777419
"011005","BONASSOLA",0.662052462138162,0.674990995077658,0.926721920194748,0.694341747766594,0.720161766925278
"011006","BORGHETTO DI VARA",0.684108637491356,0.725887590680232,0.948726014409497,0.729370904118164,0.753743694150534
"011007","BRUGNATO",0.618569214744074,0.661261712111369,0.944871961353431,0.670411113220292,0.700906763012863
"011008","CALICE AL CORNOVIGLIO",0.620641347932961,0.656564028613783,0.931168997211648,0.6678593191672,0.697115950061027
"011009","CARRO",0.666070993125007,0.710652826695589,0.930648477960598,0.712590566715328,0.736819223520358
"011010","CARRODANO",0.729223307129199,0.771518980720011,0.937530060337105,0.769087035565855,0.787802927207105
"011011","CASTELNUOVO MAGRA",0.533587699012395,0.525806357254281,0.93878473627557,0.570605798947561,0.611514569761785
"011012","DEIVA MARINA",0.601776894260832,0.6314701625978,0.931021264461336,0.648063302032518,0.67950307563572
"011013","FOLLO",0.554226351951719,0.546648109964579,0.942570888150355,0.58965059667737,0.62886396239659
"011014","FRAMURA",0.675759235126821,0.706027892575323,0.93474882823903,0.715279090289868,0.739664616728664
"011015","LA SPEZIA",0.365607093184805,0.304144884162506,0.903340212066076,0.391722411012897,0.448568833352139
"011016","LERICI",0.482386454247974,0.438272052691972,0.931995537139141,0.50749588183689,0.554662510203807
"011017","LEVANTO",0.554967855654367,0.550900392560613,0.93368993931253,0.591009705627994,0.629085287148498
"011018","MAISSANA",0.667444562239651,0.719179711728316,0.939133750976604,0.717894298383245,0.742476459782507
"011019","MONTEROSSO AL MARE",0.641339939855672,0.655570927714694,0.927388574739878,0.676348747880652,0.704242061976122
"011020","LUNI",0.526334953271212,0.513796411113098,0.937735975135696,0.561832711486509,0.603599740780863
"011021","PIGNONE",0.668328428650714,0.716015709348266,0.94589215155663,0.717544077255204,0.742916085510918
"011022","PORTOVENERE",0.55787913781682,0.540829179789049,0.940428400773234,0.588461582999964,0.627569007196994
"011023","RICCÒ DEL GOLFO DI SPEZIA",0.581759679030685,0.581345841217294,0.944003606188876,0.617797844730478,0.654042929336967
"011024","RIOMAGGIORE",0.624925074455637,0.626450680188637,0.92852182241297,0.65597127183122,0.686254666340304
"011025","ROCCHETTA DI VARA",0.663777793018811,0.715400054725485,0.939597641717421,0.714589795656675,0.739590667441202
"011026","SANTO STEFANO DI MAGRA",0.511584893259314,0.490897300307852,0.938810441439265,0.544998031249151,0.58875496571472
"011027","SARZANA",0.450082208167226,0.408015126425792,0.926244846193208,0.478768285186179,0.528487903075849
"011028","SESTA GODANO",0.641713048756969,0.664425507340503,0.936372540103444,0.681399604254207,0.709729930459677
"011029","VARESE LIGURE",0.639427365922615,0.669222659005948,0.93992582058657,0.68288509327651,0.711445174088739
"011030","VERNAZZA",0.639051245346897,0.673889198807571,0.927211743390306,0.683544374208541,0.710618526339849
"011031","VEZZANO LIGURE",0.528894252742556,0.513632799594521,0.936505647185592,0.562787738270244,0.604311950371949
"011032","ZIGNAGO",0.691226779484676,0.749899245531879,0.9575545670169,0.74426216795914,0.767961323410002
"012001","AGRA",0.674913864824034,0.697448478497012,0.915047579190222,0.709067812413493,0.731954453166463
"012002","ALBIZZATE",0.550501991993396,0.542750218487448,0.948721775295424,0.586835672245922,0.627045239251422
"012003","ANGERA",0.539746666650138,0.522937059592402,0.939350351031814,0.572142711912324,0.612943560703379
"012004","ARCISATE",0.532496532416465,0.529344337061696,0.943208831374312,0.572149274402604,0.613378114066127
"012005","ARSAGO SEPRIO",0.569112914888821,0.574248809562513,0.953161462150076,0.609828922218108,0.647976982210549
"012006","AZZATE",0.542256915655525,0.521794595215581,0.947164637671271,0.573539643659125,0.615053531882696
"012007","AZZIO",0.636106965737788,0.668692629698809,0.944140830777694,0.681573901024238,0.710748004330178
"012008","BARASSO",0.589710294184069,0.570527949988884,0.939507466056428,0.616057956483471,0.651996790880466
"012009","BARDELLO",0.62693779472267,0.634446580205028,0.945959074337234,0.662218876151188,0.693745564838526
"012010","BEDERO VALCUVIA",0.671318650814349,0.691276023967429,0.941556887625109,0.707323292414311,0.733349247437733
"012011","BESANO",0.620744339676684,0.638942320553355,0.938656634778303,0.660724660581347,0.691605991047676
"012012","BESNATE",0.544383026146269,0.536443397023082,0.950831937581193,0.581455084184327,0.622496956783979
"012013","BESOZZO",0.521085391742863,0.505334508782335,0.944946856374813,0.55638364087382,0.599557331485042
"012014","BIANDRONNO",0.590430680186137,0.599251441168063,0.957405142265607,0.631097468835951,0.667353876994802
"012015","BISUSCHIO",0.590317172310146,0.602881657064566,0.948379618791756,0.631777435097796,0.666955455508236
"012016","BODIO LOMNAGO",0.56920982194698,0.549304669151708,0.946740293492167,0.598005550343626,0.636753855137908
"012017","BREBBIA",0.591359585885995,0.596936754784564,0.948631276541526,0.629596480955904,0.665044791576529
"012018","BREGANO",0.660862119279798,0.672494633671127,0.942499061778768,0.694260445005793,0.721842513536123
"012019","BRENTA",0.636563064738971,0.65252629666769,0.941856703188898,0.674275882951887,0.704007085200444
"012020","BREZZO DI BEDERO",0.631627681673844,0.634327286467476,0.939987567099643,0.663678492373558,0.694379500676456
"012021","BRINZIO",0.6594855329391,0.67551877584235,0.948731110224777,0.69562504997413,0.723747945557535
"012022","BRISSAGO-VALTRAVAGLIA",0.620489910305248,0.653981422366912,0.928695194996297,0.666381619202102,0.695527572068124
"012023","BRUNELLO",0.642579599260566,0.65223497236731,0.949671110006801,0.677633668233224,0.707860050652511
"012024","BRUSIMPIANO",0.666734906353147,0.690200269107919,0.9366824853851,0.70428907749599,0.730110567261446
"012025","BUGUGGIATE",0.572676533385408,0.5627051124754,0.949888385708476,0.605910579208211,0.644130335486018
"012026","BUSTO ARSIZIO",0.372356850409048,0.31486753195412,0.917083973119568,0.400959369375382,0.458306547569181
"012027","CADEGLIANO-VICONAGO",0.640096561872635,0.665326821535416,0.930623966264141,0.680502919160037,0.708294146616049
"012029","CAIRATE",0.546557481178623,0.547906059813323,0.955032187767934,0.588011812223169,0.628791853950365
"012030","CANTELLO",0.571263468511498,0.566335423283973,0.937514956855187,0.605670996993481,0.642542548089226
"012031","CARAVATE",0.60778419482455,0.618935183695566,0.943525426592938,0.646376262993346,0.679392836726634
"012032","CARDANO AL CAMPO",0.489761504033566,0.46698747785964,0.945361085440479,0.525073150395991,0.571771809845378
"012033","CARNAGO",0.54570921834569,0.539204581841754,0.95595566342621,0.583806776426971,0.62515665276022
"012034","CARONNO PERTUSELLA",0.481423242956401,0.452798836583164,0.948568799970244,0.515256815789829,0.563402591809875
"012035","CARONNO VARESINO",0.563811164656997,0.563857848196449,0.951590241775214,0.602610079961572,0.641385653496421
"012036","CASALE LITTA",0.602275881249182,0.611437472095201,0.955057978372258,0.641676806842198,0.676496937012205
"012037","CASALZUIGNO",0.647094703830539,0.669594917014645,0.942330253118771,0.68674335469221,0.715141898961828
"012038","CASCIAGO",0.532621498105176,0.496477095228384,0.944513021445009,0.557545669144603,0.600542041622426
"012039","CASORATE SEMPIONE",0.550290190537704,0.543857273894283,0.948769632214275,0.587243322215822,0.62741291221565
"012040","CASSANO MAGNAGO",0.474869946184598,0.451788045532506,0.943126052508698,0.511308701523567,0.559288407188581
"012041","CASSANO VALCUVIA",0.689972657578137,0.723416628621883,0.946386652549902,0.730663844044999,0.754633044989988
"012042","CASTELLANZA",0.478280061468721,0.4485078402786,0.942256321065572,0.511280187892852,0.559166424912043
"012043","CASTELLO CABIAGLIO",0.652314308251438,0.647425957711365,0.936743083683454,0.678557428051607,0.707244723121812
"012044","CASTELSEPRIO",0.637674430970762,0.653031382696522,0.954710390400556,0.676288655190334,0.707224403547025
"012045","CASTELVECCANA",0.604259813090763,0.609096102648955,0.934673216122904,0.639477483695163,0.672277009520468
"012046","CASTIGLIONE OLONA",0.541712791235803,0.534882679759563,0.948957933464824,0.579363755294397,0.620429775091111
"012047","CASTRONNO",0.560967911729054,0.555882466622913,0.951693711240638,0.597752041382449,0.637078893588914
"012048","CAVARIA CON PREMEZZO",0.557583002931075,0.554133415065977,0.952659245296338,0.595538312628307,0.635218416258088
"012049","CAZZAGO BRABBIA",0.652411682207388,0.663637908039729,0.941552885300817,0.686377604141284,0.71473041315901
"012050","CISLAGO",0.51273747028897,0.494370666751685,0.95024929508186,0.54822359117648,0.592893113832634
"012051","CITTIGLIO",0.58046106151993,0.584181952005952,0.943568465744328,0.61844620266108,0.654570898559219
"012052","CLIVIO",0.649336736983783,0.67644676005887,0.933235894419444,0.689926163111139,0.71696057770095
"012053","COCQUIO-TREVISAGO",0.568882392213096,0.571340549692707,0.947639886155837,0.607864312473195,0.645617153993489
"012054","COMABBIO",0.623319359468353,0.623659562889318,0.952672872431002,0.656407802304052,0.689326143429269
"012055","COMERIO",0.548993189023166,0.515942215230152,0.945186956901726,0.573739627604166,0.615011553081673
"012056","CREMENAGA",0.700991654823069,0.742840679937046,0.926183405083423,0.742342891150394,0.762769614920731
"012057","CROSIO DELLA VALLE",0.681483454461153,0.71037908694279,0.961272654059856,0.72246540903776,0.748999547373548
"012058","CUASSO AL MONTE",0.601610404753319,0.610834490030592,0.936614798879856,0.639261682540746,0.672300917689536
"012059","CUGLIATE-FABIASCO",0.627346826283067,0.651801920570291,0.93557209193299,0.66917414527731,0.698773917127941
"012060","CUNARDO",0.606245581938714,0.614185810414572,0.928461698539587,0.642040296412938,0.673864896649232
"012061","CURIGLIA CON MONTEVIASCO",0.77351347405143,0.815563109507511,0.916557869116864,0.80674024951321,0.818942207246949
"012062","CUVEGLIO",0.606070194966303,0.619623275666575,0.944438226859864,0.646005884470782,0.679165033625124
"012063","CUVIO",0.633866839758889,0.654362547500294,0.941501847008799,0.673853408967512,0.703592124305433
"012064","DAVERIO",0.585196721823656,0.57585663793373,0.947297663835932,0.617203778274417,0.653880876670141
"012065","DUMENZA",0.64480361417029,0.659805344904981,0.921019551562089,0.679175986740081,0.706047493942526
"012066","DUNO",0.730363468899923,0.761446399289328,0.927164813747226,0.764030922059886,0.782156910025146
"012067","FAGNANO OLONA",0.509739148707033,0.49785270751298,0.955141957736208,0.548930531072627,0.594065134035247
"012068","FERNO",0.554992050212258,0.559613163267768,0.954422032869516,0.597014549352963,0.636726491965913
"012069","FERRERA DI VARESE",0.672179526401388,0.722846659427481,0.946203188722858,0.722382102495277,0.74725111207612
"012070","GALLARATE",0.393924283180474,0.33687097781395,0.924230748826823,0.421280942330173,0.477164254163134
"012071","GALLIATE LOMBARDO",0.606882053477903,0.584448377743499,0.953916013340527,0.631490295383684,0.667315375156666
"012072","GAVIRATE",0.504818032436894,0.479142218824441,0.944360222274426,0.537218135295043,0.582456144959419
"012073","GAZZADA SCHIANNO",0.552863819014997,0.540907941938307,0.944574672001593,0.586654759629146,0.62642363878164
"012074","GEMONIO",0.587390129146883,0.585058482083373,0.939091757070193,0.621511050760634,0.656797795906141
"012075","GERENZANO",0.509190796910968,0.486473417557352,0.949969104431201,0.543045806953864,0.588259506673568
"012076","GERMIGNAGA",0.585350902500209,0.585652051627768,0.930657554745972,0.620017084832187,0.654532692600385
"012077","GOLASECCA",0.610687327312148,0.623411650122374,0.954167905021784,0.650761330347714,0.684473171978166
"012078","GORLA MAGGIORE",0.564366500043199,0.569055157455078,0.961156772204147,0.606155423094639,0.64560001744014
"012079","GORLA MINORE",0.535417185453005,0.528968666504385,0.952389189982122,0.574212552379038,0.61623217877938
"012080","GORNATE OLONA",0.596863188434073,0.597855769907123,0.951424892817634,0.632766020535302,0.668172561900005
"012081","GRANTOLA",0.638365693208187,0.685440433569497,0.943583781762898,0.690071135226248,0.718239207063653
"012082","INARZO",0.644458031555005,0.64684463170134,0.948964058031121,0.675982604268468,0.706313876908762
"012083","INDUNO OLONA",0.507737337037965,0.482982344390878,0.937331041280085,0.539556960770988,0.583754080827554
"012084","ISPRA",0.547141096638471,0.529050538994692,0.937675257950771,0.57805376183,0.618011705843419
"012085","JERAGO CON ORAGO",0.560258963269106,0.550540864172023,0.951878494759861,0.595047771824494,0.634695629928424
"012086","LAVENA PONTE TRESA",0.594648920935582,0.607002482900256,0.925580720016978,0.633301203727825,0.665776705537731
"012087","LAVENO-MOMBELLO",0.513219812004797,0.491609069700502,0.933713745191612,0.545544371286546,0.588674301720442
"012088","LEGGIUNO",0.56822993555197,0.560218024020175,0.942105178030812,0.602012099610546,0.63980021943502
"012089","LONATE CEPPINO",0.567794133514251,0.57177163232781,0.957811745615928,0.60858576919052,0.64738865546001
"012090","LONATE POZZOLO",0.522324828274268,0.518312712142242,0.953881969963605,0.56367509018379,0.607031410159325
"012091","LOZZA",0.621176772888893,0.616864383962506,0.943737339274142,0.651492254510544,0.683963930595388
"012092","LUINO",0.505967325390416,0.487971941219308,0.926889988692734,0.539961668843649,0.582953704382436
"012093","LUVINATE",0.582422822018631,0.548825069118117,0.939869749771073,0.603048525988644,0.640473106408914
"012095","MALGESSO",0.61874985736779,0.654367929013519,0.952200703047539,0.668123074176343,0.699687255162031
"012096","MALNATE",0.487679006042028,0.464314405417763,0.93832768136886,0.522229803293792,0.568462900857688
"012097","MARCHIROLO",0.621112993033983,0.638659745265453,0.93341699684116,0.660239431918862,0.690592494688006
"012098","MARNATE",0.521556608227009,0.506289366038242,0.952729083847545,0.557803596804117,0.601684206475609
"012099","MARZIO",0.678338823044583,0.710671251151136,0.920987753128172,0.71715330870089,0.739801580303922
"012100","MASCIAGO PRIMO",0.729196725555454,0.745154231583154,0.924476190028319,0.755905549715205,0.774635620861107
"012101","MERCALLO",0.620001562990483,0.631468675388322,0.954900187320826,0.658651626002545,0.691568132815687
"012102","MESENZANA",0.645301778661814,0.666958295431835,0.938378261150347,0.684354859457177,0.712579681867529
"012103","MONTEGRINO VALTRAVAGLIA",0.646879346067591,0.669233171216611,0.939470117774875,0.686197644555378,0.714339030468656
"012104","MONVALLE",0.61737568674949,0.622664302374832,0.94519329820563,0.652537324926508,0.685054655290855
"012105","MORAZZONE",0.567546784719482,0.564218542290651,0.952566803356806,0.604551077490241,0.643219491475415
"012106","MORNAGO",0.56513553714988,0.566828420108558,0.95760491987547,0.605144272753844,0.644306566878469
"012107","OGGIONA CON SANTO STEFANO",0.574254092054818,0.576551720223636,0.951738827126122,0.613036498237916,0.650670090336606
"012108","OLGIATE OLONA",0.487284609692369,0.45870740301521,0.950982164413525,0.520794622159763,0.568593237965736
"012109","ORIGGIO",0.528180080356309,0.512200243680882,0.957918895719459,0.563963035388682,0.607735908758768
"012110","ORINO",0.658485330385721,0.664793439388418,0.933234864334439,0.688798932831806,0.715958480776543
"012113","PORTO CERESIO",0.608412467065932,0.618578391818001,0.930568036042043,0.645202690101974,0.676909950761982
"012114","PORTO VALTRAVAGLIA",0.593175064268676,0.593077198656503,0.925431440334242,0.626356662349755,0.65958719323692
"012115","RANCIO VALCUVIA",0.674243767270003,0.706523486159568,0.943161450095446,0.715661409052851,0.740939191390917
"012116","RANCO",0.609524503436178,0.597811208121035,0.94377252478244,0.63767832267899,0.671688789579374
"012117","SALTRIO",0.641474488132815,0.663438765333341,0.937352890615289,0.680946253121299,0.70943587950952
"012118","SAMARATE",0.496827085211064,0.483753861876287,0.949102977559587,0.536171723945267,0.582052974346858
"012119","SARONNO",0.399754873460956,0.33376725470453,0.929648150502556,0.423049772724724,0.479338481366706
"012120","SESTO CALENDE",0.490175339222467,0.459914138810859,0.942792518854588,0.521819517000456,0.568594294984248
"012121","SOLBIATE ARNO",0.561634925493372,0.558723814953014,0.957021462578754,0.599863579458749,0.639547788694305
"012122","SOLBIATE OLONA",0.559339489709556,0.560617727231308,0.956673245758384,0.599648072199227,0.639317535928023
"012123","SOMMA LOMBARDO",0.484282042930531,0.46438690546791,0.943339906535676,0.521235017432866,0.568135560666512
"012124","SUMIRAGO",0.54251969191012,0.534906056652739,0.95581845516904,0.58042343237019,0.622133990458951
"012125","TAINO",0.563623823867904,0.54951061735823,0.945658275080471,0.595476326059808,0.634385431506548
"012126","TERNATE",0.60201536010919,0.609336968951271,0.956635282216692,0.640772076298877,0.675867988067523
"012127","TRADATE",0.466115698897667,0.429814846887848,0.940515340691356,0.497220279672617,0.546475286452477
"012128","TRAVEDONA-MONATE",0.560955652718678,0.553442754888288,0.947429761752591,0.596222259598394,0.635245315393305
"012129","TRONZANO LAGO MAGGIORE",0.735694104751836,0.789869716839113,0.932431259472089,0.779746845663136,0.796711780530798
"012130","UBOLDO",0.510368212569713,0.495103556791602,0.952425472688968,0.547704843481489,0.59267380228232
"012131","VALGANNA",0.633215225468647,0.647819594425299,0.933253534243699,0.669791022376646,0.699064634806318
"012132","VARANO BORGHI",0.597761064220557,0.604317978540538,0.950740334864417,0.636009602728934,0.670979684077321
"012133","VARESE",0.356839727637899,0.282556680698468,0.907958556202695,0.378524239371635,0.437350274575086
"012134","VEDANO OLONA",0.531493809424628,0.518356119324339,0.943618854935716,0.566794353430607,0.60866374248673
"012136","VENEGONO INFERIORE",0.541555590685951,0.531371021422591,0.949489701555844,0.577765945604429,0.619068585154586
"012137","VENEGONO SUPERIORE",0.535347912858404,0.521088957801518,0.947115083837584,0.570108100180723,0.611997765031486
"012138","VERGIATE",0.52741491584059,0.517723738252338,0.951199074522901,0.565432301794107,0.608295276541751
"012139","VIGGIÙ",0.584846323942329,0.590442908669118,0.932992206903516,0.622179375365502,0.656714134425282
"012140","VIZZOLA TICINO",0.673035271386461,0.691505176841651,0.968151782066989,0.710858379909349,0.739446535704642
"012141","SANGIANO",0.645896070734417,0.668402396623297,0.957300506397394,0.687164360950711,0.717179488222564
"012142","MACCAGNO CON PINO E VEDDASCA",0.602661848123494,0.605012270771518,0.925503704074848,0.63600372391024,0.668170388372974
"012143","CADREZZATE CON OSMATE",0.585644680848045,0.577189895869268,0.945450796736952,0.617820639196486,0.654223990034316
"013003","ALBAVILLA",0.538281923594858,0.526293636825302,0.947756381416298,0.573834640330702,0.615381500451324
"013004","ALBESE CON CASSANO",0.561812744428029,0.555042955102409,0.944935139914242,0.597078578780121,0.635729307795024
"013005","ALBIOLO",0.605012179018494,0.606948729234001,0.938003609611187,0.639182769674742,0.672385085223236
"013006","ALSERIO",0.633143670885234,0.637154282279656,0.948867852462792,0.66652086417048,0.697892751758514
"013007","ALZATE BRIANZA",0.555631495402105,0.552937740281505,0.950215046473431,0.593877660704967,0.63347070356813
"013009","ANZANO DEL PARCO",0.6082156992319,0.608108261830851,0.948508720360158,0.642196654514254,0.676231328497132
"013010","APPIANO GENTILE",0.518493825306326,0.50112525875971,0.951407247061123,0.553969312535828,0.598129083038639
"013011","ARGEGNO",0.657367279769439,0.664234006498131,0.933541292009188,0.688074708021325,0.715348772908865
"013012","AROSIO",0.553526938652495,0.547731264775508,0.949309632178746,0.590497154760476,0.63036520780695
"013013","ASSO",0.592526001099597,0.596725517835442,0.946110886067356,0.629774272127504,0.664922784787487
"013015","BARNI",0.6657229552304,0.712025152146059,0.945319347992064,0.714518583118613,0.740163112548996
"013021","BENE LARIO",0.724616580398434,0.784909552329748,0.947724424075717,0.774059202135254,0.793355337906416
"013022","BEREGAZZO CON FIGLIARO",0.616272417209468,0.627391861698637,0.94790371173084,0.654439296681731,0.68704645390941
"013023","BINAGO",0.574381354949115,0.576492970758363,0.946754629005274,0.612568909468893,0.649700656084046
"013024","BIZZARONE",0.637809177805926,0.649344735248804,0.935720754287657,0.672791336303394,0.702005716079424
"013025","BLESSAGNO",0.69233075486269,0.727705795902982,0.928419795446384,0.731858427389191,0.753698579395546
"013026","BLEVIO",0.620330218086622,0.612246751430593,0.935018382832921,0.648161474566039,0.68003446437347
"013028","BREGNANO",0.549974226851137,0.54447448902085,0.949975950100835,0.587499517152478,0.627774676368962
"013029","BRENNA",0.609327692444468,0.622631441384632,0.954848753517944,0.649866485574889,0.683753404235229
"013030","BRIENNO",0.700455806065938,0.726617974989142,0.942174308405848,0.736400632315371,0.759264374103202
"013032","BRUNATE",0.585622913712707,0.566403548541193,0.935172033723213,0.611929111386577,0.647844991646203
"013034","BULGAROGRASSO",0.574293359536621,0.574692710603621,0.952716891943619,0.612315420757471,0.650137806444821
"013035","CABIATE",0.532404677822357,0.51705757949877,0.94409446403394,0.566667462197901,0.608603795735239
"013036","CADORAGO",0.52514033300844,0.506561805666609,0.948428092240547,0.559108771627827,0.602366473918129
"013037","CAGLIO",0.649528987042841,0.674727211710764,0.932913729099659,0.689206662349088,0.716285225321374
"013040","CAMPIONE D'ITALIA",0.597962887349107,0.58496006514136,0.907156467153002,0.62303097533601,0.654600474426787
"013041","CANTÙ",0.42401996924743,0.384854853005783,0.931663880102246,0.45716005802417,0.509882704921734
"013042","CANZO",0.548268674181906,0.537378744732509,0.939578328129442,0.582499171324431,0.622174633191655
"013043","CAPIAGO INTIMIANO",0.53449634484669,0.517358901180281,0.948357192384886,0.568170579950626,0.610413536887766
"013044","CARATE URIO",0.615314370539282,0.606853623592327,0.938503029044216,0.643825900263646,0.676567803461487
"013045","CARBONATE",0.587863660972857,0.590272085880551,0.953702961084458,0.62553138219248,0.661994890958255
"013046","CARIMATE",0.539009131192857,0.513981918117298,0.955782213753187,0.569424193564889,0.612352862474699
"013047","CARLAZZO",0.63124281747489,0.655919159188033,0.934356274451905,0.672658516943506,0.70173604555555
"013048","CARUGO",0.542113109963596,0.532601104588416,0.947755405246268,0.578396937073032,0.619436766870058
"013052","CASLINO D'ERBA",0.622584323044818,0.634075204303498,0.948094367240483,0.66030622403079,0.692282684387423
"013053","CASNATE CON BERNATE",0.535403682359602,0.513991713403701,0.946251096113325,0.566853037704818,0.609008377527986
"013055","CASSINA RIZZARDI",0.575894222444001,0.570206618251639,0.954875928977734,0.611232971210811,0.649415522073803
"013058","CASTELMARTE",0.631903772809121,0.645568918594827,0.948628278314234,0.6697255389632,0.700714732224426
"013059","CASTELNUOVO BOZZENTE",0.655435967214573,0.669476259592561,0.938248326248646,0.690035334688075,0.717614555972583
"013062","CAVARGNA",0.811430499362904,0.895053522102605,0.922675384187713,0.86018534807825,0.867128685423746
"013063","CERANO D'INTELVI",0.665621112226573,0.706037084673826,0.937351805231872,0.710981369128367,0.736133639806534
"013064","CERMENATE",0.517724224381065,0.505678349753538,0.949427368665036,0.555473895227075,0.599246503386849
"013065","CERNOBBIO",0.517349087290185,0.488766185730176,0.950427498035844,0.547794622662747,0.592531608815313
"013068","CIRIMIDO",0.619995569348077,0.632988882621478,0.95698414396233,0.659541417782533,0.692590609580288
"013071","CLAINO CON OSTENO",0.695002983166046,0.752040942599684,0.937048243320781,0.744874590926656,0.766227218970448
"013074","COLONNO",0.697970778760323,0.735060919441119,0.936186491155189,0.738482913306168,0.760449977511615
"013075","COMO",0.354066379333376,0.278646660122449,0.903748591730809,0.375095726928202,0.433834934128492
"013077","CORRIDO",0.723474504881174,0.761772716499738,0.9279882055943,0.761160070180841,0.779696529671225
"013083","CREMIA",0.679045780555672,0.735484379658361,0.948602756963341,0.731398847792649,0.755532615478282
"013084","CUCCIAGO",0.584047258290698,0.581403874728254,0.94722639630792,0.61917564948932,0.655625732469165
"013085","CUSINO",0.788793196220411,0.85922434387831,0.944710137709844,0.836078906815409,0.848149043581457
"013087","DIZZASCO",0.643465762692754,0.67749043334236,0.944757699066525,0.688906058122454,0.717334018227351
"013089","DOMASO",0.612325380536598,0.614725623194195,0.931531979632475,0.645326149642105,0.677126797418812
"013090","DONGO",0.594565809061638,0.605236325565668,0.941240275728417,0.634034988155129,0.668168908996606
"013092","DOSSO DEL LIRO",0.812003073592539,0.913031004653561,0.966719333687292,0.872937268579474,0.883357498035898
"013095","ERBA",0.46822307069518,0.435637626815387,0.937268183311306,0.500464132210886,0.548997915666488
"013097","EUPILIO",0.574886740954146,0.567669874959616,0.955148732191328,0.609665350380326,0.648052392803771
"013098","FAGGETO LARIO",0.633640267564368,0.650299466832649,0.945567415859351,0.672329622064593,0.702689376930677
"013099","FALOPPIO",0.575183097455981,0.574599148653219,0.940722243702475,0.611474235119387,0.648057347184175
"013100","FENEGRÒ",0.589929224838112,0.595995272848244,0.958601800515743,0.629526204010434,0.666090159177691
"013101","FIGINO SERENZA",0.565953830741789,0.56619456483292,0.948422167532015,0.60430899476182,0.642543791736287
"013102","FINO MORNASCO",0.513884593725589,0.49541363613558,0.944538199194804,0.548638023357006,0.592626931783428
"013106","GARZENO",0.697425853898318,0.771116174391401,0.958017870196309,0.756645699750005,0.77902038535515
"013107","GERA LARIO",0.652199799087991,0.671860601199518,0.943207260156568,0.690147906145036,0.718265612146317
"013110","GRANDATE",0.590863302244375,0.59222661709554,0.955473740819323,0.627937837784894,0.664330715899831
"013111","GRANDOLA ED UNITI",0.66932879829773,0.701632812572285,0.936972513350016,0.710629976226508,0.735779147018009
"013113","GRIANTE",0.681426345385459,0.707967793099363,0.932069091838023,0.718434271501972,0.742171473761534
"013114","GUANZATE",0.545021500943413,0.531748791760453,0.949927184187083,0.579539350135448,0.620693553918963
"013118","INVERIGO",0.507441349659491,0.48144655440726,0.946427837801752,0.539642340610213,0.584840729187051
"013119","LAGLIO",0.620095255564944,0.602579731695036,0.941818156880841,0.644385559955075,0.67743362628016
"013120","LAINO",0.695090624009003,0.729737103511712,0.927542781780123,0.733926755562334,0.755439647364311
"013121","LAMBRUGO",0.589529939070783,0.590876213196221,0.954676744775619,0.626650442997714,0.663097809861925
"013123","LASNIGO",0.676220367550009,0.726625600653129,0.949850440054589,0.726265729696871,0.751108475292173
"013126","LEZZENO",0.618988885283289,0.63458814844477,0.938617448229341,0.657971410000561,0.689154303137092
"013128","LIMIDO COMASCO",0.575261756293088,0.575171941403307,0.956870716592877,0.613382235622665,0.651547622397134
"013129","LIPOMO",0.539810831922573,0.528848359905822,0.945181725654373,0.575414808888215,0.616500021862233
"013130","LIVO",0.760186502044665,0.823555182823429,0.942944630479858,0.806978221238629,0.82208560004321
"013131","LOCATE VARESINO",0.570434278464972,0.565181516346784,0.948820403665611,0.605909148031852,0.644010398657825
"013133","LOMAZZO",0.511760079795688,0.486865321869972,0.945792417944988,0.543960672544046,0.588608644255261
"013134","LONGONE AL SEGRINO",0.603699592731644,0.603584942013075,0.955689576236049,0.638846998258729,0.674051729145098
"013135","LUISAGO",0.594536496682952,0.594003216428069,0.946657875185233,0.629508658418483,0.664747460281455
"013136","LURAGO D'ERBA",0.552547591129818,0.540896454424111,0.950682970438509,0.587118117543119,0.627514212309274
"013137","LURAGO MARINONE",0.591464529856573,0.59416814753113,0.956158837041281,0.629150588528595,0.665484838363338
"013138","LURATE CACCIVIO",0.52734156951159,0.52025680198189,0.947889341078335,0.566208201279899,0.608617216813059
"013139","MAGREGLIO",0.665618099828505,0.690136965174311,0.94274176997114,0.704363956248381,0.730850379995354
"013143","MARIANO COMENSE",0.455426381181343,0.422203327540493,0.938016517064513,0.488735020631278,0.538655186901637
"013144","MASLIANICO",0.599237038886014,0.601764893490101,0.938998624563342,0.634350732025586,0.668200497863114
"013145","MENAGGIO",0.572738549073494,0.5670700127722,0.934745064890081,0.60638835931957,0.642872437716294
"013147","MERONE",0.58333264917014,0.589184506263588,0.956270784027964,0.623259798347974,0.660261018979084
"013152","MOLTRASIO",0.600197724183619,0.588012248771712,0.945307362449027,0.629225224074802,0.664345461671938
"013153","MONGUZZO",0.604205809224037,0.607561330486875,0.952351423574515,0.640530355227362,0.675177140599268
"013154","MONTANO LUCINO",0.543454426279488,0.527404753334727,0.945268691319815,0.576413499958378,0.617397410109649
"013155","MONTEMEZZO",0.714857490375963,0.770999635365883,0.933210723318887,0.76195677891572,0.780984994960516
"013157","MONTORFANO",0.574361746658207,0.564096465059292,0.943513911731384,0.606657586446013,0.644086067033277
"013159","MOZZATE",0.52405449281387,0.506661666809862,0.94822545543155,0.558644817373834,0.601931554935803
"013160","MUSSO",0.675345185738519,0.715275805746319,0.950256250278309,0.720805071196008,0.746299646649597
"013161","NESSO",0.658099059753872,0.684606339478976,0.944144457056052,0.698631875360387,0.72591105110435
"013163","NOVEDRATE",0.607882755533971,0.623942535764946,0.955939097951394,0.649915290879652,0.683917936109846
"013165","OLGIATE COMASCO",0.511993207952384,0.496117224973799,0.940847949470449,0.547734489763827,0.591413763064563
"013169","OLTRONA DI SAN MAMETTE",0.612676151954811,0.625473064139138,0.974652371901175,0.654632384432395,0.690190160817815
"013170","ORSENIGO",0.58671935506242,0.587023257584467,0.952667833219892,0.623450959013088,0.660030611702733
"013178","PEGLIO",0.776805305896809,0.834161688937402,0.944089851874214,0.819344132862816,0.833204768308527
"013183","PIANELLO DEL LARIO",0.655530973562045,0.685921358973936,0.943108829468473,0.697964432588039,0.725202698908087
"013184","PIGRA",0.708012375181675,0.752670716174081,0.92912506923676,0.750219898033766,0.770098250389655
"013185","PLESIO",0.676099394147746,0.712142148706567,0.944442391484013,0.719152933432842,0.744185095438528
"013186","POGNANA LARIO",0.687040508678121,0.722036646683542,0.951972033406201,0.729281923253369,0.754025268825905
"013187","PONNA",0.756751284352682,0.829977065363955,0.948114503443156,0.808839207716802,0.824314240575286
"013188","PONTE LAMBRO",0.570475166312411,0.57202977756807,0.948732915307987,0.609000516277015,0.64674856061379
"013189","PORLEZZA",0.582451393598248,0.588940882101435,0.923591994127282,0.619485723477586,0.65327530910533
"013192","PROSERPIO",0.639694786005755,0.648853678165452,0.950412953948496,0.674888104271893,0.705501976458182
"013193","PUSIANO",0.635124866964512,0.637455006496604,0.961631518962186,0.668824094953721,0.701358253176883
"013195","REZZAGO",0.680796485669941,0.720227777256575,0.945006543748455,0.724961572691778,0.749411013920298
"013197","RODERO",0.651734927884274,0.668265179253408,0.92888190674733,0.68688823888669,0.713776424204539
"013199","RONAGO",0.647888063250295,0.670593912710246,0.940179416625922,0.687334830844835,0.715428673709401
"013201","ROVELLASCA",0.524447829262165,0.507666755285744,0.94860022068285,0.559311585114844,0.602565877955734
"013202","ROVELLO PORRO",0.542210016316615,0.530790189906668,0.950330970585995,0.577883189859077,0.619266276606512
"013203","SALA COMACINA",0.70392682635765,0.741589147916119,0.941252328834565,0.744607421306652,0.766456855476421
"013204","SAN BARTOLOMEO VAL CAVARGNA",0.680971945272513,0.741321505069807,0.931651435149225,0.733197196168967,0.755247667166773
"013206","SAN FERMO DELLA BATTAGLIA",0.511269452222962,0.480763049880493,0.948236494980317,0.541238275444587,0.586460299837446
"013207","SAN NAZZARO VAL CAVARGNA",0.799550572621363,0.881628890883075,0.929624851043909,0.849493243681388,0.858396755610557
"013211","SCHIGNANO",0.656444938762289,0.712218632470719,0.942973384119431,0.710195945466797,0.736060105317089
"013212","SENNA COMASCO",0.591371842067015,0.590713942238558,0.946477073463611,0.626586310283869,0.662129728414951
"013216","SORICO",0.659587581320783,0.691756792724416,0.941543763344713,0.702259344654811,0.728846502287023
"013217","SORMANO",0.660507645434144,0.70610503409761,0.948552962784992,0.709831002067788,0.7363556643697
"013218","STAZZONA",0.68557711285372,0.748028511300582,0.954690567159823,0.740591587585418,0.764380363093686
"013222","TAVERNERIO",0.537775705443807,0.520699487146237,0.940984331062584,0.570412269771778,0.611586943248534
"013223","TORNO",0.618977746879606,0.617422951478797,0.943702553630321,0.650750569624313,0.683300790069425
"013226","TREZZONE",0.722898796719829,0.772155059794274,0.946354659732367,0.767409701404583,0.787292474552115
"013227","TURATE",0.517985357371263,0.499060300899016,0.951869714205398,0.552857517642166,0.597192206149191
"013228","UGGIATE-TREVANO",0.566035737317021,0.560688667015143,0.938901904739822,0.600916172423456,0.63847014268083
"013229","VALBRONA",0.60386793020771,0.609672619094234,0.9440591241253,0.640499159598404,0.674228044545837
"013232","VALMOREA",0.60671126640117,0.61396798737184,0.937068849916165,0.643012549189471,0.675685471492437
"013233","VAL REZZO",0.865559429209355,0.987273930319864,0.963369225816157,0.930111934369764,0.933807188974919
"013234","VALSOLDA",0.662525920815063,0.685872123107937,0.921033577198037,0.698882477485154,0.723565933008807
"013236","VELESO",0.754481340827911,0.79827768452609,0.938243729705889,0.792565934379889,0.808752356082778
"013238","VENIANO",0.595509759339665,0.597741462208653,0.952523190178575,0.632215368714601,0.667805126655042
"013239","VERCANA",0.684324915575896,0.722907236516004,0.947041298493514,0.727958598290706,0.752301120535463
"013242","VERTEMATE CON MINOPRIO",0.571274957633331,0.572200597784396,0.949561597276364,0.609520159665614,0.647302541622364
"013245","VILLA GUARDIA",0.521708228889173,0.499773627457451,0.944298603607984,0.554096695716779,0.597452463260246
"013246","ZELBIO",0.705662556086525,0.742028065578764,0.941630784639102,0.745623858213291,0.767402405593936
"013248","SAN SIRO",0.635558778242306,0.661669762694621,0.936224351459437,0.677375278567561,0.706136286666659
"013249","GRAVEDONA ED UNITI",0.568263119827302,0.570650342564668,0.939656872231322,0.606476745299519,0.643496759403052
"013250","BELLAGIO",0.569572658016105,0.569258834003756,0.937817786689711,0.606255950077908,0.643096154145887
"013251","COLVERDE",0.556609338617251,0.547833753185787,0.941026997715258,0.591102091082893,0.629982636264267
"013252","TREMEZZINA",0.556386193956513,0.554353371106044,0.944982001098262,0.594331004387977,0.633292226244675
"013253","ALTA VALLE INTELVI",0.594753048156831,0.600714538178478,0.93277632998645,0.631238046849534,0.664742300531414
"013254","CENTRO VALLE INTELVI",0.584790725424626,0.589669709043465,0.934947859007115,0.622001981411353,0.65677374558866
"013255","SOLBIATE CON CAGNO",0.579661644000472,0.578797356893464,0.943963253676242,0.615702875769895,0.652176251092823
"014001","ALBAREDO PER SAN MARCO",0.767332856108848,0.839547061942431,0.949990007975508,0.818094963920626,0.832749968815613
"014002","ALBOSAGGIA",0.59098700427313,0.602377975138388,0.949668289802544,0.631981069715437,0.667279649725116
"014003","ANDALO VALTELLINO",0.70144756835207,0.751806534481431,0.965085727462809,0.750472919021356,0.774318786625962
"014004","APRICA",0.61615937151717,0.624339194735705,0.931388895600776,0.651363244373871,0.682477205621305
"014005","ARDENNO",0.587182232601751,0.593670469875485,0.942769196307794,0.625660635745536,0.660894920252453
"014006","BEMA",0.744474947531868,0.800717994032014,0.936372819620208,0.788974105665768,0.805351740549594
"014007","BERBENNO DI VALTELLINA",0.571602417470422,0.573564207472303,0.941825730166771,0.609507554240903,0.646431796010444
"014008","BIANZONE",0.6572505140949,0.685022367373358,0.940661876140808,0.698088984274797,0.725041527815464
"014009","BORMIO",0.543964737609514,0.528591642499856,0.928370082611335,0.57548737931035,0.614696568566015
"014010","BUGLIO IN MONTE",0.64544773973911,0.675627066247077,0.953905060063091,0.689874168700093,0.719210934407093
"014011","CAIOLO",0.657099365320278,0.685258170480511,0.946969589771633,0.698757850087518,0.726336932274642
"014012","CAMPODOLCINO",0.657298585019438,0.678398340735385,0.929669699044909,0.694030586494162,0.720212710110911
"014013","CASPOGGIO",0.663204016949053,0.698256792772573,0.940928774256539,0.706750241800386,0.732770078739958
"014014","CASTELLO DELL'ACQUA",0.689875066907204,0.731656092388554,0.943370622355386,0.734026083918629,0.75728658818938
"014015","CASTIONE ANDEVENNO",0.643074910135897,0.668875590826195,0.956546997461943,0.686032425179136,0.716089599877225
"014016","CEDRASCO",0.707016053499799,0.751627774500236,0.948766842279347,0.75126640682795,0.773210899655884
"014017","CERCINO",0.669498740255584,0.700363384256921,0.94372186632437,0.710810142663064,0.736689223069876
"014018","CHIAVENNA",0.517450150568594,0.498966186259683,0.926104522526041,0.549997803825329,0.591787439236519
"014019","CHIESA IN VALMALENCO",0.610328732581221,0.631128518767918,0.938417964678863,0.652497559574999,0.684266493475428
"014020","CHIURO",0.604347141354011,0.617234086626697,0.944084258269351,0.644119978418254,0.677449342846153
"014021","CINO",0.699699606085981,0.754526381907922,0.948531753735399,0.749254869970796,0.771396745944641
"014022","CIVO",0.659037762372444,0.68618161893385,0.942986975184321,0.699647419106264,0.726685147559382
"014023","COLORINA",0.654046744299117,0.681448155740626,0.942897656341383,0.695262470652023,0.722777491284174
"014024","COSIO VALTELLINO",0.554410697224921,0.552333613695676,0.944471616127961,0.592482101527064,0.631592047593831
"014025","DAZIO",0.662529404411168,0.703485064332639,0.942950665217948,0.709001577456507,0.734995920541112
"014026","DELEBIO",0.586239496617392,0.589588561933889,0.947113705948712,0.623833996942948,0.659753964610255
"014027","DUBINO",0.588249872041156,0.597420156896111,0.943183482646291,0.627869861286399,0.662904708104165
"014028","FAEDO VALTELLINO",0.707239321388128,0.762697137951412,0.955708712355443,0.757042277938337,0.779116326206905
"014029","FORCOLA",0.646634196595061,0.692650106755618,0.942005643735207,0.696878500881326,0.724114850087313
"014030","FUSINE",0.710393135110197,0.740467307192017,0.941695143372894,0.747056713373286,0.768683205595465
"014031","GEROLA ALTA",0.724822948005221,0.780306618718686,0.943487198697704,0.771657024895528,0.790749266429103
"014032","GORDONA",0.630974409724577,0.653973975066862,0.945109311934896,0.672737704349637,0.703001216303555
"014033","GROSIO",0.583155042924348,0.595656727764603,0.941729826780252,0.624638279488053,0.659870673631631
"014034","GROSOTTO",0.61996657575069,0.625467917198901,0.937815369161197,0.654227058743436,0.685736871012076
"014035","MADESIMO",0.666420520216825,0.690854062336157,0.935442441923865,0.704317806341229,0.729998321405966
"014036","LANZADA",0.661451161033663,0.698433159913277,0.943133783989658,0.706261322825089,0.732580485176708
"014037","LIVIGNO",0.543868993801687,0.537312959016546,0.929692611172589,0.579501139885464,0.618411303361811
"014038","LOVERO",0.659069035893861,0.708771559088525,0.950039130018774,0.710532180743951,0.737144063996709
"014039","MANTELLO",0.672157162799085,0.702948036082802,0.948164630996269,0.713613802596476,0.739675005752009
"014040","MAZZO DI VALTELLINA",0.651443565177608,0.670661546454949,0.939549867752541,0.688902287009905,0.716752018203531
"014041","MELLO",0.65674079834098,0.712206858096865,0.947469692668663,0.710773414663896,0.737073001108871
"014043","MESE",0.637323783075828,0.655069716636577,0.936993175544037,0.675276392424986,0.70435603499377
"014044","MONTAGNA IN VALTELLINA",0.572158283398875,0.571502546301293,0.942161900021153,0.608863563367191,0.645896711884298
"014045","MORBEGNO",0.480122666446697,0.447267258561677,0.9337713801171,0.510702604265478,0.55771024602677
"014046","NOVATE MEZZOLA",0.630160194572718,0.646879709857751,0.937372398151885,0.668405196808899,0.698290441402565
"014047","PEDESINA",0.856966571093521,0.960389037235186,0.959076580359465,0.913717681783865,0.918757559403376
"014048","PIANTEDO",0.652248856903148,0.671281588683958,0.94627731029215,0.690216431543413,0.718667640293273
"014049","PIATEDA",0.62058596468496,0.642364301595371,0.948103505913148,0.663137970417464,0.694800807694762
"014050","PIURO",0.623951417876754,0.637028716862122,0.929574053580379,0.660398465990532,0.690306864611626
"014051","POGGIRIDENTI",0.610294392483963,0.619281645371472,0.946944580508815,0.648003675085827,0.681219331243937
"014052","PONTE IN VALTELLINA",0.590270369866784,0.591061296392422,0.937655445455898,0.625364794362233,0.660063755594862
"014053","POSTALESIO",0.676728734059761,0.703368557359892,0.943035246918509,0.715347305830695,0.740645965951563
"014054","PRATA CAMPORTACCIO",0.60509934537095,0.617946817139564,0.936537351172778,0.644024508247009,0.676525935238761
"014055","RASURA",0.726708242717236,0.795799708437482,0.964216168927585,0.781550194912382,0.801846414247404
"014056","ROGOLO",0.659632375124442,0.700047293318641,0.947664004067738,0.706622251206162,0.733404668190781
"014057","SAMOLACO",0.606594665677712,0.623264148965122,0.939796090398572,0.647416075629133,0.679902743936848
"014058","SAN GIACOMO FILIPPO",0.704710424024248,0.763362443431321,0.937487825403008,0.754381572895307,0.77472671206283
"014059","SERNIO",0.688326659649359,0.71620921952168,0.948691245890665,0.726910270216034,0.751552600846549
"014060","SONDALO",0.577481966282274,0.582052511145061,0.938682929441123,0.615658807786413,0.651550376859158
"014061","SONDRIO",0.438099426118631,0.390036529221912,0.927058097797048,0.465366989682949,0.516666001695627
"014062","SPRIANA",0.806364104213833,0.879419999578662,0.939698975220578,0.852572744228681,0.862253436561114
"014063","TALAMONA",0.574225338787526,0.582871908294163,0.947196511186086,0.615413412305369,0.652278201069893
"014064","TARTANO",0.739778870579916,0.805856581330536,0.941439633602571,0.78967991671996,0.806542107484695
"014065","TEGLIO",0.574664499930943,0.58550559174224,0.942071027876186,0.616283644040551,0.65248224224451
"014066","TIRANO",0.509273099809928,0.488980350326051,0.932241198973753,0.542438172458566,0.585749619849142
"014067","TORRE DI SANTA MARIA",0.659793197384883,0.710974888896517,0.951797918287413,0.712025430655371,0.738666818170043
"014068","TOVO DI SANT'AGATA",0.646264840813315,0.686191584752584,0.945029572107049,0.694108348715359,0.721988484647769
"014069","TRAONA",0.605634970464826,0.61510840628565,0.945699202816215,0.643904439819336,0.677437191263433
"014070","TRESIVIO",0.589155666528716,0.584440279415406,0.932572559730623,0.621375431647917,0.655952890323773
"014071","VALDIDENTRO",0.561752401701,0.555144476865935,0.928526794379319,0.595456274793053,0.632464110302638
"014072","VALDISOTTO",0.572234553863587,0.57893865772498,0.938326947780422,0.611860639992898,0.648134674191511
"014073","VALFURVA",0.605870240868467,0.620641178992704,0.934239908690498,0.645354129806577,0.677452549682568
"014074","VAL MASINO",0.712822429138422,0.758156578191882,0.94818300862355,0.756758854160992,0.778028204656832
"014075","VERCEIA",0.670978469967987,0.702974947414725,0.93921475400054,0.712200513222275,0.737424317753193
"014076","VERVIO",0.780417880491915,0.854406551511251,0.967580048504536,0.832428999251878,0.847445782502174
"014077","VILLA DI CHIAVENNA",0.647282594398094,0.696182337735799,0.929965659672721,0.697555785427524,0.723379104788101
"014078","VILLA DI TIRANO",0.588975888996704,0.595981867204033,0.936134437486353,0.626844434038967,0.661209989977565
"015002","ABBIATEGRASSO",0.433891532022471,0.389954059428916,0.935132129104722,0.464243729063596,0.516564662401499
"015005","ALBAIRATE",0.559116000853757,0.552499844879097,0.949761325077519,0.595203263087536,0.634598603308645
"015007","ARCONATE",0.545178345833328,0.537219879844915,0.954205685029962,0.582499770058206,0.62380042727729
"015009","ARESE",0.431392789379025,0.367513898333636,0.953410635458796,0.454849073016577,0.510244802176823
"015010","ARLUNO",0.500006040175576,0.475584909704982,0.947305533753612,0.533746480821612,0.579697486702946
"015011","ASSAGO",0.480804524557522,0.426664754175473,0.947831827373633,0.503144358167211,0.552554076967925
"015012","BAREGGIO",0.478100927212334,0.450388052720939,0.946382523821968,0.51245829335217,0.560672096737703
"015014","BASIANO",0.571660489955174,0.565374535016836,0.950328726342823,0.606698633871687,0.644879755257369
"015015","BASIGLIO",0.456023454752877,0.375107767134798,0.986305926642565,0.47263964251371,0.529713674083583
"015016","BELLINZAGO LOMBARDO",0.56213499191856,0.54239261773571,0.943466723869701,0.591384096731391,0.630504388635648
"015019","BERNATE TICINO",0.591918114612048,0.601353580876598,0.959344669782688,0.63290672994816,0.669177612151996
"015022","BESATE",0.618995921555559,0.633653601830543,0.954435511275593,0.659135836651305,0.69194691160956
"015024","BINASCO",0.528694719305398,0.512777104730684,0.948014038985214,0.563463724714758,0.606191537411475
"015026","BOFFALORA SOPRA TICINO",0.568241502706086,0.564481874123389,0.957618434753026,0.605487363048566,0.644613037682395
"015027","BOLLATE",0.434323995264497,0.395813432957669,0.938493999662681,0.467411242666243,0.519753771221403
"015032","BRESSO",0.444985764858848,0.402240876124037,0.937017042890813,0.474953692731379,0.526294064971316
"015035","BUBBIANO",0.599038443925532,0.603138339284852,0.95227576803532,0.636207129248205,0.671325866891218
"015036","BUCCINASCO",0.429698711144011,0.376332630608965,0.946372574562184,0.457351361245058,0.511687051613627
"015038","BUSCATE",0.563687313856778,0.564991687531688,0.950925535675331,0.602998104192343,0.641656707690453
"015040","BUSSERO",0.503171964343631,0.467603712028552,0.944093800559697,0.531258434423452,0.577129030660813
"015041","BUSTO GAROLFO",0.495740764229457,0.474492023030638,0.946256168606173,0.53123037112766,0.577344348625273
"015042","CALVIGNASCO",0.647432345114671,0.663892915612019,0.954890027814393,0.685585370108449,0.715508109853554
"015044","CAMBIAGO",0.534313333361405,0.51581855970577,0.953268984880459,0.567886250368274,0.610706554202962
"015046","CANEGRATE",0.505947188466556,0.489143281788897,0.948786626464866,0.54266937426144,0.587793513395154
"015050","CARPIANO",0.568578407221984,0.559426304115097,0.950844058199103,0.602686525921597,0.641370696174653
"015051","CARUGATE",0.48088684081399,0.448662496603419,0.947317769186616,0.513028978756495,0.561283288804287
"015055","CASARILE",0.575942540153081,0.571080281017584,0.95186643467447,0.611346912994246,0.64918241540316
"015058","CASOREZZO",0.55388033044638,0.54584959559668,0.95493076936523,0.5903715436559,0.63087812429027
"015059","CASSANO D'ADDA",0.464972935574444,0.431006054610066,0.940871764594203,0.49727772204245,0.546565948992645
"015060","CASSINA DE' PECCHI",0.467181771880084,0.416779379396403,0.94585097327515,0.492367615401934,0.542754655165625
"015061","CASSINETTA DI LUGAGNANO",0.596757347076718,0.58834958231572,0.947893389291365,0.628087457155734,0.663621449615248
"015062","CASTANO PRIMO",0.512368498010193,0.497345183949725,0.948821508957362,0.549253307777699,0.593649774575439
"015070","CERNUSCO SUL NAVIGLIO",0.402691211351025,0.329833830507104,0.944252898302415,0.424061558666399,0.481860596403734
"015071","CERRO AL LAMBRO",0.537105819237344,0.513424736163166,0.949691508619122,0.567707900792142,0.610150523884029
"015072","CERRO MAGGIORE",0.49249271894879,0.469525642963413,0.948127967845291,0.52772105964502,0.574432938333939
"015074","CESANO BOSCONE",0.464978574143351,0.43473875870058,0.937997160556192,0.498672515835388,0.547486365248811
"015076","CESATE",0.48907140214603,0.460827578778068,0.94438063274819,0.521892604690663,0.568835718919277
"015077","CINISELLO BALSAMO",0.402599392308514,0.35927050587064,0.920683454303388,0.434909799610958,0.488884650132339
"015078","CISLIANO",0.548095619867452,0.530266939850802,0.955368975113078,0.580800049384522,0.622418818909917
"015081","COLOGNO MONZESE",0.423047392567393,0.380514455357318,0.929474008118215,0.454550232377941,0.507319540793527
"015082","COLTURANO",0.610529359464774,0.615327019720676,0.958144795831124,0.647449850216565,0.681971510840405
"015085","CORBETTA",0.467812452826162,0.434008676082404,0.945793733839199,0.500398881392775,0.549887198331266
"015086","CORMANO",0.470042906485563,0.439083193801732,0.942140863745106,0.503320831503793,0.552078612863939
"015087","CORNAREDO",0.462047099820131,0.426170077066152,0.945842101389127,0.49428193973774,0.544455291032338
"015093","CORSICO",0.441267054773865,0.403499993094784,0.932279006714884,0.473373072212381,0.524362620490436
"015096","CUGGIONO",0.527194203028578,0.513526068177101,0.94973125720211,0.563297247762767,0.606234359922694
"015097","CUSAGO",0.505852979558564,0.449896069381755,0.97034597097653,0.527121669120797,0.576368813771434
"015098","CUSANO MILANINO",0.45825120623693,0.418493299753023,0.942945188379442,0.488829546533423,0.539286840071869
"015099","DAIRAGO",0.540787411983547,0.52812168738893,0.952293430166671,0.576238437734282,0.618022325782325
"015101","DRESANO",0.579434174405229,0.576487980667833,0.957316626803654,0.615896632463243,0.653832187389956
"015103","GAGGIANO",0.506389301613244,0.480068131601618,0.948725512869418,0.53877839623363,0.584328075859829
"015105","GARBAGNATE MILANESE",0.453073634094295,0.417820294699831,0.938322877290745,0.485734555686431,0.536022146975799
"015106","GESSATE",0.504269883461486,0.468542939130646,0.948054280751398,0.532571198241599,0.578735985187132
"015108","GORGONZOLA",0.447920555269288,0.396377087796336,0.938196723766429,0.473753611756174,0.525358401979535
"015110","GREZZAGO",0.607772546246089,0.609808123101263,0.95203119856176,0.643114421062485,0.677438507451293
"015112","GUDO VISCONTI",0.61947937836326,0.624025284896373,0.955452649955179,0.655122363462353,0.688492395294889
"015113","INVERUNO",0.517164786380452,0.498357582684859,0.947520801916621,0.551737146271052,0.595713108009449
"015114","INZAGO",0.496782441339781,0.468732477664509,0.948367016919765,0.529318415243907,0.575879370985669
"015115","LACCHIARELLA",0.518968359854145,0.503717811219009,0.950977716383806,0.5553065486213,0.599270011706023
"015116","LAINATE",0.447399295089569,0.406802997342641,0.945470927962141,0.478938124390709,0.530775102565312
"015118","LEGNANO",0.377971468276676,0.309076196548472,0.921364394904478,0.401307888661764,0.459091944910955
"015122","LISCATE",0.569111375386482,0.565995009559421,0.952429846724131,0.60604085789807,0.644528523323188
"015125","LOCATE DI TRIULZI",0.511245293156577,0.488238166611472,0.948735775493714,0.544641134444993,0.589540539005962
"015130","MAGENTA",0.447901603639421,0.406010414037431,0.941605551318832,0.478420963086467,0.529885917334507
"015131","MAGNAGO",0.521526033034094,0.506320543963979,0.952617955006626,0.557792755149795,0.601662221800554
"015134","MARCALLO CON CASONE",0.544389378567535,0.534180872852823,0.953936993868411,0.580750312526002,0.622215499341825
"015136","MASATE",0.561110723261628,0.545542863477421,0.94984693310506,0.592978807343078,0.632630821316632
"015139","MEDIGLIA",0.496932717176534,0.46972289253744,0.945166244587212,0.529511648830009,0.575695492803032
"015140","MELEGNANO",0.460298954345199,0.417690358071174,0.939480566552221,0.48904324724259,0.539091838276993
"015142","MELZO",0.474068482532602,0.443375592020396,0.94481316044445,0.507331149593294,0.55594026191009
"015144","MESERO",0.567858732913714,0.56434932019185,0.953219652678061,0.60481558916531,0.643527151777838
"015146","MILANO",0.162686637506072,0.0231767144940176,0.46095613287366,0.129734121687406,0.166536567374768
"015150","MORIMONDO",0.661095599167572,0.683176933237714,0.946386219555654,0.699561261537944,0.726986256873245
"015151","MOTTA VISCONTI",0.524311003902959,0.510974364181067,0.946936308085615,0.560572046446373,0.603501408850734
"015154","NERVIANO",0.479117796516259,0.450667821698909,0.945146563487113,0.512918184545537,0.56094355998349
"015155","NOSATE",0.671138996950777,0.700507177002477,0.953079996047944,0.712548777883759,0.73927446879089
"015157","NOVATE MILANESE",0.455126037897397,0.413839676626764,0.940531332493148,0.485087704785187,0.535692552308294
"015158","NOVIGLIO",0.565417453450221,0.552247149201967,0.95350692339251,0.598299763532736,0.637767225739377
"015159","OPERA",0.469949011326188,0.429372377094682,0.945464718055897,0.499241096594981,0.548821498979527
"015164","OSSONA",0.575877221204333,0.576001296744158,0.955105239049777,0.613855856981799,0.651772454989352
"015165","OZZERO",0.646516692302278,0.665583104748086,0.95595345711267,0.686040254383931,0.71603061024268
"015166","PADERNO DUGNANO",0.414451519614301,0.370446120565614,0.934665433113946,0.446670481392356,0.500892142694755
"015167","PANTIGLIATE",0.549672253703231,0.541487529764448,0.953563152018553,0.586378217762311,0.627176543790782
"015168","PARABIAGO",0.441305923576406,0.401102139684834,0.940733679443959,0.473156996411954,0.525109961193288
"015169","PAULLO",0.514187879975416,0.496887031602875,0.952521322997732,0.550235842510004,0.594934229230863
"015170","PERO",0.504068798439378,0.478637654858258,0.942392318179085,0.536457135801845,0.581561044954872
"015171","PESCHIERA BORROMEO",0.429601365470566,0.369779886911316,0.949833762222879,0.454704939794135,0.509719253397329
"015172","PESSANO CON BORNAGO",0.518102312894139,0.498038073934234,0.949452407837536,0.552208414856521,0.596346636298856
"015173","PIEVE EMANUELE",0.493641395754955,0.470799776009401,0.942367860982061,0.528235313392166,0.574250040902155
"015175","PIOLTELLO",0.445466624189798,0.410744351814676,0.936876634889766,0.47898260269099,0.529859717379743
"015176","POGLIANO MILANESE",0.51866239238898,0.499198677567642,0.948972403007955,0.552934721781275,0.59693890858424
"015177","POZZO D'ADDA",0.53841157138659,0.524131418012931,0.951282271276114,0.573272572357396,0.615273650015031
"015178","POZZUOLO MARTESANA",0.518322778261819,0.500627376246388,0.950503520746107,0.553577921603304,0.597680765952504
"015179","PREGNANA MILANESE",0.528737431435309,0.507088493055437,0.948075449399018,0.560929210960737,0.603945459676102
"015181","RESCALDINA",0.494648371744093,0.471265779786469,0.948942778797777,0.52955564606853,0.57615421637178
"015182","RHO",0.401791936920994,0.347303195025938,0.927417772771984,0.429834586653318,0.48512160733317
"015183","ROBECCHETTO CON INDUNO",0.573344977450357,0.579935633061266,0.955251235793986,0.614501398309629,0.652362491363447
"015184","ROBECCO SUL NAVIGLIO",0.527321775242588,0.509859975446889,0.948811998928229,0.561612987703088,0.604635100061437
"015185","RODANO",0.536117441130012,0.505772454704225,0.951366900121341,0.563987143137541,0.607029338357963
"015188","ROSATE",0.544820955512023,0.535260897884494,0.952403378709514,0.581277171899384,0.62251341710051
"015189","ROZZANO",0.442077944495728,0.409378966077683,0.93533522078017,0.476689131836052,0.527649808385398
"015191","SAN COLOMBANO AL LAMBRO",0.527702052513909,0.511312259715617,0.946317977197937,0.562188238223081,0.604869320331398
"015192","SAN DONATO MILANESE",0.397937347360956,0.316586304857004,0.94398082339816,0.415933725837898,0.474605625566816
"015194","SAN GIORGIO SU LEGNANO",0.537236041102452,0.524978879729941,0.947674453637812,0.572764159738358,0.61442085906052
"015195","SAN GIULIANO MILANESE",0.435528008167684,0.395500721180463,0.936170357950275,0.467579964001694,0.519645563329314
"015200","SANTO STEFANO TICINO",0.549618623391275,0.535916681516603,0.953765528534387,0.583867440061984,0.624967227670029
"015201","SAN VITTORE OLONA",0.519545066004248,0.499946573194392,0.946783869756568,0.553449624615045,0.59715342963077
"015202","SAN ZENONE AL LAMBRO",0.562505487215798,0.554209313837307,0.946117648666077,0.597133425340505,0.635909450154457
"015204","SEDRIANO",0.498144427476192,0.472950155193151,0.945314827484826,0.531524044949687,0.577500798564702
"015205","SEGRATE",0.388103842836125,0.310616881074447,0.945993562530737,0.409023682012831,0.468687002070376
"015206","SENAGO",0.477634833563752,0.453947932457472,0.946422235508877,0.513854468260438,0.561917553510265
"015209","SESTO SAN GIOVANNI",0.374402015195932,0.311112235441032,0.913916424872056,0.399873055273839,0.456988985229197
"015210","SETTALA",0.540194239244525,0.525636052425335,0.950932712257614,0.574716902477198,0.616518659119467
"015211","SETTIMO MILANESE",0.463324937359981,0.425627631859614,0.9455230671497,0.494580962863788,0.544685641117778
"015213","SOLARO",0.504241536326281,0.488011854507391,0.949350229802337,0.541449048855386,0.586771402293936
"015219","TREZZANO ROSA",0.552699901909767,0.539772884292513,0.951876441884167,0.586800397979443,0.627364402857745
"015220","TREZZANO SUL NAVIGLIO",0.459270973827148,0.422957891296127,0.940970551060287,0.491100044411502,0.541085656261367
"015221","TREZZO SULL'ADDA",0.497800692399876,0.474892388381287,0.943810427862261,0.532092929137749,0.577839317884917
"015222","TRIBIANO",0.566715899417921,0.557461265018322,0.962528458168198,0.602132569813129,0.642176557408137
"015224","TRUCCAZZANO",0.547798523895463,0.53943040305598,0.950240636967615,0.58427708082491,0.6249396981741
"015226","TURBIGO",0.547468043803963,0.537481220163371,0.94418532938496,0.582645701723797,0.622816771463926
"015229","VANZAGO",0.508784471772829,0.479387003943098,0.951750995455977,0.539852263617765,0.585618789377566
"015230","VAPRIO D'ADDA",0.507807928443224,0.482807485015992,0.946284400999379,0.540405376156585,0.585503045583562
"015236","VERNATE",0.582051816904933,0.579334449228118,0.955194000422427,0.618143219802115,0.655593306537706
"015237","VIGNATE",0.518410216693084,0.498573894892519,0.953957095027255,0.553038559716247,0.597585063639692
"015242","VIMODRONE",0.468918449818068,0.426140360207514,0.942278943390843,0.497004358850596,0.546479312688401
"015243","VITTUONE",0.515597200420053,0.492556718472526,0.944374247826577,0.548106688284318,0.592136417122347
"015244","VIZZOLO PREDABISSI",0.551474402907157,0.539236501528288,0.95178393194522,0.585998300190472,0.626641148163222
"015247","ZIBIDO SAN GIACOMO",0.5396381824004,0.527503543573888,0.950155629416764,0.575229339630106,0.616887816273068
"015248","VILLA CORTESE",0.553252633975327,0.549077601113226,0.953930839458138,0.591441689735662,0.631718261927049
"015249","VANZAGHELLO",0.556127444494271,0.550714467724061,0.953689344023835,0.593447794900633,0.6334746336921
"015250","BARANZATE",0.531104595330851,0.51976387432359,0.938919130074471,0.566782724351946,0.608131213876671
"015251","VERMEZZO CON ZELO",0.536051055600818,0.517918724552551,0.948202214524458,0.569106622521462,0.611228354966239
"016001","ADRARA SAN MARTINO",0.622793591380882,0.644593688771258,0.954519583906476,0.66577623445911,0.697858828842151
"016002","ADRARA SAN ROCCO",0.647762574419761,0.6948514232995,0.949708902710647,0.699147189244732,0.726987379629834
"016003","ALBANO SANT'ALESSANDRO",0.536377283495315,0.529852333086054,0.953038066137533,0.57510713407537,0.617099459860054
"016004","ALBINO",0.479709912273548,0.45630206816742,0.942931460325942,0.51549853723103,0.562991084241576
"016005","ALMÈ",0.561806214424438,0.563196298936532,0.94975406121052,0.601226537133489,0.639951817586492
"016006","ALMENNO SAN BARTOLOMEO",0.541415434915142,0.535080325605624,0.952962804536809,0.579719372688025,0.621190865115668
"016007","ALMENNO SAN SALVATORE",0.557818129324102,0.556721487107383,0.948732191245708,0.596416046518739,0.635562284821735
"016008","ALZANO LOMBARDO",0.486252901303494,0.460094903869541,0.942254646596985,0.520081976987564,0.566990051388611
"016009","AMBIVERE",0.601964985166329,0.604516629676207,0.948967125629511,0.637813439242092,0.672386071062917
"016010","ANTEGNATE",0.618491967213086,0.642007132738847,0.957633141326724,0.662987909111042,0.695726268246118
"016011","ARCENE",0.560939575169572,0.559507334258124,0.94911149471657,0.59911225871412,0.638001062714393
"016012","ARDESIO",0.605723717432819,0.618522197611319,0.943350373099229,0.645245699079785,0.678368440637501
"016013","ARZAGO D'ADDA",0.600763908188539,0.607957144674765,0.953556458577199,0.639280119646207,0.674199712860762
"016014","AVERARA",0.727544225943571,0.784453922692477,0.943887383945352,0.774787905280757,0.79357673624349
"016015","AVIATICO",0.659593722381768,0.702843748807766,0.951691315918036,0.708265993627094,0.735313251659421
"016016","AZZANO SAN PAOLO",0.531314016288249,0.518511366945593,0.94754744661401,0.56717616711663,0.609439642616339
"016017","AZZONE",0.759057739492762,0.824614508424156,0.956214536312213,0.808273965193834,0.82471180642921
"016018","BAGNATICA",0.566054931809277,0.565851209672842,0.954530824438715,0.604810846110825,0.643668621480591
"016019","BARBATA",0.652461695575202,0.695272594169693,0.951285289553284,0.701608959340531,0.729350773808615
"016020","BARIANO",0.586703115464742,0.598915910845175,0.959083089084217,0.629436870747884,0.66606422834081
"016021","BARZANA",0.614782775902332,0.62635721401234,0.953722656131792,0.653885261074781,0.687200527192227
"016022","BEDULITA",0.666268805593305,0.720687964026635,0.959159354853601,0.720046481814333,0.746614578818696
"016023","BERBENNO",0.611302974098936,0.62839400144161,0.945862327697384,0.652449871762984,0.685051255755695
"016024","BERGAMO",0.316896000313585,0.224045562441196,0.895230574044479,0.332946760644099,0.395422739910808
"016025","BERZO SAN FERMO",0.659598391573982,0.686686878105975,0.952036069276495,0.70103197828363,0.728921321727282
"016026","BIANZANO",0.684110058707092,0.713158092393887,0.942470425000989,0.723017710495539,0.747401345440589
"016027","BLELLO",0.835337245215836,0.918775632176967,0.949284678323514,0.884279262659113,0.891502086621824
"016028","BOLGARE",0.553016201686823,0.553071319523485,0.954238017888616,0.5931631863335,0.633282612061846
"016029","BOLTIERE",0.556911446498085,0.554988586714906,0.955814418534676,0.595936456799314,0.635922896992132
"016030","BONATE SOPRA",0.515381879834841,0.497317290368968,0.952067050570459,0.55092133164876,0.595493078195615
"016031","BONATE SOTTO",0.554312334616569,0.551699879317563,0.953401507943186,0.593045647064678,0.63308518716229
"016032","BORGO DI TERZO",0.644285900858516,0.663152971858726,0.947752170267797,0.683122709749539,0.712525983140456
"016033","BOSSICO",0.628514590310454,0.667550822218208,0.941472971413118,0.67737673277921,0.706720759294089
"016034","BOTTANUCO",0.579146468395902,0.589596417663657,0.957283147923338,0.621662613519135,0.658953784008491
"016035","BRACCA",0.685057042189459,0.724445955813094,0.946641651241212,0.72894051422527,0.753129529449264
"016036","BRANZI",0.68881840377933,0.726154668807586,0.939960545434637,0.730733937207576,0.753981338121694
"016037","BREMBATE",0.539345357060579,0.533983442821673,0.952461478594302,0.578244107806444,0.619823815671761
"016038","BREMBATE DI SOPRA",0.530404609725425,0.522518365426418,0.954981029181308,0.56931344173646,0.612165395896999
"016040","BRIGNANO GERA D'ADDA",0.548508510790502,0.544063379444688,0.954831939363236,0.587140544542159,0.627995143966723
"016041","BRUMANO",0.785229226266353,0.836674013989389,0.940950235985973,0.823951481713681,0.836951343299492
"016042","BRUSAPORTO",0.546317264786077,0.537239069566237,0.9577509948724,0.583375449945781,0.624972732715406
"016043","CALCINATE",0.561806540990549,0.565686529373074,0.953413560597689,0.602713237723399,0.641679940264987
"016044","CALCIO",0.578423394666164,0.591939246079498,0.954555301356956,0.622118718471243,0.659056116569656
"016046","CALUSCO D'ADDA",0.546068430129556,0.545910411868346,0.954729453073022,0.586863424206358,0.627737427413765
"016047","CALVENZANO",0.571679419915827,0.568461052322408,0.954198536042585,0.608483066111464,0.646895896103811
"016048","CAMERATA CORNELLO",0.670759232510296,0.72463492838142,0.956439642646717,0.723571336665944,0.74944559288603
"016049","CANONICA D'ADDA",0.57403376304967,0.575032640404436,0.951091935260991,0.612189075080447,0.649844948433841
"016050","CAPIZZONE",0.65153027052658,0.673338064092287,0.946238727043,0.69081462328279,0.719195079256147
"016051","CAPRIATE SAN GERVASIO",0.535455984173864,0.52844670412169,0.95462842669092,0.574219052402091,0.616486760656406
"016052","CAPRINO BERGAMASCO",0.593270926711124,0.607001721876867,0.956112368341656,0.635733928698762,0.671331533103528
"016053","CARAVAGGIO",0.490294451499947,0.469673321407073,0.948345095165679,0.526820007324727,0.573656128195944
"016055","CAROBBIO DEGLI ANGELI",0.576985499195355,0.582099901351525,0.959296617448991,0.617518091990996,0.655493483708551
"016056","CARONA",0.717912215440308,0.778879239579658,0.95650974630571,0.769207129389556,0.790018531269128
"016057","CARVICO",0.572011095160089,0.57645358210397,0.955896953548045,0.612398800123631,0.650565261615233
"016058","CASAZZA",0.580395746650261,0.585888916893911,0.945734773724062,0.619401575967284,0.655660820162481
"016059","CASIRATE D'ADDA",0.574878555385028,0.574263360216209,0.95114980141981,0.612228842162538,0.649886726524457
"016060","CASNIGO",0.605632572506468,0.62166047358529,0.953148104122391,0.64759668115353,0.681546839261182
"016061","CASSIGLIO",0.807279423296651,0.882466296829032,0.953323509780013,0.855717925034559,0.866562990006276
"016062","CASTELLI CALEPIO",0.52831777618449,0.525352729992928,0.95584360671764,0.569736088451602,0.612636923814495
"016063","CASTEL ROZZONE",0.611540094683603,0.625347850447465,0.95464887054215,0.652064462363196,0.685684952160858
"016064","CASTIONE DELLA PRESOLANA",0.591135500756954,0.602004454204211,0.940420694689967,0.630955049201521,0.665340120922459
"016065","CASTRO",0.632660646987079,0.643204291032005,0.941640312182142,0.668303253326802,0.698674037644062
"016066","CAVERNAGO",0.609288503360027,0.6180891850512,0.956794133920824,0.647999373177135,0.682309902148656
"016067","CAZZANO SANT'ANDREA",0.643975770862378,0.675602007883409,0.969616501051945,0.690771650540798,0.721754411708704
"016068","CENATE SOPRA",0.595485945926902,0.605650154532649,0.956401474633337,0.636151392670131,0.671734735110488
"016069","CENATE SOTTO",0.564494870479362,0.557707432690407,0.966077322402593,0.601598768666656,0.642096385748427
"016070","CENE",0.574110869335502,0.581740060559408,0.952096941037196,0.615342612556429,0.652759760165403
"016071","CERETE",0.627334599936579,0.649346545102564,0.946093701106979,0.669115885378312,0.699891198237053
"016072","CHIGNOLO D'ISOLA",0.606685971913734,0.624014816199383,0.959934679284653,0.649808822579368,0.684267251102178
"016073","CHIUDUNO",0.553466363777717,0.548228085353851,0.95007190057647,0.590769692166852,0.630692159767921
"016074","CISANO BERGAMASCO",0.563932826136965,0.567436047790128,0.959482604527718,0.605064253719964,0.644444070476381
"016075","CISERANO",0.571875248829463,0.576647726472406,0.956738890340247,0.612509227919866,0.650756968188797
"016076","CIVIDATE AL PIANO",0.578412913819882,0.588244766054565,0.952145879915473,0.620210543935048,0.657092247932873
"016077","CLUSONE",0.515226366194508,0.498155938959496,0.935286285253845,0.549550665844686,0.592410179112371
"016078","COLERE",0.671131324344871,0.710303824843088,0.952729763591879,0.716918793493769,0.743120012393559
"016079","COLOGNO AL SERIO",0.519763458508348,0.513773787117582,0.949912173266322,0.560082977858301,0.603397332903636
"016080","COLZATE",0.631139409047177,0.648060180238882,0.950009539093163,0.670640769088043,0.701681743533056
"016081","COMUN NUOVO",0.585795297263577,0.591423645441564,0.957417970172062,0.62549032123452,0.662371171116469
"016082","CORNA IMAGNA",0.639894749925135,0.681235306745724,0.939936466015109,0.688502172103397,0.716439315871365
"016083","CORTENUOVA",0.635132129448036,0.661812676904201,0.955626101285711,0.679187772987078,0.709903142798037
"016084","COSTA DI MEZZATE",0.587006089841031,0.594675271080698,0.952696951082996,0.627026307523078,0.663211934585291
"016085","COSTA VALLE IMAGNA",0.674501585654297,0.730131583598579,0.944201191811125,0.726505045344907,0.750693506063375
"016086","COSTA VOLPINO",0.533313538307478,0.527671313258686,0.944756221202267,0.571918805325,0.613345184866919
"016087","COVO",0.600976709388205,0.619322785624824,0.96179730536312,0.645314503292175,0.680479259077836
"016088","CREDARO",0.605227352906954,0.616393448441088,0.9588018024769,0.645609540854309,0.680408681034597
"016089","CURNO",0.516649383502049,0.491750919652761,0.941727313850848,0.547952867804749,0.591705584032094
"016090","CUSIO",0.784646794516832,0.865687001671673,0.959307997499545,0.838581008034782,0.851995117975311
"016091","DALMINE",0.466075380285456,0.437521323833177,0.945674270176884,0.501185943871073,0.55057353568283
"016092","DOSSENA",0.707315921500934,0.751423208654474,0.954574436461917,0.751890052216125,0.774410539354546
"016093","ENDINE GAIANO",0.589696605026415,0.600400822265866,0.947089624286173,0.630252804710144,0.665456895774147
"016094","ENTRATICO",0.625357584546909,0.646295483107218,0.955625983934425,0.667806478837799,0.699786423848536
"016096","FARA GERA D'ADDA",0.532873695980562,0.523473302480717,0.953948862050502,0.570751035512625,0.613328571794612
"016097","FARA OLIVANA CON SOLA",0.66579927636208,0.701305082397388,0.963113585610229,0.711508320002783,0.739464460625833
"016098","FILAGO",0.616502252468292,0.635212997902731,0.965479542184797,0.65981981688544,0.693782008585369
"016099","FINO DEL MONTE",0.649640651449745,0.665658745440308,0.94053214360377,0.685937942960901,0.714226187476775
"016100","FIORANO AL SERIO",0.595549425677109,0.603536683372667,0.947339624304117,0.634322711502811,0.669102368480734
"016101","FONTANELLA",0.584907657460282,0.597263881832689,0.953890285940401,0.627366221275877,0.663646672905269
"016102","FONTENO",0.667895528630257,0.720425678032211,0.952913534291539,0.720035896427265,0.745911189523295
"016103","FOPPOLO",0.698496653266574,0.730057317632545,0.914932445140695,0.734342531418673,0.754408077387787
"016104","FORESTO SPARSO",0.618795130160792,0.641002359993818,0.962122640055576,0.663121134575132,0.696343524072959
"016105","FORNOVO SAN GIOVANNI",0.588208062521677,0.593477328872537,0.955279646193538,0.62728639074675,0.663730085796393
"016106","FUIPIANO VALLE IMAGNA",0.739042766032654,0.799712953648349,0.940196734789976,0.786459747335449,0.803541634830397
"016107","GANDELLINO",0.638294266148691,0.681588816023418,0.951529194993678,0.689100306476817,0.71825907186758
"016108","GANDINO",0.567663178602378,0.577741352170498,0.950818322863511,0.610513871134145,0.648325476881853
"016109","GANDOSSO",0.648841240520548,0.677269704538891,0.955289032268956,0.692278828503643,0.721502184477567
"016110","GAVERINA TERME",0.647023544115557,0.692445265288555,0.948074741903125,0.697568438422163,0.72540247214227
"016111","GAZZANIGA",0.572702269994725,0.58206062170374,0.951139512258909,0.6147572524902,0.652133059131167
"016113","GHISALBA",0.581145932523575,0.596076707291791,0.959401103297445,0.625690298246659,0.662769276585636
"016114","GORLAGO",0.578764022345018,0.587653931651912,0.962319986595599,0.621120077958178,0.659031178917892
"016115","GORLE",0.495686983877084,0.44772556169178,0.94659658503087,0.519195304009076,0.56668433523372
"016116","GORNO",0.657744198713395,0.692238479208778,0.95496865859846,0.702989070924824,0.730986802888561
"016117","GRASSOBBIO",0.555890349048534,0.552416665929345,0.953067712656805,0.594044928005726,0.633936348522513
"016118","GROMO",0.653863395831118,0.676554245664121,0.94170389020725,0.692858327693583,0.720507834639546
"016119","GRONE",0.674982538695777,0.706213027512919,0.950035956383927,0.716541600432306,0.742485417760264
"016120","GRUMELLO DEL MONTE",0.541958661957734,0.541236292627543,0.964812060010922,0.583918935564467,0.626240393836295
"016121","ISOLA DI FONDRA",0.769551662643224,0.827566221639532,0.941899029024026,0.812892950829643,0.827226959517908
"016122","ISSO",0.65840348829066,0.702264902916581,0.953405129561401,0.707641288999398,0.734948382395177
"016123","LALLIO",0.564369804205892,0.555615046208397,0.950259179190495,0.59901910060548,0.638045776003815
"016124","LEFFE",0.585061580907821,0.597735788502772,0.953589845068074,0.627617800741574,0.663836916777852
"016125","LENNA",0.694814754656688,0.734731275937427,0.950701112133529,0.738365824980705,0.761958634664352
"016126","LEVATE",0.586213805369926,0.589926769375133,0.952892147717245,0.624552473407001,0.661034659441473
"016127","LOCATELLO",0.650294107700349,0.694766638910571,0.937178562173398,0.698995192192254,0.725460011079048
"016128","LOVERE",0.527974349132139,0.50550002609802,0.935430833470282,0.5586065522006,0.60047591678612
"016129","LURANO",0.599458011752093,0.608916757074182,0.95807950361824,0.639576596333648,0.674965808254158
"016130","LUZZANA",0.672980556265651,0.700150260419009,0.957714304818737,0.713680297989971,0.740795187637612
"016131","MADONE",0.592906623507636,0.607477206704281,0.95751596835162,0.635924320430525,0.671656725755091
"016132","MAPELLO",0.543098921167151,0.539204546156151,0.955481041520918,0.582584664447578,0.624017595233504
"016133","MARTINENGO",0.532654685109129,0.530356729645609,0.95040674541867,0.573395811181499,0.615285914985629
"016134","MEZZOLDO",0.743916853294179,0.81368790933569,0.950041342843645,0.795926277467805,0.813050173620676
"016135","MISANO DI GERA D'ADDA",0.602876127703772,0.615111798657459,0.954890669352413,0.643583633797795,0.678173304414975
"016136","MOIO DE' CALVI",0.742266182485378,0.773656432770034,0.936151754587426,0.775780352323678,0.79359939701965
"016137","MONASTEROLO DEL CASTELLO",0.641390865468212,0.653640019874016,0.951162458270538,0.677880144231057,0.708244845790999
"016139","MONTELLO",0.596972481382121,0.604768540464073,0.950033221868106,0.635786782017598,0.670703053112099
"016140","MORENGO",0.62511159924841,0.649076116947021,0.963981830285557,0.6697826553165,0.702471452535284
"016141","MORNICO AL SERIO",0.617747708813386,0.637600211958334,0.955803444424183,0.660486908789693,0.693299857193525
"016142","MOZZANICA",0.576725467261149,0.582560263852464,0.95705373784138,0.617383952785264,0.655125040013722
"016143","MOZZO",0.499466546445693,0.464283653001519,0.954282223248999,0.529115812076145,0.576356524428685
"016144","NEMBRO",0.506459903696384,0.491385058370387,0.941033464578555,0.543133579387903,0.58734467774242
"016145","OLMO AL BREMBO",0.744361451107685,0.802325299534474,0.958237863440228,0.791832824132994,0.810322272944909
"016146","OLTRE IL COLLE",0.664376291920024,0.701861201887143,0.942633358484678,0.709070208061693,0.735021669219802
"016147","OLTRESSENDA ALTA",0.766077818042994,0.80807784553605,0.93036847865546,0.801406896476116,0.81573596116271
"016148","ONETA",0.678305749510616,0.736141876649917,0.959263802762733,0.732427812048513,0.75763181101676
"016149","ONORE",0.658081070223754,0.680907890768219,0.949874574581188,0.697532489904507,0.725570499313027
"016150","ORIO AL SERIO",0.629744340776806,0.63891367104608,0.947112483552568,0.665607353675556,0.696885701439668
"016151","ORNICA",0.778900895461004,0.86048530486551,0.963185197270953,0.834042309874027,0.848391519584796
"016152","OSIO SOPRA",0.572982098303621,0.575587754248006,0.956237269349417,0.612480160583174,0.650675394890534
"016153","OSIO SOTTO",0.509720115283221,0.498595435513353,0.952338757081975,0.548975873566656,0.593793971735025
"016154","PAGAZZANO",0.626774455180621,0.645649756334814,0.95715311792319,0.668306206974265,0.700400308190812
"016155","PALADINA",0.568333701699353,0.568132912566594,0.952409437687525,0.606650920188429,0.645068533243884
"016156","PALAZZAGO",0.570697703108493,0.57511194571234,0.960255644249478,0.611639906394323,0.650374988378229
"016157","PALOSCO",0.5689563167006,0.57764534748516,0.952461866581836,0.611216935541776,0.649133038990671
"016158","PARRE",0.610404551884177,0.622211685219448,0.949446530420996,0.649621959738731,0.682935800925649
"016159","PARZANICA",0.744445001323055,0.795546654649277,0.939333493528358,0.786929594540385,0.803863361094604
"016160","PEDRENGO",0.545999676293604,0.534933229878536,0.947758839943352,0.581195691771798,0.621924930457527
"016161","PEIA",0.658719936796576,0.696783719314372,0.959734543011737,0.705950099551101,0.734148371046727
"016162","PIANICO",0.649097234126716,0.67063894936665,0.949387617399268,0.688820044311941,0.7177719968772
"016163","PIARIO",0.65822217581254,0.68781671059897,0.948835106696698,0.700601009554849,0.728182575903944
"016164","PIAZZA BREMBANA",0.647250771161284,0.668155462139684,0.946469649807792,0.686579769966215,0.715456423281946
"016165","PIAZZATORRE",0.681557426530929,0.729939960751255,0.94117175077167,0.72929099935415,0.752833305067208
"016166","PIAZZOLO",0.801497139235091,0.870037678779201,0.939353405038619,0.846126008610293,0.856484608213441
"016167","POGNANO",0.652190469200974,0.677055711854441,0.956996502473788,0.693860431722316,0.723097772916924
"016168","PONTE NOSSA",0.629274950515795,0.646419548498895,0.944612120085284,0.668523736565139,0.699200223622933
"016169","PONTERANICA",0.519090030246533,0.498332840044821,0.946727412941663,0.552513032925275,0.596314630704874
"016170","PONTE SAN PIETRO",0.50583315085115,0.48833706475083,0.944597048207558,0.541836301841647,0.586587495882304
"016171","PONTIDA",0.590277907857155,0.597167729975102,0.950582829309325,0.629408819955448,0.665094820994768
"016172","PONTIROLO NUOVO",0.573753047245717,0.576595033197216,0.952578254644305,0.61291446166375,0.650654883106034
"016173","PRADALUNGA",0.575253210994575,0.579577969110947,0.950147676739057,0.61468879872139,0.65196200739002
"016174","PREDORE",0.612389809956301,0.620702831550836,0.952308337147978,0.65012252239301,0.683698724032451
"016175","PREMOLO",0.655778650024735,0.681150285488604,0.951954550058308,0.696813475986833,0.725162484216997
"016176","PRESEZZO",0.556424057353195,0.550645763952934,0.949010279883507,0.593082447576109,0.632629984499153
"016177","PUMENENGO",0.652057906693824,0.687637049332265,0.956640659120185,0.698526796123758,0.727206114234472
"016178","RANICA",0.525207922027152,0.498491871813531,0.944988611251776,0.555163768353485,0.598477639786628
"016179","RANZANICO",0.637994016773334,0.655723117550792,0.946487260021907,0.676821436448047,0.706784305734032
"016180","RIVA DI SOLTO",0.645674581791845,0.664476145150264,0.952161818455732,0.684784008969522,0.71449265446799
"016182","ROGNO",0.581389653753327,0.582536287578533,0.945602062259655,0.618326879825303,0.654690788984675
"016183","ROMANO DI LOMBARDIA",0.47999351020329,0.459057180027726,0.943882232406746,0.516961033844632,0.564396722573756
"016184","RONCOBELLO",0.671463103125307,0.715507902596546,0.942977005578303,0.718434653132664,0.743383803404402
"016185","RONCOLA",0.669478766432446,0.700068893823074,0.941884024945781,0.710484849609562,0.736195869091364
"016186","ROTA D'IMAGNA",0.678045968913882,0.715854148000342,0.943934966567374,0.721648549268138,0.746347040079165
"016187","ROVETTA",0.563381770486385,0.559428158605232,0.941918393287029,0.599456307419931,0.637507650294053
"016188","SAN GIOVANNI BIANCO",0.586139525511811,0.599442464429034,0.954246460685845,0.628936541541965,0.665082088113507
"016189","SAN PAOLO D'ARGON",0.554911458178158,0.551500475753188,0.950250535177981,0.592910423786904,0.632614880608134
"016190","SAN PELLEGRINO TERME",0.559435686664968,0.559523225097862,0.947479119368608,0.598279422230134,0.637079388578853
"016191","SANTA BRIGIDA",0.741528153834018,0.80166419512599,0.957776812705089,0.790214238302513,0.808832302125021
"016193","SARNICO",0.519249320605591,0.497945546332401,0.956330800349465,0.553370770157043,0.59814410684509
"016194","SCANZOROSCIATE",0.503249395842882,0.480359932114,0.967522939392496,0.539376491519846,0.586948319061252
"016195","SCHILPARIO",0.643801520177892,0.66905111577762,0.937672545859579,0.684550940765938,0.712675563554121
"016196","SEDRINA",0.593672824334167,0.637423065442372,0.958411915012174,0.64983434190066,0.68412073891305
"016197","SELVINO",0.618007789339725,0.630757746935404,0.938874311584022,0.65583192248221,0.687281076826856
"016198","SERIATE",0.449591492414777,0.411293623165704,0.934995270295548,0.480897829040771,0.531353100291302
"016199","SERINA",0.62151665132161,0.639629211281083,0.943376951295011,0.661853333300713,0.693133735300079
"016200","SOLTO COLLINA",0.618829605950026,0.628340426144756,0.94298361044616,0.655524875487268,0.687464734927145
"016201","SONGAVAZZO",0.676722205171879,0.707783699339842,0.950646740783032,0.718092331108578,0.743931709961295
"016202","SORISOLE",0.529607301806174,0.521966661541545,0.949877756808027,0.568196059187276,0.610605136700693
"016203","SOTTO IL MONTE GIOVANNI XXIII",0.56357582255936,0.557395012052315,0.952643181238355,0.599701193699089,0.638916970092341
"016204","SOVERE",0.561901622140505,0.563966662149933,0.94868943249032,0.601509671179729,0.640085200214239
"016205","SPINONE AL LAGO",0.669214578056158,0.695871965832102,0.951174687252019,0.709406413474919,0.736269555005708
"016206","SPIRANO",0.570610671387534,0.573756423047042,0.953725414348048,0.610337733930364,0.64849192064344
"016207","STEZZANO",0.493933894340927,0.468704744772058,0.945782319002261,0.527765619501069,0.574211919445646
"016208","STROZZA",0.639752422630466,0.691315333842344,0.95741920903625,0.69472241131639,0.723910944396374
"016209","SUISIO",0.59549419345534,0.608345690987323,0.955863938405393,0.637314341839737,0.672708741458144
"016210","TALEGGIO",0.664473346402628,0.711914098368684,0.944294407635458,0.713803790910637,0.739413859435617
"016211","TAVERNOLA BERGAMASCA",0.613807572826574,0.632600597418179,0.952713670104929,0.656155043620631,0.689106002118887
"016212","TELGATE",0.58606817473353,0.596315589805192,0.954594166225556,0.627532110664981,0.6638723390606
"016213","TERNO D'ISOLA",0.542827185314207,0.535369644747793,0.95187357957127,0.580375931485027,0.621653447939054
"016214","TORRE BOLDONE",0.503960443471867,0.475390537966128,0.943402333027837,0.535048174949881,0.580420859180765
"016215","TORRE DE' BUSI",0.619118743704131,0.638901269291991,0.963732831663617,0.662482289014617,0.695954571531173
"016216","TORRE DE' ROVERI",0.588709013670687,0.586683604235386,0.971476613442665,0.626074339402,0.664452369850963
"016217","TORRE PALLAVICINA",0.641991213644863,0.69418798182532,0.957049994566062,0.696985637418189,0.725881677101286
"016218","TRESCORE BALNEARIO",0.519107967156205,0.50510189392942,0.951194344210259,0.556013871909557,0.599922813276302
"016219","TREVIGLIO",0.428300718649961,0.380262926034143,0.938598560646118,0.457713496172459,0.511145170002865
"016220","TREVIOLO",0.502807301986364,0.479940934245639,0.952940428446774,0.537530749149079,0.583687380182156
"016221","UBIALE CLANEZZO",0.623516129566973,0.670727389765201,0.957167126843612,0.67812629638384,0.709130833101592
"016222","URGNANO",0.526097563184175,0.518903407523435,0.951075059211245,0.565357942739549,0.608215400125293
"016223","VALBONDIONE",0.645438904012194,0.701728319093002,0.948444364997354,0.701069686897073,0.728555762241549
"016224","VALBREMBO",0.565688161048743,0.558745697781744,0.95454324582278,0.601449561055997,0.640682192696751
"016225","VALGOGLIO",0.66767856580436,0.71903975129697,0.949126248588981,0.718935867554496,0.744512576558328
"016226","VALLEVE",0.75298268466537,0.816570072251326,0.945402003015444,0.800838940914058,0.816901503369768
"016227","VALNEGRA",0.707298952713373,0.750886131897646,0.949953319131551,0.751178619988114,0.773264697670718
"016229","VALTORTA",0.771656399169858,0.845617692796852,0.949636421322286,0.822736983517248,0.836836921051141
"016230","VEDESETA",0.748462743815599,0.815229851000702,0.94529351510126,0.798191019177462,0.814535740946773
"016232","VERDELLINO",0.561116361119298,0.566996039767117,0.956847835961835,0.60333536399507,0.642614527546933
"016233","VERDELLO",0.53731170247359,0.532246312133414,0.953938592696047,0.576694965842756,0.618610924382011
"016234","VERTOVA",0.583026771664031,0.595972950020664,0.950962249939536,0.625646099752066,0.661792338661785
"016235","VIADANICA",0.647295935850858,0.673302079141153,0.95777542659631,0.690046649406036,0.719794291316066
"016236","VIGANO SAN MARTINO",0.651040525870214,0.677218489114978,0.951155481777197,0.692832104921056,0.721534702349516
"016237","VIGOLO",0.678061259936128,0.738155361427576,0.960959353734536,0.73339341498712,0.758678519292389
"016238","VILLA D'ADDA",0.564913131301872,0.567091625064763,0.956755831849577,0.605077723549943,0.644153068916569
"016239","VILLA D'ALMÈ",0.543640847944665,0.540853193135527,0.952930894690218,0.583315407955108,0.62438379537012
"016240","VILLA DI SERIO",0.539505420165852,0.527717226883319,0.947107686524986,0.574960959824626,0.616310596124666
"016241","VILLA D'OGNA",0.617748270839776,0.627899570864043,0.939794775991925,0.654521006365911,0.686218091879913
"016242","VILLONGO",0.540713908076011,0.539008521877994,0.953027600437664,0.581177853523069,0.622494492069135
"016243","VILMINORE DI SCALVE",0.634573316297552,0.659591944264862,0.94986722981559,0.677361090234646,0.707639550188084
"016244","ZANDOBBIO",0.610608257655258,0.622244471408672,0.948621762666362,0.649645904345405,0.682865444158845
"016245","ZANICA",0.524262802663899,0.508816132089374,0.948091321494128,0.559694652788386,0.602849838200135
"016246","ZOGNO",0.533328219719552,0.531587245004131,0.949644349073332,0.574176394032991,0.61589505570414
"016247","COSTA SERINA",0.676175974347963,0.713018250313276,0.948980874726915,0.720035488570249,0.745473864809879
"016248","ALGUA",0.662272265386995,0.714823587262993,0.953982440236089,0.715091377716104,0.741634829107213
"016249","CORNALBA",0.718895034367365,0.780158918136902,0.959469575714043,0.770521236198324,0.791515496144515
"016250","MEDOLAGO",0.617314773495748,0.634828830964011,0.965148861670753,0.659979508173967,0.693887214118054
"016251","SOLZA",0.620623604676802,0.63776124160471,0.959383056462828,0.662211486472963,0.69523054980517
"016252","SANT'OMOBONO TERME",0.58628720488307,0.598150820986212,0.944491468583076,0.627446258499485,0.662673504064328
"016253","VAL BREMBILLA",0.600335234990236,0.616003251049092,0.953315912167098,0.642683909934407,0.677198576849151
"017001","ACQUAFREDDA",0.647913419923472,0.681256082629509,0.957714448919497,0.693897721040791,0.723210690805092
"017002","ADRO",0.544871787371359,0.543615605564534,0.94964664595535,0.584783991416687,0.625324286365427
"017003","AGNOSINE",0.615969311822892,0.664818804596958,0.963550309745813,0.672709683363514,0.705025308517103
"017004","ALFIANELLO",0.618408380698501,0.639228209333301,0.954124550146898,0.661348920529001,0.6938795460421
"017005","ANFO",0.689894457956239,0.745599219806397,0.955648329930289,0.741536987986215,0.765327137091112
"017006","ANGOLO TERME",0.620638183670161,0.639428817573714,0.946836185048305,0.661713769064574,0.693394037507211
"017007","ARTOGNE",0.589318480371321,0.600143872614154,0.945952243423111,0.629853283185775,0.664975389878812
"017008","AZZANO MELLA",0.586426661454246,0.588325679053573,0.951373487415263,0.623775901970045,0.66017563368618
"017009","BAGNOLO MELLA",0.513503657626806,0.505163767523973,0.949965403262277,0.553396881644078,0.597460050712767
"017010","BAGOLINO",0.588806250091431,0.604629133692714,0.947434423986522,0.631789365101518,0.666861038310963
"017011","BARBARIGA",0.615278897031578,0.63418173762382,0.948812587910401,0.657138544385969,0.689546771444239
"017012","BARGHE",0.657086773681681,0.685856165165332,0.961143363530918,0.700438658834248,0.729405848244989
"017013","BASSANO BRESCIANO",0.612032830598695,0.628546779327342,0.957675189140562,0.654028343380773,0.687766881798527
"017014","BEDIZZOLE",0.508741210272486,0.496297785932228,0.946072706068196,0.546874818898941,0.591230139695525
"017015","BERLINGO",0.609659074786118,0.629527419007773,0.955815360710824,0.653215458278333,0.686837669659721
"017016","BERZO DEMO",0.613825926299608,0.656615803524108,0.948149632523406,0.666513741673013,0.697806618434167
"017017","BERZO INFERIORE",0.61131597008388,0.627606693882057,0.951592480816673,0.652674446866339,0.685887561749709
"017018","BIENNO",0.572708365595643,0.576880796105771,0.942623205376184,0.611577443303255,0.648360305755803
"017019","BIONE",0.616223700512241,0.657769025470533,0.953293709969191,0.668626097689167,0.700255832386948
"017020","BORGO SAN GIACOMO",0.574571332995136,0.582545549008693,0.952056045097008,0.615908201411424,0.653257961820933
"017021","BORGOSATOLLO",0.526997886649172,0.520510440889196,0.950129003663908,0.566391647758656,0.609029131748129
"017022","BORNO",0.601499553652789,0.611348436914064,0.940525971941961,0.63983419294928,0.673244390615133
"017023","BOTTICINO",0.501281423437725,0.480428498485937,0.942535325344783,0.536022997400126,0.581191033838422
"017024","BOVEGNO",0.645865967828715,0.680250978486148,0.957115478281013,0.69246417366979,0.721869874182148
"017025","BOVEZZO",0.523343757091139,0.502586125409738,0.943465309558565,0.556014978081251,0.599065014912064
"017026","BRANDICO",0.640196292356557,0.65998214620806,0.949923517161964,0.680072649070274,0.71005607885824
"017027","BRAONE",0.641454596400836,0.675922509530961,0.941054164969558,0.686925114166265,0.715161675366631
"017028","BRENO",0.55182621717474,0.545367706836724,0.942569601885868,0.587994225993746,0.627391489981759
"017029","BRESCIA",0.302950321016788,0.219629037741042,0.865458520851858,0.321706563526209,0.382123447673503
"017030","BRIONE",0.686055536250116,0.722006627357071,0.957607141313748,0.729388687754609,0.754746293705625
"017031","CAINO",0.614204898395816,0.627634451821884,0.953725066570309,0.654200214254996,0.687480753401142
"017032","CALCINATO",0.51518853198448,0.509002943582263,0.950888782265516,0.555975042231586,0.5998543466798
"017033","CALVAGESE DELLA RIVIERA",0.574784487887646,0.573239258382917,0.94841873923278,0.611452559745031,0.648893246354781
"017034","CALVISANO",0.54022982657649,0.539768683144957,0.950734732126122,0.581072802587263,0.622146350313803
"017035","CAPO DI PONTE",0.61008710704284,0.623874021726118,0.943210209942879,0.649603528940319,0.682226493496159
"017036","CAPOVALLE",0.728071556377908,0.805026054573205,0.967961592507441,0.786690084178745,0.806831362881933
"017037","CAPRIANO DEL COLLE",0.574495004213015,0.576065946028312,0.95433403810102,0.613185831418699,0.651091187716735
"017038","CAPRIOLO",0.537546819084324,0.536919029773537,0.949542739518733,0.578463905937911,0.619694887446891
"017039","CARPENEDOLO",0.521987410189372,0.516774385789567,0.950470530772681,0.562489861267791,0.605598824546112
"017040","CASTEGNATO",0.532204952739931,0.520754533460986,0.9502619667461,0.568857965465023,0.611236187829587
"017041","CASTELCOVATI",0.569780806078901,0.580917802565517,0.952127615348197,0.613027135424808,0.650704966527407
"017042","CASTEL MELLA",0.512876438267105,0.494872010682403,0.945504797997061,0.548037281826984,0.592200339179215
"017043","CASTENEDOLO",0.508306371819545,0.495495172408231,0.94759074737561,0.54646976964006,0.591038767166232
"017044","CASTO",0.61427273282141,0.663469726645013,0.963018863034561,0.671285993063346,0.703700756393481
"017045","CASTREZZATO",0.559391546338206,0.566784657837184,0.953936666354799,0.602172958514406,0.641257814941116
"017046","CAZZAGO SAN MARTINO",0.521172496112231,0.512946202584461,0.950447958907269,0.560398210304238,0.60373707126013
"017047","CEDEGOLO",0.642189793980189,0.660198579678738,0.940424003198803,0.680117168466398,0.709040150103331
"017048","CELLATICA",0.52996183361769,0.507523172401964,0.947540439572491,0.561622296666094,0.60450209032236
"017049","CERVENO",0.64532268244242,0.685550041351612,0.942846028281153,0.693177328535429,0.720918295173843
"017050","CETO",0.636907078444799,0.658298807983669,0.951986445880707,0.678041293480882,0.708479643747529
"017051","CEVO",0.660151891746228,0.685715111495642,0.934569628066409,0.699097114265482,0.72526072691003
"017052","CHIARI",0.481291682153631,0.460848351935857,0.942615519474752,0.518224567287745,0.565379117530746
"017053","CIGOLE",0.643910291579578,0.662541342935031,0.946958643826931,0.682599099914267,0.71197238257123
"017054","CIMBERGO",0.67482182292213,0.730314443513346,0.952431795431527,0.727554499439117,0.752540865660495
"017055","CIVIDATE CAMUNO",0.597766753600867,0.613093938052116,0.953175171403199,0.640204828384162,0.674979310941833
"017056","COCCAGLIO",0.534544864371562,0.531740862682755,0.951707460131032,0.574999323187546,0.616855782847933
"017057","COLLEBEATO",0.538871819827988,0.518165974091614,0.947257782676498,0.57039278553147,0.61226667410314
"017058","COLLIO",0.636230207663131,0.66854786873602,0.95002139883352,0.68215227426297,0.711915510326364
"017059","COLOGNE",0.541424308093026,0.53946334564403,0.957614227105984,0.582160866892274,0.62387790691602
"017060","COMEZZANO-CIZZAGO",0.606877147891614,0.620844422901434,0.952228787344079,0.647697585591279,0.681534385786035
"017061","CONCESIO",0.474431399572183,0.444933629050512,0.946657376457293,0.508380000525942,0.557077486740537
"017062","CORTE FRANCA",0.532669488656001,0.526188753189362,0.950210520674748,0.571507260897888,0.613585400873095
"017063","CORTENO GOLGI",0.632810710590874,0.657763827438971,0.941404460916846,0.674898988205115,0.704510707395307
"017064","CORZANO",0.648841042402727,0.675136208245944,0.954915587621799,0.691281321554082,0.720574017783828
"017065","DARFO BOARIO TERME",0.481290730209329,0.457242947513166,0.935089968382784,0.515849151813401,0.562431464765555
"017066","DELLO",0.564486203697505,0.56726218258136,0.952321029361287,0.604518876761618,0.643163560383803
"017067","DESENZANO DEL GARDA",0.423682237460308,0.371216200730429,0.93041168720346,0.450745465906177,0.504041712716987
"017068","EDOLO",0.554802543971811,0.5518141184535,0.937316245699911,0.591709122661381,0.630109914110107
"017069","ERBUSCO",0.520725000989125,0.508787369814315,0.94831793230004,0.558112360091552,0.601468534781384
"017070","ESINE",0.559076941601297,0.559509142435623,0.944515608646875,0.597815298681302,0.636337555344143
"017071","FIESSE",0.643472447636995,0.671111836554621,0.951514923734374,0.686714420259665,0.716136698423521
"017072","FLERO",0.527909061196731,0.520191109628499,0.951982965448003,0.566843373416154,0.609636661419692
"017073","GAMBARA",0.581400472654304,0.592238327739959,0.950651736807998,0.623202633858219,0.659585867519305
"017074","GARDONE RIVIERA",0.565828152802385,0.54829978450523,0.945480717303449,0.595905643518772,0.634747318383736
"017075","GARDONE VAL TROMPIA",0.524104607490374,0.518107711609292,0.950889334757067,0.564084477070557,0.60706279459128
"017076","GARGNANO",0.587858406223306,0.596047611838249,0.936400970374351,0.626397805165135,0.660842601299492
"017077","GAVARDO",0.502366991520971,0.482847959093705,0.938247154577122,0.537171443234316,0.581735411161295
"017078","GHEDI",0.496185709910036,0.481430044734869,0.94794571019909,0.534721660610116,0.58063544389778
"017079","GIANICO",0.621256688270487,0.639407491679223,0.948127188929742,0.662111599870344,0.693891109765832
"017080","GOTTOLENGO",0.573749720065499,0.580111940152035,0.946571771726269,0.613894924270517,0.650859018432267
"017081","GUSSAGO",0.472200614634749,0.442888676791839,0.945480051264338,0.506338186268398,0.555131726823503
"017082","IDRO",0.614471167391884,0.62773019322485,0.950289841950616,0.654019596472592,0.686938512636817
"017083","INCUDINE",0.68797322166298,0.740268171929055,0.938867870657462,0.736595414182162,0.759070131568306
"017084","IRMA",0.775304730306318,0.826154235470101,0.940170182244389,0.814673552823828,0.828617622759446
"017085","ISEO",0.496602055434567,0.469060984632236,0.936708438835465,0.528219211913608,0.573606903793814
"017086","ISORELLA",0.596263417795845,0.611376140498021,0.952474679283724,0.638685269160612,0.673550759174291
"017087","LAVENONE",0.695701390952294,0.761292283940267,0.963409810511716,0.751988134752824,0.775479432059367
"017088","LENO",0.50442023600082,0.491379728311448,0.947036405246032,0.542813624465124,0.587727266774113
"017089","LIMONE SUL GARDA",0.658843190701865,0.68998886929763,0.940346332926759,0.701009060292448,0.72760209058515
"017090","LODRINO",0.641160715255019,0.661294397659477,0.958004310512296,0.681905231862753,0.712582907268258
"017091","LOGRATO",0.584674842011341,0.589851238164674,0.952189251121659,0.623755661191373,0.660248282294738
"017092","LONATO DEL GARDA",0.481403658972734,0.457475665692251,0.943786789380293,0.516874375037273,0.564309087742053
"017093","LONGHENA",0.656576690737169,0.699729585146216,0.948008186611215,0.705138642808645,0.732124147675597
"017094","LOSINE",0.675391090794004,0.708399740376492,0.951421413673117,0.717848015394035,0.743800615202822
"017095","LOZIO",0.729697589634667,0.807375280549225,0.966397789800742,0.788322570562826,0.808108706033705
"017096","LUMEZZANE",0.495011215032388,0.488334110057732,0.959892052860441,0.538494601576598,0.585316540608136
"017097","MACLODIO",0.644175656390992,0.670778541097049,0.955949001864408,0.687324289056059,0.717171479368098
"017098","MAGASA",0.8066857717532,0.897660785538777,0.968392115527799,0.86379516233417,0.875417046022351
"017099","MAIRANO",0.59459193961743,0.598851504329437,0.950468701278457,0.632096419903936,0.667471117834438
"017100","MALEGNO",0.625896348409913,0.645838326029573,0.952392067839379,0.667519810281706,0.69917228334367
"017101","MALONNO",0.600896979486294,0.616773935125335,0.942580289816049,0.642209940556838,0.675584423807861
"017102","MANERBA DEL GARDA",0.545782575248637,0.531754258694107,0.947273075555316,0.579618882829767,0.620469348688161
"017103","MANERBIO",0.500013155176197,0.484082268257473,0.945724710021934,0.537415411547345,0.582783111377855
"017104","MARCHENO",0.590403395605027,0.601244286780516,0.956710798006955,0.63191253687419,0.668001232555608
"017105","MARMENTINO",0.729726999975345,0.787574389692474,0.966286840213456,0.779414309371864,0.800177923909819
"017106","MARONE",0.583217979633616,0.586476456414993,0.948311257093079,0.621193621931182,0.657540025838059
"017107","MAZZANO",0.506684481029257,0.492691044848765,0.948149694055566,0.544533956050666,0.589380149162322
"017108","MILZANO",0.64248250649424,0.66982174715052,0.953351270443778,0.68587204118452,0.71559195554666
"017109","MONIGA DEL GARDA",0.571855915997794,0.560605572773151,0.938828232816089,0.603490493228534,0.640750242071596
"017110","MONNO",0.701435275555179,0.748620591172991,0.944404290057127,0.746965569033389,0.768903204702693
"017111","MONTE ISOLA",0.642721515994033,0.670160425122305,0.946476586546867,0.685444532157039,0.714448093755909
"017112","MONTICELLI BRUSATI",0.547638979750534,0.534678920481519,0.95205533764247,0.582248588868671,0.623338227621315
"017113","MONTICHIARI",0.466838748517346,0.44357648567734,0.940962961082448,0.503783151495854,0.552358685894364
"017114","MONTIRONE",0.578687877497458,0.587991988847135,0.95699289459497,0.620705229314564,0.658070525456831
"017115","MURA",0.716667267046738,0.762932535050036,0.959366865627475,0.761756597506296,0.783713293964205
"017116","MUSCOLINE",0.594240470195802,0.603314912468676,0.955187431403329,0.634418665339348,0.670059639346457
"017117","NAVE",0.521291063702479,0.516327406286177,0.95305221100168,0.562233532595063,0.605657830195799
"017118","NIARDO",0.615238620160995,0.620986659439081,0.949688316998343,0.651270207519869,0.684427775239699
"017119","NUVOLENTO",0.591900427126944,0.60747504402732,0.95776743371821,0.63549570539124,0.671303675205348
"017120","NUVOLERA",0.566268917968389,0.567834662690857,0.951937493617648,0.605540360658425,0.644028930987228
"017121","ODOLO",0.640368533039346,0.663682393514527,0.969653613821951,0.683788278331438,0.715551093385939
"017122","OFFLAGA",0.591800472192237,0.607017858673401,0.954670936687355,0.634935342558272,0.670461519683726
"017123","OME",0.580180234526787,0.584113438581431,0.945897120531264,0.618521864951825,0.65489689334954
"017124","ONO SAN PIETRO",0.695573134150468,0.728179287573968,0.949958004946599,0.735684390270656,0.759492569679094
"017125","ORZINUOVI",0.503203647188471,0.486639038846008,0.945906795089471,0.540019888224462,0.585118433431686
"017126","ORZIVECCHI",0.614072765092581,0.629399626798427,0.947196868331907,0.654282263184144,0.686828330422784
"017127","OSPITALETTO",0.50894829942482,0.49654800749488,0.950726914359072,0.547546029549772,0.592343905639694
"017128","OSSIMO",0.640464581307559,0.666004880032046,0.946671898948734,0.682578447497696,0.711922164325589
"017129","PADENGHE SUL GARDA",0.525699248564616,0.49812055383382,0.968201758256138,0.55753908690491,0.603168272610602
"017130","PADERNO FRANCIACORTA",0.570713008812016,0.567954277473125,0.949279550557021,0.607328233884016,0.645322824625461
"017131","PAISCO LOVENO",0.778689838637011,0.841352645508628,0.945557881164104,0.823574905981948,0.837128569891076
"017132","PAITONE",0.626621918869894,0.645554336622121,0.948895186064395,0.667368833577846,0.698649539409685
"017133","PALAZZOLO SULL'OGLIO",0.473711036309096,0.451236981328715,0.944494637068578,0.510676071643873,0.55887813446884
"017134","PARATICO",0.548964499918151,0.539290155944641,0.950438013651831,0.58475839650344,0.625389465075483
"017135","PASPARDO",0.651262818661633,0.693175930864774,0.94337132487885,0.699334569774769,0.726449764786333
"017136","PASSIRANO",0.529460479353788,0.517808492153867,0.951185986632378,0.566389635841683,0.609144785929538
"017137","PAVONE DEL MELLA",0.610534496928864,0.629757315386778,0.956418469678741,0.653773162509913,0.687400418862005
"017138","SAN PAOLO",0.579809361803922,0.584650547414198,0.945651569544336,0.618572116102587,0.654914277596115
"017139","PERTICA ALTA",0.682030356965713,0.741120769456137,0.962949968764797,0.736713003766312,0.761850444321699
"017140","PERTICA BASSA",0.683740216084136,0.744038753586344,0.962129579977089,0.738713494349425,0.76353750386361
"017141","PEZZAZE",0.622443808591222,0.673167783058946,0.956455310726073,0.678670747315183,0.709535698805282
"017142","PIAN CAMUNO",0.567352323438469,0.567005360557618,0.941128991657288,0.604573856963968,0.641968871929892
"017143","PISOGNE",0.526866937277145,0.518900561568908,0.948050387824199,0.565400413263143,0.607917077103261
"017144","POLAVENO",0.626533336509471,0.648595503887012,0.958875375716572,0.669695515750075,0.701826611301908
"017145","POLPENAZZE DEL GARDA",0.581221954105184,0.579218081778261,0.95028394356563,0.617226410504113,0.654232803066504
"017146","POMPIANO",0.592516376601226,0.606874586792855,0.957447585087516,0.635470692036088,0.671245902375136
"017147","PONCARALE",0.558983210931884,0.558461188080526,0.950728609343473,0.597922840489932,0.637123481473659
"017148","PONTE DI LEGNO",0.599395575456843,0.605880006425026,0.934898872417117,0.635863899088553,0.669090007236171
"017149","PONTEVICO",0.546651580738032,0.545577445348514,0.944668802848402,0.585969942023786,0.625825371004299
"017150","PONTOGLIO",0.560620259306966,0.567838382400805,0.952227552477997,0.603029144016297,0.641828967178708
"017151","POZZOLENGO",0.582529214455707,0.586823873740924,0.945678443843218,0.620776734072806,0.656876924047296
"017152","PRALBOINO",0.611585148576534,0.625182486235833,0.948884740592451,0.651433909724811,0.684484002043437
"017153","PRESEGLIE",0.624405668573802,0.672686812684056,0.973209290684152,0.681012545634452,0.713478850639974
"017155","PREVALLE",0.555172163484771,0.555163830409164,0.948102341929486,0.594461431445219,0.633754865943471
"017156","PROVAGLIO D'ISEO",0.53791036044239,0.533274634580084,0.952021514726422,0.577235399232756,0.618878300954274
"017157","PROVAGLIO VAL SABBIA",0.655994384830693,0.710993518513663,0.969258156840019,0.712070372188962,0.740646792705747
"017158","PUEGNAGO DEL GARDA",0.581517005804399,0.587357910733808,0.948733005178112,0.620867012960004,0.657296567650905
"017159","QUINZANO D'OGLIO",0.560537668940637,0.565642777676844,0.949894254510269,0.601770626428893,0.640451029549046
"017160","REMEDELLO",0.590075428045851,0.598014505379338,0.950117793359332,0.629652249377268,0.665259532041942
"017161","REZZATO",0.492429412464156,0.470025719590003,0.943467004816382,0.52745150990601,0.57367545378494
"017162","ROCCAFRANCA",0.588884933718773,0.601586145311308,0.95055668101086,0.630767653664623,0.666299767814205
"017163","RODENGO SAIANO",0.508499547906315,0.486884225346168,0.951478220078011,0.543070519971419,0.588449153316596
"017164","ROÈ VOLCIANO",0.55845645234065,0.55559001970033,0.944673392598844,0.595788251678325,0.634553267336161
"017165","RONCADELLE",0.52192254540285,0.509976289405435,0.946212811347256,0.558975756798454,0.602002096192765
"017166","ROVATO",0.483953173891064,0.464013645022173,0.942810015970269,0.520866070107984,0.567748730759349
"017167","RUDIANO",0.57910070977711,0.58822359851358,0.951150402992053,0.620410979030016,0.657159803914687
"017168","SABBIO CHIESE",0.584059928028848,0.592733063547517,0.959399861693284,0.625496832378693,0.662597168969203
"017169","SALE MARASINO",0.580348745366159,0.584519706451789,0.948821932163007,0.619072996534377,0.655711767159781
"017170","SALÒ",0.481478535795667,0.445941722282249,0.931384812085556,0.510477597343618,0.557245065648278
"017171","SAN FELICE DEL BENACO",0.555591897773611,0.538232468374396,0.940041040102047,0.586225068776808,0.625537954479613
"017172","SAN GERVASIO BRESCIANO",0.622034570729112,0.634538259225235,0.955624904248389,0.661020263904295,0.693754112831417
"017173","SAN ZENO NAVIGLIO",0.5575852058762,0.55245336874664,0.950784502727939,0.594595808853072,0.634172330394724
"017174","SAREZZO",0.50875466770393,0.4989075040018,0.952017832577141,0.548649760525292,0.59346843519772
"017175","SAVIORE DELL'ADAMELLO",0.671629518706059,0.736146464006536,0.95793399393435,0.729292591614103,0.754697191871908
"017176","SELLERO",0.655109802831439,0.686447736139177,0.950672451383776,0.698768137675155,0.726757505865002
"017177","SENIGA",0.623678468796988,0.67377697943941,0.954715656177149,0.679326517324094,0.709925310529989
"017178","SERLE",0.621063466883327,0.643955545705039,0.952976843467242,0.664556240011489,0.696602973728795
"017179","SIRMIONE",0.516281362266924,0.497766755934171,0.935150987044038,0.549836751894897,0.592649444689246
"017180","SOIANO DEL LAGO",0.582157171399949,0.568696183296083,0.951833585963547,0.613067368209569,0.650708059071122
"017181","SONICO",0.640832963474525,0.657862873373477,0.93907495223494,0.678320621805095,0.707293325186189
"017182","SULZANO",0.601092922716858,0.601553567840419,0.950931704238636,0.636284091174638,0.671244937070638
"017183","TAVERNOLE SUL MELLA",0.651753624237312,0.676756714087211,0.953602448576544,0.69318989710369,0.722124625045118
"017184","TEMÙ",0.636655097822568,0.654129594603831,0.932252542082404,0.67407836580012,0.702764385387041
"017185","TIGNALE",0.648367422553421,0.677422098086404,0.935193135954236,0.690124597883345,0.717354435446777
"017186","TORBOLE CASAGLIA",0.555949134288525,0.555223503897031,0.949581918948604,0.594985879078361,0.634385439063943
"017187","TOSCOLANO-MADERNO",0.524076192773389,0.513945850417593,0.934268532817151,0.560536772717657,0.602062523839823
"017188","TRAVAGLIATO",0.510033842516784,0.499833449502607,0.948617727138223,0.549302054122548,0.593670462235401
"017189","TREMOSINE SUL GARDA",0.62112845782606,0.643905929969153,0.93746426397834,0.66301190090568,0.693506607913753
"017190","TRENZANO",0.571964554693441,0.58459178047746,0.95211655023796,0.615662005850701,0.653045844115952
"017191","TREVISO BRESCIANO",0.66416950865719,0.708682236431487,0.942933344336215,0.712076619723526,0.737727366902714
"017192","URAGO D'OGLIO",0.605062361475827,0.627847570148835,0.958980040718568,0.650707473302955,0.684959980793579
"017193","VALLIO TERME",0.636911651905458,0.662650723051419,0.952514688648727,0.680054537595468,0.710327887712497
"017194","VALVESTINO",0.73289726530874,0.789264454273856,0.936393434277368,0.778612117239905,0.796143374688512
"017195","VEROLANUOVA",0.531216284181501,0.523984335298902,0.946901812282173,0.569530459994399,0.611460610248596
"017196","VEROLAVECCHIA",0.598239866999391,0.612635853198591,0.953280352693253,0.640222109358417,0.675006358617843
"017197","VESTONE",0.579219075765985,0.586628554485951,0.955627446823079,0.620194178295679,0.657464541465391
"017198","VEZZA D'OGLIO",0.60892059490175,0.610224963327886,0.929372542457492,0.641552755449085,0.673532731783353
"017199","VILLA CARCINA",0.524967134899235,0.514921385352431,0.950722927052223,0.563022126818472,0.606099993511111
"017200","VILLACHIARA",0.626944220122782,0.67448415070632,0.95401825249773,0.681044592122869,0.711374998831187
"017201","VILLANUOVA SUL CLISI",0.555129290638754,0.551170630821628,0.943441188834511,0.592179083540623,0.631208206351055
"017202","VIONE",0.679978666048965,0.71830573031959,0.940611396000316,0.723289117965881,0.747436037747485
"017203","VISANO",0.624806892926109,0.642161088239958,0.958122407129119,0.665947832237642,0.698411673892251
"017204","VOBARNO",0.551685262030429,0.553979271208338,0.949836705040787,0.592532710461524,0.632233154303664
"017205","ZONE",0.662685655498953,0.695472018984624,0.951951488693019,0.706366102386912,0.733653367532034
"017206","PIANCOGNO",0.568029759930019,0.566897328236307,0.944347442616008,0.605151933936448,0.642840323789732
"018001","ALAGNA",0.661379835746118,0.684448759013681,0.949883396384574,0.700611207280367,0.728308117180834
"018002","ALBAREDO ARNABOLDI",0.683874928657745,0.712888307769582,0.929114554599673,0.721454911852264,0.744528205490865
"018003","ALBONESE",0.666409621327622,0.721318532079031,0.947572590042342,0.719234928037228,0.74460577937113
"018004","ALBUZZANO",0.575949231856042,0.573078769754688,0.943925959600766,0.611455196684905,0.648396392564445
"018005","ARENA PO",0.63715309841302,0.658679652002382,0.949557481249689,0.6780804858119,0.708244596416099
"018006","BADIA PAVESE",0.683443075523667,0.729650390736416,0.946118562103948,0.730503916027432,0.754461098924823
"018007","BAGNARIA",0.649926427761039,0.694015886137062,0.944417228926313,0.699215764146777,0.726460371344503
"018008","BARBIANELLO",0.664084680212243,0.682447887263454,0.943941983265452,0.700333853690609,0.727401423643369
"018009","BASCAPÈ",0.639054514702356,0.654582389788871,0.945978196768408,0.676734426697893,0.706650401150172
"018011","BASTIDA PANCARANA",0.625910952760784,0.662098971782856,0.946479315193224,0.67425239756396,0.704499832856101
"018012","BATTUDA",0.645881053152715,0.682317261465806,0.949849665172136,0.692674208095548,0.721249258881836
"018013","BELGIOIOSO",0.54347710720697,0.534344260715135,0.943028736185586,0.579322489183506,0.619734294405959
"018014","BEREGUARDO",0.580172913964785,0.575904616926491,0.946669100038076,0.614901798904882,0.651764832364126
"018015","BORGARELLO",0.564135319721646,0.534367570997544,0.947887083395134,0.589115009163149,0.628978572966703
"018016","BORGO PRIOLO",0.623392459254644,0.631573157637782,0.925808503808546,0.657315377982446,0.68714794751868
"018017","BORGORATTO MORMOROLO",0.674058314150628,0.719839466867824,0.929086036869777,0.720162605145281,0.743376319781336
"018018","BORGO SAN SIRO",0.679458999471456,0.715767414379998,0.953959705066162,0.723247856739771,0.748882506553814
"018019","BORNASCO",0.614133566271371,0.619092367602073,0.953962439196659,0.650347914162716,0.68408286138871
"018020","BOSNASCO",0.644675299348752,0.684223390671082,0.952446172637742,0.6932490277727,0.722048710535482
"018021","BRALLO DI PREGOLA",0.693547989690269,0.754411176880904,0.947645661383452,0.746346191095373,0.76871279890516
"018022","BREME",0.683325733854281,0.718360296445538,0.942631885413406,0.725021902176259,0.749200789202609
"018023","BRESSANA BOTTARONE",0.583364851041442,0.581019499335243,0.943510095164325,0.618323967185941,0.654455759183539
"018024","BRONI",0.517834010258995,0.505061606792362,0.937497371505729,0.554052764823684,0.596657721121689
"018025","CALVIGNANO",0.72304308021415,0.745271426802472,0.933813915916705,0.75412291974915,0.77408858598999
"018026","CAMPOSPINOSO",0.623332482721464,0.659422649979848,0.947914402991926,0.672031250014783,0.70268493367891
"018027","CANDIA LOMELLINA",0.652124549246752,0.678678795524663,0.945599628055186,0.693421467952656,0.721441263519604
"018029","CANNETO PAVESE",0.62760939148313,0.63641217329982,0.935393332774342,0.662349037429762,0.692687292468048
"018030","CARBONARA AL TICINO",0.61836396872875,0.621948987609398,0.942685918929971,0.652409422245164,0.684662366321253
"018031","CASANOVA LONATI",0.665994601673689,0.709304678312767,0.943476314318205,0.713232307425726,0.738814974858223
"018032","CASATISMA",0.667657329650334,0.691882228359591,0.944996632068692,0.706292464311335,0.732815149617708
"018033","CASEI GEROLA",0.616701349866597,0.633215818390779,0.953877364462132,0.657850462162032,0.690742340195377
"018034","CASORATE PRIMO",0.534100304869017,0.527408946279306,0.950205629819162,0.572699725998662,0.614644826423162
"018035","CASSOLNOVO",0.553149302388177,0.553174520224501,0.950647485442242,0.592910468719929,0.63265902613352
"018036","CASTANA",0.667873629999774,0.691631049618328,0.935758951026511,0.705353000930797,0.730953662052543
"018037","CASTEGGIO",0.530629520806678,0.514598664780658,0.934058241286728,0.563758507642974,0.60490292249228
"018038","CASTELLETTO DI BRANDUZZO",0.656898827173707,0.678467999442894,0.948276820210599,0.69574275399853,0.72380209468876
"018039","CASTELLO D'AGOGNA",0.66427025385096,0.691926087054213,0.951963567012057,0.705484710108533,0.73287124976448
"018040","CASTELNOVETTO",0.666525719397836,0.710488796361592,0.945610334026532,0.714217565494396,0.739927873109078
"018041","CAVA MANARA",0.524569829361244,0.500294360198545,0.939366928387325,0.555125578140637,0.597819061501381
"018042","CECIMA",0.712671679810546,0.761320250615265,0.952794095230032,0.758575778214618,0.78015559121633
"018043","CERANOVA",0.609489540089312,0.618260179402725,0.953507606931557,0.647838134464572,0.681801409183126
"018044","CERETTO LOMELLINA",0.762916670994479,0.811666672973994,0.93520967529184,0.802083472314997,0.816875272645757
"018045","CERGNAGO",0.696400181857287,0.744930621793347,0.952672677858741,0.743866129428659,0.767066857032002
"018046","CERTOSA DI PAVIA",0.539902903665977,0.517106674889292,0.940642502984644,0.569718560648335,0.610932332019036
"018047","CERVESINA",0.668345521513235,0.703015120771979,0.95363849657163,0.71247613868551,0.739271956228412
"018048","CHIGNOLO PO",0.589124960077114,0.599661009398751,0.950048709833274,0.629958557247467,0.665524129757001
"018049","CIGOGNOLA",0.653546561215548,0.674900467122235,0.946029017475777,0.69240406449958,0.720584614830269
"018050","CILAVEGNA",0.565759254530921,0.571078233322734,0.949031620355641,0.606480031569709,0.64454131921259
"018051","CODEVILLA",0.647717516769637,0.655356800181839,0.934587641118715,0.679842206740036,0.708147255004333
"018052","CONFIENZA",0.654865622593946,0.686155309490243,0.953698257982164,0.698829245236101,0.727148024430108
"018053","COPIANO",0.628989831257308,0.648690242163332,0.949431711687969,0.669899204208085,0.70095837170585
"018054","CORANA",0.673069490985006,0.704765897871376,0.94818966753918,0.71484489173929,0.740772089050389
"018057","CORVINO SAN QUIRICO",0.650856676552439,0.67081093188534,0.944122346672074,0.689162658464208,0.717491512709527
"018058","COSTA DE' NOBILI",0.696214483096567,0.754303271128039,0.959822607627103,0.748715250163783,0.772171623215263
"018059","COZZO",0.690992626690771,0.74100968632626,0.941277472296138,0.738528788087278,0.76105641966604
"018060","CURA CARPIGNANO",0.546253662900515,0.521884547929264,0.940653467882977,0.574727541661698,0.615385977908507
"018061","DORNO",0.576067833969734,0.582102854069134,0.951929686827812,0.616369778300272,0.65365421258111
"018062","FERRERA ERBOGNONE",0.661636746642968,0.69109078238412,0.95068077412887,0.703795465475077,0.731227166436609
"018063","FILIGHERA",0.673112419673489,0.705035635598563,0.948614988109273,0.715028123683351,0.740982219730676
"018064","FORTUNAGO",0.694156448771557,0.717711824077423,0.924114855962971,0.727752208378339,0.749570280332187
"018065","FRASCAROLO",0.64539620849395,0.698597891836613,0.95054790464464,0.699852135613217,0.727707221061153
"018066","GALLIAVOLA",0.766477014158905,0.841684402991953,0.965607611591547,0.820233398877041,0.836386089178653
"018067","GAMBARANA",0.775451618111932,0.834153747299953,0.948283289674024,0.81915074340275,0.833498804099559
"018068","GAMBOLÒ",0.527944928215039,0.520272999477634,0.946090029555172,0.56630707041722,0.608505176988104
"018069","GARLASCO",0.523812038433965,0.517378659334316,0.945805512620573,0.563116365257784,0.605637381631427
"018071","GERENZAGO",0.612652149172203,0.65466755570875,0.949883501260753,0.665282217322504,0.696904582204532
"018072","GIUSSAGO",0.555832111907069,0.548944919718329,0.951454852301197,0.592295149461549,0.632201783110399
"018073","GODIASCO SALICE TERME",0.560746528389087,0.544654088980676,0.935435882969182,0.590973866113312,0.629247423541742
"018074","GOLFERENZO",0.683280538025649,0.717378883588858,0.90616421833205,0.720913161559734,0.741496612312213
"018075","GRAVELLONA LOMELLINA",0.60039272037229,0.607961383965618,0.949628726154414,0.6387222195675,0.673267386966046
"018076","GROPELLO CAIROLI",0.567331017852592,0.568778456029279,0.949540901114666,0.606203353358308,0.644351969775681
"018077","INVERNO E MONTELEONE",0.645827354002792,0.666979271479517,0.95781787414055,0.686544768881094,0.716686225021034
"018078","LANDRIANO",0.550231072301169,0.542371352130426,0.950048543337738,0.586675945327992,0.627050678440186
"018079","LANGOSCO",0.690328534915535,0.743891814877148,0.945992632301717,0.739998420636879,0.762886666377417
"018080","LARDIRAGO",0.652311619522048,0.674211939718807,0.948837430853907,0.691819344743775,0.720376909867123
"018081","LINAROLO",0.588520851373658,0.591560435099066,0.946973525279802,0.625733931440706,0.66142721964505
"018082","LIRIO",0.767982450169377,0.835687077180511,0.952515034291394,0.816902790736589,0.831970817798234
"018083","LOMELLO",0.61875262196539,0.63709392106094,0.943418130243703,0.659472757386219,0.691022243259273
"018084","LUNGAVILLA",0.612637716183885,0.623636104053751,0.950174595338195,0.651340678640756,0.684544447162694
"018085","MAGHERNO",0.62936620318943,0.645528568486312,0.94657003724228,0.668359650978312,0.699271916118753
"018086","MARCIGNAGO",0.604751214789523,0.605879320312867,0.947105131686418,0.639494253964717,0.67367324037824
"018087","MARZANO",0.5920340459148,0.619828586324626,0.943465928017494,0.639684777309491,0.673438238499269
"018088","MEDE",0.56009982514397,0.56055705513191,0.944212768789479,0.598716873003094,0.637105305868248
"018089","MENCONICO",0.708542770016434,0.769320916664865,0.955545054288924,0.760593164435477,0.782254485530305
"018090","MEZZANA BIGLI",0.669797327539351,0.702168608720926,0.954078369116949,0.712792508228819,0.7396020483275
"018091","MEZZANA RABATTONE",0.659009168412341,0.695068346653087,0.938380646170808,0.703172946396523,0.729307135260333
"018092","MEZZANINO",0.632824976886272,0.644497654707361,0.938594371585025,0.668654621375638,0.698647926954458
"018093","MIRADOLO TERME",0.586438446926035,0.594396276311816,0.952853404672536,0.626660965924287,0.662904570229648
"018094","MONTALTO PAVESE",0.656164778618129,0.674132227025388,0.925337522231339,0.691167404762717,0.717186306703675
"018095","MONTEBELLO DELLA BATTAGLIA",0.623007472412637,0.635478990564035,0.941902730227147,0.660509181362217,0.691775131236098
"018096","MONTECALVO VERSIGGIA",0.660716536215509,0.675164553060891,0.915084008171295,0.692654890991509,0.717369237344819
"018097","MONTESCANO",0.673284069305042,0.717387303568711,0.9480671067933,0.720608828472519,0.745881970508161
"018098","MONTESEGALE",0.698483415099122,0.741248355168403,0.945171358359707,0.742396432456357,0.764926979778951
"018099","MONTICELLI PAVESE",0.686997802985508,0.724794324459517,0.944750312467057,0.729781488596967,0.753666913471422
"018100","MONTÙ BECCARIA",0.61034224904028,0.613229229299429,0.931313050457943,0.643738470298663,0.675691201427472
"018101","MORNICO LOSANA",0.660847633097001,0.670121665304827,0.932388681665475,0.69217505244737,0.718865455693826
"018102","MORTARA",0.494510872764978,0.474350833277339,0.940678167277769,0.53005558444682,0.575680315872481
"018103","NICORVO",0.707671345618036,0.764739827747679,0.944336345543263,0.757018662568898,0.777831738454939
"018104","OLEVANO DI LOMELLINA",0.655365876311906,0.700923521661699,0.945425232945788,0.704872752382701,0.731600805778599
"018105","OLIVA GESSI",0.738864060742632,0.792905514340047,0.956642952602101,0.784960604047416,0.804036420553492
"018106","OTTOBIANO",0.658917377792072,0.687810484549033,0.947864856755436,0.700814023729041,0.728264116287529
"018107","PALESTRO",0.633698417376835,0.654615588363776,0.952193853415329,0.674960687924808,0.70576437297931
"018108","PANCARANA",0.686791913665754,0.732610623074814,0.940974958550449,0.732828637388301,0.755956006406317
"018109","PARONA",0.638252372158612,0.664439225673333,0.953448080726248,0.681556027097,0.711766255278028
"018110","PAVIA",0.340429816973202,0.242744579872486,0.902084122752669,0.352636890855826,0.413686583288809
"018111","PIETRA DE' GIORGI",0.663412106775916,0.678586246665908,0.927787408875748,0.696677999936396,0.72235682315188
"018112","PIEVE ALBIGNOLA",0.645238999780959,0.688732819992725,0.948788139697888,0.695166132867946,0.723346355849051
"018113","PIEVE DEL CAIRO",0.630920454968929,0.655842565296547,0.944826271420708,0.673525986261535,0.703670462390332
"018114","PIEVE PORTO MORONE",0.608942079602014,0.622122419971574,0.945675269096583,0.648546551717773,0.681560853648752
"018115","PINAROLO PO",0.628680416502252,0.646600980503428,0.946999770691732,0.668576605721729,0.699512512940619
"018116","PIZZALE",0.640184757439453,0.676039111750831,0.948797440447605,0.687180485180388,0.716249035765634
"018117","PONTE NIZZA",0.654111531449772,0.668366011610733,0.928541967629154,0.687969091140142,0.714699410750033
"018118","PORTALBERA",0.597420626075838,0.629280938969977,0.941258523080846,0.646141556578701,0.678932330634495
"018119","REA",0.694825273161974,0.750540682341271,0.952815293316571,0.745696209308118,0.768709440864612
"018120","REDAVALLE",0.657970327873123,0.682103624412932,0.949767942999325,0.698010072828658,0.725983169514287
"018121","RETORBIDO",0.620456476039653,0.6288017784464,0.945989882493244,0.656765202768049,0.68890127829307
"018122","RIVANAZZANO TERME",0.544879222260965,0.53031358603735,0.940426542346759,0.577879417968918,0.618162431788678
"018123","ROBBIO",0.561847727727716,0.565228500895914,0.951402241938554,0.602324527074489,0.641110939837163
"018124","ROBECCO PAVESE",0.696387258456161,0.730150093199957,0.951206352717031,0.737062443516957,0.760856211205854
"018125","ROCCA DE' GIORGI",0.812494708836808,0.861540462125084,0.917381479467687,0.84505397487962,0.853090364278294
"018126","ROCCA SUSELLA",0.692389895448486,0.72785026451191,0.933627815438195,0.732470853525998,0.754821627071797
"018127","ROGNANO",0.658543124523577,0.663210617959167,0.953724758209027,0.690161659938137,0.719446448634903
"018128","ROMAGNESE",0.699019751339048,0.742101503343861,0.935347843904642,0.742039348997773,0.763518070654092
"018129","RONCARO",0.626856883679923,0.632137321931417,0.948485861298035,0.661395978654906,0.693294854504143
"018130","ROSASCO",0.671104298615266,0.720418964217423,0.948376046033136,0.721023072878024,0.746284514339703
"018131","ROVESCALA",0.657297217461275,0.679380062572331,0.929668230070622,0.694471599022185,0.720604558027567
"018133","SAN CIPRIANO PO",0.690148860712046,0.749866160094635,0.961181612695891,0.744124920632596,0.768242330861851
"018134","SAN DAMIANO AL COLLE",0.664191545834813,0.712434088122121,0.957532144716533,0.715234749752274,0.74215668252608
"018135","SAN GENESIO ED UNITI",0.534852206602609,0.502632109358142,0.943629230025286,0.561230865184867,0.603719572389358
"018136","SAN GIORGIO DI LOMELLINA",0.673873869340682,0.712167771163491,0.950022090202825,0.718720947247161,0.744421074242234
"018137","SAN MARTINO SICCOMARIO",0.512712712159081,0.47331458310187,0.932434171095048,0.536955699976933,0.58089775232339
"018138","SANNAZZARO DE' BURGONDI",0.57440270776246,0.579591494293354,0.950145925307921,0.614311983455909,0.65162686588391
"018139","SANTA CRISTINA E BISSONE",0.635236410990264,0.660266478410093,0.956308306641904,0.678607130894351,0.709462817088524
"018140","SANTA GIULETTA",0.625965643323737,0.639232424925888,0.942039046754075,0.663543035387739,0.694487036650665
"018141","SANT'ALESSIO CON VIALONE",0.628343497159727,0.615907409984798,0.943340783635536,0.65424698657859,0.686368519584917
"018142","SANTA MARGHERITA DI STAFFORA",0.694593177703998,0.753315199832083,0.946375429513719,0.746196312842608,0.768438436917176
"018143","SANTA MARIA DELLA VERSA",0.60197801975139,0.609363273958261,0.93218307375847,0.63832188954519,0.670973132235554
"018144","SANT'ANGELO LOMELLINA",0.650694301817191,0.699476581520666,0.951006069651605,0.702677504467197,0.730269567265464
"018145","SAN ZENONE AL PO",0.69521055385364,0.742329107025212,0.950408706550856,0.741933718050569,0.765097605661712
"018146","SARTIRANA LOMELLINA",0.650366319392178,0.677133218155091,0.947987142131159,0.692173506109387,0.72059724344514
"018147","SCALDASOLE",0.674560862855076,0.713452259890659,0.958842452472087,0.720490150482789,0.746973739592711
"018148","SEMIANA",0.713743332121864,0.763968787618051,0.948370669385112,0.759807520821473,0.780758981772989
"018149","SILVANO PIETRA",0.659985392963049,0.705428052924152,0.95040975731107,0.709477026380347,0.736247329817094
"018150","SIZIANO",0.546453460011316,0.536112370890747,0.957635393382713,0.5829181632442,0.624553411037368
"018151","SOMMO",0.638476951847695,0.646634365102272,0.949045699819459,0.673204662609431,0.703853666743879
"018152","SPESSA",0.69682380625647,0.736827787103164,0.950338610823812,0.740177078094216,0.763528359508616
"018153","STRADELLA",0.491853616529814,0.463000416481016,0.936086127012305,0.523292927556104,0.569158838606793
"018154","SUARDI",0.715847730265367,0.779552187640384,0.963622755129254,0.769292238570514,0.790884518188151
"018155","TORRAZZA COSTE",0.620982135312589,0.630290444098258,0.946302072166431,0.657702867951524,0.689769446197625
"018156","TORRE BERETTI E CASTELLARO",0.675768712791217,0.725774680783471,0.946199755923186,0.725314502700928,0.749857308614512
"018157","TORRE D'ARESE",0.642235856904894,0.686989617402986,0.954838009217495,0.693635264360296,0.722657791566651
"018158","TORRE DE' NEGRI",0.710328204502086,0.77294881824012,0.956786162385921,0.763153276472585,0.784668041574067
"018159","TORRE D'ISOLA",0.526468566174648,0.464616664437556,0.951448463848825,0.541133200160374,0.586723785014647
"018160","TORREVECCHIA PIA",0.587472417651262,0.592996186266684,0.949459640251905,0.626156835788266,0.66207936961756
"018161","TORRICELLA VERZATE",0.665797761145206,0.687763107024117,0.948180224029344,0.70392041307913,0.731060392073598
"018162","TRAVACÒ SICCOMARIO",0.52330205948669,0.483891446988951,0.938840556843828,0.547121133598421,0.590645513959022
"018163","TRIVOLZIO",0.589260735630446,0.583238045795431,0.950552157605085,0.622679667402153,0.659109944091368
"018164","TROMELLO",0.586121037639864,0.586887219216832,0.942978783796703,0.622151593965183,0.657799059502019
"018165","TROVO",0.628665248761699,0.668445400095903,0.952527956908808,0.678952587676802,0.709349850924803
"018166","VAL DI NIZZA",0.70007093416461,0.746752584925991,0.949427040291517,0.746013287619922,0.768614815694544
"018167","VALEGGIO",0.789273351863225,0.861794654335447,0.956022510860846,0.838582853875487,0.851631704651638
"018168","VALLE LOMELLINA",0.642112218287831,0.668814178604259,0.948372864489823,0.684754165050423,0.714045131654801
"018169","VALLE SALIMBENE",0.623279308342368,0.625495186997386,0.939849509177704,0.65593347382066,0.687479699971443
"018171","VARZI",0.58242628769219,0.585458067237076,0.934906606064134,0.619038620324583,0.654135063184533
"018172","VELEZZO LOMELLINA",0.75561948941717,0.803520640891923,0.935987980168659,0.795211856655958,0.810853648157369
"018173","VELLEZZO BELLINI",0.582448084934012,0.58219101460584,0.954345469639437,0.619522141756877,0.656724733743828
"018174","VERRETTO",0.753932067477582,0.813126993845944,0.96175882760826,0.801352460356413,0.819175390051063
"018175","VERRUA PO",0.64365344431572,0.665348089332756,0.944642238457039,0.683514913987518,0.712529061150798
"018176","VIDIGULFO",0.552178792786098,0.546402646543925,0.952243973011846,0.589586044999695,0.629881370334379
"018177","VIGEVANO",0.403215545714838,0.359776839251274,0.922130452030659,0.435559618437817,0.489623044392577
"018178","VILLA BISCOSSI",0.82177436861368,0.898832819579428,0.934550195647986,0.867728254251697,0.87515291440684
"018179","VILLANOVA D'ARDENGHI",0.663723730152563,0.689640440693888,0.953701699380074,0.70438404681891,0.732086008214595
"018180","VILLANTERIO",0.588567323620687,0.591867821025681,0.943337819470316,0.625529597037897,0.660841621752611
"018181","VISTARINO",0.642447159916393,0.661654186515157,0.951803190545935,0.682025924948791,0.712001176681807
"018182","VOGHERA",0.421073302475413,0.37476187776349,0.926452155379526,0.450771046645459,0.503624503171466
"018183","VOLPARA",0.706500431855425,0.738001220968987,0.912983899098946,0.74132413368088,0.760397440949554
"018184","ZAVATTARELLO",0.636699756668843,0.679575919926245,0.938970489562229,0.686221103424012,0.714304368550481
"018185","ZECCONE",0.614623192032975,0.621806486140447,0.95020214628692,0.651413569806732,0.684612300526753
"018186","ZEME",0.659953729445144,0.688031282355715,0.942149329838356,0.700808188294222,0.727623870688015
"018187","ZENEVREDO",0.662217304776647,0.702310234380112,0.945172797655032,0.708554672386045,0.73484557519371
"018188","ZERBO",0.73750294178328,0.78652992889297,0.947322833263791,0.780547075130692,0.799077714923258
"018189","ZERBOLÒ",0.62542519418085,0.639702151709052,0.951874411504266,0.664494746800882,0.696425820656814
"018190","ZINASCO",0.595147921021851,0.604365371503321,0.949194331883554,0.634700414824683,0.669644183386779
"018191","CORNALE E BASTIDA",0.67008641473688,0.691291365202287,0.947228979958962,0.707342898968521,0.733996907967459
"018192","CORTEOLONA E GENZONE",0.607782744323508,0.614948467266261,0.945942714244578,0.644823316639854,0.678281027484823
"018193","COLLI VERDI",0.661820900844852,0.690799384382923,0.935669087642344,0.702246037116733,0.728181931619579
"019001","ACQUANEGRA CREMONESE",0.634733058790629,0.682541324880316,0.958679137675686,0.688641386419494,0.718645581003515
"019002","AGNADELLO",0.590399102073924,0.596542187352064,0.954265179854872,0.629550098227182,0.66562955174137
"019003","ANNICCO",0.640964904559305,0.663006236907565,0.95245380679665,0.682032394339756,0.712079217946078
"019004","AZZANELLO",0.649385114694848,0.690719982660167,0.942885812705817,0.697335875080338,0.724619201483169
"019005","BAGNOLO CREMASCO",0.573871821421002,0.579934705783861,0.952904457271973,0.614503382969386,0.65210350233634
"019006","BONEMERSE",0.61873329461473,0.616720818044127,0.942580803915034,0.650212431087989,0.68269780584655
"019007","BORDOLANO",0.67908255604945,0.734598761936911,0.965547505012271,0.732711343595089,0.758582028196998
"019009","CALVATONE",0.669664499980244,0.704030703238116,0.952296503626491,0.713392491810911,0.739937382012642
"019010","CAMISANO",0.657704086241036,0.68455508469288,0.953136092839633,0.699330236204226,0.727530886941493
"019011","CAMPAGNOLA CREMASCA",0.669870389100998,0.694907022764252,0.957910117703228,0.709940847109685,0.737492988286745
"019012","CAPERGNANICA",0.601003420408075,0.598858116950085,0.947197271288575,0.63465741894003,0.669384069200979
"019013","CAPPELLA CANTONE",0.679622673767336,0.738424768807722,0.967020540156265,0.734823403174403,0.760623085061276
"019014","CAPPELLA DE' PICENARDI",0.685088977321389,0.735570366166387,0.943969392167136,0.733693643786213,0.757057615828538
"019015","CAPRALBA",0.618705981600082,0.640596477895098,0.954140840170647,0.662100190789896,0.694549151832202
"019016","CASALBUTTANO ED UNITI",0.596383136780724,0.608888549230739,0.951324431662028,0.637504701871361,0.672373560736991
"019017","CASALE CREMASCO-VIDOLASCO",0.605934101654526,0.649603019313629,0.958729526926909,0.660864657128361,0.693960753772644
"019018","CASALETTO CEREDANO",0.65488435901022,0.683844817418134,0.953542966163864,0.697782426009146,0.726200263804115
"019019","CASALETTO DI SOPRA",0.677522542685877,0.729340530220612,0.957786618731549,0.728867044681075,0.754302552908905
"019020","CASALETTO VAPRIO",0.63227568713297,0.651307953098934,0.95676202433599,0.673288840537956,0.70478586095996
"019021","CASALMAGGIORE",0.485930597681253,0.460887563942199,0.939038477841121,0.519972020514666,0.566534960217605
"019022","CASALMORANO",0.643257410104966,0.673559550864959,0.958337989190274,0.688401431355494,0.718394382226025
"019023","CASTELDIDONE",0.658788433678126,0.702231770711055,0.945989872986757,0.707058079273807,0.733606056353024
"019024","CASTEL GABBIANO",0.66854539849193,0.70868110369049,0.953617352219857,0.715113661204075,0.741614071316939
"019025","CASTELLEONE",0.51934059929656,0.504000350551322,0.946212818624922,0.555124709294039,0.598578943664137
"019026","CASTELVERDE",0.553365442785977,0.543513702845441,0.948320823747388,0.588427697908877,0.628415823002044
"019027","CASTELVISCONTI",0.757751772038244,0.806499696086022,0.94878605762546,0.798791766418466,0.815457798774798
"019028","CELLA DATI",0.694420731660315,0.732841611177155,0.948028782693279,0.737070932546189,0.760510693673644
"019029","CHIEVE",0.621992102393391,0.640158082405563,0.9580998850936,0.663777571668889,0.696480050938302
"019030","CICOGNOLO",0.641631717927416,0.689856143116907,0.952938904890033,0.694463427958949,0.723182925395736
"019031","CINGIA DE' BOTTI",0.633584207683185,0.679541175119548,0.948197200353134,0.685726142296543,0.71488959319172
"019032","CORTE DE' CORTESI CON CIGNONE",0.656438827481598,0.679003046556616,0.945257096658827,0.695474552983079,0.723228168947051
"019033","CORTE DE' FRATI",0.651750762582031,0.681896363633481,0.959722816282744,0.696113488425255,0.725403413742754
"019034","CREDERA RUBBIANO",0.637833329094572,0.659736534902783,0.95596425299691,0.679502864098501,0.710220796198324
"019035","CREMA",0.412527971955711,0.357095818368124,0.930690867860208,0.439399792431746,0.493987689701575
"019036","CREMONA",0.370958817264593,0.306394503847039,0.912879441724326,0.396096938672667,0.453517216789518
"019037","CREMOSANO",0.629026236300197,0.642906280902015,0.955225105890656,0.667892143330061,0.699818028059016
"019038","CROTTA D'ADDA",0.668791465555144,0.7206573223898,0.961824401951246,0.721434394770349,0.748144395568227
"019039","CUMIGNANO SUL NAVIGLIO",0.716196026198035,0.768194534645912,0.955202207521516,0.763495973131928,0.784796665841882
"019040","DEROVERE",0.746316833226751,0.782069562537451,0.948677557711761,0.782641633865067,0.801090069848033
"019041","DOVERA",0.585670189080905,0.596404120054569,0.955166705432621,0.627450109654225,0.663863064740714
"019043","FIESCO",0.655814439825513,0.678958479365296,0.953926224888725,0.696040436124737,0.724694412654069
"019044","FORMIGARA",0.670974403590752,0.707056273808818,0.950650255174871,0.715178830347293,0.741342321994802
"019045","GABBIONETA-BINANUOVA",0.644570578214222,0.690527181376832,0.94949859937461,0.695743851753435,0.723938823711344
"019046","GADESCO-PIEVE DELMONA",0.625125400704394,0.641616220491881,0.9544532951561,0.665479059053934,0.697587307509731
"019047","GENIVOLTA",0.665689845526681,0.692595707232376,0.951153612847395,0.706343860026315,0.733544943673102
"019048","GERRE DE' CAPRIOLI",0.635592428233771,0.639404206245463,0.949126079495517,0.668661093465207,0.699823869690797
"019049","GOMBITO",0.672980328774848,0.732046448368005,0.961481682858895,0.728410218000173,0.75430704742892
"019050","GRONTARDO",0.640243565680887,0.663765754199898,0.952217755793902,0.682025969525744,0.712047279111095
"019051","GRUMELLO CREMONESE ED UNITI",0.627797605443447,0.645951789593224,0.945846611329998,0.667771888899502,0.698669080280668
"019052","GUSSOLA",0.615787880200304,0.633710597321314,0.949289065952738,0.657203221480002,0.689657204199195
"019053","ISOLA DOVARESE",0.64974742865649,0.668083269549476,0.940414441263829,0.687065258319068,0.715215167535152
"019054","IZANO",0.621147048282415,0.63420015705235,0.94942803416124,0.659849045816769,0.692024488966154
"019055","MADIGNANO",0.590919887942629,0.596729805017844,0.950635045451769,0.62950586637739,0.665186886274543
"019056","MALAGNINO",0.609774734291167,0.605573877742035,0.950872940627053,0.641994169477646,0.676314032938692
"019057","MARTIGNANA DI PO",0.626249821606941,0.63652187164477,0.947400914929825,0.662987353456253,0.69458886028665
"019058","MONTE CREMASCO",0.619254427606595,0.636433213338591,0.957695884897155,0.660829026915049,0.693814233357505
"019059","MONTODINE",0.615643496180344,0.630156036774698,0.950664328792728,0.655676222709041,0.688452678940562
"019060","MOSCAZZANO",0.64826224137531,0.690083539152866,0.94714217654851,0.69696981889253,0.724766747520972
"019061","MOTTA BALUFFI",0.673583471674193,0.703765835390854,0.946697756692042,0.714476963848475,0.740279274164427
"019062","OFFANENGO",0.549861611429073,0.544745466419052,0.951971910483369,0.587770376079993,0.628237213235924
"019063","OLMENETA",0.634032096117903,0.673466700570949,0.94848831190127,0.68322328970011,0.712697181055795
"019064","OSTIANO",0.613174157552282,0.637570948812434,0.953035310633483,0.658138828927471,0.690905104672583
"019065","PADERNO PONCHIELLI",0.656329872244447,0.68092255982974,0.947495902120603,0.696513184645444,0.724400153253795
"019066","PALAZZO PIGNANO",0.601574871254258,0.613881965370601,0.955144976774306,0.642470074158617,0.677211730004805
"019067","PANDINO",0.533070529910414,0.528401710273414,0.951221491493305,0.572784657232053,0.614833194372192
"019068","PERSICO DOSIMO",0.584827327840343,0.587511107957336,0.950068173771785,0.622559113486134,0.658949009073428
"019069","PESCAROLO ED UNITI",0.655249734610701,0.682619862609657,0.954698636644822,0.697511182413643,0.726087566217108
"019070","PESSINA CREMONESE",0.659609173747684,0.704127013012059,0.939389929070285,0.707620276948913,0.733372460517954
"019072","PIANENGO",0.600007202170005,0.607271116976894,0.952195069421042,0.638494750558209,0.673350341542968
"019073","PIERANICA",0.658957567694837,0.685336569200789,0.955373477440649,0.700469709347097,0.72879235024638
"019074","PIEVE D'OLMI",0.623939806818252,0.666910223447109,0.954992269933828,0.676381740612796,0.70733846609291
"019075","PIEVE SAN GIACOMO",0.634929769916685,0.652311920595947,0.946444012275074,0.673903161958192,0.704185478660068
"019076","PIZZIGHETTONE",0.554051620755974,0.554757526552737,0.953028962179871,0.594267012506907,0.634129451359459
"019077","POZZAGLIO ED UNITI",0.654001706438664,0.682552450593998,0.956430624905517,0.697092433155249,0.725907787794168
"019078","QUINTANO",0.669607195156305,0.697670452705578,0.952191530599522,0.710494094597799,0.737349365264657
"019079","RICENGO",0.62915277387473,0.645759812689262,0.954589125856455,0.669169576539442,0.700882859796888
"019080","RIPALTA ARPINA",0.674829519545157,0.711618468599007,0.961856414383202,0.720087236103194,0.746950478134306
"019081","RIPALTA CREMASCA",0.577848524699386,0.575795948750154,0.948254082583381,0.613965421310631,0.651108605896492
"019082","RIPALTA GUERINA",0.637121558722134,0.65712952957241,0.939745651359722,0.676387554868517,0.705649565589762
"019083","RIVAROLO DEL RE ED UNITI",0.636389886560773,0.650740343557381,0.949306861227644,0.674139289675933,0.70471346429279
"019084","RIVOLTA D'ADDA",0.530186735671279,0.519221535053391,0.948922218688892,0.567125943694991,0.609547752027647
"019085","ROBECCO D'OGLIO",0.622421203832117,0.64121320463771,0.947876117330447,0.663423095544467,0.69502898685402
"019086","ROMANENGO",0.598712321644719,0.610695683453261,0.954625159458519,0.639696118239943,0.674688233930896
"019087","SALVIROLA",0.663762133045718,0.691968964294751,0.957986794385177,0.705877673241729,0.733889797813223
"019088","SAN BASSANO",0.615606413548693,0.632157097586972,0.948577837209181,0.656351363731968,0.688820971896102
"019089","SAN DANIELE PO",0.645755937344835,0.678962146583237,0.953690641244494,0.691492201892082,0.720625361820128
"019090","SAN GIOVANNI IN CROCE",0.612776287159715,0.61944206516759,0.944657485251005,0.648964007072388,0.681818837981123
"019091","SAN MARTINO DEL LAGO",0.66576995350414,0.703888141132217,0.932581231691498,0.709604265755511,0.734379484192843
"019092","SCANDOLARA RAVARA",0.65713001922883,0.688381019881331,0.948645172631436,0.700344484862716,0.727933450170352
"019093","SCANDOLARA RIPA D'OGLIO",0.690147479795291,0.750749708134266,0.963584361582385,0.744762170726539,0.7690757474883
"019094","SERGNANO",0.587846755224166,0.592235528858233,0.950028638076753,0.626039891644755,0.66203864124831
"019095","SESTO ED UNITI",0.586759873002608,0.59125159274604,0.951437996936248,0.625248959280516,0.661492185686709
"019096","SOLAROLO RAINERIO",0.661447503145417,0.689480963162195,0.946476686986683,0.702565478537093,0.729666723920381
"019097","SONCINO",0.532120243501362,0.526174313232248,0.94749956517495,0.570982507047619,0.612817735728434
"019098","SORESINA",0.521072428267156,0.507806964779228,0.943740080894124,0.557369734960285,0.600299773397379
"019099","SOSPIRO",0.607414197148043,0.624455798311162,0.94882192077066,0.649223690033708,0.682512382337814
"019100","SPINADESCO",0.645606667920864,0.666178383232498,0.949128720307976,0.68521614504981,0.71453976452294
"019101","SPINEDA",0.723357971328037,0.767237501422044,0.953759249765247,0.766143887714061,0.786990039053082
"019102","SPINO D'ADDA",0.547786920559911,0.542196901167893,0.957695563855289,0.586262276163041,0.627532641462179
"019103","STAGNO LOMBARDO",0.651748010820561,0.670365098484732,0.950436166576993,0.689994515845081,0.718932477037516
"019104","TICENGO",0.740257486882445,0.789719421521121,0.960380273975073,0.784527636179112,0.804066818156441
"019105","TORLINO VIMERCATI",0.668980784073275,0.71283657631551,0.965481818113807,0.718365993986334,0.745823307778275
"019106","TORNATA",0.692064424515081,0.747995092890153,0.960721148426274,0.744098897674982,0.768168036647348
"019107","TORRE DE' PICENARDI",0.627557542485566,0.646745811764447,0.947770314686405,0.668213540881147,0.699275404637286
"019108","TORRICELLA DEL PIZZO",0.679415791690081,0.737916330698928,0.956754360687803,0.733474891143835,0.758283721093165
"019109","TRESCORE CREMASCO",0.598728343919162,0.611751304288562,0.954234440206688,0.640139285714145,0.675038747324427
"019110","TRIGOLO",0.631858034008877,0.650728175555266,0.94982530880015,0.672146325183879,0.702999545585687
"019111","VAIANO CREMASCO",0.595601670224441,0.61083328035618,0.957312791238328,0.638627006885112,0.674036538479914
"019112","VAILATE",0.572625531824059,0.575929904032057,0.954523980580986,0.612302344193351,0.650326970458644
"019113","VESCOVATO",0.588859052891595,0.598898575086871,0.952696526822492,0.629760585272559,0.665642356555885
"019114","VOLONGO",0.686096804328522,0.745128841433975,0.951159881188697,0.739167528711993,0.762722234542738
"019115","VOLTIDO",0.715870399470628,0.782643130959987,0.961029078664794,0.770433996560256,0.791611227905205
"019116","PIADENA DRIZZONA",0.585468695147716,0.591926412824438,0.948597206845496,0.624687519272019,0.660677484557961
"020001","ACQUANEGRA SUL CHIESE",0.615716856830704,0.633539325540271,0.945800361891818,0.656745318256121,0.688862545326754
"020002","ASOLA",0.517969938905474,0.509164258563315,0.944785196982672,0.556688908559222,0.59981071838405
"020003","BAGNOLO SAN VITO",0.552710089733676,0.553125850373316,0.946175078587158,0.592243680906862,0.631569391760229
"020007","BOZZOLO",0.583476035793484,0.586306403232127,0.945886706847071,0.620990768246232,0.657090316979659
"020008","CANNETO SULL'OGLIO",0.582482278088164,0.595040722712596,0.947741407172139,0.624659491077556,0.660557481754732
"020010","CASALMORO",0.62984441599622,0.651602802859296,0.948328219004117,0.671484070385394,0.70224453134303
"020011","CASALOLDO",0.63524732642584,0.664208101228256,0.961608036387171,0.68091574608306,0.712103778339072
"020012","CASALROMANO",0.645021304986408,0.673376152407369,0.948404002605906,0.68811925608779,0.717039783478692
"020013","CASTELBELFORTE",0.602565036395817,0.612991761083808,0.953451778124689,0.6423457366783,0.676913074616788
"020014","CASTEL D'ARIO",0.585897496017178,0.600264420938696,0.956482726619879,0.629421135292131,0.665761312106325
"020015","CASTEL GOFFREDO",0.515577626752143,0.508560986234276,0.949115472684054,0.555773923112294,0.599478539731379
"020016","CASTELLUCCHIO",0.562574403336598,0.566644484416242,0.950646018757764,0.603213101364554,0.641816758852689
"020017","CASTIGLIONE DELLE STIVIERE",0.465365291313414,0.438920674571171,0.940612784079666,0.50098996305603,0.549836943169767
"020018","CAVRIANA",0.58708910872124,0.60161538113252,0.9451809902293,0.629435119457122,0.664517993987364
"020019","CERESARA",0.615727138368737,0.632272952210812,0.951081804658012,0.656708221226598,0.689416397163422
"020020","COMMESSAGGIO",0.657873260382762,0.684668071604968,0.950886477920307,0.699232247186509,0.727193828379153
"020021","CURTATONE",0.475099312548245,0.441878848782373,0.939955242576537,0.506635696856432,0.554782313047555
"020022","DOSOLO",0.599917316587052,0.614435878153246,0.958817106006983,0.642340648233832,0.677504699097516
"020024","GAZOLDO DEGLI IPPOLITI",0.599483286141539,0.616946680094853,0.962943462554455,0.643687831061822,0.679160679005448
"020025","GAZZUOLO",0.621899520505775,0.643224887129202,0.947775217115246,0.664083505147264,0.69560480647704
"020026","GOITO",0.531937986207769,0.527191685908166,0.945955829584105,0.571203935410581,0.612843034763195
"020027","GONZAGA",0.526101967712132,0.515824756405613,0.947902358819015,0.563657261734886,0.606351161410901
"020028","GUIDIZZOLO",0.57208066266878,0.580497581594721,0.949117547313693,0.613571964649945,0.650854807168139
"020029","MAGNACAVALLO",0.649217683199985,0.68053084750695,0.947604914509452,0.693147330269066,0.721420395184664
"020030","MANTOVA",0.383736493305834,0.316160237450764,0.914292880561061,0.406382816896575,0.462817268414851
"020031","MARCARIA",0.551944750584977,0.555445154972701,0.94805501079451,0.593130958580406,0.632566964381973
"020032","MARIANA MANTOVANA",0.645206824773086,0.688726230929635,0.944401668273386,0.694710041893563,0.722453555935766
"020033","MARMIROLO",0.539035377352949,0.536610304419392,0.950056206315086,0.579046177429062,0.620269513971954
"020034","MEDOLE",0.581057340061008,0.591364441760782,0.950127291557967,0.622602530975602,0.658994171040309
"020035","MOGLIA",0.564363683373897,0.570497032474004,0.95059296764251,0.605746618895807,0.644062879867663
"020036","MONZAMBANO",0.571894192551744,0.571981356860977,0.939211435888474,0.608665140824572,0.645392506942783
"020037","MOTTEGGIANA",0.61751122162649,0.633646814834131,0.950313998237139,0.658052516230994,0.690526014231677
"020038","OSTIGLIA",0.542071631217995,0.534001317691895,0.940922625115547,0.578325089521005,0.618613704587065
"020039","PEGOGNAGA",0.541799664707661,0.538618544196514,0.946823254875424,0.580870519494421,0.621531934536755
"020041","PIUBEGA",0.638669227852814,0.663242110353174,0.950281860154233,0.680888288208118,0.710820907313242
"020042","POGGIO RUSCO",0.548453924598828,0.544374289118608,0.941894960388464,0.585962192211693,0.625510277564667
"020043","POMPONESCO",0.64227268789891,0.671524929342405,0.968695737181314,0.688078501476723,0.719258194332789
"020044","PONTI SUL MINCIO",0.602443158900695,0.609044059307259,0.939709811833144,0.639140229376894,0.67253684964981
"020045","PORTO MANTOVANO",0.478336214642775,0.449755270959558,0.940291312887665,0.511670299809816,0.559294856818466
"020046","QUINGENTOLE",0.663624192549756,0.69633614801177,0.947210909355701,0.706703244188257,0.733426318095751
"020047","QUISTELLO",0.568226604608832,0.576086073360091,0.949752972243497,0.609916002310365,0.647675665636269
"020048","REDONDESCO",0.629227747897584,0.675121524085586,0.947915926989775,0.681748765091404,0.711322894191223
"020050","RIVAROLO MANTOVANO",0.604896503440437,0.617653858631642,0.947157770772305,0.644863440009666,0.678451698983293
"020051","RODIGO",0.560849085703638,0.560465135664901,0.947340716940718,0.599325471309914,0.637993831935559
"020052","RONCOFERRARO",0.549411471632401,0.55041767324679,0.948772850569248,0.589800400252561,0.629686228065526
"020053","ROVERBELLA",0.538658124951443,0.535244724634387,0.94506897221812,0.577763179535436,0.618574934277956
"020054","SABBIONETA",0.578752125742345,0.583211858691076,0.950488724812827,0.617932665476323,0.654883338735934
"020055","SAN BENEDETTO PO",0.550009351324304,0.549165953573377,0.944062166583889,0.589035103862345,0.62848255527585
"020056","SAN GIACOMO DELLE SEGNATE",0.650925072328836,0.679350231681523,0.949858446308479,0.69360973143551,0.722081810865839
"020057","SAN GIORGIO BIGARELLO",0.507213821271887,0.487867745398339,0.944383361600631,0.542225041161665,0.586909298988217
"020058","SAN GIOVANNI DEL DOSSO",0.659452157418216,0.689676858874937,0.948215792635632,0.701929636595482,0.729294765044388
"020059","SAN MARTINO DALL'ARGINE",0.626884609754522,0.646625408041995,0.945274719719928,0.667606979980426,0.698458951062593
"020060","SCHIVENOGLIA",0.665874230160616,0.69897330677079,0.944417822155477,0.70862317383468,0.734822579203658
"020061","SERMIDE E FELONICA",0.534265078026225,0.522290722739933,0.933346683678566,0.568784778712628,0.609291657042176
"020062","SERRAVALLE A PO",0.650504770096393,0.679027188766079,0.950152375763895,0.693304619064502,0.721843258697768
"020063","SOLFERINO",0.586435126047902,0.588322460792994,0.948974989634028,0.623538413041806,0.659698032663164
"020064","SUSTINENTE",0.627678276447935,0.647456091623431,0.94873844864363,0.668684310496477,0.699801436957272
"020065","SUZZARA",0.478860183970205,0.457451999191262,0.944659388553798,0.51580642127804,0.563456750975346
"020066","VIADANA",0.483611860864902,0.462626702846734,0.94458834439016,0.520266188109252,0.567413094362686
"020068","VILLIMPENTA",0.632342604015365,0.658989072734763,0.953697264029889,0.676468980940547,0.707272123506029
"020070","VOLTA MANTOVANA",0.538385730567277,0.53513562280922,0.944487707542817,0.577533379773705,0.618306082859162
"020071","BORGO VIRGILIO",0.489560544527742,0.465421150155907,0.939147671395033,0.523656529747145,0.569822212152466
"020072","BORGO MANTOVANO",0.553849134250397,0.550289923079029,0.944638509565674,0.591326426754809,0.630583324844905
"020073","BORGOCARBONARA",0.611705393923207,0.661203881078597,0.956077224487554,0.668416896199567,0.700379154898232
"021001","ALDINO/ALDEIN",0.631717569129341,0.654561263088718,0.954927267933391,0.674318201291465,0.705496986473902
"021002","ANDRIANO/ANDRIAN",0.641189971964681,0.65023537878412,0.946043778074666,0.675745785644427,0.705778895914454
"021003","ANTERIVO/ALTREI",0.674269993738818,0.719764626587991,0.951158792148189,0.722431458361883,0.747845606560361
"021004","APPIANO SULLA STRADA DEL VINO/EPPAN AN DER WEINSTRASSE",0.468319464493476,0.433705718691867,0.944327150946831,0.500344047528087,0.549675503463503
"021005","AVELENGO/HAFLING",0.661516426349466,0.691156241822251,0.952781433129949,0.703980843990267,0.731625353894677
"021006","BADIA/ABTEI",0.562381311786948,0.555266729100627,0.935142027859657,0.596455821185374,0.634087621926961
"021007","BARBIANO/BARBIAN",0.602884899642646,0.646033603255305,0.963449576229904,0.658358283927069,0.692257316405161
"021008","BOLZANO/BOZEN",0.341772553304455,0.267841126657074,0.900648131982232,0.364390969180911,0.423975098381058
"021009","BRAIES/PRAGS",0.679410926411704,0.717562955667754,0.95516126520476,0.724154373456232,0.749821805872735
"021010","BRENNERO/BRENNER",0.615780574094118,0.62379605901208,0.951060125959227,0.652915497493712,0.686042678434324
"021011","BRESSANONE/BRIXEN",0.442532392274358,0.397786574310523,0.940166438243595,0.472160178787556,0.524160874282672
"021012","BRONZOLO/BRANZOLL",0.58972577499898,0.592248145679435,0.950939018702028,0.62698216617549,0.662977372011772
"021013","BRUNICO/BRUNECK",0.457658606751912,0.4206234502308,0.94455437764291,0.489682363406512,0.540223698321667
"021014","CAINES/KUENS",0.671239650677735,0.712306105928316,0.95147527238383,0.717743117711106,0.743713357119187
"021015","CALDARO SULLA STRADA DEL VINO/KALTERN AN DER WEINSTRASSE",0.516527797829569,0.499296727644948,0.94676008128569,0.551797044592102,0.595681826446945
"021016","CAMPO DI TRENS/FREIENFELD",0.595810161876828,0.601521325243352,0.94847680508346,0.633646849712427,0.668627955864764
"021017","CAMPO TURES/SAND IN TAUFERS",0.547075892234701,0.5425126047557,0.954925842324266,0.585807407878107,0.626820567261014
"021018","CASTELBELLO-CIARDES/KASTELBELL-TSCHARS",0.60163798298383,0.620267989251174,0.932623741953536,0.643120061701106,0.675287137284709
"021019","CASTELROTTO/KASTELRUTH",0.528812506474147,0.517887242600975,0.943132867362671,0.565328173820072,0.607306473102583
"021020","CERMES/TSCHERMS",0.617259036639187,0.624592330938472,0.940285305419904,0.652861645951937,0.684797608115045
"021021","CHIENES/KIENS",0.588773927491482,0.591223912726343,0.962916016607534,0.627290629758774,0.664582339408637
"021022","CHIUSA/KLAUSEN",0.558455237261664,0.556264522607367,0.956805343161838,0.597304426257248,0.63724897257998
"021023","CORNEDO ALL'ISARCO/KARNEID",0.590377007391632,0.597533251627129,0.95708833799437,0.630268450357879,0.666581771206378
"021024","CORTACCIA SULLA STRADA DEL VINO/KURTATSCH AN DER WEINSTRASSE",0.610398260654374,0.616165447888761,0.943391281689599,0.646292797013371,0.679303739755174
"021025","CORTINA SULLA STRADA DEL VINO/KURTINIG AN DER WEINSTRASSE",0.663401442522963,0.68096715180724,0.938969459024484,0.69886281335104,0.725541329536978
"021026","CORVARA IN BADIA/CORVARA",0.611739504885363,0.62298163076247,0.937783749350264,0.649402885976551,0.681445204129186
"021027","CURON VENOSTA/GRAUN IM VINSCHGAU",0.617996330530515,0.634097565981659,0.940491596188197,0.657491413049298,0.688935877842509
"021028","DOBBIACO/TOBLACH",0.572643507115799,0.564427985107791,0.937911042116617,0.605473275712277,0.64241080531276
"021029","EGNA/NEUMARKT",0.546904523431728,0.536472575829775,0.950411775154851,0.582560872183161,0.623433194735571
"021030","FALZES/PFALZEN",0.571082296711015,0.565811368867095,0.960846035687284,0.607686753078878,0.646926673368701
"021031","FIÈ ALLO SCILIAR/VÖLS AM SCHLERN",0.567713043528002,0.565519469996053,0.950552610799746,0.605009892165799,0.643403527569571
"021032","FORTEZZA/FRANZENSFESTE",0.611761543068071,0.642676683141407,0.945094623491747,0.65900666414344,0.690794215182141
"021033","FUNES/VILLNÖSS",0.610196812989754,0.62860035829338,0.959076904848837,0.653366417562294,0.687334249483021
"021034","GAIS/GAIS",0.584170300213969,0.589093701302195,0.956373597162876,0.623606160398561,0.660580320039041
"021035","GARGAZZONE/GARGAZON",0.611099601812263,0.611850361333186,0.949234733093641,0.645250956724816,0.679026931876908
"021036","GLORENZA/GLURNS",0.647558487648333,0.667774319113381,0.933942444686528,0.685294007511424,0.712921611641991
"021037","LACES/LATSCH",0.545150149387841,0.540484645184237,0.927599809277438,0.581295638485179,0.619773879684319
"021038","LAGUNDO/ALGUND",0.538494271706701,0.520947273133696,0.940772886768206,0.570825983854999,0.6119311952898
"021039","LAION/LAJEN",0.607980167500421,0.623727176241647,0.956627078567216,0.649931012540652,0.684008353210271
"021040","LAIVES/LEIFERS",0.478440911268278,0.451145156724673,0.945321290263946,0.512845859623223,0.56089868524997
"021041","LANA/LANA",0.496915042056141,0.47648387896381,0.944484376736931,0.532477952132671,0.578256443755367
"021042","LASA/LAAS",0.566762295102607,0.566123770526525,0.922719238218751,0.602070653354984,0.637698273895403
"021043","LAUREGNO/LAUREIN",0.740710377105008,0.788085169206004,0.950754161680305,0.783033412007986,0.801669050860466
"021044","LUSON/LÜSEN",0.601593973459121,0.640343300909465,0.95774800486389,0.654646573952252,0.688324510720212
"021045","MAGRÈ SULLA STRADA DEL VINO/MARGREID AN DER WEINSTRASSE",0.632381689713676,0.644785328711831,0.939454463274336,0.668670604618912,0.69875770002507
"021046","MALLES VENOSTA/MALS",0.559141760865325,0.557332973147361,0.938453810618177,0.596259011367527,0.63428065572871
"021047","MAREBBE/ENNEBERG",0.578231417117473,0.579270619188534,0.945240642101422,0.615399980547845,0.652048942942687
"021048","MARLENGO/MARLING",0.574711255704179,0.571956463987781,0.943607132567627,0.610361187118145,0.64738851439031
"021049","MARTELLO/MARTELL",0.703643890369963,0.747781733562919,0.946822098802497,0.747823740650046,0.769934669333652
"021050","MELTINA/MÖLTEN",0.634625073601839,0.655029172002792,0.958593825476369,0.676203793069721,0.707580463337126
"021051","MERANO/MERAN",0.405717682269515,0.35318290685473,0.925356531600545,0.434040918265965,0.488631541969807
"021052","MONGUELFO-TESIDO/WELSBERG-TAISTEN",0.588772643562899,0.595383208218336,0.952040940467976,0.628074227348353,0.664070528806089
"021053","MONTAGNA/MONTAN",0.611419757464749,0.613551094383123,0.94709886495267,0.645946769826809,0.679408113729683
"021054","MOSO IN PASSIRIA/MOOS IN PASSEIER",0.607295212628262,0.655260325062814,0.951221232616811,0.663272115222665,0.695266461599793
"021055","NALLES/NALS",0.610501009960939,0.607507471032925,0.944878037574726,0.642591620204711,0.676178999912491
"021056","NATURNO/NATURNS",0.545694452085955,0.539866645185531,0.939689407351476,0.582471434507316,0.622162320378889
"021057","NAZ-SCIAVES/NATZ-SCHABS",0.563063040421961,0.551170538771076,0.941845654411586,0.595589676078025,0.634062562559532
"021058","NOVA LEVANTE/WELSCHNOFEN",0.600464886885533,0.603029043841836,0.953031145540039,0.63687538338132,0.672003801398955
"021059","NOVA PONENTE/DEUTSCHNOFEN",0.563797664056692,0.560322048742501,0.949749998480572,0.600828870607694,0.639597884815791
"021060","ORA/AUER",0.557120560507432,0.545661807015817,0.946453318885186,0.590897397273981,0.630403610786337
"021061","ORTISEI/ST. ULRICH",0.546369497679855,0.536587630690531,0.936825006672758,0.581013208433949,0.620547852682706
"021062","PARCINES/PARTSCHINS",0.576541042658722,0.585014423988722,0.951221504811186,0.617822110472468,0.654866487621215
"021063","PERCA/PERCHA",0.611825123969268,0.613522453768098,0.952909089759281,0.646697318957743,0.680720849046803
"021064","PLAUS/PLAUS",0.635723819529602,0.676929740947648,0.94635852664278,0.68532995487904,0.714333129519456
"021065","PONTE GARDENA/WAIDBRUCK",0.695946881507668,0.731306403656795,0.942037873823836,0.736467765706392,0.759308888830552
"021066","POSTAL/BURGSTALL",0.596220795539939,0.599846364469489,0.956908923860373,0.63392111439028,0.669808648775846
"021067","PRATO ALLO STELVIO/PRAD AM STILFSERJOCH",0.576929846398242,0.577425167955307,0.940584715637155,0.613518228022812,0.64985894886885
"021068","PREDOI/PRETTAU",0.6731862511426,0.728078222311187,0.960711266304766,0.726640139684681,0.752648042642468
"021069","PROVES/PROVEIS",0.711341528019056,0.765518780025056,0.948780192347911,0.759465157854642,0.780500161687227
"021070","RACINES/RATSCHINGS",0.572520611305772,0.576796157822604,0.957209358428161,0.612913481950585,0.651168579336983
"021071","RASUN-ANTERSELVA/RASEN-ANTHOLZ",0.587749203042906,0.596180248580252,0.949593554118478,0.627727608642269,0.663490491472959
"021072","RENON/RITTEN",0.518454660730979,0.500321626245552,0.952045921548925,0.553653921294331,0.597919699100397
"021073","RIFIANO/RIFFIAN",0.639341392984327,0.659466382903498,0.949443457258243,0.679407844875346,0.709411801806779
"021074","RIO DI PUSTERIA/MÜHLBACH",0.590564511422519,0.59523147654361,0.952833510511135,0.628891545635872,0.664885097288679
"021075","RODENGO/RODENECK",0.606848361633226,0.641817876064929,0.953529926654455,0.657252799629615,0.690172480410153
"021076","SALORNO SULLA STRADA DEL VINO/SALURN AN DER WEINSTRASSE",0.572856119735615,0.570483863181515,0.943686885539975,0.608871680866706,0.646073370274847
"021077","SAN CANDIDO/INNICHEN",0.578620812035589,0.579733557211706,0.950413834255364,0.616300849586819,0.653424514549991
"021079","SAN GENESIO ATESINO/JENESIEN",0.581307367360924,0.584406807857349,0.954896974311923,0.620061076279415,0.657265064949694
"021080","SAN LEONARDO IN PASSIRIA/ST. LEONHARD IN PASSEIER",0.594210238800405,0.607392339051713,0.950028708617619,0.635724030895215,0.670646772864371
"021081","SAN LORENZO DI SEBATO/ST. LORENZEN",0.565177587854132,0.561207896885617,0.954143794899358,0.602287847622823,0.641382952875771
"021082","SAN MARTINO IN BADIA/ST. MARTIN IN THURN",0.617661542533487,0.634221741460756,0.951604961605182,0.658507973957927,0.691074305918733
"021083","SAN MARTINO IN PASSIRIA/ST. MARTIN IN PASSEIER",0.602491643781586,0.622029901423534,0.953989893579031,0.646433684700207,0.680606596797854
"021084","SAN PANCRAZIO/ST. PANKRAZ",0.656910709312939,0.693688146269017,0.960081239035041,0.703777608915385,0.732255790039791
"021085","SANTA CRISTINA VALGARDENA/ST. CHRISTINA IN GRÖDEN",0.609028053829796,0.614018319292447,0.941151400837568,0.644486007988766,0.677448829416411
"021086","SARENTINO/SARNTAL",0.547953989486603,0.550208489368795,0.95515330919172,0.589688446404101,0.630295653380503
"021087","SCENA/SCHENNA",0.59374218914182,0.606363066709292,0.943606504359562,0.634408015568957,0.668763403212357
"021088","SELVA DEI MOLINI/MÜHLWALD",0.624888806618337,0.677187556537326,0.965907876035179,0.682525151023566,0.714012120469301
"021089","SELVA DI VAL GARDENA/WOLKENSTEIN IN GRÖDEN",0.575819324040548,0.57368168927656,0.938630672017643,0.611138523194463,0.647526539730372
"021091","SENALES/SCHNALS",0.658183190088026,0.692997889771033,0.956486166296255,0.703680102566202,0.731769665202875
"021092","SESTO/SEXTEN",0.615184683670027,0.63137696792793,0.946441755592228,0.655596918778304,0.687913011757629
"021093","SILANDRO/SCHLANDERS",0.532063693241738,0.520776308479403,0.929945039267008,0.566772504701214,0.607125008541858
"021094","SLUDERNO/SCHLUDERNS",0.619158008080567,0.634086571794459,0.935677725759013,0.657527833519663,0.688433377101813
"021095","STELVIO/STILFS",0.642791301505029,0.66959227179255,0.943673055223181,0.684939913506229,0.713688040363668
"021096","TERENTO/TERENTEN",0.624672577161392,0.641642089487609,0.96013100091012,0.665854700083062,0.698552066841624
"021097","TERLANO/TERLAN",0.531694632474392,0.508701144064304,0.9442027305542,0.562598372497833,0.604998856726318
"021098","TERMENO SULLA STRADA DEL VINO/TRAMIN AN DER WEINSTRASSE",0.578462080757054,0.580057507321775,0.943486228795321,0.615682437515005,0.652105080990596
"021099","TESIMO/TISENS",0.615076681550357,0.630903552101483,0.948237984123737,0.655514903555702,0.688039690285483
"021100","TIRES/TIERS",0.643697836161939,0.654336357526397,0.946578228129556,0.678773209972707,0.708529323101246
"021101","TIROLO/TIROL",0.587237370819091,0.590925983614694,0.940976487506899,0.624271158245893,0.659460639274894
"021102","TRODENA NEL PARCO NATURALE/TRUDEN IM NATURPARK",0.646777045461574,0.661593795744755,0.953780627600352,0.684144941302883,0.714104462002602
"021103","TUBRE/TAUFERS IM MÜNSTERTAL",0.66881031907256,0.698205302629552,0.933348206683214,0.708491850434272,0.733475890017487
"021104","ULTIMO/ULTEN",0.610343149141083,0.623837071146401,0.949701102984502,0.650351209427818,0.683612308711894
"021105","VADENA/PFATTEN",0.651166797309859,0.669415452958696,0.944579283544526,0.688719940975302,0.717148756816327
"021106","VALDAORA/OLANG",0.571917118823255,0.567878222047913,0.948664969704078,0.607774400362433,0.645651130289282
"021107","VAL DI VIZZE/PFITSCH",0.58161254644333,0.580679744968816,0.953843200511233,0.618415851186589,0.655685556667105
"021108","VALLE AURINA/AHRNTAL",0.563629441531347,0.564133079691227,0.950647872221169,0.602557921772276,0.641234582933264
"021109","VALLE DI CASIES/GSIES",0.61211640603571,0.626301727478449,0.951225370493118,0.652410697130684,0.685612327504288
"021110","VANDOIES/VINTL",0.60144332443676,0.611804384027684,0.958585346863789,0.641820003495379,0.677016152758535
"021111","VARNA/VAHRN",0.537739722086493,0.5171757843791,0.948687113380639,0.569580689247581,0.611703625262365
"021112","VERANO/VÖRAN",0.661001425661259,0.688622800913078,0.956373523958454,0.702968254354297,0.731124395421426
"021113","VILLABASSA/NIEDERDORF",0.624487490931341,0.633590930518237,0.946268327711243,0.660762122423434,0.69248503412208
"021114","VILLANDRO/VILLANDERS",0.589776014653918,0.627444118095165,0.955500449047396,0.643299104641827,0.677988142909113
"021115","VIPITENO/STERZING",0.52337880189766,0.500863345403211,0.947209419916685,0.555629908277061,0.599138742903686
"021116","VELTURNO/FELDTHURNS",0.587107902280733,0.588265542198092,0.955649705087391,0.62448302052421,0.661279318809008
"021117","LA VALLE/WENGEN",0.638859489084516,0.65599933985246,0.951552788479458,0.677841751869585,0.708254089270682
"021118","SENALE-SAN FELICE/UNSERE LIEBE FRAU IM WALDE-ST. FELIX",0.642618925451267,0.689363742434066,0.952162113343838,0.694608411882784,0.723225489822901
"022001","ALA",0.520232682825557,0.498394966744201,0.933147511801759,0.551697193486567,0.594080562188255
"022002","ALBIANO",0.639089537609639,0.653293203842011,0.946756923939575,0.6762479260472,0.706304481368575
"022003","ALDENO",0.566626312151839,0.547554100944902,0.928399625387865,0.59422114843232,0.631352090316269
"022005","ANDALO",0.616643464880284,0.613024296588049,0.911442070300668,0.644494699690817,0.674155518647467
"022006","ARCO",0.460807599401271,0.421392646137951,0.925814408686741,0.489571551361324,0.538042979953037
"022007","AVIO",0.570303883087715,0.567466712043958,0.935967319655035,0.605593499774757,0.642301701983676
"022009","BASELGA DI PINÈ",0.532835679633102,0.510233900190746,0.929463862541434,0.562327697174875,0.603120604437826
"022011","BEDOLLO",0.636219354887034,0.650742550866933,0.941619151886482,0.673294772777933,0.703108592678883
"022013","BESENELLO",0.581429084981559,0.568681011492388,0.935646436575998,0.611114187070876,0.647173325904778
"022015","BIENO",0.691593054210284,0.723630214476107,0.936071082764587,0.730457579185335,0.753303524027474
"022017","BLEGGIO SUPERIORE",0.625576585509168,0.637185738529115,0.939783223709783,0.662221368188205,0.693061574357269
"022018","BOCENAGO",0.700818368646246,0.739346056297207,0.947898788062056,0.742863870030759,0.765645527589793
"022021","BONDONE",0.671826337693124,0.730429711810948,0.955507542276091,0.726565976504441,0.752003928256847
"022022","BORGO VALSUGANA",0.52601009772772,0.507604049249666,0.934203531478727,0.558546719287697,0.6002863650867
"022025","BRENTONICO",0.56076669958533,0.551198037278208,0.93518546950663,0.593902678539255,0.631822988646741
"022026","BRESIMO",0.725322622568536,0.791513462243226,0.957366471924408,0.778312885357734,0.798207728309586
"022029","CADERZONE TERME",0.665969759264428,0.688826238927294,0.933268456573804,0.702985044843655,0.72857209059145
"022032","CALCERANICA AL LAGO",0.629930862702847,0.62988408524527,0.938389376375697,0.660755664214222,0.691603854454386
"022033","CALDES",0.617769661800944,0.659836313722014,0.934699971102884,0.668392686095619,0.69798238442976
"022034","CALDONAZZO",0.550021619313808,0.523703075740042,0.927256816911219,0.575901794465355,0.614941241403784
"022035","CALLIANO",0.596654426099938,0.571434653332888,0.924374422031722,0.618077527947944,0.652110516179475
"022036","CAMPITELLO DI FASSA",0.651938355786698,0.66812731566555,0.919481160813989,0.68597766823491,0.711922500743697
"022037","CAMPODENNO",0.606915342934961,0.609928925376689,0.915996337013885,0.639179554441631,0.669936974727437
"022038","CANAL SAN BOVO",0.629390865856467,0.642747340043256,0.935014900609186,0.665963682715794,0.695858262481726
"022039","CANAZEI",0.591324953398022,0.593434575885877,0.923100952207097,0.625451883398464,0.658524002154979
"022040","CAPRIANA",0.648415623317111,0.688706154444493,0.940054569431823,0.695710256935904,0.722859624991006
"022042","CARISOLO",0.642483850973869,0.65069101213345,0.926626093449301,0.674591297743224,0.702595163932788
"022043","CARZANO",0.652232119131685,0.689604426816727,0.937895881296719,0.697616033806457,0.724313794638709
"022045","CASTEL CONDINO",0.76621588530574,0.833537963409498,0.956896315230392,0.815578863444897,0.831280802532174
"022047","CASTELLO-MOLINA DI FIEMME",0.593871870305413,0.591584495790308,0.935014033143413,0.626956768057416,0.661185353066971
"022048","CASTELLO TESINO",0.639889331932222,0.656313208157965,0.933394545553783,0.676630597595962,0.705159925146831
"022049","CASTELNUOVO",0.628023672502046,0.633268287502152,0.932226465857391,0.660804028587628,0.690962077173157
"022050","CAVALESE",0.551179359221504,0.538494606801006,0.935330927426294,0.583886377452759,0.622935771894263
"022051","CAVARENO",0.619500819857586,0.620331083500391,0.930624467093477,0.650986803220437,0.682057654761886
"022052","CAVEDAGO",0.670797854202034,0.686400157265628,0.933950635067017,0.70413416866715,0.729669331600468
"022053","CAVEDINE",0.579064285747918,0.57647038893759,0.937048154946312,0.613695419103109,0.649623500863465
"022054","CAVIZZANA",0.722591951590338,0.740209671909708,0.917109381545103,0.749971668729531,0.768542525709039
"022058","CIMONE",0.666189784477231,0.685590306525664,0.941855069551403,0.702486547906443,0.729083050311438
"022059","CINTE TESINO",0.692613390772612,0.748865256232957,0.950821848028518,0.743747575955358,0.766755828407931
"022060","CIS",0.69232316199692,0.748012963285094,0.942458959064253,0.742397152283332,0.764626241925656
"022061","CIVEZZANO",0.546328769822167,0.521938601418457,0.933952407139454,0.574115557772226,0.61409742992414
"022062","CLES",0.510420301625562,0.48089657120825,0.924153166671203,0.538507909442336,0.581357382467765
"022064","COMMEZZADURA",0.653699330106038,0.682834317722814,0.938975208629073,0.695337662385891,0.722408500857355
"022068","CROVIANA",0.647554935603649,0.659089781568722,0.925297190395739,0.680519841767141,0.707717324948096
"022071","DAMBEL",0.702184293826586,0.722722261961039,0.90872825040007,0.732080775144438,0.751708272395064
"022074","DENNO",0.623768486468038,0.623851271030608,0.919056189384297,0.65333450981282,0.682859140876318
"022078","DRENA",0.670625313177527,0.695848656768613,0.933067533217603,0.708220039797523,0.733203094621977
"022079","DRO",0.550165290249355,0.538468771607608,0.937954188245737,0.583680746660207,0.623044462391932
"022081","FAI DELLA PAGANELLA",0.680580875541743,0.691253059174236,0.935173194452074,0.710842590067398,0.735768212776806
"022083","FIAVÈ",0.647737730719795,0.661930338578874,0.93569456649816,0.682920087834217,0.7110061410191
"022085","FIEROZZO",0.740616763812581,0.796083740511034,0.953590100649233,0.78687423701055,0.805398221859293
"022087","FOLGARIA",0.565867114200364,0.555538586667003,0.930139477963951,0.59764651318671,0.634590175939737
"022089","FORNACE",0.643040015515276,0.653350290280922,0.939558139359293,0.677331451544219,0.706467750190338
"022090","FRASSILONGO",0.712548475943608,0.778779750501783,0.960200163267979,0.767117718227224,0.788571323231752
"022091","GARNIGA TERME",0.726234862953965,0.763030933227892,0.942789805277388,0.764448588809574,0.784264279528221
"022092","GIOVO",0.601496104863519,0.603226298912556,0.94204446992434,0.636329528691668,0.670297855495298
"022093","GIUSTINO",0.64841078297512,0.654461829292192,0.929138964143203,0.679206571934611,0.706976837735565
"022095","GRIGNO",0.617359524525578,0.63185742655786,0.941952288265636,0.656342856814111,0.688077238086503
"022097","IMER",0.630871926704615,0.638880373754753,0.927600460753392,0.664148581282055,0.693421012334426
"022098","ISERA",0.564274349625133,0.541562318040845,0.931353499485584,0.590761850398248,0.628605366963508
"022102","LAVARONE",0.625210435208531,0.62906327589677,0.926235557917692,0.657046725789155,0.686956596025659
"022103","LAVIS",0.509847735709685,0.482067412457675,0.932173891808016,0.539579205856114,0.583200837628547
"022104","LEVICO TERME",0.509407819021988,0.481657950536806,0.929460359551672,0.538925632256625,0.582318379733852
"022106","LIVO",0.621997932770733,0.661845478373118,0.924230969304987,0.670152631945232,0.698383558318538
"022108","LONA-LASES",0.669594699778301,0.698611319483825,0.947314575432863,0.710424166211243,0.736745322791423
"022109","LUSERNA",0.69886297673422,0.746869593692256,0.937566835806323,0.744336340272546,0.765806395331855
"022110","MALÉ",0.58788435357382,0.591796858389607,0.929883820239093,0.623844927407452,0.65784924883319
"022112","MASSIMENO",0.710537543390547,0.748025916934042,0.917994279676837,0.748152985113749,0.767024240065203
"022113","MAZZIN",0.676831640744293,0.704722898271236,0.939537222875161,0.715653264844504,0.740529260181244
"022114","MEZZANA",0.649901218436513,0.663249383298815,0.925669228734827,0.68348469365438,0.710394086441097
"022115","MEZZANO",0.613432095066563,0.623039388796875,0.934359999563296,0.649848167694877,0.681460593458034
"022116","MEZZOCORONA",0.538360156899112,0.517511230342741,0.934866889347282,0.568628813193562,0.609321932766198
"022117","MEZZOLOMBARDO",0.523555975018022,0.500913160843526,0.932193018473343,0.554230412985031,0.596226258039288
"022118","MOENA",0.573601830847483,0.564300929704793,0.930130781470477,0.605069320395572,0.641187260515006
"022120","MOLVENO",0.625373517954185,0.632395878364748,0.925906951981642,0.658586923541684,0.688289148923902
"022123","MORI",0.504040655250457,0.47592932318495,0.930784783871764,0.53406496868311,0.578144948148516
"022124","NAGO-TORBOLE",0.57115232237156,0.56052754055463,0.932597959239342,0.60251573424072,0.639191537018345
"022127","NOGAREDO",0.581507592923783,0.567046894882552,0.932361585820431,0.610085678094894,0.64589411228662
"022128","NOMI",0.600840905421291,0.632115805896789,0.940817883502804,0.648912308443417,0.681346261227793
"022129","NOVALEDO",0.65737915181253,0.681623462579236,0.947996100904543,0.697350786566749,0.725200265937615
"022130","OSPEDALETTO",0.662826877174495,0.683624989868134,0.938442992994708,0.699747639468654,0.726269345415993
"022131","OSSANA",0.650212168941985,0.667079360853761,0.935488603420091,0.686330048750095,0.714014332602317
"022133","PALÙ DEL FERSINA",0.77107713474242,0.826969694976304,0.943784388751992,0.813499512248625,0.827975609637888
"022134","PANCHIÀ",0.620043919993539,0.651258587902017,0.936299803449913,0.665716108897992,0.695780963848205
"022135","RONZO-CHIENIS",0.682538662907698,0.70012109683136,0.938905703100788,0.716087462192655,0.740845044515781
"022136","PEIO",0.613991924191801,0.623656099561604,0.931838283709323,0.650125439059964,0.681426866243226
"022137","PELLIZZANO",0.659488828796165,0.681939540651613,0.934515789786769,0.697094345230177,0.723474505736465
"022138","PELUGO",0.680020710779207,0.694509119848784,0.928822559208103,0.711420679703406,0.735576444092817
"022139","PERGINE VALSUGANA",0.451263956708889,0.407995482861936,0.926970455792303,0.479363793386102,0.529097866986791
"022142","PIEVE TESINO",0.640881981628559,0.680483786917825,0.940327417042409,0.688647337550114,0.716611790827036
"022143","PINZOLO",0.55307676490119,0.540677659129433,0.924984730771804,0.584687963890961,0.62249871576661
"022144","POMAROLO",0.588412859786706,0.57729219405725,0.934884511280691,0.618055725357849,0.653258923793721
"022147","PREDAZZO",0.547022890536738,0.536557581576283,0.932832363882946,0.580894448839154,0.619998661621798
"022150","RABBI",0.631871526191309,0.647885978813894,0.937784717095425,0.669669348961884,0.699459945421167
"022153","RIVA DEL GARDA",0.457207449443074,0.414034773074383,0.922171500749171,0.484276150207772,0.532931189156817
"022155","ROMENO",0.621551644253236,0.631338552044144,0.930914777193773,0.656892066053199,0.687339033957707
"022156","RONCEGNO TERME",0.581671439105386,0.576321541270497,0.935632083108891,0.614660049480036,0.650323608772131
"022157","RONCHI VALSUGANA",0.685297922409094,0.705625631265959,0.93879604203066,0.71979520335684,0.744128629876153
"022159","RONZONE",0.67264303018442,0.685604428405967,0.931694818630011,0.704380838228676,0.729637947162157
"022160","ROVERÈ DELLA LUNA",0.627400916078848,0.641990349994357,0.943061399285878,0.66553220966153,0.696368786286458
"022161","ROVERETO",0.401032084033629,0.337097439390666,0.912721472978504,0.423430432838783,0.477796103965419
"022162","RUFFRÈ-MENDOLA",0.686323779909251,0.71157021535854,0.935053219606638,0.72255761983117,0.746168242028444
"022163","RUMO",0.62332892530016,0.659166483301483,0.933231369620005,0.67044607083274,0.699644437364658
"022164","SAGRON MIS",0.711696880211964,0.762001054068765,0.942929114873789,0.757456981913707,0.778064996687049
"022165","SAMONE",0.68595250850536,0.72311477672241,0.943389452841759,0.728419223636673,0.75230480465946
"022167","SAN MICHELE ALL'ADIGE",0.564877633404647,0.551414064855151,0.935965637064659,0.595927827923375,0.633709806716851
"022168","SANT'ORSOLA TERME",0.628383612474845,0.624344449104595,0.927430346498979,0.656470662360646,0.686577293931572
"022169","SANZENO",0.633129634970475,0.64012085072809,0.911633094364675,0.664126028000822,0.691626813152361
"022170","SARNONICO",0.659154844417646,0.670688517126012,0.936464496881762,0.692075962382822,0.719230243993815
"022171","SCURELLE",0.59858121723909,0.62780784358211,0.943078491883656,0.646182926557906,0.679171322705211
"022172","SEGONZANO",0.635816596990489,0.65112808378284,0.939017472467184,0.673026853594716,0.702581366802768
"022173","SFRUZ",0.656211575599257,0.68187931131261,0.933259449234505,0.69546684403379,0.721888244611647
"022176","SORAGA DI FASSA",0.666982555249086,0.692064275522443,0.930509458022179,0.704622019649406,0.729720623913047
"022177","SOVER",0.66830467165823,0.692677475540341,0.93481402764312,0.705923369003669,0.731355664408052
"022179","SPIAZZO",0.614906756706073,0.61693637101292,0.927066769248266,0.647036084398374,0.678150604937251
"022180","SPORMAGGIORE",0.618740407177955,0.62084452720415,0.923955744419189,0.650208794913866,0.68062512263668
"022181","SPORMINORE",0.636341135292283,0.674274309205451,0.928422007170484,0.682619150741029,0.70993057923319
"022182","STENICO",0.628005268932437,0.63272452466487,0.930967909739417,0.66042519809273,0.690485499386806
"022183","STORO",0.567666482223702,0.565186294443172,0.940731609529024,0.603856910452995,0.641287432572554
"022184","STREMBO",0.655415798031952,0.667509122310853,0.933138845136121,0.688630098667874,0.715797737164346
"022188","TELVE",0.606092472028637,0.607427661364911,0.932035769333425,0.639287636960439,0.671815207224104
"022189","TELVE DI SOPRA",0.65173591057759,0.695774533028413,0.945464819291268,0.700926181551828,0.728097141300655
"022190","TENNA",0.603683402382811,0.580913412477824,0.920429754148716,0.625111542102157,0.657924676773997
"022191","TENNO",0.601638262718866,0.597625628955743,0.939384014988643,0.633607152752438,0.667582359667572
"022193","TERRAGNOLO",0.64189916998244,0.684130123254949,0.939605328385564,0.690673714795381,0.718332782972068
"022195","TERZOLAS",0.632027883810601,0.663252196026003,0.930356546480405,0.675911690574513,0.704183341230723
"022196","TESERO",0.575889359490197,0.575813505231151,0.934008106469348,0.611667099771541,0.647482767182409
"022199","TIONE DI TRENTO",0.550519679162006,0.531715897073438,0.929694021850804,0.57997541149103,0.618833034864338
"022200","TON",0.64180476414685,0.666493731047782,0.939469303034029,0.682681253140987,0.711213258684659
"022202","TORCEGNO",0.697086265609013,0.723371309658086,0.939872166609794,0.733193125531174,0.756157463428798
"022203","TRAMBILENO",0.623926013168474,0.628185796527082,0.940491361406744,0.657499450503674,0.688942996159571
"022205","TRENTO",0.323816876979593,0.231847207827137,0.881147622515798,0.338163600414608,0.398495158425851
"022209","VALFLORIANA",0.665086379217353,0.711211056700297,0.935969795644726,0.712930825727415,0.737712933496005
"022210","VALLARSA",0.636852266318564,0.648812198131515,0.940452237396033,0.672594232742139,0.702356233259238
"022213","VERMIGLIO",0.616907850575296,0.628239302961863,0.928615367426901,0.653177755834412,0.683781934900244
"022216","VIGNOLA-FALESINA",0.679554501272378,0.686287887839693,0.917316286299077,0.706360703730339,0.729800212904643
"022222","VILLA LAGARINA",0.555200952894518,0.536411099936677,0.933554946019282,0.584580918375966,0.623355810336334
"022224","VOLANO",0.5726633917799,0.552159001048968,0.929170866076383,0.599087163380629,0.635763130346824
"022226","ZIANO DI FIEMME",0.608139817133048,0.617103284302469,0.939442548403114,0.645303650486294,0.67798575025483
"022228","COMANO TERME",0.579159957537461,0.573422404689547,0.932082989335547,0.611870361935709,0.647449542757913
"022229","LEDRO",0.555952970697461,0.548323191204161,0.932536232260009,0.590177896081731,0.628217711212651
"022230","PREDAIA",0.52532608488247,0.509022807010023,0.923323466045377,0.55778934795616,0.598404249966073
"022231","SAN LORENZO DORSINO",0.620364597994404,0.631069504458574,0.93232953604391,0.656378299708231,0.687039548189973
"022232","VALDAONE",0.61392535957556,0.655786213480799,0.938159190732374,0.665186126948599,0.695516467369019
"022233","DIMARO FOLGARIDA",0.588041472345726,0.588673246197309,0.925327721657213,0.622054395510087,0.655751431748657
"022234","PIEVE DI BONO-PREZZO",0.632860318694634,0.65275571840502,0.946473699525648,0.673174586647409,0.703541154744991
"022235","ALTAVALLE",0.630128246710703,0.645070610206739,0.936830835052232,0.667522569118072,0.697445709777423
"022236","ALTOPIANO DELLA VIGOLANA",0.526675968025062,0.49336214044386,0.929946204390439,0.552011769250059,0.594004484265656
"022237","AMBLAR-DON",0.682660316121019,0.709248670756592,0.945521685598994,0.720911212654824,0.745867931870843
"022238","BORGO CHIESE",0.610607646954279,0.623575398753559,0.944604107445565,0.649842781313084,0.682594039772248
"022239","BORGO LARES",0.647432679842256,0.657184968728714,0.930916849714775,0.680169626828414,0.708030429371343
"022240","CASTEL IVANO",0.573462644751551,0.567556931639096,0.934196267762477,0.606878436152039,0.643247084108754
"022241","CEMBRA LISIGNAGO",0.616271582668488,0.634981817612703,0.944854219092818,0.657549452035818,0.68947220393104
"022242","CONTÀ",0.624201776201273,0.633554767574569,0.922885656549113,0.65827901035404,0.68767974882016
"022243","MADRUZZO",0.577536837387155,0.566257466811412,0.931065721616478,0.607814009051003,0.643730866002722
"022244","PORTE DI RENDENA",0.610118827420423,0.615876142199717,0.935069097947973,0.64520464612386,0.677411807437651
"022245","PRIMIERO SAN MARTINO DI CASTROZZA",0.537582718543134,0.520582022388399,0.924788521736825,0.568652985592872,0.608223600719978
"022246","SELLA GIUDICARIE",0.583201259717282,0.586000015652873,0.937028555955479,0.619843429512118,0.655086221339158
"022247","TRE VILLE",0.608672269131661,0.601769723359467,0.931850982738108,0.637883994894819,0.670546993544073
"022248","VALLELAGHI",0.537838944519059,0.514999882614592,0.930816136374098,0.566859085847553,0.60729875812828
"022249","VILLE D'ANAUNIA",0.542301520240701,0.526680050779704,0.920430285924159,0.573084735551598,0.611678685592994
"022250","SAN GIOVANNI DI FASSA-SÈN JAN",0.557916515366794,0.549142621934954,0.925744760572523,0.590751087843039,0.627972607035204
"022251","TERRE D'ADIGE",0.589213528086751,0.586897374897972,0.936163594903114,0.622866265833437,0.657677080174512
"022252","BORGO D'ANAUNIA",0.589029081720497,0.59512049174209,0.935424391091334,0.626409747167298,0.660744707603302
"022253","NOVELLA",0.555127637160275,0.539667294423046,0.911780143647747,0.583835733577269,0.620274001362878
"022254","VILLE DI FIEMME",0.580222853179982,0.578116136632985,0.939204735500125,0.615173018965848,0.651176543025212
"023001","AFFI",0.599794374790737,0.605536007614768,0.940909917995209,0.636489663881998,0.670314136561244
"023002","ALBAREDO D'ADIGE",0.577003279527208,0.58571113423169,0.943718471457761,0.61759333333728,0.653829459795111
"023003","ANGIARI",0.596140553524995,0.593637465992113,0.946322808620077,0.630032389644706,0.665175769530859
"023004","ARCOLE",0.554572241917612,0.552935767549748,0.946686674962149,0.593047271756527,0.632340538779374
"023005","BADIA CALAVENA",0.608318630326439,0.624546808584226,0.944629141042809,0.64925236161408,0.682072003772828
"023006","BARDOLINO",0.526095142234645,0.512017112806957,0.938231692105357,0.560973683979256,0.602891240437712
"023007","BELFIORE",0.594182268252648,0.599116971268911,0.940148447123626,0.630999502497065,0.665349385233349
"023008","BEVILACQUA",0.640435828997126,0.658797357700498,0.94549090130003,0.679204024143934,0.708791454939056
"023009","BONAVIGO",0.619565254954573,0.634505049843526,0.939049167578537,0.658236553916999,0.689437955434947
"023010","BOSCHI SANT'ANNA",0.660083839103903,0.690604764235904,0.951077981798549,0.702917669682768,0.730491037695633
"023011","BOSCO CHIESANUOVA",0.587428468243839,0.59576446022914,0.943540397568694,0.62679085756971,0.66198525090293
"023012","BOVOLONE",0.501363734563565,0.488425543866376,0.938285777748442,0.539233753068317,0.583572866921665
"023013","BRENTINO BELLUNO",0.623977885821815,0.672197720562762,0.950442306558515,0.678323253528911,0.708558703865534
"023014","BRENZONE SUL GARDA",0.5879124072149,0.591440743727623,0.92321880822674,0.62303079874681,0.656385022022357
"023015","BUSSOLENGO",0.468883947800604,0.440280441366636,0.934276659634678,0.502551641088726,0.550521087593832
"023016","BUTTAPIETRA",0.538712018479412,0.528226604232357,0.940087314666273,0.574131111686923,0.614792912017962
"023017","CALDIERO",0.5366400302628,0.524983676880735,0.94297662236418,0.572028330451009,0.61324480733025
"023018","CAPRINO VERONESE",0.521328685309391,0.510799572066907,0.939373047385129,0.558395020557847,0.600725912427545
"023019","CASALEONE",0.573575018962695,0.587389361568989,0.947211232266714,0.617155094465929,0.653827998666017
"023020","CASTAGNARO",0.600808884807452,0.619022482357575,0.945938467997749,0.643517962024037,0.677120240465561
"023021","CASTEL D'AZZANO",0.508836608744995,0.495253225692959,0.945379808044496,0.546378406301529,0.590711895384081
"023022","CASTELNUOVO DEL GARDA",0.498040962740383,0.477717195675515,0.937169558596177,0.532808127146772,0.577737175085594
"023023","CAVAION VERONESE",0.540097277017084,0.526036641318631,0.941493507196922,0.573909613970764,0.61475226877367
"023024","CAZZANO DI TRAMIGNA",0.630330878354558,0.649672786690889,0.944654951659719,0.670467144436423,0.700932456350123
"023025","CEREA",0.494835388140513,0.481051875256325,0.938617278418357,0.533010996370412,0.578078361042406
"023026","CERRO VERONESE",0.595653283115275,0.601646379304987,0.942397985944997,0.633024646683618,0.667399462157104
"023027","COLOGNA VENETA",0.534899713808444,0.525696047643828,0.94168746331773,0.571436838985296,0.612575797244455
"023028","COLOGNOLA AI COLLI",0.522599733689952,0.507395391811578,0.942096729875528,0.557707479463241,0.600417396175718
"023029","CONCAMARISE",0.675282524640555,0.716712592903734,0.952337294192616,0.721631532314192,0.747265505856239
"023030","COSTERMANO SUL GARDA",0.551769427100639,0.538515112087675,0.937509365114879,0.584378979146229,0.623615688698302
"023031","DOLCÈ",0.621601356809881,0.638210064753628,0.947960210585651,0.661711160762144,0.693516610742534
"023032","ERBÈ",0.636316299984495,0.662666535362462,0.948487006308771,0.679390976537008,0.709290535400537
"023033","ERBEZZO",0.679334547395701,0.715494000540982,0.941801682372079,0.721853014808715,0.746291755649089
"023034","FERRARA DI MONTE BALDO",0.709835537122978,0.749533990649366,0.936200467284127,0.750336334225967,0.770987904565763
"023035","FUMANE",0.553426580519441,0.538285293403913,0.934301377312972,0.584700480996807,0.623545025031936
"023036","GARDA",0.554776769849553,0.543580027180292,0.930018440970068,0.587262402760437,0.625346407005952
"023037","GAZZO VERONESE",0.583588050324643,0.600518762279868,0.953006902016329,0.628148755873663,0.66424410544507
"023038","GREZZANA",0.512621924844594,0.496069405985576,0.939034241313233,0.5478145230049,0.591283380594715
"023039","ILLASI",0.552528922467941,0.545632759049691,0.937888804705231,0.587961637153458,0.626842433548099
"023040","ISOLA DELLA SCALA",0.509240270895989,0.497063133679522,0.939306204139287,0.546767152472909,0.590382602658062
"023041","ISOLA RIZZA",0.610798096317723,0.626687893269281,0.947953135359976,0.651664008850149,0.684585022906797
"023042","LAVAGNO",0.513248226546093,0.48739159955988,0.94226288552607,0.544514210300295,0.588708507547603
"023043","LAZISE",0.526928004870631,0.513724553453763,0.938380316821501,0.562131682928127,0.603937086694058
"023044","LEGNAGO",0.449417942938891,0.414757935914123,0.932756615562569,0.482154807040113,0.53222167465372
"023045","MALCESINE",0.573254684623309,0.577584361297913,0.927448111822434,0.610622381846793,0.645825240732975
"023046","MARANO DI VALPOLICELLA",0.57274854708424,0.564185943075042,0.935739860144874,0.605194506586164,0.641921768092688
"023047","MEZZANE DI SOTTO",0.573610882956832,0.559696998610586,0.935665038319978,0.603555050537336,0.640456160290963
"023048","MINERBE",0.572977330617979,0.576729773748365,0.943797297793541,0.611747926744209,0.648642301305246
"023049","MONTECCHIA DI CROSARA",0.587768256025485,0.60117609561297,0.945501209733326,0.629575079210637,0.664677982602047
"023050","MONTEFORTE D'ALPONE",0.530609139117732,0.519206135469112,0.941767945142004,0.56659366807828,0.608279698863139
"023051","MOZZECANE",0.536248493158641,0.526028474736022,0.945337835781946,0.572558419130793,0.613978354314254
"023052","NEGRAR DI VALPOLICELLA",0.457600940436842,0.414036863492313,0.929676222786509,0.48520463404677,0.534590366128963
"023053","NOGARA",0.537533511031808,0.534793057386003,0.946214806923879,0.577168436480403,0.6181735887519
"023054","NOGAROLE ROCCA",0.60272834760611,0.615447375053087,0.94992579914659,0.643171655111298,0.677255448892997
"023055","OPPEANO",0.526348705462967,0.51796792489458,0.942301740857915,0.564172657746688,0.606187000314602
"023056","PALÙ",0.669394792040685,0.712009828004479,0.953312731917703,0.716963352212094,0.743224394401606
"023057","PASTRENGO",0.580151389951696,0.581207940018396,0.943607656920287,0.616972464178571,0.653265263372095
"023058","PESCANTINA",0.467759821361018,0.430553307344072,0.932944804474521,0.497535388364743,0.54591421237694
"023059","PESCHIERA DEL GARDA",0.489459754446559,0.458962699010916,0.938536429381885,0.520643746994052,0.567076267259367
"023060","POVEGLIANO VERONESE",0.536238497431092,0.528535996146284,0.944101269995849,0.573558649109404,0.61473005143012
"023061","PRESSANA",0.612613845844358,0.630579608335962,0.946282522232152,0.654065306604359,0.686533886118559
"023062","RIVOLI VERONESE",0.618854986091987,0.636940980721178,0.948356045150185,0.659943789580943,0.691989595755303
"023063","RONCÀ",0.598168495399019,0.613505450990687,0.954224136334418,0.640675689508809,0.675514405822766
"023064","RONCO ALL'ADIGE",0.571531281529955,0.580342188583984,0.946934707465921,0.613036532297865,0.65013632953876
"023065","ROVERCHIARA",0.630683012752529,0.658190314199964,0.94993434323811,0.674986431452433,0.705536199428619
"023066","ROVEREDO DI GUÀ",0.644377481776718,0.666225299661113,0.946111743112578,0.684382425958282,0.713463461197648
"023067","ROVERÈ VERONESE",0.62683980731958,0.650478481894552,0.94647900648103,0.669441130794463,0.700223116981859
"023068","SALIZZOLE",0.608704693610476,0.63313386942887,0.949012690027189,0.653728622370425,0.686537963221176
"023069","SAN BONIFACIO",0.468087419034144,0.438616481293119,0.935805981209449,0.501597353268213,0.549842756372795
"023070","SAN GIOVANNI ILARIONE",0.58712913574893,0.600125916530124,0.952078620501535,0.629472635575728,0.665317745011929
"023071","SAN GIOVANNI LUPATOTO",0.456302147063199,0.427147649120224,0.93728468635351,0.491280876917891,0.540836855744071
"023072","SANGUINETTO",0.590208349662653,0.602987007826887,0.94846236848277,0.63178414771857,0.66697061669237
"023073","SAN MARTINO BUON ALBERGO",0.484110687676502,0.457697275222358,0.940746134741125,0.5178881967786,0.564872412107769
"023074","SAN MAURO DI SALINE",0.667527963940895,0.717197768067723,0.942644027155934,0.717390982119471,0.742419098234634
"023075","SAN PIETRO DI MORUBIO",0.608219636189726,0.625622288847368,0.946913512765456,0.649920217543238,0.682919472567929
"023076","SAN PIETRO IN CARIANO",0.476299091014091,0.440871922994468,0.934121090899578,0.50613906539381,0.553692623783339
"023077","SANT'AMBROGIO DI VALPOLICELLA",0.498942814650878,0.476243213990728,0.939325203024687,0.532766233191192,0.57793945206158
"023078","SANT'ANNA D'ALFAEDO",0.600861905347389,0.606861322336915,0.935184729525638,0.636993925410501,0.670126236978849
"023079","SAN ZENO DI MONTAGNA",0.622111004666556,0.633062423804559,0.946489272246462,0.659476970036648,0.691367225837738
"023080","SELVA DI PROGNO",0.638991464553685,0.684209113985964,0.938508749373402,0.689291135280182,0.71698198129054
"023081","SOAVE",0.524034064322359,0.498461309592767,0.937669297815848,0.553889848043392,0.59653200912922
"023082","SOMMACAMPAGNA",0.492656251106381,0.473269130163973,0.940249660399528,0.528691387611612,0.574420084588047
"023083","SONA",0.475751607174038,0.449618731914459,0.938809816559972,0.510297634245821,0.557910098947393
"023084","SORGÀ",0.606053154335712,0.624587685489334,0.952593932141921,0.649047771135463,0.682775122358403
"023085","TERRAZZO",0.637829730268869,0.663548062198606,0.947773464642171,0.680397353074581,0.710105809915424
"023086","TORRI DEL BENACO",0.567062996598872,0.559830480440908,0.934319617694969,0.600534026437398,0.637621314354906
"023087","TREGNAGO",0.564131811389442,0.560999841652227,0.941454244667275,0.600454668335479,0.638343510150123
"023088","TREVENZUOLO",0.612656654312843,0.627989425618864,0.947041199059124,0.652994855875181,0.685666671784508
"023089","VALEGGIO SUL MINCIO",0.488304710414911,0.464012749528877,0.938000486393474,0.522342905614052,0.56852708125621
"023090","VELO VERONESE",0.695539990462998,0.743819150959579,0.946156426042669,0.742327256244427,0.764974941777565
"023091","VERONA",0.286164620943915,0.196528589370651,0.839094744567182,0.301121419098273,0.360896233039263
"023092","VERONELLA",0.577276089065258,0.58402275494326,0.950292140416009,0.617613693845434,0.654577965686609
"023093","VESTENANOVA",0.625528063635222,0.646741606330038,0.949163057452729,0.66743765722964,0.69874047947665
"023094","VIGASIO",0.521725356958283,0.508861590436119,0.945712358726818,0.558335362200163,0.601377250703124
"023095","VILLA BARTOLOMEA",0.552782709399371,0.551619403223177,0.944014001866191,0.591382350866766,0.630563645422258
"023096","VILLAFRANCA DI VERONA",0.436471089999789,0.397781341116916,0.929741150003799,0.468387709002897,0.519649202447442
"023097","ZEVIO",0.488003132506483,0.464369179221667,0.936531301509626,0.52222067042863,0.568255184993185
"023098","ZIMELLA",0.584829470399355,0.58714489625565,0.943177047769622,0.621706169771715,0.657425156215927
"024001","AGUGLIARO",0.638521943828327,0.664707274590081,0.952274073787995,0.681680555667083,0.711746502124962
"024002","ALBETTONE",0.631590749661066,0.653505612434235,0.949616800480712,0.673255042990957,0.703961904934263
"024003","ALONTE",0.627818831175025,0.629746925171396,0.953955996930871,0.661300190048977,0.693817501924743
"024004","ALTAVILLA VICENTINA",0.506253361492043,0.489558478137207,0.951313979158212,0.543246725748984,0.588587531683343
"024005","ALTISSIMO",0.630336360911582,0.657273000468641,0.960449297020957,0.675469142323196,0.707133603956281
"024006","ARCUGNANO",0.511870162999029,0.487985450925603,0.943366378659835,0.544271664132068,0.58861552130182
"024007","ARSIERO",0.605401583101573,0.618395834939919,0.947987611647882,0.64550759928346,0.679116489546173
"024008","ARZIGNANO",0.46624116671288,0.442538962076944,0.949926816468789,0.5039437396023,0.553497414809688
"024009","ASIAGO",0.525612292569646,0.508893722562115,0.926240571061243,0.558151763915417,0.599050520264953
"024010","ASIGLIANO VENETO",0.642880035274905,0.685607577317795,0.948496747527393,0.692669100419454,0.721094394542558
"024012","BASSANO DEL GRAPPA",0.401627252020962,0.344370394226626,0.921526365769228,0.427851577388337,0.482704331652881
"024013","BOLZANO VICENTINO",0.54491369639567,0.535798622222364,0.945659778847965,0.580886521262912,0.621416883216807
"024014","BREGANZE",0.52601677448591,0.514149581724665,0.945901812939354,0.562665041588694,0.605246905072101
"024015","BRENDOLA",0.541937844975275,0.534275493757507,0.94937431105126,0.579233433534878,0.620360197703365
"024016","BRESSANVIDO",0.590779517531866,0.598455610021189,0.949727514795566,0.630128558878431,0.665639553980335
"024017","BROGLIANO",0.576377479598335,0.575915923475775,0.953394235681256,0.613871454951475,0.651596208365895
"024018","CALDOGNO",0.497571936999063,0.472942747512952,0.938584958749332,0.53059010390534,0.575922865554673
"024019","CALTRANO",0.612164030549645,0.623869966900508,0.948109096000679,0.651026208452637,0.684035418180197
"024020","CALVENE",0.644164873592089,0.659792058677439,0.946630875014874,0.681443707022775,0.710908947910786
"024021","CAMISANO VICENTINO",0.512508484683074,0.497033484716732,0.944924143210155,0.548786300550928,0.592801616401953
"024022","CAMPIGLIA DEI BERICI",0.62001323730182,0.632874241264366,0.943765757383163,0.6581759410931,0.689908142903107
"024024","CARRÈ",0.57234416620226,0.5693903899889,0.94565667978444,0.608346218264466,0.645825158433352
"024025","CARTIGLIANO",0.585314242562688,0.588901148247722,0.943347628469058,0.622731688711591,0.658355682017976
"024026","CASSOLA",0.488030945652422,0.461346884056304,0.938804692091404,0.521100492578067,0.567512070301771
"024027","CASTEGNERO",0.602631975573453,0.613741417565901,0.954071151778429,0.642775142090552,0.677363587611428
"024028","CASTELGOMBERTO",0.55274613036373,0.549204578621151,0.94822025932832,0.590699844976029,0.630424335459617
"024029","CHIAMPO",0.52434384018993,0.52411224950697,0.957197734272051,0.56752501379081,0.61082198273317
"024030","CHIUPPANO",0.601235405383288,0.608777370286145,0.944120132788984,0.638917762330143,0.67282913682557
"024032","COGOLLO DEL CENGIO",0.580181714646978,0.584884445306675,0.946125315045741,0.618892303483718,0.655251526990609
"024034","CORNEDO VICENTINO",0.508013066568071,0.4929377803548,0.945336204610367,0.544961501576329,0.589447579691222
"024035","COSTABISSARA",0.513102980168682,0.487190662630643,0.947880449192565,0.544920184178953,0.589693546958243
"024036","CREAZZO",0.49966425546827,0.474406440700238,0.942647120733597,0.532596525349188,0.578157702614123
"024037","CRESPADORO",0.659131543529843,0.692566282273784,0.955129630912303,0.703776984702862,0.731705056503911
"024038","DUEVILLE",0.49924850414782,0.481531666564963,0.944443487563013,0.535795425577054,0.581200765797716
"024039","ENEGO",0.648862929932074,0.68048155270504,0.941881687938518,0.692393185980553,0.720114130642549
"024040","FARA VICENTINO",0.577475982926103,0.581749168685458,0.947296478879524,0.616380966113155,0.65314935642053
"024041","FOZA",0.669380680825873,0.727699323337715,0.944506130570482,0.723136614930663,0.747733227779532
"024042","GALLIO",0.602346869755452,0.616204938812374,0.933648534773954,0.641713167332917,0.674150430381921
"024043","GAMBELLARA",0.59243695822077,0.59945182845532,0.947297395543666,0.631079693558607,0.666214993779169
"024044","GAMBUGLIANO",0.661049316761911,0.677765283858148,0.942988257501139,0.696765396029141,0.724123491748252
"024046","GRISIGNANO DI ZOCCO",0.581899309235406,0.589019034354338,0.950047594598805,0.621918014075265,0.658376856355659
"024047","GRUMOLO DELLE ABBADESSE",0.585405294127083,0.593295264997032,0.951101312480439,0.625525382853896,0.661700486145734
"024048","ISOLA VICENTINA",0.52113529883466,0.508483790582948,0.947535558353753,0.558082146073299,0.601354747437794
"024049","LAGHI",0.745654594383356,0.797463454892534,0.945962106321896,0.78899933280634,0.806439640974735
"024050","LASTEBASSE",0.756403396000049,0.801003808761067,0.935327511617739,0.794365993304276,0.810028384227994
"024051","LONGARE",0.55221139450444,0.544144228647671,0.945523331302941,0.587912363548744,0.627646915521432
"024052","LONIGO",0.483796457310267,0.456807571024645,0.939316683387438,0.517203481089454,0.564104948011452
"024053","LUGO DI VICENZA",0.590545369257443,0.597822434825492,0.946431853134801,0.629408697150801,0.664633492260134
"024055","MALO",0.500119117780528,0.483053714466916,0.946568272692683,0.537084601780618,0.582582787437514
"024056","MARANO VICENTINO",0.520377634352284,0.509324015539965,0.948771501087164,0.558242892560229,0.601634960174333
"024057","MAROSTICA",0.487008373922735,0.460295455273828,0.936481110433905,0.519934834181844,0.566217753765406
"024060","MONTEBELLO VICENTINO",0.554133413752981,0.55389625866406,0.952665953666465,0.593879947954315,0.63374505970011
"024061","MONTECCHIO MAGGIORE",0.473752566036883,0.452249120155224,0.944605621079501,0.511161320894398,0.559321798692743
"024062","MONTECCHIO PRECALCINO",0.556751912924489,0.557347817450988,0.949182949737073,0.596263173642672,0.635476482097605
"024063","MONTE DI MALO",0.597409091426684,0.604121147928445,0.947548602217947,0.635443467931603,0.670121816185641
"024064","MONTEGALDA",0.587306599895171,0.591047496284472,0.944540057444436,0.624713349025283,0.660249649960744
"024065","MONTEGALDELLA",0.619305884925149,0.630534760552586,0.945568934737631,0.656985183938744,0.68905004513862
"024066","MONTEVIALE",0.559416641871893,0.538506671547656,0.944586752827728,0.588524166321569,0.628086675933365
"024067","MONTICELLO CONTE OTTO",0.511008878044637,0.489656649558197,0.941237687098836,0.544423256131159,0.588513748460901
"024068","MONTORSO VICENTINO",0.611683683604528,0.631840839426361,0.961178437073112,0.655703879071211,0.689645496626978
"024070","MUSSOLENTE",0.534222502820129,0.525463107489723,0.949158391798013,0.571774363819235,0.613705922483543
"024071","NANTO",0.596614389370524,0.6034172058364,0.94975760918044,0.63498997876116,0.669964159918857
"024072","NOGAROLE VICENTINO",0.627478756827276,0.672790750453159,0.970412233775008,0.682162501653697,0.714190249667176
"024073","NOVE",0.565459873319011,0.567947084182873,0.940793507421787,0.604112481618027,0.641521484485111
"024074","NOVENTA VICENTINA",0.517920527234023,0.502846876695928,0.93884787303372,0.55323011907185,0.596076536178725
"024075","ORGIANO",0.60602695081961,0.624253306725619,0.953659745406388,0.648992090435992,0.682844052099369
"024076","PEDEMONTE",0.670161444521693,0.729742556796205,0.953041723497641,0.725260972942818,0.750569945226687
"024077","PIANEZZE",0.59991190534988,0.608549244974036,0.949707553002574,0.638778272946019,0.673325970730081
"024078","PIOVENE ROCCHETTE",0.535329114793029,0.531451741140711,0.948651523775954,0.574916537547778,0.616442647128687
"024079","POJANA MAGGIORE",0.578914885812389,0.584237076749755,0.947051534005087,0.618123536553473,0.654671091825875
"024080","POSINA",0.667108054598224,0.720994122325768,0.946667172207937,0.71931269683659,0.744574305211184
"024081","POVE DEL GRAPPA",0.562597548727405,0.549006384740717,0.94055501822527,0.594277271883182,0.632752577032303
"024082","POZZOLEONE",0.6078414400736,0.622370880761612,0.94750619419544,0.648346163795389,0.681586167173173
"024083","QUINTO VICENTINO",0.541082905931161,0.528545818309618,0.942904309358238,0.575623356844174,0.616432351567959
"024084","RECOARO TERME",0.565247105717231,0.56909724933387,0.944286337665846,0.60488359353958,0.64259500955361
"024085","ROANA",0.551631937356993,0.540032248797092,0.927832609578802,0.584032144727218,0.622232196377394
"024086","ROMANO D'EZZELINO",0.492402500139871,0.47102773272048,0.937173154408964,0.527260920228054,0.572806724025933
"024087","ROSÀ",0.505371163763195,0.490330002410251,0.944308458471858,0.542496370625237,0.58714215816375
"024088","ROSSANO VENETO",0.535917270332926,0.528127325249336,0.946417293942199,0.573461797406238,0.614901297021345
"024089","ROTZO",0.660254607905992,0.661370125752213,0.925625256481471,0.687293655794339,0.713774944759576
"024090","SALCEDO",0.703213224506041,0.745855503223823,0.960658833776778,0.748146810856117,0.771759257847301
"024091","SANDRIGO",0.528496580394624,0.520471467424289,0.951666552696903,0.567202276788201,0.609920529666946
"024094","SAN PIETRO MUSSOLINO",0.650329730259183,0.672339527098826,0.954877333890189,0.690688899200123,0.720043169721241
"024095","SANTORSO",0.548289797587851,0.540246074141158,0.949052504143511,0.584746392692405,0.625224849520306
"024096","SAN VITO DI LEGUZZANO",0.574756812632858,0.575104443313616,0.949944255680192,0.612431990743933,0.649933353514628
"024097","SARCEDO",0.554211556516339,0.548565168500189,0.946756802669651,0.590925206524403,0.630462050540542
"024098","SAREGO",0.555654561573943,0.553659211599412,0.953150361217636,0.594506234049774,0.634355581512869
"024099","SCHIAVON",0.601044325643172,0.611987205290817,0.948721616567522,0.640736350577047,0.6749569356871
"024100","SCHIO",0.421847746076446,0.37769971477267,0.929245596764706,0.452720917058573,0.505668103692588
"024101","SOLAGNA",0.626575826171593,0.643633626885098,0.948884502498819,0.666482704125393,0.69786068172244
"024102","SOSSANO",0.584091448337378,0.591856157176481,0.947073861880593,0.623883808669296,0.659793814581662
"024103","SOVIZZO",0.524701569751691,0.50570667685214,0.953703230092018,0.559054033980926,0.602903944659936
"024104","TEZZE SUL BRENTA",0.512258071542851,0.498765229888736,0.943719650899796,0.549332450734194,0.593153250752594
"024105","THIENE",0.446955356950718,0.407468302443282,0.932568780825886,0.477747524809888,0.528283219922777
"024106","TONEZZA DEL CIMONE",0.686829336402204,0.721042622876017,0.937107260604693,0.727253107735669,0.750570235832227
"024107","TORREBELVICINO",0.553049710775366,0.548778871548427,0.947266464137057,0.590549508459412,0.630184725756929
"024108","TORRI DI QUARTESOLO",0.503530971641112,0.483829959462605,0.942649699066828,0.538577388903355,0.583474312254852
"024110","TRISSINO",0.534625395224816,0.531180596947655,0.957571082713928,0.575369804749005,0.617836613411774
"024111","VALDAGNO",0.458909815493385,0.430687872868286,0.938578012965798,0.494176761059332,0.543554677937828
"024112","VALDASTICO",0.616670041721477,0.660963198035828,0.938827537021178,0.668817711592905,0.698818803307158
"024113","VALLI DEL PASUBIO",0.60347961328852,0.624041920684245,0.954760641798363,0.64786075446758,0.681960741948779
"024115","VELO D'ASTICO",0.613416329637816,0.629773776822544,0.948879336980044,0.654323481605166,0.687051909980153
"024116","VICENZA",0.340419434645011,0.266290613512157,0.89470927778009,0.362490449448734,0.421625874818885
"024117","VILLAGA",0.625572635430423,0.644461574251054,0.94907390658168,0.666422785014833,0.697828465188927
"024118","VILLAVERLA",0.552979591152831,0.550023200672886,0.946504666508329,0.591001722972406,0.630502050031953
"024119","ZANÈ",0.534870348450953,0.521095067752384,0.949348397288986,0.5701192770204,0.612255845939132
"024120","ZERMEGHEDO",0.647001175403424,0.663462026772248,0.955835073298624,0.685291948308915,0.715352295529994
"024121","ZOVENCEDO",0.677273582803505,0.707923004579247,0.949664346158845,0.718304898938123,0.74401150418487
"024122","ZUGLIANO",0.530116044630498,0.516970846918458,0.945028575420975,0.565691958739127,0.607840471703777
"024123","VAL LIONA",0.590459491758601,0.592734122169048,0.94503519836064,0.626940646103506,0.662284485243187
"024124","BARBARANO MOSSANO",0.555097306297666,0.556431096980002,0.945276768354881,0.594715458310439,0.633666714982043
"024125","VALBRENTA",0.566657540340864,0.568974571164899,0.940819254960199,0.605116375673614,0.642416695594345
"024126","COLCERESA",0.555177813934839,0.552084870291428,0.944160074032439,0.592684215305064,0.631737088496995
"024127","LUSIANA CONCO",0.568101652564639,0.573294495749249,0.937426750886243,0.607370941829874,0.644043809502803
"025001","AGORDO",0.554095757679251,0.539576223406007,0.942392888229819,0.586391680311348,0.625947370080067
"025002","ALANO DI PIAVE",0.608751753697504,0.619342925256583,0.940285950784964,0.646671200607836,0.679295061738628
"025003","ALLEGHE",0.648042902211157,0.669220788918831,0.939259734872899,0.686694634495784,0.714757423426575
"025004","ARSIÈ",0.615718880685505,0.633015913877276,0.937493159912902,0.655679973544541,0.686992549807693
"025005","AURONZO DI CADORE",0.593991746390997,0.605109211183595,0.935979443335638,0.63319337524213,0.666836271696964
"025006","BELLUNO",0.407332835445286,0.348032416523668,0.921852747760698,0.432099638162099,0.486516650339721
"025007","BORCA DI CADORE",0.656982770086999,0.67189856694501,0.933948472546346,0.691391448919039,0.718342229322073
"025008","CALALZO DI CADORE",0.616050233119192,0.629784859385864,0.945797835542133,0.655205575181489,0.687493604110449
"025010","CENCENIGHE AGORDINO",0.651753905112451,0.682703741152263,0.95056253312372,0.695562194131493,0.72389556513063
"025011","CESIOMAGGIORE",0.578542213167703,0.581574573496844,0.942545709866566,0.616307124985703,0.652555856639132
"025012","CHIES D'ALPAGO",0.642141603334256,0.668489636040762,0.943734118766432,0.684157469595401,0.712999319503293
"025013","CIBIANA DI CADORE",0.706273079902428,0.764297170351958,0.948777452922234,0.756634357906697,0.777983590686201
"025014","COLLE SANTA LUCIA",0.669521250131037,0.707602583514322,0.926977294019198,0.712403454542331,0.736244992261983
"025015","COMELICO SUPERIORE",0.611735536522992,0.632395792624134,0.936799556242556,0.653539053740462,0.685012442907362
"025016","CORTINA D'AMPEZZO",0.511711355244972,0.483499243131769,0.926823570426461,0.540527126312179,0.583448953435988
"025017","DANTA DI CADORE",0.692772206072965,0.753175170271355,0.953183928783223,0.745994712233266,0.769015736294373
"025018","DOMEGGE DI CADORE",0.609614015470355,0.618286248107576,0.941881629208149,0.646743281530884,0.679536431272802
"025019","FALCADE",0.608615311444604,0.62288366976774,0.941520472593307,0.648326588804885,0.680903687003599
"025021","FELTRE",0.459725753871443,0.422663347049348,0.927871829236834,0.489862278338039,0.538530006215683
"025022","FONZASO",0.601580780425449,0.616039354110051,0.942455644195868,0.642174624960562,0.675539182653374
"025023","CANALE D'AGORDO",0.656651975917336,0.683638577498896,0.947435267529352,0.69787427579024,0.725603274872363
"025025","GOSALDO",0.662539464110276,0.713890561066642,0.94442206873887,0.7138357182035,0.739456423818541
"025026","LAMON",0.61511282896621,0.632173510260624,0.937206323856708,0.654999485037746,0.686355800462075
"025027","LA VALLE AGORDINA",0.652718533733706,0.680004722186511,0.949258552193691,0.694651320383467,0.722941012806825
"025029","LIMANA",0.535213386553462,0.518030562872428,0.940148785785575,0.567974655820208,0.609327336927471
"025030","LIVINALLONGO DEL COL DI LANA",0.647111421504079,0.67428005094413,0.943582264668964,0.68898438906859,0.717273041913076
"025032","LORENZAGO DI CADORE",0.634767251943698,0.66629703599885,0.926915691961967,0.678170498770343,0.705808853569412
"025033","LOZZO DI CADORE",0.638507533660382,0.65295440271657,0.933180546768002,0.674475926046429,0.703220883904381
"025035","OSPITALE DI CADORE",0.764068730505056,0.832290974172012,0.955325103673769,0.813894377472058,0.829608902605581
"025036","PEDAVENA",0.559048924232627,0.552001008006097,0.939485769239336,0.593921046431359,0.632317126743357
"025037","PERAROLO DI CADORE",0.662946626678362,0.696503715177148,0.930229875841587,0.704775641419138,0.729826111910521
"025039","PIEVE DI CADORE",0.559265246528172,0.546107015635894,0.933296930513068,0.590747211025136,0.62880829096824
"025040","PONTE NELLE ALPI",0.528910127706849,0.515981134469196,0.940166815937715,0.564217749572992,0.605989868057961
"025043","RIVAMONTE AGORDINO",0.632451736101777,0.663138960830886,0.939878662312156,0.677003679850914,0.706212011235496
"025044","ROCCA PIETORE",0.6444405168232,0.66485798293255,0.930766679218792,0.682260992811967,0.709872735746058
"025045","SAN GREGORIO NELLE ALPI",0.624667385575675,0.640886288016872,0.944953350807672,0.663994488197413,0.695212139598553
"025046","SAN NICOLÒ DI COMELICO",0.6562220207761,0.686287524716975,0.925226330725841,0.696651928544468,0.722049084342398
"025047","SAN PIETRO DI CADORE",0.654605092551354,0.685822481541405,0.946323212226466,0.697824729564388,0.725435672082397
"025048","SANTA GIUSTINA",0.536336491155944,0.529978162212672,0.944883689115006,0.574329962927378,0.615502599170448
"025049","SAN TOMASO AGORDINO",0.666732470826482,0.724392580732279,0.955606766826329,0.721566949884075,0.74757137398877
"025050","SANTO STEFANO DI CADORE",0.602230340634061,0.613775798480361,0.93647834870744,0.640850597472234,0.673698125387257
"025051","SAN VITO DI CADORE",0.582385711584946,0.573501813976968,0.926355544174001,0.612784940920261,0.647626119059566
"025053","SEDICO",0.513353670532724,0.497811201313999,0.943011616243746,0.5493253539554,0.593068271987438
"025054","SELVA DI CADORE",0.685736783157448,0.718495620101411,0.931697305922228,0.725074312058709,0.748032422487989
"025055","SEREN DEL GRAPPA",0.627681307469639,0.645720151873989,0.943578931215179,0.667388549826151,0.698076369980487
"025056","SOSPIROLO",0.597343307494555,0.610660332546531,0.948470819990981,0.638448720017587,0.672895620014631
"025057","SOVERZENE",0.672360447319594,0.714108547784543,0.954581273276507,0.719369175124512,0.745503852696956
"025058","SOVRAMONTE",0.650979386531328,0.675328590537094,0.937361516198503,0.69057474130064,0.71799549406707
"025059","TAIBON AGORDINO",0.598113616588395,0.638753227691563,0.957356670861471,0.652325747012128,0.686218071884278
"025060","TAMBRE",0.642522904601182,0.664371042637651,0.939665391540462,0.682068815411521,0.710690657203626
"025062","VALLADA AGORDINA",0.683017397991453,0.708147846014486,0.944336734196614,0.720458033222334,0.745333444441698
"025063","VALLE DI CADORE",0.620645656487553,0.637000820887341,0.939576028205141,0.659898517639217,0.690973796590986
"025065","VIGO DI CADORE",0.634869639264088,0.653126527243774,0.938526225647975,0.673450897493336,0.70290371173274
"025066","VODO CADORE",0.651829868394452,0.676769885986146,0.93390737098913,0.691260626570183,0.718221375950066
"025067","VOLTAGO AGORDINO",0.624998280632542,0.661506063911196,0.954703807855228,0.674397335830205,0.705542499388541
"025069","ZOPPÈ DI CADORE",0.730897982064644,0.778819426690809,0.915970371126557,0.770969871052609,0.787081037727492
"025070","QUERO VAS",0.612205646621137,0.631484927427263,0.947683484099716,0.654429106731752,0.687012926439303
"025071","LONGARONE",0.573918935023839,0.584207140612291,0.946496159195686,0.615806349955827,0.652549662093589
"025072","ALPAGO",0.539876985318641,0.53133895163876,0.93956374506393,0.576003546137223,0.616399123795746
"025073","VAL DI ZOLDO",0.602356306960785,0.619113710949296,0.924995387490841,0.642161046808621,0.673587084662201
"025074","BORGO VALBELLUNA",0.502806231845583,0.491259357562581,0.941992049907809,0.541528720224455,0.586024645744827
"026001","ALTIVOLE",0.544556919848087,0.539753981297167,0.940662754075725,0.582006180922937,0.621856911273247
"026002","ARCADE",0.576214144442638,0.576903594144074,0.949406595681644,0.613843641932184,0.651128414571013
"026003","ASOLO",0.5206902522296,0.503427266057009,0.944472993634018,0.555300182592376,0.598541606041447
"026004","BORSO DEL GRAPPA",0.542095820284107,0.528623588722521,0.938525579926271,0.575676292045609,0.615992879587905
"026005","BREDA DI PIAVE",0.54430614855755,0.542104560379269,0.949142975297643,0.583799116551333,0.624392878634257
"026006","CAERANO DI SAN MARCO",0.548685782159903,0.546540896652451,0.94859163546451,0.58771116901201,0.627808998617844
"026007","CAPPELLA MAGGIORE",0.560437708654541,0.559593522364844,0.947115717096675,0.598725625668391,0.637435635827089
"026008","CARBONERA",0.499817817420471,0.475881899474189,0.940492148447872,0.533114087447384,0.578378316447439
"026009","CASALE SUL SILE",0.500287653391517,0.480498356613524,0.946523133985194,0.536006017900788,0.581619030799055
"026010","CASIER",0.483246869168876,0.443904699008147,0.937487237543189,0.510966929433979,0.558358074779447
"026011","CASTELCUCCO",0.612649333937107,0.625513970715134,0.950380126206253,0.652211499714134,0.685341347102147
"026012","CASTELFRANCO VENETO",0.423094026127257,0.373380572185728,0.925962749002561,0.451009844141099,0.503782389125706
"026013","CASTELLO DI GODEGO",0.544020832041017,0.533251361781648,0.944694197428256,0.579241906963025,0.619847717014717
"026014","CAVASO DEL TOMBA",0.595532990569947,0.606719321575203,0.945666595351675,0.635580200000485,0.670034243928395
"026015","CESSALTO",0.599000412066483,0.60846184481056,0.949359100006814,0.638293925595351,0.67285672275218
"026016","CHIARANO",0.59746691249333,0.609828520018042,0.945663144864873,0.637849259116605,0.672050801977523
"026017","CIMADOLMO",0.605793750308274,0.61939873379269,0.948631032633087,0.646199721108743,0.679803200167003
"026018","CISON DI VALMARINO",0.598039422964731,0.608239932826485,0.939924978106484,0.636818207916696,0.670496737937783
"026019","CODOGNÈ",0.566380641985607,0.570466616827069,0.947620029295488,0.606343269395253,0.644262909384168
"026020","COLLE UMBERTO",0.551847478023135,0.541343310322529,0.945978945075871,0.586533749263136,0.62647210435344
"026021","CONEGLIANO",0.418789543470345,0.367940782609432,0.925879249925559,0.446616571728455,0.499867980417023
"026022","CORDIGNANO",0.552662690707634,0.553846608102831,0.949166933440202,0.592845877808729,0.632437106212226
"026023","CORNUDA",0.54431233780174,0.537223056277076,0.941727273644306,0.580863654699898,0.620959612360387
"026025","CROCETTA DEL MONTELLO",0.558465022868804,0.561265274108428,0.949657567720103,0.598844390411765,0.637823632334913
"026026","FARRA DI SOLIGO",0.533293094098735,0.528206022836496,0.940600538482086,0.571734656469063,0.61271975447051
"026027","FOLLINA",0.583115888225166,0.587140220483208,0.939933933611623,0.62060864227993,0.656089230205674
"026028","FONTANELLE",0.570643943921241,0.577132642239634,0.952305207895351,0.611729984561929,0.64957167604342
"026029","FONTE",0.564912717125282,0.568874174808014,0.947967919883451,0.605000893358328,0.643108340750009
"026030","FREGONA",0.594886127232543,0.600556973383414,0.943070660511493,0.63225646132833,0.666791372348681
"026031","GAIARINE",0.566990478993227,0.572493068733857,0.948651365552148,0.607632733032402,0.645523692201263
"026032","GIAVERA DEL MONTELLO",0.565979997785638,0.56685611213475,0.946112631145406,0.604387512578715,0.642356970197236
"026033","GODEGA DI SANT'URBANO",0.558014066392573,0.559297196698938,0.947109838974206,0.597501052288601,0.636346473031446
"026034","GORGO AL MONTICANO",0.590228740785898,0.605523048680224,0.951093705688116,0.633197675828566,0.668519456924072
"026035","ISTRANA",0.530739881744458,0.51798041123565,0.943898988609906,0.566314030702039,0.608267914914024
"026036","LORIA",0.538283644275643,0.536485553830891,0.948757115257355,0.578521850673676,0.619659102294085
"026037","MANSUÈ",0.570908239971726,0.574337462154108,0.952406038438303,0.610601169800456,0.648579488537994
"026038","MARENO DI PIAVE",0.525627696117785,0.516040773604684,0.948139415276234,0.563564752902735,0.606295270944235
"026039","MASER",0.568708714347492,0.575863132356135,0.951568207704795,0.610214151787111,0.64814238022241
"026040","MASERADA SUL PIAVE",0.532300327170205,0.52519970105382,0.949301786386262,0.570805191339438,0.612860368566862
"026041","MEDUNA DI LIVENZA",0.612464000610982,0.628973232547009,0.952210220465153,0.653867776967611,0.687016937356227
"026042","MIANE",0.58914630952731,0.596028963199135,0.938839624878124,0.627212835214713,0.661838034066203
"026043","MOGLIANO VENETO",0.432042696183555,0.382399978015432,0.932347872243447,0.459733990613889,0.512246644128284
"026044","MONASTIER DI TREVISO",0.580166352675535,0.585902440793133,0.95332870109084,0.620063827169985,0.657093257605635
"026045","MONFUMO",0.65362022689669,0.676678917132228,0.947153084696285,0.693349923282642,0.721550274550824
"026046","MONTEBELLUNA",0.434278437241964,0.393002250806076,0.930980397578599,0.465374349379478,0.517108354734936
"026047","MORGANO",0.567262922630479,0.562607734549361,0.943405985220532,0.602782394252981,0.640629459916043
"026048","MORIAGO DELLA BATTAGLIA",0.616009256847403,0.635992621884014,0.945619727319319,0.657962818161069,0.689924696956431
"026049","MOTTA DI LIVENZA",0.512790123533047,0.499320488402597,0.940226959656031,0.549472471336643,0.592889636705464
"026050","NERVESA DELLA BATTAGLIA",0.554284986325787,0.55729693409697,0.946961441776019,0.594908008367843,0.634025056524307
"026051","ODERZO",0.458609481642468,0.423317742088787,0.937038263573836,0.490571077036448,0.540178542207269
"026052","ORMELLE",0.585944201958959,0.596117197381121,0.951232377641478,0.627050867467184,0.663071035264327
"026053","ORSAGO",0.582574526847466,0.58892781867263,0.946177024418766,0.62179375792592,0.657836343091792
"026055","PAESE",0.465824342788656,0.433127851611214,0.936998067163928,0.498228294196334,0.546980491192734
"026056","PEDEROBBA",0.54090557189532,0.537180947935595,0.942762843272827,0.579415218251195,0.619787176586932
"026057","PIEVE DI SOLIGO",0.507260737920367,0.494467745800845,0.940023463875646,0.54478016406211,0.588696086263614
"026058","PONTE DI PIAVE",0.53343673531231,0.522664810367887,0.942648307258197,0.569510526281908,0.610970279723718
"026059","PONZANO VENETO",0.485236962331706,0.451860984781112,0.942024552327844,0.515896531433553,0.563244089310696
"026060","PORTOBUFFOLÈ",0.649116506135888,0.693016349481479,0.966011455509441,0.700560930578759,0.730055433348835
"026061","POSSAGNO",0.612473414354763,0.618985601527201,0.939238841540349,0.648080441300919,0.680431374660855
"026062","POVEGLIANO",0.554645938642719,0.544767631429485,0.940952501365902,0.588831356669082,0.627955928302062
"026063","PREGANZIOL",0.46932610482982,0.432014384675602,0.935453755278684,0.499148595805308,0.547626946857905
"026064","QUINTO DI TREVISO",0.527625931566979,0.517981374975368,0.945247950472971,0.565048082991353,0.607292512711533
"026065","REFRONTOLO",0.624312253274141,0.639196045815524,0.944637007512464,0.663042435341596,0.694330721138359
"026066","RESANA",0.527476464868497,0.516475403571345,0.943073078117539,0.564085648609683,0.606195362999445
"026067","REVINE LAGO",0.619416460336724,0.635863003777154,0.943649123076319,0.659240671158877,0.690841610260815
"026068","RIESE PIO X",0.519428209902729,0.50633033232785,0.942058531410448,0.555797197144806,0.598715123174322
"026069","RONCADE",0.500334503249088,0.486434314504288,0.948599087785039,0.538905876767523,0.584427344658358
"026070","SALGAREDA",0.558108930114902,0.560021147522653,0.950202368748482,0.598178771811748,0.637292504804718
"026071","SAN BIAGIO DI CALLALTA",0.51593010803199,0.506508081825108,0.947022717086059,0.5547994571443,0.598379819360051
"026072","SAN FIOR",0.545120609353525,0.542074301979292,0.950372743226242,0.584274984422392,0.624952513178376
"026073","SAN PIETRO DI FELETTO",0.542861124155636,0.529223419165243,0.950769330863097,0.577514977580705,0.618987683500971
"026074","SAN POLO DI PIAVE",0.575850734960526,0.583698680413189,0.94838201370479,0.616635438288651,0.653496168890444
"026075","SANTA LUCIA DI PIAVE",0.535678993900486,0.523672333338548,0.94762335775606,0.571470433033171,0.613265202446825
"026076","SAN VENDEMIANO",0.513074637688966,0.49755810779113,0.946448136661506,0.549429549132193,0.593542725524339
"026077","SAN ZENONE DEGLI EZZELINI",0.550821287962829,0.552351724939469,0.946710682140336,0.591098924020068,0.630611341588986
"026078","SARMEDE",0.599988423346403,0.61021147967385,0.946057976819842,0.639195754041098,0.673291556572069
"026079","SEGUSINO",0.602223036539028,0.643275604433197,0.957600366156652,0.656234425053166,0.68971952962022
"026080","SERNAGLIA DELLA BATTAGLIA",0.560376798125421,0.565343469530665,0.946082648885091,0.601182385333748,0.639504636839453
"026081","SILEA",0.501614646514935,0.477832988013918,0.943391815848184,0.535090617122802,0.580457416981178
"026082","SPRESIANO",0.514893831301077,0.501008109005472,0.943322906108,0.551488163748747,0.59502535734422
"026083","SUSEGANA",0.515549471966502,0.504687383361193,0.946854155536967,0.55379200045116,0.597465573238471
"026084","TARZO",0.585891519057205,0.599262663816315,0.94618377130408,0.627937759423492,0.663298427410224
"026085","TREVIGNANO",0.525865737927246,0.51886389028002,0.946821453669717,0.564810478060242,0.60725614201685
"026086","TREVISO",0.344330825976797,0.262708739378023,0.903414991974772,0.363509303607147,0.423498824536883
"026087","VALDOBBIADENE",0.519653705050209,0.509478989631067,0.937200040031504,0.556829716609724,0.599093085878811
"026088","VAZZOLA",0.55378533123183,0.555771836633249,0.949966297957782,0.594297355335064,0.633816126737588
"026089","VEDELAGO",0.498177053555081,0.48325117468898,0.941021456563251,0.535744848366153,0.580775582610275
"026090","VIDOR",0.588731867454192,0.595971988485411,0.940862580840001,0.627202993256821,0.662054058543841
"026091","VILLORBA",0.470212758804007,0.439868140014781,0.936974702654363,0.503233874733891,0.551427300058388
"026092","VITTORIO VENETO",0.439546157364754,0.399643718867582,0.928881708155896,0.470523615120141,0.521452292124114
"026093","VOLPAGO DEL MONTELLO",0.521047968531378,0.511259201665321,0.942816133579281,0.558819839946443,0.601486094794536
"026094","ZENSON DI PIAVE",0.643674392240016,0.666447260301985,0.951210735701461,0.684675817214046,0.714290808157093
"026095","ZERO BRANCO",0.512548889998626,0.49477800969079,0.943935278840469,0.547690632744284,0.59171781564386
"026096","PIEVE DEL GRAPPA",0.544849199554796,0.537075208006634,0.937052192175822,0.580571202620226,0.620180201459737
"027001","ANNONE VENETO",0.594400298202658,0.605603599493608,0.945013278396306,0.634503081802951,0.669004214757768
"027002","CAMPAGNA LUPIA",0.563506210216479,0.567636358219582,0.952308119556429,0.60424496775187,0.64291865128571
"027003","CAMPOLONGO MAGGIORE",0.531869740779008,0.530047351225656,0.950506673476788,0.572913358749778,0.614868171497223
"027004","CAMPONOGARA",0.520699638989785,0.514776570774407,0.950319173988664,0.560996211792753,0.60425431870341
"027005","CAORLE",0.520030004895118,0.517602273167782,0.931775139434881,0.560112039071793,0.601407939112136
"027006","CAVARZERE",0.519792115309988,0.519989318793946,0.94217242922538,0.562118888269308,0.60434705948665
"027007","CEGGIA",0.554107877768132,0.551614390860699,0.947560159184019,0.592331036801376,0.631800939288336
"027008","CHIOGGIA",0.43550402127187,0.408233116500765,0.924794275553886,0.472161139553075,0.522453710219831
"027009","CINTO CAOMAGGIORE",0.598688695791654,0.610192182696307,0.945275153837816,0.638523910703364,0.672607382162748
"027010","CONA",0.620075681322311,0.639404263711967,0.945834764149215,0.661349451680346,0.692958930843554
"027011","CONCORDIA SAGITTARIA",0.527388921968016,0.521106547111457,0.944322962455166,0.566255257331279,0.608262780122822
"027012","DOLO",0.482406392482057,0.45591473169097,0.939764768414146,0.516220982719277,0.56328140335204
"027013","ERACLEA",0.531992408117947,0.534142827677187,0.940741085998706,0.573834964707681,0.614602311517795
"027014","FIESSO D'ARTICO",0.530101876557019,0.519351325123365,0.950612825569817,0.567315223313154,0.609903845786117
"027015","FOSSALTA DI PIAVE",0.584028387699365,0.587987682260924,0.944345031944478,0.621841734676578,0.657675434373011
"027016","FOSSALTA DI PORTOGRUARO",0.556386726729039,0.553441901572041,0.944704361049105,0.593893318840396,0.632872323530253
"027017","FOSSÒ",0.549770546759594,0.54995242641261,0.954816798078278,0.59035701773532,0.630852548884537
"027018","GRUARO",0.606980084558834,0.614514284415603,0.942328814006802,0.643905347439177,0.677063510391135
"027019","JESOLO",0.45564687801183,0.429899606419101,0.925284860642704,0.491024404058189,0.539275565900913
"027020","MARCON",0.47999225995399,0.450218786132445,0.939951522396036,0.512590122978499,0.560074722913781
"027021","MARTELLAGO",0.470324052854947,0.442177713081253,0.940811261693541,0.504706920840644,0.553162958713188
"027022","MEOLO",0.56001149181683,0.563218316505268,0.948613088240605,0.600314722569005,0.63901454097696
"027023","MIRA",0.447604880690864,0.420418583177741,0.93624521545839,0.484235080286711,0.53445842863912
"027024","MIRANO",0.438986293823666,0.395480109450099,0.933597490567013,0.468869630529895,0.520506059422909
"027025","MUSILE DI PIAVE",0.518720394755113,0.509834163168519,0.941749920804988,0.557024543146133,0.599771807330451
"027026","NOALE",0.480960276614766,0.453236404800662,0.942497975995092,0.514638304236452,0.56217826776519
"027027","NOVENTA DI PIAVE",0.542883037490078,0.534090090159042,0.94514884092114,0.579152791534218,0.619819019243876
"027028","PIANIGA",0.502130902830127,0.480309276787081,0.943082853422932,0.536406366170037,0.58159264253147
"027029","PORTOGRUARO",0.445511810657829,0.40508718822089,0.928480955575312,0.475617645052955,0.52593579066655
"027030","PRAMAGGIORE",0.582569890946932,0.58692579802292,0.943640484663766,0.62063710850281,0.656526372520694
"027031","QUARTO D'ALTINO",0.540738489410849,0.534074911031286,0.946648598432432,0.578330890042204,0.61925507986334
"027032","SALZANO",0.508417750533991,0.493072247353425,0.94517710710296,0.545188209759633,0.589631420575559
"027033","SAN DONÀ DI PIAVE",0.415187241753529,0.367275131567705,0.922576827768797,0.444365750771435,0.497500314882253
"027034","SAN MICHELE AL TAGLIAMENTO",0.524999196704809,0.524213972578252,0.93604033975016,0.565749960152394,0.606893335663257
"027035","SANTA MARIA DI SALA",0.492597584205363,0.475101804454654,0.944924903370856,0.529957215234093,0.576064736138178
"027036","SAN STINO DI LIVENZA",0.515362568500501,0.506966824462148,0.940537462886594,0.554101973121851,0.597039249762378
"027037","SCORZÈ",0.480971330918098,0.456423847957364,0.942600661846004,0.516087896678558,0.563478203919386
"027038","SPINEA",0.451524764264393,0.417188610476927,0.934657453610597,0.484386763994654,0.534416840618648
"027039","STRA",0.537914439718663,0.531324314618521,0.949626264405275,0.57612006589226,0.617620754615929
"027040","TEGLIO VENETO",0.620568776172222,0.637392865239071,0.950900140737115,0.661172752708793,0.69336468471194
"027041","TORRE DI MOSTO",0.575062387586083,0.583342111996091,0.945300096705369,0.615812034482515,0.652421819173943
"027042","VENEZIA",0.302383639130093,0.224589986760597,0.84174398968232,0.321312530619043,0.37913824829274
"027043","VIGONOVO",0.532727704158885,0.528236320497216,0.950623701545224,0.572496181249768,0.614510350171485
"027044","CAVALLINO-TREPORTI",0.521458879061013,0.522073079944939,0.939654065556399,0.563554788108318,0.605343596713661
"028001","ABANO TERME",0.452552998129892,0.41075121693615,0.931264354671531,0.481613332246872,0.531574556960723
"028002","AGNA",0.61431095372755,0.635674479898514,0.950360881700101,0.657529533301739,0.690066349790446
"028003","ALBIGNASEGO",0.433992610508709,0.381616609696489,0.931488867814529,0.460173035873792,0.512541461644985
"028004","ANGUILLARA VENETA",0.604712862190463,0.621596322309543,0.945905958729043,0.646429728897907,0.679704865545811
"028005","ARQUÀ PETRARCA",0.603878659902099,0.604302400789539,0.943422146114918,0.638023691922729,0.671956853499639
"028006","ARRE",0.621750877013636,0.628554292420558,0.938872855329309,0.656524611778318,0.687896638839539
"028007","ARZERGRANDE",0.570845339812904,0.573948992898813,0.945274270056071,0.60968487672588,0.646972587095901
"028008","BAGNOLI DI SOPRA",0.593384690884553,0.6015406899991,0.938631190627857,0.63157954046043,0.665696390479033
"028009","BAONE",0.566949176777629,0.553747903164282,0.940181952704826,0.598331881244342,0.63631522251773
"028010","BARBONA",0.66452938777072,0.715025378394899,0.946112027673257,0.715410847541854,0.741044312000899
"028011","BATTAGLIA TERME",0.56777277663426,0.560448313532038,0.933594640480284,0.601058954622862,0.638007364162576
"028012","BOARA PISANI",0.606565418500361,0.619250594577973,0.944906213972644,0.646107827282515,0.679307648025863
"028013","BORGORICCO",0.525240099291841,0.51067147950981,0.94393053159213,0.560553263619956,0.603150737839086
"028014","BOVOLENTA",0.596161045547504,0.603931190728732,0.946645268709789,0.634706033195285,0.669365948252452
"028015","BRUGINE",0.5509067123838,0.548233123244948,0.943850005278748,0.588997926560811,0.628425935307249
"028016","CADONEGHE",0.479680861140689,0.447941989820042,0.937550853030821,0.511185368235411,0.558559310990457
"028017","CAMPODARSEGO",0.495855772410114,0.477922784611897,0.948474211162436,0.533047771776149,0.579206265041292
"028018","CAMPODORO",0.592456023590224,0.58886968056676,0.940335670015045,0.625630133872147,0.660597415665802
"028019","CAMPOSAMPIERO",0.500210423018098,0.474029830387631,0.938458827573956,0.532253996789974,0.577387866877083
"028020","CAMPO SAN MARTINO",0.564283597863569,0.568582840730992,0.951448344764987,0.604934731844051,0.643436244390822
"028021","CANDIANA",0.627630573085173,0.648083939768533,0.945241334738575,0.668595664258025,0.699334072089197
"028022","CARCERI",0.642736636774003,0.662540248952147,0.940879374453371,0.681462536022104,0.710286629181134
"028023","CARMIGNANO DI BRENTA",0.539633902400228,0.535926812982421,0.948549705047425,0.578857292426934,0.619934227162544
"028026","CARTURA",0.578683014255321,0.58466152935304,0.945764986665238,0.618081543290286,0.654490814776392
"028027","CASALE DI SCODOSIA",0.585996982547642,0.59596108338585,0.937984466179199,0.625679576287991,0.660380119609236
"028028","CASALSERUGO",0.560618904060821,0.560220199756795,0.944516874707442,0.598829284188672,0.637239016468535
"028029","CASTELBALDO",0.650878909651084,0.680506128928422,0.937238420547441,0.692847109415522,0.720001699541291
"028030","CERVARESE SANTA CROCE",0.559591168685642,0.55738705530248,0.94458380381809,0.597098581176464,0.635708050358867
"028031","CINTO EUGANEO",0.615982597904245,0.629730427545768,0.939124029786106,0.654483264431116,0.686110016137226
"028032","CITTADELLA",0.457637096590216,0.419909208180988,0.936067935474091,0.488502630694451,0.5382321090033
"028033","CODEVIGO",0.567245856893871,0.573739484127482,0.946856094448945,0.608129012904503,0.64576535529833
"028034","CONSELVE",0.516693373975507,0.501432617263305,0.93716924563582,0.551873620621047,0.594684245622689
"028035","CORREZZOLA",0.579605812281204,0.587836028144185,0.942509199374611,0.619599748128887,0.655478576045078
"028036","CURTAROLO",0.553288974812399,0.551480992043878,0.949080106318673,0.592054495717192,0.631724008006246
"028037","ESTE",0.469523167876771,0.432174872111719,0.92719684462287,0.498483802457108,0.54611858491997
"028038","FONTANIVA",0.538511907224684,0.532630809814456,0.948441885894465,0.57685841125706,0.618145463994549
"028039","GALLIERA VENETA",0.535780038122539,0.524309344564858,0.946220803563272,0.571662302565656,0.613279913787613
"028040","GALZIGNANO TERME",0.568461583714758,0.56814276034848,0.941535654335005,0.605625520261958,0.642948868492296
"028041","GAZZO",0.57889604599252,0.581257868434033,0.947855434590398,0.616854804950989,0.653632652688701
"028042","GRANTORTO",0.586324866828974,0.599433019438686,0.953946754498947,0.628985724270342,0.665092505406854
"028043","GRANZE",0.588751985054158,0.619167291727052,0.939103492712484,0.637474023822793,0.670988409254981
"028044","LEGNARO",0.517528672763933,0.496881105068031,0.94231571785369,0.550715971809753,0.594227054703523
"028045","LIMENA",0.515358454637172,0.489449617192315,0.939603343528663,0.546123966676136,0.589843897437528
"028046","LOREGGIA",0.53377940414066,0.52257614134737,0.945040848212891,0.569864080290903,0.61155038783779
"028047","LOZZO ATESTINO",0.590885470316197,0.605644141850355,0.943873197559976,0.632825645230946,0.667386484378616
"028048","MASERÀ DI PADOVA",0.528786589384385,0.516313187192296,0.942940343405973,0.564588933800104,0.606627979311867
"028049","MASI",0.624650833322551,0.640185765782485,0.935432378518827,0.662719707449149,0.69302111534578
"028050","MASSANZAGO",0.560402873998168,0.555717768717667,0.9480667198485,0.597060961206976,0.636061601056034
"028052","MEGLIADINO SAN VITALE",0.621004192938998,0.636053978590239,0.935721498929417,0.659248327081098,0.689967568397578
"028053","MERLARA",0.614417669579143,0.636586088376637,0.940555192870024,0.657007210367104,0.688512541756317
"028054","MESTRINO",0.506513323468226,0.485617401222874,0.943361984431677,0.540795024554163,0.585524686762776
"028055","MONSELICE",0.474523104645741,0.443026924002004,0.932236341278286,0.506121147019314,0.553467279714755
"028056","MONTAGNANA",0.517757050329468,0.504576612676245,0.935367406626834,0.553586889015254,0.596006946527652
"028057","MONTEGROTTO TERME",0.494221073730154,0.4659148358991,0.936353324852364,0.5256964918184,0.571325028822174
"028058","NOVENTA PADOVANA",0.482322161603534,0.442809417638594,0.941220429443281,0.510431253603286,0.558296717585508
"028059","OSPEDALETTO EUGANEO",0.558632547432939,0.558270848843912,0.940553344356137,0.596661862760197,0.634872027381968
"028060","PADOVA",0.280433354346813,0.172770789794185,0.849588421558196,0.288900707019269,0.351199341968038
"028061","PERNUMIA",0.574847035427555,0.572206444979444,0.938014185600973,0.609975484743247,0.646424229282994
"028062","PIACENZA D'ADIGE",0.667876398722669,0.705822279846531,0.941624965519985,0.712326901908139,0.737804464531677
"028063","PIAZZOLA SUL BRENTA",0.516144410140367,0.506781988185002,0.949045934301518,0.555221472676568,0.598979746190451
"028064","PIOMBINO DESE",0.529195397026014,0.518588669008782,0.941805028279735,0.565683332543631,0.607474632069865
"028065","PIOVE DI SACCO",0.472419248565688,0.445327400923949,0.936031787024361,0.506589170972773,0.554305017200727
"028066","POLVERARA",0.580468366020072,0.581367929801793,0.948661875548232,0.617692520674663,0.654466893438393
"028067","PONSO",0.614101425098595,0.624935038172832,0.94203818799358,0.6517702272715,0.684022222907287
"028068","PONTELONGO",0.590851156675269,0.600284382671583,0.94150275710073,0.630161268416157,0.664754767158887
"028069","PONTE SAN NICOLÒ",0.484006348143587,0.449136256164831,0.934946352104083,0.513408807149197,0.560246312144184
"028070","POZZONOVO",0.594196839884728,0.597238766803959,0.943600449995827,0.630506068009492,0.66529433267464
"028071","ROVOLON",0.566951736026315,0.56808970360807,0.943545548181938,0.605123202653667,0.642725685490142
"028072","RUBANO",0.46837971899237,0.427253161464192,0.933691227984976,0.496403919003951,0.54499139777962
"028073","SACCOLONGO",0.55792776597489,0.54882262902266,0.940062226798364,0.592043900428734,0.630712603358693
"028075","SAN GIORGIO DELLE PERTICHE",0.528349576785387,0.517031832824804,0.946778201726319,0.565099454497218,0.60750820418934
"028076","SAN GIORGIO IN BOSCO",0.546040570226122,0.54024838942768,0.94566169087786,0.583396200931997,0.623647922037093
"028077","SAN MARTINO DI LUPARI",0.504586927651487,0.488371628460887,0.945878734109378,0.541419223661506,0.586359169266825
"028078","SAN PIETRO IN GU",0.578096396996309,0.582471605367373,0.948872691418915,0.617142870205549,0.654001739229256
"028079","SAN PIETRO VIMINARIO",0.595357903672466,0.601226162765258,0.94330327799909,0.632793157696885,0.667294282174907
"028080","SANTA GIUSTINA IN COLLE",0.534808496140038,0.525016316757119,0.944285558578109,0.571349721661532,0.612787036874485
"028082","SANT'ANGELO DI PIOVE DI SACCO",0.544854924850605,0.54078064337189,0.945881404073705,0.583124146107493,0.623430508103739
"028083","SANT'ELENA",0.608914676543018,0.618362788356102,0.945257593354692,0.646800618540073,0.679962504630587
"028084","SANT'URBANO",0.638413877201033,0.664582708875478,0.944188519877533,0.680767315722183,0.710036338406111
"028085","SAONARA",0.505738751343402,0.480183989767279,0.940893860194936,0.5377546195193,0.58254786848326
"028086","SELVAZZANO DENTRO",0.438105311879617,0.387519053167251,0.931394901012489,0.46467045437234,0.516528726221245
"028087","SOLESINO",0.568339034416998,0.574926576712714,0.938241753816258,0.608293700389996,0.644954595215136
"028088","STANGHELLA",0.581877158440951,0.589109003798046,0.942653330615678,0.621209106069116,0.656925131018734
"028089","TEOLO",0.50511243440322,0.47856198792347,0.936470261021643,0.536300516149175,0.580763821135005
"028090","TERRASSA PADOVANA",0.606437599850773,0.613645524383381,0.940447317640053,0.643082137669375,0.676122713221672
"028091","TOMBOLO",0.54131329120117,0.531528907142876,0.946525515768409,0.577431540831661,0.6184419824913
"028092","TORREGLIA",0.543583666718534,0.533158750838959,0.939424877403761,0.578476575641248,0.618581942503749
"028093","TREBASELEGHE",0.515414740776095,0.503148551613869,0.944087055676325,0.552762187143116,0.596242728091251
"028094","TRIBANO",0.578359441070456,0.581725251335013,0.942609485807302,0.616299060163191,0.652555774123648
"028095","URBANA",0.629856790029008,0.651121407391348,0.943867874891665,0.670826976328326,0.701164853946475
"028096","VEGGIANO",0.571746721206688,0.572258764458564,0.952208078364198,0.610023276385783,0.64804380993894
"028097","VESCOVANA",0.623519590774159,0.634528647129106,0.942570047660908,0.66037871182256,0.691733304693488
"028098","VIGHIZZOLO D'ESTE",0.669446787067131,0.695527987174192,0.942591543142783,0.708497802722874,0.734508218325086
"028099","VIGODARZERE",0.491911372893258,0.463941834705369,0.937206287180157,0.523854572137398,0.569782540475482
"028100","VIGONZA",0.454431778430047,0.417356049409264,0.939004290193519,0.486204951547042,0.536515989174428
"028101","VILLA DEL CONTE",0.564105798004965,0.563537406269715,0.947825740796513,0.602222016003258,0.640622429869175
"028102","VILLA ESTENSE",0.618981688569407,0.641247872450485,0.946173452775926,0.661720647736544,0.693326514963142
"028103","VILLAFRANCA PADOVANA",0.510848426542222,0.490388854753567,0.942481607294599,0.544804937312565,0.588991233977236
"028104","VILLANOVA DI CAMPOSAMPIERO",0.559544257015086,0.556341304471092,0.947938371057361,0.596942339774516,0.635941898805943
"028105","VO'",0.593319386390417,0.604225520119774,0.941386850510052,0.633033892980591,0.667295332706087
"028106","DUE CARRARE",0.519380500070815,0.501778101868318,0.938794956750651,0.553400866547675,0.596222432125783
"028107","BORGO VENETO",0.550815396473133,0.550254281708292,0.939996272084772,0.589480982390118,0.628427125689524
"029001","ADRIA",0.469942509701636,0.441993044986192,0.929820643461107,0.503353063955633,0.550738350567352
"029002","ARIANO NEL POLESINE",0.597295448302733,0.615153901400504,0.942071705873012,0.639809377953758,0.673394081055897
"029003","ARQUÀ POLESINE",0.602602221204049,0.613388203344232,0.945769817014835,0.64177267274821,0.67555013322228
"029004","BADIA POLESINE",0.514444799664981,0.503362027049686,0.936222617935459,0.551635333815146,0.594367254272959
"029005","BAGNOLO DI PO",0.66380664622951,0.701084766430201,0.951211029515293,0.709322238648399,0.736198770966943
"029006","BERGANTINO",0.605553489544697,0.624219902921334,0.94668283924109,0.648066310533823,0.68124592483463
"029007","BOSARO",0.619460439674258,0.665294997814015,0.952273249605444,0.673367271830267,0.704356824916398
"029008","CALTO",0.686507453903058,0.725623003412063,0.947766739610799,0.730235379752885,0.754405530848208
"029009","CANARO",0.614642913077342,0.638836960908267,0.949170797592572,0.658983023052781,0.691226109112758
"029010","CANDA",0.673531895287833,0.707855360505102,0.948597177642793,0.7164839828711,0.742274337845733
"029011","CASTELGUGLIELMO",0.651392889964314,0.679441553681739,0.943000366713892,0.693175536312113,0.7209338508012
"029012","CASTELMASSA",0.570493091537211,0.570899132122978,0.944323904058711,0.608058891052956,0.645421670275818
"029013","CASTELNOVO BARIANO",0.613896566885355,0.627805399756822,0.945837034573168,0.653349588446297,0.685848193571505
"029014","CENESELLI",0.614024352602658,0.65954048978287,0.948525066900521,0.66795668576354,0.699130950334315
"029015","CEREGNANO",0.60086131211495,0.613030586198532,0.943759460329359,0.640627300274003,0.674308651391265
"029017","CORBOLA",0.622668514164803,0.648347932140917,0.943254172888567,0.666282818126431,0.697057413100001
"029018","COSTA DI ROVIGO",0.615877997570231,0.634004193776278,0.943446075307705,0.6567915936367,0.688642091600145
"029019","CRESPINO",0.63560015857992,0.661500197711447,0.938338410042513,0.677529001335367,0.706507824525049
"029021","FICAROLO",0.633389279153515,0.662069299197831,0.951311458631772,0.678087506121283,0.708445723066892
"029022","FIESSO UMBERTIANO",0.577279020329058,0.582582147426949,0.943320837239304,0.616269609214133,0.652608634550263
"029023","FRASSINELLE POLESINE",0.654351602487887,0.682690703529938,0.942267899193531,0.695895827627374,0.723270502245836
"029024","FRATTA POLESINE",0.601959657515167,0.613113135025754,0.93936680106051,0.640719436749466,0.67390247722847
"029025","GAIBA",0.665140163297,0.699408967517993,0.946413935793158,0.708688502446063,0.735102439484629
"029026","GAVELLO",0.648143083132188,0.674694084086982,0.941845080418492,0.689461233290476,0.717503882971367
"029027","GIACCIANO CON BARUCHELLA",0.619599000631801,0.639382875895936,0.938974692714102,0.660439313708892,0.691387689153915
"029028","GUARDA VENETA",0.661329865816709,0.685145493296558,0.943283941105981,0.700242305711568,0.727246931866503
"029029","LENDINARA",0.518409141893328,0.51222332348027,0.93850153043476,0.557634762461595,0.599953292236391
"029030","LOREO",0.611834817299769,0.637127998240224,0.946013415691346,0.656634608562132,0.688787809354267
"029031","LUSIA",0.606585338807178,0.623365679707193,0.939434728143765,0.647421431145844,0.679867353034502
"029032","MELARA",0.641255409444026,0.662498907918172,0.948206952097721,0.681510138022761,0.711143117364423
"029033","OCCHIOBELLO",0.500932198978526,0.479853648888367,0.939836086395547,0.535337240179657,0.580281556425867
"029034","PAPOZZE",0.655861299231471,0.683273239200421,0.937032724598482,0.6963138147542,0.723060360292453
"029035","PETTORAZZA GRIMANI",0.648894324668308,0.681314413671035,0.9472230102272,0.693316233275424,0.721528097381177
"029036","PINCARA",0.664212488565875,0.698403739998826,0.943100794956472,0.707487382349763,0.733666650417175
"029037","POLESELLA",0.578029585219525,0.583267926471219,0.941659807311761,0.616749860992011,0.65285096613865
"029038","PONTECCHIO POLESINE",0.595770870299479,0.592875303091831,0.939339697273412,0.628824747753431,0.663326408811207
"029039","PORTO TOLLE",0.560547678519093,0.577881832081217,0.945165848173714,0.606809864587511,0.644404973874867
"029040","ROSOLINA",0.554690563594963,0.562821328211436,0.941535996205605,0.59703395093344,0.635311955963681
"029041","ROVIGO",0.390934246714991,0.331255071668822,0.913208354035817,0.416306028676297,0.471517398160688
"029042","SALARA",0.663039864761312,0.695929910592351,0.945018345066477,0.706038233415796,0.73259157915476
"029043","SAN BELLINO",0.625512831440728,0.666367104876172,0.940240204484359,0.675369991791041,0.704800015423632
"029044","SAN MARTINO DI VENEZZE",0.593532287072685,0.606391141607469,0.944534688105051,0.634419011716574,0.668876309093072
"029045","STIENTA",0.59114287366042,0.597611047233337,0.942478163329214,0.629187080735112,0.663997201023346
"029046","TAGLIO DI PO",0.548524654478487,0.555884135241164,0.939868324576941,0.590970787831537,0.629737180803249
"029047","TRECENTA",0.613342327750529,0.63473432142305,0.945512908881287,0.656185783016239,0.688333241445689
"029048","VILLADOSE",0.575615153612451,0.5836183449806,0.945478773687002,0.616202951735573,0.652789154174621
"029049","VILLAMARZANA",0.650735991788636,0.668222220108952,0.940329157363827,0.687564111090297,0.715649116231801
"029050","VILLANOVA DEL GHEBBO",0.618272275849348,0.633094845206223,0.937367341498391,0.656851938624846,0.688020316721907
"029051","VILLANOVA MARCHESANA",0.653692704578497,0.705135032866438,0.940321440468155,0.705504625897036,0.731595383071605
"029052","PORTO VIRO",0.513846486429047,0.512810285044613,0.940302496175642,0.556025796780711,0.598723207824592
"030001","AIELLO DEL FRIULI",0.606216473770748,0.613767593168099,0.942552620808575,0.643248092203339,0.676504150937254
"030002","AMARO",0.620803250227918,0.653646353030352,0.944467264034348,0.667949047869656,0.698673294110178
"030003","AMPEZZO",0.675145955674842,0.710611186229165,0.939492890848065,0.71754000294161,0.742201434931216
"030004","AQUILEIA",0.587413457037837,0.592610515541355,0.942387019750755,0.625249489635712,0.660486992981828
"030005","ARTA TERME",0.613696965516229,0.62575820562945,0.937347229926095,0.651489550008165,0.68325151444349
"030006","ARTEGNA",0.583768929172393,0.580650507635892,0.937179483241983,0.617706694887926,0.65320367137171
"030007","ATTIMIS",0.618800753410446,0.62815102846829,0.935546773654401,0.654682979210871,0.685890067482375
"030008","BAGNARIA ARSA",0.584935510350298,0.592821520980072,0.947565306627511,0.624747194761418,0.66061587385765
"030009","BASILIANO",0.5658215440553,0.567973706246508,0.948946220737453,0.605102484709559,0.643307344268214
"030010","BERTIOLO",0.614844760967299,0.635371237137747,0.945403688814736,0.657137568028745,0.689167137004966
"030011","BICINICCO",0.63359217649064,0.655644393435246,0.950682213915961,0.675224677858245,0.705831070753547
"030012","BORDANO",0.644843280946635,0.687971542574142,0.941944121706641,0.693961082755014,0.721514753749639
"030013","BUJA",0.544038751145231,0.536050444727278,0.941728366700118,0.580212974812641,0.620381351689027
"030014","BUTTRIO",0.559469667789658,0.549134354293988,0.941891015951276,0.593060911532768,0.631819812023713
"030015","CAMINO AL TAGLIAMENTO",0.635134303350009,0.65488845782833,0.943549463527897,0.674865188883042,0.704718997176915
"030016","CAMPOFORMIDO",0.500700865631303,0.465315059244614,0.937529629059995,0.528460129100162,0.573912295762365
"030018","CARLINO",0.623251626089262,0.648665372825939,0.954798599903143,0.667842509502155,0.699726519546709
"030019","CASSACCO",0.596749679479857,0.603892326753803,0.944207375179511,0.634709640323099,0.669098277529366
"030020","CASTIONS DI STRADA",0.584113513917461,0.593039971523785,0.94268857151614,0.623987925600174,0.659399108479726
"030021","CAVAZZO CARNICO",0.62002119348617,0.656223863822096,0.943811362640779,0.668691412052798,0.699260295451462
"030022","CERCIVENTO",0.649378976372054,0.694389623934914,0.938313357405374,0.698527205878673,0.725170111603862
"030023","CERVIGNANO DEL FRIULI",0.490606267291079,0.461973204890626,0.933557030704718,0.522016465552239,0.567743195013625
"030024","CHIOPRIS-VISCONE",0.646738898234754,0.689735725593045,0.940216882110732,0.695435268933583,0.722633225953266
"030025","CHIUSAFORTE",0.656334334688587,0.704634619249219,0.943563762179153,0.706792405489928,0.733100334010953
"030026","CIVIDALE DEL FRIULI",0.49358979239782,0.464178577105847,0.93067376393871,0.524063142670521,0.569242100589209
"030027","CODROIPO",0.482488334366035,0.454721235964528,0.935339195317754,0.515278226180529,0.561951667195776
"030028","COLLOREDO DI MONTE ALBANO",0.599186624302888,0.602836052879411,0.942071948116856,0.63511739954372,0.669223460496291
"030029","COMEGLIANS",0.694434970569279,0.729358932785996,0.931814676334598,0.733888724143333,0.75588049660903
"030030","CORNO DI ROSAZZO",0.591004281006666,0.599687780249029,0.943470872444472,0.63015851480951,0.664970998991173
"030031","COSEANO",0.620101771208902,0.6341313347998,0.945078032662352,0.658912700970151,0.690708848935951
"030032","DIGNANO",0.616939997926707,0.636230734649305,0.949484131391851,0.65887524279839,0.691165119308775
"030033","DOGNA",0.767500589641264,0.820211095898358,0.940661619644551,0.808536420457285,0.823216998144759
"030034","DRENCHIA",0.819754944961769,0.911665805795806,0.942207351103698,0.873360072951279,0.88100977052377
"030035","ENEMONZO",0.640225327729069,0.661830759803084,0.939446190238982,0.679869858413367,0.708711673060658
"030036","FAEDIS",0.594178794297085,0.600881540394286,0.937647996539712,0.631541950265088,0.665553733184491
"030037","FAGAGNA",0.534559705008092,0.518304916542668,0.940029985782365,0.567792078276079,0.609151845776777
"030039","FLAIBANO",0.662454105741916,0.69445081391623,0.952596581977538,0.70586687204392,0.733281284258766
"030040","FORNI AVOLTRI",0.67730892099955,0.735080217782647,0.942807214011743,0.729855833853163,0.753517098315227
"030041","FORNI DI SOPRA",0.65817760881315,0.683028294718061,0.931241021387298,0.696666758727775,0.722730565689944
"030042","FORNI DI SOTTO",0.679366799334963,0.742030479255937,0.947930287506757,0.734421804116581,0.758144968937712
"030043","GEMONA DEL FRIULI",0.505417423040479,0.483761786296252,0.936221596756795,0.538752803877208,0.582916003086051
"030044","GONARS",0.575541119780916,0.585477007870352,0.948821648774771,0.617340322320548,0.654171580815461
"030045","GRIMACCO",0.743652458814204,0.794304432170351,0.93102705346737,0.785183306289787,0.801388167087296
"030046","LATISANA",0.500901907562009,0.484116307016692,0.932284615777431,0.536486658138159,0.580464208986967
"030047","LAUCO",0.662966547996833,0.720275910334714,0.946463691689943,0.71710547541819,0.742589721670607
"030048","LESTIZZA",0.591592444880425,0.602218051896922,0.944939324871979,0.631708656037004,0.666512063685335
"030049","LIGNANO SABBIADORO",0.525599023864649,0.509789704651762,0.926556711092085,0.558580598941593,0.599466833624981
"030051","LUSEVERA",0.722658083303469,0.770132333910548,0.940172316928648,0.765772919439173,0.785150630271336
"030052","MAGNANO IN RIVIERA",0.603729577879136,0.610061691852317,0.942147649581567,0.64042083633731,0.673946037808894
"030053","MAJANO",0.551275247505035,0.549083738896969,0.941845080507731,0.589346051931675,0.628512610662348
"030054","MALBORGHETTO VALBRUNA",0.654106839995535,0.670271574705648,0.938150670008375,0.68978535361637,0.717381499882148
"030055","MANZANO",0.555649445535929,0.558949230201964,0.943978255131763,0.595967229595228,0.63463512132151
"030056","MARANO LAGUNARE",0.64917104524782,0.681385262485418,0.949426714977234,0.69369300997768,0.722107866088742
"030057","MARTIGNACCO",0.520364797443833,0.496689669844253,0.943001533622189,0.551974663641858,0.595422093639672
"030058","MERETO DI TOMBA",0.609871238248362,0.622181508007879,0.944032198529038,0.648826955668212,0.681627538208304
"030059","MOGGIO UDINESE",0.58797215387849,0.617421874638809,0.93759512251009,0.636186825083794,0.669676635908938
"030060","MOIMACCO",0.609097353743958,0.612585177981658,0.94566604864991,0.644323744141518,0.677806222420228
"030061","MONTENARS",0.648443264145911,0.680790221428801,0.931800690444274,0.691335137553048,0.71805353231874
"030062","MORTEGLIANO",0.560196973034256,0.558382843002316,0.941654945111695,0.597526411727627,0.635762915436968
"030063","MORUZZO",0.565930319604587,0.545890429191902,0.955870672254738,0.595906404183894,0.635902433969543
"030064","MUZZANA DEL TURGNANO",0.62354149795946,0.643113975128614,0.949389127853258,0.664933875674959,0.696540014805881
"030065","NIMIS",0.602822658918683,0.616154699410471,0.93971354534805,0.642511165782924,0.675533652401271
"030066","OSOPPO",0.599540696146658,0.605462090198406,0.941264487827042,0.636377702637983,0.670254012103434
"030067","OVARO",0.632000986487085,0.656441675050551,0.943782220868595,0.674177419778796,0.704133508788774
"030068","PAGNACCO",0.523353002236193,0.490227217187845,0.941609609190631,0.55027205965988,0.593754009607741
"030069","PALAZZOLO DELLO STELLA",0.623946602999337,0.645447661693083,0.943633563102964,0.665590775421885,0.69648441849756
"030070","PALMANOVA",0.538014905453991,0.5212097308595,0.938895192281319,0.570540605569203,0.611468892981661
"030071","PALUZZA",0.627829467115971,0.649896290900736,0.944506694742638,0.669427260581782,0.69999164215521
"030072","PASIAN DI PRATO",0.498869985968617,0.464765135843408,0.933801942705028,0.527015999085914,0.572214437265815
"030073","PAULARO",0.633168913063927,0.668446107490277,0.951657213538558,0.680892480603248,0.710977450929394
"030074","PAVIA DI UDINE",0.551715639918679,0.5460805408117,0.944979726954499,0.58850625402412,0.628114417683051
"030075","POCENIA",0.623803960212815,0.645691767694174,0.946768413190689,0.665949918877214,0.697151973800934
"030076","PONTEBBA",0.603144254056036,0.637948694162746,0.94068240170617,0.652560066869069,0.684573659628747
"030077","PORPETTO",0.617971936653234,0.641344360034262,0.954520461126608,0.662144379622034,0.69463061090032
"030078","POVOLETTO",0.547539468018663,0.539074984150602,0.939579792268783,0.582934482703048,0.622561739321463
"030079","POZZUOLO DEL FRIULI",0.536136131770245,0.52668169697591,0.944430986695721,0.572711121605342,0.614013328837607
"030080","PRADAMANO",0.559987684011012,0.542836338867489,0.938674299241066,0.590138240219432,0.628864468999614
"030081","PRATO CARNICO",0.640415918453842,0.686978115022622,0.939320122297014,0.69125932729411,0.718821637849988
"030082","PRECENICCO",0.648303341219825,0.673007930727478,0.942109759742714,0.688801048350558,0.716946460727464
"030083","PREMARIACCO",0.573383621961441,0.573042133900421,0.941554703065208,0.610047060444359,0.646881242957786
"030084","PREONE",0.753701336573944,0.806871253179754,0.948827434778749,0.797140408867039,0.813994522857229
"030085","PREPOTTO",0.637593689080844,0.674643640537619,0.928552598777174,0.683362058206026,0.71060545160282
"030086","PULFERO",0.679897790477169,0.718387133050718,0.939406095237196,0.723168825111269,0.747195188458594
"030087","RAGOGNA",0.596652255772028,0.602140075445843,0.94059748638209,0.633516297686251,0.667636429763566
"030088","RAVASCLETTO",0.664372174755856,0.714755393978147,0.934299712010022,0.714037377131303,0.738510969895605
"030089","RAVEO",0.65821567753169,0.696443964388314,0.934047477885097,0.703001586652511,0.728673352345021
"030090","REANA DEL ROJALE",0.556768332034404,0.550835390266195,0.940738385672481,0.592495513602518,0.631189166054736
"030091","REMANZACCO",0.540109615704644,0.527175721644176,0.942024787436045,0.574480880550573,0.615319092426737
"030092","RESIA",0.645491274073534,0.699092845611541,0.94714776595317,0.699777630453601,0.727263201064664
"030093","RESIUTTA",0.757900200646529,0.816745768492146,0.949377415590989,0.803528427671503,0.819733870773668
"030094","RIGOLATO",0.675751516023152,0.724115854140993,0.931741347672443,0.723114451341109,0.746295217600146
"030095","RIVE D'ARCANO",0.605021206612181,0.609512258604735,0.938543888031756,0.640394448150788,0.673522163693118
"030097","RONCHIS",0.616736055389056,0.632231411547341,0.940079380321245,0.656043298153503,0.687602862838808
"030098","RUDA",0.591812086907917,0.600654131701107,0.944417321848585,0.631051530558919,0.665869951813327
"030099","SAN DANIELE DEL FRIULI",0.514808055558136,0.494661341984115,0.942798183922464,0.54854104728626,0.592347395801393
"030100","SAN GIORGIO DI NOGARO",0.537729191337371,0.532340065085009,0.946643199907761,0.576195485380847,0.617356342550504
"030101","SAN GIOVANNI AL NATISONE",0.566329305321074,0.569718944856821,0.944755836210335,0.605697296201086,0.643370467313225
"030102","SAN LEONARDO",0.643917212333129,0.657251044752222,0.929293887510462,0.678455104439454,0.706326080336233
"030103","SAN PIETRO AL NATISONE",0.602250785187841,0.600189351372817,0.931745946134814,0.634272656065778,0.667325243851226
"030104","SANTA MARIA LA LONGA",0.615954273813509,0.632238796615691,0.947759742028236,0.656462855895964,0.688829176577327
"030105","SAN VITO AL TORRE",0.615652397719003,0.652822798539508,0.941528963381412,0.664966734654471,0.695695871179687
"030106","SAN VITO DI FAGAGNA",0.631651421118131,0.640416565226739,0.944043310187838,0.666834924873975,0.697635856575516
"030107","SAURIS",0.682224469313132,0.73393391593326,0.941884656227816,0.731459738983658,0.75484028534412
"030108","SAVOGNA",0.752178568216631,0.813162466819696,0.946260387630071,0.799029504529355,0.815388491540545
"030109","SEDEGLIANO",0.594230542079601,0.606690042223671,0.944988093970831,0.634913072333556,0.669365852515475
"030110","SOCCHIEVE",0.662308553105772,0.685101851945264,0.93204452587057,0.699539134860024,0.725373067194529
"030111","STREGNA",0.680090005032573,0.723985548367363,0.919575146244829,0.723791513654454,0.74554525060894
"030112","SUTRIO",0.6142620886214,0.650748502433425,0.938469632522508,0.663101729226922,0.693698162926432
"030113","TAIPANA",0.666897761612531,0.721485433731301,0.937406612747464,0.718513099179471,0.742834600687026
"030114","TALMASSONS",0.588828047397106,0.602718136303038,0.944839593770692,0.630679742042134,0.665586392234196
"030116","TARCENTO",0.514098564968244,0.496725010675577,0.937232940693413,0.548593903109061,0.591776018396211
"030117","TARVISIO",0.557472953158801,0.553122342877428,0.935153924229875,0.59328327563929,0.631268903260466
"030118","TAVAGNACCO",0.464751111655054,0.418936231891532,0.931294862025793,0.490788790798543,0.539733909823793
"030120","TERZO D'AQUILEIA",0.604502290679649,0.615989129435366,0.946755928575513,0.643896731909308,0.677547753761109
"030121","TOLMEZZO",0.496721379273474,0.468117279354231,0.931746991562963,0.527352095538763,0.572284861763675
"030122","TORREANO",0.619667941461779,0.634281414659275,0.943408811239228,0.658618091378397,0.690261504696267
"030123","TORVISCOSA",0.622054078319522,0.642858934303226,0.951657347457845,0.664376590426021,0.696296674540668
"030124","TRASAGHIS",0.630474021695122,0.650664618622911,0.94595567617689,0.671107955760804,0.701646591362591
"030126","TREPPO GRANDE",0.623330211121777,0.631900826196337,0.94154131949721,0.659008098742872,0.690400678826688
"030127","TRICESIMO",0.515686368676275,0.492054321498279,0.939144437255746,0.547397754304124,0.59092516352097
"030128","TRIVIGNANO UDINESE",0.608226771695043,0.647408440877504,0.949161626618477,0.659952008319494,0.692086410352714
"030129","UDINE",0.334645829066075,0.248047025686931,0.891060375047476,0.3513178221436,0.411289216910697
"030130","VARMO",0.605856518194695,0.619287880697306,0.942684344099503,0.645583413911351,0.678594628376701
"030131","VENZONE",0.631174725405997,0.650906116421472,0.948648195273907,0.671801198349752,0.702561975785769
"030132","VERZEGNIS",0.659249886852265,0.67666199489348,0.935514203948657,0.694711767180451,0.721467593488029
"030133","VILLA SANTINA",0.621010547338455,0.63711239951256,0.94469244081026,0.660624570163983,0.692187666902458
"030135","VISCO",0.627692929033396,0.660305241247822,0.942124824982071,0.673811659124755,0.703624233108902
"030136","ZUGLIO",0.661772305293728,0.710801134377135,0.951604471285078,0.712818494980396,0.73935027012536
"030137","FORGARIA NEL FRIULI",0.632384435427911,0.654962260799449,0.941046176870414,0.673410630989354,0.703147913865027
"030138","CAMPOLONGO TAPOGLIANO",0.651062132590423,0.675380640589228,0.943489009200723,0.691248148850915,0.719274911112005
"030188","RIVIGNANO TEOR",0.564708570572419,0.569895149686291,0.944343923504061,0.605006066466826,0.642710272804296
"030189","SAPPADA",0.63206566642373,0.643391547748547,0.926657313237261,0.666621477701251,0.695514348316363
"030190","FIUMICELLO VILLA VICENTINA",0.556950198414222,0.55395645476992,0.944617504627258,0.594369744395589,0.633286162199108
"030191","TREPPO LIGOSULLO",0.691075144980281,0.73565896589506,0.945956571491678,0.736626007043071,0.759884958648472
"031001","CAPRIVA DEL FRIULI",0.606910455048766,0.605459604434673,0.939456356288385,0.639512162396386,0.672839295051052
"031002","CORMONS",0.525933167502164,0.510067371208895,0.930230923322094,0.559223334752186,0.600446400148843
"031003","DOBERDÒ DEL LAGO-DOBERDOB",0.619151494846909,0.62002106651154,0.937327982933539,0.651360450904656,0.683134621130087
"031004","DOLEGNA DEL COLLIO",0.676615182505314,0.718502298900048,0.930834610167821,0.720886327649195,0.744213914595709
"031005","FARRA D'ISONZO",0.597725806338857,0.587476643922151,0.930769429055776,0.626418045523031,0.660234865915559
"031006","FOGLIANO REDIPUGLIA",0.588388332160561,0.587464649092325,0.940294221123547,0.623163263676153,0.658400036725864
"031007","GORIZIA",0.411008784205846,0.352362032544718,0.909827810903259,0.43449964862808,0.487313888880877
"031008","GRADISCA D'ISONZO",0.51902664499914,0.489911938367813,0.928418419025323,0.546864204417661,0.589259117151846
"031009","GRADO",0.517590338016847,0.498086522795654,0.923316801444689,0.549386267510094,0.590934104613938
"031010","MARIANO DEL FRIULI",0.623031083999992,0.630106088859213,0.935781641614758,0.657489891948118,0.688411197466633
"031011","MEDEA",0.648138521762881,0.661404123707114,0.935167600605075,0.682810950522006,0.710850578309013
"031012","MONFALCONE",0.447740014907334,0.410182212940838,0.9243444799559,0.478499450527267,0.528037787130449
"031013","MORARO",0.694506847125876,0.717194623586575,0.940996284713619,0.729365290291965,0.752879845227704
"031014","MOSSA",0.617024580160506,0.615993791993583,0.934700842106583,0.648328351679998,0.680147517282952
"031015","ROMANS D'ISONZO",0.567275202709559,0.560520222371176,0.937407971861619,0.601248738472493,0.638599764404618
"031016","RONCHI DEI LEGIONARI",0.494574670173242,0.46591126917466,0.930939133419569,0.525312586048513,0.570382202423075
"031017","SAGRADO",0.58783922618358,0.571680268437849,0.925340884422236,0.614317861021866,0.648875974733019
"031018","SAN CANZIAN D'ISONZO",0.551994784964502,0.547828767252579,0.943775353502213,0.589298133847908,0.628684491587275
"031019","SAN FLORIANO DEL COLLIO-ŠTEVERJAN",0.638153859479016,0.642950385414286,0.905433524078998,0.667040262609886,0.693528402773121
"031020","SAN LORENZO ISONTINO",0.611962496519339,0.613221925143345,0.938252452879879,0.645158235036196,0.67772425924105
"031021","SAN PIER D'ISONZO",0.612846105445798,0.624859349149332,0.945737090178324,0.651541163585641,0.684229599873717
"031022","SAVOGNA D'ISONZO-SOVODNJE OB SOCI",0.609947036934092,0.612218078718044,0.934869496505004,0.643461251693962,0.675839945561855
"031023","STARANZANO",0.524390529754204,0.49924219142779,0.936078145683922,0.554242539100289,0.596668717609582
"031024","TURRIACO",0.589550052125173,0.589693995354628,0.943328427993149,0.624992664165225,0.66036330459055
"031025","VILLESSE",0.625746312191863,0.640384972101792,0.943184483926197,0.664077526324764,0.695089410502701
"032001","DUINO AURISINA-DEVIN NABREŽINA",0.48650439667678,0.43818865043317,0.924292140582249,0.508541085257702,0.55473564696043
"032002","MONRUPINO-REPENTABOR",0.620281349278369,0.609865033539756,0.927727250867157,0.646338597354872,0.677604003300682
"032003","MUGGIA",0.48903583067376,0.460010438018014,0.931832622851122,0.520254083196411,0.565985032046934
"032004","SAN DORLIGO DELLA VALLE-DOLINA",0.536562218579179,0.52132989934168,0.935390015707305,0.569590454635117,0.610234850309805
"032005","SGONICO-ZGONIK",0.573578806381625,0.551335871437132,0.927944468382622,0.599006051856703,0.635554764804027
"032006","TRIESTE",0.299608822048868,0.208033590282327,0.848938238331867,0.313332909382225,0.372844612598852
"033001","AGAZZANO",0.6033953085031,0.610507673113231,0.942839098748736,0.640540251602223,0.67412901239628
"033002","ALSENO",0.573144184360832,0.576874857097294,0.950809550856909,0.612589523741848,0.650169526754633
"033003","BESENZONE",0.645221778421377,0.693597166836753,0.958067206387831,0.698275246004942,0.727141019380818
"033004","BETTOLA",0.613174256499981,0.634125527673851,0.947941939674783,0.656079096845703,0.688508301604489
"033005","BOBBIO",0.584376404553547,0.596725021319414,0.945610524749527,0.626056694117785,0.66156267529909
"033006","BORGONOVO VAL TIDONE",0.536331438049834,0.529876590057276,0.944312409968501,0.574224853645049,0.615345693236544
"033007","CADEO",0.549152740332145,0.542955570679893,0.947985305531693,0.586247270508586,0.626440385511154
"033008","CALENDASCO",0.608653420011224,0.623650122192504,0.950819205333214,0.649618514524999,0.683085257948134
"033010","CAORSO",0.575071927037157,0.580709621347031,0.952441637714624,0.615345860544347,0.6528009468966
"033011","CARPANETO PIACENTINO",0.529827252902041,0.520003554824083,0.945716233264205,0.566995486803176,0.60907556974329
"033012","CASTELL'ARQUATO",0.54733413072179,0.53811951235951,0.942521262329808,0.582706265619566,0.622685709698482
"033013","CASTEL SAN GIOVANNI",0.500151715073489,0.481782849557278,0.942546061107251,0.53612516019457,0.581283038073757
"033014","CASTELVETRO PIACENTINO",0.551719868326443,0.547078103795383,0.945292842133032,0.588988371668125,0.628577757275337
"033015","CERIGNALE",0.764913496972921,0.837345204832408,0.952139683307474,0.816230384143145,0.831331417383626
"033016","COLI",0.67633988636207,0.713443706625044,0.946601773254148,0.720062794169616,0.745233791845675
"033017","CORTE BRUGNATELLA",0.729399188526923,0.7789737181241,0.944127735127407,0.773180581505701,0.79217470968589
"033018","CORTEMAGGIORE",0.570058586330037,0.56968307727845,0.945001509044823,0.607383899528302,0.64489696725236
"033019","FARINI",0.673180858990533,0.717125885054584,0.93968030191151,0.719606065011454,0.744058758000349
"033020","FERRIERE",0.663036863420421,0.700244799965597,0.941973489187252,0.707674097442433,0.733707363191858
"033021","FIORENZUOLA D'ARDA",0.484975708678864,0.458442380585908,0.939074718504903,0.518445612019638,0.56518217940689
"033022","GAZZOLA",0.577105281290981,0.56766457202265,0.949956372511448,0.610142071242279,0.647899215827742
"033023","GOSSOLENGO",0.527593421289902,0.502889927660876,0.943544833983559,0.558071990426206,0.600902306377023
"033024","GRAGNANO TREBBIENSE",0.561595116701108,0.554422577834374,0.947603172236597,0.596968279764627,0.635927712261512
"033025","GROPPARELLO",0.61375657492336,0.635488859899241,0.944863014591873,0.656646747129358,0.688670776847415
"033026","LUGAGNANO VAL D'ARDA",0.590018852164806,0.60183892949365,0.949469739577859,0.631282975704091,0.666637060578954
"033027","MONTICELLI D'ONGINA",0.56376791073728,0.564044878309848,0.946071266654723,0.60212288173668,0.640339368949796
"033028","MORFASSO",0.680246896987943,0.723966504277111,0.938078038941327,0.725703834463407,0.749300968294287
"033030","OTTONE",0.700757093013643,0.764055231689865,0.952700864819881,0.754435632598567,0.77646510284538
"033032","PIACENZA",0.347111533257377,0.27525874337468,0.900570479360772,0.370123672420503,0.429062206524977
"033033","PIANELLO VAL TIDONE",0.606214240143183,0.619880116284312,0.943806178496752,0.646123078242048,0.679198978270349
"033034","PIOZZANO",0.683853030691498,0.712579835280513,0.948907703211082,0.723285560008513,0.748354687031021
"033035","PODENZANO",0.518801008556704,0.504085835393504,0.947162984706646,0.555015378248258,0.598587334521413
"033036","PONTE DELL'OLIO",0.572930413448679,0.576209339456489,0.946738020719607,0.611786690879286,0.649003505305989
"033037","PONTENURE",0.548462549994767,0.541416534939507,0.950421183228044,0.585487706543228,0.626035870619319
"033038","RIVERGARO",0.518723399854164,0.496126232501609,0.943915147029409,0.551073849263039,0.594722882348191
"033039","ROTTOFRENO",0.509179350058124,0.489112331494638,0.944645684289915,0.543695825127734,0.588245809479088
"033040","SAN GIORGIO PIACENTINO",0.555876366131611,0.552687920430883,0.951010464869493,0.593954975440072,0.633627807598896
"033041","SAN PIETRO IN CERRO",0.683397220034203,0.723215819862525,0.953785010349306,0.728354368988458,0.753402218028552
"033042","SARMATO",0.607641915012731,0.617127745566838,0.951036444693187,0.646249991730125,0.680115153170465
"033043","TRAVO",0.581522996639085,0.5778002675536,0.938467595212945,0.615542228408003,0.651422824719663
"033044","VERNASCA",0.611854107854831,0.623665313508737,0.941869676980471,0.650170707311653,0.682581703941522
"033045","VIGOLZONE",0.569193447608846,0.570272669190099,0.949392030895429,0.607698955649068,0.645664852898664
"033046","VILLANOVA SULL'ARDA",0.61652613995369,0.627041646126288,0.943151332714298,0.65392063700742,0.686057380974851
"033047","ZERBA",0.835469596947315,0.931352317743791,0.950907379184833,0.890160599529481,0.896910241713409
"033048","ZIANO PIACENTINO",0.596566018138697,0.600780106148842,0.933129638152529,0.632118719744645,0.665564377345521
"033049","ALTA VAL TIDONE",0.597638176791404,0.610519655065147,0.944416076295786,0.638112631965026,0.672146348001777
"034001","ALBARETO",0.616394433077817,0.63165337611097,0.939172594908828,0.655538773625837,0.687053642657281
"034002","BARDI",0.636845170652377,0.666073010231806,0.940640809824127,0.680377262380295,0.709295434318498
"034003","BEDONIA",0.597963502415611,0.611468101369471,0.936080224470842,0.637852244150371,0.670988686408201
"034004","BERCETO",0.617634581629552,0.632756110586489,0.940182940248794,0.656694105522098,0.688192864936175
"034005","BORE",0.698936913673191,0.752139822527968,0.944982813217484,0.74748281261227,0.76942725712396
"034006","BORGO VAL DI TARO",0.537778368582495,0.528702809543213,0.937647431040429,0.573681273260612,0.614121957458369
"034007","BUSSETO",0.549210359643676,0.545012427302673,0.950534042742107,0.587453658400068,0.627795923326961
"034008","CALESTANO",0.612388440032242,0.622634285368038,0.95107468565482,0.650867694995608,0.684224027291076
"034009","COLLECCHIO",0.48044235103959,0.448109414839854,0.950026731210509,0.512850967766801,0.56142605259388
"034010","COLORNO",0.528799139327131,0.516189617681316,0.951278280215136,0.565372768675315,0.608251158846406
"034011","COMPIANO",0.626588986156461,0.669266237417438,0.938926585140069,0.677027509122261,0.706127406457573
"034012","CORNIGLIO",0.627975548138126,0.658208481304977,0.957763525357165,0.674559165785113,0.706026316848675
"034013","FELINO",0.516148358541148,0.499221635503262,0.952228826819527,0.552139380001937,0.596593762981669
"034014","FIDENZA",0.446221818816898,0.405387179002951,0.936450478868849,0.476869096905817,0.52793369490171
"034015","FONTANELLATO",0.538759581577079,0.534949912162747,0.952097607261551,0.578379032909077,0.619903318948241
"034016","FONTEVIVO",0.558437875813358,0.553154602259077,0.947617064626634,0.59497832159526,0.634160404154301
"034017","FORNOVO DI TARO",0.55194407551367,0.55019557835219,0.951230799436266,0.591085924183264,0.631102021433597
"034018","LANGHIRANO",0.516705178214275,0.503518034228281,0.951068313057114,0.554207276904862,0.598302947588445
"034019","LESIGNANO DE' BAGNI",0.537879756135971,0.522820186293165,0.947373627376587,0.57205233683077,0.613754702446972
"034020","MEDESANO",0.514700990956396,0.499149519532346,0.947000248395366,0.55093275455947,0.59494025387457
"034022","MONCHIO DELLE CORTI",0.680606387842707,0.727565778021118,0.950796835658594,0.728757158204581,0.753428233477249
"034023","MONTECHIARUGOLO",0.496254324658021,0.46944538855033,0.946780648157368,0.529242935759495,0.575636014914814
"034024","NEVIANO DEGLI ARDUINI",0.588326929125669,0.598772806323051,0.94982809585688,0.629177690537612,0.664805513350864
"034025","NOCETO",0.490055463575791,0.463433590007746,0.944828625421098,0.523552936654702,0.570361346517634
"034026","PALANZANO",0.664796302654737,0.699256145223685,0.94843921112695,0.708667522657985,0.735308821376759
"034027","PARMA",0.297925051707831,0.204415575468138,0.867250939674877,0.312778376196674,0.374386438805363
"034028","PELLEGRINO PARMENSE",0.670609542530345,0.700367118538518,0.942620139643201,0.711201511445308,0.736914692356185
"034030","ROCCABIANCA",0.598881182344752,0.611073573062374,0.951608648988222,0.639640504832029,0.674303631960495
"034031","SALA BAGANZA",0.53511487571615,0.521677023901567,0.952739265040541,0.570830281332027,0.613264612855195
"034032","SALSOMAGGIORE TERME",0.465711816849628,0.433433243385556,0.930122624096647,0.497627539515498,0.545682548913403
"034033","SAN SECONDO PARMENSE",0.548082649369365,0.538399397961903,0.945944918364842,0.583511413135555,0.623781802605475
"034035","SOLIGNANO",0.635377822884277,0.663217572891959,0.962859762048753,0.680653904304182,0.712010110720245
"034036","SORAGNA",0.562372125869338,0.561941992645975,0.94778871268407,0.600720224600298,0.639283389942939
"034038","TERENZO",0.655573756516044,0.680569529980328,0.950891256962578,0.696353604619625,0.724635565991064
"034039","TIZZANO VAL PARMA",0.610659797915178,0.624635796463959,0.945700155918041,0.650453033062416,0.683258268935263
"034040","TORNOLO",0.623914809066217,0.66140788315498,0.927102133483463,0.671105424847885,0.699549503585172
"034041","TORRILE",0.538021604420165,0.529254405936884,0.952096562043824,0.575483860865055,0.617329716551584
"034042","TRAVERSETOLO",0.50507556522871,0.478894230232097,0.94253674551426,0.537040082508789,0.582095267287175
"034044","VALMOZZOLA",0.677578871754968,0.733456914474207,0.945594486702805,0.729525552473409,0.753533211832231
"034045","VARANO DE' MELEGARI",0.60150725067342,0.609244266612014,0.957860815484044,0.64062426432685,0.675872770010982
"034046","VARSI",0.670726486800753,0.715859358639022,0.957522236931639,0.719715854141063,0.746138785562238
"034049","SISSA TRECASALI",0.536202843877327,0.528645748404989,0.949487970789607,0.574130663606003,0.615837031070848
"034050","POLESINE ZIBELLO",0.597464426832473,0.607548851367773,0.948978929470015,0.637153868137112,0.671801097174102
"034051","SORBOLO MEZZANI",0.503506699682675,0.487204542319853,0.949969299162094,0.540816988817347,0.58627835663343
"035001","ALBINEA",0.489986659901369,0.451575600574694,0.944985706796806,0.518201587893909,0.565622045549786
"035002","BAGNOLO IN PIANO",0.524331361783851,0.51369099678832,0.951652534809029,0.56227531483838,0.605539450390674
"035003","BAISO",0.604550523098577,0.622804848552789,0.963853785349043,0.648695295778019,0.683712905730355
"035004","BIBBIANO",0.523192556470948,0.51291804964461,0.951986666127459,0.561448439364747,0.604841575671715
"035005","BORETTO",0.559648834269131,0.557624847591037,0.95440437649488,0.598213594486563,0.637790348043043
"035006","BRESCELLO",0.563476563187271,0.564206682288953,0.955617405927034,0.603019201057004,0.642196779375896
"035008","CADELBOSCO DI SOPRA",0.532692092175088,0.527683601825956,0.953990392582474,0.572568101558717,0.614948356116912
"035009","CAMPAGNOLA EMILIA",0.565766194456064,0.572281636059442,0.955762580236162,0.607697781755594,0.646371648253435
"035010","CAMPEGINE",0.572804364906226,0.576353854818144,0.95288878902083,0.61241007777805,0.650241045693914
"035011","CARPINETI",0.576360155818117,0.582752080209269,0.948378347955652,0.616438341007889,0.653320564002085
"035012","CASALGRANDE",0.497040751894335,0.482462802839078,0.957906606084547,0.536567260238491,0.583382743110275
"035013","CASINA",0.568511948281958,0.569857565827107,0.945475466769864,0.606813828026066,0.644442898997599
"035014","CASTELLARANO",0.49522395369495,0.476757400976659,0.960755041052211,0.533467113707445,0.580943550079085
"035015","CASTELNOVO DI SOTTO",0.542873585014355,0.541617592750987,0.953155867013601,0.583336616695764,0.624427644508857
"035016","CASTELNOVO NE' MONTI",0.505868216511988,0.487149394375901,0.937974151843049,0.540655340083855,0.584801874723765
"035017","CAVRIAGO",0.516052432564744,0.504181475941264,0.950933730443932,0.554198631872097,0.59828030949119
"035018","CANOSSA",0.583866537061038,0.591568474583072,0.964586857742354,0.625404441014085,0.663091376206115
"035020","CORREGGIO",0.454035391947109,0.419866457624938,0.943334855005237,0.487589317807944,0.538227710829866
"035021","FABBRICO",0.556267227787265,0.555510328049807,0.956857105211246,0.595985610647807,0.636082443377078
"035022","GATTATICO",0.557806299180047,0.555234217310745,0.950740840113054,0.595942316432162,0.635364374618928
"035023","GUALTIERI",0.559336579919184,0.559088839664182,0.950334716570689,0.598324910469583,0.637437111147484
"035024","GUASTALLA",0.489736832138035,0.466358165030235,0.946903013150756,0.524933050040797,0.571818601497459
"035026","LUZZARA",0.540202959143315,0.535922924400029,0.954023619420463,0.579659009536551,0.62125507730143
"035027","MONTECCHIO EMILIA",0.511802595595799,0.493532244546194,0.950321481214793,0.547432826185376,0.592198232299756
"035028","NOVELLARA",0.508151909890838,0.495329356051869,0.949954083762488,0.546561978050467,0.59138332312958
"035029","POVIGLIO",0.549634496145251,0.543359673779567,0.950967629047726,0.58694413937094,0.627391193779472
"035030","QUATTRO CASTELLA",0.489086189771436,0.46329231720337,0.94787294257839,0.523357622396502,0.5705259913056
"035032","REGGIOLO",0.530897032180104,0.527792792245891,0.954850169583763,0.571895437950074,0.614445963687151
"035033","REGGIO NELL'EMILIA",0.326401835002488,0.253445964696253,0.881437380776557,0.349075247942089,0.408226596034808
"035034","RIO SALICETO",0.565800070750171,0.570009636139908,0.954540521638626,0.606568420264399,0.645231987083757
"035035","ROLO",0.582348520767816,0.584081050697112,0.949004323608678,0.619793739520086,0.656372693307707
"035036","RUBIERA",0.488812930366446,0.464007192403104,0.951232157880112,0.523892271034309,0.571374480683843
"035037","SAN MARTINO IN RIO",0.528212427011525,0.516461514970177,0.952101615343111,0.565313435426077,0.608289899861303
"035038","SAN POLO D'ENZA",0.549557054542004,0.548637727263634,0.953507856410875,0.589538437453625,0.62997948400443
"035039","SANT'ILARIO D'ENZA",0.51488130391676,0.498142703134993,0.949120271058213,0.55077283027911,0.595033657032344
"035040","SCANDIANO",0.458034518765221,0.430095721745917,0.94482336396119,0.494140944626131,0.544216768996693
"035041","TOANO",0.593728617499218,0.611378018821002,0.956587234922151,0.637956709836314,0.673360101512518
"035042","VETTO",0.627167544200126,0.648863528967659,0.946396206536964,0.668853603579199,0.699691670574507
"035043","VEZZANO SUL CROSTOLO",0.572190573010345,0.57281958959928,0.949336953476313,0.610188268521963,0.647871455739113
"035044","VIANO",0.582848715935771,0.586101540062382,0.949845711038684,0.621012186303037,0.657549244606998
"035045","VILLA MINOZZO",0.59263400446468,0.612491642707716,0.950577303486288,0.637364271576207,0.672165719566216
"035046","VENTASSO",0.585827377525904,0.600158818978564,0.944439098647529,0.628137698291764,0.663282298331293
"036001","BASTIGLIA",0.568065910656295,0.570701621634284,0.953379006591688,0.607783290189929,0.646182814234569
"036002","BOMPORTO",0.519864721948056,0.506832645206634,0.947704089087165,0.556784224128327,0.600219764679309
"036003","CAMPOGALLIANO",0.526430459366276,0.5147731702591,0.949708375697093,0.563512470901129,0.606423126989569
"036004","CAMPOSANTO",0.597414936468365,0.60309355045217,0.951637452563155,0.635392564370556,0.670530885280845
"036005","CARPI",0.392047359087946,0.34458160524034,0.918698243377939,0.423352858285523,0.478391234406902
"036006","CASTELFRANCO EMILIA",0.448623354879911,0.416311576785125,0.938848126161954,0.483105531865462,0.533743597898405
"036007","CASTELNUOVO RANGONE",0.475498989875816,0.443939251563754,0.954764324618571,0.509223641109663,0.558728161499542
"036008","CASTELVETRO DI MODENA",0.51110516933276,0.49758697217868,0.958247160913772,0.549736179771525,0.595126288787331
"036009","CAVEZZO",0.541589222784719,0.539034841629248,0.947621461017361,0.581042975088021,0.621773917969059
"036010","CONCORDIA SULLA SECCHIA",0.540268010236218,0.536345212042309,0.944593846359394,0.578935334661277,0.61956405818329
"036011","FANANO",0.588752290964281,0.595381691798134,0.935950304360311,0.626455322679118,0.660843653977029
"036012","FINALE EMILIA",0.494252578462597,0.474937905348943,0.940731972848028,0.530208914999996,0.575822588094222
"036013","FIORANO MODENESE",0.500169438228788,0.487314817854835,0.957271407405013,0.540095055978132,0.586447983914452
"036014","FIUMALBO",0.649994418585518,0.674430869087391,0.930624130109421,0.689053792463751,0.715894941091048
"036015","FORMIGINE",0.429827239919608,0.385883365765041,0.942556272225694,0.461325399780661,0.514795496718998
"036016","FRASSINORO",0.635677228755739,0.661781381644064,0.945138178647816,0.678370192544693,0.708011079889485
"036017","GUIGLIA",0.575032656638135,0.579486159549212,0.945518063037609,0.614085273588067,0.65091113908246
"036018","LAMA MOCOGNO",0.604135090769252,0.620575419578456,0.941148824091732,0.645234612065642,0.67811396895743
"036019","MARANELLO",0.489493575547801,0.471095549624379,0.956623592023716,0.527927465529852,0.575560368473615
"036020","MARANO SUL PANARO",0.564597702790895,0.56601690028942,0.956329823821941,0.604409553768336,0.643511805996514
"036021","MEDOLLA",0.540870280549722,0.53000592493018,0.949592278280537,0.57685352029401,0.618268937848068
"036022","MIRANDOLA",0.458187386606013,0.424979403187015,0.939897012504305,0.491414756657293,0.541246118418072
"036023","MODENA",0.307520343309731,0.222160528753412,0.873432356832533,0.325699628111668,0.386558820191764
"036024","MONTECRETO",0.64637827163576,0.697574172125547,0.951722462445956,0.699950845937184,0.727925469993714
"036025","MONTEFIORINO",0.629369064223317,0.655116997975501,0.956698318583496,0.673688559847818,0.705134088596227
"036026","MONTESE",0.601155015690647,0.619706639805789,0.94763224677789,0.644150969651185,0.677871111554152
"036027","NONANTOLA",0.491210680489938,0.468226328478718,0.946163309481102,0.526362984984006,0.573007465483683
"036028","NOVI DI MODENA",0.534152471470345,0.534417121121599,0.946328239401551,0.57548914060653,0.616693484917088
"036029","PALAGANO",0.618843880709207,0.634573678850064,0.941410122541165,0.658178914055788,0.689649048331941
"036030","PAVULLO NEL FRIGNANO",0.482948948009038,0.459405901934147,0.942117805426158,0.518271463017049,0.565365501062506
"036031","PIEVEPELAGO",0.616211225504965,0.630806643589439,0.935254318238545,0.654683472916336,0.685858011285471
"036032","POLINAGO",0.65323319101785,0.687807359478937,0.952769625003305,0.698745210223885,0.726970145199376
"036033","PRIGNANO SULLA SECCHIA",0.586803562936496,0.5947584418455,0.958322248513633,0.627535127003261,0.664289251615525
"036034","RAVARINO",0.552850561177554,0.546073387929504,0.95030145887722,0.589545922985898,0.629629871418267
"036035","RIOLUNATO",0.654090003321012,0.699606654914259,0.944286357290896,0.703592131934961,0.730335934752287
"036036","SAN CESARIO SUL PANARO",0.547026210785266,0.538634704480076,0.949613621225732,0.583508773991977,0.624187090351284
"036037","SAN FELICE SUL PANARO",0.513661364884026,0.499206957205954,0.944474349131464,0.550238179853638,0.594042198662285
"036038","SAN POSSIDONIO",0.584388420490777,0.59338191361974,0.946142737468764,0.624610924096609,0.66033668113796
"036039","SAN PROSPERO",0.562769652473902,0.563444884441449,0.953841235851113,0.602180665197019,0.641254061936363
"036040","SASSUOLO",0.433319223833279,0.399826614420046,0.943452275947539,0.46926085480875,0.521948790490838
"036041","SAVIGNANO SUL PANARO",0.530039540433487,0.52394842907706,0.9492333552787,0.569217921807616,0.611441858859958
"036042","SERRAMAZZONI",0.529276503942308,0.52074984337549,0.949722465065103,0.567484102799519,0.60995503194014
"036043","SESTOLA",0.598256952678723,0.61010802557003,0.937854047821688,0.637549644994108,0.670916800863839
"036044","SOLIERA",0.495525891563953,0.478937348904496,0.945173380077736,0.533025796218576,0.578819972202927
"036045","SPILAMBERTO",0.509379105621172,0.494983400656909,0.949358507094472,0.546898978534583,0.591616703930127
"036046","VIGNOLA",0.459125579558676,0.430481527403898,0.94135117484009,0.494458315617167,0.544113077753048
"036047","ZOCCA",0.569680891363492,0.576015386125242,0.943452552086791,0.609908580078609,0.646969021412852
"037001","ANZOLA DELL'EMILIA",0.501823096174539,0.481445451175099,0.948790214796654,0.537349867787003,0.583065461899186
"037002","ARGELATO",0.51280555120398,0.492780429814469,0.945271126888264,0.547040804147128,0.591288617785032
"037003","BARICELLA",0.55096797372604,0.546054435383029,0.945097950608481,0.588169879159929,0.627828553765324
"037005","BENTIVOGLIO",0.547323740951579,0.536997648231503,0.948823121928279,0.582826937325215,0.623493180058889
"037006","BOLOGNA",0.238872731871361,0.116813199706325,0.777430640212107,0.237801733231169,0.297760500673495
"037007","BORGO TOSSIGNANO",0.59863240935018,0.602926002143588,0.945026884095476,0.635203973581743,0.669628741416602
"037008","BUDRIO",0.466059292771559,0.430367797189661,0.939298184195456,0.497322008902095,0.546430472823579
"037009","CALDERARA DI RENO",0.490170973818483,0.463470522425317,0.946733305506819,0.523812003860392,0.570803259598884
"037010","CAMUGNANO",0.624351769978016,0.64242258075365,0.943417863587266,0.664390244187976,0.69539331301012
"037011","CASALECCHIO DI RENO",0.41180265161695,0.352434165709431,0.929119891588129,0.436818556955684,0.491518705248178
"037012","CASALFIUMANESE",0.58407855299006,0.589988474085148,0.947534866742798,0.623083648858123,0.659133784178643
"037013","CASTEL D'AIANO",0.62410274676185,0.642854431635239,0.941750706621081,0.664305800940798,0.695133012683052
"037014","CASTEL DEL RIO",0.638430395595257,0.653423457244537,0.936228017760289,0.674957035553936,0.703987144687975
"037015","CASTEL DI CASIO",0.579110447711896,0.579297049359102,0.94448104738762,0.615731478420711,0.652259208305923
"037016","CASTEL GUELFO DI BOLOGNA",0.554740441806661,0.545015893522635,0.944440274108343,0.589334378309017,0.628790588953387
"037017","CASTELLO D'ARGILE",0.544117602327087,0.532870973073822,0.949099916277404,0.579554850558149,0.620615413415844
"037019","CASTEL MAGGIORE",0.455684177687409,0.412403785953404,0.938851717309933,0.484524755369359,0.535005528918312
"037020","CASTEL SAN PIETRO TERME",0.457544445573486,0.421404526241069,0.937120506978618,0.489239088014412,0.539003690121546
"037021","CASTENASO",0.46475244783705,0.421622517561867,0.940217523853368,0.49289048681485,0.542593490930241
"037022","CASTIGLIONE DEI PEPOLI",0.563476258947526,0.569486727182588,0.946450013386429,0.604478345097194,0.642475197129331
"037024","CREVALCORE",0.496759334165816,0.474958054467926,0.94166004602232,0.531438829487416,0.577018964657961
"037025","DOZZA",0.534363741461044,0.517696785783785,0.943166750757232,0.567743912335896,0.609457561049378
"037026","FONTANELICE",0.635518181483614,0.652858821651381,0.946464165556963,0.674416067966444,0.704643634365391
"037027","GAGGIO MONTANO",0.570372713827005,0.57188964529938,0.946395241499824,0.608657585756856,0.646183991950519
"037028","GALLIERA",0.564605999051427,0.561658190331425,0.943524190444833,0.601171304266767,0.639210513842108
"037030","GRANAROLO DELL'EMILIA",0.484294112002314,0.447240200000677,0.942715454788776,0.513461985880224,0.561156815758952
"037031","GRIZZANA MORANDI",0.572829303286928,0.572235576320251,0.943557091218031,0.609634904945034,0.646737370086478
"037032","IMOLA",0.379173058088019,0.317763106040872,0.91302583423501,0.404923857281502,0.461379632498558
"037033","LIZZANO IN BELVEDERE",0.604396502668139,0.611017451726545,0.936811897810451,0.640617469258653,0.673527961319964
"037034","LOIANO",0.556885713662136,0.548012328915797,0.938092545981814,0.591013373758251,0.629577726227536
"037035","MALALBERGO",0.523076594889206,0.511192114511847,0.94527341329088,0.559948260559562,0.602762166418597
"037036","MARZABOTTO",0.53869440839927,0.525444852467292,0.945567654778252,0.573419432867778,0.614769235302275
"037037","MEDICINA",0.486050535039912,0.462684340586739,0.941692056625245,0.521099899694518,0.567832361575709
"037038","MINERBIO",0.522008849456086,0.504986825684993,0.945906971349222,0.556738750948408,0.599979664326276
"037039","MOLINELLA",0.496538483858369,0.480489487086837,0.943311238718521,0.533993710797195,0.579473436121787
"037040","MONGHIDORO",0.576604021392077,0.58067074757794,0.941606457367975,0.614934291773305,0.651231199061602
"037041","MONTERENZIO",0.533999122542399,0.51892379632991,0.937430479134291,0.567558361405968,0.608655263375782
"037042","MONTE SAN PIETRO",0.494955586378243,0.468376380556505,0.948293940381368,0.528328779158774,0.574991574850173
"037044","MONZUNO",0.542892676403393,0.534383799101808,0.942018296106564,0.578976243587997,0.619314249423393
"037045","MORDANO",0.575299038218897,0.575211492333891,0.948904184720567,0.612620157220811,0.649985049165229
"037046","OZZANO DELL'EMILIA",0.479721035291475,0.444464549693144,0.944354332461966,0.510318946489275,0.558545100486241
"037047","PIANORO",0.455684479181808,0.415486325155194,0.940195329082664,0.486046394859918,0.536507387551334
"037048","PIEVE DI CENTO",0.528615538556584,0.510845768195075,0.941440851608534,0.5619016731991,0.604072693022371
"037050","SALA BOLOGNESE",0.52886543317782,0.517754291657872,0.954576971049892,0.566436573281051,0.609563284144255
"037051","SAN BENEDETTO VAL DI SAMBRO",0.575733911273771,0.582023030464118,0.947898158069217,0.615780439588972,0.652682408308999
"037052","SAN GIORGIO DI PIANO",0.507358934428538,0.483140178309295,0.946158013561202,0.540340402088145,0.585431247807373
"037053","SAN GIOVANNI IN PERSICETO",0.44400888971832,0.40392640549368,0.936651345288937,0.475236017374294,0.526504387142587
"037054","SAN LAZZARO DI SAVENA",0.4032666991945,0.337049991049045,0.928479777770713,0.425990488386667,0.481822631651561
"037055","SAN PIETRO IN CASALE",0.494420993905573,0.469562064821335,0.940476918558532,0.527840068282962,0.57368860720247
"037056","SANT'AGATA BOLOGNESE",0.538033674623128,0.523161146925808,0.947202351781728,0.572257904875194,0.61391839897592
"037057","SASSO MARCONI",0.47218179034426,0.438320778741716,0.945342344372925,0.504260390525981,0.553269496508975
"037059","VERGATO",0.541251372274234,0.535858536774654,0.945082306552346,0.579207689727234,0.619860424930024
"037060","ZOLA PREDOSA",0.457487976236761,0.416056218902232,0.943800759884217,0.487474963800969,0.538177830032441
"037061","VALSAMOGGIA",0.443218728631714,0.407751845898344,0.93866845607795,0.476803604146321,0.528121921027613
"037062","ALTO RENO TERME",0.534589438639151,0.518641271113283,0.938119774986721,0.567765796887267,0.608916238898318
"038001","ARGENTA",0.480891332866733,0.464993008037664,0.9371434057443,0.519362293981409,0.565782417510619
"038003","BONDENO",0.503703277393942,0.492653557728595,0.941166568941544,0.542477232699296,0.586776047837324
"038004","CENTO",0.43815241717649,0.401492278815814,0.935120166242387,0.471352129820775,0.522881911645399
"038005","CODIGORO",0.531613211235516,0.534445627647436,0.942899380990469,0.574016415596376,0.615003411751275
"038006","COMACCHIO",0.489226423447576,0.481679826044796,0.932921886599286,0.530200000931496,0.574946877116806
"038007","COPPARO",0.504305927519128,0.496216710091275,0.939713202952959,0.544206507219977,0.588151695634753
"038008","FERRARA",0.329719107038314,0.250113508841363,0.881407024818858,0.34906537962774,0.408214451315642
"038010","JOLANDA DI SAVOIA",0.636267190001887,0.667932506941274,0.95009331337063,0.681899194961485,0.71169854145139
"038011","LAGOSANTO",0.592497665667048,0.611752555335332,0.944489895449108,0.636361588995982,0.670598067490774
"038012","MASI TORELLO",0.605438804321139,0.617569382819345,0.943200464689562,0.644673730682174,0.677843367794106
"038014","MESOLA",0.57970901245329,0.600523032944777,0.946967444589277,0.625801164888058,0.661486307077082
"038017","OSTELLATO",0.575005068931453,0.587438814307485,0.943970061340992,0.617496753591622,0.653771565563774
"038018","POGGIO RENATICO",0.530905095545601,0.522894009347844,0.946440417158025,0.568853638917853,0.610807725388983
"038019","PORTOMAGGIORE",0.522810118687512,0.5165177592124,0.938122280727795,0.56150977312774,0.603355607305524
"038022","VIGARANO MAINARDA",0.532002388425266,0.520780435818328,0.945296898970083,0.568281960806626,0.610172509491454
"038023","VOGHIERA",0.581940063550552,0.58879165162867,0.940747449040267,0.620904016734677,0.656442175879743
"038025","GORO",0.628538432844315,0.666168605876445,0.939597770312952,0.676577944455637,0.705802369550894
"038027","FISCAGLIA",0.558064282836091,0.572169961776858,0.94950065236482,0.603555475312309,0.641993828318144
"038028","TERRE DEL RENO",0.534044975288738,0.527753497142112,0.947250054253421,0.572534318019225,0.614169399823024
"038029","RIVA DEL PO",0.565279390926865,0.575495843695426,0.942613188402105,0.607610174420242,0.644832731529338
"038030","TRESIGNANA",0.552999073689113,0.553735621120274,0.93809083277993,0.591839695942217,0.630312044479741
"039001","ALFONSINE",0.515893443756403,0.506628351510398,0.941477021723479,0.554282510042408,0.597304122451416
"039002","BAGNACAVALLO",0.479144187791209,0.453109808023061,0.932190838949572,0.512733382011379,0.559339766115622
"039003","BAGNARA DI ROMAGNA",0.598607074959988,0.606551884031342,0.949251455598208,0.637246677105919,0.671913874716174
"039004","BRISIGHELLA",0.542023603648609,0.537061385668549,0.939878435425282,0.579576088735249,0.619609682811919
"039005","CASOLA VALSENIO",0.619802989205706,0.634374030041732,0.93988068605904,0.658367727267251,0.689646944910783
"039006","CASTEL BOLOGNESE",0.513049330268823,0.496610993987967,0.940170402213922,0.548364186136948,0.591898210145501
"039007","CERVIA",0.43891444518582,0.402275434438635,0.91736430547326,0.470271876378331,0.519948812944434
"039008","CONSELICE",0.534945168063761,0.532919451952474,0.947453884574277,0.575284467464733,0.616636624921349
"039009","COTIGNOLA",0.531689695384733,0.519649863412708,0.94218392632986,0.567321194091834,0.608972608784948
"039010","FAENZA",0.389663282962256,0.33367296756356,0.913576326580641,0.416858945394682,0.472049765526455
"039011","FUSIGNANO",0.541297948104667,0.538393843299005,0.943596428037429,0.580220948935395,0.620596002168955
"039012","LUGO",0.429568743286077,0.388578137646859,0.92721956568561,0.460888052988382,0.512702665510297
"039013","MASSA LOMBARDA",0.526260639358665,0.516878742632806,0.944269892659426,0.563839711162104,0.606109731328474
"039014","RAVENNA",0.33471038159923,0.268359684138657,0.879794818604157,0.359361011442465,0.417186990015986
"039015","RIOLO TERME",0.551175276128702,0.542747615867272,0.938139912422252,0.586079292640413,0.62519713928284
"039016","RUSSI",0.500857038697632,0.48147688878422,0.937052731606514,0.535755540527485,0.580344117314043
"039017","SANT'AGATA SUL SANTERNO",0.584545201026574,0.585622252283017,0.944335913897262,0.621008945379042,0.656934164103289
"039018","SOLAROLO",0.574047080632483,0.577444068570268,0.944406365307703,0.612611653672009,0.649477732742641
"040001","BAGNO DI ROMAGNA",0.548639353842345,0.54728042623249,0.937173880616302,0.586881289095306,0.625802688153194
"040003","BERTINORO",0.506243346909395,0.487006274098137,0.937956944267786,0.540758023880168,0.58489123725657
"040004","BORGHI",0.609096846028567,0.618497541983699,0.93490408370912,0.645907882976432,0.67801857194673
"040005","CASTROCARO TERME E TERRA DEL SOLE",0.539955315476518,0.529399302129798,0.93556895405631,0.574766473328473,0.614855637853788
"040007","CESENA",0.36138442509488,0.299894663939721,0.900497460208739,0.387625336086444,0.444611127655588
"040008","CESENATICO",0.451474524596399,0.420205723883882,0.919917989705523,0.484247910786679,0.532655697333217
"040009","CIVITELLA DI ROMAGNA",0.591975718934468,0.604761032863313,0.944914891769638,0.633023027485966,0.66767767907304
"040011","DOVADOLA",0.626258195203037,0.641067109628325,0.933891763902575,0.66368556356437,0.69370847471306
"040012","FORLÌ",0.347029758741067,0.280446095452794,0.89018540836745,0.371382675223982,0.429027423351034
"040013","FORLIMPOPOLI",0.499938404281229,0.480428791689603,0.939415440683741,0.535106782255248,0.580029966525081
"040014","GALEATA",0.613392168812367,0.627596108711406,0.947284319732995,0.653173156858998,0.685852174956108
"040015","GAMBETTOLA",0.524135139183478,0.514413319811462,0.939557842966266,0.56130259084435,0.603330952191229
"040016","GATTEO",0.531824489865158,0.520706363453818,0.93434193811175,0.567073077804714,0.607880728949941
"040018","LONGIANO",0.542898271285062,0.536253783671763,0.940941401682585,0.57971256489883,0.619849102319247
"040019","MELDOLA",0.522113640153539,0.509671887172549,0.939290752777333,0.558232562574473,0.600572361485902
"040020","MERCATO SARACENO",0.544526723861835,0.541104176115602,0.941331937283556,0.582667098718202,0.622518747447686
"040022","MODIGLIANA",0.569262888640703,0.572865916908751,0.945793525331374,0.608537315030392,0.646010227286056
"040028","MONTIANO",0.625636366021616,0.635357541802544,0.938016798203522,0.661248938341224,0.692000922770369
"040031","PORTICO E SAN BENEDETTO",0.687516608826248,0.725304067819589,0.944642348248422,0.730233539315469,0.754056740308019
"040032","PREDAPPIO",0.555343641974031,0.556600948474781,0.941985927988197,0.594573658500785,0.633175021777164
"040033","PREMILCUORE",0.636575073092298,0.672993639598818,0.925849386800578,0.68189085939106,0.708997362436562
"040036","ROCCA SAN CASCIANO",0.613676238901345,0.62286961139169,0.935645061954196,0.650010138827286,0.681747352508054
"040037","RONCOFREDDO",0.5792238542002,0.581442482476979,0.93607628872017,0.615907480376748,0.651481792414906
"040041","SAN MAURO PASCOLI",0.51642815429544,0.50481646469757,0.937456582063255,0.55330573675318,0.595989164009855
"040043","SANTA SOFIA",0.574691867286338,0.577738049736256,0.942852755205948,0.612878738180762,0.649542517850227
"040044","SARSINA",0.600640168007455,0.613036772353332,0.942033762649004,0.640357999427254,0.673877528674116
"040045","SAVIGNANO SUL RUBICONE",0.489851266943941,0.469805516208491,0.934130081286739,0.525258560547268,0.570688729518321
"040046","SOGLIANO AL RUBICONE",0.615240058411746,0.631003951535529,0.943482761386615,0.655158080614935,0.687194156256233
"040049","TREDOZIO",0.660072889088895,0.687923328103945,0.942272300004017,0.70082552773718,0.727652946877939
"040050","VERGHERETO",0.635268659254552,0.66083664937964,0.942114394128571,0.677458828298244,0.706865002279391
"041001","ACQUALAGNA",0.574347950595978,0.569803469517484,0.932750286733059,0.608143167724364,0.644210625391997
"041002","APECCHIO",0.630382662330845,0.655627125151929,0.935390152032188,0.672243419570468,0.701481945399548
"041005","BELFORTE ALL'ISAURO",0.677482131083354,0.701587983263518,0.939018539221567,0.714483405378249,0.739431753583062
"041006","BORGO PACE",0.682856757749286,0.735001655205202,0.938556190603645,0.731891904889884,0.754854603302524
"041007","CAGLI",0.537090106031943,0.525542296712793,0.930662554340069,0.571250836669138,0.611185471965908
"041008","CANTIANO",0.625863294200444,0.639581853963749,0.929173204950636,0.662367637168951,0.692012700255805
"041009","CARPEGNA",0.626310720996546,0.637986857625629,0.933669409130693,0.662300851293048,0.692452913275009
"041010","CARTOCETO",0.539955698779986,0.53487204714652,0.937949506830759,0.577467436350004,0.617520999736754
"041013","FANO",0.382679469636493,0.318455201847765,0.906037387032956,0.406114340871211,0.461661346000294
"041014","FERMIGNANO",0.524758348068781,0.502684877026627,0.931356144349575,0.555485065727891,0.597248518908078
"041015","FOSSOMBRONE",0.515649060908313,0.497449584732216,0.931255183928353,0.549019908931073,0.591490495041882
"041016","FRATTE ROSA",0.675671816170773,0.704889171422212,0.935184142215721,0.714770858638415,0.739261223480338
"041017","FRONTINO",0.708829171938459,0.754641067322375,0.934151731046203,0.751976780771995,0.772218441913574
"041018","FRONTONE",0.63698261622357,0.65106162213101,0.928015265674885,0.672421433827049,0.700820748476809
"041019","GABICCE MARE",0.548954394334792,0.54178553768521,0.944657171814981,0.585298686590499,0.625227407170997
"041020","GRADARA",0.555032238554014,0.542126964002984,0.926489786105787,0.586370619761228,0.624161638243957
"041021","ISOLA DEL PIANO",0.651140934535741,0.683317399148711,0.932979507281459,0.693804200886149,0.720379234930073
"041022","LUNANO",0.649385667680269,0.672841956997401,0.948791294666178,0.68988156057157,0.718649308804304
"041023","MACERATA FELTRIA",0.609135133522529,0.619610308573907,0.93541506431288,0.646476955374684,0.67858118970115
"041025","MERCATELLO SUL METAURO",0.645043199414937,0.671572044951338,0.938436690453386,0.686320529010162,0.714333435837187
"041026","MERCATINO CONCA",0.647304335734549,0.669129153149872,0.932361712453512,0.68563124124334,0.713045738044471
"041027","MOMBAROCCIO",0.615159054545804,0.62725243026902,0.93872808812685,0.652957976979355,0.684710211551299
"041028","MONDAVIO",0.581645365501218,0.58215994131489,0.934570462772722,0.617169434344521,0.652436215280987
"041029","MONDOLFO",0.497483992302022,0.479152019093688,0.931042922192526,0.532590497347322,0.576862988996789
"041030","MONTECALVO IN FOGLIA",0.622354398682448,0.639484196744195,0.944131348364268,0.662240502778416,0.693561707843511
"041031","MONTE CERIGNONE",0.686720380184058,0.720740033347267,0.933002729968487,0.726657459085945,0.749584711406228
"041034","MONTEFELCINO",0.616850007826928,0.632230202778679,0.941660939111189,0.656252188683642,0.687964272064481
"041035","MONTE GRIMANO TERME",0.661655576561151,0.689021972719807,0.931434543017515,0.700948351478183,0.726557928315886
"041036","MONTELABBATE",0.547850568901967,0.542598916589568,0.940591960133823,0.584761464484573,0.624298186223379
"041038","MONTE PORZIO",0.60624128233419,0.612362288329901,0.93468003925143,0.641839610723984,0.674377436115922
"041041","PEGLIO",0.67305745923343,0.696407652314705,0.931724047442443,0.709431704940905,0.734130854107742
"041043","PERGOLA",0.554223743650237,0.549613828777243,0.931832299326239,0.58991013752499,0.62790148883624
"041044","PESARO",0.351278037223972,0.280396223037755,0.891918602490152,0.373445277366792,0.431053424602721
"041045","PETRIANO",0.61764606101578,0.636213903939488,0.948402747820029,0.659077259011873,0.691224535546113
"041047","PIANDIMELETO",0.624022766075259,0.642677510363355,0.944628494367513,0.664477973834128,0.695605809448948
"041048","PIETRARUBBIA",0.670612301057622,0.722165673465826,0.94100669064353,0.720850757599905,0.745312527938085
"041049","PIOBBICO",0.613325125746062,0.621097705655645,0.93076374291996,0.648566648422764,0.679921881144675
"041051","SAN COSTANZO",0.572355267426746,0.57153621811717,0.936258736517669,0.608377042146529,0.6448083415211
"041054","SAN LORENZO IN CAMPO",0.610828260294353,0.626023078841708,0.942635878280912,0.650846690439319,0.683267711310607
"041057","SANT'ANGELO IN VADO",0.568939767910117,0.559397345646783,0.925646480276272,0.600316349128232,0.636464141478015
"041058","SANT'IPPOLITO",0.650941584923338,0.670665341027162,0.938699091799067,0.688593025857632,0.716382588740013
"041061","SERRA SANT'ABBONDIO",0.640699522398593,0.689096536020497,0.937223948122523,0.692130621100842,0.71936321299214
"041064","TAVOLETO",0.640891878097314,0.679588508829915,0.931341453659599,0.687350319483213,0.714460445502812
"041065","TAVULLIA",0.536520386784054,0.530529870951452,0.938787292806982,0.574051345261676,0.614577561655599
"041066","URBANIA",0.531542227240519,0.514450603018549,0.929965383346419,0.563693311951223,0.604390208772911
"041067","URBINO",0.460772720127998,0.400978049594263,0.910725683590093,0.478860414734027,0.526845444606923
"041068","VALLEFOGLIA",0.507051175379683,0.491603500854089,0.936656154642348,0.543060219769432,0.586793101421978
"041069","COLLI AL METAURO",0.508691140646818,0.492077718048848,0.934582274401029,0.543804213853152,0.587223998358472
"041070","TERRE ROVERESCHE",0.577065572144951,0.582776275566805,0.938257538068713,0.615754585277162,0.651588246698445
"041071","SASSOCORVARO AUDITORE",0.567357323693492,0.565484633675686,0.935832612423949,0.603362142058525,0.640303305432461
"042001","AGUGLIANO",0.5536510807891,0.541110344216202,0.938515862202891,0.586494227472675,0.625607742442699
"042002","ANCONA",0.346179218402378,0.270673231550685,0.893786555537835,0.366962258032662,0.425498291088792
"042003","ARCEVIA",0.581156517100442,0.590713091524683,0.935730093608905,0.620914333242196,0.655893862171831
"042004","BARBARA",0.645510552766667,0.662774340930676,0.94179025775949,0.682907227939753,0.711672009030835
"042005","BELVEDERE OSTRENSE",0.620789465107283,0.632839500406249,0.938373610669543,0.657970395548044,0.689126308339321
"042006","CAMERANO",0.531221304800886,0.514283577702366,0.937716274731333,0.564248824599597,0.605745207947568
"042007","CAMERATA PICENA",0.59144196869041,0.585191448660769,0.936085406705845,0.623093578478615,0.657870448281641
"042008","CASTELBELLINO",0.572154504781848,0.565224629651858,0.941061727789111,0.605926783274079,0.643163999331304
"042010","CASTELFIDARDO",0.481876138386305,0.458912376821297,0.937924824124765,0.517147314255898,0.563900370907994
"042011","CASTELLEONE DI SUASA",0.643316350028767,0.66630797323604,0.93959387422219,0.683290332891382,0.711768504150361
"042012","CASTELPLANIO",0.588332169905808,0.592040509793564,0.943777980195589,0.625545503884276,0.660904667918867
"042013","CERRETO D'ESI",0.582678066134579,0.581271919288368,0.938368042187044,0.617614297659031,0.653253602606588
"042014","CHIARAVALLE",0.488906201628179,0.462011084062589,0.934096535556525,0.521322432116498,0.567186221387612
"042015","CORINALDO",0.565443355391525,0.569885847807218,0.939621680089933,0.604860309448427,0.642056017297484
"042016","CUPRAMONTANA",0.571600535727966,0.570233872916135,0.939308483608681,0.607756332250714,0.644595460179377
"042017","FABRIANO",0.440265657289128,0.395036000304148,0.925278345068506,0.468413580423824,0.519176332051011
"042018","FALCONARA MARITTIMA",0.449680320461751,0.410399841170535,0.927841408884321,0.479820213622961,0.529600346429778
"042019","FILOTTRANO",0.541332443056463,0.539294601898678,0.944578286584265,0.58073999888824,0.621166475298909
"042020","GENGA",0.637365085771477,0.65907139432246,0.950415078465065,0.678437923888778,0.708657607730588
"042021","JESI",0.411735446788245,0.357940118331315,0.918976828508008,0.438251687154603,0.491665591749426
"042022","LORETO",0.495172556584492,0.46921410147144,0.930520471892543,0.527026043314424,0.571858757600882
"042023","MAIOLATI SPONTINI",0.557593617863161,0.553275853933465,0.94432379692157,0.594323642000639,0.633212548102964
"042024","MERGO",0.687135503203823,0.708213657982021,0.939196323797303,0.72182675491336,0.745978929233798
"042025","MONSANO",0.566604191216791,0.551085896903147,0.932874010251446,0.596247940679117,0.633650837298264
"042026","MONTECAROTTO",0.619223108328024,0.633795919988483,0.940175037398653,0.657876066482293,0.689242618806333
"042027","MONTEMARCIANO",0.513194372718132,0.487752816683549,0.932052528804231,0.543631488111179,0.586789381521518
"042029","MONTE ROBERTO",0.585298003959718,0.580128271258101,0.936969006086717,0.61813872445669,0.653564311304471
"042030","MONTE SAN VITO",0.531961020765749,0.510520403660759,0.934505815009114,0.56256722249284,0.603893732772427
"042031","MORRO D'ALBA",0.621502937258242,0.625099648449284,0.936791278850636,0.65465029145345,0.685999290053137
"042032","NUMANA",0.543506862619898,0.518885243604644,0.930348704681915,0.571111318269235,0.6110265834262
"042033","OFFAGNA",0.596317056896706,0.591153288131267,0.936195325640487,0.627981187826636,0.662227203139286
"042034","OSIMO",0.434198692196471,0.392776615003449,0.927779050255602,0.464916793265525,0.516345932931089
"042035","OSTRA",0.543630969337367,0.534643936016563,0.932859616057571,0.578509669015025,0.617881885353086
"042036","OSTRA VETERE",0.601957138114703,0.61801182051646,0.943158917923557,0.643301923176379,0.676619367037176
"042037","POGGIO SAN MARCELLO",0.678235274420377,0.698053534874374,0.932410026056302,0.712570966788268,0.736997528929161
"042038","POLVERIGI",0.549564839601454,0.529813770144315,0.936814033704863,0.579401777756083,0.61911425063928
"042040","ROSORA",0.631634894059803,0.647948167760618,0.947750480549778,0.670587425874167,0.701383320838124
"042041","SAN MARCELLO",0.601013809580476,0.601128936172205,0.940738850706737,0.63503812065938,0.66900486844242
"042042","SAN PAOLO DI JESI",0.665734071312318,0.68879104565575,0.941272647878306,0.703663567423461,0.730064576362888
"042043","SANTA MARIA NUOVA",0.590960371925509,0.601738292496438,0.943378600932052,0.631052259083081,0.665755185955189
"042044","SASSOFERRATO",0.553305983886872,0.551028763262024,0.939597741771297,0.590910410394133,0.629653447213818
"042045","SENIGALLIA",0.401987494442161,0.343066471164161,0.910736621172326,0.426347946640078,0.480168910476994
"042046","SERRA DE' CONTI",0.586819297364876,0.598746594146451,0.946387287629107,0.628143379943008,0.663503814130352
"042047","SERRA SAN QUIRICO",0.604335590259278,0.612079389344402,0.937247482398612,0.641111489061517,0.674015488321195
"042048","SIROLO",0.543264727644508,0.514591428153899,0.92593063700642,0.568628333809925,0.608328589720647
"042049","STAFFOLO",0.625876066437966,0.640161409141566,0.943117844336934,0.664028648444483,0.6950385590992
"042050","TRECASTELLI",0.548903300475523,0.543744828217691,0.933856009195016,0.585077258831448,0.623830453316289
"043002","APIRO",0.622231740669757,0.631627871161873,0.937568474484896,0.657993672772723,0.689057539629631
"043003","APPIGNANO",0.58240365781512,0.588667560704664,0.938469237649559,0.620828972098859,0.656122334937825
"043004","BELFORTE DEL CHIENTI",0.619758816002462,0.623256559931208,0.934099112948007,0.652766830464952,0.684025972963069
"043005","BOLOGNOLA",0.737884985666705,0.795690453619829,0.941007819451246,0.784209729624065,0.801631739604863
"043006","CALDAROLA",0.602795918076878,0.597861286223722,0.926731526928319,0.632968894628102,0.665609187105904
"043007","CAMERINO",0.503777437013568,0.451560743608787,0.915302347674314,0.521432416047491,0.565195741783805
"043008","CAMPOROTONDO DI FIASTRONE",0.670780209214527,0.712735143504284,0.939931276300089,0.716575036353474,0.741392396347542
"043009","CASTELRAIMONDO",0.560399622693875,0.548853419996224,0.930026918506442,0.592166561061189,0.629706600777328
"043010","CASTELSANTANGELO SUL NERA",0.723493899238074,0.78576862908114,0.939633143959088,0.773131452139555,0.791631640119504
"043011","CESSAPALOMBO",0.687902024271839,0.741568444633673,0.942613385813529,0.737523049588833,0.760310864724911
"043012","CINGOLI",0.529521989533425,0.524499875864092,0.938426545681646,0.568152493997047,0.609294055295336
"043013","CIVITANOVA MARCHE",0.415179100710765,0.365142320230819,0.913547140393166,0.44249935346303,0.494837996455267
"043014","COLMURANO",0.640165498668221,0.655451542762762,0.932517633791192,0.676279432023062,0.704750343330632
"043015","CORRIDONIA",0.496701760044109,0.477261809645599,0.931013652244015,0.53138497158477,0.575788158324686
"043016","ESANATOGLIA",0.620655914564669,0.639876079679134,0.94401975287628,0.661641372697339,0.693016748272777
"043017","FIASTRA",0.667301611153618,0.715697703532404,0.939596285202036,0.716309320128914,0.741118982914816
"043019","FIUMINATA",0.639001030618442,0.648710961938243,0.933063387815351,0.672776735432043,0.701697474585744
"043020","GAGLIOLE",0.657612483246526,0.693353073945525,0.931002790981951,0.701034779834618,0.726586781073211
"043021","GUALDO",0.681478419126968,0.715476199921134,0.93219854602226,0.721849433173872,0.745221556823693
"043022","LORO PICENO",0.613042700183893,0.627126842291451,0.935404745209532,0.651616768634858,0.683148766032044
"043023","MACERATA",0.395687540834841,0.327273340264014,0.907234839214657,0.41605588041595,0.470631320282473
"043024","MATELICA",0.518376747764004,0.500960505935428,0.932594125975306,0.551961176762275,0.594253726674834
"043025","MOGLIANO",0.568723276607028,0.566316945040398,0.931771173613074,0.603945217102649,0.640370323381585
"043026","MONTECASSIANO",0.539045275242025,0.52889968763587,0.934135686314196,0.573988801926472,0.614005122413997
"043027","MONTE CAVALLO",0.804632154283587,0.877815928051244,0.944734413712493,0.851575078421923,0.861926115676431
"043028","MONTECOSARO",0.542713259653954,0.533362911176871,0.935533424753804,0.577787619349252,0.617537153283091
"043029","MONTEFANO",0.596341191091492,0.606373516564371,0.942802495673189,0.635501868012457,0.669646382196983
"043030","MONTELUPONE",0.583286311992436,0.578081614758579,0.931511610818726,0.615766728119829,0.650849492864151
"043031","MONTE SAN GIUSTO",0.555394292594954,0.559505039704855,0.939596392760843,0.595664338810998,0.633879011472092
"043032","MONTE SAN MARTINO",0.707796672301224,0.736185192801164,0.924543450005189,0.742246184296593,0.762501436041993
"043033","MORROVALLE",0.52882839302062,0.521954218870363,0.935058374531289,0.566358012804071,0.607324719662651
"043034","MUCCIA",0.660992216105213,0.682498178262577,0.937393115402903,0.698309989005796,0.724874780827697
"043035","PENNA SAN GIOVANNI",0.643096531980774,0.654083837857286,0.915212314414101,0.675252397868537,0.701914610818044
"043036","PETRIOLO",0.624159244017437,0.639569771670794,0.94038119065135,0.662716176124839,0.693567844405562
"043038","PIEVE TORINA",0.651439039468637,0.68105855976439,0.944087805871609,0.694032700242023,0.721816600867533
"043039","PIORACO",0.653193207478934,0.671193480589968,0.941608714721998,0.690134881103206,0.71807641817196
"043040","POGGIO SAN VICINO",0.753320179824458,0.817024743099172,0.94499961484496,0.801155176800129,0.817137892138444
"043041","POLLENZA",0.542787365662479,0.535042623916025,0.936218437847795,0.578645339095107,0.618375683400961
"043042","PORTO RECANATI",0.487277103491536,0.450958655304649,0.921926684577228,0.514398759916006,0.55967964043392
"043043","POTENZA PICENA",0.490973454939254,0.46777504341703,0.929616456256411,0.524398469885969,0.569422690593796
"043044","RECANATI",0.459805298577641,0.423736643738031,0.92629010962416,0.490222885004468,0.538674798851101
"043045","RIPE SAN GINESIO",0.662805731422344,0.686989579545159,0.936179087402071,0.701025798675584,0.727153941867416
"043046","SAN GINESIO",0.580760204849075,0.581557795668733,0.927654502845481,0.615808550517561,0.650458100776219
"043047","SAN SEVERINO MARCHE",0.501329914983203,0.47905536762841,0.927317137573849,0.533905090932611,0.577617540559415
"043048","SANT'ANGELO IN PONTANO",0.651309778500975,0.674619585133878,0.932747369182192,0.689942950553903,0.71692121929038
"043049","SARNANO",0.574742057508498,0.566218211711081,0.923910924459855,0.605823213594796,0.641166292579803
"043050","SEFRO",0.68545893903711,0.729146844836066,0.943843060858208,0.73095690882875,0.754610925720912
"043051","SERRAPETRONA",0.666169207798706,0.684058317833985,0.935481309266783,0.701150517461389,0.727187272106433
"043052","SERRAVALLE DI CHIENTI",0.670060698845424,0.700834961536118,0.93746851992831,0.710649899164525,0.735851968138279
"043053","TOLENTINO",0.475411533857477,0.447919616721158,0.927803144496559,0.508279332210042,0.554893089130766
"043054","TREIA",0.530056444766214,0.524564536720692,0.937645182923818,0.56834395996149,0.609377429179526
"043055","URBISAGLIA",0.605031185005175,0.61360753814924,0.933306035970809,0.641718029016568,0.674116696455928
"043056","USSITA",0.699466864455989,0.722605360085989,0.924366284295324,0.732369129473423,0.753702146675856
"043057","VISSO",0.641404127063556,0.654443018865839,0.926060491315552,0.675737264799783,0.703550956634868
"043058","VALFORNACE",0.630218118689157,0.667128342830923,0.932970934290702,0.677103001113106,0.705532771466172
"044001","ACQUASANTA TERME",0.623701246012569,0.64647198988377,0.937797073227743,0.665357663476127,0.695628709004084
"044002","ACQUAVIVA PICENA",0.574154275800762,0.568755902865022,0.925357880594376,0.60684536845904,0.642235647585189
"044005","APPIGNANO DEL TRONTO",0.636428085873924,0.65964142327838,0.938241364078637,0.677055415526401,0.706076076476649
"044006","ARQUATA DEL TRONTO",0.667044404143885,0.697782288587768,0.932108214359381,0.707382833165182,0.732352319964538
"044007","ASCOLI PICENO",0.396852620447413,0.336726423079478,0.908340594031062,0.420944628990207,0.475099736216969
"044010","CARASSAI",0.629285621472708,0.664940595323406,0.923464376824159,0.674748235240667,0.702383362083277
"044011","CASTEL DI LAMA",0.527155613788968,0.510375903002012,0.93168490620889,0.56005767317683,0.60134958795817
"044012","CASTIGNANO",0.59709253794755,0.597595018713998,0.92617540431169,0.630226940928866,0.663110103526958
"044013","CASTORANO",0.614149049080061,0.629812470262332,0.937199699747921,0.653502653678869,0.685024547686542
"044014","COLLI DEL TRONTO",0.569818126270954,0.561343785549874,0.928763044466969,0.601899164766069,0.638217373621725
"044015","COMUNANZA",0.597270471945165,0.608003237787271,0.939189990414814,0.636292168421078,0.669947481975937
"044016","COSSIGNANO",0.668394348062279,0.693745961250496,0.928318220363835,0.705794961227132,0.730519767797877
"044017","CUPRA MARITTIMA",0.551104368346302,0.539668612802765,0.928994771090184,0.583747318626098,0.622108146677664
"044020","FOLIGNANO",0.515669218361456,0.490253773483176,0.926967240770597,0.545362070407144,0.587762644891972
"044021","FORCE",0.630124777225442,0.67618403137834,0.936577345452364,0.681496698416939,0.709838992531986
"044023","GROTTAMMARE",0.468556371150563,0.428382640125609,0.918986812133167,0.495521236287594,0.542572966937102
"044027","MALTIGNANO",0.608755722177947,0.614169119724084,0.93429014628703,0.643745193484617,0.676027966018219
"044029","MASSIGNANO",0.62421209681897,0.628060026542416,0.924474887765286,0.655969944289152,0.685803826897612
"044031","MONSAMPOLO DEL TRONTO",0.570761999837825,0.571825375533356,0.933954162570498,0.607559735174081,0.643825782662572
"044032","MONTALTO DELLE MARCHE",0.610862990732359,0.619908928134789,0.926063977276878,0.646453761217905,0.677521563002235
"044034","MONTEDINOVE",0.667617940909863,0.706913352442308,0.926848895146599,0.711223971523137,0.735182296370188
"044036","MONTEFIORE DELL'ASO",0.624529564745331,0.640895253355647,0.937621179996199,0.66320328614506,0.693694163239631
"044038","MONTEGALLO",0.740374666969961,0.791425612387316,0.942642381442033,0.783574363854978,0.801248588031317
"044044","MONTEMONACO",0.699920377437137,0.737057678326045,0.931251138210259,0.739765238914458,0.761041449947325
"044045","MONTEPRANDONE",0.517551557871434,0.502339637951134,0.930358884972189,0.551986926617374,0.594028255323465
"044054","OFFIDA",0.560998885545125,0.553534930579943,0.921457164067125,0.593685933662993,0.630104959263452
"044056","PALMIANO",0.794985025494659,0.873655527253278,0.949642481903355,0.845852496926907,0.857384717479846
"044063","RIPATRANSONE",0.571346728452796,0.563532105269513,0.925470269110776,0.603242502086117,0.639045587311079
"044064","ROCCAFLUVIONE",0.626238879867334,0.645763719439474,0.93723175450929,0.666124345138992,0.696247390624581
"044065","ROTELLA",0.641843846825605,0.681729466093541,0.934296122608735,0.689037603074489,0.716288549689405
"044066","SAN BENEDETTO DEL TRONTO",0.397243150258831,0.337329177758417,0.904839342693302,0.421041481877092,0.47479679974556
"044071","SPINETOLI",0.533806455439183,0.520214890781901,0.928079528699808,0.567117558669469,0.607224444228395
"044073","VENAROTTA",0.627335474061083,0.643060117448186,0.940490960411244,0.665727112220296,0.696256428685957
"045001","AULLA",0.518786781640825,0.508971530218865,0.940026027308056,0.556493843067666,0.599108530205487
"045002","BAGNONE",0.637071626803254,0.654460944783934,0.93755989289466,0.674945646503701,0.704125007213807
"045003","CARRARA",0.395286641448128,0.344162470909665,0.915381349579343,0.424290235518941,0.478855914858986
"045004","CASOLA IN LUNIGIANA",0.641476778053087,0.683544185191283,0.939395101151218,0.690198943575088,0.717887405527991
"045005","COMANO",0.675035911303046,0.698812810390648,0.928382414252903,0.711070166187453,0.735215971528058
"045006","FILATTIERA",0.617471815373095,0.6314803051816,0.939127585721871,0.6559412128218,0.687406365366252
"045007","FIVIZZANO",0.555198583455719,0.558076793089523,0.939526709675543,0.594926590412913,0.633215492553206
"045008","FOSDINOVO",0.55471947526667,0.546666762594278,0.935752337944886,0.589199040831915,0.627704962733356
"045009","LICCIANA NARDI",0.572222179733557,0.569799760167367,0.938550944769955,0.607764967432411,0.644518964914361
"045010","MASSA",0.393214546351365,0.344432073922267,0.910034664737205,0.422944445596855,0.477065581056894
"045011","MONTIGNOSO",0.510632497612103,0.496151498472224,0.935257394889527,0.5465785377269,0.589765077411637
"045012","MULAZZO",0.622686246231837,0.640582979586588,0.937201359447353,0.662191287563027,0.692747962216841
"045013","PODENZANA",0.618582303657125,0.631130914886653,0.942526660461245,0.656623614390824,0.68839061950976
"045014","PONTREMOLI",0.524903706264089,0.505915566326487,0.928465743002584,0.556715246966017,0.598020857636747
"045015","TRESANA",0.636457826609468,0.664712075740767,0.945529028645548,0.680079358922161,0.709573766669204
"045016","VILLAFRANCA IN LUNIGIANA",0.56281165700263,0.554946764590447,0.932028330139197,0.596194122730804,0.63350903466507
"045017","ZERI",0.663869128278078,0.72500575961336,0.943580091692151,0.719351708720362,0.744265973495005
"046001","ALTOPASCIO",0.511908938311521,0.506248216536707,0.944612539713053,0.552631973653008,0.596185369881902
"046002","BAGNI DI LUCCA",0.573627902055798,0.588068785969144,0.941023690327596,0.616865878643984,0.652883413275496
"046003","BARGA",0.518505993072893,0.504813659104056,0.938728651747399,0.554366708654367,0.597073591220259
"046004","BORGO A MOZZANO",0.562018703272418,0.565632712729731,0.945636115202942,0.602006748721261,0.640187789441448
"046005","CAMAIORE",0.441973836229066,0.41093043267405,0.924919131177289,0.476298834124131,0.526145533796704
"046006","CAMPORGIANO",0.619313492002369,0.639650267570872,0.946513592175115,0.66118505102547,0.692888222264319
"046007","CAPANNORI",0.428537732906071,0.396603284187719,0.932287162134824,0.464542173905688,0.516513839264481
"046008","CAREGGINE",0.690558710307722,0.748630188764074,0.945622444995624,0.742197249081871,0.764800048627844
"046009","CASTELNUOVO DI GARFAGNANA",0.544801342646563,0.537521852179122,0.9394615009135,0.580991587762908,0.620821578112974
"046010","CASTIGLIONE DI GARFAGNANA",0.642186945370546,0.668149665594726,0.946470443993826,0.684298519333755,0.713428733184874
"046011","COREGLIA ANTELMINELLI",0.581123071039292,0.590993473237662,0.953942369484947,0.622846681873124,0.659635091607771
"046013","FORTE DEI MARMI",0.508072662480016,0.477877442431491,0.942255503316147,0.537903097541793,0.582831142627832
"046014","FOSCIANDORA",0.665485454676951,0.708790940776588,0.942345158718327,0.712658893825925,0.738179589925081
"046015","GALLICANO",0.596363199349978,0.608480379345723,0.945074663157054,0.636687076728771,0.670952364109691
"046017","LUCCA",0.360476220101908,0.29502568248931,0.904270119988777,0.385402868164926,0.443054785034243
"046018","MASSAROSA",0.479908417407948,0.462559558311113,0.934361231208471,0.517546712194424,0.563859436529319
"046019","MINUCCIANO",0.659647196763178,0.699526055349477,0.954467721555523,0.707074735606247,0.734562845156167
"046020","MOLAZZANA",0.66439886417598,0.686576479347823,0.942265320543183,0.70216543664003,0.728843201518158
"046021","MONTECARLO",0.567423958463865,0.566766968556329,0.945480742415144,0.604933991400602,0.642772519291106
"046022","PESCAGLIA",0.597698828647869,0.611671200096012,0.941513531965874,0.638367866131334,0.672050717890727
"046023","PIAZZA AL SERCHIO",0.620431478479259,0.639591774173475,0.940782053453849,0.661088669039115,0.692165711751863
"046024","PIETRASANTA",0.454534298659905,0.422368210575876,0.925351378696301,0.487141267025732,0.535831279433573
"046025","PIEVE FOSCIANA",0.60647791120629,0.619511738199163,0.943078532686469,0.646003195501101,0.679011566299475
"046026","PORCARI",0.536494033968187,0.533290409313883,0.947799229541891,0.57618292243112,0.617473623221206
"046027","SAN ROMANO IN GARFAGNANA",0.628776753117573,0.641389591722931,0.939162585216461,0.665491113699873,0.695899054979494
"046028","SERAVEZZA",0.504830015503734,0.494272425324712,0.932495133251635,0.542845611697964,0.586140002981705
"046030","STAZZEMA",0.619578877183838,0.646251342481302,0.943734403339918,0.663997039183305,0.695078968534039
"046031","VAGLI SOTTO",0.65818237620463,0.71416257783872,0.952059641904916,0.712761193509999,0.739349909998323
"046033","VIAREGGIO",0.389392296756636,0.335514691145266,0.909573074994416,0.417165452055297,0.471877410159644
"046034","VILLA BASILICA",0.663632366861873,0.699491365571782,0.958973643835973,0.709303043978742,0.737044221740656
"046035","VILLA COLLEMANDINA",0.663086126467052,0.695158392273632,0.946982299911357,0.705908263424443,0.732694267478545
"046036","FABBRICHE DI VERGEMOLI",0.675009222151262,0.735874428849281,0.949365623225199,0.729834205272764,0.754226585045257
"046037","SILLANO GIUNCUGNANO",0.67215979610348,0.710611946569318,0.943334106155448,0.716580694818304,0.741775518300209
"047002","AGLIANA",0.506731496219007,0.502598902316573,0.948919399125612,0.549090619253572,0.593516039239355
"047003","BUGGIANO",0.525467953623021,0.517929620766484,0.940905918397195,0.563619500314997,0.605540213435241
"047005","LAMPORECCHIO",0.553504101833227,0.560753875759683,0.947655266448177,0.596181616561627,0.635234244326799
"047006","LARCIANO",0.565068053387383,0.576289938201845,0.950618004986542,0.608672896713807,0.646666797633
"047007","MARLIANA",0.601685247628007,0.61501541032351,0.942107850685922,0.641726081146775,0.675101833317791
"047008","MASSA E COZZILE",0.532288269619111,0.524837766447962,0.936262688016729,0.569332985031856,0.610102952030175
"047009","MONSUMMANO TERME",0.492249822299424,0.482447203808333,0.938707780134402,0.532484439761931,0.577620366469983
"047010","MONTALE",0.526304568935424,0.524959256024164,0.948551065819724,0.567923827813787,0.61021574314778
"047011","MONTECATINI-TERME",0.456606258195358,0.418993045681234,0.920239254250839,0.48604361216955,0.534287572400805
"047012","PESCIA",0.480705474327627,0.459986797465519,0.936517822066895,0.516963304513605,0.563580473130638
"047013","PIEVE A NIEVOLE",0.530918035821557,0.529097646839005,0.940554687637569,0.57106252596101,0.612117210591739
"047014","PISTOIA",0.37345394268043,0.320350871740431,0.907874924185303,0.402999658907918,0.459096910605405
"047016","PONTE BUGGIANESE",0.542377642234873,0.54407794984582,0.94327103446981,0.583232119883293,0.623236443726239
"047017","QUARRATA",0.475303385509991,0.459335991119374,0.93747186392343,0.514334905875557,0.561350123436432
"047018","SAMBUCA PISTOIESE",0.627733677305174,0.677194058634102,0.947979982610066,0.682015479433681,0.711567090897724
"047020","SERRAVALLE PISTOIESE",0.512840198463143,0.501698327240268,0.942685274590097,0.550810864025544,0.594352465199384
"047021","UZZANO",0.546519898729631,0.539440719062378,0.939506049272341,0.582632882933638,0.622285456971272
"047022","CHIESINA UZZANESE",0.589577367648036,0.604512484896049,0.945757010829108,0.631916134727749,0.666787343183456
"047023","ABETONE CUTIGLIANO",0.630085437076091,0.659410830866872,0.938297448876193,0.674103065461953,0.703457996952424
"047024","SAN MARCELLO PITEGLIO",0.555660093881266,0.560583291823549,0.941118962687889,0.596421419835956,0.634721146819504
"048001","BAGNO A RIPOLI",0.435189919317229,0.389221608763002,0.934012386646397,0.464386426300744,0.516567088561372
"048002","BARBERINO DI MUGELLO",0.513296203938816,0.501266482598634,0.94410765614533,0.550963974556385,0.594646605844046
"048004","BORGO SAN LORENZO",0.477161769132423,0.451848089449492,0.934562780138765,0.511510714375738,0.558516499460519
"048005","CALENZANO",0.479613413804556,0.456109122772808,0.944173300888133,0.515492471548627,0.563123674808572
"048006","CAMPI BISENZIO",0.442194291739679,0.415190974515759,0.930852939860735,0.47890866380102,0.529124694474322
"048008","CAPRAIA E LIMITE",0.534631935844355,0.52391739940011,0.945683226396722,0.570915523499681,0.61255637937713
"048010","CASTELFIORENTINO",0.494049139257803,0.480071993604931,0.93683377769361,0.532037887557591,0.577015208683815
"048011","CERRETO GUIDI",0.531518598227039,0.529857919699403,0.946229852157165,0.572242418282615,0.61379657760201
"048012","CERTALDO",0.496860860645036,0.483963650920647,0.938368103481303,0.535207840552688,0.580003425322534
"048013","DICOMANO",0.581036564708149,0.586059848394046,0.943743820968744,0.619567767992862,0.655587329434627
"048014","EMPOLI",0.414901166203025,0.371010250421107,0.923408202043433,0.446000957685203,0.499046207058339
"048015","FIESOLE",0.462997398419816,0.415354316185396,0.934863449701454,0.488744616542491,0.538313375782376
"048017","FIRENZE",0.256198311130382,0.149108743058338,0.793995483637296,0.261787722748653,0.320921918402947
"048018","FIRENZUOLA",0.580033223685589,0.591339721166171,0.946235143779329,0.621741339561225,0.65779620669657
"048019","FUCECCHIO",0.479947054890378,0.46476533626094,0.940330662695576,0.519153642287651,0.565951088999643
"048020","GAMBASSI TERME",0.57308249092349,0.580349119322826,0.944506205547505,0.613494845165592,0.650273885208027
"048021","GREVE IN CHIANTI",0.491402906025905,0.466900564039727,0.933200287329358,0.52455659026247,0.569961445492125
"048022","IMPRUNETA",0.475171255531428,0.440965878434492,0.93540888002901,0.505802598287565,0.55353662959217
"048024","LASTRA A SIGNA",0.480529364975556,0.461356587637589,0.941543854290616,0.518003064104977,0.565063151903381
"048025","LONDA",0.618141411444385,0.62599407912367,0.93741248502475,0.6536022192581,0.685136693232172
"048026","MARRADI",0.600915269739158,0.612669177635013,0.939898370392997,0.640102838357677,0.673413453028268
"048027","MONTAIONE",0.586915212684846,0.588521485870532,0.937065235432935,0.622653037893214,0.657587726508738
"048028","MONTELUPO FIORENTINO",0.499556086904408,0.480962161000615,0.946147307116839,0.535847942268944,0.581436760585377
"048030","MONTESPERTOLI",0.494148690152211,0.470903002354722,0.935892912268613,0.527862552854981,0.573199259456496
"048031","PALAZZUOLO SUL SENIO",0.654617855035145,0.680525314006596,0.945564873986595,0.695370913467443,0.723170242414016
"048032","PELAGO",0.536419713327288,0.528006513604911,0.943438536908245,0.573335655810314,0.614458198154529
"048033","PONTASSIEVE",0.47331961529158,0.446502874964364,0.937328099531172,0.507652930568292,0.555394616008612
"048035","REGGELLO",0.484933364557462,0.464210490853415,0.939886096054792,0.521103344540374,0.567634761375309
"048036","RIGNANO SULL'ARNO",0.514837541661789,0.494899744682453,0.939100815965891,0.548291860451498,0.591715077730875
"048037","RUFINA",0.543152537884592,0.537467836364947,0.944479852551923,0.580727153667485,0.6211441202102
"048038","SAN CASCIANO IN VAL DI PESA",0.474149317490064,0.44602442316113,0.937758936318507,0.507854076924888,0.555621283524179
"048039","SAN GODENZO",0.629507582023578,0.673511625284689,0.940515842498358,0.680410227538556,0.709310851422978
"048041","SCANDICCI",0.420519429373944,0.380894962706267,0.927719970601393,0.453408473496234,0.506109750952363
"048043","SESTO FIORENTINO",0.405429224766506,0.35366410011298,0.924578533348378,0.434049849530607,0.48855303662147
"048044","SIGNA",0.490289445793902,0.472673467474136,0.939145698239952,0.527247880794612,0.573014304955205
"048046","VAGLIA",0.523695718630337,0.491645227988714,0.934176528737023,0.550321078852276,0.592971684395025
"048049","VICCHIO",0.536940773757004,0.52823011980704,0.939440833221163,0.573270985425936,0.613956524069851
"048050","VINCI",0.497675535120682,0.481484397122991,0.939562739002187,0.534578243409872,0.579576520697907
"048052","FIGLINE E INCISA VALDARNO",0.464213049070627,0.436000065550063,0.933692649594781,0.498465166538788,0.546823775767232
"048053","SCARPERIA E SAN PIERO",0.508294072641713,0.492777947590157,0.941756651869694,0.544658074291311,0.588780138466687
"048054","BARBERINO TAVARNELLE",0.499574350898379,0.476833986246561,0.937756344240878,0.533159386139311,0.578114603706152
"049001","BIBBONA",0.595609779913101,0.606056443792857,0.935630187045468,0.634312819372228,0.667792526891477
"049002","CAMPIGLIA MARITTIMA",0.514761972258593,0.507173437343177,0.938052618003415,0.553676196121138,0.596384687441391
"049003","CAMPO NELL'ELBA",0.561531341008349,0.563134029616649,0.930320794690615,0.599131496250311,0.635930307188122
"049004","CAPOLIVERI",0.569922086648362,0.566928621493939,0.927323041094285,0.604315122773464,0.640204891475777
"049005","CAPRAIA ISOLA",0.688578485384298,0.710088462572115,0.927903954312552,0.722190522011641,0.745047570045076
"049006","CASTAGNETO CARDUCCI",0.531775357247891,0.526727495803922,0.936119703876422,0.569938254260958,0.61062508199601
"049007","CECINA",0.449811622767541,0.417824029145839,0.92673694926666,0.483109738287687,0.532401650618684
"049008","COLLESALVETTI",0.497410162427914,0.480828352923864,0.943102179323747,0.534517549840675,0.579915842005461
"049009","LIVORNO",0.33831853373493,0.272145881759552,0.886262893137737,0.36333527628629,0.42143834482534
"049010","MARCIANA",0.606772195808648,0.613609369140063,0.925201136508822,0.641691817877802,0.673192853281249
"049011","MARCIANA MARINA",0.614626696815213,0.622692186034258,0.926021406747408,0.649395637957003,0.68013183448927
"049012","PIOMBINO",0.444240005401185,0.412409447813984,0.924631434105008,0.477955397357327,0.527586068107069
"049013","PORTO AZZURRO",0.574767859833986,0.576917808614145,0.934683696648003,0.611726920466459,0.647611006708853
"049014","PORTOFERRAIO",0.49521372142874,0.471826969282665,0.926141210614735,0.527782431881606,0.572044518407509
"049017","ROSIGNANO MARITTIMO",0.447982239355405,0.414817849302873,0.929737258355325,0.481233765731758,0.531067487134376
"049018","SAN VINCENZO",0.541746451265269,0.53427637104314,0.934563118700025,0.577666581908787,0.617321752663369
"049019","SASSETTA",0.663645231143563,0.700972569452976,0.927237487307915,0.706801758999234,0.731294617700199
"049020","SUVERETO",0.603031076713684,0.621301868997813,0.94014170311771,0.644963995881945,0.677761518908141
"049021","RIO",0.574135933881879,0.572641363001802,0.929914302018934,0.609041213799549,0.644693779157259
"050001","BIENTINA",0.52913183205412,0.51616010415478,0.943371316697403,0.564718502963745,0.606791037823041
"050002","BUTI",0.557261504897992,0.555973669988695,0.939488814430901,0.5949047101421,0.633191832840855
"050003","CALCI",0.507162092083104,0.46179671638281,0.92734811589279,0.52876627539894,0.573053146564924
"050004","CALCINAIA",0.50020576026929,0.47663383545155,0.941959362934931,0.533773754367871,0.579127710875322
"050005","CAPANNOLI",0.55121470822172,0.546030375712556,0.940703251592993,0.587830612929723,0.627038683892309
"050006","CASALE MARITTIMO",0.633372328459776,0.642199140874253,0.931329267873923,0.667140087987706,0.696494441308396
"050008","CASCINA",0.417714620477147,0.370797186464647,0.923082025002373,0.447138515624044,0.500021127777192
"050009","CASTELFRANCO DI SOTTO",0.519602526073419,0.518056138898502,0.948523875960586,0.561798786833423,0.604768241180885
"050010","CASTELLINA MARITTIMA",0.626899340403857,0.646896635587239,0.941160770484879,0.667324266244481,0.697750544493414
"050011","CASTELNUOVO DI VAL DI CECINA",0.64159828733046,0.66018946049329,0.951328546806586,0.680937341201346,0.710980808490817
"050012","CHIANNI",0.638719748613366,0.657088160515105,0.934333517262168,0.676546910834029,0.705189867103822
"050014","FAUGLIA",0.583375724090231,0.589972370951976,0.948957975101224,0.622902440279116,0.659130833037127
"050015","GUARDISTALLO",0.640351200665373,0.645831991325908,0.92989674732981,0.671772111129057,0.700452626262474
"050016","LAJATICO",0.650684928311368,0.678419458412356,0.947582666363367,0.692855240662012,0.721158287962163
"050019","MONTECATINI VAL DI CECINA",0.644456041500856,0.675558163848486,0.948256258177376,0.688832018224942,0.717656933775212
"050020","MONTESCUDAIO",0.611338558106963,0.614531903365065,0.93453107191829,0.645094814854242,0.677254398972469
"050021","MONTEVERDI MARITTIMO",0.65290007686163,0.694454222775312,0.944515690407053,0.700761003877329,0.727844857936187
"050022","MONTOPOLI IN VAL D'ARNO",0.522076877987194,0.51732649010728,0.950158945259216,0.562747410168435,0.605793136289633
"050023","ORCIANO PISANO",0.668184522050829,0.719101030965762,0.949178067940147,0.719196305651481,0.744749834794666
"050024","PALAIA",0.571899011006909,0.572918357737737,0.942474109344313,0.609415226869522,0.646421769366721
"050025","PECCIOLI",0.569301072316557,0.572496921756787,0.940398057846218,0.607848903117627,0.644798809198581
"050026","PISA",0.335496753543333,0.238402135984626,0.891135181516424,0.347368018439224,0.407786592114469
"050027","POMARANCE",0.573236938943214,0.57749148784899,0.949129465727981,0.61274073862929,0.650117263862478
"050028","PONSACCO",0.493679538071237,0.473664514326433,0.93718848708718,0.529023672287669,0.574375318376504
"050029","PONTEDERA",0.437323369420094,0.392927387495781,0.925577743357226,0.466170614947866,0.517215851437795
"050030","RIPARBELLA",0.627715846758137,0.635039479267812,0.933994782614024,0.66163937497308,0.691901086933185
"050031","SAN GIULIANO TERME",0.42156034860311,0.365250300671664,0.92455923157332,0.44652071533098,0.499636106024573
"050032","SAN MINIATO",0.456460583775272,0.432478998889932,0.939784703578579,0.4940012825572,0.543532773781797
"050033","SANTA CROCE SULL'ARNO",0.512609193245904,0.508847957408528,0.952418307505327,0.554897548545027,0.599066521762838
"050034","SANTA LUCE",0.637351021502829,0.648620455938992,0.934861843492752,0.672173349198095,0.701360959675279
"050035","SANTA MARIA A MONTE",0.522112257546827,0.519314659319254,0.949892725514829,0.563631385141219,0.606549311849398
"050036","TERRICCIOLA",0.572188192394834,0.576884352317835,0.941874547961216,0.611270099916823,0.648003927477311
"050037","VECCHIANO",0.511635398690354,0.492489179326851,0.939774594196403,0.545833519527383,0.589604750046163
"050038","VICOPISANO",0.514507702329334,0.494479994474811,0.936800509576411,0.547724514519507,0.59095518063694
"050039","VOLTERRA",0.510479516841742,0.490848472330649,0.933155720654236,0.543913167193,0.587162339799803
"050040","CASCIANA TERME LARI",0.50883677326528,0.495881015352197,0.938704104461001,0.545993415323964,0.589627936339191
"050041","CRESPINA LORENZANA",0.556278442641813,0.555412809060778,0.945241784618709,0.594785241728037,0.633724857604778
"051001","ANGHIARI",0.552848412524676,0.544704297401526,0.930689813979832,0.586967700864774,0.625159046766447
"051002","AREZZO",0.358016759902965,0.293360987107675,0.897261592767773,0.382846145431565,0.440003417357811
"051003","BADIA TEDALDA",0.673824390722866,0.706817850848059,0.935743691388499,0.714863377845766,0.73940563490607
"051004","BIBBIENA",0.500559459162113,0.478840409381028,0.93165896175551,0.533895837019965,0.578091739768359
"051005","BUCINE",0.525873561379943,0.521288299470498,0.943926051789904,0.565615442561689,0.607649954698157
"051006","CAPOLONA",0.55761697062764,0.551760555823883,0.938370288282047,0.59305691573139,0.631425068237018
"051007","CAPRESE MICHELANGELO",0.655239127514907,0.682084168743427,0.939747572732429,0.695770240589493,0.722878833049819
"051008","CASTEL FOCOGNANO",0.596961673743674,0.602194650027165,0.937395818271705,0.633359927524048,0.667141693162677
"051010","CASTEL SAN NICCOLÒ",0.61485688996634,0.635750231821084,0.942441594523183,0.657017364256659,0.688731167619606
"051011","CASTIGLION FIBOCCHI",0.608394830525801,0.615812684772039,0.940923270244233,0.644985708908451,0.677867660167983
"051012","CASTIGLION FIORENTINO",0.497203650692291,0.476283274674465,0.931341321159236,0.531203248530964,0.57566303437855
"051013","CAVRIGLIA",0.525924210744137,0.514854257252035,0.945202456817483,0.562870556280026,0.605351878561966
"051014","CHITIGNANO",0.672790347156207,0.699492516865064,0.939181002559006,0.711445389065473,0.73674934612031
"051015","CHIUSI DELLA VERNA",0.626827666387351,0.643942375864145,0.942231270647974,0.66606964607797,0.696754271030193
"051016","CIVITELLA IN VAL DI CHIANA",0.532324291896466,0.526090393160985,0.941103956905131,0.570397003966366,0.611586665404007
"051017","CORTONA",0.466110668986717,0.437206734877784,0.924732542835134,0.498966086022539,0.546273470112827
"051018","FOIANO DELLA CHIANA",0.533548167082486,0.527020597837049,0.936105735324363,0.570866517746227,0.611448653032686
"051020","LORO CIUFFENNA",0.546283570063179,0.540103981857169,0.944999810252267,0.583374379389384,0.623554982818593
"051021","LUCIGNANO",0.57647381521356,0.57568685785622,0.935032063786453,0.611975509260046,0.647870681985203
"051022","MARCIANO DELLA CHIANA",0.587011812099005,0.59497053498751,0.941259445892471,0.626018000778178,0.6610448280131
"051023","MONTEMIGNAIO",0.732580528942218,0.779664186418578,0.944999892710369,0.775010111183395,0.793897864686393
"051024","MONTERCHI",0.621584197440319,0.638168507863885,0.938990340393239,0.660787751426216,0.691699150200329
"051025","MONTE SAN SAVINO",0.526668012929173,0.517982779956217,0.936153498811633,0.563708206679589,0.605091016916482
"051026","MONTEVARCHI",0.464519485377694,0.436586470514051,0.934452521859657,0.498942932337251,0.54733288672863
"051027","ORTIGNANO RAGGIOLO",0.65450536771227,0.671054067393435,0.937700198378899,0.690271765635457,0.717763813718062
"051030","PIEVE SANTO STEFANO",0.588650856436879,0.590278402513543,0.937164950165896,0.62423466154428,0.659004693613348
"051031","POPPI",0.541362334151263,0.527520062502338,0.930780767260443,0.574075155220165,0.613709112113529
"051033","SAN GIOVANNI VALDARNO",0.483938901037524,0.457890967858837,0.936230015036379,0.517446442507,0.56397795056582
"051034","SANSEPOLCRO",0.478086585657639,0.444817260570925,0.926797213900665,0.50798645219292,0.554520981271559
"051035","SESTINO",0.653983354827671,0.675523153272078,0.928235831204978,0.691101511765385,0.717449769480895
"051037","SUBBIANO",0.548906380196148,0.542957072447799,0.939397491522493,0.585278302842025,0.624624879362077
"051038","TALLA",0.660198593205145,0.685592970705028,0.942885040851495,0.699894707844727,0.726893633734368
"051039","TERRANUOVA BRACCIOLINI",0.503564454028066,0.486091272407345,0.94139224101427,0.539484300997362,0.584140738777019
"051040","CASTELFRANCO PIANDISCÒ",0.524209729728437,0.515167663185816,0.951645507534354,0.562884377564849,0.606080058672572
"051041","PRATOVECCHIO STIA",0.548412576710718,0.537888791784466,0.932785097909135,0.582114125613746,0.621077566979901
"051042","LATERINA PERGINE VALDARNO",0.552521665350638,0.554133045708053,0.943194836493154,0.592314103625726,0.631300851722107
"052001","ABBADIA SAN SALVATORE",0.551703296303683,0.548706397370119,0.932860717306165,0.588470433883828,0.626736020930754
"052002","ASCIANO",0.543235588784174,0.531756403223471,0.93821366708017,0.577567763111457,0.617639530219092
"052003","BUONCONVENTO",0.591908039873311,0.59550115342159,0.940036494063574,0.628337786389063,0.662970976130675
"052004","CASOLE D'ELSA",0.577243002885714,0.576891517952599,0.941663554330259,0.613526889810267,0.649986519201377
"052005","CASTELLINA IN CHIANTI",0.586947647445523,0.585212419388121,0.94199456859909,0.621671486935049,0.657262940453276
"052006","CASTELNUOVO BERARDENGA",0.491147545526019,0.447010416235913,0.934872052344443,0.515658288027314,0.562237595173662
"052007","CASTIGLIONE D'ORCIA",0.621321485348785,0.640490713516957,0.961098586668435,0.663925348156428,0.696944596879984
"052008","CETONA",0.604671129122449,0.617742720678911,0.942098382075112,0.644296070618123,0.677385216335566
"052009","CHIANCIANO TERME",0.527806170087697,0.512344547388161,0.922980129738462,0.560365835837982,0.600656312938036
"052010","CHIUSDINO",0.640232359203913,0.654597767273872,0.938687746184687,0.676542331533472,0.705669599828052
"052011","CHIUSI",0.533797259373384,0.526439188447307,0.938685279611919,0.570974929480503,0.61183163505066
"052012","COLLE DI VAL D'ELSA",0.464275348121208,0.431730266800759,0.931712724118143,0.4963737991267,0.544744790792416
"052013","GAIOLE IN CHIANTI",0.600597001271416,0.604807281664512,0.941871516475012,0.636619078968669,0.670536016469373
"052015","MONTEPULCIANO",0.493622440298638,0.472092070121195,0.931978943539765,0.527769424042901,0.572681592875886
"052016","MONTERIGGIONI",0.480920739490566,0.428766471657279,0.930355302871818,0.502394775303712,0.549945945033502
"052017","MONTERONI D'ARBIA",0.519324417098206,0.494981536778317,0.935582710544142,0.54999595029885,0.592838923659438
"052018","MONTICIANO",0.640771753203835,0.660784659478336,0.939502430399661,0.679650628746943,0.7085230511528
"052019","MURLO",0.588728596910303,0.58210908619506,0.93110689772443,0.619987647169856,0.654556452787031
"052020","PIANCASTAGNAIO",0.589454561515548,0.601400523070596,0.945461338107136,0.630430921874478,0.665434301455885
"052021","PIENZA",0.612861637337825,0.620074400352287,0.937412294406168,0.648562446401167,0.680656873957279
"052022","POGGIBONSI",0.451174766585172,0.420952607318812,0.932901109334438,0.485747429190236,0.535431171428481
"052023","RADDA IN CHIANTI",0.641410721880437,0.665624553511134,0.945445522313503,0.682710426157557,0.711903214619329
"052024","RADICOFANI",0.645267760985249,0.698239577943379,0.948623792990929,0.699440681816976,0.727127694169637
"052025","RADICONDOLI",0.66009649036551,0.674379696513907,0.931365837436182,0.693650867839356,0.720063642239003
"052026","RAPOLANO TERME",0.561300634133805,0.558805874470093,0.94642000071348,0.598689928943102,0.637326603584255
"052027","SAN CASCIANO DEI BAGNI",0.633999095904567,0.652823796775611,0.938400119284914,0.672910313634572,0.702409180929054
"052028","SAN GIMIGNANO",0.528615242002162,0.513101385612488,0.932785444645023,0.562051026891095,0.603243739974864
"052030","SAN QUIRICO D'ORCIA",0.600263945782166,0.610698342532995,0.942702824822258,0.639203312224048,0.672925480290516
"052031","SARTEANO",0.567318284371133,0.568766033604385,0.938038110385091,0.605041754127492,0.642041349267225
"052032","SIENA",0.363756448174648,0.275169485435786,0.905772395709556,0.378093909695651,0.436724852586085
"052033","SINALUNGA",0.509459016617866,0.49355177934371,0.936314904371001,0.544986348619809,0.58846729925883
"052034","SOVICILLE",0.499090586612669,0.466765423824489,0.933556189413147,0.527990823638036,0.573053642057493
"052035","TORRITA DI SIENA",0.549931795587217,0.551868798079839,0.942378881748355,0.590048155325011,0.629196013816494
"052036","TREQUANDA",0.646305994660029,0.661734579245575,0.936435620141001,0.682261820271622,0.710503353590442
"052037","MONTALCINO",0.555655480277734,0.552882602306261,0.955888155082734,0.594430952671071,0.634592864050145
"053001","ARCIDOSSO",0.573673890449621,0.575769223709151,0.934713860593609,0.610720787430809,0.646720017782231
"053002","CAMPAGNATICO",0.620134150184877,0.634676056019369,0.936146084660042,0.658279201257915,0.689153299413707
"053003","CAPALBIO",0.572770830461368,0.576760745148935,0.949315838660037,0.61222079289064,0.649675797976129
"053004","CASTEL DEL PIANO",0.563288311148386,0.557453580713659,0.932820884124695,0.59761593975039,0.634860933569757
"053005","CASTELL'AZZARA",0.673641684644356,0.717784302187728,0.948475209360209,0.720989215010459,0.746265436604875
"053006","CASTIGLIONE DELLA PESCAIA",0.531129895522998,0.521168714577561,0.935923229710059,0.567126697516257,0.608104089982235
"053007","CINIGIANO",0.627156029629126,0.650068849698915,0.940242134150481,0.668775409112666,0.698938378561313
"053008","CIVITELLA PAGANICO",0.613612508856612,0.632134301920068,0.938494128439374,0.654435477693444,0.685997549998547
"053009","FOLLONICA",0.468937320608429,0.442065549442421,0.927991533111525,0.502750444834035,0.549999454642645
"053010","GAVORRANO",0.552704746341676,0.555294448447814,0.939751004020153,0.592574738057286,0.631149878719827
"053011","GROSSETO",0.373505957735954,0.315474811562325,0.902790110239326,0.400320357208158,0.456150329767177
"053012","ISOLA DEL GIGLIO",0.63324156216689,0.652249865257039,0.933168959952471,0.671788038336015,0.700830362960066
"053013","MAGLIANO IN TOSCANA",0.596236600597501,0.610073840586764,0.9394056141066,0.636780259943579,0.670405299295026
"053014","MANCIANO",0.547454362555876,0.547822654787742,0.932384978002565,0.586113155604885,0.62458780253796
"053015","MASSA MARITTIMA",0.54030217327907,0.533526167877234,0.936628963812403,0.576885649901577,0.616857129225002
"053016","MONTE ARGENTARIO",0.508586267504082,0.498463283746448,0.940109176202951,0.547183215683033,0.590841655740802
"053017","MONTIERI",0.664626937586844,0.695964080857209,0.942196104038688,0.706485568703693,0.732675628185359
"053018","ORBETELLO",0.486459668327297,0.464164815837953,0.928568585521434,0.520637876426506,0.565963510770387
"053019","PITIGLIANO",0.594229384857608,0.602082388047749,0.933266304293794,0.63166692823679,0.665177970020902
"053020","ROCCALBEGNA",0.64748779305376,0.695385739883989,0.934407660570011,0.697733855878988,0.724030945289102
"053021","ROCCASTRADA",0.553060954435675,0.558462373027636,0.939467168293211,0.594132214187811,0.632502764643966
"053022","SANTA FIORA",0.605341515392245,0.609935150421621,0.932910061973195,0.640165505813559,0.672692678720185
"053023","SCANSANO",0.585841670258194,0.595483556142999,0.933805467534817,0.624976898634018,0.65929118406744
"053024","SCARLINO",0.583271805372115,0.588235824193558,0.937465475891716,0.620924980893724,0.656096147004612
"053025","SEGGIANO",0.638742062785081,0.679889409241813,0.936194802420579,0.68700364265416,0.714691549294874
"053026","SORANO",0.6101809330544,0.627978103814356,0.932852045804572,0.650456771171398,0.681834023908417
"053027","MONTEROTONDO MARITTIMO",0.66654682857099,0.705036331599805,0.952213893530959,0.712433811429954,0.73907604277451
"053028","SEMPRONIANO",0.670734323362419,0.699946214726946,0.932544172700222,0.710060659410237,0.734781049775791
"054001","ASSISI",0.442167714853982,0.399712731108985,0.918818274458545,0.47072802812919,0.520515833276896
"054002","BASTIA UMBRA",0.464714455462073,0.43214919479548,0.924273043390646,0.496015946954964,0.543600068781151
"054003","BETTONA",0.563431957061233,0.554431244813186,0.929451983241979,0.595983639167686,0.633035677398163
"054004","BEVAGNA",0.550231615393325,0.539479337002528,0.925305758289095,0.582900504407043,0.62094553261616
"054005","CAMPELLO SUL CLITUNNO",0.596363414154824,0.593804679363933,0.932261666686774,0.628801808752118,0.662519570744858
"054006","CANNARA",0.567186102932123,0.562023989918531,0.928932200780423,0.601037761860836,0.637470477296346
"054007","CASCIA",0.587779082017365,0.592647679414658,0.924137420109502,0.623605784655361,0.65699818859471
"054008","CASTEL RITALDI",0.589930557854003,0.595387759757845,0.933117933871926,0.626705036312524,0.660750913819124
"054009","CASTIGLIONE DEL LAGO",0.492541570297552,0.470850136709696,0.928173489910475,0.526343617144309,0.570991380784994
"054010","CERRETO DI SPOLETO",0.628619535664225,0.669198495200728,0.933872584700256,0.677405372359254,0.705901729286032
"054011","CITERNA",0.57864123070437,0.575424839364936,0.932803412163846,0.612610072747572,0.648187110460491
"054012","CITTÀ DELLA PIEVE",0.531758342041037,0.521478416979842,0.935495379397054,0.567506079499101,0.608393779487763
"054013","CITTÀ DI CASTELLO",0.41896333473222,0.372132549091425,0.912233961078253,0.447216543828465,0.498885145745109
"054014","COLLAZZONE",0.582852293996151,0.586127359940336,0.935444644088098,0.619585308680229,0.654680790392214
"054015","CORCIANO",0.446309813697051,0.396111618908966,0.922629816625377,0.471352626335245,0.521494536367482
"054016","COSTACCIARO",0.636627368388538,0.682610737662472,0.943000366651979,0.687957184388152,0.7162953157508
"054017","DERUTA",0.515084058098933,0.49473907857232,0.926358286102882,0.547056240112352,0.589200911889077
"054018","FOLIGNO",0.392909735746833,0.33532353064499,0.906572780380203,0.418362247914341,0.47260786263277
"054019","FOSSATO DI VICO",0.612291391628304,0.613285420069864,0.930713623766869,0.644580927640863,0.676373449432641
"054020","FRATTA TODINA",0.603825429482565,0.601769577285461,0.925279129467631,0.635045665992375,0.667293828600737
"054021","GIANO DELL'UMBRIA",0.582144883540811,0.585828703574217,0.938516394977018,0.619439753699464,0.654892713841415
"054022","GUALDO CATTANEO",0.570383757059135,0.576343134263849,0.93863621850376,0.609890722945719,0.646418000229946
"054023","GUALDO TADINO",0.491205175976801,0.470260346478127,0.927400866726849,0.525399571777403,0.570066382327341
"054024","GUBBIO",0.441100311248162,0.402941025698405,0.91827564398699,0.471646166024654,0.521271663576025
"054025","LISCIANO NICCONE",0.653598227218206,0.687854674458578,0.93107451863442,0.696761257617995,0.722796064397598
"054026","MAGIONE",0.487996736236922,0.463011598757466,0.926624870187182,0.520616237766193,0.565728308035192
"054027","MARSCIANO",0.476295019781094,0.44960614850877,0.92745702427133,0.509401228157572,0.555851872170212
"054028","MASSA MARTANA",0.569761552970292,0.566391570573721,0.930653456966688,0.604334251291475,0.640591940810943
"054029","MONTE CASTELLO DI VIBIO",0.636610771606174,0.65711170276794,0.936315132954371,0.675806626763788,0.70475201634052
"054030","MONTEFALCO",0.555850591087892,0.552338437273603,0.931084392623418,0.591793502025015,0.629492489869282
"054031","MONTELEONE DI SPOLETO",0.678787337365894,0.729621543993768,0.932452589750399,0.727029255586888,0.749854070493944
"054032","MONTE SANTA MARIA TIBERINA",0.613433616760481,0.645236773418306,0.930508414898278,0.659452517070282,0.689569839051171
"054033","MONTONE",0.620763694561198,0.626049549346623,0.927117943409225,0.653777754099442,0.684148886244973
"054034","NOCERA UMBRA",0.558726683999055,0.554714616074967,0.928341258719092,0.593882710905219,0.631044771773427
"054035","NORCIA",0.564058719063937,0.56114681998191,0.928240976489178,0.599166590219549,0.635730410916174
"054036","PACIANO",0.634706604162227,0.635191335919485,0.920550369731471,0.663509110009917,0.692069249978979
"054037","PANICALE",0.562817517317561,0.563218304952054,0.936794211376617,0.600395541158989,0.637773171183169
"054038","PASSIGNANO SUL TRASIMENO",0.541249752872019,0.526321524714364,0.929497863653689,0.573356861279241,0.612928083765291
"054039","PERUGIA",0.312987819318298,0.224697515613504,0.86386246440961,0.328344647160272,0.387846626854643
"054040","PIEGARO",0.583649052093683,0.590591042563127,0.939645338494083,0.622372576444973,0.657625105561541
"054041","PIETRALUNGA",0.61816576233726,0.632023157942267,0.933763267702956,0.655961340896082,0.686828221652402
"054042","POGGIODOMO",0.807583514123329,0.884946296790024,0.94425380303877,0.856063795214886,0.865862684973095
"054043","PRECI",0.669664257630141,0.721031701309852,0.941795952289242,0.719992776751921,0.744637574033845
"054044","SAN GIUSTINO",0.503931368730214,0.483460050485949,0.9297829320339,0.537304431850663,0.580913154093245
"054045","SANT'ANATOLIA DI NARCO",0.666931007413954,0.710856010204974,0.934280485826344,0.713432206511152,0.73797090421284
"054046","SCHEGGIA E PASCELUPO",0.622315518092125,0.666514072511386,0.935871176111426,0.673560433382723,0.70270607146369
"054047","SCHEGGINO",0.698989040123269,0.734176261867886,0.94254654711571,0.73917904060759,0.761775430219604
"054048","SELLANO",0.643911957940686,0.692849606767465,0.94129647691856,0.695672351810524,0.722963921266973
"054049","SIGILLO",0.608179650971958,0.615001850952229,0.936005338713898,0.644032209737274,0.676473668512455
"054050","SPELLO",0.515955993764285,0.49526417189279,0.927641672293862,0.54781324177507,0.590016400721602
"054051","SPOLETO",0.433385716467273,0.396214198081561,0.9182221481297,0.465142176359945,0.515484395445474
"054052","TODI",0.478837429664536,0.451667457390964,0.926936080882921,0.511420807263267,0.557589170998784
"054053","TORGIANO",0.526931829996575,0.503927512432345,0.926998964935208,0.556586600586535,0.59774352995861
"054054","TREVI",0.533069783647812,0.525680436147418,0.935219095230741,0.569959508430927,0.61054390696424
"054055","TUORO SUL TRASIMENO",0.571578027476196,0.567325332206833,0.926621479572869,0.60516865981465,0.640885639787786
"054056","UMBERTIDE",0.481889374082867,0.454264955353717,0.925928661792613,0.513862314425724,0.559647464133156
"054057","VALFABBRICA",0.601413761306462,0.61499865890848,0.936745624601435,0.641060151556867,0.673914093006264
"054058","VALLO DI NERA",0.687006695356567,0.733473463046721,0.930772883860276,0.732293359667507,0.75434664013337
"054059","VALTOPINA",0.654974106194741,0.68217636729979,0.939317191343406,0.69564943220688,0.722723627666494
"055001","ACQUASPARTA",0.564749614048343,0.561477609647327,0.931366116201657,0.599938862283217,0.636764112718599
"055002","ALLERONA",0.603409763912702,0.64180097287207,0.938920720353147,0.654236903588462,0.685868438784539
"055003","ALVIANO",0.648999274096536,0.672153097241838,0.939629283203526,0.688481495422621,0.716386805176055
"055004","AMELIA",0.497601011119291,0.472118461640461,0.926662707706954,0.529040033512584,0.573220330645292
"055005","ARRONE",0.60447113953597,0.613087866896275,0.934286863775779,0.641330239272089,0.673880975328054
"055006","ATTIGLIANO",0.634696105841816,0.64684793909683,0.937760044909119,0.670470824713303,0.700169626957282
"055007","BASCHI",0.596916689896643,0.602829924086803,0.931562541463326,0.633042230438884,0.666211153886044
"055008","CALVI DELL'UMBRIA",0.62148580942195,0.631051955707718,0.929896485858503,0.656631642894201,0.686994403223568
"055009","CASTEL GIORGIO",0.617155970168047,0.629348567329495,0.929389268054236,0.653865968679318,0.684479668609864
"055010","CASTEL VISCARDO",0.598517456554015,0.605561500796609,0.934713019664652,0.635306832774246,0.66857418687318
"055011","FABRO",0.610310387378268,0.62919928517641,0.94034061160804,0.651813413810409,0.683871991343479
"055012","FERENTILLO",0.620452124079677,0.635107302952421,0.938539514813865,0.65885569364583,0.689931673775612
"055013","FICULLE",0.624917935061332,0.63463944801828,0.928163993366297,0.659617221722455,0.689455751905104
"055014","GIOVE",0.632956994976979,0.650921740202171,0.938979694884015,0.671643400319019,0.701347433048463
"055015","GUARDEA",0.616779237081991,0.626345273063557,0.930961755468168,0.652502205112313,0.683442155151853
"055016","LUGNANO IN TEVERINA",0.640927915206128,0.664139951871675,0.937019499233086,0.68098249010832,0.709431046677738
"055017","MONTECASTRILLI",0.56452805269778,0.560847327729238,0.934773415457869,0.599896262737945,0.637104835262381
"055018","MONTECCHIO",0.640482726985248,0.658279560442435,0.935197143459207,0.677962743688378,0.706544343662915
"055019","MONTEFRANCO",0.62990159988168,0.637609571428551,0.929475227413918,0.663327549830996,0.692899514006876
"055020","MONTEGABBIONE",0.66556648114579,0.692197268966627,0.932483990622668,0.704242086612854,0.7296022981695
"055021","MONTELEONE D'ORVIETO",0.646248359350532,0.663138401507442,0.936589055455731,0.682882947931662,0.711072515434336
"055022","NARNI",0.48049440382325,0.458540398440842,0.9310691909944,0.515672580118282,0.561827759104517
"055023","ORVIETO",0.459368002679411,0.420275913373135,0.921237024841882,0.487963464707834,0.536104971389395
"055024","OTRICOLI",0.642981963845904,0.667471537550794,0.942142153129655,0.68391829094148,0.71260983118461
"055025","PARRANO",0.726704856164261,0.762839774924837,0.94149838330551,0.764444922320645,0.784117529096741
"055026","PENNA IN TEVERINA",0.655211513449107,0.672962117434293,0.938721402788999,0.69155027417643,0.71901373291116
"055027","POLINO",0.730750008234646,0.787543364362971,0.946285189623805,0.777860536631308,0.796574386963808
"055028","PORANO",0.606351529608831,0.603741838856295,0.932703843190277,0.637812400128334,0.670578116024106
"055029","SAN GEMINI",0.543789975822047,0.525463950991213,0.933817926951174,0.574546059761084,0.614465156115539
"055030","SAN VENANZO",0.610223081976304,0.616257655815711,0.930534782513131,0.64496981025772,0.676699251619432
"055031","STRONCONE",0.558982610513904,0.550609565495207,0.934640065006464,0.592780485704746,0.630764883404937
"055032","TERNI",0.351638364519727,0.283711252368421,0.889033113397022,0.374810638939368,0.431946469434663
"055033","AVIGLIANO UMBRO",0.606298932768579,0.613219372319724,0.934564379154584,0.642239675205195,0.674720197866238
"056001","ACQUAPENDENTE",0.552565667875031,0.543242937347757,0.926094026236312,0.585723274973886,0.623542247336378
"056002","ARLENA DI CASTRO",0.679503206650552,0.716723293689004,0.936922127230794,0.721994137875879,0.745875025581981
"056003","BAGNOREGIO",0.582411829622736,0.583968080351739,0.931846720832578,0.618055631571771,0.652921308156305
"056004","BARBARANO ROMANO",0.630194803110606,0.666031457544785,0.943426407423479,0.677644458037274,0.707175785746852
"056005","BASSANO ROMANO",0.57826246982369,0.571309329724503,0.934962811807449,0.610803590977432,0.646821282180767
"056006","BASSANO IN TEVERINA",0.652375382809149,0.673472877510672,0.938768150515733,0.690508532195493,0.718092934231075
"056007","BLERA",0.604085611380931,0.612268418775284,0.938665147426985,0.641225828312995,0.674274641547883
"056008","BOLSENA",0.580900734859913,0.580159066444247,0.923494901197985,0.614826400706671,0.649122900761261
"056009","BOMARZO",0.628589437996091,0.6369107940719,0.936029071720805,0.663078011602676,0.693405907171357
"056010","CALCATA",0.667605219106791,0.688659309860925,0.934174565538505,0.703736494589323,0.729340724694787
"056011","CANEPINA",0.594111944068373,0.589364646618544,0.923946547072745,0.624959120516387,0.658179945689316
"056012","CANINO",0.573046509360034,0.58157511421237,0.930508566426075,0.612630587250189,0.647950362714177
"056013","CAPODIMONTE",0.619342151242951,0.618267393094679,0.927528877561575,0.649677182708091,0.680549593247367
"056014","CAPRANICA",0.545312428838861,0.532458481857526,0.930741239306592,0.578071033744033,0.617256612139873
"056015","CAPRAROLA",0.5668795323006,0.562038585011172,0.928482767159445,0.600861429506242,0.637263800356598
"056016","CARBOGNANO",0.621325817576287,0.633842634309452,0.933999683117002,0.658225771660283,0.688867317377696
"056017","CASTEL SANT'ELIA",0.615548574574215,0.622130746399193,0.931932424494281,0.650148936887462,0.681458213288219
"056018","CASTIGLIONE IN TEVERINA",0.625212518257079,0.642912942169412,0.939094156834352,0.664565872875356,0.695069015537467
"056019","CELLENO",0.654503497531629,0.673464325163295,0.937565654740722,0.691342085686788,0.718700260026114
"056020","CELLERE",0.66410977167381,0.702306586312043,0.938493432768457,0.70873670437048,0.734265229748033
"056021","CIVITA CASTELLANA",0.497481255569357,0.479768252667,0.935788194777886,0.533341098184149,0.57805744225012
"056022","CIVITELLA D'AGLIANO",0.635069623028718,0.647724689225518,0.926837651777931,0.669941205692199,0.69848525525728
"056023","CORCHIANO",0.599181104555415,0.608076686443259,0.935348428582882,0.636800848807691,0.669972802116046
"056024","FABRICA DI ROMA",0.540761036707249,0.535300291239668,0.938238047754203,0.578051402351533,0.618072140729607
"056025","FALERIA",0.619896063430517,0.625037815293145,0.929550099459171,0.653175255371565,0.683883571381299
"056026","FARNESE",0.62247802335651,0.664949481930693,0.936012104148996,0.672943587794141,0.70217342294468
"056027","GALLESE",0.610888885827252,0.623056312783953,0.937969816765108,0.649072321051553,0.681172042797504
"056028","GRADOLI",0.619111981198573,0.654659960976661,0.928327656914643,0.66603013967032,0.695174308253022
"056029","GRAFFIGNANO",0.632484105879368,0.652585462150609,0.940490372633854,0.672330342876875,0.702125901738762
"056030","GROTTE DI CASTRO",0.607244526806619,0.615771500006997,0.930803957183471,0.643437607784474,0.67536720216214
"056031","ISCHIA DI CASTRO",0.632723897162719,0.657414523777387,0.937685079360963,0.674330797359144,0.703592384248235
"056032","LATERA",0.652813189514425,0.698605979694893,0.934300849475762,0.701568711091769,0.72742783757888
"056033","LUBRIANO",0.655676437897423,0.668858160559883,0.925543156685915,0.688594884974379,0.714922470720105
"056034","MARTA",0.596865598215367,0.599545524333035,0.929327141218259,0.631317719268607,0.664429877263013
"056035","MONTALTO DI CASTRO",0.534619956546006,0.532782524308123,0.935465170646882,0.573877633449046,0.614054026471028
"056036","MONTEFIASCONE",0.494133516482955,0.467965845125674,0.925939984051031,0.525538711128986,0.570027741453658
"056037","MONTE ROMANO",0.630562209269347,0.646816566793887,0.945735158969435,0.669393965125399,0.700098542219181
"056038","MONTEROSI",0.555074853723633,0.540202403045205,0.932442378656095,0.586119003411586,0.624599378438754
"056039","NEPI",0.519661174705835,0.50171677817092,0.932074279724315,0.552827506766971,0.594966037095565
"056040","ONANO",0.662012979002683,0.720043359161833,0.943260197417383,0.716251371915771,0.741474574749283
"056041","ORIOLO ROMANO",0.572716299200718,0.565548892247522,0.93216871242423,0.605436207394131,0.641739819064142
"056042","ORTE",0.524255650424425,0.501884256120437,0.934297362596568,0.555192694204845,0.597315435137259
"056043","PIANSANO",0.613309087696228,0.618844304230656,0.920704356381263,0.646539462005224,0.677002228047006
"056044","PROCENO",0.664021896662065,0.705864716301451,0.926052598923352,0.709054235725917,0.733165164970077
"056045","RONCIGLIONE",0.520020229696807,0.499592765831254,0.928084761288748,0.551634324116502,0.593462150468974
"056046","VILLA SAN GIOVANNI IN TUSCIA",0.610475475302432,0.640848292143751,0.933630785135954,0.656458773864378,0.687255664005664
"056047","SAN LORENZO NUOVO",0.627063125473635,0.638274618031871,0.929674036016677,0.662369388179145,0.692069904605538
"056048","SORIANO NEL CIMINO",0.534730478705709,0.523036007909904,0.929992266026208,0.568994145579647,0.609105047851487
"056049","SUTRI",0.531525870594475,0.509516684081484,0.929444684632582,0.56141361806744,0.6023059587969
"056050","TARQUINIA",0.480025132397923,0.449193718824699,0.925301773386154,0.510678660388796,0.55674789516628
"056051","TESSENNANO",0.761632474167833,0.81321992084264,0.941590100693368,0.802842587824049,0.818258978142863
"056052","TUSCANIA",0.534994407435032,0.522154654734654,0.929142605814561,0.568631338557815,0.608688146030787
"056053","VALENTANO",0.594240618190493,0.599822962817888,0.934250252249812,0.630753636678752,0.664475482853314
"056054","VALLERANO",0.60856000190887,0.609459611864447,0.927273600072749,0.640836186205268,0.672662565523877
"056055","VASANELLO",0.587661612182138,0.588034946275559,0.938287437824929,0.622892195088457,0.657936110948065
"056056","VEJANO",0.616331350665997,0.623907547440038,0.937073121710336,0.651814816318749,0.683510183584481
"056057","VETRALLA",0.501221676455567,0.479041414604592,0.92843340787541,0.533961731764613,0.577791917999146
"056058","VIGNANELLO",0.580696727423511,0.584300798994503,0.930551548077168,0.617304041695823,0.652109320182639
"056059","VITERBO",0.378227205548905,0.311469194418307,0.90504270792331,0.400867650777576,0.456887101571547
"056060","VITORCHIANO",0.543955452134879,0.520590184689432,0.934308244067517,0.572476360977692,0.612679903543228
"057001","ACCUMOLI",0.690144405107102,0.749831927793032,0.940719298029845,0.742061279608045,0.764134392766023
"057002","AMATRICE",0.620505555412281,0.636891315810566,0.932352389008359,0.659063830951117,0.689429226290811
"057003","ANTRODOCO",0.614214959220099,0.620001040975377,0.935920564556754,0.64898925654364,0.680870512989541
"057004","ASCREA",0.729392494384094,0.790903511325309,0.936788539504983,0.777812056519729,0.795476110184758
"057005","BELMONTE IN SABINA",0.686623674066672,0.717159536072783,0.935628810759491,0.725265325638704,0.74863904620768
"057006","BORBONA",0.660464666409803,0.703483822098576,0.934093362073076,0.707186156036078,0.732398067817967
"057007","BORGOROSE",0.578811975461851,0.575350265295569,0.928983519034521,0.612271360244291,0.647461600109873
"057008","BORGO VELINO",0.660221702520065,0.673958154890694,0.934881502413018,0.693869086076143,0.720648243446907
"057009","CANTALICE",0.607607376482069,0.618818856116745,0.939512249688432,0.64584302963831,0.678472942977212
"057010","CANTALUPO IN SABINA",0.627010241909453,0.629059731052172,0.923501413423588,0.65758162917509,0.687128271869368
"057011","CASAPROTA",0.653420709429816,0.696653453304915,0.942212298943301,0.701754603124959,0.728472124882553
"057012","CASPERIA",0.641144611647701,0.648706526328882,0.930254088502832,0.673458420939746,0.7019912728912
"057013","CASTEL DI TORA",0.690736953916904,0.73226355330374,0.918554694799583,0.732205697729248,0.752911141848174
"057014","CASTELNUOVO DI FARFA",0.650865210049095,0.664270659523802,0.932332628567558,0.68504440416456,0.712520873542671
"057015","CASTEL SANT'ANGELO",0.615652536024785,0.650074929118747,0.933641337758533,0.662941493090443,0.69301925360912
"057016","CITTADUCALE",0.54938609289859,0.535195384026348,0.93591597841867,0.581653262458089,0.621015786453709
"057017","CITTAREALE",0.736428500570461,0.779590523916283,0.934121713745058,0.77562073239354,0.793231952543709
"057018","COLLALTO SABINO",0.688021664901879,0.738504288423733,0.940663980886839,0.736003077085209,0.758743177507612
"057019","COLLE DI TORA",0.702886938051365,0.758132679510413,0.940412407817112,0.751500068684511,0.772490328588133
"057020","COLLEGIOVE",0.781404214189223,0.842408777313507,0.953862119839792,0.826102058160208,0.84029762056905
"057021","COLLEVECCHIO",0.644723237515392,0.664435277087733,0.937085188435131,0.682829850414919,0.711080443528276
"057022","COLLI SUL VELINO",0.670306194989573,0.709001482094454,0.930508197806179,0.71373927446843,0.737824710394847
"057023","CONCERVIANO",0.708762076630978,0.758874947115579,0.937325195534263,0.754169180239377,0.774519848605475
"057024","CONFIGNI",0.666262964479013,0.711455599099168,0.940354996290006,0.714008853239182,0.739158424689273
"057025","CONTIGLIANO",0.571313689062372,0.564566271211323,0.934855565664303,0.604631538689593,0.641323097242338
"057026","COTTANELLO",0.662506469731378,0.699286834477937,0.935359716643537,0.706342958558546,0.731789265012433
"057027","FARA IN SABINA",0.500911097956252,0.478352482209827,0.930301338760226,0.533698744950758,0.577765699818477
"057028","FIAMIGNANO",0.64963786323344,0.66876460698326,0.928656393276565,0.686146750925172,0.713092266741993
"057029","FORANO",0.604814207422647,0.609583526949441,0.932708152054836,0.639749795672924,0.672300724159803
"057030","FRASSO SABINO",0.669765298026108,0.683228129200804,0.929035731201532,0.701750615372264,0.727004517131072
"057031","GRECCIO",0.6325617713992,0.642023417325289,0.932630075196044,0.666826342445625,0.696360090529005
"057032","LABRO",0.667320806715841,0.690895154967371,0.927442442814319,0.703941427038877,0.728774873236148
"057033","LEONESSA",0.620038012436305,0.638436882204166,0.936223459771403,0.659936048565352,0.690634649810469
"057034","LONGONE SABINO",0.741720652004439,0.793769188926719,0.943954349266838,0.785365863345705,0.802986806225831
"057035","MAGLIANO SABINA",0.592066459853606,0.598201972278953,0.934589218934671,0.629079716353119,0.663025216639958
"057036","MARCETELLI",0.823887703210123,0.891544538671032,0.946258056375672,0.866570314484087,0.875424508027596
"057037","MICIGLIANO",0.754221656211841,0.813264316385077,0.943186825173609,0.799687370185974,0.815631754073489
"057038","MOMPEO",0.687004668508918,0.719428672264639,0.933917415355118,0.726286744883613,0.749356819380447
"057039","MONTASOLA",0.679813868566715,0.722687298296659,0.928356693513605,0.723961194439879,0.746671805448071
"057040","MONTEBUONO",0.645210649036131,0.683962230322692,0.937144231676643,0.691842218879135,0.719097998078858
"057041","MONTELEONE SABINO",0.650621351735572,0.665457686486571,0.929723105495204,0.685207877749485,0.712376236387898
"057042","MONTENERO SABINO",0.705089296338344,0.753737910664843,0.935119661438597,0.749984209295294,0.770554815088994
"057043","MONTE SAN GIOVANNI IN SABINA",0.658381861792223,0.706907766208421,0.944732536906999,0.708853586290989,0.735062358581657
"057044","MONTOPOLI DI SABINA",0.56452770402363,0.559930493913082,0.935532870173796,0.5995594760889,0.636889853209444
"057045","MORRO REATINO",0.711309538567609,0.773652935294596,0.947704300515154,0.763003543289507,0.783525849647912
"057046","NESPOLO",0.721014159356994,0.771291541554888,0.937702024428225,0.765307767853169,0.784462685250398
"057047","ORVINIO",0.677741551541378,0.716102718827682,0.940931098622916,0.721323031528368,0.745723927872207
"057048","PAGANICO SABINO",0.710372569438591,0.744535232773727,0.915487246747693,0.746257235670313,0.765060570234466
"057049","PESCOROCCHIANO",0.633634549311692,0.662846933331927,0.942584917143829,0.677675158904012,0.707109576486213
"057050","PETRELLA SALTO",0.659884600661285,0.683228183801464,0.932089154779809,0.697609668486218,0.723662944741061
"057051","POGGIO BUSTONE",0.634276072572353,0.655711639697118,0.937816270666841,0.674276097587946,0.703558339041157
"057052","POGGIO CATINO",0.647292953256282,0.656490455589236,0.934108478665086,0.680113381846991,0.708335059271224
"057053","POGGIO MIRTETO",0.543239404844373,0.530225808099124,0.930128115983734,0.576072157422947,0.615411708374146
"057054","POGGIO MOIANO",0.591153008734555,0.586067996892344,0.924282260410209,0.622177678573125,0.655744854332801
"057055","POGGIO NATIVO",0.609851261337598,0.6164989671934,0.934931112196745,0.645350714058624,0.677526313851748
"057056","POGGIO SAN LORENZO",0.689977988107111,0.714876887726693,0.935475226151716,0.725732216740383,0.749036995563865
"057057","POSTA",0.668344122799902,0.719145970060794,0.934174641278935,0.717788005915207,0.741830965400066
"057058","POZZAGLIA SABINA",0.729224509782289,0.798163733485088,0.952424631472524,0.782567172617572,0.801440223601456
"057059","RIETI",0.396622839927834,0.332658024723665,0.910746162860085,0.419251005379183,0.473861578432617
"057060","RIVODUTRI",0.649084410873975,0.661382031840257,0.934886730950912,0.683198572316496,0.711163923275875
"057061","ROCCANTICA",0.6667170488634,0.709478041614003,0.941139329264073,0.713401723641239,0.738705902043776
"057062","ROCCA SINIBALDA",0.677630708320485,0.709299464147573,0.937329627570461,0.717851540367672,0.742237994501315
"057063","SALISANO",0.722017897250595,0.752223488472816,0.934830479456799,0.756891671521215,0.776662650180724
"057064","SCANDRIGLIA",0.596795944808935,0.59905917689189,0.931459906884699,0.631280795453841,0.66463403005727
"057065","SELCI",0.633930457408641,0.673695246114837,0.936572695050907,0.682088836090656,0.710364820419572
"057066","STIMIGLIANO",0.621987324765637,0.630629932106676,0.931061856772212,0.656783951269762,0.687259274103367
"057067","TARANO",0.654235470945502,0.674212074626338,0.932262210400723,0.6910276165474,0.717831460308881
"057068","TOFFIA",0.638147040434655,0.679411914406395,0.952254524826512,0.688126982161124,0.717474486901723
"057069","TORRICELLA IN SABINA",0.64870100056115,0.663461253926691,0.930502531509516,0.68352326767048,0.71096540809704
"057070","TORRI IN SABINA",0.64889509816378,0.671088831472114,0.93949580199282,0.687942348535434,0.715892732252921
"057071","TURANIA",0.775806785202971,0.841098235684101,0.956690405902884,0.823276299989471,0.838100089535406
"057072","VACONE",0.765056769861157,0.821779069080382,0.936310029879877,0.80770713051168,0.821996341552591
"057073","VARCO SABINO",0.74260391985054,0.804800391171847,0.94557338640814,0.790889278600888,0.808076401690583
"058001","AFFILE",0.642383471874777,0.653068779932367,0.928859272021544,0.675839440515369,0.703952755127166
"058002","AGOSTA",0.607011277655583,0.648632944767099,0.948548224453543,0.659894722535561,0.691967333859782
"058003","ALBANO LAZIALE",0.42258986919034,0.37266793217355,0.923060388491773,0.450172049462928,0.502715198243911
"058004","ALLUMIERE",0.59555219294071,0.604047730114422,0.942422973371209,0.63406226271193,0.668324563896295
"058005","ANGUILLARA SABAZIA",0.47009910513416,0.431952266501854,0.927929072871659,0.498716024523372,0.546406363228738
"058006","ANTICOLI CORRADO",0.646920173616365,0.688468788345406,0.944562315881433,0.69538126447094,0.723068047960995
"058007","ANZIO",0.402480717610958,0.349075119569476,0.913691366105201,0.429569263341715,0.483360608093214
"058008","ARCINAZZO ROMANO",0.645543179208696,0.659925789249482,0.933083005701496,0.68076933637633,0.70880418852357
"058009","ARICCIA",0.463979662876072,0.421167201398668,0.927249008830037,0.491040989806637,0.539508547475903
"058010","ARSOLI",0.64579244898852,0.667016849919751,0.944167473040077,0.685180931812729,0.713957214171324
"058011","ARTENA",0.527700618918646,0.517805887677446,0.93680671507954,0.564158599476196,0.605563945654345
"058012","BELLEGRA",0.620906814031881,0.640321232245492,0.940928658828687,0.661645486707687,0.692676950276687
"058013","BRACCIANO",0.461312960560686,0.413389212467278,0.928495603384663,0.48646553820105,0.535579989888119
"058014","CAMERATA NUOVA",0.742006739152695,0.790602083649915,0.944233559135989,0.784097326174774,0.801890240948242
"058015","CAMPAGNANO DI ROMA",0.501904884488087,0.474501383557345,0.927635021531051,0.532146322773549,0.576089511524383
"058016","CANALE MONTERANO",0.572521646585093,0.564463052163542,0.934937639001107,0.605136878336997,0.641781407299675
"058017","CANTERANO",0.687463166091463,0.734379538344642,0.940334216934876,0.733862638689735,0.756803925161417
"058018","CAPENA",0.513819398285851,0.487251244321458,0.929249210032268,0.543406710176516,0.586278099049377
"058019","CAPRANICA PRENESTINA",0.74768219720748,0.790290491369119,0.928601833989372,0.784947893258407,0.800909442228514
"058020","CARPINETO ROMANO",0.584396441111899,0.58142513795888,0.931695576235914,0.617789268205442,0.652667746875494
"058021","CASAPE",0.669281338488089,0.716957525428351,0.943866630662576,0.718194151828656,0.743268871699091
"058022","CASTEL GANDOLFO",0.515039006695251,0.486031049619201,0.933321170557042,0.543813642397208,0.587092256637189
"058023","CASTEL MADAMA",0.543647235716745,0.528452226196644,0.93212807485452,0.575657565346477,0.61526539973626
"058024","CASTELNUOVO DI PORTO",0.513717762117545,0.480836839102068,0.926474108202392,0.540196981369065,0.583116662128324
"058025","CASTEL SAN PIETRO ROMANO",0.646628905657459,0.648146775784335,0.919971822892938,0.674646238938101,0.701904637155305
"058026","CAVE",0.535464655220025,0.521329656395037,0.934119196779312,0.568969359904709,0.609541564001887
"058027","CERRETO LAZIALE",0.612700755918167,0.642192286066302,0.933205159043379,0.658022384797349,0.688598248602463
"058028","CERVARA DI ROMA",0.699363702992898,0.731301512681885,0.93798139540454,0.737597486594107,0.759862365350821
"058029","CERVETERI",0.436771357697728,0.394356021545106,0.92314936623101,0.466322257282376,0.517080824943336
"058030","CICILIANO",0.650462725328401,0.662322797306536,0.933664366182154,0.684119921803937,0.711847082290406
"058031","CINETO ROMANO",0.671259710565655,0.722864250953864,0.943515410407977,0.721707323724582,0.746352666689403
"058032","CIVITAVECCHIA",0.411854565905904,0.362188456457622,0.921605086149372,0.440479868678524,0.493938226175285
"058033","CIVITELLA SAN PAOLO",0.625931029082171,0.633491431871714,0.929897614210105,0.659729868850259,0.689748507223575
"058034","COLLEFERRO",0.459094859157775,0.41703291968714,0.927402390562491,0.486997739536461,0.535931589650464
"058035","COLONNA",0.569999567127204,0.55707735735557,0.933151247171153,0.600499740734363,0.63746101922734
"058036","FIANO ROMANO",0.488675259675463,0.46122648898232,0.93618806725526,0.521074593621528,0.567198312914165
"058037","FILACCIANO",0.687726708878397,0.713015129758765,0.926321831030889,0.722966010489812,0.745561101661043
"058038","FORMELLO",0.466485340918093,0.417339538213084,0.93736854222069,0.491458049831098,0.541003660096609
"058039","FRASCATI",0.439570282005931,0.382777910899603,0.925371653578462,0.462593852165336,0.514013607877906
"058040","GALLICANO NEL LAZIO",0.568702280638428,0.565201277891804,0.937914185204475,0.604048019859052,0.641144260452988
"058041","GAVIGNANO",0.621673919769101,0.62594949308732,0.935186165167684,0.654949152302158,0.686086598176105
"058042","GENAZZANO",0.563435358597322,0.556830447488992,0.934746708565528,0.597594283595394,0.635055664147631
"058043","GENZANO DI ROMA",0.455813060235567,0.415506745519309,0.923909849018984,0.484484897491593,0.533309892105747
"058044","GERANO",0.617560939385305,0.65073560016299,0.934010369123125,0.664134479709045,0.694120689643943
"058045","GORGA",0.652814208736181,0.692243377578081,0.946582274878141,0.699934141329232,0.727339489501333
"058046","GROTTAFERRATA",0.432299590204103,0.365703513412757,0.930288284533639,0.452130225080951,0.505258898353472
"058047","GUIDONIA MONTECELIO",0.385290914254435,0.330853484643972,0.908754403762682,0.413140419880551,0.468208640311899
"058048","JENNE",0.735139426635319,0.768287009564857,0.931454812606211,0.7696873775507,0.787661537001312
"058049","LABICO",0.549757467306752,0.537533909114236,0.934736752084782,0.582754794597923,0.621863900985352
"058050","LANUVIO",0.505559430070745,0.484597828372055,0.929961001836176,0.538566866482877,0.582055103744355
"058051","LICENZA",0.646435564777369,0.68978304714048,0.940818601407438,0.695380235503776,0.722651165048627
"058052","MAGLIANO ROMANO",0.606946411325824,0.636412716480615,0.937468012758447,0.653258408788742,0.684837253674265
"058053","MANDELA",0.630328790625149,0.660114755836829,0.946782288059487,0.675377824713839,0.705533876196689
"058054","MANZIANA",0.513090546180758,0.476381466881304,0.931496897636332,0.538412095641561,0.582088184752091
"058055","MARANO EQUO",0.665595715279968,0.678197077854672,0.933002985078252,0.698007055418413,0.724117714269506
"058056","MARCELLINA",0.562140027614141,0.556325668112692,0.933116275185845,0.596621190595659,0.634009533327902
"058057","MARINO",0.41554628222486,0.361299783152046,0.920358119219123,0.44161654134152,0.494810049994587
"058058","MAZZANO ROMANO",0.597454100746957,0.601603086078515,0.935395386053367,0.633115272676799,0.666701951940863
"058059","MENTANA",0.469754870232621,0.436432720825878,0.925813105553494,0.500365726531674,0.547637657534098
"058060","MONTE COMPATRI",0.501730028987172,0.472066248958104,0.927404484571606,0.530948773532535,0.574999408092432
"058061","MONTEFLAVIO",0.617500576488381,0.653968238248615,0.942815420083011,0.666442508639949,0.697150609911401
"058062","MONTELANICO",0.617837532333376,0.616001701137039,0.927569176705178,0.647984572732204,0.679049528729201
"058063","MONTELIBRETTI",0.568267686112996,0.561076880958807,0.932770419482197,0.601482097130531,0.638291910725161
"058064","MONTE PORZIO CATONE",0.484645971647164,0.430409288894916,0.929007554255997,0.504675622669536,0.551823615068031
"058065","MONTEROTONDO",0.420937907162367,0.366908299860247,0.91750840264923,0.4462816334251,0.498640163338892
"058066","MONTORIO ROMANO",0.591260770214447,0.621291713333854,0.931094497385892,0.638758067335325,0.671239892896499
"058067","MORICONE",0.614437598990531,0.617406788813021,0.932005013105949,0.647530475822193,0.67913875774261
"058068","MORLUPO",0.513976576451606,0.485179296268722,0.926270678049009,0.542247210529049,0.584916484697933
"058069","NAZZANO",0.656402204854898,0.68071666857141,0.941083197828851,0.695811812824724,0.723064188936294
"058070","NEMI",0.590981126161461,0.574517889391916,0.933268650509084,0.617801422049928,0.652853336323168
"058071","NEROLA",0.614828026376785,0.620094819678442,0.937234501465425,0.649438730871395,0.681416038715176
"058072","NETTUNO",0.426015796683409,0.38332586904868,0.919164696242185,0.456120219203659,0.507569605541273
"058073","OLEVANO ROMANO",0.552106557703887,0.54352916254227,0.932753542186401,0.586311428329411,0.624804996535743
"058074","PALESTRINA",0.469473509959113,0.437728795223907,0.92679337277873,0.500920374610232,0.548239596628954
"058075","PALOMBARA SABINA",0.506895564859217,0.487770422066145,0.933178041287957,0.540917498245208,0.584502003027736
"058076","PERCILE",0.721200478570019,0.772807409960663,0.930269485179002,0.765330498356707,0.783657052448073
"058077","PISONIANO",0.653101214231798,0.6945686865279,0.939912495479943,0.700442704889858,0.727050459399868
"058078","POLI",0.597230890054517,0.636988980130067,0.941185317667922,0.649517473349855,0.681925011607418
"058079","POMEZIA",0.40338329323465,0.351010656360498,0.915395864159916,0.431016863733808,0.484836752670042
"058080","PONZANO ROMANO",0.652930642649704,0.671215798659746,0.930561898793314,0.688922088468584,0.715770956282443
"058081","RIANO",0.50334289279462,0.473385919551377,0.933736245695495,0.532901590125248,0.577438774077498
"058082","RIGNANO FLAMINIO",0.51500045249305,0.493844050302895,0.933524567337686,0.547332482991944,0.590242714585915
"058083","RIOFREDDO",0.636335400505738,0.665478688373218,0.927884838920769,0.678604823887607,0.706302603335736
"058084","ROCCA CANTERANO",0.717391850478653,0.770758788021687,0.93584822432539,0.763252609757692,0.782429900265214
"058085","ROCCA DI CAVE",0.68296027643957,0.72542938547022,0.943170641880416,0.728092412047447,0.751989993139999
"058086","ROCCA DI PAPA",0.476872397764345,0.44201273296545,0.928173903158091,0.506315699144217,0.553188832923536
"058087","ROCCAGIOVINE",0.764052696346189,0.820249614545617,0.950929059937731,0.808028945895086,0.823906736344269
"058088","ROCCA PRIORA",0.499151593222965,0.468767280732649,0.929333377169764,0.528496830997002,0.573034225016198
"058089","ROCCA SANTO STEFANO",0.697602210529665,0.724253199388592,0.936895114960243,0.73352444595924,0.756121186959351
"058090","ROIATE",0.649176983031343,0.686872661728685,0.937802487221718,0.695002588864185,0.721980355348355
"058091","ROMA",0.136255389409067,0,0,0.0613149252340802,0.0545021557636269
"058092","ROVIANO",0.609200326523582,0.636230334118179,0.934288013360055,0.653872598624798,0.685029866928716
"058093","SACROFANO",0.507596705729145,0.469373627995503,0.931477104629661,0.532784360639058,0.577083554415792
"058094","SAMBUCI",0.681511594721637,0.719070301319218,0.94675853372333,0.724937706590718,0.749584465161008
"058095","SAN GREGORIO DA SASSOLA",0.64011390213847,0.653173586375007,0.933628410253733,0.675342210856438,0.704040677456137
"058096","SAN POLO DEI CAVALIERI",0.597845280103232,0.601078940351121,0.936013755594999,0.633117274763959,0.666772439300741
"058097","SANTA MARINELLA",0.460023023793246,0.415110754056877,0.927518037993094,0.486562003831865,0.535557118738668
"058098","SANT'ANGELO ROMANO",0.562607745900845,0.547985369814882,0.927200737564985,0.592486975828576,0.629677393799288
"058099","SANT'ORESTE",0.595494579636587,0.60012814926514,0.935566706881117,0.631586898693889,0.665362432936914
"058100","SAN VITO ROMANO",0.605426375477901,0.606795225462655,0.931043040328985,0.638604024456149,0.671097248442019
"058101","SARACINESCO",0.707436688984961,0.73614249159747,0.928042359882895,0.742414867250383,0.763040144209551
"058102","SEGNI",0.521663398229542,0.497530155163352,0.931573930900345,0.551794492116837,0.593992207537227
"058103","SUBIACO",0.528523392685344,0.508197631273279,0.92986945120433,0.559511405901813,0.600662299824315
"058104","TIVOLI",0.404429888844657,0.351160951601611,0.913220196798613,0.431337897880682,0.48488037553823
"058105","TOLFA",0.58015012526042,0.573494156891784,0.93415137964038,0.61255506493253,0.648287988788957
"058106","TORRITA TIBERINA",0.6491733594671,0.654514241702787,0.932021330926138,0.679861553619063,0.707879306653182
"058107","TREVIGNANO ROMANO",0.529185404212499,0.499363096150961,0.930512086397157,0.555898033803273,0.597521817424816
"058108","VALLEPIETRA",0.771547527930873,0.83487825907364,0.927292881165324,0.815620892268563,0.82802889103487
"058109","VALLINFREDA",0.750161937724086,0.79667525512011,0.938262374007924,0.789902974180681,0.806387351939263
"058110","VALMONTONE",0.5037230142642,0.485521246148103,0.93368464447328,0.538528381632864,0.582434633059577
"058111","VELLETRI",0.4157518200583,0.370078999718451,0.91584380662844,0.445208249562382,0.497501089236388
"058112","VICOVARO",0.604942395898036,0.612682654073665,0.938678312335996,0.641799103720865,0.67478568245588
"058113","VIVARO ROMANO",0.769680742604245,0.820062008817282,0.935184742062613,0.808902712345948,0.822934048981133
"058114","ZAGAROLO",0.490081067380927,0.466486155277272,0.929859192380566,0.523441169434247,0.568598727539393
"058115","LARIANO",0.517169219358716,0.5029942006591,0.933824374543015,0.552455976462319,0.594830242915729
"058116","LADISPOLI",0.439750561427938,0.397650442432715,0.919468127160504,0.468777264453344,0.518854026976362
"058117","ARDEA",0.434988817326077,0.397907061234343,0.920565709484079,0.466859716300597,0.517271493320984
"058118","CIAMPINO",0.421099187837595,0.364584525360065,0.925713824203319,0.446129053359279,0.499416250119728
"058119","SAN CESAREO",0.50250379289185,0.480815025585626,0.932238934767979,0.535717361791662,0.579775314344586
"058120","FIUMICINO",0.394485323170281,0.34376038759698,0.911019495145072,0.423312519359775,0.477502183335919
"058122","FONTE NUOVA",0.454789625500176,0.418887897941083,0.923373283674656,0.485492213916032,0.534145666111435
"059001","APRILIA",0.412677954931139,0.374760162204049,0.91734918341045,0.44608207105188,0.498445083536165
"059002","BASSIANO",0.658369329251577,0.688885982497379,0.941224482045244,0.700387338491555,0.727147021108631
"059003","CAMPODIMELE",0.695197975143114,0.730556475834061,0.930770279416816,0.73466653088141,0.756455836274233
"059004","CASTELFORTE",0.573402396945243,0.568465072303324,0.929840899037483,0.606824451065603,0.642715167506923
"059005","CISTERNA DI LATINA",0.459549793427539,0.437382335960789,0.928329073265802,0.496452365551328,0.544438666408492
"059006","CORI",0.515202810330981,0.501707031297996,0.926834103183617,0.550292839051401,0.592130757288314
"059007","FONDI",0.443854998513098,0.410000212312906,0.913665845608146,0.475601429432517,0.524275253452031
"059008","FORMIA",0.419245809396165,0.364481683737303,0.913260500780829,0.444003421988144,0.496143097409553
"059009","GAETA",0.452231163065789,0.401496267068445,0.918216029946817,0.475998946555087,0.525134178043057
"059010","ITRI",0.505191285260318,0.479224014710076,0.920343909122477,0.535021275898925,0.577834901812653
"059011","LATINA",0.34419154913895,0.275504464066591,0.889511379994445,0.367814343941938,0.425780681281105
"059012","LENOLA",0.588603324609046,0.58958406837913,0.930033534402654,0.623187680284945,0.657281664075801
"059013","MAENZA",0.613568345900506,0.629504027081382,0.937252746730494,0.653107842514899,0.684679498538854
"059014","MINTURNO",0.46880823555899,0.433736400869268,0.919327939211848,0.498077880313901,0.544883442413673
"059015","MONTE SAN BIAGIO",0.59390928687583,0.611373554427807,0.941827525671205,0.636560031153757,0.670478641655696
"059016","NORMA",0.594789615129429,0.603599339342335,0.937501824254378,0.633025211937732,0.666855946639581
"059017","PONTINIA",0.519334010068621,0.515767604905561,0.937372296387479,0.55953295637713,0.601515105267169
"059018","PONZA",0.589567351149652,0.595501476687454,0.92101454941703,0.625382427468401,0.658230441018248
"059019","PRIVERNO",0.510708596930273,0.499476673967292,0.9323547672316,0.547818848627064,0.590545061805346
"059020","PROSSEDI",0.658145569489185,0.686261402264418,0.933886762979352,0.698371813587056,0.724540141297311
"059021","ROCCAGORGA",0.588820293209318,0.591199636888894,0.933443778556605,0.624353346399856,0.658696727750606
"059022","ROCCA MASSIMA",0.634850293521971,0.681713738123799,0.943198495343073,0.686773663774904,0.715265311726923
"059023","ROCCASECCA DEI VOLSCI",0.702553032996006,0.736162337997871,0.942532013629605,0.741675118310205,0.763992551123472
"059024","SABAUDIA",0.479596279002934,0.455764012519168,0.933082745875982,0.514220405772544,0.560760665784037
"059025","SAN FELICE CIRCEO",0.527327494798079,0.522755290147583,0.931649052018036,0.565702158427352,0.606362924381872
"059026","SANTI COSMA E DAMIANO",0.551886543722841,0.545818900260567,0.930507838581779,0.587018233650712,0.625183745309719
"059027","SERMONETA",0.526189262768075,0.508036580242181,0.939387761945354,0.55934040554915,0.601567889593173
"059028","SEZZE",0.489610642604318,0.472003636180756,0.927559616137204,0.525482387067004,0.57015763474147
"059029","SONNINO",0.575384859426416,0.584040649806008,0.938297510000056,0.615571230154596,0.651429705692981
"059030","SPERLONGA",0.577869318404361,0.568546140094243,0.918528969650091,0.607739853289381,0.64227197732946
"059031","SPIGNO SATURNIA",0.593125083614085,0.593679515347476,0.926207251927266,0.626682794725429,0.659963289970077
"059032","TERRACINA",0.430083325221591,0.392856699202541,0.914043901557023,0.461727401146562,0.511984790081058
"059033","VENTOTENE",0.657282016940309,0.663547734797188,0.909361800466302,0.685309568328504,0.710204260788259
"060001","ACQUAFONDATA",0.744770935651933,0.779649128258828,0.915225221251463,0.777511550884989,0.792813069814597
"060002","ACUTO",0.638819903297297,0.653574491116703,0.932847655048663,0.674862242991166,0.703527288775333
"060003","ALATRI",0.474754817756602,0.454778876694689,0.935283088351244,0.511818471338206,0.558870095450765
"060004","ALVITO",0.61284383243252,0.618488889514914,0.927490463920219,0.646848771268367,0.678031181563018
"060005","AMASENO",0.602429734337884,0.620252301466061,0.942506162225597,0.644457532334335,0.677574046766698
"060006","ANAGNI",0.484819652339394,0.465114088063234,0.937451655932607,0.521215348774443,0.567463827347573
"060007","AQUINO",0.574011898490514,0.567012623021697,0.93373751878187,0.606834786558682,0.643157312361258
"060008","ARCE",0.555545684584599,0.54528468616265,0.933333220674542,0.588706988903716,0.626998792433808
"060009","ARNARA",0.635275012939172,0.657625321271866,0.941930345844612,0.675998184979428,0.705546202853338
"060010","ARPINO",0.534412465263484,0.514470498396317,0.928087068012733,0.564806040448184,0.605170599066467
"060011","ATINA",0.563634881668888,0.554533448185864,0.91938171374876,0.595113919809514,0.631143674691653
"060012","AUSONIA",0.613865106564604,0.615179320614265,0.92384959856805,0.645454952087296,0.676387690585157
"060013","BELMONTE CASTELLO",0.662844077083071,0.710267808576015,0.934022848229687,0.711302633369558,0.736049323909572
"060014","BOVILLE ERNICA",0.559416735948415,0.567375256490149,0.937579512762197,0.600814347873574,0.638232699527865
"060015","BROCCOSTELLA",0.599475368813222,0.599553794290785,0.929092601671763,0.63247238356398,0.665430185575955
"060016","CAMPOLI APPENNINO",0.637616067031147,0.65348078081139,0.936009220183792,0.674594503547521,0.703640583173773
"060017","CASALATTICO",0.719557588436795,0.756047948408263,0.913491161302393,0.755371607710515,0.772940446998502
"060018","CASALVIERI",0.623550588587601,0.633940786133918,0.927207053401775,0.658591823964861,0.688437960568963
"060019","CASSINO",0.421254193290444,0.363163054817136,0.911999467564538,0.444187708404865,0.49616679275594
"060020","CASTELLIRI",0.592508077641498,0.59284371989026,0.931156444859069,0.626523953375198,0.660372007984517
"060021","CASTELNUOVO PARANO",0.675053358616641,0.702732173893134,0.932497256445115,0.71325321527391,0.737613664292933
"060022","CASTROCIELO",0.582296994577775,0.579811573387543,0.9365460471996,0.616603460304353,0.652152636626047
"060023","CASTRO DEI VOLSCI",0.588530940190499,0.59774369432677,0.942928202799584,0.628116405812729,0.663095494366824
"060024","CECCANO",0.481870027123302,0.4581566706579,0.931864938222317,0.516198507823773,0.562383666756944
"060025","CEPRANO",0.536244811841693,0.521989018558311,0.933153458424208,0.569520569522422,0.609924223844843
"060026","CERVARO",0.530041197759087,0.509577617783367,0.927113785032819,0.560539845497386,0.601270283223545
"060027","COLFELICE",0.649208621826467,0.67914219705761,0.951815252398578,0.692939393737692,0.721703378033346
"060028","COLLEPARDO",0.651667328173807,0.702070376479315,0.943452947780881,0.703527261871993,0.730185671417425
"060029","COLLE SAN MAGNO",0.670475985591608,0.719968514127475,0.937066269544083,0.719406651827996,0.74359105379645
"060030","CORENO AUSONIO",0.622523442834495,0.621013115999872,0.918392683583344,0.6514307198338,0.681093160250416
"060031","ESPERIA",0.59562327635383,0.599452679379135,0.93180886868367,0.630965066948201,0.66439215602992
"060032","FALVATERRA",0.66494661760558,0.706843630325842,0.93784712063284,0.711090323632424,0.736285523299137
"060033","FERENTINO",0.482100847970055,0.458796341096336,0.931943376984414,0.516598072778317,0.562747551023439
"060034","FILETTINO",0.733764784547263,0.779516730801751,0.941709787915155,0.775147660698572,0.793654563722637
"060035","FIUGGI",0.510229981081577,0.488674239583976,0.924752684805518,0.541982167780051,0.584512225227325
"060036","FONTANA LIRI",0.576141164499225,0.559319930055974,0.922485993643163,0.603206091914156,0.638681636550712
"060037","FONTECHIARI",0.609831239635158,0.635465822361664,0.924900287982635,0.652873706696834,0.683098882395256
"060038","FROSINONE",0.407140734256209,0.35311009522032,0.918427522575508,0.433955625521989,0.487785836305713
"060039","FUMONE",0.626438922289426,0.681196973738967,0.95028165625169,0.683464318837946,0.713110689661695
"060040","GALLINARO",0.631661067880984,0.63614286167817,0.918517377444468,0.662363506046066,0.690825047312555
"060041","GIULIANO DI ROMA",0.613728929776122,0.620633578744168,0.934767021365783,0.648939830970709,0.680698407681272
"060042","GUARCINO",0.642148504584546,0.658157616568888,0.937550286965845,0.67889278321563,0.707632505854543
"060043","ISOLA DEL LIRI",0.498457294076356,0.469440539702934,0.923453445745496,0.52789936977523,0.571849822660815
"060044","MONTE SAN GIOVANNI CAMPANO",0.52123552942465,0.509522578484051,0.930824675566697,0.556923616115585,0.59846817827682
"060045","MOROLO",0.596017956735527,0.60591733580891,0.93911683054591,0.634782564699588,0.668597483126957
"060046","PALIANO",0.551721599229624,0.549389339783653,0.94230580856292,0.589730503412267,0.628905537317895
"060047","PASTENA",0.66757566923679,0.703610969481222,0.950305113453979,0.712064498768503,0.738535678178001
"060048","PATRICA",0.596925411444092,0.604573691969612,0.942703650253596,0.634944961561526,0.669140371416201
"060049","PESCOSOLIDO",0.646446455857363,0.663760809938882,0.930170749184107,0.682610344526721,0.71011705615532
"060050","PICINISCO",0.667051137388472,0.696483208985408,0.930354433491145,0.706625899217361,0.731484625247781
"060051","PICO",0.61141613508329,0.618489427856129,0.933175366000294,0.646775039922768,0.678597298375827
"060052","PIEDIMONTE SAN GERMANO",0.558475498782651,0.553248746078653,0.938608939813206,0.594136804168908,0.632411485907163
"060053","PIGLIO",0.586401305518527,0.591719256131438,0.941643948281115,0.624318647570596,0.659577014316209
"060054","PIGNATARO INTERAMNA",0.617166313058785,0.629708981999351,0.933442286467912,0.654438111422952,0.685438575316836
"060055","POFI",0.627310510325995,0.65243290932136,0.949199584506827,0.670804497291993,0.701737284760308
"060056","PONTECORVO",0.511199497343551,0.488253638853407,0.927596945674321,0.542513605856063,0.585300643613647
"060057","POSTA FIBRENO",0.639442991165202,0.64054694268798,0.924129423268141,0.668408412560746,0.696821858194901
"060058","RIPI",0.581776028524019,0.589583101900832,0.934925396651865,0.620604148356369,0.655528731500313
"060059","ROCCA D'ARCE",0.636192103617964,0.670543052028829,0.935191471587634,0.68154996719982,0.709732356576244
"060060","ROCCASECCA",0.553741882159108,0.543684981789328,0.935499930394147,0.587392081816211,0.626070731658204
"060061","SAN BIAGIO SARACINISCO",0.758834080012644,0.805044747541991,0.921719130303983,0.795917385429984,0.809895357082651
"060062","SAN DONATO VAL DI COMINO",0.604047796041432,0.600976377853889,0.915903959529968,0.633851274205891,0.665190461464122
"060063","SAN GIORGIO A LIRI",0.590751799844552,0.582328030693539,0.924460130417744,0.620331936783915,0.654123958298785
"060064","SAN GIOVANNI INCARICO",0.617536388377816,0.631230606424136,0.942356185726866,0.656180766233565,0.687978035066154
"060065","SANT'AMBROGIO SUL GARIGLIANO",0.624056201974797,0.651690783276684,0.923632694262277,0.666449412789394,0.695025332953048
"060066","SANT'ANDREA DEL GARIGLIANO",0.649761766707774,0.672102086188534,0.928692642181871,0.687707998021526,0.714484069594898
"060067","SANT'APOLLINARE",0.606536733994821,0.602167931056436,0.920474799536961,0.635964579226762,0.667576825927895
"060068","SANT'ELIA FIUMERAPIDO",0.556182416832534,0.547871443391018,0.928989108678634,0.589723147968462,0.627419365825148
"060069","SANTOPADRE",0.649670008642088,0.664576232180453,0.92493284056677,0.683904092426821,0.710685064442371
"060070","SAN VITTORE DEL LAZIO",0.628202035380955,0.638895151818786,0.939099974920358,0.664103731731919,0.694658869863968
"060071","SERRONE",0.608828596825933,0.620579781897115,0.93865666180932,0.647099436606303,0.679494683851083
"060072","SETTEFRATI",0.650592036516473,0.692657671701427,0.924609848937164,0.696923353591771,0.722221853074593
"060073","SGURGOLA",0.642986862997145,0.672035827673772,0.946073276041348,0.686367538406047,0.715223731476636
"060074","SORA",0.452705927990318,0.413911441435342,0.918960954712251,0.481873911712772,0.530439138712714
"060075","STRANGOLAGALLI",0.613850906443734,0.664065049002483,0.945065397389778,0.669568719689775,0.700179461656442
"060076","SUPINO",0.570826412501971,0.572025192419313,0.934200138227457,0.607703236037324,0.643980669614005
"060077","TERELLE",0.717704474223697,0.7814357151997,0.928023222176214,0.76741540745815,0.785260720204602
"060078","TORRE CAJETANI",0.667078854566126,0.701395555249664,0.942497261271603,0.710063210544266,0.735889216180636
"060079","TORRICE",0.552245381237991,0.541569402715322,0.925739409856509,0.584790593764642,0.622673795552627
"060080","TREVI NEL LAZIO",0.640720283971422,0.657252688464102,0.932730208620168,0.677360858458003,0.705735230698243
"060081","TRIVIGLIANO",0.649900727762731,0.677455118212885,0.943782785010706,0.691688409190098,0.719698895392388
"060082","VALLECORSA",0.631220356295394,0.651473252197025,0.942410363341218,0.67145316015571,0.701559516065211
"060083","VALLEMAIO",0.644021582044296,0.684700154501243,0.929713841671261,0.690896165612619,0.717431462952468
"060084","VALLEROTONDA",0.632693843152174,0.680733310372505,0.93545740988601,0.684587960074706,0.712462343387073
"060085","VEROLI",0.499722033689183,0.485559579842311,0.932005831673218,0.536577309256494,0.580513811747241
"060086","VICALVI",0.670148575468251,0.686567797660017,0.92444843049953,0.702967210957674,0.727576235351213
"060087","VICO NEL LAZIO",0.633189966721149,0.649892400226357,0.938792889263466,0.671266354052724,0.700991524631696
"060088","VILLA LATINA",0.662174446602066,0.685761897743202,0.924015837774668,0.698972938732838,0.723977705293041
"060089","VILLA SANTA LUCIA",0.638007545130828,0.659173809045599,0.944849863871293,0.678216595766521,0.707842514444829
"060090","VILLA SANTO STEFANO",0.655636795747865,0.685355324030456,0.943058208164696,0.697752274716714,0.725008489544267
"060091","VITICUSO",0.697249101063599,0.740135498318071,0.920138908881864,0.738836960609938,0.758981621529041
"061001","AILANO",0.660747956996342,0.682038316761964,0.929178432027621,0.697171666394,0.722950195908847
"061002","ALIFE",0.552988888027013,0.546890315878359,0.926471597543916,0.587592801511809,0.625246001070932
"061003","ALVIGNANO",0.578266442951394,0.582659353389791,0.927905456952648,0.615207154048798,0.649951409927004
"061004","ARIENZO",0.583631119273985,0.588472502181568,0.93110689189384,0.620557318844383,0.655062826960989
"061005","AVERSA",0.413944141997929,0.362979292788057,0.91717012204711,0.441332557858405,0.494203398323817
"061006","BAIA E LATINA",0.636363080608066,0.64868551402506,0.923713111931052,0.670643178778012,0.698762060239461
"061007","BELLONA",0.573393903995099,0.57433787727856,0.934089057860996,0.609888207359246,0.645910524081663
"061008","CAIANELLO",0.627725165796787,0.640548841550964,0.931415591804066,0.663864862486895,0.693592721299914
"061009","CAIAZZO",0.563675101620872,0.553886090786515,0.926687980025382,0.595571334585863,0.632362072968031
"061010","CALVI RISORTA",0.556678466570128,0.546407760859308,0.93321931784453,0.589710734127699,0.627878354540681
"061011","CAMIGLIANO",0.63099564183361,0.641399378166525,0.93064043632979,0.66564180263304,0.695086095266012
"061012","CANCELLO ED ARNONE",0.588998308547926,0.598018908056342,0.934026881566249,0.627560435628546,0.661612262954957
"061013","CAPODRISE",0.531396732603588,0.513148293303074,0.932248199117006,0.563270081569698,0.604267650186066
"061014","CAPRIATI A VOLTURNO",0.621421829255584,0.619357662107513,0.919307210519398,0.650281492165333,0.680173238649118
"061015","CAPUA",0.487493638936963,0.458182725149339,0.927622528867882,0.518316616725624,0.563795051408097
"061016","CARINARO",0.567718755891893,0.570116432937429,0.940071407767426,0.606032975749938,0.643148357085214
"061017","CARINOLA",0.554949590260052,0.554931009905075,0.93169709481255,0.592615979555562,0.630291659028561
"061018","CASAGIOVE",0.501730561899258,0.472435873320588,0.928701619195382,0.531245057768469,0.575406897927015
"061019","CASAL DI PRINCIPE",0.50431485519156,0.492042884625936,0.922231667705723,0.540584149688445,0.582989429468143
"061020","CASALUCE",0.566810990941332,0.57266105344009,0.934514881749949,0.606213908146635,0.642691794102559
"061021","CASAPULLA",0.542972688552657,0.527252999415013,0.933628044913899,0.574964364076841,0.614815884169848
"061022","CASERTA",0.362900397996634,0.283050473089876,0.905797506634597,0.381257642652389,0.439539849761523
"061023","CASTEL CAMPAGNANO",0.636799027534159,0.652314057891869,0.924720537643773,0.67257294220609,0.700589341699166
"061024","CASTEL DI SASSO",0.6756472292804,0.705201963427233,0.925882135868429,0.713970350305278,0.737516104256739
"061025","CASTELLO DEL MATESE",0.649056137863118,0.664527934996292,0.925902021837835,0.683703034970518,0.710614033511331
"061026","CASTEL MORRONE",0.588723888985475,0.592931141474477,0.928319431128905,0.624576706819869,0.658325898409762
"061027","CASTEL VOLTURNO",0.516939008894109,0.514846319316707,0.933335354568083,0.557636933151675,0.599381202197943
"061028","CERVINO",0.611710242416153,0.630114060217587,0.9329061866045,0.652111554845633,0.683310958374396
"061029","CESA",0.550538257735464,0.543956041939945,0.932872273415133,0.585809662195447,0.62437217455319
"061030","CIORLANO",0.737320065900607,0.777602048305553,0.922474099495582,0.77396236134233,0.79046366558158
"061031","CONCA DELLA CAMPANIA",0.653283947919977,0.679887043367527,0.926839586523137,0.692610904731691,0.718636313819629
"061032","CURTI",0.552945182860893,0.54623206244834,0.93685687796089,0.588315448185244,0.627042273715871
"061033","DRAGONI",0.615498876692091,0.625956447124862,0.926015557534476,0.651256451471076,0.681785241033676
"061034","FONTEGRECA",0.674424022436996,0.694663380446916,0.929922003954587,0.709081531693219,0.733619361944482
"061035","FORMICOLA",0.640686857379859,0.654409600765654,0.931310594421774,0.675924465607658,0.70430070214256
"061036","FRANCOLISE",0.590807522202862,0.601604920591019,0.936416909475846,0.630227290204831,0.664248359012722
"061037","FRIGNANO",0.555430361081973,0.555828589259528,0.930800355725553,0.593146563226231,0.630663651281711
"061038","GALLO MATESE",0.663177161452228,0.707476765240442,0.911953830765536,0.707989650088255,0.730652336830176
"061039","GALLUCCIO",0.620486805918046,0.633486193458516,0.923280195436172,0.65661586926307,0.686245238837859
"061040","GIANO VETUSTO",0.678558170659622,0.692652818508418,0.935696337051813,0.7106145788308,0.735623663077579
"061041","GIOIA SANNITICA",0.609826322992858,0.626593545467859,0.929816738332897,0.649370614640613,0.680531295050866
"061042","GRAZZANISE",0.580323517082389,0.587570091631491,0.93787989481052,0.619340113402298,0.654733422447656
"061043","GRICIGNANO DI AVERSA",0.534312584067528,0.524971520080744,0.932781542400132,0.569956001106736,0.610269950139335
"061044","LETINO",0.658582589036444,0.701697884630442,0.922052606751366,0.704331473825235,0.728522710817027
"061045","LIBERI",0.662087442021109,0.683455737861482,0.929808273459433,0.698475258293109,0.724178926644923
"061046","LUSCIANO",0.509214296203721,0.490383698097201,0.92699178848817,0.542518276284232,0.585237555418003
"061047","MACERATA CAMPANIA",0.548960268954019,0.551873100573523,0.940549886715353,0.589430004958929,0.628443325154087
"061048","MADDALONI",0.467774425687346,0.443844884546185,0.927677438296515,0.50299643343474,0.550183211752715
"061049","MARCIANISE",0.454581211891298,0.423260820601801,0.924596051821047,0.487488519804,0.536056023361449
"061050","MARZANO APPIO",0.638329156827945,0.655553549069801,0.93369619516796,0.675616837170782,0.704292321392691
"061051","MIGNANO MONTE LUNGO",0.616037879641026,0.632265296526263,0.936626744505526,0.655399103725833,0.686646619368021
"061052","MONDRAGONE",0.484016799595017,0.467903027018398,0.922797515025271,0.520643673478564,0.56532743365042
"061053","ORTA DI ATELLA",0.504500659182457,0.493229574159397,0.934173077990551,0.542395912802889,0.585926708934852
"061054","PARETE",0.519112600446873,0.505488897280456,0.92506292263914,0.553576966241212,0.594853183618759
"061055","PASTORANO",0.610753792268424,0.619862497317809,0.939113021643776,0.647688632478182,0.680069120163248
"061056","PIANA DI MONTE VERNA",0.624809696111054,0.637775167559165,0.929137653833619,0.66107695403496,0.690861476234812
"061057","PIEDIMONTE MATESE",0.509912633872506,0.484622615441352,0.923083913290936,0.53984925352033,0.58243088238373
"061058","PIETRAMELARA",0.583356023068867,0.589603287592098,0.935103382177324,0.621342028015167,0.656204400699851
"061059","PIETRAVAIRANO",0.600806517885938,0.602675516447478,0.925913873156599,0.634158302765697,0.666575588364686
"061060","PIGNATARO MAGGIORE",0.564915389675441,0.561027251155363,0.936164984306966,0.600290686804559,0.637610053193715
"061061","PONTELATONE",0.640435003950555,0.663951231171747,0.934777245265796,0.680451530331615,0.70870994310208
"061062","PORTICO DI CASERTA",0.545359834493753,0.533353881020685,0.934150250471921,0.578836197028689,0.618315536300159
"061063","PRATA SANNITA",0.669677989824018,0.700707923450313,0.934344048872708,0.71010806586072,0.735023175084274
"061064","PRATELLA",0.660622897314991,0.686910509874042,0.933878799708822,0.699777913205947,0.725789122817378
"061065","PRESENZANO",0.652014338798707,0.673878217288063,0.935238016954807,0.690175451934527,0.71740462582567
"061066","RAVISCANINA",0.658260102918087,0.671298130839397,0.923760492592473,0.690677254450115,0.716575392021488
"061067","RECALE",0.557451609179373,0.549227403323891,0.932272875634787,0.591232843189948,0.629126180128263
"061068","RIARDO",0.626505496521231,0.638907512608313,0.933320112776596,0.662767865385954,0.692829226207137
"061069","ROCCA D'EVANDRO",0.609203202813562,0.61801422624579,0.930287046830602,0.645276547759769,0.676944380989861
"061070","ROCCAMONFINA",0.593763340603207,0.600166913367226,0.924765857439114,0.629745200030606,0.662525273075996
"061071","ROCCAROMANA",0.650366856848316,0.691594332737102,0.930118980267044,0.696894433340142,0.722808271887576
"061072","ROCCHETTA E CROCE",0.692387187915434,0.743689907702188,0.939385794983762,0.740173272526306,0.762307997243801
"061073","RUVIANO",0.636968315402289,0.655608428478204,0.930713131918432,0.674730847938065,0.703173323935884
"061074","SAN CIPRIANO D'AVERSA",0.533140736183248,0.528012524714108,0.924134777690395,0.56993244517285,0.609288259897022
"061075","SAN FELICE A CANCELLO",0.519711342846815,0.515224416036792,0.934590026690817,0.559180094166705,0.600892308891606
"061076","SAN GREGORIO MATESE",0.692457254440461,0.735491639899831,0.933919241685542,0.735968926621686,0.757963406073225
"061077","SAN MARCELLINO",0.5302061986024,0.521769485887768,0.929948259984643,0.56638388401904,0.606779925792996
"061078","SAN NICOLA LA STRADA",0.470725747903819,0.433572753896053,0.927570993553065,0.499691425165249,0.547233599430562
"061079","SAN PIETRO INFINE",0.636604187391179,0.671480466878603,0.926528108353768,0.681290905256779,0.708539483378666
"061080","SAN POTITO SANNITICO",0.619675474632463,0.628518645415581,0.929493357212434,0.654636689742863,0.685176319461704
"061081","SAN PRISCO",0.519345921083911,0.502100893897996,0.933925682842726,0.553043635026131,0.595363862561308
"061082","SANTA MARIA A VICO",0.511380378084655,0.49493197251878,0.931248896885827,0.545965447460128,0.588774719618539
"061083","SANTA MARIA CAPUA VETERE",0.436311694011865,0.390508902415691,0.920596503353316,0.464128918727731,0.514847539241685
"061084","SANTA MARIA LA FOSSA",0.631448468878688,0.650382127475868,0.934440063424777,0.670267774702028,0.699620251226778
"061085","SAN TAMMARO",0.576812939408572,0.57481597713592,0.936760987384063,0.611909111183428,0.648003764094609
"061086","SANT'ANGELO D'ALIFE",0.62439579620594,0.640381331077112,0.932812268282586,0.662430934105632,0.692473304569738
"061087","SANT'ARPINO",0.524471937887163,0.514419292677744,0.934302659317,0.560931319685908,0.602417024089363
"061088","SESSA AURUNCA",0.489823214519712,0.47265899740636,0.927627369248616,0.525879732291594,0.570518358620152
"061089","SPARANISE",0.551338618747183,0.545830798789589,0.933753336017517,0.587101571493299,0.625618434218212
"061090","SUCCIVO",0.557183117599172,0.553532130453414,0.936714460396661,0.59349330766333,0.631628991300367
"061091","TEANO",0.525702049906807,0.514368310368307,0.925186080199555,0.560550270143757,0.601065360149957
"061092","TEVEROLA",0.521261304440971,0.508549478576321,0.932937198015339,0.556708572159315,0.598511752809985
"061093","TORA E PICCILLI",0.676635241168978,0.701735160852952,0.932912318672905,0.713557912777159,0.737930624543353
"061094","TRENTOLA DUCENTA",0.493424649280191,0.471062128659663,0.926512437349496,0.526670293807884,0.571097198645841
"061095","VAIRANO PATENORA",0.548768867121696,0.537389267190401,0.924974704439462,0.58126863088439,0.619458194612731
"061096","VALLE AGRICOLA",0.68419774630706,0.745484419502997,0.931867237515667,0.736543698366093,0.758246313827156
"061097","VALLE DI MADDALONI",0.616475546915047,0.62076118520447,0.931764513693492,0.649932980823132,0.681247595586505
"061098","VILLA DI BRIANO",0.557279789862729,0.550877202596332,0.92566763566325,0.591237410172902,0.628396324116274
"061099","VILLA LITERNO",0.548594668518893,0.550323806886907,0.929198247856561,0.587433138718266,0.625407039733632
"061100","VITULAZIO",0.545179085501722,0.530347142516107,0.92975653560084,0.576962456168107,0.6161617983273
"061101","FALCIANO DEL MASSICO",0.606237527897844,0.621532332053244,0.934954843286923,0.645991921306682,0.67809891263782
"061102","CELLOLE",0.540234217312467,0.536145181154074,0.928739089094048,0.577244638219348,0.616299577205426
"061103","CASAPESENNA",0.590467475514505,0.607174526838071,0.936674022418206,0.63260630330048,0.666391605424672
"061104","SAN MARCO EVANGELISTA",0.562355930592639,0.55951430191936,0.937097373884362,0.598551342018836,0.636167567781672
"062001","AIROLA",0.524312560258588,0.499730084722211,0.922715867580712,0.553090776999431,0.594160231508462
"062002","AMOROSI",0.594512895717985,0.593438262193943,0.928504555149401,0.627428476575308,0.660881374194651
"062003","APICE",0.57420170717615,0.578625949311534,0.929233769561665,0.611695822375624,0.646977816507406
"062004","APOLLOSA",0.607450531060196,0.613757990204496,0.93020026838997,0.642563861408109,0.674523462183871
"062005","ARPAIA",0.637872076091492,0.649764156005264,0.928327298332408,0.672269034276781,0.700719952505184
"062006","ARPAISE",0.673303162604375,0.69040802544864,0.932289663874964,0.706899001011353,0.731942407996199
"062007","BASELICE",0.648900049846836,0.678411334993923,0.927058791163079,0.689996002294649,0.716336312168919
"062008","BENEVENTO",0.388566555163538,0.326222512557856,0.908637937572162,0.412518874231843,0.46764321460299
"062009","BONEA",0.658397142704893,0.678628257757655,0.927344888036533,0.6943959190118,0.720279137792326
"062010","BUCCIANO",0.635033251657125,0.652197641064067,0.929799205697415,0.672233822294278,0.70085219822796
"062011","BUONALBERGO",0.651339591456412,0.677799169970869,0.931692967994192,0.691281739441696,0.717994098169751
"062012","CALVI",0.594940785140469,0.584724291486265,0.918372079278177,0.622686492409848,0.655540446506329
"062013","CAMPOLATTARO",0.650923695393042,0.670023224981961,0.925693055459212,0.686995419714672,0.713517379241844
"062014","CAMPOLI DEL MONTE TABURNO",0.647790520823978,0.673376629426437,0.937115695311399,0.688236787143827,0.715889999162446
"062015","CASALDUNI",0.670444611820254,0.711933319791486,0.937543897574608,0.715824458982744,0.740459952159617
"062016","CASTELFRANCO IN MISCANO",0.662689607703487,0.70983484610503,0.926763974016402,0.710312401615473,0.734362576326687
"062017","CASTELPAGANO",0.667214240157166,0.704121431756502,0.929523916945008,0.710053444055651,0.734439052154469
"062018","CASTELPOTO",0.663828250839363,0.687225712255227,0.930576743432879,0.701031957735854,0.726536933924412
"062019","CASTELVENERE",0.599299985832088,0.592084074540184,0.91848600421275,0.627971427588798,0.660250824991459
"062020","CASTELVETERE IN VAL FORTORE",0.664854593683077,0.721829881799475,0.928097972645177,0.716817811231666,0.740293384722056
"062021","CAUTANO",0.620367281866392,0.625632424244006,0.92305836047747,0.653005703797426,0.683011554539653
"062022","CEPPALONI",0.582749713894084,0.577279015031241,0.928392809348442,0.61485220895124,0.649690053439818
"062023","CERRETO SANNITA",0.571548809527846,0.560684266679269,0.916550510064407,0.601159935299642,0.636203332495727
"062024","CIRCELLO",0.628088487441178,0.64242556813746,0.924463155582402,0.664177640568627,0.693098253347935
"062025","COLLE SANNITA",0.61663452034733,0.627174816096465,0.917355173401617,0.65144971873987,0.680994769257842
"062026","CUSANO MUTRI",0.60940757574152,0.631847438377429,0.930731878238132,0.65163794417734,0.682648381295206
"062027","DUGENTA",0.603287359298023,0.608652272398184,0.928612943821141,0.638234128645407,0.670498441442711
"062028","DURAZZANO",0.637791307091281,0.659039626257198,0.930330117895734,0.676606931796389,0.704798396918539
"062029","FAICCHIO",0.598047713590133,0.612254769306289,0.932563890475373,0.637892506350927,0.670633771253643
"062030","FOGLIANISE",0.592890891563763,0.589981154526689,0.92895651204318,0.625188071945022,0.658940120844817
"062031","FOIANO DI VAL FORTORE",0.638640321024938,0.662012451343174,0.922834372691005,0.677577184834751,0.704827983485446
"062032","FORCHIA",0.632135395435243,0.673414576249105,0.931773782211284,0.680674865479085,0.708574745115996
"062033","FRAGNETO L'ABATE",0.672655225473412,0.703098753988836,0.926912967223583,0.71178058748037,0.735684185229616
"062034","FRAGNETO MONFORTE",0.642746154928431,0.662065168036395,0.929233482682157,0.680088443602387,0.707771225722362
"062035","FRASSO TELESINO",0.618619777116402,0.627343058432996,0.925743147244614,0.65325759072169,0.683533763668682
"062036","GINESTRA DEGLI SCHIAVONI",0.714285679021144,0.781766107081838,0.940839571435115,0.767307260889853,0.786588628728216
"062037","GUARDIA SANFRAMONDI",0.568259368317564,0.569840673557024,0.921090091591349,0.604254028002699,0.639458035068105
"062038","LIMATOLA",0.591823520610307,0.59890602895104,0.929492802751596,0.628777577577766,0.662190380374858
"062039","MELIZZANO",0.621383245800621,0.622067784479048,0.920667129500155,0.651619676575867,0.681513838011899
"062040","MOIANO",0.586313155104855,0.588408952343991,0.927983868074758,0.621423335159456,0.65548561659449
"062041","MOLINARA",0.633927189616237,0.645405738609197,0.917522940258928,0.667452111727338,0.695237759341959
"062042","MONTEFALCONE DI VAL FORTORE",0.646458016499738,0.668979791611538,0.920643190091586,0.684011332659233,0.710303761262828
"062043","MONTESARCHIO",0.505396068152823,0.480860026849029,0.922546965630346,0.536069939313868,0.57901183112681
"062044","MORCONE",0.583439161707049,0.590937736681749,0.930200983467547,0.621489702621714,0.655790956049029
"062045","PADULI",0.600475417227244,0.615900502271372,0.935901005063671,0.640959264280744,0.673730568812181
"062046","PAGO VEIANO",0.642427640080929,0.669748074656789,0.928384523017918,0.683317523933765,0.710547190498671
"062047","PANNARANO",0.619867985862275,0.630334868109622,0.92428264820949,0.655019549108303,0.684937671230657
"062048","PAOLISI",0.607772017265514,0.604447914343189,0.926754281253237,0.63817439734924,0.670238828894129
"062049","PAUPISI",0.639171314054428,0.653875947331916,0.92445346936998,0.674316614560853,0.702109598428534
"062050","PESCO SANNITA",0.622444151493892,0.635681637304059,0.920886317532671,0.658245236712345,0.687427579025715
"062051","PIETRAROJA",0.744836805873122,0.80102904283904,0.937337560491424,0.789373387969615,0.80581385158315
"062052","PIETRELCINA",0.598237879709493,0.602337011966586,0.927985702892697,0.633057271543505,0.665827097248971
"062053","PONTE",0.602028119881415,0.607812801020369,0.930952695893911,0.637523683995194,0.670126907539496
"062054","PONTELANDOLFO",0.60760680338392,0.608998882853466,0.91722290442605,0.639194849249429,0.670086855380165
"062055","PUGLIANELLO",0.656384943624545,0.680089738576209,0.927279802726276,0.694141587262967,0.720045833425557
"062056","REINO",0.652064790726852,0.675669880078962,0.9233563730961,0.689816239172226,0.715765142941546
"062057","SAN BARTOLOMEO IN GALDO",0.578837216798014,0.582352606077443,0.919161034361136,0.614451523730069,0.64830813602241
"062058","SAN GIORGIO DEL SANNIO",0.495369294718198,0.454167509310067,0.918399866760831,0.519131548488802,0.563494694963472
"062059","SAN GIORGIO LA MOLARA",0.617224455156189,0.637880487285123,0.926862821026987,0.657483506201289,0.687414541181922
"062060","SAN LEUCIO DEL SANNIO",0.598491213691068,0.601674896733037,0.92682275592642,0.632757025283489,0.665430995354926
"062061","SAN LORENZELLO",0.604851269160205,0.609168312460047,0.925923701128208,0.638901181841934,0.670792572873742
"062062","SAN LORENZO MAGGIORE",0.633341946613138,0.653454113463905,0.928462411530271,0.671904468187696,0.700410906336871
"062063","SAN LUPO",0.665059243800767,0.677100643517043,0.920195888741854,0.695991538167199,0.720903132675495
"062064","SAN MARCO DEI CAVOTI",0.589224195475446,0.590478637855787,0.921560039796891,0.623022278978744,0.656193141291871
"062065","SAN MARTINO SANNITA",0.6403571537554,0.65323146715646,0.925168982126195,0.674631777622957,0.702469244789983
"062066","SAN NAZZARO",0.670330978672175,0.686374577774707,0.935116324678113,0.704029132868908,0.729705487514375
"062067","SAN NICOLA MANFREDI",0.566656945332677,0.54851082460412,0.927412013416235,0.594566697813182,0.631549510657966
"062068","SAN SALVATORE TELESINO",0.578618209452959,0.574778210029776,0.927116409729865,0.611740029740217,0.646781849739067
"062069","SANTA CROCE DEL SANNIO",0.662112631614233,0.685641460199533,0.925370196634109,0.699026360979605,0.724175676052328
"062070","SANT'AGATA DE' GOTI",0.52703987073207,0.515846400108486,0.925489789590574,0.561847800837308,0.602252466254337
"062071","SANT'ANGELO A CUPOLO",0.564146671969814,0.552022783054179,0.926899026729314,0.594966157433728,0.63184758735546
"062072","SASSINORO",0.703325947874445,0.74279926240534,0.935180234032641,0.744274368029168,0.765486130918442
"062073","SOLOPACA",0.581612662617297,0.578362232085745,0.92540836068367,0.614529538684736,0.649071630017951
"062074","TELESE TERME",0.51404301320047,0.479475808184169,0.922918888968854,0.539375358519973,0.581991306347627
"062075","TOCCO CAUDIO",0.634462057658736,0.684091775784711,0.934496778351549,0.686798902884706,0.714320889047689
"062076","TORRECUSO",0.599108313079667,0.609158620097789,0.935132260620686,0.637233345991924,0.67033322539512
"062077","VITULANO",0.593374607357075,0.590892390963675,0.92279568451542,0.62519971769588,0.658265936231384
"062078","SANT'ARCANGELO TRIMONTE",0.687135648171023,0.738472433415264,0.935416096420018,0.735065246355831,0.757326451918518
"063001","ACERRA",0.441666945529194,0.412509921871794,0.92557683879974,0.476937274210419,0.526786114720343
"063002","AFRAGOLA",0.457707520749327,0.441120837330887,0.931599233434611,0.497632684479557,0.545851189919007
"063003","AGEROLA",0.561600928713345,0.565528459253864,0.933911623070237,0.600599386892268,0.637634079800931
"063004","ANACAPRI",0.550285838637385,0.549610760226428,0.935713048632369,0.588524774351953,0.627101249271999
"063005","ARZANO",0.493156228313534,0.482743574921312,0.935175941879029,0.532672505643584,0.577395109669744
"063006","BACOLI",0.481106392676974,0.458630337229078,0.930651762594711,0.515946704717194,0.562025044481363
"063007","BARANO D'ISCHIA",0.529567279014742,0.518344975536592,0.920644301135289,0.563624944661629,0.603293762047591
"063008","BOSCOREALE",0.499569836517585,0.488483703798514,0.931661418563926,0.537790234998637,0.581553699839225
"063009","BOSCOTRECASE",0.548425750943193,0.543699191004741,0.933695787522146,0.584825802628785,0.623589134283603
"063010","BRUSCIANO",0.522986966679319,0.513179825251625,0.933477375671018,0.559622793936027,0.601162191906581
"063011","CAIVANO",0.491799393247986,0.484173698256131,0.936446091953258,0.532832500372179,0.577678454992299
"063012","CALVIZZANO",0.546201764915555,0.54186330517885,0.935383743907814,0.583167655933263,0.622302776819325
"063013","CAMPOSANO",0.569845062598143,0.569315637025616,0.930033018623384,0.60562561669303,0.64167088357418
"063014","CAPRI",0.527561517398466,0.511649153948413,0.930800857741069,0.560724887880202,0.601844440086965
"063015","CARBONARA DI NOLA",0.609694904446916,0.614702891743964,0.925504191176875,0.643529427403583,0.674859956711727
"063016","CARDITO",0.511569754631802,0.50343335159724,0.936319356716282,0.550383333474697,0.593265113834873
"063017","CASALNUOVO DI NAPOLI",0.459410824420789,0.435900229077267,0.92797107872872,0.495687081946997,0.543718637144966
"063018","CASAMARCIANO",0.570477302524356,0.547960199707726,0.913656710097365,0.594662547014173,0.630106342912306
"063019","CASAMICCIOLA TERME",0.532950099723277,0.518936546853839,0.921798731673606,0.565528864127063,0.605114404965568
"063020","CASANDRINO",0.552067978020315,0.55508060110516,0.940036693894578,0.592220529995922,0.630866770429106
"063021","CASAVATORE",0.521064523951947,0.515474218539435,0.93914181558768,0.56035661567989,0.602443860114089
"063022","CASOLA DI NAPOLI",0.633201883305061,0.661566797831338,0.941011627502009,0.67674706926158,0.706109797954962
"063023","CASORIA",0.431067857999449,0.402314449753276,0.923775456367982,0.467399584125524,0.518108014374686
"063024","CASTELLAMMARE DI STABIA",0.413993331386489,0.37074415398979,0.918137595492744,0.4449456279686,0.49752251324906
"063025","CASTELLO DI CISTERNA",0.562275161218282,0.56236218651767,0.940796552095268,0.600166461690705,0.638014249513434
"063026","CERCOLA",0.507231327638432,0.491228200426964,0.934607081715096,0.542767495800938,0.586305227569178
"063027","CICCIANO",0.520897368523636,0.506531063553289,0.928427631906732,0.55518555762529,0.596656899212117
"063028","CIMITILE",0.540379230676154,0.520773389911251,0.925013071088776,0.57001998637321,0.609463662452717
"063029","COMIZIANO",0.622675763393002,0.623479388499954,0.926795733933642,0.653449391745195,0.683821207543911
"063030","CRISPANO",0.56257000121851,0.571241585102347,0.940975901465188,0.604312803990904,0.64171981482138
"063031","FORIO",0.483306635050414,0.455986600323819,0.917491228072869,0.514431078725692,0.559215539764267
"063032","FRATTAMAGGIORE",0.468208236678192,0.442098293602172,0.932012442355725,0.502839182861736,0.550525100583291
"063033","FRATTAMINORE",0.541840943389066,0.541554379425833,0.937257809702407,0.581253676236945,0.620809691066441
"063034","GIUGLIANO IN CAMPANIA",0.397906558140334,0.357066968457156,0.909128543520258,0.430650941320896,0.483815119343047
"063035","GRAGNANO",0.468400132683233,0.440589091479572,0.924703335620493,0.501515484435312,0.548536356789221
"063036","GRUMO NEVANO",0.520340962190401,0.516494035309622,0.935455769675416,0.560121325842552,0.601825152935092
"063037","ISCHIA",0.472869991311829,0.440199567599387,0.915925056010917,0.502473807111139,0.54841283476667
"063038","LACCO AMENO",0.561428391631179,0.554596204694724,0.924609253467407,0.594671993693397,0.631331689223843
"063039","LETTERE",0.595453171290514,0.608763151989413,0.932503473428958,0.635147692818863,0.668187223997763
"063040","LIVERI",0.624645847069905,0.625277575223761,0.919498869221237,0.654415426954273,0.683869142761714
"063041","MARANO DI NAPOLI",0.439207148678287,0.40717118275965,0.923161797802454,0.473186428927317,0.523183692135666
"063042","MARIGLIANELLA",0.54852326628633,0.537074369843396,0.931961639889993,0.581715100247376,0.620631382429889
"063043","MARIGLIANO",0.456120379411475,0.418138582234558,0.922600386715957,0.485676571412311,0.534223662001605
"063044","MASSA LUBRENSE",0.51165728994416,0.498798325074978,0.924535073860142,0.547158534144627,0.589089260779684
"063045","MELITO DI NAPOLI",0.489661088749419,0.476051722144707,0.933000626024961,0.527870827504853,0.572885249562643
"063046","META",0.52600558347863,0.501450259161081,0.927449251492356,0.555100054337106,0.596472187354356
"063047","MONTE DI PROCIDA",0.527630587561683,0.51582917673019,0.93747043929201,0.563303937860544,0.604877993575151
"063048","MUGNANO DI NAPOLI",0.473595980747234,0.450978175154459,0.932053740869206,0.509263744242683,0.556240410534518
"063049","NAPOLI",0.249787629196139,0.167912593534467,0.703198291883916,0.258284929417164,0.307719747469026
"063050","NOLA",0.439568962177249,0.396303205808361,0.916596863524917,0.467802161946016,0.517668239899227
"063051","OTTAVIANO",0.482316237572675,0.458546706182893,0.922342955600808,0.515622620250086,0.560813768622389
"063052","PALMA CAMPANIA",0.499945429356417,0.48117910238395,0.923015827268971,0.533807622010062,0.577052978149941
"063053","PIANO DI SORRENTO",0.489667930029965,0.459285825095016,0.927924212078507,0.519821611014092,0.565166344465694
"063054","PIMONTE",0.591335613233591,0.606463894737232,0.935179705335144,0.632527749120384,0.666155744255358
"063055","POGGIOMARINO",0.501724249942847,0.489197863216847,0.927236097703002,0.538638560692163,0.581816064804478
"063056","POLLENA TROCCHIA",0.515744928603667,0.497242281319847,0.932938824388629,0.549138126904444,0.591782648847131
"063057","POMIGLIANO D'ARCO",0.439147120012973,0.399411422604614,0.925746674622575,0.469926011640171,0.52057275197155
"063058","POMPEI",0.472590538293714,0.444024430505192,0.926638157874823,0.50514055174699,0.551973619094527
"063059","PORTICI",0.407601218583105,0.353697374504801,0.919749995450325,0.43455936643459,0.488469436325227
"063060","POZZUOLI",0.41053384301978,0.371219072399767,0.919879996013851,0.443776811540181,0.496677165370589
"063061","PROCIDA",0.518552644567849,0.497254048619317,0.941464777843465,0.551259489718571,0.594615632843559
"063062","QUALIANO",0.513650841716615,0.511057898540212,0.932910815330456,0.554410014648618,0.596465659168822
"063063","QUARTO",0.464080574609461,0.441745958793522,0.932161346163702,0.500838074647713,0.548762882593934
"063064","ERCOLANO",0.457449010725644,0.433469543213175,0.931537903899819,0.49406713966245,0.542675002355491
"063065","ROCCARAINOLA",0.564978578174281,0.566469206664123,0.930756885936232,0.602227191770905,0.638730491122608
"063066","SAN GENNARO VESUVIANO",0.522507765486556,0.507950036131757,0.927904052746818,0.556496416002923,0.597763931196689
"063067","SAN GIORGIO A CREMANO",0.432372529203371,0.39027394346078,0.92503070290407,0.462693982989275,0.514064729646475
"063068","SAN GIUSEPPE VESUVIANO",0.477529961513566,0.457084421072279,0.922104755658805,0.512786947729511,0.558266704166099
"063069","SAN PAOLO BEL SITO",0.564609276521104,0.54124039979215,0.919945184509085,0.589626872791873,0.626328907427119
"063070","SAN SEBASTIANO AL VESUVIO",0.509977355797026,0.478850836045495,0.933934445758775,0.538366130905012,0.582318165888764
"063071","SANT'AGNELLO",0.513978935107342,0.485089239116712,0.924108237702382,0.541991502171063,0.584448917230098
"063072","SANT'ANASTASIA",0.477291747448757,0.451774069571615,0.928168692300659,0.510896486889233,0.557260065268281
"063073","SANT'ANTIMO",0.489454350712309,0.47844227700763,0.932263309139884,0.528779813387961,0.573611312915952
"063074","SANT'ANTONIO ABATE",0.510876330367757,0.502730004387627,0.928342833103408,0.548957133950264,0.591111100522835
"063075","SAN VITALIANO",0.549734206757901,0.534416726182212,0.931696638564374,0.581037583679488,0.61999970088892
"063076","SAVIANO",0.503966556033519,0.4829570196866,0.924316499272097,0.536547259001264,0.579632730142467
"063077","SCISCIANO",0.54022978615385,0.516264903057854,0.92447040613387,0.567869650758653,0.607491956911455
"063078","SERRARA FONTANA",0.608434436184546,0.620961736929402,0.925776344476831,0.64580591234896,0.676913738140946
"063079","SOMMA VESUVIANA",0.464252350561809,0.436588169594479,0.925252076975453,0.497903441767875,0.545386623457606
"063080","SORRENTO",0.47441632550061,0.437918701973279,0.921926271203767,0.502743389483627,0.549319265230309
"063081","STRIANO",0.559371367471746,0.561487408746228,0.931636223351496,0.597550071633238,0.634670755157489
"063082","TERZIGNO",0.52621833049614,0.52359817322555,0.929903913114981,0.565407817986259,0.605907384111672
"063083","TORRE ANNUNZIATA",0.452366286330624,0.421970370040639,0.926858333966318,0.4861373287637,0.535106329341769
"063084","TORRE DEL GRECO",0.416686143106911,0.38181700724918,0.922023951617258,0.451528812821967,0.503806050465888
"063085","TUFINO",0.594665136003042,0.597263675996745,0.930990794953805,0.629467044895285,0.662969683790676
"063086","VICO EQUENSE",0.481375949790298,0.456634013802464,0.927725574598021,0.514877041076545,0.560749100356709
"063087","VILLARICCA",0.477626393770583,0.45695633887782,0.931022871859889,0.51366451687777,0.560037667431339
"063088","VISCIANO",0.58563477748938,0.589849422415393,0.926481697696232,0.621616059726771,0.655490019501155
"063089","VOLLA",0.496484630919347,0.480930817272062,0.935175274632669,0.533354479149401,0.578001234203097
"063090","SANTA MARIA LA CARITÀ",0.539120065552078,0.531357891866864,0.928106202633353,0.574525701101859,0.613812423494247
"063091","TRECASE",0.524170758285765,0.499248828889648,0.926255479224777,0.553164362151413,0.594618930715121
"063092","MASSA DI SOMMA",0.600389376944106,0.615299713276136,0.941309060906085,0.641190996689718,0.674537448269314
"064001","AIELLO DEL SABATO",0.570824222466434,0.559988887968543,0.926656910779204,0.60153159077366,0.637656626329832
"064002","ALTAVILLA IRPINA",0.587145131381579,0.589501250331303,0.92663080912116,0.622153952682913,0.655984714509385
"064003","ANDRETTA",0.646960333320615,0.672588265939135,0.929657581333482,0.686762627800236,0.713750955970597
"064004","AQUILONIA",0.639893080377566,0.663411053903244,0.928166729823682,0.679303533408733,0.706954999677061
"064005","ARIANO IRPINO",0.479396576523185,0.45576882866101,0.922656648132429,0.513090097146131,0.558597491700164
"064006","ATRIPALDA",0.512920800480648,0.48725006041625,0.923768619579225,0.542453749361526,0.584822068274604
"064007","AVELLA",0.544981097053994,0.536088275414318,0.927554472614112,0.579236664872152,0.617938643510147
"064008","AVELLINO",0.37900423014152,0.303248948170314,0.90616173064483,0.397630103304808,0.4541336174537
"064009","BAGNOLI IRPINO",0.598172267851004,0.608784087042277,0.927111955282551,0.635841555230232,0.668204933013823
"064010","BAIANO",0.564754235973356,0.55088792877512,0.922799865662442,0.594318960703059,0.630816839031879
"064011","BISACCIA",0.585546332355539,0.586085242404337,0.922998097903448,0.619534018432289,0.65325224948464
"064012","BONITO",0.626308003978739,0.639149473055521,0.921513352304001,0.661607199895817,0.690485661274504
"064013","CAIRANO",0.71910150019041,0.776887197674586,0.92795605747173,0.765990519786421,0.783986690640345
"064014","CALABRITTO",0.622179925370251,0.637197876757063,0.922076168946582,0.65892762785195,0.688166354640242
"064015","CALITRI",0.57097516323856,0.569983445173572,0.921575864988533,0.605588960284313,0.640698616362559
"064016","CANDIDA",0.667746883177769,0.692132786165447,0.930773209610016,0.705023172165449,0.73010650965929
"064017","CAPOSELE",0.596344717806745,0.603996143993753,0.929215479141795,0.633074935724404,0.665979440548558
"064018","CAPRIGLIA IRPINA",0.611555896352259,0.613688293597987,0.928176375951516,0.644177523072762,0.675732951170402
"064019","CARIFE",0.64084111351469,0.653593104944269,0.920431587411991,0.674538557047731,0.701860004865982
"064020","CASALBORE",0.652924741601819,0.677646233743636,0.926365843880369,0.691393523293491,0.717501558914256
"064021","CASSANO IRPINO",0.648173239625272,0.690755627626173,0.936599579764085,0.696177948239559,0.722891462853395
"064022","CASTEL BARONIA",0.656049220702955,0.678625860996752,0.927774856626005,0.693381272427469,0.719425004005084
"064023","CASTELFRANCI",0.630579737916687,0.645811323473254,0.925974778941865,0.66697345551966,0.69575138034435
"064024","CASTELVETERE SUL CALORE",0.635052298135088,0.646502009207869,0.93105907900156,0.669805346204487,0.698833538737495
"064025","CERVINARA",0.525262686358535,0.505270421458663,0.920468931089667,0.555786791626706,0.596307029344813
"064026","CESINALI",0.594600786607404,0.586339573094799,0.92454949877824,0.623878111743816,0.65728604363653
"064027","CHIANCHE",0.664527442471071,0.697816991554995,0.925303447181879,0.705585340029918,0.729998463046802
"064028","CHIUSANO DI SAN DOMENICO",0.63441885934924,0.653659097594273,0.934130744942963,0.673048155118877,0.702057331765998
"064029","CONTRADA",0.619771475021264,0.632818454763047,0.932617981898217,0.656927266592762,0.687559568293368
"064030","CONZA DELLA CAMPANIA",0.634076316899148,0.646618874209305,0.918236467214388,0.668136482720243,0.695925369886259
"064031","DOMICELLA",0.630029894611131,0.640038270855347,0.923326093854217,0.663863283845337,0.692692484957435
"064032","FLUMERI",0.604191888120967,0.611905441884129,0.928957350369745,0.640139533539267,0.672230402075987
"064033","FONTANAROSA",0.596465324985618,0.590442141080968,0.9202927941507,0.626137639145034,0.658821545256774
"064034","FORINO",0.587380928819079,0.594806935046325,0.935840132336054,0.625568551973037,0.660043172013372
"064035","FRIGENTO",0.601741372716239,0.610122249224536,0.930691214530851,0.638407751326434,0.67088369168248
"064036","GESUALDO",0.580261184582604,0.572726244378508,0.921530166578335,0.610997359690334,0.645501004900112
"064037","GRECI",0.719143454671104,0.777432528855763,0.94804699606454,0.768263892193544,0.788239792623655
"064038","GROTTAMINARDA",0.535471596322078,0.521131613520588,0.922767813445047,0.567748225773704,0.607194846626076
"064039","GROTTOLELLA",0.616544095372776,0.615605763098229,0.923446973379051,0.646812133649857,0.677549338064212
"064040","GUARDIA LOMBARDI",0.645558877515928,0.666668988858915,0.924093545136551,0.682911894382335,0.709709855577248
"064041","LACEDONIA",0.599539515467133,0.591345804466813,0.919064497141031,0.627804843684379,0.660167027401785
"064042","LAPIO",0.633106600232425,0.639029995099039,0.918798416260648,0.664341309525224,0.692614321384715
"064043","LAURO",0.571399360795058,0.558272154967879,0.927292732183197,0.601081455311641,0.637327152741814
"064044","LIONI",0.556083620493741,0.552142024138676,0.926576299820612,0.591359170066649,0.628605517817089
"064045","LUOGOSANO",0.653348944051041,0.661467253756284,0.920352325280073,0.683702521541304,0.709996944178945
"064046","MANOCALZATI",0.587095644719128,0.585073505687716,0.926849376609489,0.620161055344029,0.654237535484635
"064047","MARZANO DI NOLA",0.627548742175215,0.632583617740971,0.923017359594989,0.659361297921782,0.688656415885472
"064048","MELITO IRPINO",0.659134414327424,0.691165995340617,0.930701611070246,0.700705345457643,0.726260486081266
"064049","MERCOGLIANO",0.487707293222127,0.445683490309435,0.924264825523973,0.5124523351416,0.55820927851742
"064050","MIRABELLA ECLANO",0.539988186815598,0.524382666030898,0.917144830744987,0.570681366855422,0.609177307287596
"064051","MONTAGUTO",0.701163991808179,0.755064593772882,0.933105166703668,0.748613380181844,0.769112467573158
"064052","MONTECALVO IRPINO",0.602268837603844,0.61841395766272,0.928456847788112,0.642152942648765,0.673964487664248
"064053","MONTEFALCIONE",0.59996870172194,0.610555398956227,0.931205412359076,0.637856386541083,0.670450722743082
"064054","MONTEFORTE IRPINO",0.498100931691656,0.463187597040683,0.925300004614512,0.525109838391004,0.569575412415838
"064055","MONTEFREDANE",0.613925426063885,0.62297770950621,0.931609442787019,0.649767355285245,0.681083142785442
"064056","MONTEFUSCO",0.642506325872039,0.649599616211566,0.922322307646572,0.67367990470228,0.701306838362757
"064057","MONTELLA",0.543266933184964,0.537921073526573,0.92602940911001,0.579137543931192,0.617681084506617
"064058","MONTEMARANO",0.615534924492181,0.639204624007984,0.933776257524914,0.658010422577565,0.688651070905049
"064059","MONTEMILETTO",0.562222609554262,0.555569547440489,0.925985657239282,0.595605036371566,0.632313994245757
"064060","MONTEVERDE",0.663914500862229,0.71385960380061,0.93549885554781,0.713548232653059,0.738209412974698
"064063","MORRA DE SANCTIS",0.671473269187518,0.707745625272572,0.93241724743568,0.713890227250609,0.738171007271172
"064064","MOSCHIANO",0.618780466643965,0.659125552271245,0.924728212572198,0.667530529769064,0.696108050080524
"064065","MUGNANO DEL CARDINALE",0.554633056866282,0.539686465009509,0.920769220267162,0.584520706870822,0.621881652803749
"064066","NUSCO",0.593856067604492,0.606760816475426,0.932622247268427,0.633539822562806,0.666771203085653
"064067","OSPEDALETTO D'ALPINOLO",0.602711031349159,0.592877905496296,0.924947459867868,0.630509767567241,0.663225066711755
"064068","PAGO DEL VALLO DI LAURO",0.631256646095476,0.639963275851495,0.923553347998119,0.664404299675949,0.693198638378412
"064069","PAROLISE",0.679312374152461,0.697630492547671,0.923825805932435,0.712006870608303,0.73554230786654
"064070","PATERNOPOLI",0.621206717696778,0.627477787747387,0.926213073569828,0.654529334806857,0.684716416891632
"064071","PETRURO IRPINO",0.71492928121187,0.76999794165382,0.934189957593888,0.76163624604895,0.780808880665054
"064072","PIETRADEFUSI",0.615475387939009,0.617892290856141,0.923714589178216,0.647386914375639,0.678089989353703
"064073","PIETRASTORNINA",0.66298939975496,0.696722555997966,0.940610028437562,0.705931382932573,0.732006787988683
"064074","PRATA DI PRINCIPATO ULTRA",0.604816600290343,0.612286802419049,0.933581820112376,0.641054713230464,0.673557725106232
"064075","PRATOLA SERRA",0.57269283902586,0.562602157577118,0.924527705560528,0.603335519027393,0.639023539753297
"064076","QUADRELLE",0.613719697417256,0.609836646051445,0.921339651817115,0.642734319742627,0.673690467750903
"064077","QUINDICI",0.630202927592265,0.641495397495337,0.924201308826338,0.664684377172055,0.693519591800309
"064078","ROCCABASCERANA",0.629296807194947,0.641321592831487,0.93228641743702,0.665006921755597,0.694704643497977
"064079","ROCCA SAN FELICE",0.672408826345888,0.695567583806106,0.924772980324224,0.70806668260082,0.732145160125642
"064080","ROTONDI",0.576936308740221,0.566524704475828,0.928588839228336,0.607416339870055,0.643102173132087
"064081","SALZA IRPINA",0.665182025404255,0.67224554169603,0.909072234645227,0.692749628659651,0.716785473769159
"064082","SAN MANGO SUL CALORE",0.658577089012585,0.683180889435407,0.931710142580953,0.696962104559692,0.723045219895388
"064083","SAN MARTINO VALLE CAUDINA",0.567188337771213,0.560507701611058,0.925698265134049,0.600033044235427,0.636218068779718
"064084","SAN MICHELE DI SERINO",0.61484475946519,0.624979858466302,0.929939416802519,0.650915019749424,0.681917730533101
"064085","SAN NICOLA BARONIA",0.656378619406609,0.664643325893966,0.919827236296985,0.686442599014957,0.712374225379627
"064086","SAN POTITO ULTRA",0.625105694305874,0.625977433374556,0.926115748324172,0.655598982288611,0.685656400737007
"064087","SAN SOSSIO BARONIA",0.62114906503074,0.662449619597941,0.932307384510055,0.670850146533912,0.699900950753483
"064088","SANTA LUCIA DI SERINO",0.660148487506398,0.690763257568667,0.936223523422203,0.701532637626,0.727609402714467
"064089","SANT'ANDREA DI CONZA",0.625911874313137,0.627913878027371,0.912440293253725,0.655465617878601,0.684018359586948
"064090","SANT'ANGELO ALL'ESCA",0.677083265329567,0.703032908022676,0.924980033949286,0.713550281403438,0.737042476130755
"064091","SANT'ANGELO A SCALA",0.667847999400508,0.717936138166288,0.935170489116485,0.717119910816706,0.741347752850015
"064092","SANT'ANGELO DEI LOMBARDI",0.583137463831168,0.588536975534287,0.928453296896223,0.620098827404078,0.654360435125427
"064093","SANTA PAOLINA",0.639376706864236,0.642310768534241,0.914831826001148,0.66824254652943,0.695641355359621
"064095","SANTO STEFANO DEL SOLE",0.618430519274168,0.627375716236886,0.929025081228795,0.653515314102854,0.684127510450181
"064096","SAVIGNANO IRPINO",0.683728493550724,0.721814717523004,0.938778351623362,0.726372280145514,0.749972954754163
"064097","SCAMPITELLA",0.66817625514783,0.70117264545517,0.928292920516672,0.709036297323017,0.733398144344535
"064098","SENERCHIA",0.646663709950195,0.686398525202101,0.918615532169135,0.691739559035447,0.716948000494745
"064099","SERINO",0.567094714846098,0.572496192887384,0.930040537741334,0.6058199622542,0.64184447064166
"064100","SIRIGNANO",0.608359329615054,0.608043640786122,0.935301269822111,0.64091146366274,0.673621442124892
"064101","SOLOFRA",0.529302093781563,0.520211117683207,0.927813955869234,0.56506234074607,0.605368075759755
"064102","SORBO SERPICO",0.65989704057668,0.691633562082217,0.921559981840359,0.700344769380539,0.72492423743163
"064103","SPERONE",0.600728091913446,0.599141819459737,0.93236427385704,0.633177887503637,0.666420819320682
"064104","STURNO",0.587266937385783,0.584293766563022,0.923602695299481,0.61956258630691,0.653344820639418
"064105","SUMMONTE",0.62537703614896,0.627831099802632,0.925978950608677,0.656541556239084,0.686479044502372
"064106","TAURANO",0.645869810716274,0.666010786515699,0.927327329732283,0.683079001727616,0.710217704839246
"064107","TAURASI",0.606296588673861,0.603820294148352,0.920708012793128,0.636623398549309,0.668188355687511
"064108","TEORA",0.645520997790052,0.668593000874899,0.922776216081516,0.68362892100738,0.710200842682284
"064109","TORELLA DEI LOMBARDI",0.636464037092204,0.659294365781282,0.932604146622244,0.676351695955293,0.704824190473843
"064110","TORRE LE NOCELLE",0.659116986663894,0.6806281033559,0.926535145464335,0.69553880505534,0.721205065100784
"064111","TORRIONI",0.707305819524885,0.765373387440283,0.93073587368033,0.755779230502359,0.775218857522133
"064112","TREVICO",0.678062894191178,0.709159205687475,0.93363963173151,0.717613908118545,0.741616766297764
"064113","TUFO",0.645762713273807,0.684385957098445,0.926877837950441,0.691254685462558,0.717435035738989
"064114","VALLATA",0.610323954501697,0.618300720571251,0.926072953934118,0.645488399176238,0.676664460816003
"064115","VALLESACCARDA",0.652738942031112,0.676639796645153,0.927893850784491,0.691009817482768,0.717330265627404
"064116","VENTICANO",0.585253468385702,0.567646083467024,0.915492511439622,0.610354049477689,0.644258323029015
"064117","VILLAMAINA",0.636537682657548,0.671356684910304,0.927394497191655,0.681291915124699,0.708636646465472
"064118","VILLANOVA DEL BATTISTA",0.65428970667151,0.681477570252055,0.926753018649304,0.693770576480535,0.719657514499287
"064119","VOLTURARA IRPINA",0.61699644224881,0.635637373653898,0.927384673460083,0.656423684502227,0.6865304610531
"064120","ZUNGOLI",0.637632092620555,0.678647073289545,0.922366592207422,0.684562283880287,0.710984984805524
"064121","MONTORO",0.500050741928695,0.483647759327092,0.927482301523945,0.535412555717498,0.578975860807104
"065001","ACERNO",0.6252419320115,0.648201032567092,0.923069774360922,0.665356311496459,0.693991140703621
"065002","AGROPOLI",0.459726237438629,0.416861269958102,0.913233147665252,0.485787693095054,0.533281632491743
"065003","ALBANELLA",0.556742278606522,0.55641799829347,0.925119860248014,0.593434110629798,0.630288082809599
"065004","ALFANO",0.678987810352368,0.715826699990966,0.924310676859388,0.720097597340439,0.742787939509211
"065005","ALTAVILLA SILENTINA",0.554665043655693,0.55157822446615,0.92616436318846,0.590425906973675,0.627730179886429
"065006","AMALFI",0.558039313111602,0.548287640147771,0.920477971736326,0.58989492614035,0.626626375651014
"065007","ANGRI",0.450863982134323,0.413906466927006,0.917594699739029,0.480906172051501,0.529427119572337
"065008","AQUARA",0.614741684615595,0.651664055816154,0.920496970410855,0.661932280235372,0.69066169025487
"065009","ASCEA",0.550284575926429,0.541350819911033,0.920542189080617,0.58329014703492,0.620762596151108
"065010","ATENA LUCANA",0.614165666023377,0.627771372653769,0.92716888382046,0.651588555786762,0.682208592234951
"065011","ATRANI",0.679379166011159,0.708525730416815,0.929921403535356,0.717549343746124,0.741146239278261
"065012","AULETTA",0.639963461858066,0.667590172396261,0.931300414449407,0.681529176859388,0.709281536591612
"065013","BARONISSI",0.482973315264885,0.444278128795393,0.919238702360084,0.509187020063133,0.554748318096128
"065014","BATTIPAGLIA",0.419418864992379,0.376021703081768,0.91146706501316,0.449094962134682,0.500469640232291
"065015","BELLOSGUARDO",0.683647958637444,0.71159901498816,0.92541637289363,0.720402775420885,0.743182064028968
"065016","BRACIGLIANO",0.571376937890807,0.563069527001715,0.923391066746194,0.602840015876254,0.638456799306247
"065017","BUCCINO",0.582406605743486,0.589772023766622,0.929373983463426,0.620417781625891,0.654746248496728
"065018","BUONABITACOLO",0.622873148451294,0.642146740823553,0.929814705951891,0.662240420768871,0.691970896900317
"065019","CAGGIANO",0.620046163464557,0.642496322523031,0.93166762011812,0.661310880706227,0.69135051841866
"065020","CALVANICO",0.632801153345311,0.641985627876469,0.919123739114532,0.665566425461254,0.693739460311618
"065021","CAMEROTA",0.563343780598249,0.566051154157557,0.916914932567943,0.599919213896907,0.635140960415911
"065022","CAMPAGNA",0.50532052028847,0.488764093615308,0.922085919491332,0.539546668205834,0.582051029459778
"065023","CAMPORA",0.690950587716991,0.733614709809899,0.924537251453196,0.73350810903242,0.754733569301395
"065024","CANNALONGA",0.666937887831431,0.694121736964227,0.924258491656602,0.704902680323706,0.729275548249584
"065025","CAPACCIO PAESTUM",0.483644598851509,0.464241845351602,0.918222664077068,0.518371166299107,0.562799110496658
"065026","CASALBUONO",0.674482520820996,0.706055267494144,0.935054139859938,0.714747418727807,0.739225943298044
"065027","CASALETTO SPARTANO",0.680726026862355,0.729909966509214,0.939091601163372,0.728695357133543,0.752072717581302
"065028","CASAL VELINO",0.55291110079903,0.542974691324323,0.920177783869664,0.585166384842475,0.622389873623274
"065029","CASELLE IN PITTARI",0.641627271842714,0.665708037972523,0.927227742830768,0.681023663699933,0.708379672492248
"065030","CASTELCIVITA",0.665837164820536,0.705432047449926,0.93624599792154,0.710695745313862,0.735756884492493
"065031","CASTELLABATE",0.531671279173186,0.517135900342992,0.918706165861928,0.563833847368473,0.603264104978857
"065032","CASTELNUOVO CILENTO",0.602412629129977,0.606219248452632,0.920187748326464,0.63590311974482,0.667490300698336
"065033","CASTELNUOVO DI CONZA",0.6769219241221,0.728476562411388,0.921364483684251,0.724565767308495,0.746432291350245
"065034","CASTEL SAN GIORGIO",0.500294561983839,0.472799919426389,0.921278988767831,0.530020415511386,0.573493590317658
"065035","CASTEL SAN LORENZO",0.619237814444003,0.632726668515543,0.924454162797855,0.655829433611581,0.685676625743389
"065036","CASTIGLIONE DEL GENOVESI",0.655615974167358,0.676119785764085,0.922890125418106,0.69157010451096,0.717272329056199
"065037","CAVA DE' TIRRENI",0.421599458330944,0.376832892265742,0.915463766427452,0.450840934411254,0.502465693524165
"065038","CELLE DI BULGHERIA",0.646518328905835,0.671294862355579,0.933660666163904,0.686382002684027,0.713857409737347
"065039","CENTOLA",0.563773323075357,0.565511083800819,0.91726414322506,0.599904397416785,0.635166591395482
"065040","CERASO",0.61160156745264,0.618833126518432,0.919249263853276,0.64562053867231,0.676023730359084
"065041","CETARA",0.626077816436222,0.642655015319413,0.937498186714798,0.664679592961515,0.694992770045214
"065042","CICERALE",0.629457247235487,0.668625814407286,0.925376865692421,0.67667506430849,0.704308597795594
"065043","COLLIANO",0.610608113482334,0.633396857962519,0.931274474723375,0.652929684622521,0.683856883522616
"065044","CONCA DEI MARINI",0.666123264835802,0.675563133010479,0.920410376170466,0.695799916647873,0.720756634372605
"065045","CONTRONE",0.674756427379666,0.699324753380143,0.924197786890149,0.710756310030929,0.734472029681954
"065046","CONTURSI TERME",0.57894448142209,0.567810369206191,0.917536755617734,0.6077933583445,0.642209291374859
"065047","CORBARA",0.616879476140682,0.621618328773654,0.924624219639361,0.649786434175387,0.680323965893606
"065048","CORLETO MONFORTE",0.665497294264266,0.702773221356495,0.925552874489085,0.708277019478251,0.732418781146122
"065049","CUCCARO VETERE",0.671085948636936,0.711271837625815,0.936408062472659,0.715701810065504,0.740224726999632
"065050","EBOLI",0.451210071971343,0.420235445034217,0.918812697331042,0.484031752385606,0.532340746268432
"065051","FELITTO",0.651831178620589,0.673079276954215,0.921263791772036,0.688336084185865,0.714216940584329
"065052","FISCIANO",0.496822613397662,0.4657449070578,0.920470690888688,0.525202453293827,0.569121146359923
"065053","FURORE",0.669175804055888,0.718291263834955,0.94265240791926,0.718625421342805,0.743517308740189
"065054","FUTANI",0.656268486889039,0.678425891420814,0.92151563930826,0.69276403417026,0.718180879185593
"065055","GIFFONI SEI CASALI",0.569752292377338,0.569109812909857,0.928183293595634,0.605306276738802,0.641181500834005
"065056","GIFFONI VALLE PIANA",0.527962168690848,0.522103270624005,0.928037173198444,0.565333165011528,0.60563361036563
"065057","GIOI",0.656737449558632,0.682484374808733,0.921179796678786,0.694767800633193,0.719924689082703
"065058","GIUNGANO",0.656735416814643,0.674197086907312,0.92611689226767,0.691531315901647,0.717596379942316
"065059","ISPANI",0.633989991691753,0.631367400807043,0.920756561855101,0.661486482809968,0.690294269370539
"065060","LAUREANA CILENTO",0.657160587549518,0.680213090679709,0.927933752254038,0.694611530428556,0.720536221742498
"065061","LAURINO",0.620344778854925,0.6609532194269,0.923253452756009,0.668909444502422,0.697169889863932
"065062","LAURITO",0.630269483668478,0.651493381265476,0.910528168859908,0.66784610610627,0.694810779745563
"065063","LAVIANO",0.642470949880179,0.696572979880551,0.935609101267156,0.696130678519044,0.722739392157723
"065064","LUSTRA",0.644691112493162,0.695192646467372,0.932202527531771,0.696167944285417,0.722394009090568
"065065","MAGLIANO VETERE",0.666766082492583,0.711166150780922,0.931832137541681,0.713252718727245,0.737539320817738
"065066","MAIORI",0.553142342942207,0.547707142567147,0.923333473640774,0.587715615843287,0.625006488931896
"065067","MERCATO SAN SEVERINO",0.478126512523691,0.448807236659211,0.923673999209916,0.509487587053298,0.555508299515144
"065068","MINORI",0.599603062875515,0.603038658043123,0.921170562234031,0.63330583063679,0.665290800814262
"065069","MOIO DELLA CIVITELLA",0.61141557074348,0.606500434990276,0.911684044299629,0.639230607010153,0.669503211153428
"065070","MONTANO ANTILIA",0.64364344066978,0.67350962458906,0.925739938829537,0.685292873249432,0.712009213869444
"065071","MONTECORICE",0.593919103256311,0.594722197657865,0.918876338058828,0.626776219217262,0.659231787977436
"065072","MONTECORVINO PUGLIANO",0.522695504950092,0.501811555576015,0.922594365875623,0.55328761382431,0.594321697385567
"065073","MONTECORVINO ROVELLA",0.53030946839351,0.523854777557567,0.926761452432748,0.56705005592126,0.607017988866981
"065074","MONTEFORTE CILENTO",0.671419627502146,0.711242606105769,0.925349389443248,0.714732944067887,0.738134771331816
"065075","MONTE SAN GIACOMO",0.663333773601819,0.691137774925619,0.926696785027163,0.702181875340064,0.727127976416408
"065076","MONTESANO SULLA MARCELLANA",0.567035548376049,0.574015608341591,0.929009063728453,0.606373926895783,0.642222275432747
"065077","MORIGERATI",0.688528598922508,0.747117618630076,0.932666864500948,0.739307484348757,0.760791859921223
"065078","NOCERA INFERIORE",0.425136267638953,0.37947892634795,0.914649764639183,0.453541813758025,0.504776030522598
"065079","NOCERA SUPERIORE",0.480125924275847,0.45460285586382,0.926072934693105,0.513235244532161,0.559106098994488
"065080","NOVI VELIA",0.605213662880613,0.602774349758752,0.920658629955869,0.635660468683301,0.66732693104692
"065081","OGLIASTRO CILENTO",0.61162581252862,0.61481841818107,0.920290053012626,0.643928909120623,0.674635702886401
"065082","OLEVANO SUL TUSCIANO",0.569376902200925,0.57505810795315,0.932283455850798,0.608224100154414,0.64423069523179
"065083","OLIVETO CITRA",0.591426656030983,0.598710605201061,0.927810796842972,0.628342847238717,0.661617063861412
"065084","OMIGNANO",0.649458015455093,0.678557703387803,0.933166753745333,0.690923748853836,0.717839638286225
"065085","ORRIA",0.672235686217789,0.706300655146107,0.9236918632268,0.712710539936433,0.736152909190918
"065086","OTTATI",0.707263373493411,0.756382889826018,0.932965479293791,0.751937366423122,0.77205160118653
"065087","PADULA",0.567026166633465,0.570474675730486,0.921612681308347,0.604036647194613,0.63932287320725
"065088","PAGANI",0.460585370653134,0.431250385247494,0.918182171576239,0.493144307312906,0.540370736675499
"065089","PALOMONTE",0.596117552654916,0.609762645065433,0.927061512448062,0.635352240218963,0.667764381577752
"065090","PELLEZZANO",0.497256443751045,0.461399265827873,0.919910472967042,0.523386116607217,0.567444378424976
"065091","PERDIFUMO",0.642287006788098,0.65965202256618,0.926247638221978,0.678497327031623,0.706025139386107
"065092","PERITO",0.663777923658644,0.685059336710288,0.917969059618282,0.698773673127848,0.723128716071229
"065093","PERTOSA",0.691893349939264,0.72311852975604,0.926820746173669,0.729437420480254,0.751368901112855
"065094","PETINA",0.669699663405806,0.699243815341061,0.925343230863514,0.708558888522441,0.732646037671449
"065095","PIAGGINE",0.643959184840172,0.65849291562298,0.92065431275485,0.678168876483903,0.705111702736231
"065096","PISCIOTTA",0.602578041576624,0.609722813373879,0.923145783000402,0.637849963027767,0.669549498580282
"065097","POLLA",0.558040160643784,0.553291823949159,0.925996473942002,0.592699040461025,0.629732088625578
"065098","POLLICA",0.5998718193259,0.603258808765585,0.924156265936464,0.633824409234815,0.666083504423887
"065099","PONTECAGNANO FAIANO",0.472660559994767,0.444919996391198,0.920262125458957,0.50493746291958,0.551084647646177
"065100","POSITANO",0.585492179341387,0.588676483677936,0.928060722488778,0.621181970607573,0.655279609705485
"065101","POSTIGLIONE",0.650049002443674,0.679305761482916,0.931651403213842,0.69137478408835,0.718072186213404
"065102","PRAIANO",0.643187809110782,0.663038581862446,0.928405383518715,0.680642414289824,0.708171633093034
"065103","PRIGNANO CILENTO",0.626699259460636,0.658415447047892,0.927215942727195,0.671023212201557,0.69948907114885
"065104","RAVELLO",0.60627539652713,0.613016551638582,0.924752285451617,0.641156605219732,0.672667236356608
"065105","RICIGLIANO",0.679174179511417,0.719407626811436,0.931137782831156,0.7224755911284,0.745660279095373
"065106","ROCCADASPIDE",0.551587984635031,0.545303934689315,0.921720041002761,0.585773367796232,0.623100775930291
"065107","ROCCAGLORIOSA",0.659602525465056,0.693422456851944,0.930892829177468,0.701950524960397,0.727388558762293
"065108","ROCCAPIEMONTE",0.530872456304728,0.512236119994588,0.92846522599097,0.562245381933789,0.60293647571792
"065109","ROFRANO",0.663558904652991,0.703181199030502,0.924667201240027,0.707499766781574,0.731629481721402
"065110","ROMAGNANO AL MONTE",0.734800367330787,0.773082664848775,0.919634924501504,0.770510856930953,0.787080197772126
"065111","ROSCIGNO",0.683904683239976,0.715981560082575,0.925897818396819,0.72253859133483,0.745134061008384
"065112","RUTINO",0.649264335729186,0.691013577493017,0.924412503044852,0.695566311254476,0.720993665897851
"065113","SACCO",0.688338468468513,0.736370763270852,0.923887857194055,0.733507940002119,0.754661264134557
"065114","SALA CONSILINA",0.510884997170841,0.496922882880843,0.921134235766204,0.545626969599878,0.587349999173914
"065115","SALENTO",0.621036858619628,0.628102658056436,0.917519470256921,0.653864729529921,0.68315970072181
"065116","SALERNO",0.326625947405443,0.237862402478942,0.881868882621579,0.342206645710131,0.40216911647807
"065117","SALVITELLE",0.727534693024831,0.788471792273718,0.942248608983043,0.776427779282651,0.794852315916028
"065118","SAN CIPRIANO PICENTINO",0.555871025699189,0.549021694730763,0.927207660026844,0.589922490196163,0.627398620177349
"065119","SAN GIOVANNI A PIRO",0.594587293393372,0.602720397777724,0.926449222568551,0.631433383283848,0.664212920982149
"065120","SAN GREGORIO MAGNO",0.597925144381883,0.611724708082236,0.926215882045154,0.636964021813369,0.669103117394678
"065121","SAN MANGO PIEMONTE",0.601713631749982,0.596547101263957,0.924862470327491,0.631703576889022,0.664276787271074
"065122","SAN MARZANO SUL SARNO",0.541419362034104,0.536227094538614,0.923002457671464,0.577241151224869,0.61565907416338
"065123","SAN MAURO CILENTO",0.660228190158108,0.673889509026838,0.922820778633891,0.692635042496615,0.718211235400757
"065124","SAN MAURO LA BRUCA",0.732565093657212,0.77660618312842,0.929634846423227,0.772090559195857,0.789595479998898
"065125","SAN PIETRO AL TANAGRO",0.625486978588304,0.63086787615337,0.926426855716061,0.65800237020536,0.687827313039882
"065126","SAN RUFO",0.657811648188354,0.69033903829448,0.935376192817811,0.700205428199056,0.726335513156696
"065127","SANTA MARINA",0.606783382323062,0.618744436918234,0.930548454529236,0.644542364111506,0.676320818602365
"065128","SANT'ANGELO A FASANELLA",0.666467940632413,0.69991643991895,0.921811496741025,0.707054120922215,0.73091605156875
"065129","SANT'ARSENIO",0.586110925341624,0.578820410461501,0.923099761204293,0.616529077231836,0.650592486562109
"065130","SANT'EGIDIO DEL MONTE ALBINO",0.5501869665002,0.550409969031076,0.932312926244715,0.588499913613546,0.626701359461454
"065131","SANTOMENNA",0.699457207634475,0.75757928251928,0.92729536210364,0.748395956779554,0.76827366848223
"065132","SAN VALENTINO TORIO",0.542751249972711,0.541124862959813,0.930569304256228,0.580801181245258,0.619664306024255
"065133","SANZA",0.621689655412937,0.642186623903993,0.92622369516198,0.661366695208816,0.690795250759168
"065134","SAPRI",0.539571092819464,0.517841640370694,0.92050785829765,0.567886515765336,0.607066664935594
"065135","SARNO",0.476083151014731,0.456039581512895,0.924133488090586,0.51186857844649,0.557675790629168
"065136","SASSANO",0.585101731435359,0.592438622211027,0.923472864273881,0.622240445568262,0.655710714313331
"065137","SCAFATI",0.434120964609704,0.395525825856884,0.916224466104312,0.464963502320396,0.515103609407498
"065138","SCALA",0.645709764518005,0.666505953538664,0.924227888639471,0.682919861989448,0.709731864950562
"065139","SERRAMEZZANA",0.706054114251071,0.754521591376422,0.920058134565121,0.749264880988884,0.768241909164022
"065140","SERRE",0.592884291758736,0.603381530577261,0.927348309622424,0.631054451013441,0.663975990858883
"065141","SESSA CILENTO",0.651847431412056,0.672175863633734,0.923171222217683,0.688127604992374,0.714243562461853
"065142","SIANO",0.528132586818249,0.509660896397046,0.924152957413344,0.559422363188218,0.599947984768787
"065143","SICIGNANO DEGLI ALBURNI",0.609782897160161,0.623691577180623,0.929111911888029,0.647974704642155,0.679212172113919
"065144","STELLA CILENTO",0.694326455687866,0.733433366990867,0.932036211653973,0.735695541370827,0.757511171402288
"065145","STIO",0.679174344829115,0.705749128184301,0.92121814992613,0.71533737784865,0.738213019190592
"065146","TEGGIANO",0.549750358951096,0.547177512754702,0.924855905139134,0.586103132781522,0.623742329710146
"065147","TORCHIARA",0.608714343217229,0.607440022118704,0.923939148878937,0.639663379289064,0.671249575910161
"065148","TORRACA",0.653956269457046,0.678792128987795,0.924400406314423,0.692176819931621,0.717979440640821
"065149","TORRE ORSAIA",0.627612136205951,0.640306946652692,0.923333313889713,0.662896918675361,0.6918342959214
"065150","TORTORELLA",0.682368810515167,0.728441785168654,0.925491088018647,0.727413876859584,0.749422455877257
"065151","TRAMONTI",0.599722045378623,0.613379854592407,0.926923440101188,0.638588198997082,0.670625448008649
"065152","TRENTINARA",0.646365706887228,0.665621757828828,0.921414324063298,0.682535791528555,0.709077850699082
"065153","VALLE DELL'ANGELO",0.695592146826257,0.731515071241784,0.912215776027227,0.733419825733341,0.753286042432662
"065154","VALLO DELLA LUCANIA",0.500916446189072,0.461181246743539,0.915282765687037,0.524472238388379,0.567895630310452
"065155","VALVA",0.617756965167575,0.662713057754749,0.928416841011055,0.669053194416151,0.69787137737114
"065156","VIBONATI",0.575685008056749,0.566999679769016,0.921192981194067,0.606327407641001,0.64131247136912
"065157","VIETRI SUL MARE",0.541094262065448,0.527849783348807,0.930105338977922,0.574035354334207,0.613598685961286
"065158","BELLIZZI",0.524317181223656,0.516432707315783,0.927686490864754,0.561106098929223,0.601837253588727
"066001","ACCIANO",0.756374328506926,0.807408587864421,0.935729617999869,0.797275274167093,0.812659090148513
"066002","AIELLI",0.624815274737856,0.62605705205648,0.920975931524897,0.654990140209941,0.684544117022714
"066003","ALFEDENA",0.632121927950344,0.626323237820069,0.911041362354817,0.657404460832168,0.685586338779129
"066004","ANVERSA DEGLI ABRUZZI",0.666906504647496,0.694670524475487,0.915987397296935,0.704308402835036,0.72782829110858
"066005","ATELETA",0.641770822968515,0.659759206896675,0.922372572342035,0.677925770673539,0.705086526414483
"066006","AVEZZANO",0.407637771282932,0.347423571817002,0.911715114080917,0.430949115803062,0.484367560056157
"066007","BALSORANO",0.615198862603414,0.63567868661525,0.942307603319478,0.657125657480347,0.688812540351362
"066008","BARETE",0.686007730331266,0.715005953070918,0.937423586910119,0.724198516221995,0.747890190742897
"066009","BARISCIANO",0.621745152611205,0.628966194631483,0.929615462288225,0.655781652488032,0.686207631354721
"066010","BARREA",0.684304531526075,0.717844901234696,0.928690296969383,0.723836274439286,0.746597832498185
"066011","BISEGNA",0.725257110014015,0.775190928141875,0.929479129023391,0.76814953007249,0.786075041067034
"066012","BUGNARA",0.627902305546405,0.665671649655756,0.938538210053162,0.675962100846288,0.705137224091497
"066013","CAGNANO AMITERNO",0.634675207478865,0.683473469749243,0.940776047606872,0.687244509513336,0.715414680412618
"066014","CALASCIO",0.70758188344943,0.73880524371049,0.900379717469371,0.740912178968901,0.758630794357842
"066015","CAMPO DI GIOVE",0.656262670441672,0.671829937626156,0.928542713244235,0.690495944954946,0.716945585875978
"066016","CAMPOTOSTO",0.697784571035005,0.761474711535523,0.945874447529819,0.75125412190972,0.772878602534175
"066017","CANISTRO",0.645636579972266,0.691055778263672,0.941935596872865,0.695705120893459,0.723064062668948
"066018","CANSANO",0.682979331976918,0.708200041967589,0.910746225773599,0.717105340852388,0.738620994732523
"066019","CAPESTRANO",0.686978936059319,0.730006399534055,0.93854124552133,0.731497525569151,0.754502383341616
"066020","CAPISTRELLO",0.580400918688109,0.588700257545199,0.94849739191712,0.620945268496701,0.657339948876747
"066021","CAPITIGNANO",0.663033532160155,0.711282927144946,0.939008961752124,0.712343302862508,0.737528376072465
"066022","CAPORCIANO",0.689543084507784,0.726501380040523,0.91889633598548,0.729109642645286,0.750197053016419
"066023","CAPPADOCIA",0.711673125021627,0.762760318500259,0.945461896142958,0.758041239199144,0.778865756637346
"066024","CARAPELLE CALVISIO",0.73389038401227,0.769911885638538,0.902171732022977,0.766928194545161,0.781955254264919
"066025","CARSOLI",0.574870944534862,0.575402703068901,0.932997404407713,0.610922881862464,0.646708939923048
"066026","CASTEL DEL MONTE",0.675349221346226,0.711169868446406,0.920772511502686,0.716010841556953,0.73876213821759
"066027","CASTEL DI IERI",0.742510441931922,0.775187392413298,0.923369957214484,0.775301021176798,0.791753125180985
"066028","CASTEL DI SANGRO",0.51922098422645,0.486485602721466,0.910942767913093,0.543662240917872,0.584471188361785
"066029","CASTELLAFIUME",0.719340094829743,0.770214152816763,0.946404865548406,0.764939897995768,0.785102672168283
"066030","CASTELVECCHIO CALVISIO",0.800101558900092,0.881664822862276,0.935200285006765,0.850314900293742,0.8597466097063
"066031","CASTELVECCHIO SUBEQUO",0.682915616514789,0.721742226478986,0.942791050730083,0.726375134420207,0.750421347343527
"066032","CELANO",0.52295861793132,0.507537893754884,0.922902602866854,0.556013690545477,0.596779125247853
"066033","CERCHIO",0.638022298741273,0.653556159056379,0.932303436042873,0.674440649613231,0.703092070327635
"066034","CIVITA D'ANTINO",0.702501475439365,0.735554534432276,0.943688089123884,0.741494013354627,0.763960021773433
"066035","CIVITELLA ALFEDENA",0.676080454908622,0.69985335614845,0.923368394690985,0.711507054444781,0.735047203361026
"066036","CIVITELLA ROVETO",0.61145068925156,0.625919522874643,0.946307988739885,0.65144739433078,0.684209682598458
"066037","COCULLO",0.723028596928494,0.784081073961787,0.934987389570539,0.77169809085768,0.78984134627022
"066038","COLLARMELE",0.631912729979328,0.662714908463962,0.930142261479596,0.67559666344744,0.703879507673235
"066039","COLLELONGO",0.645090872855246,0.649315169262557,0.922455242909118,0.674728243243923,0.702253465428944
"066040","COLLEPIETRO",0.773513706499998,0.830966710035336,0.923409262100046,0.814357113650905,0.826474019034143
"066041","CORFINIO",0.65566300557407,0.667489731041528,0.925240612314257,0.687942792708444,0.71430921710909
"066042","FAGNANO ALTO",0.675373218327703,0.682917346709225,0.911170165450133,0.702347770811631,0.725550259104798
"066043","FONTECCHIO",0.713903967448098,0.743556150074032,0.922371137398797,0.748094166624838,0.767458274488611
"066044","FOSSA",0.657535893856427,0.665334870637356,0.932478012512769,0.688539645273479,0.715643908300067
"066045","GAGLIANO ATERNO",0.715417994283724,0.74246927260241,0.916122652879203,0.747661535386681,0.766379437330294
"066046","GIOIA DEI MARSI",0.641769380989279,0.66240775682167,0.936545422634204,0.680534254278347,0.70897993965122
"066047","GORIANO SICOLI",0.663260975716035,0.705230871226548,0.936259822803297,0.709447313404492,0.734648703337692
"066048","INTRODACQUA",0.590513134004937,0.578437992067501,0.923316822975201,0.618359689030118,0.652243815024016
"066049","L'AQUILA",0.359485253230865,0.277012129407104,0.896205585140494,0.376044380701136,0.433840070083287
"066050","LECCE NEI MARSI",0.644378482937684,0.658203595359317,0.932046853078633,0.679366620541514,0.707442201934527
"066051","LUCO DEI MARSI",0.579435013006871,0.584068703547423,0.932811131064712,0.616857785555903,0.65196371283466
"066052","LUCOLI",0.6491643607959,0.658868324389147,0.925564179719805,0.681171126305252,0.70832591001798
"066053","MAGLIANO DE' MARSI",0.586788258918605,0.586889717930706,0.936034373332265,0.621758526915416,0.656678065406177
"066054","MASSA D'ALBE",0.617360563670645,0.610937430226193,0.927644420779714,0.645498539331549,0.676848081714678
"066055","MOLINA ATERNO",0.696489029417619,0.75137839694539,0.953717313947295,0.746912073258084,0.769890433334663
"066056","MONTEREALE",0.635373134507532,0.654117439482765,0.9388061601234,0.674151374307974,0.703557461620799
"066057","MORINO",0.641361715523894,0.694022997095332,0.961089816015027,0.697032102280155,0.726371848250696
"066058","NAVELLI",0.670486361021118,0.718300490012013,0.935307792635994,0.718484862228508,0.742576298940451
"066059","OCRE",0.620821768425496,0.61262970711512,0.927700076496585,0.647823171642936,0.678920605515564
"066060","OFENA",0.675951507336985,0.721922561231612,0.913583630135185,0.720401693869387,0.741866353454476
"066061","OPI",0.704262562174486,0.737429531121061,0.923998807220166,0.741161322705013,0.761476598762252
"066062","ORICOLA",0.648523520397119,0.668481275675471,0.941602175357995,0.686812375768465,0.715122353500635
"066063","ORTONA DEI MARSI",0.703253889725407,0.762371625356333,0.950441740255879,0.754575655812371,0.776338554083872
"066064","ORTUCCHIO",0.600191779878632,0.636525165651956,0.933137786742109,0.649836404162976,0.681314335560657
"066065","OVINDOLI",0.625415042414489,0.626162102083845,0.916064045298591,0.654816119554109,0.683843666859052
"066066","PACENTRO",0.654099448816473,0.67231096825006,0.926716501634897,0.68955633784343,0.715907467153593
"066067","PERETO",0.66965592622742,0.720938173604305,0.945101558908674,0.720277500815144,0.745257951714425
"066068","PESCASSEROLI",0.605354110544639,0.607274718887573,0.912588757909324,0.636941849035428,0.66756928335475
"066069","PESCINA",0.583130157474532,0.586116715319682,0.935415244040253,0.619702617161421,0.654781797925736
"066070","PESCOCOSTANZO",0.642890210198048,0.658015055558743,0.938846822999466,0.679292051890503,0.70813147090261
"066071","PETTORANO SUL GIZIO",0.625264840514164,0.625085402969079,0.921986849436177,0.654856294511077,0.684537467280533
"066072","PIZZOLI",0.569551587993231,0.554697339342948,0.928100720590694,0.59872208936035,0.63531971505261
"066073","POGGIO PICENZE",0.634722749925823,0.633667801821468,0.924289129125539,0.663204661198835,0.692214046524024
"066074","PRATA D'ANSIDONIA",0.68395235125518,0.703127396530711,0.924519404965452,0.716637827000196,0.739735780107447
"066075","PRATOLA PELIGNA",0.529229731600678,0.510089366561641,0.920529876134044,0.559746581786448,0.599833614491736
"066076","PREZZA",0.664679075587642,0.68857013497673,0.926961201670817,0.701658264921049,0.726691924559912
"066077","RAIANO",0.583138080574415,0.573886783756035,0.919402421765898,0.612601431125292,0.64669043008536
"066078","RIVISONDOLI",0.634337021992531,0.628165865497769,0.912128114456171,0.659339110816252,0.687426777887354
"066079","ROCCACASALE",0.649044641725304,0.685998921254217,0.923610298944505,0.693130633235235,0.718739484980709
"066080","ROCCA DI BOTTE",0.641995889316469,0.685673979869434,0.940914030246649,0.691542844158321,0.719250753723691
"066081","ROCCA DI CAMBIO",0.66371065557737,0.666099810644115,0.921879288794731,0.690602638679142,0.71630004424754
"066082","ROCCA DI MEZZO",0.603816696405531,0.596576921816955,0.926550559348575,0.632832184134976,0.66546755915871
"066083","ROCCA PIA",0.69352052404408,0.725757436498747,0.907890575127023,0.729464139756975,0.749289299242536
"066084","ROCCARASO",0.610344333866781,0.601841124632002,0.908130444383146,0.636296500762767,0.666500272276143
"066085","SAN BENEDETTO DEI MARSI",0.582456045636756,0.580796144076697,0.924758125566319,0.615939297927686,0.650252500998645
"066086","SAN BENEDETTO IN PERILLIS",0.812707526236078,0.878181348526252,0.934129559576074,0.854312949600656,0.863181461820147
"066087","SAN DEMETRIO NE' VESTINI",0.615684534686755,0.613282848936146,0.92882427469829,0.645917750100134,0.677351808388818
"066088","SAN PIO DELLE CAMERE",0.649839148116864,0.684038457857561,0.929967231242232,0.693241645812715,0.719544488638217
"066089","SANTE MARIE",0.639797899351393,0.685517529209521,0.940680595146582,0.69046000236707,0.718262290453682
"066090","SANT'EUSANIO FORCONESE",0.660844758398571,0.690918465293641,0.925078575028135,0.700801308164309,0.725721004482512
"066091","SANTO STEFANO DI SESSANIO",0.687181343550984,0.688757354224565,0.889857303605263,0.708158144359523,0.728346939831272
"066092","SAN VINCENZO VALLE ROVETO",0.632958034947827,0.658623806333815,0.939497577718781,0.675161586348617,0.704532252056413
"066093","SCANNO",0.637108111288376,0.665645438124938,0.941285702230536,0.680367667459045,0.709358560211433
"066094","SCONTRONE",0.671872778477662,0.722440990890472,0.934986764409172,0.720939872656578,0.744722860629088
"066095","SCOPPITO",0.550963594741751,0.51656627288254,0.930871997034153,0.573475640134346,0.613186346456547
"066096","SCURCOLA MARSICANA",0.585580065376169,0.573748943343631,0.92957461049119,0.614655514973029,0.649646525586158
"066097","SECINARO",0.715979036989623,0.779679766321768,0.934944888802977,0.766540950370424,0.785252499085152
"066098","SULMONA",0.446650479336921,0.398171748413311,0.916250989003713,0.471795101387976,0.521179088900836
"066099","TAGLIACOZZO",0.541370652894272,0.525975696606116,0.929320242539752,0.57323788152915,0.612802588308106
"066100","TIONE DEGLI ABRUZZI",0.713304749823245,0.766159878554625,0.934883971364557,0.759247479906497,0.778762645624059
"066101","TORNIMPARTE",0.597092628783085,0.596311414338481,0.936289220495379,0.630660741454243,0.664619461347702
"066102","TRASACCO",0.565523674121975,0.566544201247453,0.934881968339946,0.602918740750237,0.639803543815761
"066103","VILLALAGO",0.672229153770223,0.719251261680909,0.930327770034325,0.719198963956442,0.742657720187318
"066104","VILLA SANTA LUCIA DEGLI ABRUZZI",0.758795636718899,0.81007791118334,0.916341353125057,0.797627231868513,0.810817689785907
"066105","VILLA SANT'ANGELO",0.631564139899696,0.641251473624758,0.911143849041896,0.663881410990194,0.691355015218161
"066106","VILLAVALLELONGA",0.641823770270537,0.686415470865418,0.935284461468052,0.691236104657985,0.718352588747992
"066107","VILLETTA BARREA",0.693886066143446,0.728293475705693,0.928020488774487,0.732782842709561,0.754475914494553
"066108","VITTORITO",0.644529977855933,0.649264104549337,0.919790299221275,0.674186367004499,0.701475692806363
"067001","ALBA ADRIATICA",0.497672396427998,0.474572505517338,0.919358941670212,0.529446100042422,0.572769749112177
"067002","ANCARANO",0.62383082664902,0.637611770624057,0.929404707799253,0.66058963955281,0.690457980469082
"067003","ARSITA",0.688465591904815,0.729199701195181,0.93409018681627,0.731358400576625,0.753884154603252
"067004","ATRI",0.516994137809759,0.499489507258791,0.924921732762681,0.549909813557116,0.591577804579956
"067005","BASCIANO",0.611027368003684,0.61748500683385,0.931323163956083,0.645962885072499,0.67766958272623
"067006","BELLANTE",0.549148418204787,0.544999387344868,0.929907704923791,0.585357282989724,0.62364066320462
"067007","BISENTI",0.639513254372139,0.667043808500619,0.933447137292402,0.681295392021982,0.709312252607584
"067008","CAMPLI",0.554974046069982,0.551439898321619,0.927123685455225,0.590598643521743,0.627990314847686
"067009","CANZANO",0.627043113098391,0.639061270625278,0.935480634536074,0.663295036129258,0.693537880396683
"067010","CASTEL CASTAGNA",0.685581385730502,0.735617103856981,0.932857122102623,0.73282503252463,0.755050820255518
"067011","CASTELLALTO",0.548723431034865,0.542933594774722,0.933114894974605,0.584557151111775,0.623285789318756
"067012","CASTELLI",0.63238004353998,0.67540153033057,0.9273905666305,0.681240764904798,0.70859074287432
"067013","CASTIGLIONE MESSER RAIMONDO",0.626123929440297,0.648062274267191,0.934518374422393,0.666835629110609,0.696578156367474
"067014","CASTILENTI",0.651784655187945,0.684396029954719,0.938739303185461,0.695155238632745,0.722220134694158
"067015","CELLINO ATTANASIO",0.6143912797079,0.632941715874643,0.93263118970809,0.654562966982953,0.685459436174635
"067016","CERMIGNANO",0.663128518930064,0.700141341419798,0.9405453306545,0.707525970222888,0.733417010270845
"067017","CIVITELLA DEL TRONTO",0.58586448230274,0.594162489197173,0.932860968384036,0.624298234013365,0.658582982276773
"067018","COLLEDARA",0.61857258827227,0.63449487732996,0.931320110971018,0.657012370618105,0.687491008435095
"067019","COLONNELLA",0.586245263344516,0.590183190554249,0.931577690858011,0.622550573340245,0.656886919731108
"067020","CONTROGUERRA",0.606564168791353,0.615606983350059,0.92681977111391,0.642658995575026,0.674232415079347
"067021","CORROPOLI",0.560232270329084,0.556851017880728,0.928414408940398,0.595528920588455,0.632516197072005
"067022","CORTINO",0.659837915916195,0.702937989736507,0.926828768394199,0.705932034383136,0.730476115939921
"067023","CROGNALETO",0.669728247030335,0.702781770532662,0.938024604430498,0.711431968346398,0.736608927911298
"067024","FANO ADRIANO",0.684309020854946,0.714299455383587,0.926000928277605,0.7219739071351,0.744643576150934
"067025","GIULIANOVA",0.445603124728829,0.401378782143157,0.916381199367465,0.472779978029141,0.522069002622288
"067026","ISOLA DEL GRAN SASSO D'ITALIA",0.567368941116577,0.560736950132888,0.925120876463523,0.600159738708611,0.63626653179249
"067027","MONTEFINO",0.646625673390443,0.692078101090192,0.934506940890698,0.695867392605355,0.722382897970394
"067028","MONTORIO AL VOMANO",0.535758030453118,0.531508708017615,0.936082945456002,0.57387832685743,0.614123284479493
"067029","MORRO D'ORO",0.591035314502819,0.600896455261664,0.936335971099186,0.630002893503936,0.66403990212563
"067030","MOSCIANO SANT'ANGELO",0.535917478772337,0.526816370105176,0.930940580673909,0.571324290062271,0.611281655685787
"067031","NERETO",0.552932429746656,0.543107149779255,0.926381041428485,0.585855914929509,0.623692040096062
"067032","NOTARESCO",0.558774838996289,0.559352839232411,0.933941409668482,0.596551596169763,0.634039353225176
"067033","PENNA SANT'ANDREA",0.635938246336525,0.650952517620929,0.927563741800396,0.671857217960894,0.700269053943061
"067034","PIETRACAMELA",0.690731663821671,0.730828155948291,0.916941630664171,0.7313960819629,0.752012254040819
"067035","PINETO",0.491183474386255,0.466320725892977,0.923035399586255,0.52318043008428,0.567608760028944
"067036","ROCCA SANTA MARIA",0.680555335875356,0.732767935845215,0.933914404870657,0.729386912761323,0.75211218966236
"067037","ROSETO DEGLI ABRUZZI",0.447063557315491,0.405817675812946,0.916458167093458,0.475442371617143,0.524444126670067
"067038","SANT'EGIDIO ALLA VIBRATA",0.524591700956917,0.515768385036685,0.931629368912641,0.561324975588385,0.602469908179969
"067039","SANT'OMERO",0.561567027167723,0.560912101728662,0.930771115840652,0.598192719587439,0.635145874726685
"067040","SILVI",0.490834689530759,0.465968482807127,0.920154630659565,0.522576890618005,0.566752195067067
"067041","TERAMO",0.384021377259675,0.315248172583315,0.902334487112513,0.404904746140597,0.460174717359698
"067042","TORANO NUOVO",0.629115985448155,0.641681407950029,0.92538903230799,0.664397730259982,0.693396763820871
"067043","TORRICELLA SICURA",0.597663691533612,0.595585761779142,0.923969998622721,0.629359253853012,0.662093781049646
"067044","TORTORETO",0.494173066024043,0.464084483491134,0.922077067608032,0.523423604042633,0.567718433327677
"067045","TOSSICIA",0.649540248733794,0.676548482140847,0.93719360949147,0.690459289842736,0.717874214248151
"067046","VALLE CASTELLANA",0.659555747895087,0.71710356330944,0.933805231604355,0.712877213202473,0.737424770802682
"067047","MARTINSICURO",0.494872769773571,0.475970439634014,0.92225401831208,0.529104846064621,0.57278808742545
"068001","ABBATEGGIO",0.679260152320571,0.724014539599261,0.923684909979345,0.723842102361859,0.746046858763802
"068002","ALANNO",0.592577756161219,0.598723858348635,0.932753701516485,0.629361096681082,0.663071386107238
"068003","BOLOGNANO",0.664006842008695,0.687837080877934,0.937938860351872,0.70212365133417,0.728325341225026
"068004","BRITTOLI",0.756543295866145,0.809749788608484,0.922390938581634,0.797070981871747,0.810995421506178
"068005","BUSSI SUL TIRINO",0.607646753252305,0.610580451523249,0.930283397615382,0.641230581910538,0.673347561433298
"068006","CAPPELLE SUL TAVO",0.585881959736677,0.591510740010694,0.933623450588181,0.623189059945135,0.657681770016585
"068007","CARAMANICO TERME",0.620627365213826,0.633990955232758,0.924172308810852,0.656995475082048,0.686681789940804
"068008","CARPINETO DELLA NORA",0.738709582497421,0.79000540786369,0.939219550659081,0.781843700728408,0.799329906276261
"068009","CASTIGLIONE A CASAURIA",0.673061436813934,0.695139664121273,0.920545301608173,0.70774502558166,0.731389500695717
"068010","CATIGNANO",0.660998749663432,0.696951875616544,0.934196590467914,0.70449744042278,0.730019568205573
"068011","CEPAGATTI",0.512323884956306,0.492722727102648,0.927354082702219,0.545006383696751,0.587489461364025
"068012","CITTÀ SANT'ANGELO",0.493053163543147,0.466417075947621,0.929021823415704,0.524663790112416,0.569592460479448
"068013","CIVITAQUANA",0.669127580770021,0.702327431247682,0.933364322487358,0.710491187656702,0.735254869304553
"068014","CIVITELLA CASANOVA",0.655181512446896,0.683867733806035,0.930717243567215,0.695643885170541,0.721763147214616
"068015","COLLECORVINO",0.575141060280506,0.580515315872775,0.935112863263616,0.613556655595338,0.649285123114036
"068016","CORVARA",0.778305970773762,0.841667774011404,0.924613590264523,0.821449544179777,0.832912215966971
"068017","CUGNOLI",0.655849697249182,0.679993534278904,0.931284976029409,0.694257951790579,0.720594287817116
"068018","ELICE",0.625630932636763,0.676883461578997,0.941514277259829,0.680282905123075,0.70930861313827
"068019","FARINDOLA",0.664522207936749,0.700490931289184,0.937309854446304,0.707986898096301,0.733467226579634
"068020","LETTOMANOPPELLO",0.62780606712514,0.652095547013966,0.941955841923021,0.6701513105549,0.700351814040246
"068021","LORETO APRUTINO",0.543907616634083,0.539724498676687,0.926905614278706,0.580325013317717,0.618833968980049
"068022","MANOPPELLO",0.554684738902686,0.547485372556711,0.933105259918862,0.589287076148615,0.627489096567531
"068023","MONTEBELLO DI BERTONA",0.68274819025131,0.718997979669362,0.934749477724209,0.724260724236723,0.74764836351311
"068024","MONTESILVANO",0.401746975610349,0.345181566723429,0.906423601961497,0.42676020424635,0.480056137325811
"068025","MOSCUFO",0.584064056016407,0.585864913723517,0.926484635335534,0.619116499916519,0.653268514963076
"068026","NOCCIANO",0.624965168367053,0.641133064779124,0.930855798115098,0.662829784727289,0.69261045288149
"068027","PENNE",0.504735465390089,0.48388973283891,0.924285212820852,0.537309860485135,0.58030712185577
"068028","PESCARA",0.326630522715682,0.238422363914532,0.879150965407672,0.342188895524364,0.40185134773362
"068029","PESCOSANSONESCO",0.730596452482352,0.770522924615094,0.929918537636202,0.768495573457471,0.786431458366219
"068030","PIANELLA",0.52554810660936,0.509625519222982,0.924037527406636,0.558231884365217,0.598876955814264
"068031","PICCIANO",0.66357831341321,0.694145375235814,0.936443787392257,0.704620038631286,0.730378232938061
"068032","PIETRANICO",0.689925921948166,0.74282007577927,0.935621167389513,0.738297815716298,0.760222632568877
"068033","POPOLI",0.545445811671158,0.525010906408963,0.921096481380937,0.573815171274148,0.612401983508236
"068034","ROCCAMORICE",0.642719353003096,0.685782898730978,0.927984888500969,0.69062450213043,0.716997878393823
"068035","ROSCIANO",0.577154556434976,0.578359644055084,0.937692393069378,0.613750629527465,0.6497441588099
"068036","SALLE",0.720447582099625,0.765461220390972,0.921300473386546,0.760789008459423,0.778623615673548
"068037","SANT'EUFEMIA A MAIELLA",0.685927159855597,0.719601629837824,0.909585465891029,0.723446501951142,0.744128609055574
"068038","SAN VALENTINO IN ABRUZZO CITERIORE",0.625451335109284,0.642608917169344,0.934131106311315,0.664040224156514,0.694050322173714
"068039","SCAFA",0.591828836270491,0.597044209444953,0.931718101516948,0.628164680723645,0.661892838589567
"068040","SERRAMONACESCA",0.672005111258831,0.717344871099489,0.930426823197168,0.718250174380961,0.741825357582762
"068041","SPOLTORE",0.467800572589951,0.429166091421328,0.921159114080598,0.495750910213135,0.543018488420631
"068042","TOCCO DA CASAURIA",0.601598681385529,0.605356474075298,0.928023616272552,0.635932181584628,0.668386785438841
"068043","TORRE DE' PASSERI",0.589054288572483,0.592042088279608,0.930824478075951,0.624575817391036,0.658603446356027
"068044","TURRIVALIGNANI",0.660498311729137,0.712327112391485,0.948400778849099,0.712611518739189,0.738810325418068
"068045","VICOLI",0.690476808680801,0.740677674371361,0.930187932171087,0.737038310590582,0.758499379655082
"068046","VILLA CELIERA",0.734878375965771,0.789032661985036,0.940228256985349,0.779782792776398,0.797610066577393
"069001","ALTINO",0.598660572267866,0.610145566340798,0.939553251060886,0.637918087479987,0.671433105655643
"069002","ARCHI",0.627802102406113,0.650356005722647,0.936511213389344,0.668822269996877,0.698565485929373
"069003","ARI",0.676902341334084,0.711136689020151,0.93473739147862,0.718091302807268,0.742163090437418
"069004","ARIELLI",0.665917530224714,0.697397956406654,0.936819111099779,0.707173880094093,0.732690016872503
"069005","ATESSA",0.520566387662395,0.508848633908111,0.933601714596071,0.556596931166335,0.598486351547417
"069006","BOMBA",0.642161452815715,0.679774283086289,0.927253992080978,0.687596480364,0.714225092776997
"069007","BORRELLO",0.715532598864195,0.778498796844434,0.94605313029013,0.766919441097896,0.786823184341477
"069008","BUCCHIANICO",0.571902022797503,0.576567837093949,0.939224991046453,0.610733936055799,0.647232942165872
"069009","MONTEBELLO SUL SANGRO",0.859566654495292,0.974371409295594,0.958342406474393,0.921106369353338,0.925243706811233
"069010","CANOSA SANNITA",0.654136101743033,0.680735383722055,0.928849018753927,0.693577070334682,0.719718397936821
"069011","CARPINETO SINELLO",0.689017630230445,0.745163165065883,0.939116802083751,0.739293038091723,0.761495678535282
"069012","CARUNCHIO",0.670479280282105,0.72000103697351,0.931568676602915,0.718873010425318,0.742505862222829
"069013","CASACANDITELLA",0.659554210969,0.690377996958674,0.93726837305365,0.701196330872818,0.7274265577818
"069014","CASALANGUIDA",0.660979915018681,0.713975077999418,0.938471496653905,0.712576896523535,0.737676296538021
"069015","CASALBORDINO",0.560364761418074,0.556227985789345,0.92726329793682,0.59519306603702,0.632089758470331
"069016","CASALINCONTRADA",0.589051318778945,0.58640256970054,0.934353832746078,0.622389633090376,0.65705232194101
"069017","CASOLI",0.550828986898182,0.541732735225638,0.928910188159239,0.584543793771643,0.622806726481376
"069018","CASTEL FRENTANO",0.58212078468756,0.582380188970364,0.933513587563408,0.617376796902407,0.652503106975851
"069019","CASTELGUIDONE",0.702047827844196,0.751261764992329,0.930290409566985,0.747018357733135,0.767381919048007
"069020","CASTIGLIONE MESSER MARINO",0.660998505558792,0.704939444216932,0.947221925129804,0.709394269912056,0.73581956493625
"069021","CELENZA SUL TRIGNO",0.676706582532073,0.703305088140259,0.928298015228822,0.713835053325432,0.737664271314697
"069022","CHIETI",0.395684617640521,0.334981789271208,0.909898582762407,0.419789741386519,0.474246279317173
"069023","CIVITALUPARELLA",0.727170214975362,0.797706227387955,0.943535331048904,0.780547932168383,0.798657643155107
"069024","CIVITELLA MESSER RAIMONDO",0.66485722711996,0.684566332671185,0.93325537727975,0.70056613963399,0.726420499372408
"069025","COLLEDIMACINE",0.786624905971705,0.857418839267146,0.935878531359779,0.833407538493461,0.844793204367496
"069026","COLLEDIMEZZO",0.691546546158832,0.743425592139598,0.923871949931445,0.738124657227438,0.758763245305661
"069027","CRECCHIO",0.604975975638299,0.616131160772249,0.930262942894684,0.642524505674215,0.674495443143156
"069028","CUPELLO",0.582404810654682,0.592338621878205,0.941785299258413,0.62281307456564,0.658254432864837
"069029","DOGLIOLA",0.717292519391471,0.778291508862722,0.94386551626518,0.767399364340905,0.787006714554713
"069030","FARA FILIORUM PETRI",0.608836085889077,0.61030364996235,0.935225596397084,0.64213544077285,0.674701013619987
"069031","FARA SAN MARTINO",0.632975771911599,0.641840651287823,0.943059780950706,0.667973368534811,0.69853852546991
"069032","FILETTO",0.67153327442286,0.699837765943626,0.930680194451851,0.710184987610104,0.734684455036964
"069033","FOSSACESIA",0.547887133276815,0.539624757363767,0.929327807016691,0.582313131489931,0.620870317659571
"069034","FRAINE",0.779247775342357,0.857829134713209,0.941504349620048,0.83083504448701,0.843131633946236
"069035","FRANCAVILLA AL MARE",0.434292894306262,0.380431479490549,0.915957666068008,0.458221734815366,0.509081282732326
"069036","FRESAGRANDINARIA",0.676178678047348,0.706316327325927,0.936072358914171,0.715729988309391,0.740212473932144
"069037","FRISA",0.632100089404161,0.646197932334569,0.927037855894726,0.667937895371901,0.696726779874437
"069038","FURCI",0.678378502470309,0.703416829019919,0.924590230770175,0.71426692224762,0.737636178750126
"069039","GAMBERALE",0.702379944321887,0.759182831121352,0.92891556131393,0.750594805080851,0.770408222440082
"069040","GESSOPALENA",0.634574529639227,0.640119664386132,0.914012361601909,0.665013623471602,0.692680149930525
"069041","GISSI",0.60858620114441,0.623156269117618,0.936969551818497,0.647981066799762,0.680090898468511
"069042","GIULIANO TEATINO",0.656096427754448,0.686066889768601,0.932854516557579,0.69725894454113,0.723436230320736
"069043","GUARDIAGRELE",0.51658824053824,0.495272277001841,0.925112483868861,0.547848481279922,0.589766703789804
"069044","GUILMI",0.719952572642556,0.786501208719537,0.951271612781567,0.773031362891098,0.792835835101151
"069045","LAMA DEI PELIGNI",0.654689938187683,0.675946249299477,0.934481946103664,0.692234478979588,0.719150864215597
"069046","LANCIANO",0.423105260997723,0.371668334583799,0.913515285292565,0.448999646540941,0.500612495291122
"069047","LENTELLA",0.668460944477945,0.717810528596301,0.939145450431668,0.717736707926577,0.742337679316032
"069048","LETTOPALENA",0.703821193261415,0.755147137631479,0.942851084046031,0.750820857306405,0.772157549166364
"069049","LISCIA",0.694454407676086,0.763890240876399,0.951475518266742,0.751402643675293,0.773632963074343
"069050","MIGLIANICO",0.577345765827613,0.579868663249412,0.931840291378418,0.613930522222503,0.649253829906494
"069051","MONTAZZOLI",0.717687789961574,0.763641209014417,0.932979892302017,0.759896038769398,0.7791275780508
"069052","MONTEFERRANTE",0.814948552911177,0.903581527112356,0.940387101727687,0.867377246183359,0.875489452354951
"069053","MONTELAPIANO",0.83045361918004,0.922207688553374,0.942512442612684,0.882948832741305,0.889567011615902
"069054","MONTENERODOMO",0.677796433154241,0.736304015056166,0.939833152971823,0.730328516991866,0.753606809878528
"069055","MONTEODORISIO",0.637896251719132,0.658967463761744,0.938885465625211,0.677477218528916,0.706522579317393
"069056","MOZZAGROGNA",0.600153202581448,0.601139422998728,0.93514474997394,0.634096156508473,0.667546000226859
"069057","ORSOGNA",0.590182808571261,0.595490855270344,0.928815359693819,0.626434684698104,0.660032537475406
"069058","ORTONA",0.459931171262624,0.422226201445293,0.920262033262656,0.488997021044828,0.536915355735698
"069059","PAGLIETA",0.586492928216387,0.595455400482186,0.938682315780071,0.625744979492365,0.660515794635444
"069060","PALENA",0.645376383327189,0.662032462738699,0.923477934950766,0.680681774224727,0.707659125416509
"069061","PALMOLI",0.678516809350291,0.741219813742261,0.950758652305591,0.733957345622208,0.758046379698139
"069062","PALOMBARO",0.66846298774747,0.69536681429788,0.936252197242302,0.707348630644638,0.7327823602666
"069063","PENNADOMO",0.757411061009802,0.816503653886114,0.931162665952091,0.801377888298371,0.815798419148785
"069064","PENNAPIEDIMONTE",0.694746875705807,0.750051243111277,0.932918227308465,0.743450976198534,0.764502892988527
"069065","PERANO",0.641633122035874,0.662169727912965,0.934018981203053,0.680113180597283,0.708324936220146
"069066","PIZZOFERRATO",0.660882948002523,0.692480360970804,0.935895339567549,0.702603022994752,0.728524391502841
"069067","POGGIOFIORITO",0.658576207143622,0.705895922728838,0.939879692266189,0.708000427669226,0.733764790402222
"069068","POLLUTRI",0.631290536826549,0.651244929838518,0.937639948979919,0.670904954897272,0.70054217646201
"069069","PRETORO",0.628334444127738,0.661906152760443,0.920732115033485,0.67268148010303,0.70024266176197
"069070","QUADRI",0.648624671882893,0.686793580860223,0.931989303792748,0.694137144113677,0.720565161855796
"069071","RAPINO",0.648383729501399,0.672698993553348,0.927891873899919,0.687276412764628,0.714011464001883
"069072","RIPA TEATINA",0.582358193562659,0.581885419128673,0.930460934812933,0.616955719192393,0.651789632039119
"069073","ROCCAMONTEPIANO",0.651054290353297,0.678907203324256,0.931501285175751,0.691632800672474,0.718284854506171
"069074","ROCCA SAN GIOVANNI",0.61092615485982,0.620895460505773,0.932365560117353,0.647556282926252,0.679201758169708
"069075","ROCCASCALEGNA",0.666098066148757,0.694373514412514,0.935899949968964,0.705802206249468,0.731368622218301
"069076","ROCCASPINALVETI",0.687999277065386,0.746339845216733,0.951968064982552,0.740649411525209,0.764129261909358
"069077","ROIO DEL SANGRO",0.79412871534549,0.84870772648261,0.914777128099201,0.830754111632565,0.84009000235108
"069078","ROSELLO",0.791766259887223,0.853967425648408,0.943086038293369,0.834888762320371,0.846910681872926
"069079","SAN BUONO",0.655312177516335,0.704056891677239,0.938178517611791,0.705533932898287,0.731383331199788
"069080","SAN GIOVANNI LIPIONI",0.741633209220594,0.796298150515002,0.919549996603189,0.784024111541337,0.799082543214876
"069081","SAN GIOVANNI TEATINO",0.489936523506096,0.457556895819212,0.926841883670157,0.519056227063404,0.564365744464155
"069082","SAN MARTINO SULLA MARRUCINA",0.672790729482748,0.697419788526165,0.934202071126912,0.710014940216702,0.734924621428948
"069083","SAN SALVO",0.488664876628157,0.470621640556197,0.930418922329499,0.524720824965909,0.569798391339641
"069084","SANTA MARIA IMBARO",0.622123781708058,0.626357541175715,0.932080871277648,0.655024682425463,0.685808703409039
"069085","SANT'EUSANIO DEL SANGRO",0.628499361782488,0.652607363939335,0.939037564583186,0.670401783033139,0.700250203205367
"069086","SAN VITO CHIETINO",0.558540923487262,0.548163119228265,0.929730161861773,0.590989835408164,0.628627649458565
"069087","SCERNI",0.606779083248072,0.619057242749113,0.932030013764472,0.644829348075181,0.676740533151769
"069088","SCHIAVI DI ABRUZZO",0.721448901112557,0.799524371356688,0.952114405422072,0.779649413153368,0.798812190072113
"069089","TARANTA PELIGNA",0.67506381198959,0.704737894365943,0.921184903692766,0.713029258229267,0.736157663280766
"069090","TOLLO",0.581713562075579,0.585136381203935,0.926529749746792,0.617735449450461,0.652045927261164
"069091","TORINO DI SANGRO",0.598058958599192,0.607123298257631,0.934681016930378,0.635800117278608,0.669009106128805
"069092","TORNARECCIO",0.645200935080752,0.668321471769696,0.937038997881968,0.684788982870899,0.712816762316573
"069093","TORREBRUNA",0.706898842909812,0.759024537363934,0.943522440538025,0.754017765176988,0.775073840217103
"069094","TORREVECCHIA TEATINA",0.579502551616631,0.58135377898366,0.9387299504667,0.616258343816801,0.652088522333456
"069095","TORRICELLA PELIGNA",0.666312101069809,0.70257633475216,0.933664955605772,0.709366291680463,0.734288365449942
"069096","TREGLIO",0.605198421433071,0.599102133359655,0.930319572055728,0.634967206862299,0.667784136328236
"069097","TUFILLO",0.704600341753289,0.764384692109343,0.939869483777237,0.755030213615908,0.7755679103005
"069098","VACRI",0.647810947649951,0.675243288864424,0.931827249094725,0.688557131340941,0.715587144424695
"069099","VASTO",0.416753496767237,0.364028040565002,0.914307683974851,0.442782460196992,0.495174151727866
"069100","VILLALFONSINA",0.70222577768678,0.735545720101055,0.934479843074576,0.740445158311983,0.762004567730049
"069101","VILLAMAGNA",0.628989475255229,0.651606159939667,0.936004794451911,0.669868515282894,0.699439212968341
"069102","VILLA SANTA MARIA",0.660852314694282,0.684673866168442,0.927205588066159,0.698207340194842,0.723651589958322
"069103","PIETRAFERRAZZANA",0.787602531623268,0.844660044383637,0.932723470631894,0.827790506266297,0.839449724529141
"069104","FALLO",0.753452635347195,0.81595060803786,0.929041306991876,0.799135590222463,0.813569558752397
"070001","ACQUAVIVA COLLECROCE",0.742191820888599,0.798780147437478,0.938756073299242,0.787312993076659,0.804140001990279
"070002","BARANELLO",0.60522893314371,0.611788423835064,0.925251280545912,0.64018293869504,0.671857198900692
"070003","BOJANO",0.529161336514464,0.504727955871496,0.915556613172181,0.5568058428909,0.59666703958882
"070004","BONEFRO",0.650282330408205,0.669124633125072,0.918267475778825,0.685559881167857,0.711416280569076
"070005","BUSSO",0.64844106501763,0.669697703779032,0.92770150081327,0.685932596039825,0.712795807681319
"070006","CAMPOBASSO",0.386574913298448,0.313574606365646,0.902562053745024,0.405323489223345,0.460572218614642
"070007","CAMPOCHIARO",0.665578989238216,0.710509452490327,0.934654496883748,0.712705248466219,0.737366276068167
"070008","CAMPODIPIETRA",0.60948772509411,0.611004851363289,0.928173327635306,0.64203899216936,0.673831696110021
"070009","CAMPOLIETO",0.657226538279788,0.703749674363985,0.933709688664407,0.705810264556139,0.731132422790391
"070010","CAMPOMARINO",0.545336778735419,0.539330524427566,0.927139766305951,0.580814263053938,0.619294874526384
"070011","CASACALENDA",0.636983780017744,0.664397069378996,0.932939930958938,0.678915375324427,0.707140325950483
"070012","CASALCIPRANO",0.698344271556922,0.760725283731809,0.938398475396869,0.750421147419616,0.771307517194866
"070013","CASTELBOTTACCIO",0.779207213460226,0.849122387682318,0.934109443930722,0.826159264907217,0.838153729243162
"070014","CASTELLINO DEL BIFERNO",0.700187956391395,0.759608266398384,0.930169769477076,0.749925277203108,0.769952443011326
"070015","CASTELMAURO",0.654168029799415,0.711985777136596,0.932271700056027,0.707996383126808,0.73291586278561
"070016","CASTROPIGNANO",0.675682830902885,0.709658584034141,0.930880651163457,0.716491701838007,0.740312696207502
"070017","CERCEMAGGIORE",0.619259347074955,0.641815372879874,0.934766095405939,0.660960233520267,0.69138310706312
"070018","CERCEPICCOLA",0.668051622047616,0.713231867102425,0.926916951654145,0.714269265282933,0.737896785990845
"070019","CIVITACAMPOMARANO",0.738014328874921,0.805017237298615,0.946598878013762,0.789024092579467,0.806532402072167
"070020","COLLE D'ANCHISE",0.642639853566355,0.676387211176904,0.924430841721126,0.686005263306579,0.712496994241529
"070021","COLLETORTO",0.605952552678447,0.63881426659317,0.921397674510606,0.652284836123288,0.682186262610768
"070022","DURONIA",0.691700323797056,0.749684329676096,0.930399068420684,0.741663000904987,0.762633675073398
"070023","FERRAZZANO",0.544766684281219,0.505147762730282,0.919558062703766,0.564417307425552,0.603877391345354
"070024","FOSSALTO",0.640516269278044,0.690708139422853,0.93080032121109,0.692131016036513,0.718649827722577
"070025","GAMBATESA",0.662246922502981,0.690268072618991,0.93170819040273,0.70180256684516,0.727347636129335
"070026","GILDONE",0.667267966524907,0.720797582121974,0.932833857124888,0.717912882603585,0.74179299088373
"070027","GUARDIALFIERA",0.683170492602236,0.724232145108329,0.936116016902208,0.726942788659975,0.750184258464668
"070028","GUARDIAREGIA",0.658305385003612,0.707981441703477,0.934132092227001,0.70824228124089,0.733341149128236
"070029","GUGLIONESI",0.557788312453708,0.545684517241433,0.920824925137881,0.588645265876601,0.625554116905632
"070030","JELSI",0.645628094310035,0.662110675674109,0.919710039599235,0.680453450452788,0.707037515913505
"070031","LARINO",0.530682694413509,0.511097023692006,0.920194912584757,0.560820364405958,0.600750869759158
"070032","LIMOSANO",0.701011163245951,0.729468449764636,0.912323084245498,0.734948134279314,0.754656462053335
"070033","LUCITO",0.686620177592516,0.743116879537812,0.940184084409307,0.737400084149578,0.759931639733993
"070034","LUPARA",0.710705036783846,0.775099056427079,0.940012124334202,0.762613054378337,0.782324062151211
"070035","MACCHIA VALFORTORE",0.680389282067715,0.730736463783655,0.921490795865623,0.727155665219679,0.748748457513673
"070036","MAFALDA",0.667122587409174,0.697350732509492,0.930862561484239,0.707099250111824,0.731961840264315
"070037","MATRICE",0.690469388179842,0.714736052076807,0.924240552690048,0.724766503384497,0.746930286640669
"070038","MIRABELLO SANNITICO",0.611473297326631,0.603070054429341,0.918658811991977,0.638410389489385,0.669549103100784
"070039","MOLISE",0.771310657844803,0.845819616751531,0.942324274957259,0.821941051064076,0.835316964829985
"070040","MONACILIONI",0.71322410702652,0.782839300151212,0.943955305539131,0.767624063783893,0.787216423978919
"070041","MONTAGANO",0.669422039040765,0.696527313713966,0.93481981288615,0.708159190028244,0.733343703679123
"070042","MONTECILFONE",0.677298654521064,0.717864239148111,0.941207856942693,0.721944087845398,0.746306728856209
"070043","MONTEFALCONE NEL SANNIO",0.658716629546351,0.694415394905497,0.934893474795937,0.702398758482925,0.728231504739927
"070044","MONTELONGO",0.683336204037916,0.715017406320204,0.909069436179197,0.720166068279073,0.741155331379087
"070045","MONTEMITRO",0.763765796341836,0.820573950613781,0.94009588509065,0.806962474639093,0.821755075800377
"070046","MONTENERO DI BISACCIA",0.560993286112657,0.56439524482105,0.931594848340796,0.599584323754247,0.636474382041642
"070047","MONTORIO NEI FRENTANI",0.661630369473933,0.686261601050617,0.897446416494505,0.696296028385498,0.718646071508721
"070048","MORRONE DEL SANNIO",0.686402830577836,0.741907212716499,0.929112263069536,0.735650745789404,0.757146469931641
"070049","ORATINO",0.6096834320695,0.604401023262004,0.926894355118375,0.639027440411014,0.671012653156276
"070050","PALATA",0.664691425862697,0.702079444407739,0.942255384680763,0.709272430089773,0.735159425044327
"070051","PETACCIATO",0.592869036904974,0.599393090124322,0.933731925173092,0.629891149680492,0.663651235846337
"070052","PETRELLA TIFERNINA",0.664078297421508,0.687985730191738,0.929420155242175,0.701370827950178,0.726709642093734
"070053","PIETRACATELLA",0.620896999940686,0.657241944978169,0.922058140361101,0.667368339249595,0.695667206039763
"070054","PIETRACUPA",0.714634616426951,0.758289413351739,0.923028634978705,0.755118676898281,0.773775338907217
"070055","PORTOCANNONE",0.618636415155094,0.629956436312543,0.924617694075568,0.654328552567993,0.684360679402168
"070056","PROVVIDENTI",0.79690380079428,0.857642359161934,0.917408590003571,0.836286630980653,0.8453001819832
"070057","RICCIA",0.570307146054357,0.5666390563016,0.924008844708227,0.604026675531003,0.639580249884028
"070058","RIPABOTTONI",0.696047825702599,0.754242191600017,0.932528969971464,0.745883404783324,0.766621800915339
"070059","RIPALIMOSANI",0.573871368563294,0.559307394935255,0.91947361485981,0.601877805060328,0.637166228371382
"070060","ROCCAVIVARA",0.678979159779922,0.733245257705897,0.935950330628245,0.729096020931443,0.752079833119976
"070061","ROTELLO",0.677559030809445,0.714187077772378,0.940409776371094,0.72032672649893,0.744780398706948
"070062","SALCITO",0.692196706638881,0.755915758140068,0.941505975827531,0.74580120673328,0.767546181077086
"070063","SAN BIASE",0.823332332843932,0.919178684075465,0.949918288336876,0.879121786447416,0.886988064435134
"070064","SAN FELICE DEL MOLISE",0.681990989322187,0.738350633861709,0.931781308859658,0.732331861318719,0.75449291104549
"070065","SAN GIACOMO DEGLI SCHIAVONI",0.632490388649859,0.632723928672996,0.925208441420763,0.661867286937361,0.691127415213295
"070066","SAN GIOVANNI IN GALDO",0.683799737366989,0.736240666601383,0.933765132115326,0.7323946949973,0.754769188010414
"070067","SAN GIULIANO DEL SANNIO",0.6396976872919,0.680072121276715,0.930420455854746,0.686938459441351,0.713992014598395
"070068","SAN GIULIANO DI PUGLIA",0.633745604104285,0.670090239021525,0.925033100478169,0.679229439454431,0.706540957345958
"070069","SAN MARTINO IN PENSILIS",0.578932188943818,0.582366035368819,0.923761094505296,0.614960310391217,0.649271508626114
"070070","SAN MASSIMO",0.637914932942876,0.673439458741556,0.924034539976413,0.682512930255636,0.709348664669056
"070071","SAN POLO MATESE",0.727949428539346,0.765480716985142,0.926547866605138,0.764698352146533,0.782681631530823
"070072","SANTA CROCE DI MAGLIANO",0.583214506106864,0.589003604877864,0.923032632115976,0.619801413154725,0.653493770817086
"070073","SANT'ANGELO LIMOSANO",0.774330747044547,0.846267141472222,0.949149809164979,0.824184030749044,0.838069117239703
"070074","SANT'ELIA A PIANISI",0.654161199126373,0.684776823875866,0.933063086161337,0.695828418967141,0.722187826433163
"070075","SEPINO",0.650192686237757,0.680936394636927,0.934456419829428,0.69245372837655,0.719342916315759
"070076","SPINETE",0.663368102148016,0.6866978044157,0.927024933181402,0.700232151271813,0.725431349261767
"070077","TAVENNA",0.698418449723773,0.76334971068458,0.940343137227084,0.751829985906467,0.772775891608758
"070078","TERMOLI",0.424875012047435,0.37135143344855,0.913819504583317,0.449683850931525,0.501254479115057
"070079","TORELLA DEL SANNIO",0.70527268551709,0.758633274457652,0.938049178678305,0.752562599856464,0.773172219725557
"070080","TORO",0.659236063380783,0.683382747623663,0.929094272515455,0.697087892203546,0.722866378904869
"070081","TRIVENTO",0.59033690995213,0.610286923893473,0.938235605922487,0.63410428582277,0.667896654722739
"070082","TUFARA",0.668120005087061,0.723778354996706,0.933165238747836,0.719670785912479,0.743392391783074
"070083","URURI",0.605541159312736,0.607266405219084,0.921385921990707,0.63790199623839,0.669400210210869
"070084","VINCHIATURO",0.594688435193394,0.597504464329001,0.93241306563277,0.629728111348355,0.663359772935512
"071001","ACCADIA",0.609870777834082,0.620720875141819,0.925193762856549,0.64628562012481,0.67727541376167
"071002","ALBERONA",0.658376178650056,0.704743483028617,0.924617900915815,0.705865637846984,0.730171444854632
"071003","ANZANO DI PUGLIA",0.671020126297206,0.709216125783422,0.928703091316943,0.713976622567977,0.73783511909564
"071004","APRICENA",0.528204678689764,0.524446724184745,0.934208954699366,0.567114026763466,0.607902352089677
"071005","ASCOLI SATRIANO",0.573714041242615,0.585449540296412,0.934828127237005,0.615106424416263,0.650631058063012
"071006","BICCARI",0.610373044559581,0.625029057102559,0.931573947641936,0.649088340512156,0.680475630193243
"071007","BOVINO",0.608027742872334,0.619818922169957,0.93071843368261,0.645602842637292,0.677282352753439
"071008","CAGNANO VARANO",0.579690190149515,0.596835603036424,0.932864493152938,0.622723056248966,0.657183215904963
"071009","CANDELA",0.612300948918854,0.625371223485968,0.928784115792338,0.649830889161403,0.680825692120396
"071010","CARAPELLE",0.585242233355999,0.599533594834218,0.936239661268481,0.626773088812446,0.661158263529783
"071011","CARLANTINO",0.662560756438595,0.711628819330438,0.930712996372291,0.711456608733294,0.735818429582071
"071012","CARPINO",0.600686688006172,0.625542668651292,0.931641842809843,0.644967394776843,0.676820111224954
"071013","CASALNUOVO MONTEROTARO",0.634202317143553,0.680659942098469,0.933613064666767,0.685049323125587,0.712667516630162
"071014","CASALVECCHIO DI PUGLIA",0.646374106457362,0.676321307941651,0.932254131234236,0.688438349602979,0.715528992006452
"071015","CASTELLUCCIO DEI SAURI",0.635879079305828,0.666528215142981,0.940677182834525,0.680151000785417,0.709098354346429
"071016","CASTELLUCCIO VALMAGGIORE",0.667916801989805,0.698988590461127,0.935350956134742,0.708642522216394,0.733832348207321
"071017","CASTELNUOVO DELLA DAUNIA",0.662155417696145,0.685272035444839,0.923581500312337,0.698700503944676,0.723687281318861
"071018","CELENZA VALFORTORE",0.675590167307141,0.713779796471181,0.938088595828606,0.719025343283105,0.74336570467705
"071019","CELLE DI SAN VITO",0.771029763491285,0.84705914641274,0.947047460456779,0.822844755502489,0.836645056052966
"071020","CERIGNOLA",0.446655816236342,0.427828192331688,0.918773989133492,0.485395202768963,0.53354840125391
"071021","CHIEUTI",0.649975614433489,0.679674621207123,0.927369363382164,0.691079542376492,0.717333966932678
"071022","DELICETO",0.591282450367586,0.602475680818249,0.93450715523972,0.630641874557598,0.664404683522278
"071023","FAETO",0.66180211831895,0.708097314581763,0.925856902142201,0.709040435019541,0.733131153588725
"071024","FOGGIA",0.353795943344681,0.295660577750135,0.889620364422045,0.381217470934872,0.437706681322335
"071025","ISCHITELLA",0.60143880168341,0.617147255496169,0.928583299970582,0.641222055727869,0.673151082865948
"071026","ISOLE TREMITI",0.681007974462801,0.703976242737643,0.912830937150157,0.714525991455216,0.736559874310209
"071027","LESINA",0.571651966338562,0.580460057655027,0.932202182688102,0.611670629065925,0.647285246135056
"071028","LUCERA",0.45691041949205,0.430180813289316,0.923611388225922,0.491552193574207,0.539558770757731
"071029","MANFREDONIA",0.43540864169552,0.4061950100575,0.922667977825054,0.470988441071365,0.521175056266219
"071031","MATTINATA",0.571642177771867,0.573052952757205,0.926799194503625,0.607792728188445,0.643237891112354
"071032","MONTELEONE DI PUGLIA",0.663552661332505,0.694936851367603,0.926936679009546,0.704013948616003,0.728783140881952
"071033","MONTE SANT'ANGELO",0.530436852494195,0.517215544126704,0.930458460207025,0.564489424500107,0.605152650689764
"071034","MOTTA MONTECORVINO",0.661794838116348,0.704795813195646,0.933383234523371,0.708304116542735,0.733312907429472
"071035","ORSARA DI PUGLIA",0.616252123524833,0.632679083506318,0.927430843220744,0.654762127486093,0.685058651456609
"071036","ORTA NOVA",0.519115802474825,0.518882657439465,0.931036469994813,0.560202953960912,0.601406677964678
"071037","PANNI",0.662569303114192,0.713088547301658,0.930162426664526,0.712062275353585,0.736295625499245
"071038","PESCHICI",0.597303121169849,0.614170212135959,0.925378005041334,0.637700800491747,0.66966493433059
"071039","PIETRAMONTECORVINO",0.615908910517187,0.632961756402655,0.933741939411567,0.655365994055086,0.68629665465025
"071040","POGGIO IMPERIALE",0.646049648015982,0.674373338817356,0.940324527699432,0.688222796844945,0.716234100273222
"071041","RIGNANO GARGANICO",0.635632036427632,0.660026095344072,0.934781635115193,0.676524322808786,0.70521957973172
"071042","ROCCHETTA SANT'ANTONIO",0.645425415076261,0.675186773098609,0.937278220147972,0.688003306693489,0.715700519299542
"071043","RODI GARGANICO",0.598487152334494,0.611208732715669,0.927813145515967,0.63714446282417,0.669440983123258
"071044","ROSETO VALFORTORE",0.704553773284214,0.743591649678542,0.925765779707563,0.744242018303996,0.764411325126615
"071046","SAN GIOVANNI ROTONDO",0.455389108365833,0.411472522442873,0.921309148488779,0.482218648712796,0.531006482021238
"071047","SAN MARCO IN LAMIS",0.520548325040872,0.504710643878515,0.930685520568796,0.554435088070604,0.596240691681514
"071048","SAN MARCO LA CATOLA",0.653288670899418,0.701422298131282,0.922530780431232,0.701873014106938,0.726390543698526
"071049","SAN NICANDRO GARGANICO",0.526642779232954,0.525200364953302,0.930130570931723,0.566342471976987,0.606763371860847
"071050","SAN PAOLO DI CIVITATE",0.584068085711798,0.598268353516652,0.931643800590003,0.625215777711803,0.659263335809381
"071051","SAN SEVERO",0.441512674580646,0.417895004906005,0.923029925787706,0.479036448347764,0.528369056952202
"071052","SANT'AGATA DI PUGLIA",0.644554727988958,0.673449766380582,0.937592204511267,0.68686124291742,0.714720238650069
"071053","SERRACAPRIOLA",0.608475866837248,0.628678985125944,0.930139905662272,0.649733673949663,0.680889921917731
"071054","STORNARA",0.593136003469321,0.612387255429557,0.931696051413983,0.635655071645893,0.668548513842348
"071055","STORNARELLA",0.595096664550361,0.606972302522855,0.931365312631475,0.634067566446095,0.667100649355581
"071056","TORREMAGGIORE",0.50305217194917,0.491145416063213,0.925598536574611,0.539948768263034,0.582798742519876
"071058","TROIA",0.54549121643048,0.533850600793007,0.92582612107483,0.578286429858052,0.616901951104361
"071059","VICO DEL GARGANO",0.559192867373212,0.564548605796977,0.930923959130662,0.598776058839652,0.635681381094208
"071060","VIESTE",0.518932304659658,0.513330587483078,0.922690728677995,0.556787374332031,0.597443302592693
"071061","VOLTURARA APPULA",0.762889837164091,0.827424789571687,0.942340383896752,0.809875620420775,0.824593927473662
"071062","VOLTURINO",0.663489809170141,0.696746172735988,0.940637162961488,0.706169908153907,0.732221825354749
"071063","ORDONA",0.632876255536546,0.662817458618269,0.94044135638112,0.677106307007779,0.70636575693815
"071064","ZAPPONETA",0.626291136584744,0.65350541618055,0.931726823048813,0.669081131049264,0.69826398571588
"072001","ACQUAVIVA DELLE FONTI",0.471602155433961,0.440137005899962,0.925995065935512,0.502882129193816,0.549894677720672
"072002","ADELFIA",0.505358887985973,0.489140794968161,0.932550408345594,0.54077989816392,0.584309954850772
"072003","ALBEROBELLO",0.52063514827527,0.509985126525023,0.929173495440398,0.556696473204172,0.598082809008197
"072004","ALTAMURA",0.414193329114405,0.379200301792106,0.918547215889685,0.448881855496898,0.501066895540541
"072006","BARI",0.294930479861079,0.21733105402229,0.835361828705856,0.314053873118102,0.371976979294519
"072008","BINETTO",0.625518052868345,0.628366015360632,0.933846485334467,0.657632479236486,0.688322924358484
"072010","BITETTO",0.519722075768867,0.502722411318634,0.935724193530663,0.553672438542442,0.596122633541133
"072011","BITONTO",0.432307191282865,0.398894515742819,0.920690551061276,0.466109823267685,0.516618793022529
"072012","BITRITTO",0.508275449046793,0.483034973399434,0.929110811889542,0.539000771289756,0.582346331356399
"072014","CAPURSO",0.511052611648216,0.499697278200025,0.934368795597816,0.54827432999149,0.59117371505886
"072015","CASAMASSIMA",0.489475263666344,0.470348118651432,0.932033199154033,0.525123841958403,0.570335992757917
"072016","CASSANO DELLE MURGE",0.499558703973549,0.479780635190928,0.929285973650399,0.533631299989055,0.577592930395871
"072017","CASTELLANA GROTTE",0.479468625581819,0.457618215502915,0.926633796498029,0.514352458137933,0.560161495733499
"072018","CELLAMARE",0.575424734829154,0.576122086458586,0.940297115748302,0.612225781154313,0.648678151664756
"072019","CONVERSANO",0.458446933025877,0.426548305363706,0.921857337434585,0.490433591018771,0.53836956284275
"072020","CORATO",0.440655693826843,0.412467406131569,0.925123537480289,0.476417748729314,0.526273947479423
"072021","GIOIA DEL COLLE",0.465786507748882,0.439442266288375,0.929772709417927,0.500330219258558,0.548046051498488
"072022","GIOVINAZZO",0.481277893149724,0.452446491438007,0.92992748613115,0.513168721677594,0.559475251061322
"072023","GRAVINA IN PUGLIA",0.441615954202119,0.40922760031797,0.919390650470757,0.474818664581116,0.524215551902187
"072024","GRUMO APPULA",0.534919786814065,0.529700909373886,0.933597730611576,0.572439086345736,0.612567824597496
"072025","LOCOROTONDO",0.509430592464686,0.501483025295614,0.932992862886406,0.548210414280776,0.590964019681401
"072027","MODUGNO",0.457976189974891,0.433620626199505,0.929899933109517,0.49420856058943,0.542618713091662
"072028","MOLA DI BARI",0.47303361587108,0.445955646845905,0.923278106835176,0.505872978906161,0.552251326453829
"072029","MOLFETTA",0.421427231571676,0.382521122888344,0.920652963922989,0.453842055899308,0.505709934568606
"072030","MONOPOLI",0.429073554661421,0.395253139752205,0.917138816729609,0.462660894159092,0.513158441111372
"072031","NOCI",0.483308120242651,0.46298131632696,0.927311968142145,0.51856144327054,0.563978168256274
"072032","NOICATTARO",0.464331465635607,0.43624255951161,0.925287383588778,0.497787049675125,0.545287086776642
"072033","PALO DEL COLLE",0.495809151111214,0.483930001141884,0.9358857360419,0.534471192118084,0.579072808109619
"072034","POGGIORSINI",0.620264226321401,0.656438785337752,0.925992771978068,0.667115632444426,0.695879759059275
"072035","POLIGNANO A MARE",0.493620271780015,0.476311431368341,0.92747239866098,0.529216506282858,0.573467160991538
"072036","PUTIGNANO",0.458725947044734,0.431554467891441,0.92352499209866,0.492978685931145,0.540817164394202
"072037","RUTIGLIANO",0.500398284914431,0.487448696385295,0.928599782660307,0.537391119850908,0.580858749051952
"072038","RUVO DI PUGLIA",0.477928521083883,0.45690407289288,0.928173218341083,0.513491989123652,0.559567681258922
"072039","SAMMICHELE DI BARI",0.547946169806328,0.541491464118646,0.93080421544102,0.58332735681034,0.621935896658193
"072040","SANNICANDRO DI BARI",0.53176922192474,0.519530855882464,0.925152817587018,0.565600316771944,0.605550594640285
"072041","SANTERAMO IN COLLE",0.478159565541098,0.458926764522369,0.92609814877647,0.514298663406207,0.560054161780681
"072043","TERLIZZI",0.471174632238808,0.447024097324147,0.926282728856192,0.505817701188949,0.55253603759642
"072044","TORITTO",0.553953690061978,0.554623830873056,0.933432621391353,0.5922031465599,0.630117532652284
"072046","TRIGGIANO",0.46900093578483,0.442766116016056,0.927230102991852,0.503018183609584,0.550152841318725
"072047","TURI",0.508674616184273,0.493714284347372,0.929213377652478,0.543996343004488,0.586798235743153
"072048","VALENZANO",0.494061518861876,0.472075429421769,0.933532599453116,0.528114886672952,0.573161299204081
"073001","AVETRANA",0.570483915004404,0.580780198104762,0.931709377810441,0.611239788680169,0.646847520805755
"073002","CAROSINO",0.559851734079377,0.558380664041224,0.94445017689152,0.597649596843423,0.636182994626544
"073003","CASTELLANETA",0.493875477064296,0.477717280151672,0.929282326721318,0.530144973419317,0.574493568230651
"073004","CRISPIANO",0.521501703421288,0.518911306624415,0.944571759391731,0.562643030459739,0.605079555896627
"073005","FAGGIANO",0.636745461061385,0.668499935078681,0.95516242521066,0.682876670784096,0.713130643498159
"073006","FRAGAGNANO",0.585762552704818,0.597117886282936,0.941856945861471,0.626481892130637,0.661523564767396
"073007","GINOSA",0.489884038374727,0.476058164477133,0.924945355965129,0.52716852687985,0.57136595233377
"073008","GROTTAGLIE",0.460157439477006,0.434253063719603,0.926140329327127,0.495098759371187,0.542992267144069
"073009","LATERZA",0.510247570700474,0.497227125351991,0.930199203961351,0.546383533619744,0.589029719213256
"073010","LEPORANO",0.531400054100883,0.516732340778525,0.938775625926418,0.565537140288376,0.607008083137047
"073011","LIZZANO",0.555741218778338,0.562297670672019,0.936183348920501,0.596735835144711,0.634452225564243
"073012","MANDURIA",0.469273826133655,0.451028568172522,0.924861244374795,0.506622201875259,0.55309320659743
"073013","MARTINA FRANCA",0.42862512488432,0.395430977081543,0.920603598476666,0.462885605732305,0.513743160481679
"073014","MARUGGIO",0.569962787538986,0.575504435607231,0.933224982336839,0.608782748649482,0.644831885725855
"073015","MASSAFRA",0.463709250402189,0.443622371756579,0.928654096813396,0.501164639652785,0.548663468226187
"073016","MONTEIASI",0.587073066349557,0.599069706505727,0.94933399419353,0.628697647204231,0.664323907980819
"073017","MONTEMESOLA",0.608016236879724,0.627344795612677,0.946045199001283,0.650516984521709,0.683353452797217
"073018","MONTEPARANO",0.631739326256832,0.651216559486431,0.944280977520556,0.671758246336524,0.702038549801417
"073019","MOTTOLA",0.513419028539179,0.507506739324612,0.936908804659105,0.553107476004617,0.595752068077338
"073020","PALAGIANELLO",0.561112055436093,0.567784450306581,0.935289223007591,0.601532349884962,0.638616446898588
"073021","PALAGIANO",0.509425594006219,0.502422971993482,0.932995352551228,0.548631389954989,0.591338496910126
"073022","PULSANO",0.529057047464874,0.523019002610378,0.939090204479172,0.56734324298178,0.608648460925935
"073023","ROCCAFORZATA",0.653739085310098,0.690787782550465,0.955007805530758,0.70053787109033,0.728812308250377
"073024","SAN GIORGIO IONICO",0.516534843008482,0.502957213013294,0.94053792651159,0.552825217860959,0.595904407711029
"073025","SAN MARZANO DI SAN GIUSEPPE",0.559197342898302,0.566933751063651,0.941300688733652,0.600889061156244,0.638712575331511
"073026","SAVA",0.520084166949443,0.51910725239218,0.934066304745675,0.561042769178298,0.602489828685784
"073027","TARANTO",0.345928871889744,0.291188888434283,0.886967537629963,0.375399745908808,0.432240611655603
"073028","TORRICELLA",0.600085868228281,0.618504401356626,0.936029502957332,0.641968571608942,0.674642008425429
"073029","STATTE",0.543047411495243,0.551143762044842,0.951665464227285,0.587552574515767,0.628009562261491
"074001","BRINDISI",0.396535398392234,0.353550409336114,0.916408102332159,0.429179423710973,0.483315943557771
"074002","CAROVIGNO",0.511773129761463,0.504957417722214,0.928702914631611,0.550399037830816,0.592432801919793
"074003","CEGLIE MESSAPICA",0.50070648122116,0.49210587670215,0.927565172437118,0.539522078309202,0.582637977656748
"074004","CELLINO SAN MARCO",0.567544390333868,0.576802994579681,0.93504576273412,0.608460899484509,0.644748106512244
"074005","CISTERNINO",0.51768122101192,0.504495142612603,0.926128117587822,0.552592175389818,0.594096168967374
"074006","ERCHIE",0.558289825924783,0.566264415771874,0.933588042069304,0.599408212970426,0.636539305092524
"074007","FASANO",0.451633310047048,0.431256482769881,0.920975202466134,0.489397927014232,0.537350957619999
"074008","FRANCAVILLA FONTANA",0.459885322663091,0.437315050023325,0.925231601187635,0.496263327827651,0.543926469312094
"074009","LATIANO",0.521416213465166,0.516582587108366,0.93282839259263,0.560382299517353,0.601765198747939
"074010","MESAGNE",0.475337037900206,0.459168559893178,0.9300460325608,0.513532122263103,0.559811445629514
"074011","ORIA",0.516107072286934,0.508258816770407,0.930809256132833,0.554045575689086,0.595908206849503
"074012","OSTUNI",0.45219517654495,0.422174835729965,0.923694000597588,0.485835905583471,0.534486805029484
"074013","SAN DONACI",0.564355969055708,0.569882577139145,0.938019198760377,0.604209265663722,0.641299258230017
"074014","SAN MICHELE SALENTINO",0.572564750484951,0.585582234688819,0.932319521888355,0.614398095517032,0.649722698447179
"074015","SAN PANCRAZIO SALENTINO",0.543094517809292,0.54297483859566,0.935428263063701,0.582274036688598,0.621513395174721
"074016","SAN PIETRO VERNOTICO",0.523493662174858,0.518400626378758,0.934741240152346,0.562326553864362,0.603705963451916
"074017","SAN VITO DEI NORMANNI",0.502174183078876,0.490480233953251,0.931272770462416,0.539821764710699,0.583316320905334
"074018","TORCHIAROLO",0.58616865093623,0.601631200857714,0.939989941458266,0.628508927453101,0.663117929009231
"074019","TORRE SANTA SUSANNA",0.542295805424754,0.541602204994256,0.930811855891329,0.580835290277687,0.61972157534587
"074020","VILLA CASTELLI",0.554255972691532,0.560183601995408,0.935206233225434,0.595018431931666,0.632817076519863
"075002","ALESSANO",0.558156765566501,0.554014786416529,0.922883082609771,0.59276550665334,0.629445237315166
"075003","ALEZIO",0.565813764578446,0.566566589622543,0.928078411631135,0.602379000553559,0.638567824006623
"075004","ALLISTE",0.574521912643053,0.584639581188572,0.927597650036232,0.614382437227854,0.649184127539896
"075005","ANDRANO",0.573422960324147,0.569895933565922,0.929531656414075,0.607446667891939,0.643233888838843
"075006","ARADEO",0.548006417688762,0.548936238543973,0.927807050018203,0.586404900306551,0.624338472496735
"075007","ARNESANO",0.58098870519163,0.581134107346634,0.932225949526372,0.616177860594856,0.65129431492058
"075008","BAGNOLO DEL SALENTO",0.648079949215745,0.682159939229874,0.93810939252059,0.692418889052588,0.719717833882366
"075009","BOTRUGNO",0.619771543531474,0.634513013840354,0.93226463383796,0.657654514201119,0.688166749716323
"075010","CALIMERA",0.536463134292332,0.519349862711114,0.927996362463117,0.567915484897862,0.607924471294002
"075011","CAMPI SALENTINA",0.524644645497993,0.507494436860778,0.927382338203808,0.557200820881828,0.59833210058427
"075012","CANNOLE",0.660260581476703,0.697612980023038,0.938926247568586,0.704935727431742,0.730934674113613
"075013","CAPRARICA DI LECCE",0.613047483328932,0.627320405792857,0.93810338763488,0.651975888868293,0.683767833175692
"075014","CARMIANO",0.527203464075772,0.518838234206687,0.929072140275014,0.563625978254608,0.604231107367986
"075015","CARPIGNANO SALENTINO",0.59641979845753,0.612162425313291,0.933511909348578,0.637213191631727,0.670135271378044
"075016","CASARANO",0.494240605836314,0.479312854899548,0.928848333673974,0.530983890698535,0.57519105102914
"075017","CASTRI DI LECCE",0.620858800415897,0.642895708015266,0.939391466308942,0.662628675424917,0.693380096634253
"075018","CASTRIGNANO DE' GRECI",0.601850768214,0.613531437213383,0.925660500308053,0.639488042473128,0.671284982232564
"075019","CASTRIGNANO DEL CAPO",0.56634373024446,0.566017847934116,0.925818853886545,0.602144595569013,0.638108402048739
"075020","CAVALLINO",0.492456647782092,0.456743514006479,0.922214452384855,0.519361518043343,0.564122955192399
"075021","COLLEPASSO",0.579871489391799,0.588723340904874,0.933826935796228,0.619250367213125,0.654203319277915
"075022","COPERTINO",0.48997916265245,0.475956306014428,0.926651249925377,0.527336085892633,0.571704437451827
"075023","CORIGLIANO D'OTRANTO",0.567671277643313,0.567159289693552,0.930193458344384,0.603693101136028,0.639970918603623
"075024","CORSANO",0.566723789597536,0.563461014141681,0.920653320380865,0.600648493720734,0.63620458557186
"075025","CURSI",0.592169681049967,0.600734444365832,0.927674219541798,0.629574278391289,0.662696494074679
"075026","CUTROFIANO",0.546227685917002,0.547922621716813,0.932464396952079,0.585614078130425,0.624153002443942
"075027","DISO",0.603201627528494,0.61513981483334,0.935333029581673,0.641786952020993,0.674403182861068
"075028","GAGLIANO DEL CAPO",0.58439115046431,0.593104170149784,0.929851326561432,0.622858026932486,0.656968393557924
"075029","GALATINA",0.468098236651208,0.441474435633354,0.925394927398094,0.501847195267862,0.548908054393444
"075030","GALATONE",0.512063791695807,0.500189820018228,0.927786080984156,0.548292733369731,0.590458660882445
"075031","GALLIPOLI",0.482742056541457,0.45561206432707,0.921277180413954,0.514387072432233,0.559597084430202
"075032","GIUGGIANELLO",0.648079196857688,0.666848229290947,0.928064303288263,0.684523772095712,0.711583831117107
"075033","GIURDIGNANO",0.637335453148537,0.663470257337459,0.935011031175325,0.678863672836231,0.707324490429464
"075034","GUAGNANO",0.574110364663552,0.583182555815747,0.932899370035777,0.614071751219262,0.649497042198875
"075035","LECCE",0.350370819204362,0.272108767599028,0.896265666483485,0.369742380709874,0.428244968018053
"075036","LEQUILE",0.53861416220007,0.530237899643269,0.930226485601539,0.574006076389656,0.613586121857643
"075037","LEVERANO",0.518191811314968,0.514096084193078,0.927818037571624,0.557311356735783,0.598478765717543
"075038","LIZZANELLO",0.520328677831682,0.506509638720628,0.927956916784889,0.554872934127029,0.596326709977902
"075039","MAGLIE",0.481235073190292,0.445363906730639,0.921194924966411,0.50908903346106,0.554878576961655
"075040","MARTANO",0.5443078694827,0.543331555474902,0.929593298473792,0.5823970710783,0.620974429677799
"075041","MARTIGNANO",0.648805643960145,0.668382093181997,0.938353180815185,0.686569799795482,0.714545731019894
"075042","MATINO",0.533743522271717,0.533809898562233,0.931217556849212,0.573520795060199,0.613264879703423
"075043","MELENDUGNO",0.525420139408849,0.515133421355855,0.924347074875657,0.560683809831682,0.601090839281013
"075044","MELISSANO",0.568636743971915,0.579450454936397,0.930522360993699,0.60969147560811,0.645339351762064
"075045","MELPIGNANO",0.632504519203796,0.655986096393869,0.932193886625707,0.67304016568152,0.701835023564207
"075046","MIGGIANO",0.610213834106068,0.623858980205131,0.935424100461488,0.648875176486188,0.680713945816777
"075047","MINERVINO DI LECCE",0.611121750811304,0.631406885780707,0.936104685223407,0.652748354988746,0.684232391681486
"075048","MONTERONI DI LECCE",0.515867757996747,0.503342523985042,0.928548201493397,0.551499447041145,0.593393753091395
"075049","MONTESANO SALENTINO",0.59257556830946,0.586808638534383,0.920921099941695,0.622815003073899,0.655937902725876
"075050","MORCIANO DI LEUCA",0.609399881067975,0.630019175902701,0.93001675467594,0.650740251104398,0.681770973723459
"075051","MURO LECCESE",0.577570367602709,0.578361177972867,0.929692595538734,0.613138455062883,0.648311137337977
"075052","NARDÒ",0.458048025377811,0.430664981851229,0.92032700997164,0.491953554250232,0.539550604885944
"075053","NEVIANO",0.595495034767787,0.612776248652523,0.937044324516881,0.637426509990828,0.6707173782715
"075054","NOCIGLIA",0.627511140261278,0.638457072133735,0.932190094510686,0.662904705028825,0.692825303860143
"075055","NOVOLI",0.540284331248772,0.529535591069844,0.926053843853358,0.574024349428713,0.613138737698118
"075056","ORTELLE",0.618881299998101,0.630851407246194,0.930161104428105,0.655395828702743,0.685925303783339
"075057","OTRANTO",0.545947524592102,0.535485426779305,0.923949668654469,0.57903979498258,0.617363114279456
"075058","PALMARIGGI",0.664006510236254,0.695614802265892,0.937806356809771,0.705610226306942,0.731409796362812
"075059","PARABITA",0.53582317558086,0.529624001052097,0.926418009753271,0.572093030460158,0.611462472603837
"075060","PATÙ",0.64251019107956,0.663156152171881,0.930556242783563,0.680605478741504,0.708377785857289
"075061","POGGIARDO",0.554055675041413,0.544724090652561,0.923952897700455,0.586846184332334,0.624302485817681
"075063","RACALE",0.535472059818388,0.53356104165356,0.926179642991112,0.573682859961487,0.612849169187001
"075064","RUFFANO",0.551348314287814,0.561576246535931,0.93380473580089,0.594196525950774,0.631930771489676
"075065","SALICE SALENTINO",0.559417086385615,0.563093526658251,0.935560634636309,0.59868583933337,0.636116372144808
"075066","SALVE",0.584961099107094,0.595439891745686,0.923369203779268,0.623517366261678,0.656834237096966
"075067","SANARICA",0.654708586489299,0.678312920171671,0.936949144620079,0.693554592459444,0.720598431588404
"075068","SAN CESARIO DI LECCE",0.534893590876689,0.520217854039747,0.929886794537689,0.567788829666165,0.608021936874112
"075069","SAN DONATO DI LECCE",0.571046846249006,0.57348666038758,0.9359738269151,0.608637460677974,0.645008168037654
"075070","SANNICOLA",0.570946425884499,0.578149696850523,0.931662042547433,0.610259459485503,0.645970857603495
"075071","SAN PIETRO IN LAMA",0.597580801260612,0.606985196686293,0.930761859470275,0.635130885023134,0.667978771072817
"075072","SANTA CESAREA TERME",0.591546154064825,0.594509191404074,0.926817031004434,0.626406608561448,0.659785544388446
"075073","SCORRANO",0.558463484538783,0.556054511836691,0.928773713242572,0.59441046969322,0.631561941198704
"075074","SECLÌ",0.631017079153611,0.650052822106355,0.933275959806604,0.669809051547645,0.699083152465307
"075075","SOGLIANO CAVOUR",0.585553708772681,0.588868678853399,0.927725959365515,0.621262670368287,0.655314146923535
"075076","SOLETO",0.567231973759098,0.565924140919896,0.937121406393631,0.60363239224491,0.640686727150324
"075077","SPECCHIA",0.583539392990992,0.58313019078721,0.922380692415206,0.617239381941712,0.651143971994322
"075078","SPONGANO",0.598011344909597,0.602676911919234,0.929232333038907,0.633232948876865,0.666121769339314
"075079","SQUINZANO",0.525158943248827,0.521818828510879,0.933936536707573,0.564533650962625,0.605578416045397
"075080","STERNATIA",0.603970681046287,0.604119805080297,0.933706591095924,0.637011377866555,0.669977512669818
"075081","SUPERSANO",0.602293957073639,0.625440420579625,0.937480940690607,0.646228564013029,0.678589939199427
"075082","SURANO",0.646540798868167,0.674336831183255,0.937257608625618,0.688120694385702,0.715802573745692
"075083","SURBO",0.519534468007726,0.509729622299951,0.930739266559002,0.556242767294355,0.597853489434871
"075084","TAURISANO",0.5428673359901,0.545937760187718,0.928600293034561,0.582822322583474,0.62124209707804
"075085","TAVIANO",0.522484327142748,0.514652498050904,0.925362184800941,0.559247789817237,0.599927167037649
"075086","TIGGIANO",0.610792807585044,0.614582259424132,0.928209981238975,0.644239778278027,0.675792023051465
"075087","TREPUZZI",0.509750442164451,0.495299250092483,0.92957877372487,0.545230238888107,0.587935631647747
"075088","TRICASE",0.482143525602354,0.450006368178025,0.920383067443909,0.511505758945561,0.556936571000933
"075089","TUGLIE",0.575807608534992,0.583057246787931,0.928615833422404,0.614350768237556,0.64926910881365
"075090","UGENTO",0.531448077916239,0.528436888482884,0.92235761193999,0.569183996073605,0.608425508947648
"075091","UGGIANO LA CHIESA",0.591163321029276,0.606283095976036,0.933828883361436,0.632233775988534,0.665744343474412
"075092","VEGLIE",0.530207848110897,0.529829902297467,0.932018210344684,0.570218808718232,0.610418742232282
"075093","VERNOLE",0.567307948615259,0.573160072645786,0.937862315654113,0.606996841132882,0.643759671635241
"075094","ZOLLINO",0.62503612291917,0.640922925624071,0.934547145684054,0.663136286412864,0.693293048554107
"075095","SAN CASSIANO",0.62371813205698,0.634618212451745,0.932810708237709,0.659532425852697,0.689896679451032
"075096","CASTRO",0.617985937608039,0.629320392538941,0.934413589511851,0.654729207517326,0.685805249961162
"075097","PORTO CESAREO",0.561570533869191,0.561187333673806,0.922822910814974,0.597523331475846,0.633667729180194
"075098","PRESICCE-ACQUARICA",0.548812574402038,0.553981767215336,0.925092670747258,0.588766720802544,0.626136270796401
"076001","ABRIOLA",0.668610898020196,0.70168075051355,0.932258080208979,0.709857049861084,0.734568275455294
"076002","ACERENZA",0.617239657917433,0.630561438101141,0.927710459453045,0.654281539153663,0.684662530298038
"076003","ALBANO DI LUCANIA",0.652033350184063,0.671868242030919,0.934831571059625,0.689238873602705,0.716526951097918
"076004","ANZI",0.656321057348238,0.685866930021459,0.932082658124634,0.697192860128828,0.723291726572806
"076005","ARMENTO",0.671215414196962,0.721330734182587,0.932228900416424,0.71986865681244,0.743464239435105
"076006","ATELLA",0.591300390548279,0.595904056796344,0.931259151266646,0.627367916431745,0.661133609191178
"076007","AVIGLIANO",0.516603623385918,0.500632744660377,0.930229340442749,0.550779299665108,0.592940415307068
"076008","BALVANO",0.659166315990029,0.695711583207463,0.942986978526959,0.703993752491567,0.730548555384388
"076009","BANZI",0.661663086639538,0.691920958652924,0.93260144635527,0.702372965017135,0.727953907388039
"076010","BARAGIANO",0.612539670501002,0.626068253636976,0.935414741009432,0.650915039963033,0.682526117857077
"076011","BARILE",0.606287196980263,0.610530914741258,0.930271623598133,0.640595312634498,0.672781569408235
"076012","BELLA",0.588516743461285,0.603036090872366,0.935125207942363,0.62971129624438,0.663646175321933
"076013","BRIENZA",0.594148024424702,0.602942290123007,0.930214923540401,0.631712133900509,0.664879110527164
"076014","BRINDISI MONTAGNA",0.64694215991794,0.688285160466263,0.930829570629443,0.693935251235836,0.72025684227957
"076015","CALVELLO",0.642575522158722,0.663044323166584,0.930057432246803,0.680534673621068,0.708259424579483
"076016","CALVERA",0.725762734754034,0.796895733350201,0.943329862312491,0.779529296878155,0.797729359704192
"076017","CAMPOMAGGIORE",0.711773379008039,0.748558801860417,0.934369222868897,0.750586403677695,0.771006716921162
"076018","CANCELLARA",0.661071893771577,0.680273875179135,0.925889982204015,0.696194594248222,0.721716304021088
"076019","CARBONE",0.704881810936031,0.77151168276686,0.93820936013467,0.758198008179768,0.77819926950809
"076020","SAN PAOLO ALBANESE",0.713393792718823,0.754705515512573,0.923284241441349,0.752973112848263,0.771896571580828
"076021","CASTELGRANDE",0.672807011428361,0.73436219699935,0.939465794840131,0.727172723276483,0.750760842339111
"076022","CASTELLUCCIO INFERIORE",0.62548824499003,0.645229087345125,0.943019042300157,0.666124703780836,0.696890741394094
"076023","CASTELLUCCIO SUPERIORE",0.658164867689954,0.703852502979953,0.932782867962927,0.706186103597751,0.731363521860548
"076024","CASTELMEZZANO",0.729024773574441,0.784053444614465,0.944474417528682,0.775332639937876,0.794126170781299
"076025","CASTELSARACENO",0.654464864313229,0.682225272761895,0.931830543799346,0.69469361606374,0.721042163589919
"076026","CASTRONUOVO DI SANT'ANDREA",0.683103903310759,0.72633285560531,0.9344659692427,0.727693138436501,0.750667897414968
"076027","CERSOSIMO",0.702595672030151,0.744159837912661,0.933159298194094,0.744355909293675,0.765334063615944
"076028","CHIAROMONTE",0.64437065387088,0.667421963228982,0.933302707465307,0.683636948441469,0.711377588333006
"076029","CORLETO PERTICARA",0.62217565185943,0.643001117080019,0.947098257334984,0.66403937175625,0.695490359042776
"076030","EPISCOPIA",0.656454136625522,0.68249354743027,0.932389284188994,0.695765386244006,0.722056930460116
"076031","FARDELLA",0.669392380007066,0.715030904096654,0.927838152051972,0.715774293051871,0.739336944051882
"076032","FILIANO",0.605308309731497,0.614719473096554,0.932764890828387,0.642288991355461,0.674564091296898
"076033","FORENZA",0.643606825272249,0.674579484026004,0.93069129667603,0.686252968851817,0.713412783054507
"076034","FRANCAVILLA IN SINNI",0.59398108193845,0.613331583763635,0.93662429728924,0.636953129294862,0.670249925738682
"076035","GALLICCHIO",0.679195791420803,0.707616396298046,0.932575651252112,0.717323049598693,0.741240005337962
"076036","GENZANO DI LUCANIA",0.570894801637057,0.571500236015245,0.926489783480707,0.606726745291607,0.642255971757062
"076037","GRUMENTO NOVA",0.641180087028208,0.662848456035691,0.933441793466635,0.680157023725418,0.708299775918887
"076038","GUARDIA PERTICARA",0.682743619299065,0.736954413320974,0.942869157574598,0.733151030436477,0.756453044562935
"076039","LAGONEGRO",0.530223411999682,0.498961813859898,0.920858207964489,0.55521917243326,0.59584573193673
"076040","LATRONICO",0.575365393665682,0.577062810598613,0.928173776520095,0.611410069570942,0.646606037009737
"076041","LAURENZANA",0.646747257829036,0.671435188208896,0.935354629073106,0.68671756362438,0.714343904229794
"076042","LAURIA",0.509609906741742,0.495101763781846,0.931558086834857,0.5452760604191,0.588196285576407
"076043","LAVELLO",0.513123359769637,0.500028701723706,0.925303437481574,0.548448771420162,0.590321512093652
"076044","MARATEA",0.551880663677997,0.538959192720921,0.92111021818039,0.582988957197552,0.620557986195645
"076045","MARSICO NUOVO",0.57509582237342,0.571491833356145,0.919496733045803,0.607914118382885,0.642534408900987
"076046","MARSICOVETERE",0.544604296181679,0.52553188616208,0.930014996693979,0.574562781724089,0.614057472276299
"076047","MASCHITO",0.668829943716212,0.711155395465299,0.93777275041691,0.714770677673371,0.739548685755986
"076048","MELFI",0.488644251135582,0.467051287080495,0.930011067197458,0.52306409891698,0.568280428725922
"076049","MISSANELLO",0.698986866765256,0.735754721379993,0.927561406602229,0.738389855325585,0.759408916578545
"076050","MOLITERNO",0.589517244509261,0.593088551213166,0.930372495946919,0.625209857669784,0.659116817478355
"076051","MONTEMILONE",0.673005178179046,0.715385626497296,0.940942760432375,0.718870138147592,0.743544873957012
"076052","MONTEMURRO",0.657192813819522,0.680698779063498,0.928401675575993,0.694891384354958,0.720836972268407
"076053","MURO LUCANO",0.58748521203439,0.602351755187154,0.937826191602149,0.62920925440991,0.663500025209047
"076054","NEMOLI",0.632702003581367,0.644512433471378,0.927236635386437,0.667470160212379,0.696333101898385
"076055","NOEPOLI",0.665745621265128,0.717011994261722,0.938380574121286,0.716078984399211,0.740779161034998
"076056","OPPIDO LUCANO",0.589787131878126,0.587582550909136,0.924720207141557,0.622288377968424,0.655891914543216
"076057","PALAZZO SAN GERVASIO",0.57582061355246,0.580392953505603,0.927311403797383,0.613027245555867,0.647947707582702
"076058","PESCOPAGANO",0.61594262813052,0.622603891452484,0.92983803632267,0.650329737444619,0.681386215097736
"076059","PICERNO",0.574991736927549,0.581287136369737,0.936956335893314,0.61402112657311,0.649902816497577
"076060","PIETRAGALLA",0.581217344572199,0.576723764060612,0.930266522707853,0.61410015115555,0.649229747994695
"076061","PIETRAPERTOSA",0.660226324332758,0.721547230315779,0.939385277109185,0.71573662730276,0.740586477281251
"076062","PIGNOLA",0.535212938302497,0.517767918773875,0.928369527923511,0.566678338476719,0.606866248415251
"076063","POTENZA",0.377649570742948,0.308384996823864,0.905731237796252,0.39928867918469,0.455560074585975
"076064","RAPOLLA",0.594361745500382,0.608617617224877,0.938487288591986,0.635189442085565,0.668889202808501
"076065","RAPONE",0.689293968935451,0.733268158245918,0.942918805673792,0.734444837798995,0.757608612007306
"076066","RIONERO IN VULTURE",0.500971435122556,0.473741208583902,0.923182405484414,0.530938930216348,0.574521538579466
"076067","RIPACANDIDA",0.639473407496074,0.659457422804671,0.93210563026086,0.677729436661421,0.70599345817247
"076068","RIVELLO",0.606125018215375,0.610466694067658,0.928353171700395,0.640301587697405,0.672307319253293
"076069","ROCCANOVA",0.656456071976667,0.682665657371301,0.931201010990481,0.695724879305634,0.721888893937283
"076070","ROTONDA",0.610011138536971,0.623929709069631,0.933902164842228,0.648663597907194,0.680356772011086
"076071","RUOTI",0.624543422786986,0.656141466751463,0.946577919044304,0.670965992196732,0.70158953962424
"076072","RUVO DEL MONTE",0.653771307539965,0.704858282679528,0.934468856517082,0.70483020125048,0.730345607391214
"076073","SAN CHIRICO NUOVO",0.65365330401091,0.674456451426244,0.930797678602683,0.690729157806988,0.717403437895398
"076074","SAN CHIRICO RAPARO",0.645538798213828,0.69127296923888,0.928459492742653,0.694411244627984,0.720416605529614
"076075","SAN COSTANTINO ALBANESE",0.67641065267046,0.729925050625812,0.934742813099762,0.726325347793298,0.749482843938461
"076076","SAN FELE",0.621759148146896,0.645800862040763,0.93015625188349,0.663417629772796,0.693055254451762
"076077","SAN MARTINO D'AGRI",0.695073944715288,0.740749584786784,0.935628208119737,0.739683409087906,0.761455053424776
"076078","SAN SEVERINO LUCANO",0.652570048268434,0.6789712101759,0.93058570836241,0.692252137136191,0.718733645050216
"076079","SANT'ANGELO LE FRATTE",0.633962582556441,0.679030086296968,0.935459586516408,0.684392659635675,0.712288984844645
"076080","SANT'ARCANGELO",0.565615037768398,0.571646267883516,0.931664545978634,0.604934042141225,0.641237431456492
"076081","SARCONI",0.651330565461637,0.675058705037526,0.932388991230974,0.690114070847721,0.71703350644586
"076082","SASSO DI CASTALDA",0.639638525676932,0.670686795950536,0.918418068522598,0.681488201584621,0.707813742355507
"076083","SATRIANO DI LUCANIA",0.609248224163133,0.614853739599477,0.927105988574576,0.643556482550632,0.675061983219959
"076084","SAVOIA DI LUCANIA",0.670322177134692,0.697559698742005,0.930555513007145,0.708602395445228,0.733263852952108
"076085","SENISE",0.560194452787757,0.560282450707693,0.929337512424132,0.597148357815366,0.634058263883006
"076086","SPINOSO",0.660911131261024,0.693303880182646,0.938859031486152,0.703282658298267,0.729457810874699
"076087","TEANA",0.6823331160316,0.729606799990513,0.929315645947518,0.728304526804703,0.750639095598349
"076088","TERRANOVA DI POLLINO",0.659649876619949,0.690346351687508,0.92844636754639,0.700342939492995,0.725687764832261
"076089","TITO",0.551851197354082,0.539910165028505,0.93065524277112,0.584358137349276,0.622835593507259
"076090","TOLVE",0.609883722993826,0.61818258050145,0.934058294151688,0.646035665988043,0.678038180228448
"076091","TRAMUTOLA",0.582468534166012,0.575061924172501,0.929726236611572,0.613861329913488,0.648957430657719
"076092","TRECCHINA",0.624602719330478,0.640184667370716,0.926200298757439,0.661774353891281,0.691155014431966
"076093","TRIVIGNO",0.666142876601104,0.706776581656192,0.931868793111691,0.711000635526952,0.735541541925257
"076094","VAGLIO BASILICATA",0.621325950458754,0.638506011754491,0.938474034116487,0.660771786407609,0.691627591708595
"076095","VENOSA",0.522178043355402,0.510500829819294,0.928569857596103,0.557562478688224,0.598785520789099
"076096","VIETRI DI POTENZA",0.622148386180327,0.644894237723043,0.939619106318189,0.664131091388336,0.694740870824986
"076097","VIGGIANELLO",0.628364717078946,0.654207071278054,0.93713143707203,0.670870448467853,0.700455002757206
"076098","VIGGIANO",0.578597676667537,0.578218772658203,0.933490823391799,0.613916484535763,0.649424744408656
"076099","GINESTRA",0.667298229115244,0.720090072503563,0.938826043928311,0.718207340121294,0.742720529433185
"076100","PATERNO",0.601598477785521,0.613638533619178,0.930458062920135,0.639902461424128,0.672186417145907
"077001","ACCETTURA",0.657771749705789,0.697691830826164,0.93698057685152,0.703656668924531,0.729581547583085
"077002","ALIANO",0.680858494845725,0.722776156697889,0.931898204847033,0.72482541367933,0.747833501586852
"077003","BERNALDA",0.522354634793704,0.512430100985703,0.928225236768104,0.558475654777544,0.599558941665384
"077004","CALCIANO",0.65767687306958,0.701350264092079,0.932586812297278,0.704820892952474,0.730128217324119
"077005","CIRIGLIANO",0.715501209514163,0.776321904189802,0.932264339805108,0.764546835147295,0.783182113442607
"077006","COLOBRARO",0.669478756305105,0.706159712254454,0.932070613210839,0.712244372172885,0.736669510065991
"077007","CRACO",0.676444784626307,0.728059703518988,0.929649837885494,0.724992003453932,0.747731762835217
"077008","FERRANDINA",0.54036588599361,0.534201516791898,0.931670330175844,0.576722364271063,0.616161027149372
"077009","GARAGUSO",0.67957156289632,0.71348884913941,0.935002029701334,0.720377388386212,0.744224570754559
"077010","GORGOGLIONE",0.648503489509249,0.697107705266648,0.930663467799808,0.698591384429134,0.72437717147032
"077011","GRASSANO",0.56799530165967,0.563583527723423,0.924501614567457,0.601660634679138,0.637531854666729
"077012","GROTTOLE",0.63943339446098,0.664593272825341,0.935364602288072,0.680348460507651,0.708683587372143
"077013","IRSINA",0.592608781921883,0.605252066325754,0.933924633585073,0.632429845069944,0.66592926601607
"077014","MATERA",0.388714678576595,0.326923862662965,0.906270835613224,0.412664427119125,0.467509583618469
"077015","MIGLIONICO",0.630331650602841,0.642357400796095,0.932913097330422,0.666001382862564,0.695658240025659
"077016","MONTALBANO JONICO",0.557794819340738,0.54985340217771,0.923298857977656,0.590771585481067,0.627719060202911
"077017","MONTESCAGLIOSO",0.535256182953787,0.528257029051042,0.924811974741398,0.571062142876313,0.610367679750211
"077018","NOVA SIRI",0.544393586701,0.532505644280904,0.921582063557845,0.576762860297641,0.615076105104331
"077019","OLIVETO LUCANO",0.72705574242329,0.797343353956056,0.948848692150644,0.78086446258577,0.799529376981867
"077020","PISTICCI",0.491848298882286,0.469732750657728,0.922559134013196,0.524967385694326,0.569144246618644
"077021","POLICORO",0.481956908381494,0.454281549348292,0.920405679206388,0.513347873899042,0.558576518933192
"077022","POMARICO",0.60884450083503,0.628221489782235,0.93661597935135,0.650341293712904,0.682149592117176
"077023","ROTONDELLA",0.634723457378245,0.663244706162156,0.935484535776147,0.677634127170795,0.70628417257139
"077024","SALANDRA",0.627201371803181,0.646541381265994,0.941156469282744,0.667299885809403,0.697728395084219
"077025","SAN GIORGIO LUCANO",0.640370515494764,0.683977317760122,0.927457779458547,0.688702302910553,0.715230689193664
"077026","SAN MAURO FORTE",0.671953013067472,0.710026383322372,0.932477243899012,0.715138452765331,0.73928720733574
"077027","STIGLIANO",0.586514269618539,0.592151502281916,0.928150895445993,0.623214686899804,0.65709648784938
"077028","TRICARICO",0.569243239157753,0.564341227524021,0.926677643748153,0.602780774381614,0.638769315422341
"077029","TURSI",0.581881033612712,0.590058266935614,0.926593364945956,0.620032021741342,0.654094393208522
"077030","VALSINNI",0.654745951389255,0.677391933854715,0.928868098988156,0.692348858258602,0.718628773895219
"077031","SCANZANO JONICO",0.558611279570844,0.560599592157501,0.926074731399708,0.596252365417726,0.63289929497128
"078001","ACQUAFORMOSA",0.663506533793167,0.719632038920446,0.938969704796789,0.716309328200805,0.741049370044803
"078002","ACQUAPPESA",0.634627992226802,0.651761124311395,0.924701965003093,0.671345298942498,0.699496039615897
"078003","ACRI",0.491600242496643,0.474645358571258,0.922066624695256,0.527017182950081,0.570911565366211
"078004","AIELLO CALABRO",0.665084793294373,0.696549330841934,0.926217429408408,0.705357098802179,0.729897135536204
"078005","AIETA",0.700284130843657,0.764186205709132,0.939448516733415,0.752956503122097,0.773677837967799
"078006","ALBIDONA",0.694327106448044,0.745510061875009,0.940371451502046,0.741963870895578,0.76400915762963
"078007","ALESSANDRIA DEL CARRETTO",0.756725403329288,0.816155553455798,0.926529920815775,0.800449422634866,0.814458366877189
"078008","ALTILIA",0.670250397122463,0.720468008690053,0.9324522361854,0.719068506234172,0.742777809562086
"078009","ALTOMONTE",0.601133188646162,0.61914117430088,0.928139272211279,0.641937390547297,0.673737599621073
"078010","AMANTEA",0.504583335874084,0.48170940611942,0.92048173459049,0.535879907356126,0.5786134437155
"078011","AMENDOLARA",0.60698895549764,0.617082135876555,0.925956603891466,0.643427651507535,0.674819757327971
"078012","APRIGLIANO",0.614756149367942,0.61731444601402,0.919057086196194,0.646337476541502,0.676639655392024
"078013","BELMONTE CALABRO",0.631280346994189,0.644292750388351,0.920732543626399,0.666081148184783,0.694375747678296
"078014","BELSITO",0.651201485431054,0.690612073347032,0.925957367228109,0.69641183817295,0.721916896956856
"078015","BELVEDERE MARITTIMO",0.530275595015049,0.523021320635526,0.925460692744471,0.566529681317206,0.606410904809124
"078016","BIANCHI",0.642553020058084,0.695637145362124,0.932321112383016,0.695417685677395,0.721740288644686
"078017","BISIGNANO",0.555410788504063,0.559719548862257,0.929117958502157,0.59472044766506,0.631875726646959
"078018","BOCCHIGLIERO",0.646709765122936,0.700830415950707,0.932302558905583,0.699623337373698,0.725476584210574
"078019","BONIFATI",0.626206967913246,0.64791644238882,0.932355210490695,0.666591055684999,0.696120406218966
"078020","BUONVICINO",0.647706209809061,0.685258569350005,0.930691695233049,0.692903320144885,0.719324250710237
"078021","CALOPEZZATI",0.657815514444298,0.688559021125568,0.931230787514474,0.698991619757887,0.724795971730841
"078022","CALOVETO",0.66047412809535,0.72452741598557,0.94433657933806,0.71768435277022,0.74286793349998
"078023","CAMPANA",0.672125076706291,0.713663497836136,0.935744677850553,0.717179326329148,0.741464365387082
"078024","CANNA",0.683923314973352,0.742760134782488,0.936910861636846,0.735698638553813,0.758055552229705
"078025","CARIATI",0.547315118871252,0.546232118183824,0.925705120163718,0.584666768691156,0.622559918854774
"078026","CAROLEI",0.587869477644263,0.58218415694822,0.919667485480722,0.618490884114689,0.651954950933138
"078027","CARPANZANO",0.714810303475684,0.761164715453004,0.921261381036741,0.756314896621583,0.774642283778823
"078029","CASSANO ALL'IONIO",0.514401418869254,0.507764935817794,0.921324621822401,0.552107321791412,0.593131466239299
"078030","CASTIGLIONE COSENTINO",0.581604023285547,0.606967675438562,0.924376603500221,0.627294924775871,0.660304000189688
"078031","CASTROLIBERO",0.491604553011847,0.440578507677153,0.914810432428396,0.51096342055289,0.555835310761279
"078032","CASTROREGIO",0.729630700005816,0.796424511355711,0.92928799431281,0.779653644543968,0.796279683407173
"078033","CASTROVILLARI",0.467024745292652,0.430674209441927,0.917253548796512,0.495689884510212,0.542530291653134
"078034","CELICO",0.614223238414435,0.625346231613378,0.926018526525681,0.650408114165084,0.681031493316261
"078035","CELLARA",0.65747457550048,0.682142872403358,0.91628715458248,0.694456567014975,0.719104410078031
"078036","CERCHIARA DI CALABRIA",0.640303574632265,0.666897359758304,0.931370869418991,0.681377507417655,0.709154547640026
"078037","CERISANO",0.604144367771688,0.602711107952151,0.921181861582293,0.635203150233957,0.666978562605994
"078038","CERVICATI",0.695448859637127,0.742102405795793,0.936646281570241,0.740562697601838,0.762349762487216
"078039","CERZETO",0.630256519652159,0.669220581854396,0.918987328814187,0.676663428559368,0.70358830636546
"078040","CETRARO",0.54698156320119,0.546645955301001,0.929493828402918,0.585081766166278,0.62334977308146
"078041","CIVITA",0.661030714590637,0.707521968488983,0.931500843164077,0.708998791702236,0.733721241864663
"078042","CLETO",0.637801623855599,0.688330856158651,0.929014800618015,0.689661096068214,0.716255952129303
"078043","COLOSIMI",0.632617162539364,0.672832014351672,0.927554061218855,0.680207535722852,0.707690483000185
"078045","COSENZA",0.377689449102912,0.304324733150153,0.900264455333294,0.396932827547209,0.452858563967885
"078046","CROPALATI",0.644324390496826,0.690946814880537,0.928743333171503,0.693746375736964,0.719857148785246
"078047","CROSIA",0.54244936398418,0.544255040070177,0.924545369157424,0.581471518740203,0.619590835453228
"078048","DIAMANTE",0.55231678355159,0.538170285554119,0.918712006020022,0.582590381699572,0.619937228846288
"078049","DIPIGNANO",0.566563998957655,0.557865877457634,0.921287338790429,0.598122178265923,0.634029418324201
"078050","DOMANICO",0.658810635080574,0.706083543231618,0.925977515610443,0.70680013180153,0.731153174446965
"078051","FAGNANO CASTELLO",0.606395217419196,0.622450323642109,0.929353278838197,0.645915821361407,0.677408872192161
"078052","FALCONARA ALBANESE",0.649329361253121,0.667255346747542,0.920171434568142,0.684480262057113,0.710668170113894
"078053","FIGLINE VEGLIATURO",0.645408186521852,0.650007346969426,0.922625810561887,0.675199571127264,0.702691375508889
"078054","FIRMO",0.649960155384273,0.682545569070888,0.932138301529234,0.692841406157746,0.719429950087911
"078055","FIUMEFREDDO BRUZIO",0.620477359745,0.637012020195499,0.927176453167731,0.658587866289998,0.688431042609746
"078056","FRANCAVILLA MARITTIMA",0.617314071774487,0.63007559233612,0.924031269472293,0.653728475797002,0.683762119538701
"078057","FRASCINETO",0.631056211870448,0.641363047921742,0.922391383002681,0.664827805206754,0.693445980517412
"078058","FUSCALDO",0.553561083381582,0.54960570756685,0.926752188171181,0.589100274743913,0.626617154013609
"078059","GRIMALDI",0.638699440373693,0.651374085931878,0.920252749423365,0.672558361779843,0.700079960406901
"078060","GRISOLIA",0.629895229547532,0.650749019578643,0.923700100775033,0.668659922184282,0.696997719805477
"078061","GUARDIA PIEMONTESE",0.632596553878161,0.641789853401934,0.921740515611428,0.665647934837186,0.694102666034324
"078062","LAGO",0.633723973781816,0.653428591581868,0.923114593727098,0.671530113786368,0.699483944890893
"078063","LAINO BORGO",0.652640695957739,0.682933724600069,0.934257627773221,0.694434252028336,0.721081293777768
"078064","LAINO CASTELLO",0.681747122307387,0.745738644564274,0.943493553845173,0.736717950476764,0.759693017517699
"078065","LAPPANO",0.656768669285924,0.663979198831138,0.918604630634622,0.68619700371614,0.712020073373749
"078066","LATTARICO",0.61517347113676,0.634567049107099,0.931713825286108,0.655554616638347,0.686238973154765
"078067","LONGOBARDI",0.622523516249956,0.670283703851996,0.934653492678417,0.67522859831372,0.704053586576464
"078068","LONGOBUCCO",0.624977222838891,0.650895432388881,0.934750269651123,0.66761772181761,0.697299116021334
"078069","LUNGRO",0.633076230891795,0.651385204636979,0.930558416066623,0.671063487594611,0.699896257424834
"078070","LUZZI",0.559579393602695,0.565334983404464,0.929599622400553,0.599171431893277,0.635885675282974
"078071","MAIERÀ",0.673588096944627,0.704974054559396,0.922816384813489,0.712634606658159,0.735988137564307
"078072","MALITO",0.669924429225853,0.696206910476492,0.921547647722736,0.706913867638329,0.730762065425485
"078073","MALVITO",0.66057158606482,0.693948514892963,0.933175910064214,0.702851636437424,0.728443222395956
"078074","MANDATORICCIO",0.613215379790836,0.626634743886375,0.91979902095539,0.649912457750284,0.679899853661962
"078075","MANGONE",0.625033085168904,0.625322537116161,0.924007632281389,0.655060793256418,0.684943775370304
"078076","MARANO MARCHESATO",0.584568495214146,0.573547788561185,0.921721745757967,0.613324502274696,0.647590862661726
"078077","MARANO PRINCIPATO",0.592599984425228,0.589269480492956,0.9237827473014,0.624219533943323,0.657504335427554
"078078","MARZI",0.661512692027825,0.67496226989648,0.924000927808913,0.693813825646829,0.719390170331505
"078079","MENDICINO",0.512767107521888,0.478669193436917,0.921793084287817,0.538325643860244,0.580933137241086
"078080","MONGRASSANO",0.67027929740477,0.711307614528016,0.93608512462704,0.715322622832458,0.739851789698522
"078081","MONTALTO UFFUGO",0.482156963597029,0.446853147157319,0.916563128506408,0.509710862690097,0.554916670003021
"078082","MONTEGIORDANO",0.63149943883315,0.653264056042438,0.928922158397243,0.671035788533739,0.699689829629684
"078083","MORANO CALABRO",0.605085413458842,0.617603802085328,0.932464858054368,0.643456632800313,0.675568657828541
"078084","MORMANNO",0.620317322710783,0.633266016252341,0.93394230173633,0.657506732707039,0.688221795932516
"078085","MOTTAFOLLONE",0.659493995433209,0.676325942769591,0.918759030231385,0.692994875214398,0.718079781327397
"078086","NOCARA",0.711169885166521,0.770980152221072,0.928892657636533,0.75985678258807,0.778638546482344
"078087","ORIOLO",0.655380568848858,0.682139666888654,0.932876973746541,0.695171803456534,0.721583489044313
"078088","ORSOMARSO",0.657148162296067,0.716810853031461,0.941099670623989,0.712391523959786,0.737803540255809
"078089","PALUDI",0.646709728276086,0.694130926435825,0.92832936878671,0.696211231499031,0.722002135642106
"078090","PANETTIERI",0.700467511621128,0.748247181236769,0.932171540793617,0.745138765865415,0.765920185301882
"078091","PAOLA",0.486220335151086,0.452915556959294,0.922357714299144,0.514846922879585,0.560125899703981
"078092","PAPASIDERO",0.68327970977996,0.741183216029804,0.926366158891964,0.73364493250359,0.755058402102299
"078093","PARENTI",0.646126791708057,0.678821204610065,0.935143734634592,0.689740971806614,0.717007945454167
"078094","PATERNO CALABRO",0.659863273253566,0.680200741489408,0.923212029044547,0.695350009538793,0.720668011706099
"078096","PEDIVIGLIANO",0.716381366767729,0.753287505676907,0.929090991335196,0.754260091733606,0.773685747244894
"078097","PIANE CRATI",0.63540508468603,0.631943336592113,0.920555360017394,0.662362325576904,0.691050440514736
"078098","PIETRAFITTA",0.659799496960261,0.67525021861792,0.91907775178667,0.692680147188849,0.717835436588607
"078099","PIETRAPAOLA",0.642366439183911,0.69113822192827,0.928509887606667,0.692928086261148,0.719103841966206
"078100","PLATACI",0.680373662005654,0.738622236629962,0.931439122556165,0.731692066641644,0.753886183965479
"078101","PRAIA A MARE",0.540067005811936,0.526284877031529,0.920334196039053,0.571891766883465,0.610607592345197
"078102","RENDE",0.395589145031073,0.310084353859069,0.899552786844746,0.407508353185038,0.462179956925006
"078103","ROCCA IMPERIALE",0.606411449540341,0.625687342569438,0.930594892810374,0.647503945730438,0.678958495405987
"078104","ROGGIANO GRAVINA",0.574472242611573,0.579144817167101,0.926211017441706,0.611748778644574,0.646689027399811
"078105","ROGLIANO",0.556754503767546,0.546756482760245,0.926679289571768,0.589247872894683,0.62674025252547
"078106","ROSE",0.603285079768793,0.614361793789571,0.929302986969792,0.640871391798243,0.672919346817304
"078107","ROSETO CAPO SPULICO",0.638064820910123,0.660595775244424,0.93622259175104,0.67801952744465,0.706708756812027
"078109","ROTA GRECA",0.644663270302175,0.684500080386618,0.919698940843352,0.690093401894292,0.715605128444188
"078110","ROVITO",0.593752795028028,0.586691959441859,0.925791166042681,0.623779256115717,0.657336134996491
"078111","SAN BASILE",0.638918291929054,0.67463646937104,0.929763212738248,0.684075963858867,0.711374547067687
"078112","SAN BENEDETTO ULLANO",0.646048780148087,0.699229007482854,0.932267144872631,0.698601718921187,0.724564544026903
"078113","SAN COSMO ALBANESE",0.67660492441316,0.725519047269273,0.930807307013155,0.72403651795841,0.747011050075604
"078114","SAN DEMETRIO CORONE",0.596039559886481,0.606871514441016,0.925054017430359,0.63381538519041,0.666175233217071
"078115","SAN DONATO DI NINEA",0.674547399415836,0.710516894292172,0.92515545499315,0.715794477667918,0.739056808481833
"078116","SAN FILI",0.623230815717398,0.628383177313486,0.925916540223308,0.655817950886229,0.685828905257015
"078117","SANGINETO",0.646713265130652,0.661176276097799,0.919351659465851,0.680485459499388,0.707026148384551
"078118","SAN GIORGIO ALBANESE",0.655164148732899,0.682088115357822,0.926566089848157,0.69442012782564,0.72021412360592
"078119","SAN GIOVANNI IN FIORE",0.503003125330167,0.481453126913031,0.920878632947772,0.535093176804216,0.577958227486833
"078120","SAN LORENZO BELLIZZI",0.704454265957942,0.773081610443587,0.940629090993026,0.758954053479991,0.779140168759217
"078121","SAN LORENZO DEL VALLO",0.631452418353864,0.65914672419808,0.931630944462523,0.673932708594627,0.702565845913282
"078122","SAN LUCIDO",0.568890887670225,0.572478219428843,0.931217486547995,0.60673784684938,0.642791140149226
"078123","SAN MARCO ARGENTANO",0.563009732154179,0.567580715998156,0.926877041562807,0.601453405824832,0.637611587573496
"078124","SAN MARTINO DI FINITA",0.646201206327353,0.689659943890562,0.92555888509852,0.693693406107914,0.71945623710687
"078125","SAN NICOLA ARCELLA",0.623260062697232,0.630362480784824,0.918071428437294,0.655937287410655,0.685063303080281
"078126","SAN PIETRO IN AMANTEA",0.69978076785963,0.758662217372634,0.928481642689898,0.749147507623509,0.769073522630885
"078127","SAN PIETRO IN GUARANO",0.594150611020145,0.595480240777928,0.927142136682579,0.628048096977391,0.661280768055745
"078128","SAN SOSTI",0.640170961924547,0.662795421339647,0.933770917617615,0.679711964230649,0.707940736829201
"078129","SANTA CATERINA ALBANESE",0.661722986959203,0.718324364527524,0.936037979181122,0.714625106087139,0.739226536430915
"078130","SANTA DOMENICA TALAO",0.659264635255365,0.711484419805196,0.931104237424427,0.709947498519695,0.73452046950911
"078131","SANT'AGATA DI ESARO",0.659075713797251,0.688830661556206,0.92671155179948,0.699229024089004,0.724504860501279
"078132","SANTA MARIA DEL CEDRO",0.579576044859983,0.581693954513211,0.916547501680602,0.614226249885997,0.647817500085398
"078133","SANTA SOFIA D'EPIRO",0.647295328552789,0.674977577213251,0.929014492824655,0.687924256877184,0.714712060871347
"078134","SANTO STEFANO DI ROGLIANO",0.627384732907586,0.634828241608276,0.929704032014045,0.660966241733542,0.690825996209154
"078135","SAN VINCENZO LA COSTA",0.639834034235484,0.661470621598625,0.931468707906972,0.678733965916046,0.706815603915038
"078136","SARACENA",0.607705714612184,0.625445222439195,0.926786638054505,0.647596585478571,0.678617702431452
"078137","SCALA COELI",0.703873241164629,0.759125804371374,0.937006502388319,0.752050220730033,0.772600918692065
"078138","SCALEA",0.526445645308686,0.516199258455256,0.921281638045831,0.561318370498357,0.601314289114743
"078139","SCIGLIANO",0.672937743441935,0.713164405842003,0.938832881565283,0.717629255334301,0.742207436026632
"078140","SERRA D'AIELLO",0.729192876860399,0.768809457006783,0.932755552360461,0.767376605476278,0.785752044018965
"078142","SPEZZANO ALBANESE",0.56289391242091,0.562007981859825,0.922015740750672,0.598407426501398,0.634363905862428
"078143","SPEZZANO DELLA SILA",0.571320300656516,0.561914732552164,0.921619845968886,0.602117749540795,0.637617982477249
"078145","TARSIA",0.656508868105957,0.695734090387194,0.936824800693856,0.702191811391303,0.728262143536032
"078146","TERRANOVA DA SIBARI",0.5970755505086,0.614185304694544,0.927152259179996,0.637782610759414,0.669934793917257
"078147","TERRAVECCHIA",0.697162433388287,0.760300200775277,0.933759708281144,0.749234156201718,0.769736995321654
"078148","TORANO CASTELLO",0.576511942328056,0.578027910812689,0.924602996803488,0.612003233593684,0.646736540616995
"078149","TORTORA",0.57634746164629,0.583098630561034,0.928505507652083,0.614601292258504,0.649479538413346
"078150","TREBISACCE",0.521673294587948,0.497845335020248,0.921483317935724,0.550931715117261,0.592104115430423
"078152","VACCARIZZO ALBANESE",0.670175882352965,0.696565892295985,0.924454039201717,0.7074792025122,0.731587517699924
"078153","VERBICARO",0.646317578213144,0.683244719011,0.929425517664732,0.691245585517338,0.717710022422604
"078154","VILLAPIANA",0.576186168079931,0.584752342660075,0.928091188260007,0.615231448659003,0.649993641948004
"078155","ZUMPANO",0.61756327431648,0.624249198502455,0.926816321040358,0.651497244872557,0.682088253335646
"078156","CASALI DEL MANCO",0.520640788827831,0.494432885889215,0.916433350306896,0.54842648865336,0.589316139948198
"078157","CORIGLIANO-ROSSANO",0.411229839560641,0.376096439447006,0.903792713385052,0.444676096891947,0.495689054280069
"079002","ALBI",0.653159195069613,0.696870851613941,0.926120709189425,0.700125591926542,0.725236160511307
"079003","AMARONI",0.630586453052762,0.678874320130925,0.92974156247497,0.682231504180156,0.709732621768469
"079004","AMATO",0.722693524180458,0.762721709692015,0.938954017174123,0.762332256960025,0.781956896983814
"079005","ANDALI",0.690943639323685,0.755495354412323,0.941713965589568,0.745068943740161,0.766918390612317
"079007","ARGUSTO",0.681321611846484,0.729770675490834,0.920826084952177,0.727074137797011,0.748602131925363
"079008","BADOLATO",0.607880360716718,0.620589992428321,0.922341469260469,0.645045805841315,0.67585643511011
"079009","BELCASTRO",0.678324995877828,0.717965390745685,0.93283848008,0.721614521988581,0.745083850665405
"079011","BORGIA",0.55404872081079,0.544063655233365,0.925311202272674,0.586681689447137,0.624307190872197
"079012","BOTRICELLO",0.582128210659493,0.592662873064597,0.93338044302992,0.621994031978833,0.65659252209562
"079017","CARAFFA DI CATANZARO",0.64369522458896,0.667812370991705,0.932464129763241,0.683424830987623,0.711095864184914
"079018","CARDINALE",0.650732995962555,0.682088214247005,0.927653474308612,0.692534892025163,0.718659178945547
"079020","CARLOPOLI",0.657526950290139,0.682639469907224,0.930969739972356,0.696171863086049,0.722260516073416
"079023","CATANZARO",0.370946125155568,0.30467659963024,0.902759154069391,0.394306141560553,0.450800920728201
"079024","CENADI",0.710722124998972,0.753027767314923,0.925346235128532,0.751222075054106,0.770569203951264
"079025","CENTRACHE",0.774379709458783,0.847167437361451,0.936850427397417,0.823381258808847,0.835988944207577
"079027","CERVA",0.688977046508189,0.739242356307256,0.94299621713053,0.736998352980003,0.759887004552284
"079029","CHIARAVALLE CENTRALE",0.580276944536054,0.592228530305574,0.928883195007249,0.620515783179457,0.654778828938101
"079030","CICALA",0.650951774498132,0.702239423289106,0.934561964957758,0.702392235500033,0.728188872106447
"079033","CONFLENTI",0.632655988454227,0.677752511556176,0.925829367472621,0.682266761751944,0.709329273498686
"079034","CORTALE",0.631065079996344,0.643750293648825,0.924767528414745,0.6661436709818,0.694879655141017
"079036","CROPANI",0.576371337345566,0.576719944799276,0.926752480344416,0.611566324999621,0.64658700892682
"079039","CURINGA",0.561347437230195,0.563145727863806,0.928031083137551,0.598825032606056,0.635403482665111
"079042","DAVOLI",0.558676040779168,0.552542278074315,0.922444517270137,0.592292695211081,0.628976230995421
"079043","DECOLLATURA",0.600916142808233,0.600182330415542,0.921085007922744,0.632602813742973,0.664656390874059
"079047","FALERNA",0.590778757193074,0.596468615192758,0.927855517045781,0.627046869278202,0.660470052363489
"079048","FEROLETO ANTICO",0.644049298995529,0.672903114793238,0.935610844545003,0.686189670659445,0.713903134424507
"079052","FOSSATO SERRALTA",0.713914977341107,0.763773519420702,0.94047434211644,0.759007257754458,0.779170267128012
"079055","GAGLIATO",0.690165608337773,0.740626250990071,0.92329728736732,0.736186065434262,0.756976201204601
"079056","GASPERINA",0.662791254295604,0.697584105809556,0.931642055437815,0.705333117591103,0.730478555129627
"079058","GIMIGLIANO",0.631366224579138,0.659435950235113,0.945755331022467,0.67543651176866,0.705471936130194
"079059","GIRIFALCO",0.575581116869972,0.570948561867156,0.927663867676112,0.608704742199319,0.644144645030074
"079060","GIZZERIA",0.581699971428963,0.588896308316135,0.93043778124609,0.619812104009903,0.654326068147257
"079061","GUARDAVALLE",0.585746729065516,0.59265520822906,0.921448904555305,0.622425762238089,0.655650555828891
"079063","ISCA SULLO IONIO",0.645370147631914,0.671733241640423,0.92610607011051,0.685307132183603,0.712062569731037
"079065","JACURSO",0.660016171464479,0.692753801584144,0.922320744221818,0.700978562294062,0.725572138063813
"079068","MAGISANO",0.671122331434524,0.701143953868801,0.932707860972296,0.710790614483726,0.73544808631579
"079069","MAIDA",0.591557378522341,0.606049777807852,0.930012681857931,0.63192448853438,0.665045398903663
"079071","MARCEDUSA",0.707914031803251,0.768159445281763,0.929006120226183,0.757133676710875,0.776230614879242
"079072","MARCELLINARA",0.61202944321159,0.615619913461473,0.932420594009272,0.645684269903806,0.67754386147108
"079073","MARTIRANO",0.682435698352138,0.745994247186354,0.945442138099065,0.737337689302228,0.76046040583521
"079074","MARTIRANO LOMBARDO",0.647917370649306,0.693605448423309,0.927801109670056,0.696465379549682,0.722169349563057
"079077","MIGLIERINA",0.66934193498517,0.717921143282534,0.934351118526846,0.717703497073151,0.741775455012451
"079080","MONTAURO",0.590035422876809,0.569096216453287,0.915871531031338,0.613196390801677,0.646826961938306
"079081","MONTEPAONE",0.540391759873308,0.515973251450545,0.924340363954533,0.567798291491187,0.607414077320448
"079083","MOTTA SANTA LUCIA",0.699300997793343,0.745265266553555,0.935628862829133,0.743617705239017,0.764952278304586
"079087","NOCERA TERINESE",0.579551866562195,0.586000451408993,0.929205084291701,0.617419051516205,0.652061944046816
"079088","OLIVADI",0.702273448843969,0.759564451563057,0.935689358895419,0.751395991072704,0.771873031941895
"079089","PALERMITI",0.692618101320426,0.737455081026947,0.927831809394559,0.736316112995774,0.757595634817861
"079092","PENTONE",0.633899327778587,0.652489573222721,0.934296115962011,0.67230461704679,0.701414783592926
"079094","PETRIZZI",0.655777353930922,0.671034178457792,0.918163262035595,0.688881515778481,0.714357265362604
"079095","PETRONÀ",0.631666901497281,0.658161984434429,0.933172543714338,0.673740253040703,0.702566063115551
"079096","PIANOPOLI",0.615814987149724,0.61957865617719,0.929922279793291,0.648919367476441,0.680141913289424
"079099","PLATANIA",0.645971701971863,0.677264209729842,0.933562043726261,0.688812364638394,0.716006773425934
"079108","SAN FLORO",0.655735496213043,0.693311802084198,0.933036199862565,0.700374904220015,0.72622615929141
"079110","SAN MANGO D'AQUINO",0.614332292455641,0.65315954296852,0.928871724954824,0.663258498436355,0.692771079160629
"079114","SAN PIETRO A MAIDA",0.601168018020943,0.615530598542803,0.92413506293959,0.639927883747645,0.671506459213417
"079115","SAN PIETRO APOSTOLO",0.653640309764405,0.677784561667533,0.932268544892827,0.692368046633655,0.71902365755134
"079116","SAN SOSTENE",0.658684170096532,0.68711454449006,0.93164961034097,0.698774382598063,0.724649407902831
"079117","SANTA CATERINA DELLO IONIO",0.630294504271406,0.64805797834854,0.921964902695737,0.667455107448549,0.695733973587126
"079118","SANT'ANDREA APOSTOLO DELLO IONIO",0.63012837936071,0.642459762909904,0.920811445408019,0.664745808562578,0.693197545989849
"079122","SAN VITO SULLO IONIO",0.639725617660499,0.661844808358705,0.926832909721724,0.678389982680814,0.705994752352026
"079123","SATRIANO",0.57507515601196,0.568217323807326,0.921967239974484,0.606678339916127,0.641710439922611
"079126","SELLIA",0.744403833876737,0.791750626881692,0.933423159525565,0.78461182329385,0.801146416208485
"079127","SELLIA MARINA",0.548372806340346,0.544686908215422,0.930528109122634,0.584929682462359,0.623329507646834
"079129","SERRASTRETTA",0.613597057184351,0.633259707698719,0.936419264204313,0.654727470617813,0.686026558794091
"079130","SERSALE",0.583540194659306,0.588490680574019,0.9258493590707,0.619998829762066,0.65398222190747
"079131","SETTINGIANO",0.581212902738075,0.5689519073589,0.93265451867823,0.610839616411462,0.646596827774436
"079133","SIMERI CRICHI",0.573795113837126,0.570572568120389,0.928031856043054,0.607768642485188,0.643353443991617
"079134","SORBO SAN BASILE",0.674575041659403,0.734943479604047,0.943000782110042,0.728583412779557,0.752407564927389
"079137","SOVERATO",0.490745225670354,0.443294709198527,0.916704398911178,0.511988410582114,0.556956853729788
"079138","SOVERIA MANNELLI",0.594089254324416,0.583184254561129,0.919526163166642,0.62172569531516,0.654814636187547
"079139","SOVERIA SIMERI",0.658383873755934,0.687999424210981,0.936425076102733,0.699514991695385,0.725838334407312
"079142","SQUILLACE",0.580819470030039,0.567992872439636,0.92176861094135,0.609142415205489,0.64387865917614
"079143","STALETTÌ",0.584185088473473,0.570863966773164,0.916330456641713,0.611405120525158,0.645285713426997
"079146","TAVERNA",0.617243189659447,0.633782850402372,0.933657572836186,0.656327475311437,0.687141930591965
"079147","TIRIOLO",0.605259000629615,0.622534353533099,0.937106960944816,0.646217705467703,0.678538733854049
"079148","TORRE DI RUGGIERO",0.687151768796602,0.728776080654332,0.922224490229192,0.72938998127584,0.750816037826212
"079151","VALLEFIORITA",0.664544148827073,0.698272078009236,0.93308613102674,0.706575915179013,0.731743716939872
"079157","ZAGARISE",0.664495707181459,0.701334126083113,0.939198909899295,0.708543315958987,0.734171715285688
"079160","LAMEZIA TERME",0.408251404252138,0.362384121134561,0.909101969909846,0.437696183414999,0.490074604136648
"080001","AFRICO",0.618284408066411,0.629062375157814,0.927263433590667,0.654032395809968,0.684391400007824
"080002","AGNANA CALABRA",0.695127098052637,0.750927686490152,0.927878590785973,0.743512512122853,0.76399763197431
"080003","ANOIA",0.603650981877509,0.643677404035601,0.925702278029586,0.653868001463858,0.684071809971161
"080004","ANTONIMINA",0.62437601050497,0.666874677946965,0.92545587505195,0.673608397308566,0.701591450391164
"080005","ARDORE",0.563455760884188,0.560514537932231,0.920065605697113,0.5977931950371,0.63360124066599
"080006","BAGALADI",0.6387912886764,0.678222249494634,0.927860215349885,0.685442113711954,0.712377458338391
"080007","BAGNARA CALABRA",0.554680017855515,0.555975000718863,0.936508808309767,0.593445639189447,0.631563769091705
"080008","BENESTARE",0.596726417874119,0.6400505960118,0.931154943595104,0.649665150608174,0.680941794273388
"080009","BIANCO",0.557232285246446,0.547392430687624,0.917936367023946,0.588874758872726,0.625437159778417
"080010","BIVONGI",0.651415206874864,0.672995731014232,0.919076363648427,0.687892558414936,0.713579647885324
"080011","BOVA",0.68311180813958,0.723123782244619,0.925510550045635,0.725357070677453,0.747596346162807
"080012","BOVALINO",0.520499117107929,0.499540038037101,0.913461833013227,0.550363803116586,0.590708028660657
"080013","BOVA MARINA",0.578811668251547,0.567183392819152,0.922868267605742,0.607984604242389,0.642971677949428
"080014","BRANCALEONE",0.594489703664342,0.608295515446187,0.931173148820169,0.634370663481755,0.667348717408246
"080015","BRUZZANO ZEFFIRIO",0.639151581067095,0.685830884441789,0.927458698149135,0.688987979293912,0.715484725833381
"080016","CALANNA",0.701407239926461,0.749177604914574,0.941138967745987,0.746877076953065,0.768461731485612
"080017","CAMINI",0.692422286137853,0.758382268153993,0.946158509543408,0.747477900385672,0.76955352362542
"080018","CAMPO CALABRO",0.57123690942191,0.561535997852194,0.933949481512839,0.603142756424631,0.63989905921221
"080019","CANDIDONI",0.765904728883668,0.829586467984332,0.943873935340315,0.812358432124632,0.826971265815263
"080020","CANOLO",0.732391610588434,0.790265955438348,0.940679404163843,0.779263845128436,0.797198907243481
"080021","CARAFFA DEL BIANCO",0.642877057229231,0.662789002891169,0.910268902664137,0.678576617320594,0.704320204580988
"080022","CARDETO",0.670317364476883,0.742647853043676,0.956869959281396,0.731521343812391,0.756560078864502
"080023","CARERI",0.638553834586441,0.664333716197557,0.929208507984724,0.679220248651272,0.706996721910544
"080024","CASIGNANA",0.681212889979844,0.716782823057935,0.935026563045493,0.72260072717155,0.74620359782421
"080025","CAULONIA",0.563330960368474,0.568442132857871,0.925638099513068,0.601861701903162,0.637836857193151
"080026","CIMINÀ",0.677838188063852,0.733131832732501,0.928406686581577,0.727777178016517,0.750069345634857
"080027","CINQUEFRONDI",0.567571641714963,0.57279608717057,0.92899383577932,0.606064861576422,0.641945858710077
"080028","CITTANOVA",0.524864811383532,0.51086256900253,0.922100137418286,0.558287334915557,0.598710979638082
"080029","CONDOFURI",0.581028211675461,0.579379021266421,0.922100521242066,0.614393306948053,0.648582997425166
"080030","COSOLETO",0.688016361884176,0.728109940783457,0.934236041192598,0.730680440319695,0.753297729305573
"080031","DELIANUOVA",0.579340721209066,0.569441541291,0.914000004312675,0.608352018556297,0.642312905862561
"080032","FEROLETO DELLA CHIESA",0.668665503507928,0.707555919673775,0.93249066696273,0.712548707128039,0.736986702665227
"080033","FERRUZZANO",0.670600265125033,0.694009754371918,0.925568804915151,0.706631389265143,0.730957768781811
"080034","FIUMARA",0.724011011070134,0.77521624140759,0.936959551028881,0.768348218717864,0.787082811196866
"080035","GALATRO",0.655825873686632,0.682036531482721,0.922472764719224,0.694285358798131,0.719639515011586
"080036","GERACE",0.63374168242496,0.651214354004159,0.929074798101986,0.671137696203302,0.699797374192045
"080037","GIFFONE",0.645148903832689,0.700921308401259,0.934477026342825,0.699179298139559,0.725323490162144
"080038","GIOIA TAURO",0.505711634887296,0.492954615629308,0.928709178908736,0.542270730623346,0.585208335988389
"080039","GIOIOSA IONICA",0.562391855969077,0.565304141972083,0.920366820792472,0.599499881152769,0.635151763334958
"080040","GROTTERIA",0.638077599568379,0.672967665800199,0.92926946287,0.68289731570286,0.710271998721431
"080041","LAGANADI",0.724048745861672,0.788269923361912,0.94444991805129,0.774988392955742,0.793817451299692
"080042","LAUREANA DI BORRELLO",0.609194078252245,0.632652069298071,0.933252918837057,0.652156058281348,0.683389042787538
"080043","LOCRI",0.494378942224968,0.46374982927508,0.919225389444971,0.523080486119519,0.567096586489013
"080044","MAMMOLA",0.599465594652426,0.647534456871828,0.929122068246606,0.654062230010575,0.684624434259023
"080045","MARINA DI GIOIOSA IONICA",0.560006560607234,0.558048784157273,0.919839952244754,0.595108900368504,0.631190128354754
"080046","MAROPATI",0.652539613960197,0.675721181330713,0.926179964769124,0.690335354357822,0.716540311070189
"080047","MARTONE",0.718129287913628,0.770418302973931,0.929206773992455,0.762767093298647,0.781260391153515
"080048","MELICUCCÀ",0.652869019109742,0.695327253755306,0.924736286659048,0.699161951455177,0.724225766477829
"080049","MELICUCCO",0.6068004951628,0.624133164749798,0.928381823900424,0.646758329350711,0.678049828745124
"080050","MELITO DI PORTO SALVO",0.521557833721506,0.494443446509816,0.920762670641966,0.549276843168292,0.590553046220922
"080051","MOLOCHIO",0.618079242179235,0.635206872713577,0.92875911619271,0.656854663321037,0.687066269195667
"080052","MONASTERACE",0.595918218102568,0.608612495560393,0.926929615252438,0.634731782673576,0.667198208515672
"080053","MONTEBELLO JONICO",0.58028896602878,0.587573746041683,0.925484064079272,0.618086626839635,0.65224189764404
"080054","MOTTA SAN GIOVANNI",0.567030117761871,0.561515697894535,0.928933587224684,0.600738975767851,0.637205043707499
"080055","OPPIDO MAMERTINA",0.580769597494711,0.58942139281333,0.925974101332315,0.61918335577185,0.653271216389679
"080056","PALIZZI",0.605443987743555,0.642894931480079,0.927036450839029,0.654456158734538,0.684742857857259
"080057","PALMI",0.476752820801935,0.440461332889893,0.917432393299131,0.504489608491236,0.550372140136557
"080058","PAZZANO",0.690529072018292,0.745228487033759,0.933421346940461,0.739433036267469,0.760987293008912
"080059","PLACANICA",0.666315696633936,0.724959700195596,0.936365908787305,0.71971051945202,0.743783340489274
"080060","PLATÌ",0.627747622547111,0.654011852751019,0.93351960954138,0.670143724838297,0.699407712027528
"080061","POLISTENA",0.526774116046072,0.514999605113551,0.92271588929245,0.561069763451075,0.601252666322339
"080062","PORTIGLIOLA",0.675829554637601,0.715636063595467,0.936398404267748,0.719799368631656,0.743865928146777
"080063","REGGIO DI CALABRIA",0.333959335036659,0.258296132773223,0.8753520535057,0.354050165865017,0.411972597825093
"080064","RIACE",0.645963537815211,0.664542299928408,0.927598923810835,0.682487519365712,0.709722119859615
"080065","RIZZICONI",0.553920716807724,0.557329208798855,0.927134433746691,0.59277590989763,0.62992685699197
"080066","ROCCAFORTE DEL GRECO",0.76652748348335,0.833253749021326,0.946095642002309,0.814511118827335,0.829131621402332
"080067","ROCCELLA IONICA",0.530983317322431,0.504076506526169,0.918355302158881,0.557612450947758,0.597694989971216
"080068","ROGHUDI",0.653030851086678,0.699558602085574,0.934344033446956,0.702099657272209,0.727904587958292
"080069","ROSARNO",0.532133848400549,0.529240994304838,0.921805803090647,0.569799259526489,0.608911097700285
"080070","SAMO",0.638924450871552,0.677079478717736,0.925965094671246,0.684798277782305,0.711594590769965
"080071","SAN GIORGIO MORGETO",0.628541113634767,0.650481051762122,0.928967004718368,0.668456674900437,0.697402267102429
"080072","SAN GIOVANNI DI GERACE",0.680680686983125,0.723887460864415,0.925468697701415,0.724602536301534,0.746920998679299
"080073","SAN LORENZO",0.599529980473385,0.639295183634044,0.928396557765385,0.650310979624882,0.681209377196049
"080074","SAN LUCA",0.584463881540951,0.635877521243585,0.937807425864774,0.642934373839518,0.675698046286769
"080075","SAN PIETRO DI CARIDÀ",0.661115619454279,0.718081428808341,0.936046187246217,0.714243290442801,0.738888056754291
"080076","SAN PROCOPIO",0.685097610183443,0.738804944206741,0.934718680610602,0.734228017536643,0.756504757878194
"080077","SAN ROBERTO",0.626234774049336,0.675821781551135,0.929815601752014,0.678907010195413,0.706785742590591
"080078","SANTA CRISTINA D'ASPROMONTE",0.641563491437672,0.683449847439009,0.922417401560486,0.688497742650555,0.71448881586277
"080079","SANT'AGATA DEL BIANCO",0.65803764185382,0.698124501034824,0.926524286209159,0.702925392920806,0.727769714397289
"080080","SANT'ALESSIO IN ASPROMONTE",0.720432328259571,0.781734510679972,0.938386163040748,0.769813693826869,0.788543968183967
"080081","SANT'EUFEMIA D'ASPROMONTE",0.59722423678632,0.607510677314516,0.927411895275847,0.634871900872961,0.667376344695504
"080082","SANT'ILARIO DELLO IONIO",0.654744073706053,0.678001022155606,0.930006417596045,0.692735934897351,0.719099321863873
"080083","SANTO STEFANO IN ASPROMONTE",0.656872475921714,0.674756369989559,0.921730061845422,0.691405986844615,0.716997550733594
"080084","SCIDO",0.688220961677601,0.729703023833228,0.928127155617691,0.730878509041642,0.75279502532787
"080085","SCILLA",0.585741100298373,0.58619148261213,0.928079994139534,0.62017766172368,0.654389031992108
"080086","SEMINARA",0.629997901489789,0.647817905619501,0.922667055252816,0.667283818724462,0.695659733894279
"080087","SERRATA",0.690618969666791,0.729854199448209,0.928307689948914,0.732043695096641,0.753850805635783
"080088","SIDERNO",0.493459877837699,0.472056823727947,0.918623872871329,0.526344902991674,0.569931455200524
"080089","SINOPOLI",0.650169579941652,0.681342550958587,0.931054021377536,0.692285861042861,0.718815656635603
"080090","STAITI",0.76879263684733,0.844267647712946,0.950611118999985,0.820938239952123,0.835346337624107
"080091","STIGNANO",0.675207852993654,0.719531344111866,0.93584094176282,0.721216732873766,0.745063867194772
"080092","STILO",0.620750290442951,0.638392862831053,0.92236967621325,0.658851386594627,0.688131196552252
"080093","TAURIANOVA",0.508068568393821,0.497409774277061,0.922994990523669,0.544764753254264,0.586790335173087
"080094","TERRANOVA SAPPO MINULIO",0.683157058579551,0.729978120443771,0.9258717521126,0.728498005771755,0.750428422031849
"080095","VARAPODIO",0.619147641557476,0.625121007555644,0.917494498986434,0.651670341999547,0.681206359442535
"080096","VILLA SAN GIOVANNI",0.49623075856118,0.461454608714147,0.926846421782521,0.523643057452149,0.568443431266635
"080097","SAN FERDINANDO",0.590466172801633,0.597728594670101,0.923487992003993,0.62703644456268,0.659975505389492
"081001","ALCAMO",0.441107228757546,0.412183830513602,0.919512813845476,0.475932258056564,0.525218986477555
"081002","BUSETO PALIZZOLO",0.617241162935869,0.631842704613022,0.928789386633792,0.65496667906038,0.685391424346315
"081003","CALATAFIMI-SEGESTA",0.569300578348662,0.570236431416376,0.92705051987887,0.605496706382154,0.641224907881789
"081004","CAMPOBELLO DI MAZARA",0.533484921743894,0.531323656117211,0.925353048058773,0.571699164843375,0.610994040756197
"081005","CASTELLAMMARE DEL GOLFO",0.502970364244696,0.483392499116687,0.921559047620585,0.536019193274681,0.57885695486867
"081006","CASTELVETRANO",0.471819685248187,0.450234168009427,0.923830324977695,0.507307266463696,0.553587606298585
"081007","CUSTONACI",0.60131439479276,0.62157305347467,0.942202514533757,0.644519603173719,0.677595482213723
"081008","ERICE",0.46247153059875,0.432669169654651,0.929356458683564,0.495748960982387,0.543927571838073
"081009","FAVIGNANA",0.576707199111038,0.584177881372542,0.93540773523306,0.615939059740917,0.651435579240044
"081010","GIBELLINA",0.593506353311155,0.60235366599714,0.93234599540398,0.631371608229131,0.664813206804114
"081011","MARSALA",0.412401497407469,0.380234063736463,0.912816703482974,0.447967672863067,0.499617565154167
"081012","MAZARA DEL VALLO",0.44716759961323,0.421876116735159,0.922244509401443,0.483294123296919,0.532066388419644
"081013","PACECO",0.535378218967992,0.533321894847188,0.937326731994708,0.574647724416302,0.614945391925014
"081014","PANTELLERIA",0.560187414637972,0.566558505093581,0.935784447272785,0.600614108606477,0.637855257347178
"081015","PARTANNA",0.525737668353558,0.511136443546164,0.927142294986039,0.559307579853479,0.600178103757097
"081016","POGGIOREALE",0.658650990053654,0.68530336243139,0.928911178488064,0.697670576467077,0.723363976691631
"081017","SALAPARUTA",0.643386647793731,0.660550033558228,0.922795995050226,0.679051106113404,0.706133871550829
"081018","SALEMI",0.534652299447116,0.526747342100526,0.924706209059193,0.570100459602358,0.609501098430896
"081019","SANTA NINFA",0.587370253547533,0.595266686838331,0.929037324070827,0.625090355580721,0.658862240968511
"081020","SAN VITO LO CAPO",0.576323195522335,0.579556801169567,0.925326424350985,0.612678640946455,0.647417283546958
"081021","TRAPANI",0.42518339645799,0.390363536290225,0.921523536277499,0.459148473364447,0.510523480354786
"081022","VALDERICE",0.525131312521072,0.516800228965086,0.930766189047032,0.561945812573475,0.60292585440387
"081023","VITA",0.64412359074058,0.668362537207666,0.927749166556846,0.683393674232395,0.710544284490668
"081024","PETROSINO",0.568686993741542,0.578973519555002,0.933452594534302,0.609792490436875,0.645754724225478
"081025","MISILISCEMI",0.563785436438504,0.572911915225704,0.943862546697255,0.605900062918619,0.643451450005134
"082001","ALIA",0.625537714645923,0.655684413037151,0.935672182406906,0.670117175698074,0.699623287554611
"082002","ALIMENA",0.661117632205552,0.699013357279463,0.935945963332698,0.705653541601526,0.731241588460545
"082003","ALIMINUSA",0.662474498472745,0.723966302148738,0.942241515016672,0.718122511781335,0.743024623251928
"082004","ALTAVILLA MILICIA",0.538557271926355,0.523578905315706,0.934030602961968,0.571364340055124,0.611660591489218
"082005","ALTOFONTE",0.543974027279544,0.538382438515048,0.938042211098119,0.580864630717378,0.62055102853746
"082006","BAGHERIA",0.450329996448688,0.425632742829852,0.92645137393749,0.486828370069092,0.535675370498914
"082007","BALESTRATE",0.592289293995358,0.607599497219681,0.934506235860558,0.633400579632823,0.666856763658127
"082008","BAUCINA",0.665061034464862,0.699445739293372,0.937208469040952,0.7077488950953,0.733244403311484
"082009","BELMONTE MEZZAGNO",0.570576173184745,0.583800729006457,0.942161092364651,0.613685715222506,0.650182979349411
"082010","BISACQUINO",0.590461793526568,0.598780203411769,0.923991429588042,0.627558041581056,0.660495084692943
"082011","BOLOGNETTA",0.622144069632737,0.644897398341062,0.941376129617507,0.664306273549961,0.695091813113021
"082012","BOMPIETRO",0.650003232747787,0.677461995039594,0.931375565765931,0.690496909080914,0.717261204268138
"082013","BORGETTO",0.579202173932617,0.589763800380015,0.934077016733015,0.619442390113986,0.654401793071656
"082014","CACCAMO",0.582389374328821,0.595673998984757,0.935206889206093,0.62364920691172,0.65826672716665
"082015","CALTAVUTURO",0.616978439110135,0.643329190390419,0.940644516686452,0.661202884943894,0.692251955137512
"082016","CAMPOFELICE DI FITALIA",0.703719650662233,0.764658455419496,0.933869804213888,0.754157128158167,0.774125203275469
"082017","CAMPOFELICE DI ROCCELLA",0.544841889418496,0.53858455476073,0.93273305362037,0.580815205242689,0.619917188395764
"082018","CAMPOFIORITO",0.693625784035554,0.746329282069081,0.946779756066391,0.742657755353725,0.765337977655132
"082019","CAMPOREALE",0.623857455029746,0.646617026087159,0.930696917046337,0.664783208207241,0.694329175856029
"082020","CAPACI",0.552768509851266,0.554768016295797,0.938640633342182,0.592255500100397,0.630742737127262
"082021","CARINI",0.477177802378129,0.461715386405651,0.934446506153686,0.51594658556807,0.562446576744249
"082022","CASTELBUONO",0.531589259395945,0.514696503990141,0.919440786868452,0.562772672210584,0.602402462728125
"082023","CASTELDACCIA",0.536730447701757,0.530302822221422,0.936145590504362,0.573779530515867,0.614042426070144
"082024","CASTELLANA SICULA",0.612849702171342,0.631628167488407,0.933790365998107,0.653394077946698,0.684549221063521
"082025","CASTRONOVO DI SICILIA",0.627146146348437,0.650757320468741,0.933498143198352,0.668406374387565,0.697861015366541
"082026","CEFALÀ DIANA",0.679351187551283,0.713160559489183,0.933066004399066,0.719936886608116,0.743617899695999
"082027","CEFALÙ",0.487880853852897,0.45704116723071,0.919345253173098,0.517149434804933,0.561837859068062
"082028","CERDA",0.612502344558213,0.634940805982633,0.936874372839217,0.655036855027302,0.686352134784182
"082029","CHIUSA SCLAFANI",0.622964813938315,0.647279945338304,0.930391207802976,0.664649262454776,0.694176145271243
"082030","CIMINNA",0.620382664825912,0.639967200129319,0.929454014207671,0.660102840650621,0.690030748823627
"082031","CINISI",0.53057918702925,0.522426428283352,0.933312439666104,0.567183770857281,0.607864734058262
"082032","COLLESANO",0.612518940886086,0.633188914567263,0.93544299755492,0.654112834709499,0.685371741692323
"082033","CONTESSA ENTELLINA",0.639371336321178,0.694356293589848,0.939635561944076,0.694140989654369,0.721418164353225
"082034","CORLEONE",0.537906980305513,0.534222227386118,0.928799167138519,0.575338060175086,0.614611516504356
"082035","FICARAZZI",0.550706078528022,0.552820565686885,0.942909769411708,0.590877966837879,0.629992611568304
"082036","GANGI",0.570322775492095,0.576289818106319,0.932454578616696,0.609221124980956,0.645135953162705
"082037","GERACI SICULO",0.63105241219303,0.648603227732102,0.927438135304296,0.668588851496739,0.697349883030912
"082038","GIARDINELLO",0.611960347100815,0.654819504860748,0.940485356451176,0.664099469027821,0.69480901207486
"082039","GIULIANA",0.60458702818306,0.63907333947819,0.924184737163904,0.652065639163953,0.682301094497281
"082040","GODRANO",0.671953630522996,0.701298094135093,0.929677859836991,0.710931062079839,0.735236261830633
"082041","GRATTERI",0.661885628937438,0.712446916910309,0.932980400100926,0.711747685641579,0.736329098359284
"082042","ISNELLO",0.668641114460285,0.704523500805176,0.931784197030512,0.711102496572509,0.735622685512287
"082043","ISOLA DELLE FEMMINE",0.562780569119417,0.561528847953436,0.937022460857908,0.599641483768575,0.637128259000723
"082044","LASCARI",0.593021120788185,0.596357237602832,0.931484626510554,0.628368723927013,0.662048268658517
"082045","LERCARA FRIDDI",0.576728481044315,0.590338227063768,0.934929542335068,0.618672972882144,0.653812591710247
"082046","MARINEO",0.585300800780433,0.597791630125608,0.9393872011106,0.626330314018779,0.661114412584537
"082047","MEZZOJUSO",0.638711124183587,0.663845263974531,0.933236468492564,0.67947402152041,0.70766984896176
"082048","MISILMERI",0.501573421064612,0.495402055330843,0.937306905337887,0.542369654911743,0.586251571625759
"082049","MONREALE",0.463546568579864,0.439129304175212,0.928609660281138,0.499065108767898,0.546792281158258
"082050","MONTELEPRE",0.580455746920811,0.581831309584207,0.930226407955514,0.616051816222809,0.65096010419311
"082051","MONTEMAGGIORE BELSITO",0.613776934174356,0.636851342633054,0.934476773601703,0.656230401923504,0.687146665443304
"082052","PALAZZO ADRIANO",0.652826303014538,0.680226298334255,0.937544415810379,0.693628112187995,0.720729923701593
"082053","PALERMO",0.270727702201357,0.191023058781103,0.766078069160163,0.284395649358123,0.337915918225017
"082054","PARTINICO",0.477939972585346,0.458571267791697,0.92546944326027,0.513977002495696,0.559698384802871
"082055","PETRALIA SOPRANA",0.609002098749434,0.622947619175245,0.934894308207411,0.647866803886847,0.679758748811354
"082056","PETRALIA SOTTANA",0.607375505797063,0.613759609490512,0.936293968003231,0.643140198679732,0.675712839715676
"082057","PIANA DEGLI ALBANESI",0.578521920059328,0.573276456703754,0.925783376737743,0.610887607217161,0.645876026052781
"082058","POLIZZI GENEROSA",0.623353278690015,0.643708554087267,0.93050122842444,0.663227947592221,0.692924978795801
"082059","POLLINA",0.603892725565158,0.608833415241499,0.921328946894738,0.637859658052469,0.66935624570161
"082060","PRIZZI",0.595763748165496,0.610036504560842,0.930933423583349,0.635703456085187,0.668506785807205
"082061","ROCCAMENA",0.639891070996714,0.691497982077302,0.930420460521592,0.692167119935467,0.718639713333925
"082062","ROCCAPALUMBA",0.651124069165089,0.681054195625551,0.934811928875679,0.692961412043356,0.719833691691392
"082063","SAN CIPIRELLO",0.607107659267859,0.632625595513354,0.939167441063276,0.651796708757874,0.683726790125141
"082064","SAN GIUSEPPE JATO",0.582141990417722,0.601506942565277,0.935897334683526,0.626231753310702,0.660639040129905
"082065","SAN MAURO CASTELVERDE",0.648760322139938,0.709541368115892,0.940942595194712,0.705330020134595,0.731509195141275
"082066","SANTA CRISTINA GELA",0.639585623697643,0.681734678172643,0.93095711972581,0.68768984781421,0.714719544693276
"082067","SANTA FLAVIA",0.533340983078421,0.525163464885915,0.933082580559106,0.569635259639862,0.610018295297556
"082068","SCIARA",0.649563902750204,0.682940390359226,0.938022479989618,0.693429179898205,0.720606213241695
"082069","SCLAFANI BAGNI",0.721501642427961,0.791196241682101,0.944621436704541,0.775176191519982,0.794003440984933
"082070","TERMINI IMERESE",0.47910566834169,0.458243880043806,0.932051358485307,0.515012432622004,0.56135009105126
"082071","TERRASINI",0.536756593939351,0.53569036821531,0.938262432675223,0.57642737623712,0.616631271396909
"082072","TORRETTA",0.613809100986438,0.62563960691904,0.936590998742232,0.651411018431688,0.683097682910638
"082073","TRABIA",0.547353068267364,0.546222571244384,0.93738095527164,0.58584713330745,0.624906446859027
"082074","TRAPPETO",0.623453635127716,0.64372536589124,0.934788381926539,0.663709388651184,0.69382927679289
"082075","USTICA",0.651435318322222,0.676096633689111,0.935096696915726,0.690899048096672,0.718032120187678
"082076","VALLEDOLMO",0.622886961944733,0.648655461689049,0.929319211579256,0.665126011793127,0.694480811769364
"082077","VENTIMIGLIA DI SICILIA",0.668167881473548,0.705864362334583,0.936756369363827,0.711990146650042,0.736964171396018
"082078","VICARI",0.643311419284604,0.674046476447546,0.939041969458367,0.686715250025304,0.714751552184534
"082079","VILLABATE",0.531685302904538,0.532830747458,0.941320919757177,0.57316431463886,0.614070604096451
"082080","VILLAFRATI",0.627620501280254,0.652017135140462,0.939840264510184,0.669820962840341,0.699823107470323
"082081","SCILLATO",0.708537538450229,0.780924642279216,0.959581140492559,0.766216095377507,0.78770110039029
"082082","BLUFI",0.645055219622402,0.690363052566785,0.932548760420985,0.694193098527233,0.720677060959872
"083001","ALCARA LI FUSI",0.642632043603832,0.673356682681437,0.93113404804807,0.685308331633178,0.712622300123722
"083002","ALÌ",0.656184693674547,0.69730385644453,0.926182585090529,0.701688106062638,0.726631937065737
"083003","ALÌ TERME",0.60725288401106,0.600624217419826,0.923178207150341,0.635862516358933,0.667786482002423
"083004","ANTILLO",0.659324592906634,0.715237790946486,0.937166619467372,0.712269734680641,0.737258277434722
"083005","BARCELLONA POZZO DI GOTTO",0.429577578811976,0.385862063773987,0.910482315864806,0.457996070750164,0.508272320207346
"083006","BASICÒ",0.685360425050214,0.737449119305748,0.92726073326873,0.732990368287056,0.754575964396131
"083007","BROLO",0.545906097485474,0.537498640073153,0.922043231190442,0.579736455020426,0.617770541261539
"083008","CAPIZZI",0.619981273095706,0.646722304974246,0.933776275355172,0.663394237666995,0.693436686299015
"083009","CAPO D'ORLANDO",0.486607828791217,0.455675058565565,0.917491587551753,0.515776458065727,0.560411472453063
"083010","CAPRI LEONE",0.582267645956821,0.586279414293613,0.922447439507857,0.618090921063481,0.651908312001745
"083011","CARONIA",0.617447738498227,0.636551010499934,0.932477386628886,0.657547175712061,0.688094976925042
"083012","CASALVECCHIO SICULO",0.675069516925475,0.738195006168444,0.944931801904658,0.730462215582729,0.754292169618499
"083013","CASTEL DI LUCIO",0.672038810072472,0.706573486309169,0.93025953598994,0.713401486970732,0.737496825750644
"083014","CASTELL'UMBERTO",0.609521696177591,0.622479908964808,0.926719344969285,0.647072656811008,0.678144511050817
"083015","CASTELMOLA",0.643309185172598,0.690053967033836,0.929581710429723,0.692971589535867,0.719261602968518
"083016","CASTROREALE",0.631271103999803,0.648510353984762,0.931860977191914,0.669087753812245,0.698284778632209
"083017","CESARÒ",0.629619124042667,0.650501727983235,0.928462072750191,0.668900590686675,0.697740755360399
"083018","CONDRÒ",0.703058354173112,0.762127123100607,0.943654833339141,0.753698948107088,0.774805157577316
"083019","FALCONE",0.603323272477898,0.614552209933134,0.922908844785514,0.640334851563516,0.671731961921516
"083020","FICARRA",0.649763279798329,0.668930649912507,0.923218596790791,0.685734128048955,0.712121291242493
"083021","FIUMEDINISI",0.641159654932959,0.692852103290968,0.933980884224873,0.693703379623254,0.720400880134545
"083022","FLORESTA",0.736989649312258,0.786646177727269,0.933952378826393,0.779031360050426,0.796244806581089
"083023","FONDACHELLI-FANTINA",0.680222480034809,0.717644538715437,0.931346858218544,0.722174844259466,0.745416179143808
"083024","FORZA D'AGRÒ",0.652942540827866,0.699421984326573,0.929004645080778,0.701464500827575,0.726746739077931
"083025","FRANCAVILLA DI SICILIA",0.597436482522257,0.603744326053072,0.922172056921742,0.632748569551072,0.66490673481448
"083026","FRAZZANÒ",0.714729366399121,0.747681673247245,0.92135521270682,0.750220489111546,0.76923545839991
"083027","FURCI SICULO",0.568678694262353,0.544523121265273,0.9137427525402,0.592315092241452,0.628029276719091
"083028","FURNARI",0.578049743154856,0.574760733266354,0.921145172570547,0.610879231646599,0.645353225082593
"083029","GAGGI",0.621288574001352,0.635203095268586,0.928589685991726,0.658280219770645,0.68831460490632
"083030","GALATI MAMERTINO",0.62435477996941,0.64094897066805,0.926831464305966,0.662069834217453,0.691487793116177
"083031","GALLODORO",0.744172160607473,0.790785597591322,0.923340842031127,0.78306507539257,0.798651271685743
"083032","GIARDINI-NAXOS",0.530579448930463,0.517066493379595,0.918749962111602,0.563315670250687,0.602808369346344
"083033","GIOIOSA MAREA",0.530707841943491,0.514400957040621,0.916677648735259,0.561966724416376,0.601379049340697
"083034","GRANITI",0.646424889222965,0.675585890019638,0.929768751420156,0.687881725801187,0.714758061981073
"083035","GUALTIERI SICAMINÒ",0.656199505296177,0.687333053610581,0.935815461769476,0.698171197684989,0.724576115916598
"083036","ITALA",0.613068354783766,0.648891791791244,0.930592171519904,0.660941283110745,0.690902492933985
"083037","LENI",0.65207607586118,0.688195856412856,0.923351170690822,0.695457486592398,0.720779007047779
"083038","LETOJANNI",0.600917951687119,0.602817840346264,0.922868816778349,0.633967988092857,0.666068080169023
"083039","LIBRIZZI",0.636198085097502,0.65819653326899,0.923476065780114,0.674825184842933,0.702453060502619
"083040","LIMINA",0.678428389419523,0.727288572605838,0.922580303471534,0.724830663258566,0.746802845504452
"083041","LIPARI",0.50864359490706,0.491334303761036,0.919162891889484,0.541906343589592,0.583823737845135
"083042","LONGI",0.637640771597765,0.654587158678971,0.925763040606086,0.67407887268514,0.702043780231912
"083043","MALFA",0.663174092698316,0.682616862718185,0.925885752944471,0.698194505231873,0.723493532755495
"083044","MALVAGNA",0.666981519711542,0.719601222525563,0.927718381848072,0.716734072191504,0.740176773264456
"083045","MANDANICI",0.730758748299648,0.775484090686405,0.929572842007154,0.770766561744439,0.788411703995852
"083046","MAZZARRÀ SANT'ANDREA",0.653067629659971,0.684960467011175,0.924673924820073,0.694580035984023,0.720146023632473
"083047","MERÌ",0.629731741635463,0.648562815838746,0.932423342022985,0.668474885065693,0.697802491394281
"083048","MESSINA",0.319938312208157,0.243913263590188,0.866263485098203,0.340359557619076,0.398793327338979
"083049","MILAZZO",0.443654009699588,0.40133458295439,0.921690368047807,0.472413903499071,0.522333510671153
"083050","MILITELLO ROSMARINO",0.630336883365565,0.673180670397905,0.929534763270557,0.679536375520618,0.7073139741595
"083051","MIRTO",0.645987684859451,0.69018456859421,0.927095029722551,0.693987017026402,0.719887907325975
"083052","MISTRETTA",0.558357583024874,0.5465404024658,0.920746073180773,0.589278700788881,0.626108408832424
"083053","MOIO ALCANTARA",0.688397791907472,0.721736021080513,0.925917492037852,0.727151965048379,0.749237023602765
"083054","MONFORTE SAN GIORGIO",0.630845706952114,0.651466846377747,0.930003688685168,0.670041017866954,0.698925759068978
"083055","MONGIUFFI MELIA",0.735450703214108,0.786476156181307,0.929386550689968,0.777805741796934,0.79464805389616
"083056","MONTAGNAREALE",0.652115289226321,0.675366392445875,0.927376543274831,0.690104411079972,0.716467981323845
"083057","MONTALBANO ELICONA",0.635022535889647,0.658678956476448,0.928052486664717,0.674970920231214,0.703091094279381
"083058","MOTTA CAMASTRA",0.651538585171259,0.697615071878678,0.921719337947946,0.699291079467266,0.724005330409564
"083059","MOTTA D'AFFERMO",0.654648907476244,0.689645254436154,0.923412454659173,0.697273618326497,0.722400155696794
"083060","NASO",0.592764672754528,0.602519247148898,0.923888703316454,0.630266634288187,0.662891308624661
"083061","NIZZA DI SICILIA",0.575360521719559,0.562364890803505,0.917902995269135,0.603766735162292,0.638670764063052
"083062","NOVARA DI SICILIA",0.665353348419898,0.695747197668449,0.926177113001832,0.705112957039939,0.729675641035705
"083063","OLIVERI",0.625216699902164,0.63917151272091,0.924019149686116,0.661376610648995,0.690559114986453
"083064","PACE DEL MELA",0.562079182802633,0.556453036678455,0.927349533207724,0.596074452087262,0.63288279443398
"083065","PAGLIARA",0.66389601785764,0.68453550029147,0.923320339861812,0.699126217153281,0.724036675232006
"083066","PATTI",0.490264749900457,0.459694036701033,0.915949556846147,0.519076409655285,0.563173426009825
"083067","PETTINEO",0.632267763611251,0.679547685127416,0.929070234509544,0.683223975383354,0.710540226397375
"083068","PIRAINO",0.570068496004872,0.563936983288729,0.919500119031887,0.602252477585309,0.637502215523818
"083069","RACCUJA",0.689307654697421,0.709983113623183,0.920023841970702,0.721683229941342,0.743721075722382
"083070","REITANO",0.65286504776116,0.695306281035117,0.92478407509006,0.699155505467331,0.724225346536523
"083071","ROCCAFIORITA",0.708750513951473,0.743454945723786,0.914423009431739,0.74493475779704,0.763766785756451
"083072","ROCCALUMERA",0.558929534877793,0.538854965433914,0.914896494702653,0.585492674610534,0.622093099065214
"083073","ROCCAVALDINA",0.649702085813979,0.702590974637415,0.936458320376314,0.702177709240759,0.728208888255821
"083074","ROCCELLA VALDEMONE",0.685972454707887,0.748736370475194,0.938380350749978,0.739457006407384,0.761559600223228
"083075","RODÌ MILICI",0.623441495226033,0.633726311931482,0.922291375429279,0.65795465076381,0.687325397948862
"083076","ROMETTA",0.54517337872249,0.532307780784593,0.929970073549401,0.577863529133128,0.616986478512713
"083077","SAN FILIPPO DEL MELA",0.566433915565985,0.570225685823807,0.936225845847945,0.605119405210201,0.641909009725506
"083078","SAN FRATELLO",0.6161586033625,0.64196028221372,0.931944538054324,0.659347952314731,0.689636461841353
"083079","SAN MARCO D'ALUNZIO",0.630442647318132,0.652992223744953,0.93042445017601,0.670588136995989,0.699458838460436
"083080","SAN PIER NICETO",0.630965651123998,0.652749758503628,0.930975481344704,0.670769482466902,0.699681260119991
"083081","SAN PIERO PATTI",0.606773482439923,0.621241599846004,0.920638110067538,0.644670598035421,0.675333654927879
"083082","SAN SALVATORE DI FITALIA",0.684497514921221,0.732244819684385,0.937653752792426,0.731299425851765,0.754227684400728
"083083","SANTA DOMENICA VITTORIA",0.633162128465621,0.672724217759671,0.927105732138117,0.680359429015193,0.70777568491774
"083084","SANT'AGATA DI MILITELLO",0.497693587710926,0.471558728461734,0.921248930434869,0.528288435321184,0.571950712556038
"083085","SANT'ALESSIO SICULO",0.621976464451802,0.626305735126306,0.922179400345586,0.653944929844707,0.683748759900361
"083086","SANTA LUCIA DEL MELA",0.609179052415761,0.628977534591349,0.934353846361067,0.650605848789306,0.682133404075057
"083087","SANTA MARINA SALINA",0.638283458385963,0.637492976062518,0.915847340271678,0.665684129528985,0.693480041833728
"083088","SANT'ANGELO DI BROLO",0.612633934100629,0.632616953798398,0.928304321744909,0.653193331729053,0.683761219508592
"083089","SANTA TERESA DI RIVA",0.508470739582574,0.475584823938226,0.91363841506954,0.534188845091314,0.576349908422228
"083090","SAN TEODORO",0.664999520896647,0.692992511088285,0.928732755957381,0.703969689988957,0.728943363985449
"083091","SANTO STEFANO DI CAMASTRA",0.571573731101154,0.570136267025687,0.926086330552522,0.606378132212331,0.641901265361241
"083092","SAPONARA",0.60012927508267,0.607700159724923,0.932398291150455,0.636763074778462,0.669611432153128
"083093","SAVOCA",0.622635772742404,0.627409872289031,0.915931216066496,0.654113661870795,0.683204501225873
"083094","SCALETTA ZANCLEA",0.637198791519538,0.653256846367846,0.929731097917145,0.673678146841037,0.702128474738382
"083095","SINAGRA",0.596604647371923,0.600686988494599,0.915615909216587,0.630342827061594,0.662039836189926
"083096","SPADAFORA",0.563687540039054,0.555634224250549,0.924498484350982,0.596144642365419,0.632628402586037
"083097","TAORMINA",0.504508348469164,0.476774209277418,0.91661750373776,0.533238901359738,0.575836523846185
"083098","TORREGROTTA",0.558258523862088,0.555946801392622,0.9286456387105,0.59425696023567,0.631411257843984
"083099","TORTORICI",0.581387834259944,0.600431867406536,0.933873823801189,0.625206248130035,0.65950264542683
"083100","TRIPI",0.654537719861868,0.700492800981691,0.925403300582305,0.702304064437832,0.727092868453884
"083101","TUSA",0.605520734847195,0.610568688350927,0.923043662153321,0.639544606654487,0.671044501709913
"083102","UCRIA",0.640820753171418,0.68582842426006,0.929209738706511,0.689913103714816,0.716501618713893
"083103","VALDINA",0.651738215454229,0.672101078462902,0.929688111800313,0.68869649344274,0.715473339926915
"083104","VENETICO",0.581565168328073,0.580985222196365,0.928288824748763,0.615976558210873,0.650677921159528
"083105","VILLAFRANCA TIRRENA",0.534392496045793,0.517771775954129,0.926573735176584,0.566131295917623,0.606180455835286
"083106","TERME VIGLIATORE",0.545050494902539,0.53890637227615,0.922733417554621,0.580053931985872,0.6181294303824
"083107","ACQUEDOLCI",0.564408852872003,0.562602880885223,0.928827643737342,0.600038044564486,0.636570222250359
"083108","TORRENOVA",0.563841473949544,0.554983535503487,0.921133416111951,0.595584595865059,0.631756687003603
"084001","AGRIGENTO",0.40579959607974,0.352307043541236,0.91359798062263,0.432507785891702,0.485962251972916
"084002","ALESSANDRIA DELLA ROCCA",0.624231265039055,0.634839468365189,0.92191203084075,0.658773033115985,0.688010699529848
"084003","ARAGONA",0.540896893258005,0.533603359086752,0.931089748920844,0.576634088447225,0.616018050722072
"084004","BIVONA",0.583996141000135,0.581188075798227,0.919947100292115,0.616327607588475,0.650063106777768
"084005","BURGIO",0.621185095981263,0.634256436784567,0.923367706025812,0.657285460347205,0.686850154311494
"084006","CALAMONACI",0.63057546281129,0.672185909570394,0.921621857349975,0.678404803306756,0.705428920422669
"084007","CALTABELLOTTA",0.612964833946417,0.627271515584269,0.923814312120807,0.650487788500889,0.680857402236436
"084008","CAMASTRA",0.652398142985832,0.681472934574006,0.93294330862422,0.693536315764349,0.720137092748779
"084009","CAMMARATA",0.570761488256713,0.571274536955547,0.928757757361633,0.606791987081681,0.642565961557231
"084010","CAMPOBELLO DI LICATA",0.542906784098368,0.541780950736393,0.928633021602852,0.580972782835928,0.619601698254475
"084011","CANICATTÌ",0.468334541048105,0.449130651558231,0.922510591268351,0.505110395799686,0.551488195296205
"084012","CASTELTERMINI",0.564979932872258,0.569300811541246,0.93039216997062,0.603465551983139,0.639790731759526
"084013","CASTROFILIPPO",0.64962616335773,0.683809434068504,0.93470059123494,0.693516077965299,0.720314357217482
"084014","CATTOLICA ERACLEA",0.607199940776437,0.61922257635854,0.923402187655649,0.644230351476305,0.675249444385121
"084015","CIANCIANA",0.602541793010513,0.607368761228086,0.918578547079782,0.636317604115348,0.667679931111396
"084016","COMITINI",0.6865879610747,0.728546857111168,0.944248169695819,0.731235485153222,0.754903561213511
"084017","FAVARA",0.473911752161785,0.450826908322085,0.922778227310185,0.50841021994876,0.554451109655585
"084018","GROTTE",0.580221955188349,0.578047875328164,0.926220977112712,0.613843521443702,0.648552127629147
"084019","JOPPOLO GIANCAXIO",0.643887805321768,0.657027964526817,0.920030732137471,0.67741516964561,0.704372454366928
"084020","LAMPEDUSA E LINOSA",0.596542364197898,0.617107791227184,0.942131090994242,0.640355679040711,0.673886280368882
"084021","LICATA",0.481047830268035,0.468248895459986,0.927162417680939,0.519899768345703,0.565151173827396
"084022","LUCCA SICULA",0.638764207195262,0.653212348681732,0.919870736557776,0.673376523800425,0.700764769662353
"084023","MENFI",0.529468180497297,0.5256048515268,0.929563032822648,0.567739167693108,0.607941819374168
"084024","MONTALLEGRO",0.61396167957846,0.664490483204469,0.937363985375834,0.669039871789902,0.698853662188339
"084025","MONTEVAGO",0.627348018821213,0.641747501118932,0.928610419988914,0.663954025971957,0.693360291973841
"084026","NARO",0.559666309738429,0.563391683821207,0.924322515758889,0.597808348677725,0.634087700575632
"084027","PALMA DI MONTECHIARO",0.51800856407585,0.519676602125007,0.932223313348358,0.560180656125222,0.601518729150015
"084028","PORTO EMPEDOCLE",0.53322886356061,0.535842304161898,0.940968844450215,0.57517890992015,0.615822235979046
"084029","RACALMUTO",0.556516828231529,0.555395400317694,0.926679428850696,0.59302844573222,0.630100777189828
"084030","RAFFADALI",0.524284981424132,0.509696966805757,0.927345980924661,0.558026474795916,0.599061975476888
"084031","RAVANUSA",0.541241017724925,0.540452199211831,0.928357834963043,0.579597731117845,0.618348853767311
"084032","REALMONTE",0.600426360157955,0.611165195267618,0.933779475971503,0.638594147538658,0.67139251736453
"084033","RIBERA",0.503520128248507,0.486013371788145,0.92167915216366,0.537457990232859,0.580149230447393
"084034","SAMBUCA DI SICILIA",0.575725099340504,0.578715112404235,0.927013733437836,0.612199468628916,0.647178831385463
"084035","SAN BIAGIO PLATANI",0.626282130254441,0.648705399994565,0.930907130550209,0.666835101667074,0.696176438209644
"084036","SAN GIOVANNI GEMINI",0.556539594953836,0.554692305958046,0.927665137148566,0.592820869125203,0.630025787794466
"084037","SANTA ELISABETTA",0.58989233841327,0.621010501384684,0.922243109460214,0.637130588855101,0.668809757811225
"084038","SANTA MARGHERITA DI BELICE",0.581206004944523,0.589328108937292,0.932306504592108,0.619971001706028,0.654674946471148
"084039","SANT'ANGELO MUXARO",0.668089749824603,0.697761506625407,0.923857548919186,0.707018820294423,0.731112012363841
"084040","SANTO STEFANO QUISQUINA",0.591425935312929,0.597223389706801,0.925905473606379,0.627482743619517,0.660640824729168
"084041","SCIACCA",0.445915117706408,0.4149633200097,0.918593134844159,0.479254610456665,0.528070002055276
"084042","SICULIANA",0.5983883427852,0.612842818351287,0.929887929617568,0.638042815473176,0.670470050378109
"084043","VILLAFRANCA SICULA",0.659117328608085,0.68501853199949,0.928067484699212,0.69766788574333,0.723267841182873
"085001","ACQUAVIVA PLATANI",0.640811702045514,0.684589454424922,0.917549487841891,0.688185469195886,0.713670360156553
"085002","BOMPENSIERE",0.742396194766354,0.79774311874024,0.933280705676187,0.786390761645586,0.802711866537875
"085003","BUTERA",0.592876508741957,0.601810710191093,0.930473529444185,0.630656601464291,0.663969593462057
"085004","CALTANISSETTA",0.41134650568703,0.366872094375816,0.917801591372457,0.441978529165527,0.49484775829963
"085005","CAMPOFRANCO",0.627130516826727,0.642547219040149,0.93027697274021,0.664382678414115,0.693926488894792
"085006","DELIA",0.589787775540726,0.593418962627435,0.916483751715329,0.624091407347205,0.65657944561033
"085007","GELA",0.430751669469658,0.40509172206981,0.929130522192211,0.469042578411982,0.520163461054229
"085008","MARIANOPOLI",0.704504185590829,0.753100821347847,0.945196719891506,0.750441925111555,0.772081346753772
"085009","MAZZARINO",0.535651680136193,0.527991448472288,0.926761771609846,0.571315585034801,0.610809605765361
"085010","MILENA",0.616348163510089,0.631432627064845,0.928186591155093,0.65432001487423,0.684749634460992
"085011","MONTEDORO",0.658012945321217,0.684188085926364,0.922693157495662,0.696259779810978,0.721419043998165
"085012","MUSSOMELI",0.521365728884182,0.503893322002325,0.923669206358237,0.553733493534752,0.59483746162625
"085013","NISCEMI",0.514917779611941,0.515915101274628,0.936648616805186,0.557539658079474,0.599662875715665
"085014","RESUTTANO",0.653274910099368,0.683736358544628,0.934423903224214,0.69509746121222,0.721689288102441
"085015","RIESI",0.558048558775825,0.562815128777185,0.930270419517262,0.597415701350581,0.634399558924656
"085016","SAN CATALDO",0.49123149322126,0.473018532469701,0.927120039992174,0.52662451556015,0.571124018274819
"085017","SANTA CATERINA VILLARMOSA",0.595084652557848,0.614692337397706,0.938628642060747,0.638262509686074,0.671636524394371
"085018","SERRADIFALCO",0.571665953300484,0.576411488604244,0.931467973986019,0.609781646255729,0.645524571559095
"085019","SOMMATINO",0.571210281455873,0.5770315993462,0.929508701876266,0.60965971654856,0.645198492696083
"085020","SUTERA",0.642544294125648,0.652996478914602,0.91663977364027,0.67465732523214,0.701544263944154
"085021","VALLELUNGA PRATAMENO",0.629608630203733,0.659319283426697,0.939957184337502,0.674013279567443,0.703562602319672
"085022","VILLALBA",0.672632450633672,0.708367902819583,0.933253002853029,0.714775459339268,0.739050741951908
"086001","AGIRA",0.56574834971413,0.567792594449978,0.928364547509157,0.602929879624764,0.639089287167475
"086002","AIDONE",0.59790435177019,0.607909757328884,0.926521962596156,0.635268545354199,0.667630036158861
"086003","ASSORO",0.595691799086167,0.604677419780828,0.93013321646826,0.633179470136974,0.66617433084045
"086004","BARRAFRANCA",0.541962181851022,0.544563924241326,0.931958941288201,0.582132641870377,0.62100223069458
"086005","CALASCIBETTA",0.582308831209874,0.579570362789925,0.92699872328389,0.615545509628299,0.650151422256698
"086006","CATENANUOVA",0.598026781196721,0.612498473049394,0.93517391655704,0.638253756066455,0.671244885009854
"086007","CENTURIPE",0.597124868868706,0.618310092214388,0.937258986453196,0.640671631132712,0.673625781723877
"086008","CERAMI",0.651469241155394,0.684026482428892,0.933794307712286,0.694352506384158,0.720957150976172
"086009","ENNA",0.448140147177995,0.404476190369245,0.920583634351764,0.475735715331434,0.525163261889249
"086010","GAGLIANO CASTELFERRATO",0.611942579733232,0.632468845819897,0.940253032836215,0.65401044478253,0.685815176788495
"086011","LEONFORTE",0.528059911810223,0.520953144378624,0.928030839928704,0.564858959277851,0.605211390461279
"086012","NICOSIA",0.510527423120537,0.497656425207018,0.925755857274307,0.54625831747483,0.588424710785883
"086013","NISSORIA",0.610663754702128,0.621517573328646,0.929644444921885,0.647446042106037,0.678801420196687
"086014","PIAZZA ARMERINA",0.485963593752249,0.461561423593788,0.925852968565484,0.518971554662265,0.564180600651512
"086015","PIETRAPERZIA",0.578675416719217,0.593657224492035,0.934919418751975,0.621041630420261,0.655916940234896
"086016","REGALBUTO",0.574123276815727,0.586770798199496,0.935309703835426,0.615933304140393,0.651419570773174
"086017","SPERLINGA",0.678478988812483,0.734159825372152,0.93952945677048,0.729640412060134,0.75296141702795
"086018","TROINA",0.550931897931719,0.558804815567925,0.93959034913891,0.59334055598873,0.631812755227639
"086019","VALGUARNERA CAROPEPE",0.572353501125722,0.580489634395593,0.93127920956093,0.611907331940685,0.647393096120712
"086020","VILLAROSA",0.595454358594366,0.605886183878773,0.92916587563577,0.633519831676489,0.66636939211641
"087001","ACI BONACCORSI",0.566388153673189,0.5508537676154,0.928943663119525,0.595653230891817,0.63268550113934
"087002","ACI CASTELLO",0.452999726306531,0.397329549168929,0.922877151569412,0.474935889120898,0.524707140504066
"087003","ACI CATENA",0.478234201939249,0.452666347650176,0.927013084286612,0.511606555743903,0.557762836693093
"087004","ACIREALE",0.421085852721215,0.375217938363679,0.913262766908529,0.449662982679055,0.501174069815664
"087005","ACI SANT'ANTONIO",0.494509585897661,0.470568290807541,0.927523130635032,0.527037357580844,0.571535776809087
"087006","ADRANO",0.498178995544071,0.493797530294108,0.931241573002308,0.539513593927412,0.583038924935734
"087007","BELPASSO",0.48716541680596,0.470010417763029,0.928689718921662,0.523598097448211,0.568608277611928
"087008","BIANCAVILLA",0.507754796683057,0.500860531840153,0.930915574026761,0.54696845523812,0.589629246214636
"087009","BRONTE",0.510662944359452,0.504352864750597,0.927903669214481,0.54954748102097,0.591587057486916
"087010","CALATABIANO",0.595797859870705,0.610739057657088,0.929090701035301,0.635850682991037,0.668432907218177
"087011","CALTAGIRONE",0.454232423331363,0.423355689502461,0.920552671570732,0.486969917932294,0.535145779447676
"087012","CAMPOROTONDO ETNEO",0.604559911263252,0.611559246369199,0.939953706624232,0.641248991597026,0.674438404377827
"087013","CASTEL DI IUDICA",0.628239133486405,0.657792635658558,0.94140466249208,0.672854762364442,0.702693640156402
"087014","CASTIGLIONE DI SICILIA",0.584197295371329,0.624051247558183,0.926084761886844,0.636320320506965,0.668516369549174
"087015","CATANIA",0.319069173722433,0.253865279579589,0.859182614873769,0.343738765473287,0.401010304295562
"087016","FIUMEFREDDO DI SICILIA",0.550888016062945,0.548969534638447,0.927749445737797,0.587710842389406,0.625492909428116
"087017","GIARRE",0.460993648962993,0.428203275041137,0.922755809982143,0.492414196800073,0.540229931598081
"087018","GRAMMICHELE",0.528307351986681,0.522305835225836,0.923048853087693,0.565080819554402,0.604855045502545
"087019","GRAVINA DI CATANIA",0.464160835494403,0.428333387793983,0.925691089340427,0.494191509413816,0.54213590718344
"087020","LICODIA EUBEA",0.640495736225731,0.668385435628512,0.92871477734265,0.681868005068675,0.709295424210227
"087021","LINGUAGLOSSA",0.561803789431609,0.556744076546392,0.921027485218592,0.59544928821196,0.631624643434919
"087022","MALETTO",0.627633359175774,0.654380459737863,0.936423808931193,0.670548599404256,0.700090289351693
"087023","MASCALI",0.516247182925019,0.501290348807874,0.925960978380284,0.55048798711783,0.592207208369214
"087024","MASCALUCIA",0.455441019326639,0.421814562675596,0.928348208289532,0.487599832729959,0.536571874458801
"087025","MILITELLO IN VAL DI CATANIA",0.584861652714636,0.598215005234668,0.932324707482823,0.625616966825469,0.659695604676286
"087026","MILO",0.650905735701359,0.667913737578083,0.929422260196976,0.686410988995447,0.713412241351172
"087027","MINEO",0.603453128485297,0.62162168216302,0.927011503752056,0.643984815166948,0.675432225009738
"087028","MIRABELLA IMBACCARI",0.607786169468306,0.630449057886074,0.93199874229471,0.650405726538942,0.681693839400694
"087029","MISTERBIANCO",0.466758350242033,0.447127569844279,0.927345894637005,0.503983253502541,0.551023546961926
"087030","MOTTA SANT'ANASTASIA",0.539567528009477,0.531684094579438,0.93813792558436,0.575877022723448,0.616128234152438
"087031","NICOLOSI",0.53531822914396,0.514693404720883,0.925726522002992,0.565077887439479,0.605149957946536
"087032","PALAGONIA",0.548015110554307,0.553790854958978,0.931373942111543,0.588950078692132,0.626997174627622
"087033","PATERNÒ",0.456831630627057,0.435363736913942,0.921324213496135,0.493620336743063,0.541142989715627
"087034","PEDARA",0.493422075916302,0.462484519739809,0.925771051071873,0.522735073152437,0.567516848476819
"087035","PIEDIMONTE ETNEO",0.587104647365895,0.588277146172726,0.924633567912868,0.621385163883666,0.655079430998022
"087036","RADDUSA",0.644422679562819,0.678732988770551,0.939426095631704,0.689362660313187,0.717147486459689
"087037","RAMACCA",0.560752848088849,0.56631756359286,0.929402131627378,0.600121898419507,0.636708590998159
"087038","RANDAZZO",0.537898427057003,0.537787197492401,0.930134927122473,0.577072023759479,0.616301235244256
"087039","RIPOSTO",0.510557812797136,0.491833200395821,0.92790591254143,0.543866547190974,0.586537587785469
"087040","SAN CONO",0.640413287478445,0.669876280122255,0.929316634849228,0.682561968905238,0.709979154010126
"087041","SAN GIOVANNI LA PUNTA",0.453741362545976,0.40892436011089,0.925837573537418,0.480783332549331,0.53023380377023
"087042","SAN GREGORIO DI CATANIA",0.464717226820158,0.403036174064286,0.925799031219302,0.48306893351993,0.532261166597638
"087043","SAN MICHELE DI GANZARIA",0.630999647751769,0.655742774496664,0.929683366697748,0.67200242668157,0.700633642238923
"087044","SAN PIETRO CLARENZA",0.558881957351202,0.554402544972149,0.938891891950654,0.594867215240573,0.633092179319471
"087045","SANT'AGATA LI BATTIATI",0.470005882751562,0.405571633315898,0.919797490448952,0.485989631275252,0.534190504516774
"087046","SANT'ALFIO",0.648596258156513,0.667956061687552,0.92901000157841,0.68534954408767,0.712422928253308
"087047","SANTA MARIA DI LICODIA",0.568573923743845,0.573741277814243,0.932420460897488,0.607283886790889,0.643410172802733
"087048","SANTA VENERINA",0.544247018149667,0.537126575383382,0.928126056635397,0.579430722753412,0.618174648740299
"087049","SCORDIA",0.522729060549065,0.519869056647192,0.931927601253089,0.562361912863625,0.603424767129121
"087050","TRECASTAGNI",0.497548785135931,0.463235709317517,0.930124820993351,0.525365504603387,0.57033876198005
"087051","TREMESTIERI ETNEO",0.455309182031452,0.403617302463076,0.924459877321286,0.478962905754666,0.528462569262068
"087052","VALVERDE",0.521633561068843,0.496765214611249,0.928828156328971,0.551162264688938,0.593125141537831
"087053","VIAGRANDE",0.511532606844504,0.477336018372724,0.925501773398573,0.53754105868761,0.580647804766606
"087054","VIZZINI",0.58028164856162,0.587171232049424,0.928117004316562,0.618165496706626,0.65260455310773
"087055","ZAFFERANA ETNEA",0.539168309138229,0.52655337678799,0.925373999704861,0.572112158637285,0.61136347431146
"087056","MAZZARRONE",0.621430552787249,0.64558469365987,0.927067667088079,0.662863627610012,0.692219631996464
"087057","MANIACE",0.579848272128405,0.630081575178666,0.936771631922808,0.638145594480463,0.67132626530739
"087058","RAGALNA",0.567914272261007,0.555811846453675,0.925457573674271,0.598222510789034,0.634581962220727
"088001","ACATE",0.570467700803813,0.584511808568667,0.93503385583053,0.613244164800669,0.648998574915098
"088002","CHIARAMONTE GULFI",0.564319633920488,0.572406116830257,0.931938198636556,0.604720407701491,0.641077940027609
"088003","COMISO",0.478039909496914,0.462012828740168,0.922347918181886,0.515258524024876,0.56049067893121
"088004","GIARRATANA",0.608602572362898,0.626013546878801,0.934457726986295,0.649023026357394,0.680737993093938
"088005","ISPICA",0.501618326939318,0.48233847435502,0.921424174624872,0.534922978044939,0.57786755544271
"088006","MODICA",0.418761833447006,0.379031703825342,0.911446353884459,0.450151727161003,0.501406685685831
"088007","MONTEROSSO ALMO",0.621069462961041,0.637110667031533,0.929537551139665,0.659134813610625,0.689179562224963
"088008","POZZALLO",0.5062893906512,0.495573160811812,0.935513956458472,0.544389543804202,0.587847811876899
"088009","RAGUSA",0.389772972163692,0.338100371518226,0.903920697028341,0.417935074359697,0.471933476878436
"088010","SANTA CROCE CAMERINA",0.536995191026163,0.533880856047531,0.926289507114577,0.57452317189462,0.613608320252393
"088011","SCICLI",0.473558992843798,0.452800621140692,0.922515018839824,0.509113328177003,0.555046849361761
"088012","VITTORIA",0.440883213270704,0.42027005128662,0.915310698513387,0.479050038902134,0.527523445525607
"089001","AUGUSTA",0.451314074945072,0.418945773968087,0.934323944776327,0.485049326488554,0.534968728520529
"089002","AVOLA",0.469439111807884,0.442613667732786,0.925008751287342,0.502924625922035,0.549822862073736
"089003","BUCCHERI",0.634086776731705,0.650653625909404,0.926476359436526,0.670780817132151,0.699191432943749
"089004","BUSCEMI",0.644056413371239,0.692102113548228,0.934587630786473,0.694730100192407,0.721380936925081
"089005","CANICATTINI BAGNI",0.557723763451299,0.556812657781661,0.929733505385334,0.594514740093365,0.631761269570251
"089006","CARLENTINI",0.500702165500125,0.481535900266128,0.930299892117438,0.535037118806558,0.578955204729989
"089007","CASSARO",0.666207470701682,0.718944169687751,0.932681298106934,0.716586367985938,0.74059691577716
"089008","FERLA",0.63324995753384,0.665035486172691,0.938034473035688,0.678031896971508,0.70692107208975
"089009","FLORIDIA",0.493168699553636,0.474546009785347,0.927265126927148,0.528198131895257,0.572538909121023
"089010","FRANCOFONTE",0.563852542254247,0.577037190183649,0.935089800754544,0.606909359672508,0.643373853126067
"089011","LENTINI",0.503282858999335,0.494315621133832,0.931499597143984,0.542069275774324,0.585339311482064
"089012","MELILLI",0.533414261531893,0.531301980163273,0.946464286793537,0.573768737442178,0.615179354036774
"089013","NOTO",0.48807635121868,0.469180435795373,0.930762609851746,0.523841815141499,0.56905523677597
"089014","PACHINO",0.505472668896637,0.499627615555579,0.92642491865399,0.544937619868896,0.587325097511684
"089015","PALAZZOLO ACREIDE",0.535242670185768,0.520106445788045,0.922125875959413,0.567119689784157,0.606564821581408
"089016","ROSOLINI",0.49738523778013,0.480222527874553,0.923782862975387,0.532301780842146,0.575799678856951
"089017","SIRACUSA",0.367642676684108,0.311165474785362,0.90063724298972,0.395527392460234,0.451650709185732
"089018","SOLARINO",0.55367214895305,0.552071188855429,0.932953299268501,0.590879831940666,0.628887994977092
"089019","SORTINO",0.554710060163602,0.555564650924407,0.937857462049985,0.593409366194603,0.631681376845201
"089020","PORTOPALO DI CAPO PASSERO",0.618548372536535,0.642218426784561,0.931633122362856,0.660508371930779,0.69063334420101
"089021","PRIOLO GARGALLO",0.548333395889503,0.551208669130236,0.944513578268188,0.589245287085702,0.628719541661533
"090001","AGGIUS",0.630521439490044,0.639971116778533,0.924891220114697,0.664210772332329,0.69317526653037
"090002","ALÀ DEI SARDI",0.674900259966123,0.721818042829438,0.946242675852905,0.723147503843293,0.747935856288805
"090003","ALGHERO",0.425387151184953,0.38137444489525,0.914544600915203,0.454497178327611,0.505613558615122
"090004","ANELA",0.649505721109125,0.681951543382829,0.924416687578705,0.69159743777925,0.717466243312523
"090005","ARDARA",0.668945947296526,0.725547507530088,0.943037254579237,0.7218257801299,0.746404832846493
"090006","ARZACHENA",0.503457180467185,0.4904799534645,0.929237093357654,0.540195419605024,0.583422272244205
"090007","BANARI",0.690613555110347,0.750914977230522,0.9390563650272,0.742593476056111,0.764422685941788
"090008","BENETUTTI",0.643324256455698,0.667742804822181,0.928727775656574,0.682852955140703,0.710172379642466
"090009","BERCHIDDA",0.633543957989736,0.658684597642041,0.937288423171681,0.675231692351468,0.704349106887047
"090010","BESSUDE",0.735029813719826,0.774038634583657,0.933078277582958,0.772388629494863,0.790243034837985
"090011","BONNANARO",0.655192263072969,0.707123741826315,0.941774033328348,0.707219605537513,0.733281208625383
"090012","BONO",0.6133635010732,0.627097577711917,0.934184747883793,0.651625960241682,0.683021381090805
"090013","BONORVA",0.617069869928088,0.639983276614887,0.936932752007821,0.65936719114512,0.690207809018754
"090014","BORTIGIADAS",0.695611447984318,0.743124058332219,0.938256925457338,0.741256670388175,0.763145587618082
"090015","BORUTTA",0.740470325906577,0.768646297780064,0.907733643969534,0.769875845055942,0.785193378268563
"090016","BOTTIDDA",0.661362305933086,0.709350340886934,0.938196313294257,0.710640322398434,0.735924321386859
"090017","BUDDUSÒ",0.624860847251389,0.653957556976355,0.943129077997347,0.669781189702219,0.700153177290567
"090018","BULTEI",0.649336573644555,0.693152297244855,0.933540287957156,0.69747402069595,0.723703605947196
"090019","BULZI",0.741914577154494,0.792056817242222,0.933642893990709,0.783651416877593,0.800317136556829
"090020","BURGOS",0.64995723389448,0.695359898487182,0.932875841481007,0.698680293719848,0.724702021248866
"090021","CALANGIANUS",0.578879048144278,0.585834182755523,0.926542147355043,0.616775168640415,0.651193721830929
"090022","CARGEGHE",0.716741332699148,0.744743014172617,0.934985138810114,0.751166469973306,0.771590766510729
"090023","CASTELSARDO",0.574719474763832,0.583555464221726,0.927921459007857,0.614015868444287,0.648894267395795
"090024","CHEREMULE",0.724720894632685,0.756847347779043,0.92266678058053,0.75897238714333,0.777160653080797
"090025","CHIARAMONTI",0.664302888411019,0.699230566828682,0.936684289106449,0.70725848376851,0.73275023991717
"090026","CODRONGIANOS",0.620250351921863,0.660291974333741,0.937073415613714,0.669951388376393,0.699631613624984
"090027","COSSOINE",0.715537579601529,0.75612734439249,0.934057505791069,0.755654966376415,0.775477470755821
"090028","ESPORLATU",0.740021817510895,0.784750009489695,0.931503231944713,0.779297645344737,0.796209377189179
"090029","FLORINAS",0.659196462817593,0.689124604205072,0.939536027360144,0.700698082896214,0.727235632281095
"090030","GIAVE",0.686377452897334,0.743534894199821,0.938899155687404,0.73735047176246,0.759744769976343
"090031","ILLORAI",0.71264077920484,0.752570782579556,0.936279205832998,0.752973123386278,0.773340465880358
"090032","ITTIREDDU",0.732477264910513,0.774272432154274,0.926359237286354,0.77067328740779,0.787971726283186
"090033","ITTIRI",0.562967188542571,0.570522574389608,0.938880771925088,0.603958470511989,0.641172059557889
"090034","LAERRU",0.656859723814358,0.710102705143801,0.933685247615286,0.7085016177927,0.733522021106321
"090035","LA MADDALENA",0.516441640827815,0.501036021115209,0.930990278862788,0.550963975760639,0.593189120549767
"090036","LUOGOSANTO",0.649993385336621,0.683706054468963,0.93568423976999,0.693733171889512,0.720616623876231
"090037","LURAS",0.636710778750876,0.665297199478124,0.936498573742026,0.679553447577253,0.708102906040005
"090038","MARA",0.689800333221389,0.74915686265967,0.937411731469891,0.741271911293465,0.763065224646401
"090039","MARTIS",0.720637689656843,0.780045043821927,0.941523004284185,0.769459530493865,0.788577694248345
"090040","MONTELEONE ROCCA DORIA",0.776147150585161,0.850914495452312,0.944208065450084,0.826598547261871,0.839666271505006
"090041","MONTI",0.634445304080766,0.664388522695619,0.940979615167602,0.678573183566134,0.707729453744075
"090042","MORES",0.622217592484659,0.670633809789759,0.936348063360962,0.675417937359584,0.704410173581959
"090043","MUROS",0.678036326154649,0.703556433642961,0.935231816852752,0.7152399235942,0.739683467289594
"090044","NUGHEDU SAN NICOLÒ",0.659243750970263,0.710439230572399,0.933988626448742,0.709756204339072,0.734670917906813
"090045","NULE",0.682064679785706,0.722143431605724,0.93730984950853,0.725624635076997,0.749145214458278
"090046","NULVI",0.634909472444413,0.66200437270999,0.938020464511223,0.677413276770603,0.706369630964006
"090047","OLBIA",0.406870915100452,0.36397136678686,0.913141952602153,0.438193222109506,0.490965303275356
"090048","OLMEDO",0.59890094973914,0.602237275656383,0.93361728829253,0.633873930257238,0.667178747816715
"090049","OSCHIRI",0.611962475412804,0.636640382537299,0.941260213110013,0.655997307388548,0.687693185802044
"090050","OSILO",0.609820983703851,0.628928532648061,0.935596846801809,0.650996967038541,0.682619175901126
"090051","OSSI",0.582653154246097,0.596385897891626,0.940609786737049,0.62462855213568,0.659737578202499
"090052","OZIERI",0.528708556958189,0.514252238760413,0.92668205453359,0.56200056352673,0.602520729194159
"090053","PADRIA",0.67277176977194,0.720767132497011,0.931365330336777,0.720229039054706,0.743688626974936
"090054","PALAU",0.571892353744492,0.574155669370443,0.930185240774224,0.608740134479143,0.644456257400819
"090055","PATTADA",0.612589035585884,0.625283036716573,0.93140291084075,0.650182723620181,0.681429411089133
"090056","PERFUGAS",0.629597942460349,0.64908371672387,0.92925694919012,0.668332441551911,0.697324053511712
"090057","PLOAGHE",0.576256340394277,0.57501093023911,0.933336681324141,0.611403939917438,0.647174244518183
"090058","PORTO TORRES",0.495198017170099,0.482735877498188,0.935166123325402,0.53358686493327,0.578206782532396
"090059","POZZOMAGGIORE",0.59650068226267,0.640065660245581,0.932506052951751,0.649705459423888,0.68112774759365
"090060","PUTIFIGARI",0.654071781262637,0.697646182855607,0.94253132649913,0.702526216503123,0.729193450947124
"090061","ROMANA",0.748361823475507,0.804291334539373,0.943538649089226,0.793047786015618,0.809768993023797
"090062","AGLIENTU",0.653756654169892,0.676656762474586,0.927761239099507,0.691462161399965,0.717717614477692
"090063","SANTA TERESA GALLURA",0.565035515963491,0.565805293431482,0.922766908017343,0.601155055029472,0.636889705361458
"090064","SASSARI",0.345762729811844,0.274699969125714,0.888415022403763,0.368049716762278,0.425868084055776
"090065","SEDINI",0.64035663979779,0.693671729012807,0.941083623841857,0.694421128348954,0.72182807229261
"090066","SEMESTENE",0.808028168555708,0.884592519348723,0.931258193142376,0.854805128871232,0.863299913790248
"090067","SENNORI",0.575656888797958,0.587573215063612,0.9355877662151,0.617012323359217,0.652409594787648
"090068","SILIGO",0.655303088179622,0.702254846395651,0.935121728082156,0.704413243367089,0.730047519446541
"090069","SORSO",0.520754772620931,0.515204255828357,0.933154157095005,0.55949697851168,0.601014442798717
"090070","TEMPIO PAUSANIA",0.498945981114161,0.479198963548594,0.922397271338515,0.532404952232091,0.575737432132805
"090071","THIESI",0.607780621043933,0.615566644340764,0.936023591541839,0.644108628577298,0.676543624462247
"090072","TISSI",0.607150786554842,0.608207081713246,0.931193331492014,0.640030373869841,0.672381813605638
"090073","TORRALBA",0.679326489515121,0.714561017275304,0.942521955273887,0.72150157358308,0.746059393770947
"090074","TRINITÀ D'AGULTU E VIGNOLA",0.612394446864805,0.624436073253627,0.924714434067871,0.649045177460082,0.679675094860947
"090075","TULA",0.633059352168579,0.683086285725589,0.936783749462955,0.685943911998671,0.713815005050259
"090076","URI",0.625326211008353,0.645437850339619,0.939434313610969,0.665787258967684,0.696192487261382
"090077","USINI",0.600694651257383,0.612281587328152,0.940097982624103,0.639849105625901,0.673210091959034
"090078","VILLANOVA MONTELEONE",0.645390793698604,0.6737461630193,0.939104925190332,0.68752212304209,0.715475767725228
"090079","VALLEDORIA",0.599877111772948,0.618584353466413,0.933363306311693,0.641643989988882,0.674057247358083
"090080","TELTI",0.635834088429407,0.658309470643544,0.939042215453372,0.676268823128165,0.705465866719855
"090081","BADESI",0.637386265525082,0.659541208816812,0.931978640782326,0.676815227532085,0.705166717893223
"090082","VIDDALBA",0.655092153567039,0.688905788610567,0.934549548269135,0.698254028806836,0.724509086524869
"090083","GOLFO ARANCI",0.606341914199676,0.618967876510798,0.942207504628367,0.64561015628255,0.678565417209863
"090084","LOIRI PORTO SAN PAOLO",0.585030377861511,0.58948438182419,0.939084850830994,0.622440126941665,0.657622874040479
"090085","SANT'ANTONIO DI GALLURA",0.667792143727527,0.70824945728869,0.936884065509393,0.712907127008237,0.737793453508366
"090086","TERGU",0.659742177376009,0.704418466625383,0.923692780298367,0.706241567830463,0.73040281366023
"090087","SANTA MARIA COGHINAS",0.666371944144123,0.704513652079264,0.934827493867314,0.710381267687255,0.735319737262817
"090088","ERULA",0.729828116226775,0.783697578743527,0.936794872519583,0.774766049988594,0.792769252492037
"090089","STINTINO",0.621039690183619,0.627329096054501,0.927287923580407,0.654494746165195,0.684805099211329
"090090","PADRU",0.625764105831884,0.683696703257503,0.946889573508878,0.683946321441112,0.713162238337531
"090091","BUDONI",0.556294671249243,0.554114939399367,0.924283331497776,0.592112657941652,0.629020510558999
"090092","SAN TEODORO",0.550856151052534,0.541484654111683,0.925660476488616,0.584119409972759,0.62206841736341
"091001","ARITZO",0.631305461020946,0.676227202127733,0.932838775073344,0.68167357592424,0.70958082027414
"091002","ARZANA",0.613563814245076,0.624858733399615,0.932636544003197,0.650553800840431,0.681896327858516
"091003","ATZARA",0.657711224220473,0.672615554755253,0.917175527716854,0.690364603310762,0.715565817133661
"091004","AUSTIS",0.655142900554169,0.698503532611986,0.934713550479904,0.702612249972761,0.728401283362443
"091005","BARI SARDO",0.594874455450848,0.606076645609223,0.9355195852996,0.633979954006992,0.667484357483948
"091006","BAUNEI",0.600840162971611,0.613894884820503,0.931376508247919,0.639768422331243,0.67216932076643
"091007","BELVÌ",0.67490128918047,0.727035616743147,0.933234413591135,0.724195049024741,0.747421645087674
"091008","BIRORI",0.677997001442935,0.728588501698136,0.946472377550308,0.727610714168512,0.75192867676649
"091009","BITTI",0.598019003788286,0.605028477943524,0.929847981994568,0.634356164978771,0.667188589091638
"091010","BOLOTANA",0.632868364919218,0.656478471214617,0.93701817557877,0.673907893818103,0.703142369569288
"091011","BORORE",0.634602351756761,0.660363869751417,0.935542881668757,0.676289087845556,0.705095064937022
"091012","BORTIGALI",0.627847726414086,0.671522450883288,0.934657312826716,0.67818231106649,0.706679533484293
"091016","DESULO",0.640784440557093,0.670282699293786,0.933582755435017,0.683338488476397,0.711143407027355
"091017","DORGALI",0.543112041623146,0.539587924984076,0.924397857270269,0.579654770700277,0.617959558096943
"091018","DUALCHI",0.695621867105046,0.761075628329423,0.944446581721494,0.74995853111766,0.771568314518086
"091019","ELINI",0.66683769585129,0.707037965519287,0.931643805038937,0.711408428120654,0.735879025556019
"091024","FONNI",0.591928001697906,0.60022895120227,0.927804030437881,0.629251031848867,0.662423587247646
"091025","GADONI",0.729632506909959,0.780204322969825,0.931358741118897,0.772562447557793,0.790206480175693
"091026","GAIRO",0.692128288539219,0.728538926116202,0.937650606302812,0.733065307225221,0.755797007122731
"091027","GALTELLÌ",0.638253365636856,0.66669778649936,0.934432500543196,0.680671268515617,0.708866960963125
"091028","GAVOI",0.610333337244766,0.618692993679391,0.92838033930199,0.64589988284607,0.677286600230061
"091031","GIRASOLE",0.631131334721278,0.64367297121716,0.927173688000226,0.66637930647232,0.695356459975421
"091032","ILBONO",0.632301769080986,0.653736448270964,0.935332403679625,0.67225043817634,0.701481767676705
"091033","IRGOLI",0.609850073499236,0.659687231820183,0.938450799390593,0.665136867332798,0.695505082005886
"091035","JERZU",0.590641768227014,0.593970531993786,0.93162430639166,0.626237965738526,0.660169781366652
"091037","LANUSEI",0.557050170584113,0.549243005399291,0.926182188626618,0.590450148055193,0.627753708118685
"091038","LEI",0.678714200249573,0.729172234731056,0.934175958629706,0.726966491604254,0.749989765718193
"091039","LOCERI",0.658234871916793,0.69073212537581,0.938982673607225,0.700933416142394,0.727383333638486
"091040","LOCULI",0.702554602441891,0.76509155056161,0.941952626587627,0.754636031510338,0.775448986518926
"091041","LODÈ",0.660463173390068,0.707600358470484,0.945962899399713,0.71022487927722,0.736417992624163
"091042","LOTZORAI",0.625553450599381,0.643203911735999,0.9324028374934,0.664181096800261,0.693983512432832
"091043","LULA",0.664612401389367,0.701909828934532,0.937126341834977,0.708647637829252,0.734034160496555
"091044","MACOMER",0.519315755006628,0.504030700240295,0.928859736504193,0.553391878511534,0.595110529399608
"091046","MAMOIADA",0.643200821599621,0.669268097370335,0.935739019115199,0.684184915448,0.712135371411022
"091047","MEANA SARDO",0.659996876455078,0.687493352926059,0.938196298148207,0.700190233036333,0.726635351382096
"091050","NORAGUGUME",0.777050674819246,0.847538806050033,0.93996224639907,0.825061491031082,0.837828241627526
"091051","NUORO",0.41967306332528,0.365852399820914,0.914201314797228,0.44490658989551,0.497050448217923
"091055","OLIENA",0.570123827383793,0.572797795691244,0.934829429931016,0.607797673376869,0.644134535216218
"091056","OLLOLAI",0.660837464660196,0.689061015625543,0.926402532307812,0.700094569359364,0.725239898575858
"091057","OLZAI",0.658159572071038,0.708068167706064,0.936108146922305,0.708413297591926,0.733712725295302
"091058","ONANÌ",0.689280287399281,0.739347977322339,0.916014353005112,0.73448415442524,0.75465417648967
"091059","ONIFAI",0.730423450489945,0.783639985017572,0.942634396642398,0.775591985642622,0.794152253531486
"091060","ONIFERI",0.661065408139585,0.714257749973882,0.944183765232101,0.71331379767427,0.738966016291807
"091061","ORANI",0.611301658445964,0.620744980938522,0.928733465954673,0.647294334318486,0.678565348944729
"091062","ORGOSOLO",0.618027695037964,0.639048802410605,0.935409526885005,0.659225376540356,0.689912504356428
"091063","OROSEI",0.558625915874104,0.562760271711619,0.93159894674558,0.597783679088133,0.634874264383405
"091064","OROTELLI",0.653818675231167,0.68492015773386,0.938775665361524,0.696310041370415,0.723250666258316
"091066","ORTUERI",0.653068410875388,0.704779904410184,0.930733930751048,0.704105134953612,0.729286112264439
"091067","ORUNE",0.646566420775251,0.674985752063439,0.93368813559196,0.688067291336606,0.715358496253868
"091068","OSIDDA",0.740197672159748,0.801891821354816,0.930347533091795,0.786975025390733,0.802905304024185
"091069","OSINI",0.673936364612456,0.729842561882465,0.934405327076318,0.725141049630346,0.748392636013232
"091070","OTTANA",0.646332360361376,0.674510429965703,0.94065061970034,0.68844431761722,0.7164672400709
"091071","OVODDA",0.652814517386054,0.681594830398625,0.934261374207128,0.693910343923819,0.720616013955297
"091072","PERDASDEFOGU",0.606349954586118,0.64639655852137,0.943717997228524,0.658107730621222,0.6898422046887
"091073","POSADA",0.605717171047319,0.615726350973532,0.93205282491203,0.642854867400586,0.674987973790747
"091077","SARULE",0.629540681094607,0.676089755484837,0.93587290274403,0.681120986735153,0.709426755180584
"091083","SILANUS",0.603781076514997,0.64061760144631,0.933613915201594,0.653340796602747,0.684482254224842
"091084","SINDIA",0.652260784484239,0.679298834176033,0.93339411351818,0.69254123974894,0.719302670167745
"091085","SINISCOLA",0.525616331498584,0.516233854487876,0.925609330947297,0.561393516788637,0.601861940584044
"091086","SORGONO",0.633224190512919,0.640004583430633,0.925541146190831,0.665507062893682,0.694399738815587
"091088","TALANA",0.649858264358883,0.7008091674451,0.937010454739969,0.70150138978579,0.727669063669587
"091089","TERTENIA",0.604145369397758,0.62657315715134,0.936651177787128,0.647488454725807,0.679617646177065
"091090","TETI",0.659285300561885,0.705031142200111,0.931293688490331,0.707071768091931,0.731985314802865
"091091","TIANA",0.677362263907118,0.72838420853784,0.927899741184129,0.725375886718644,0.747878537214809
"091093","TONARA",0.638373174173047,0.654033126706572,0.932473605486062,0.674830195944434,0.70345724144906
"091094","TORPÈ",0.636581753679417,0.666088969126119,0.935731762913829,0.679775001553874,0.70821464170498
"091095","TORTOLÌ",0.504503634008356,0.481053689515393,0.924032191179567,0.535904014703644,0.579029367645413
"091097","TRIEI",0.714752107726702,0.765708016719797,0.944055832307266,0.760612639231651,0.780995216240053
"091098","ULASSAI",0.638946471200468,0.645959156551736,0.925509876154652,0.670758520103957,0.699064226331812
"091099","URZULEI",0.657277701929784,0.6804501152678,0.927527167759223,0.694730234514835,0.720596560430878
"091100","USSASSAI",0.727282905980824,0.782244552646451,0.941041636776336,0.773391520059907,0.792019310806177
"091101","VILLAGRANDE STRISAILI",0.6015289122737,0.599969954672582,0.92348794651694,0.633023284777521,0.665297136081901
"091103","CARDEDU",0.623866055025451,0.637732438572994,0.930489034907814,0.660768225610081,0.690737204420941
"091104","LODINE",0.695936519192565,0.746103284920268,0.928092569027295,0.741727168753504,0.762434435450592
"092003","ASSEMINI",0.471128000966949,0.446455957176253,0.929359612108339,0.505848742375275,0.552905505678949
"092009","CAGLIARI",0.307720239209461,0.210707841450723,0.873405120945536,0.320633148391636,0.382052256453181
"092011","CAPOTERRA",0.469555379531019,0.439184769550923,0.9323261518696,0.502165682273834,0.549961290006697
"092015","DECIMOMANNU",0.547659258747865,0.53880913118572,0.938667890591082,0.582777564529221,0.62232093409165
"092037","MARACALAGONIS",0.562327785802525,0.570204102629877,0.938237310847227,0.603463080879304,0.640660217542406
"092050","PULA",0.55842889165875,0.56297181446168,0.939375393291863,0.59856785708338,0.636435361106545
"092051","QUARTU SANT'ELENA",0.394194174368334,0.341978369263085,0.91085869576082,0.42236351421022,0.476640756604731
"092066","SARROCH",0.589392831089861,0.605487601213824,0.949212802187501,0.632617474755408,0.667794733358974
"092068","SELARGIUS",0.435760206978414,0.38822868909391,0.921778531674753,0.462972856400021,0.51395126476388
"092074","SESTU",0.484322234556522,0.455738930633496,0.926832200363882,0.515710744371896,0.561390906148784
"092075","SETTIMO SAN PIETRO",0.558543599860446,0.555557782027207,0.937864438715281,0.595132065720972,0.633213440498117
"092080","SINNAI",0.498830335102845,0.481018941034611,0.931171704263458,0.534049344688201,0.578174051307674
"092090","UTA",0.56199298966558,0.565518088041915,0.940146307122049,0.601394615680578,0.639033692507408
"092099","VILLA SAN PIETRO",0.647417606516707,0.674693576388394,0.950361022564442,0.68998613456374,0.718916677674929
"092105","QUARTUCCIU",0.505318338671443,0.48036385034457,0.928198111383622,0.536376796195568,0.57991249788313
"092108","ELMAS",0.518087383802803,0.493016330686396,0.932615610981133,0.548258232618253,0.590964607991906
"092109","MONSERRATO",0.476464745164841,0.445534160724079,0.924580959352933,0.507357603585307,0.553715754226155
"093001","ANDREIS",0.762382789687782,0.820444282848748,0.94366122329687,0.806638304971126,0.821863073673986
"093002","ARBA",0.648655506800254,0.670713763849795,0.940464342568914,0.687762606049414,0.715840576773803
"093004","AVIANO",0.525436141236967,0.511615035306434,0.937150118055382,0.560388041250069,0.602250494228437
"093005","AZZANO DECIMO",0.492783370201457,0.472265683899676,0.942461777078087,0.528518252053319,0.574511977056071
"093006","BARCIS",0.698846957873032,0.748598276088517,0.934884950727509,0.744838850355448,0.765955083730122
"093007","BRUGNERA",0.535996602492938,0.530119763026551,0.946567037816686,0.574409068265439,0.615759953771133
"093008","BUDOIA",0.580369561815523,0.572032449483378,0.93802418684548,0.612383323769053,0.648565641888656
"093009","CANEVA",0.554314500857584,0.555442664207559,0.946613196893818,0.594052043968696,0.633225505404821
"093010","CASARSA DELLA DELIZIA",0.531876295853682,0.518515725017659,0.941068212989036,0.566783230691007,0.608370450946344
"093011","CASTELNOVO DEL FRIULI",0.632517283051052,0.676450707806294,0.938384618960337,0.68287405778184,0.711264120135006
"093012","CAVASSO NUOVO",0.606688682539354,0.647947505517857,0.946882943859537,0.659274579011699,0.691231063994792
"093013","CHIONS",0.563682399150789,0.560563576441962,0.944156947252906,0.600326383742029,0.638529779687682
"093014","CIMOLAIS",0.718324830047534,0.76862519647803,0.945811418781992,0.763708653814703,0.783942294366624
"093015","CLAUT",0.645823752704099,0.698373725632302,0.944014586700812,0.699290323921462,0.726481908674723
"093016","CLAUZETTO",0.685656794218088,0.741643992570525,0.942971556637918,0.736582509718668,0.759514626043029
"093017","CORDENONS",0.466380949648496,0.432784447214453,0.93556664431883,0.49818109302021,0.546779487608946
"093018","CORDOVADO",0.592645859392311,0.590344658969678,0.943270170795024,0.626672750342397,0.6618502415038
"093019","ERTO E CASSO",0.672699345059431,0.713263374858216,0.935948163098665,0.717278040272808,0.741574720586792
"093020","FANNA",0.637876614504982,0.661417514539588,0.952515992442537,0.67993395731431,0.710220850106335
"093021","FIUME VENETO",0.503876841403757,0.485052034458501,0.943997891879289,0.539417783325945,0.584371128720761
"093022","FONTANAFREDDA",0.504615384985608,0.484094037522493,0.945689386678071,0.539488178796452,0.584621646338854
"093024","FRISANCO",0.652553167580378,0.694037505910256,0.939209006226244,0.69988670369341,0.726478070641502
"093025","MANIAGO",0.506724627223748,0.488112373219722,0.9384354167798,0.541520191877542,0.585621883533348
"093026","MEDUNO",0.632858579145223,0.655360685572284,0.942484214553909,0.673947090578269,0.703784548797784
"093027","MONTEREALE VALCELLINA",0.58123494322251,0.584091654467889,0.94268341739033,0.618665310699712,0.654667322554225
"093028","MORSANO AL TAGLIAMENTO",0.616015145101861,0.637011081999254,0.947986602714976,0.658660462466999,0.690807811383441
"093029","PASIANO DI PORDENONE",0.546419851082357,0.545956509653764,0.94638792246714,0.586208154577968,0.626228128787876
"093030","PINZANO AL TAGLIAMENTO",0.608744207466029,0.6506483129011,0.943605096789082,0.661087143844116,0.692478027504668
"093031","POLCENIGO",0.580686167969292,0.574254625921147,0.939262355244633,0.613649592775161,0.649828788605102
"093032","PORCIA",0.478471074894603,0.448922933557274,0.941003417478123,0.511427645551157,0.559158286876376
"093033","PORDENONE",0.379945805671312,0.312385271955134,0.913532120774656,0.402902197009366,0.45963885520551
"093034","PRATA DI PORDENONE",0.540453148466238,0.536693147101523,0.949834547895589,0.579699287795051,0.620825427806222
"093035","PRAVISDOMINI",0.604786251125689,0.621969518671268,0.950063367244109,0.647046433133041,0.680714981367605
"093036","ROVEREDO IN PIANO",0.529010699168661,0.503744069926413,0.94072961180833,0.558812607273616,0.601247829999696
"093037","SACILE",0.462476373562103,0.42841769290607,0.935795092345078,0.494481839145186,0.543516645056285
"093038","SAN GIORGIO DELLA RICHINVELDA",0.574374757461196,0.582449563502428,0.933743087473318,0.613945253180963,0.649478345880113
"093039","SAN MARTINO AL TAGLIAMENTO",0.625535946609192,0.637469343873111,0.932566871739613,0.661609067890998,0.691715490540844
"093040","SAN QUIRINO",0.558362370452534,0.551968317562124,0.943896886752325,0.594038498281829,0.632911652556328
"093041","SAN VITO AL TAGLIAMENTO",0.476352459401234,0.444699610025264,0.935007801873721,0.507974211429296,0.555422388145344
"093042","SEQUALS",0.615079383657759,0.627367365024883,0.945338667158761,0.653634903623065,0.686046432904809
"093043","SESTO AL REGHENA",0.545589397078774,0.537939750713006,0.943525222045328,0.581940638710834,0.622116703525778
"093044","SPILIMBERGO",0.496588926264301,0.473945888913798,0.936166608580422,0.530357327688187,0.575447247787324
"093045","TRAMONTI DI SOPRA",0.753343398213568,0.808763009248677,0.941977743962859,0.797145657754296,0.81323811177747
"093046","TRAMONTI DI SOTTO",0.663313727719469,0.698303766049933,0.921836252788742,0.704911497475105,0.729014248065509
"093047","TRAVESIO",0.632028286314298,0.647340360964434,0.941300749605854,0.669845966236015,0.700007608832664
"093049","VITO D'ASIO",0.640121709350065,0.684250349085085,0.94101487202522,0.690068913498339,0.717951797779104
"093050","VIVARO",0.616927211074109,0.658425416490636,0.946965496485342,0.668605232052669,0.699534150322966
"093051","ZOPPOLA",0.533508882130931,0.526813097592041,0.943641679486264,0.571509058823964,0.612857127786442
"093052","VAJONT",0.597150212347405,0.634094793823382,0.942604925466253,0.64832074532348,0.681018987561566
"093053","VALVASONE ARZENE",0.573139695065681,0.57679752645399,0.941705144182418,0.611642264102094,0.648315917444352
"094001","ACQUAVIVA D'ISERNIA",0.680820595704411,0.720729651155515,0.933816518678113,0.724079262954778,0.747383402479593
"094002","AGNONE",0.549378106413523,0.533427994253417,0.921361604429172,0.57939890574304,0.61739476115261
"094003","BAGNOLI DEL TRIGNO",0.677722957957677,0.735640607261662,0.933647565306516,0.729378360879354,0.752074939149039
"094004","BELMONTE DEL SANNIO",0.720082077469326,0.786505616459554,0.953397785249307,0.773304240792926,0.793314634621413
"094005","CANTALUPO NEL SANNIO",0.661712565353865,0.677687450839991,0.915757173488871,0.694305724636122,0.718911441175317
"094006","CAPRACOTTA",0.658630491766892,0.67742822200839,0.927034497686215,0.693929870967499,0.719830385047356
"094007","CAROVILLI",0.627556550308418,0.631139811946857,0.918856812768574,0.658299044291731,0.687249907455825
"094008","CARPINONE",0.612802043801483,0.634585339100003,0.911069137001586,0.652431236005827,0.681168780560911
"094009","CASTEL DEL GIUDICE",0.679085406443344,0.705772257686668,0.931183367188797,0.716304285577385,0.740179739089764
"094010","CASTELPETROSO",0.645202502688269,0.658314636682066,0.923171385347019,0.678899851251352,0.706041132817538
"094011","CASTELPIZZUTO",0.752953034345622,0.810536678716526,0.928043802368912,0.796374751114858,0.811004645698642
"094012","CASTEL SAN VINCENZO",0.708972074765565,0.748402083112884,0.936301313865224,0.749448502431824,0.770209925924424
"094013","CASTELVERRINO",0.81950621143869,0.906891446554597,0.945503413655364,0.871429287462516,0.879659745928388
"094014","CERRO AL VOLTURNO",0.631315283573596,0.672239940137858,0.928859436982328,0.679485794368387,0.707193976881047
"094015","CHIAUCI",0.761042802662484,0.806057631301403,0.929365578107806,0.79813175309453,0.812713289207116
"094016","CIVITANOVA DEL SANNIO",0.652600634185191,0.699610705787782,0.927719191193887,0.701267022107226,0.726428374227967
"094017","COLLI A VOLTURNO",0.617090012110071,0.608716528432094,0.911217953104343,0.642734738554409,0.672566206837735
"094018","CONCA CASALE",0.804967530190549,0.887833800728771,0.94984587799205,0.856745186712899,0.867089707966138
"094019","FILIGNANO",0.680099167830252,0.703493506365275,0.921135767684119,0.714730280156399,0.737664223215035
"094020","FORLÌ DEL SANNIO",0.670141451091904,0.685301768690745,0.919468502513655,0.701896299153558,0.72607098841579
"094021","FORNELLI",0.628317582542997,0.643317500661141,0.926607364403978,0.66489652388226,0.693975506162451
"094022","FROSOLONE",0.61538525393485,0.627339528945693,0.927768990719507,0.652003051368195,0.682643711296118
"094023","ISERNIA",0.443602660850248,0.390166718122955,0.914244344151112,0.466620654953053,0.516356620419504
"094024","LONGANO",0.707924712911572,0.736743508123821,0.917339157768855,0.741834615242812,0.761335119967928
"094025","MACCHIA D'ISERNIA",0.654199271083861,0.677825773819752,0.932841255173725,0.692695395723998,0.71937826899619
"094026","MACCHIAGODENA",0.655515892817263,0.685358471077771,0.927935444840321,0.696187008236797,0.721936834526078
"094027","MIRANDA",0.649606894008221,0.694151606337354,0.938417558541629,0.698533081009671,0.725186911846556
"094028","MONTAQUILA",0.600984568570451,0.601161516514955,0.926360199173618,0.633601758205795,0.666130473868886
"094029","MONTENERO VAL COCCHIARA",0.683323728188776,0.694739300042091,0.902847647053775,0.710413127409267,0.731794740703102
"094030","MONTERODUNI",0.59965095417168,0.590341015927498,0.918027857661034,0.627299172310734,0.659602359571878
"094031","PESCHE",0.606856802880723,0.583711705300365,0.919400235984401,0.62769585227993,0.660107450469315
"094032","PESCOLANCIANO",0.674233963406459,0.703863883157664,0.933345631513937,0.713478594105249,0.737908264928436
"094033","PESCOPENNATARO",0.684988999398373,0.711279012199442,0.923905036994062,0.720711108918423,0.743288212037938
"094034","PETTORANELLO DEL MOLISE",0.654793185013581,0.683291628625626,0.910261932854582,0.693164359423101,0.717286312026599
"094035","PIETRABBONDANTE",0.717232478617866,0.753750367961549,0.927739522953122,0.754716233256049,0.773941043222391
"094036","PIZZONE",0.661520847163637,0.683764987703225,0.901701629958707,0.695548788685959,0.718454659938486
"094037","POGGIO SANNITA",0.699257891031067,0.765016464352329,0.939336654387307,0.752857125361259,0.773577073030819
"094038","POZZILLI",0.602755829909672,0.603608834418346,0.929167158319683,0.635780814779577,0.668379297395144
"094039","RIONERO SANNITICO",0.657449367210194,0.677049127416471,0.920208319550903,0.692545154537089,0.717841061760847
"094040","ROCCAMANDOLFI",0.706544371373952,0.739219580848357,0.920441035492207,0.74263788204926,0.762393787987365
"094041","ROCCASICURA",0.661463687590036,0.700171494517449,0.916745578116656,0.704410389760034,0.728003188466325
"094042","ROCCHETTA A VOLTURNO",0.646499221462977,0.659426256596435,0.924691596673291,0.680135624794065,0.707308510558423
"094043","SAN PIETRO AVELLANA",0.659315560967863,0.695219673993375,0.914789065634526,0.70101976229601,0.7247719071114
"094044","SANT'AGAPITO",0.636465010029854,0.637392839427344,0.923814166945125,0.665617448950252,0.694305973171905
"094045","SANTA MARIA DEL MOLISE",0.65918347893732,0.70157424231566,0.930239490176289,0.70536492358147,0.73035098653645
"094046","SANT'ANGELO DEL PESCO",0.711865060606918,0.772500525018064,0.937808819187391,0.761745395449981,0.781307998087471
"094047","SANT'ELENA SANNITA",0.725386023496012,0.779292226418815,0.933148591608904,0.770420071622563,0.788501018287712
"094048","SCAPOLI",0.667920118244009,0.718031245481274,0.92398401895785,0.716076515572162,0.739177349281683
"094049","SESSANO DEL MOLISE",0.661244995631383,0.710408174873575,0.929423899610169,0.710186316688248,0.734546048124017
"094050","SESTO CAMPANO",0.623676713500436,0.640623715580547,0.938219302093586,0.662757123295801,0.69336403205111
"094051","VASTOGIRARDI",0.646895959916531,0.683605933604876,0.92692430489311,0.691418282573944,0.717585618387185
"094052","VENAFRO",0.495849223639119,0.459348007010578,0.919428282681865,0.52178158206055,0.565964548796252
"095001","ABBASANTA",0.60373982077706,0.606947489217114,0.93205565970255,0.638014855467633,0.670686055938179
"095002","AIDOMAGGIORE",0.692377509505019,0.75040183567837,0.933301719064592,0.742580877238984,0.763772081886274
"095003","ALBAGIARA",0.702983786750977,0.748534647261994,0.925850344920824,0.745768329797919,0.765777442589353
"095004","ALES",0.654551338121496,0.68253905591689,0.932579002746182,0.694948577591892,0.721351958164591
"095005","ALLAI",0.68981791591154,0.740595383212172,0.932432005472006,0.736929185152871,0.758651720743886
"095006","ARBOREA",0.599820414154182,0.612346012072771,0.941423202667749,0.639617212068904,0.673151211024331
"095007","ARDAULI",0.657825118072192,0.705077320716256,0.933064060454032,0.706612503500205,0.731773787606186
"095008","ASSOLO",0.778760754704684,0.851273821474526,0.953349208023601,0.828850480083005,0.842683672076404
"095009","ASUNI",0.712940486077943,0.770253632440302,0.930331815767723,0.760470534909983,0.779344010560843
"095010","BARADILI",0.821313224396253,0.906521473758411,0.936595496935397,0.871185163863138,0.878452978648945
"095011","BARATILI SAN PIETRO",0.633266481806454,0.681045390513103,0.933552625168012,0.684795605060602,0.712435273961425
"095012","BARESSA",0.682959914820629,0.738759288515661,0.932205939752441,0.732994235476575,0.755128869285004
"095013","BAULADU",0.668909039709989,0.718174731665659,0.938874683916079,0.718075165510649,0.742608445333475
"095014","BIDONÌ",0.790491082430148,0.854687621373278,0.917635697003003,0.832093986411842,0.841598620921971
"095015","BONARCADO",0.66892736663397,0.706655922731123,0.936807272871768,0.712693207501468,0.737594770320391
"095016","BORONEDDU",0.804283714944349,0.881357360544461,0.937573873283084,0.852295871298273,0.861771204852141
"095017","BUSACHI",0.635775390770073,0.679226915178757,0.93170606724734,0.684921644401707,0.712342135829
"095018","CABRAS",0.552158324207897,0.556327820411157,0.931789291634057,0.59199769424198,0.629752316174433
"095019","CUGLIERI",0.619712682533723,0.633646991992113,0.926764248947189,0.656688278431345,0.686696719599772
"095020","FORDONGIANUS",0.661899422700695,0.720299222770069,0.940391618873727,0.716028552349216,0.740957781963051
"095021","GHILARZA",0.585064060990433,0.589908733609562,0.935590968031996,0.622296854373197,0.657107311446397
"095022","GONNOSCODINA",0.675119595510943,0.718548460108014,0.928179978089108,0.719968622837442,0.743103217865404
"095023","GONNOSNÒ",0.702428723341172,0.74889815787511,0.939645365140974,0.747061633061424,0.768459825514708
"095024","GONNOSTRAMATZA",0.673379050669033,0.732290005754006,0.943665148803638,0.726917590270731,0.751000652329943
"095025","MARRUBIU",0.597526038706406,0.615428015261765,0.939469884979136,0.63977631278359,0.673075598583095
"095026","MASULLAS",0.65945836917234,0.715339239460953,0.943524440104864,0.713011367895468,0.73862393147429
"095027","MILIS",0.630900115694567,0.677909149579455,0.935964616220464,0.682560630995356,0.710716629353702
"095028","MOGORELLA",0.751390156901792,0.809552116116553,0.936264440709227,0.796050466929178,0.811629797349183
"095029","MOGORO",0.60078510884479,0.620943799616019,0.935823975583919,0.643360406365756,0.675856358501107
"095030","MORGONGIORI",0.677059445965016,0.735985664691814,0.940119286288564,0.72988222842443,0.753241901520445
"095031","NARBOLIA",0.640506408184182,0.6582991324213,0.92920124499206,0.677382617771673,0.705362465240605
"095032","NEONELI",0.67243871356653,0.724817966570356,0.936963551776387,0.722461861239237,0.746295382410032
"095033","NORBELLO",0.62864611390306,0.667211337017015,0.936207447237157,0.676756597637749,0.705584469815461
"095034","NUGHEDU SANTA VITTORIA",0.697803813720811,0.761676308011398,0.941537211864212,0.750919775965915,0.772099491065726
"095035","NURACHI",0.63550600755433,0.660649645388859,0.933077123029584,0.676577756127393,0.705077685783192
"095036","NURECI",0.733349193939199,0.796903661211961,0.935599507516958,0.782173735569718,0.799221043563855
"095037","OLLASTRA",0.70572765377712,0.750538021701784,0.943758451682537,0.749695399133761,0.771257960528069
"095038","ORISTANO",0.426026259871545,0.374455316715218,0.915611875065291,0.451777896970573,0.503315005647764
"095039","PALMAS ARBOREA",0.655861363924301,0.683030328938294,0.942913437029715,0.696792605491139,0.724139364550981
"095040","PAU",0.731195940615748,0.801202509096097,0.943794322641598,0.78395873463449,0.801718244413058
"095041","PAULILATINO",0.634375269329117,0.652013172714369,0.932837561906667,0.672158555110236,0.701122889198728
"095042","POMPU",0.757300150624906,0.836048202460121,0.94996244979049,0.812003003867311,0.827331831192109
"095043","RIOLA SARDO",0.65045348424661,0.682819498540198,0.937822152170104,0.693755057471074,0.720873623548744
"095044","RUINAS",0.68681760069628,0.748314730846719,0.938865747170917,0.739696123911441,0.761826082051383
"095045","SAMUGHEO",0.628639156133,0.657704300269098,0.937199742998467,0.672574529680791,0.701977331160533
"095046","SAN NICOLÒ D'ARCIDANO",0.656771321880687,0.695720204779558,0.947750128295925,0.703396199826703,0.730546636323283
"095047","SANTA GIUSTA",0.571482594364086,0.575410727079225,0.936590084055908,0.609761003055081,0.646075345388506
"095048","VILLA SANT'ANTONIO",0.760937795416252,0.823323723501662,0.934898281314541,0.806407511644515,0.820684263830074
"095049","SANTU LUSSURGIU",0.631996410772505,0.650264969328174,0.92866845065713,0.669884466111019,0.698638242171698
"095050","SAN VERO MILIS",0.615389942176666,0.633107631543993,0.931231349293603,0.654947043103657,0.685645299346984
"095051","SCANO DI MONTIFERRO",0.63336037157305,0.632872434666561,0.913097326529729,0.661114495460798,0.68911258780179
"095052","SEDILO",0.620688312669478,0.632606764532986,0.928282016978796,0.656810986438988,0.686974434276745
"095053","SENEGHE",0.649771268205285,0.682141096989926,0.938091865408779,0.693169750878722,0.72038331915984
"095054","SENIS",0.748192052269821,0.799437594036501,0.925666295556687,0.788999970393513,0.804185117633866
"095055","SENNARIOLO",0.764296502629598,0.827474243520673,0.936448703665414,0.809941706134163,0.823998039193191
"095056","SIAMAGGIORE",0.666669398034273,0.695089051110477,0.9291554025742,0.705706842372558,0.73053446017274
"095057","SIAMANNA",0.663823430555789,0.717798032410135,0.946711214360032,0.716400779770669,0.741990828058376
"095058","SIMALA",0.694840717660303,0.734710649409772,0.928435162545765,0.73614163143611,0.757507579337183
"095059","SIMAXIS",0.638309854620613,0.663174053832311,0.937116462914206,0.679379405095237,0.708016855964011
"095060","SINI",0.687274717515564,0.735843420036041,0.929447009183671,0.733347862816589,0.755136656857376
"095061","SIRIS",0.792743790719852,0.876514242030955,0.942293578270373,0.845395472564901,0.856161928754397
"095062","SOLARUSSA",0.645356894907479,0.672051595378921,0.938556277935805,0.686689448422461,0.714674651701721
"095063","SORRADILE",0.714887422344988,0.777547800678292,0.938877278586349,0.765483578219111,0.784749544926582
"095064","TADASUNI",0.803052060347289,0.874016360330301,0.937597889384035,0.848440578243319,0.858346946147843
"095065","TERRALBA",0.550575382180669,0.559465129094266,0.93913120153808,0.593431350227529,0.63184244481759
"095066","TRAMATZA",0.658546319988532,0.717297050832834,0.945115774927056,0.71364109436232,0.739360503313958
"095067","TRESNURAGHES",0.670189784759284,0.70148506344678,0.936057217436249,0.710859403436354,0.735881382769675
"095068","ULÀ TIRSO",0.74727008912845,0.804872563156242,0.940020233623258,0.792466216890438,0.808861107638529
"095069","URAS",0.636266302801538,0.660069116773258,0.9368509408879,0.677036032897448,0.705904356007498
"095070","USELLUS",0.703442220033931,0.755691586871301,0.937918644375419,0.750402077544896,0.771237251637176
"095071","VILLANOVA TRUSCHEDU",0.760650164419168,0.815563026597773,0.937500751300757,0.803046011087699,0.817985426666928
"095072","VILLAURBANA",0.658125346833112,0.693400421230332,0.936211596107783,0.701807755239328,0.727852626446934
"095073","VILLA VERDE",0.715175241122369,0.773365264034652,0.9310451776407,0.76294774508473,0.781625237590948
"095074","ZEDDIANI",0.631520298988795,0.675276983186659,0.934073927937957,0.68146616977275,0.709533698457773
"095075","ZERFALIU",0.66014309242195,0.718368424743568,0.947219681127865,0.715052150837269,0.74084854309178
"095076","SIAPICCIA",0.777167471871125,0.859206547944177,0.958899360227554,0.832258244939642,0.846329479971632
"095077","CURCURIS",0.724748392999602,0.792040979679189,0.946105069803423,0.777165724685798,0.795936763032201
"095078","SODDÌ",0.826328087641839,0.914599811516772,0.947984801491938,0.878216034770569,0.885968119961832
"095079","BOSA",0.547494652082953,0.542439922286215,0.928781106658495,0.583348669131975,0.621730051079366
"095080","FLUSSIO",0.700115524438714,0.757156192913842,0.93860593441085,0.749632866249735,0.770629873823192
"095082","LACONI",0.607593447619928,0.646353670388831,0.931494141018146,0.657425617205756,0.687877675407133
"095083","MAGOMADAS",0.664641827577344,0.706573788331951,0.936385735839543,0.710685600743137,0.735763393531627
"095084","MODOLO",0.739703012564265,0.79437640609726,0.937382493209492,0.784073987718635,0.801108266106508
"095085","MONTRESTA",0.719039231438572,0.790380699069901,0.948861435020097,0.774125112230823,0.793540259207409
"095086","SAGAMA",0.735049994153222,0.784022101442169,0.936909230144898,0.777273366032416,0.795010684267136
"095087","SUNI",0.67905270094118,0.71101483366502,0.93381063461237,0.718911454034027,0.742789140764954
"095088","TINNURA",0.707799971837297,0.75713042622489,0.934106584958088,0.752629337623793,0.772793476216492
"096001","AILOCHE",0.763447461343688,0.825496120169789,0.962353764254279,0.811259988106493,0.828048185456247
"096002","ANDORNO MICCA",0.601596174386586,0.614926183920725,0.94502069023896,0.641937130262186,0.675613081370716
"096003","BENNA",0.648667241616845,0.670397259033087,0.946608486157176,0.688239873908187,0.716947497491408
"096004","BIELLA",0.409600557489952,0.362839545548728,0.924810287691198,0.440079075136526,0.493938098753712
"096005","BIOGLIO",0.671958101676113,0.707314364854734,0.950026148534478,0.715675224792329,0.741714216319234
"096006","BORRIANA",0.64153069541063,0.684448704305516,0.956234665444938,0.69231419641676,0.721638692975446
"096007","BRUSNENGO",0.628453315155013,0.653887007505196,0.952384662902592,0.672291611487353,0.703413061644602
"096008","CALLABIANA",0.774895761612756,0.828380418783209,0.939006195949977,0.815374900773182,0.829111711348382
"096009","CAMANDONA",0.688219184585804,0.73045562622628,0.938426670660763,0.732246331931514,0.755155258456986
"096010","CAMBURZANO",0.648981152963886,0.670079926465982,0.947387384750139,0.688316224218455,0.717101908721975
"096012","CANDELO",0.539799813541919,0.535436272356006,0.946502511215869,0.578506489775653,0.619394936602344
"096013","CAPRILE",0.780917662789933,0.847003671149541,0.957161208678261,0.828280721140589,0.842600775311442
"096014","CASAPINTA",0.677134382595457,0.724564739783985,0.949572899160669,0.725721894986816,0.750594228783911
"096015","CASTELLETTO CERVO",0.647953330647792,0.695417389546556,0.947196993333661,0.699236523420823,0.726787686744472
"096016","CAVAGLIÀ",0.585590819098764,0.588745447300783,0.942547873637792,0.622706107243575,0.658244081287377
"096018","CERRIONE",0.596442829070468,0.608533441842115,0.948616401815922,0.637100962092255,0.671713788728218
"096019","COGGIOLA",0.646734128805695,0.678750825856806,0.955374675210096,0.692005697119135,0.72126891690702
"096020","COSSATO",0.506886339040135,0.500028103249441,0.948118222584238,0.547923321288733,0.592389421432678
"096021","CREVACUORE",0.655242639106175,0.694911536410821,0.959178580085643,0.703487236991213,0.731897386223927
"096023","CURINO",0.672867692831611,0.71882121476402,0.938759350737471,0.720135943491781,0.744427433185747
"096024","DONATO",0.686216178410801,0.721936748221799,0.946545930915262,0.728323410076196,0.752570356836093
"096025","DORZANO",0.662494674405764,0.706793452699927,0.948773340423912,0.711056991239952,0.737469918927059
"096026","GAGLIANICO",0.583207091132468,0.588256219827487,0.946900426916057,0.621848532623585,0.657965409767193
"096027","GIFFLENGA",0.737810827872498,0.776027641771731,0.951978374679468,0.77642514880785,0.795931062793585
"096028","GRAGLIA",0.633083878169837,0.658522303416292,0.946732415500815,0.67589602326384,0.705988955734615
"096030","MAGNANO",0.664216986173266,0.681207155242454,0.924719730424438,0.697912836679518,0.723113602651176
"096031","MASSAZZA",0.662744077580269,0.705432841519828,0.946025948954092,0.710282208490453,0.736475957430857
"096032","MASSERANO",0.623618766375823,0.641197603252486,0.944436419107012,0.66361100824344,0.694813831672726
"096033","MEZZANA MORTIGLIENGO",0.685344198713271,0.709280973664796,0.93451677510095,0.721033005080225,0.744753423971417
"096034","MIAGLIANO",0.666518068372742,0.714451552921179,0.945313304895127,0.715967660071777,0.741450509496594
"096035","MONGRANDO",0.58761184083164,0.602087543350859,0.947594405732243,0.630124163455349,0.665398634819448
"096037","MOTTALCIATA",0.653834558363519,0.687038506035138,0.95748855469217,0.699141734448613,0.727846936697897
"096038","MUZZANO",0.651593183213162,0.654585064525069,0.941244569938067,0.681904668476011,0.710720213082906
"096039","NETRO",0.640925215635672,0.686876295146048,0.947046792935596,0.692215359145334,0.720529962899807
"096040","OCCHIEPPO INFERIORE",0.578407111938101,0.579786084771935,0.943775453358141,0.61556448385533,0.652032369355642
"096041","OCCHIEPPO SUPERIORE",0.588640208284163,0.589440955071207,0.94195681838716,0.624332205348633,0.65962382901958
"096042","PETTINENGO",0.635316654531103,0.650734796682535,0.940461303539556,0.672769283400093,0.702512841193367
"096043","PIATTO",0.671308770979677,0.72181104296889,0.957741164080525,0.722678032684908,0.748796158395532
"096044","PIEDICAVALLO",0.706863104297182,0.743767977697813,0.92985422865598,0.745769409763346,0.766223278529194
"096046","POLLONE",0.583559894567954,0.569479189451807,0.942487721152039,0.613116359924096,0.649713177838312
"096047","PONDERANO",0.578885283884128,0.581770253423442,0.945401840150758,0.616835175803482,0.65334258295318
"096048","PORTULA",0.632266210480624,0.678476809955167,0.956722340317272,0.685506593227833,0.715641676237771
"096049","PRALUNGO",0.608572984978396,0.619041097546033,0.941769409136115,0.646603278049604,0.679399514836994
"096050","PRAY",0.640305293475968,0.665710755879926,0.954582623162386,0.683165484526391,0.713322944374835
"096053","RONCO BIELLESE",0.616627192232343,0.619144178183905,0.93924621516166,0.650021738203478,0.682157791198831
"096054","ROPPOLO",0.648554477036156,0.662495078870595,0.930995701204148,0.683071870278453,0.71061896260353
"096055","ROSAZZA",0.73592879569573,0.77793298292007,0.934223071504284,0.774660107527538,0.792389325747177
"096056","SAGLIANO MICCA",0.624619953909369,0.634024166562817,0.934889829774664,0.65987883718995,0.690435614143807
"096057","SALA BIELLESE",0.653883413775859,0.694635714045311,0.937675065357199,0.700601114055246,0.726942664199908
"096058","SALUSSOLA",0.638040296235047,0.66360842264578,0.95433656000325,0.681175579496697,0.711526799552981
"096059","SANDIGLIANO",0.609998174829022,0.62527353577626,0.953062824999803,0.651178552272357,0.684721249242074
"096063","SORDEVOLO",0.624875600943091,0.632295314197251,0.941987816992788,0.659925693512433,0.691265929454694
"096064","SOSTEGNO",0.661698381750581,0.678377691195981,0.944858090392946,0.697520041865247,0.725002047257214
"096065","STRONA",0.635032989904929,0.678303804694712,0.949960124559217,0.68599757002576,0.7153267427517
"096066","TAVIGLIANO",0.646655378785475,0.659143360018945,0.936893264496511,0.68129875891164,0.70969814842107
"096067","TERNENGO",0.703413639924394,0.752460248094619,0.945315707975309,0.749674820406086,0.771412696802667
"096068","TOLLEGNO",0.604968263350493,0.622691165602594,0.948990302925742,0.647345773321463,0.680861832166383
"096069","TORRAZZO",0.710041759298005,0.757990942160586,0.950816989338119,0.755696414590178,0.77737647845106
"096071","VALDENGO",0.589915119042082,0.594342748888888,0.949650485710449,0.627881089139982,0.663633244314478
"096072","VALLANZENGO",0.723709650692084,0.784255279125111,0.953779774885661,0.773962195906304,0.79394192690401
"096074","VALLE SAN NICOLAO",0.672463041852683,0.70825832570387,0.949636148342947,0.716288230234744,0.742215776691211
"096075","VEGLIO",0.690852780371068,0.745092365277291,0.953814712769763,0.741556786818738,0.765141000813296
"096076","VERRONE",0.647938915080657,0.668169312389422,0.951653754071977,0.687414077768733,0.716774041802427
"096077","VIGLIANO BIELLESE",0.534251447970718,0.528004205649789,0.943945776273038,0.572409621756532,0.61369141670281
"096078","VILLA DEL BOSCO",0.694067685058514,0.747242530805564,0.944205534454211,0.743010150584256,0.765365193236473
"096079","VILLANOVA BIELLESE",0.797982571842179,0.881397901676442,0.969062681539766,0.852627481237356,0.865564725715402
"096080","VIVERONE",0.631907987424995,0.642926358733233,0.942750825346666,0.667950538305869,0.698483903532624
"096081","ZIMONE",0.671392743363156,0.714484845610425,0.939501456223997,0.717595060660511,0.742251326834232
"096082","ZUBIENA",0.655476109249293,0.692815075725784,0.952606133075707,0.701991646546355,0.729837700605172
"096083","ZUMAGLIA",0.645088021505344,0.660331046594172,0.940394693323869,0.681478049977169,0.71024656590458
"096085","LESSONA",0.605568061811299,0.619183610546376,0.953682716501873,0.646506524211141,0.680637212243445
"096086","CAMPIGLIA CERVO",0.672114058269562,0.684570931418396,0.923855943950688,0.70289383975465,0.727445184665321
"096087","QUAREGNA CERRETO",0.613376117717036,0.625037339312757,0.95025708267315,0.652311763930722,0.685416799346547
"096088","VALDILANA",0.537169419091055,0.541244240327744,0.954260049186742,0.580712151657134,0.622217473604868
"097001","ABBADIA LARIANA",0.566703141431842,0.552925526947785,0.943365576981566,0.598169458468989,0.636524582748164
"097002","AIRUNO",0.595285760736324,0.596874840635963,0.948700745724557,0.631342345189985,0.666604389693826
"097003","ANNONE DI BRIANZA",0.60185139175693,0.606699775004847,0.952696363970009,0.6391176614398,0.673959739498712
"097004","BALLABIO",0.5641287844618,0.553111015338751,0.944107549540745,0.597168664864323,0.635717429828369
"097005","BARZAGO",0.606112564273754,0.612340648924808,0.952023146608776,0.64350626060023,0.67778591460118
"097006","BARZANÒ",0.553780920062793,0.549663741692842,0.960109565224955,0.592561054312531,0.633399777747245
"097007","BARZIO",0.624996919254155,0.632787701214524,0.940297392868457,0.660032818497751,0.691173326761163
"097008","BELLANO",0.561398584747007,0.552811358548155,0.939168868992504,0.595311361382074,0.633517751116566
"097009","BOSISIO PARINI",0.581474326172554,0.582495299688361,0.957137409357246,0.619500072573136,0.657015332215815
"097010","BRIVIO",0.571465721744982,0.570891746044841,0.954961843851937,0.609557044890614,0.647935355886317
"097011","BULCIAGO",0.598512362057823,0.607593693568486,0.954085041147978,0.638156229146637,0.673259430480119
"097012","CALCO",0.538536179658751,0.52094822514279,0.95044770639438,0.571812752800132,0.613883303199493
"097013","CALOLZIOCORTE",0.506310901103411,0.491814177955172,0.947024590141257,0.543858744590488,0.588654949651685
"097014","CARENNO",0.636852080232373,0.652967487684913,0.948559854861908,0.675274791048969,0.705639798139296
"097015","CASARGO",0.677160015116542,0.713416629611502,0.946057103744917,0.720365200502112,0.745442078640201
"097016","CASATENOVO",0.483400570783179,0.452482695568122,0.946754906283334,0.515822960486419,0.563704287797187
"097017","CASSAGO BRIANZA",0.572964546524213,0.574020228341828,0.952907477741604,0.611433896463879,0.649375405494737
"097018","CASSINA VALSASSINA",0.683336589706279,0.712776881481218,0.945984670173739,0.722849529051748,0.747642322509747
"097019","CASTELLO DI BRIANZA",0.587953889852291,0.588338300107103,0.954865765563505,0.624818062038078,0.661490029096459
"097020","CERNUSCO LOMBARDONE",0.555401374852226,0.538877929996558,0.949697516388781,0.587395438820831,0.62765122521727
"097021","CESANA BRIANZA",0.60666416841747,0.617552128619538,0.960287939526238,0.646926127619278,0.681744106720051
"097022","CIVATE",0.573533172234998,0.572453862388377,0.951802076915386,0.610874373272057,0.648755229232427
"097023","COLICO",0.519022448196108,0.499704545286788,0.944762982062097,0.552903445273513,0.596443393805578
"097024","COLLE BRIANZA",0.615181581550983,0.61938001105706,0.95758595858619,0.651311312532238,0.685341828760455
"097025","CORTENOVA",0.66779532074155,0.702419615751309,0.965725326405796,0.713169254062366,0.741231039878302
"097026","COSTA MASNAGA",0.567636182913945,0.565627550198221,0.953796740801053,0.60534835398058,0.644064841405077
"097027","CRANDOLA VALSASSINA",0.71120204693378,0.764490381672732,0.955926969609062,0.759654289833837,0.781462365364417
"097028","CREMELLA",0.622512585939248,0.635109447252638,0.954477047893579,0.661377619725707,0.69394422285547
"097029","CREMENO",0.612770930701662,0.614992250562876,0.942040356838143,0.646697467252856,0.679513343873444
"097030","DERVIO",0.597175107977829,0.606278854687447,0.955434944001043,0.637097777599479,0.672468573866319
"097031","DOLZAGO",0.599426880636892,0.607699644383481,0.95581415238821,0.638788351497989,0.674013440485791
"097032","DORIO",0.676052090773855,0.717832293385878,0.935914619046518,0.720839434776532,0.744736677473197
"097033","ELLO",0.626269192302749,0.634284398010157,0.960700013431465,0.663319116983954,0.696361438811456
"097034","ERVE",0.657876735766806,0.707185462141616,0.956840507277591,0.709962039786549,0.737392980618887
"097035","ESINO LARIO",0.675537621114076,0.71257699752804,0.949454678192801,0.719597046208232,0.745136783095407
"097036","GALBIATE",0.50934649894437,0.485349535894118,0.947976355392353,0.542410851216555,0.587473685013866
"097037","GARBAGNATE MONASTERO",0.604387399583066,0.616191207719146,0.961521164475708,0.645412489733566,0.680535675816027
"097038","GARLATE",0.591009794819946,0.586866951805176,0.952774560016966,0.625321991983002,0.661705610653442
"097039","IMBERSAGO",0.571287264451962,0.558095443337517,0.951737964301307,0.603396014935396,0.642100675976053
"097040","INTROBIO",0.611746502062735,0.622984896692299,0.948217473935178,0.650450876833283,0.683536054289049
"097042","LECCO",0.38979559470121,0.323655059113996,0.92167830612666,0.413220624829509,0.469715922751414
"097043","LIERNA",0.59129320924605,0.587812885994948,0.944107873101745,0.625008530168624,0.660464012716748
"097044","LOMAGNA",0.540930781615022,0.518984779528832,0.955990546383844,0.572561057153119,0.615164333734311
"097045","MALGRATE",0.543530544169177,0.519049702133539,0.947352425515351,0.572896353387757,0.614502583624157
"097046","MANDELLO DEL LARIO",0.498248632526531,0.472957841946821,0.940322955366433,0.531075209049652,0.576547180862627
"097047","MARGNO",0.697336441521164,0.728137187247443,0.930846943789298,0.734547827324803,0.756358840265303
"097048","MERATE",0.464662293165677,0.422320509550635,0.941922424172053,0.493334503639545,0.543177605920935
"097049","MISSAGLIA",0.518010757048497,0.500129526665605,0.952258360467647,0.55338896371811,0.59770778557917
"097050","MOGGIO",0.684339210741361,0.710596038469765,0.942385666398864,0.721959428784893,0.746451232964223
"097051","MOLTENO",0.588151173107943,0.600370456110643,0.965806500915891,0.631415383239953,0.668569951870612
"097052","MONTE MARENZO",0.622875394461454,0.636267566607643,0.957761354108063,0.6623904678919,0.695209455249251
"097053","MONTEVECCHIA",0.559517313196148,0.529705939208511,0.958358910959508,0.585986354678047,0.627361083153765
"097054","MONTICELLO BRIANZA",0.559614515824602,0.557913088789717,0.953349855341994,0.598222407610643,0.637681012914127
"097055","MORTERONE",0.845679012345679,0.919724831488725,0.94781871572613,0.889213601298095,0.895725280678987
"097056","NIBIONNO",0.594611292093239,0.604308149078811,0.953444437324129,0.634858192259835,0.670256663933646
"097057","OGGIONO",0.516767210652413,0.500124084845608,0.953858134024809,0.55298689637659,0.59752814500417
"097058","OLGIATE MOLGORA",0.529644309420889,0.512558291564269,0.946523381508127,0.563643508594134,0.606185716695689
"097059","OLGINATE",0.548068694276263,0.545080386154338,0.951738995024684,0.587090985696239,0.627607431177177
"097060","OLIVETO LARIO",0.624358389522252,0.63060087900766,0.941985755744112,0.658930246412872,0.690380858560787
"097061","OSNAGO",0.546713363917422,0.529800388226412,0.950851597978482,0.579516348262573,0.62077582045323
"097062","PADERNO D'ADDA",0.564050086254446,0.556189203782278,0.952229450858719,0.599330625602398,0.638541606186434
"097063","PAGNONA",0.776624021415424,0.857675693581124,0.960702846520579,0.831505156400504,0.845860455302735
"097064","PARLASCO",0.755167227896995,0.826873894854833,0.965980078090894,0.808516513047412,0.82601246471891
"097065","PASTURO",0.631398730911905,0.651680165707844,0.949438055742823,0.672329309053169,0.703119169796464
"097067","PERLEDO",0.664968515407396,0.689157754194558,0.941561528250538,0.703512974145934,0.72996281349089
"097068","PESCATE",0.600848918974839,0.598153260928863,0.951547404464163,0.634705721403082,0.669910352854313
"097069","PREMANA",0.626312950055357,0.649110082518389,0.950098734759673,0.668950238134153,0.700188959981433
"097070","PRIMALUNA",0.623325291664924,0.644538799035368,0.955823202313511,0.666121161046482,0.698310276742819
"097071","ROBBIATE",0.532287641386257,0.516394904570906,0.951695910720907,0.567076736752814,0.609812200527047
"097072","ROGENO",0.592195813227675,0.594600535284884,0.956276301844411,0.629685987015093,0.665973799773906
"097074","SANTA MARIA HOÈ",0.603951173768194,0.602727973486463,0.949656662540919,0.637971282518688,0.672602991410047
"097075","SIRONE",0.619679512060061,0.633468136347662,0.963092388233911,0.660225680606867,0.693877537009872
"097076","SIRTORI",0.568210878774009,0.554910674655359,0.950683114708228,0.600473010514039,0.639385244313393
"097077","SUEGLIO",0.759233382412642,0.800346610340475,0.930505271346027,0.794861523873506,0.809933051370452
"097078","SUELLO",0.633133334281495,0.646492711219457,0.963758010542861,0.672207521529714,0.704602020308953
"097079","TACENO",0.668790406354406,0.721771976706501,0.953980169225358,0.721151089299944,0.747020987069434
"097082","VALGREGHENTINO",0.582668750061899,0.583446629197826,0.957381040084045,0.620490024675281,0.657922359720699
"097083","VALMADRERA",0.512634307603053,0.497116619454555,0.951186674310089,0.549506584606933,0.594137705685061
"097084","VARENNA",0.644397914601105,0.645474161652618,0.997994113682913,0.680241845682467,0.715547653238072
"097086","VERCURAGO",0.591302525253602,0.59306300631965,0.951136454121205,0.628078134620084,0.663973503453542
"097090","VIGANÒ",0.601227517235658,0.603191906137266,0.95498185307249,0.637486925825065,0.672764139963668
"097091","VERDERIO",0.545511633805931,0.533920901171386,0.95368982974256,0.581113623714049,0.622510979939439
"097092","LA VALLETTA BRIANZA",0.55790202093016,0.553075159939755,0.952385875912431,0.595178318982705,0.634868047530452
"097093","VALVARRONE",0.684838571978975,0.741721670883014,0.953096409547607,0.737261750242656,0.761243379054317
"098001","ABBADIA CERRETO",0.755851963855695,0.808189559632781,0.950250977939461,0.79884378336376,0.815666804983283
"098002","BERTONICO",0.669736954303717,0.703778790448934,0.958872677958205,0.713969352934513,0.741180833492701
"098003","BOFFALORA D'ADDA",0.62658496487455,0.637362582291898,0.954311674132564,0.664207563638158,0.696441353693092
"098004","BORGHETTO LODIGIANO",0.578951693947898,0.578511535879565,0.946479781073385,0.615506431529697,0.652281248145662
"098005","BORGO SAN GIOVANNI",0.618456537887376,0.627282448328351,0.954085238728033,0.65599106766988,0.689112642231897
"098006","BREMBIO",0.611259379087643,0.626095694475284,0.955944602036977,0.652404243307015,0.686130949832566
"098008","CASALETTO LODIGIANO",0.596630852412556,0.605091786199938,0.955761012457302,0.636351288621353,0.671841257936458
"098009","CASALMAIOCCO",0.579254545392508,0.573393612537491,0.955563627808779,0.614248033849378,0.652171988733755
"098010","CASALPUSTERLENGO",0.490836474044989,0.468674666252742,0.946533051162472,0.526433318250226,0.573111066351587
"098011","CASELLE LANDI",0.646868598319847,0.67856926665726,0.958068708601183,0.692253910099817,0.72178888771108
"098012","CASELLE LURANI",0.611989316498496,0.62627495899057,0.954298156206042,0.652648739590684,0.686165341436835
"098013","CASTELNUOVO BOCCA D'ADDA",0.63360379028764,0.652371199259401,0.946960326796652,0.673384777975834,0.703782061178147
"098014","CASTIGLIONE D'ADDA",0.576477970249636,0.582106865418237,0.954623458960852,0.616825521946628,0.654358626059319
"098015","CASTIRAGA VIDARDO",0.593969427047289,0.597806980247806,0.956840186766922,0.631983401959485,0.668078600271422
"098017","CAVENAGO D'ADDA",0.624754721824282,0.646438788001385,0.956387990445891,0.667675878466139,0.699755002019445
"098018","CERVIGNANO D'ADDA",0.61858480252709,0.630544927585178,0.961914410293362,0.658299819579857,0.69203477410358
"098019","CODOGNO",0.481368234920875,0.451491015270651,0.944585762555425,0.514245238841729,0.562060852587695
"098020","COMAZZO",0.620247080130284,0.636282468515597,0.957053926791223,0.661143689569769,0.694022604816597
"098021","CORNEGLIANO LAUDENSE",0.580249927717834,0.573416040008739,0.953115731151919,0.61446125859215,0.652089533321013
"098022","CORNO GIOVINE",0.655256975289739,0.672585415727095,0.946713236430978,0.692200399600673,0.720479603692929
"098023","CORNOVECCHIO",0.723011829188927,0.775800809927345,0.954028630617558,0.769868550664078,0.790330781770021
"098024","CORTE PALASIO",0.635414808136017,0.653639439791245,0.948072365915371,0.674881648158805,0.705236172353979
"098025","CRESPIATICA",0.635977646416588,0.661541419794746,0.960113477474832,0.679894927542584,0.7110303219795
"098026","FOMBIO",0.605665309997896,0.6096676687906,0.9517653907484,0.642076379529663,0.676486269665078
"098027","GALGAGNANO",0.642988295535864,0.657371103163962,0.954297658697907,0.680591495284712,0.711003291219512
"098028","GRAFFIGNANA",0.607766110918694,0.614694831039902,0.948706957569855,0.644978119638354,0.678725768297409
"098029","GUARDAMIGLIO",0.609668861273866,0.616793382223338,0.949375665039134,0.646845576077655,0.680460030406709
"098030","LIVRAGA",0.616421586762858,0.634844228795524,0.956744046257481,0.65874402162702,0.691855135474849
"098031","LODI",0.395912692222711,0.33219279649909,0.926775053418574,0.420324975266668,0.476597206172436
"098032","LODI VECCHIO",0.554073789635349,0.552594947460293,0.951603120593489,0.593161243752388,0.632988118956955
"098033","MACCASTORNA",0.82148742807532,0.902249357231018,0.959751330971327,0.871656686484985,0.881444980316801
"098034","MAIRAGO",0.645096089362999,0.661553614970964,0.955096148859556,0.683501981836239,0.713679111505496
"098035","MALEO",0.607017387543001,0.61941069851035,0.954267632086664,0.647319401932674,0.681424760838673
"098036","MARUDO",0.632309551458003,0.650478885361725,0.95496957128763,0.672751753697641,0.704109288985417
"098037","MASSALENGO",0.57454260859693,0.578978665741142,0.954830318274279,0.614567605279561,0.652374573390085
"098038","MELETI",0.675165677335966,0.721871381525167,0.955870678036705,0.72425374429118,0.749988959151794
"098039","MERLINO",0.622299504604571,0.637389855012544,0.956596395956174,0.662519851423319,0.695195023038081
"098040","MONTANASO LOMBARDO",0.593822604361307,0.591797212922791,0.957003961159989,0.629229313893843,0.665648719145637
"098041","MULAZZANO",0.567176839400781,0.567511395277438,0.959571873755021,0.6065668929807,0.645789668622291
"098042","ORIO LITTA",0.620128071662197,0.633479268441814,0.949892508297871,0.659112553876592,0.691421437701179
"098043","OSPEDALETTO LODIGIANO",0.619757938967846,0.625808859499959,0.945145023667449,0.655019561677257,0.687255724120612
"098044","OSSAGO LODIGIANO",0.647302503370124,0.673094560369756,0.955016735492058,0.689680352232152,0.719162172594364
"098045","PIEVE FISSIRAGA",0.613413908951679,0.62133633464482,0.951981968773332,0.650835806495758,0.684296491193266
"098046","SALERANO SUL LAMBRO",0.613450387205768,0.628777873721034,0.955148967080808,0.654517614125142,0.687921097786882
"098047","SAN FIORANO",0.619570924390489,0.63272097200251,0.961961590176828,0.659727512394533,0.693309076592565
"098048","SAN MARTINO IN STRADA",0.567332475155073,0.562995542393213,0.947446971321916,0.60339230502892,0.641620601283698
"098049","SAN ROCCO AL PORTO",0.588151382163565,0.592497589943778,0.948778146486619,0.626169852096966,0.662015218140261
"098050","SANT'ANGELO LODIGIANO",0.508066828121163,0.494790705540342,0.945980088938647,0.545883899041542,0.590339031252332
"098051","SANTO STEFANO LODIGIANO",0.626555761252936,0.64186963591021,0.952984918600608,0.666089920583476,0.69796714258538
"098052","SECUGNAGO",0.58889506959901,0.623511861084612,0.951274858892489,0.640710604696879,0.675217744051947
"098053","SENNA LODIGIANA",0.642929404576621,0.671171581470822,0.955852535648014,0.686930697286151,0.71681090154858
"098054","SOMAGLIA",0.590583285612259,0.598717503543749,0.954360732455115,0.630621428365715,0.666592462153426
"098055","SORDIO",0.592121605937238,0.588779382933081,0.95151696041965,0.626557141033608,0.662663787632057
"098056","TAVAZZANO CON VILLAVESCO",0.559944298219854,0.558212091357292,0.951285593654891,0.598298934675205,0.637519674561837
"098057","TERRANOVA DEI PASSERINI",0.637418663078113,0.676838931849964,0.960819461473414,0.687497863864976,0.717866930265914
"098058","TURANO LODIGIANO",0.645255795231196,0.665744083491948,0.953903292434463,0.685340274668861,0.71518060997615
"098059","VALERA FRATTA",0.602082464823272,0.642200275622752,0.951889500870848,0.655116183287796,0.688090996352579
"098060","VILLANOVA DEL SILLARO",0.6224224561549,0.63047105343128,0.950909458799712,0.658893025193752,0.691339295594415
"098061","ZELO BUON PERSICO",0.542905871471378,0.534843687246353,0.955577903070226,0.580545091730001,0.622215404101138
"098062","CASTELGERUNDO",0.648621635213364,0.668509947711445,0.953561636793639,0.688065375995528,0.717564960528652
"099001","BELLARIA-IGEA MARINA",0.472312737196459,0.443869885643667,0.917873371149769,0.504069517393033,0.550047723366004
"099002","CATTOLICA",0.466039209892637,0.428675024176647,0.915677150275714,0.494189120358749,0.541021123682857
"099003","CORIANO",0.517016672378548,0.500379434134102,0.928404641358148,0.550668712066507,0.59263937087669
"099004","GEMMANO",0.626169874787151,0.668649112627767,0.932178868723822,0.675886431209096,0.704363368710732
"099005","MISANO ADRIATICO",0.485545549933587,0.458101580675186,0.921558673037456,0.516797076077693,0.561770586851
"099006","MONDAINO",0.635880516948839,0.643237958431128,0.928152202114946,0.66841853413248,0.697277830574976
"099008","MONTEFIORE CONCA",0.606692863350478,0.611965531132741,0.932428641610497,0.641639141678498,0.673949086115387
"099009","MONTEGRIDOLFO",0.659139472788748,0.677459802592123,0.93698098267624,0.695167772189016,0.722035906687596
"099011","MORCIANO DI ROMAGNA",0.531087238568474,0.515645998680469,0.928481432467015,0.563878100008726,0.60438958139298
"099013","RICCIONE",0.426321830233814,0.38470917361133,0.913024566276298,0.456266408357945,0.507017314793317
"099014","RIMINI",0.328655190661105,0.253880913268861,0.866970805859229,0.348838327354407,0.406408602743832
"099015","SALUDECIO",0.600086840899273,0.606363573480606,0.933807447354328,0.636283431206378,0.669341655222817
"099016","SAN CLEMENTE",0.555284159098189,0.545588512433172,0.929695009667808,0.588362203155893,0.626288070546106
"099017","SAN GIOVANNI IN MARIGNANO",0.512496080058435,0.492836135879597,0.927663795248099,0.545165876696924,0.587665645424833
"099018","SANTARCANGELO DI ROMAGNA",0.462105193865843,0.430253844781291,0.926630846095998,0.49422465200081,0.542269784678053
"099020","VERUCCHIO",0.518031195096758,0.502520312290819,0.932545239691283,0.552502702293538,0.594729650893288
"099021","CASTELDELCI",0.686702114284743,0.728940106755921,0.92754764290305,0.729793763758604,0.751766416996876
"099022","MAIOLO",0.671419345912229,0.705298029729888,0.939800867212373,0.71350290576019,0.738647123699321
"099023","NOVAFELTRIA",0.536432050317431,0.52686447240555,0.933773361545363,0.571860771379878,0.612073281398265
"099024","PENNABILLI",0.605306570983301,0.611761738079607,0.930105587531616,0.64069129783147,0.672848441131487
"099025","SAN LEO",0.59647335998031,0.605350743514807,0.933022687270743,0.634123115299877,0.667334178852195
"099026","SANT'AGATA FELTRIA",0.638042995484091,0.65875721049867,0.940618504493709,0.677621943141613,0.706843783291846
"099027","TALAMELLO",0.657758013958487,0.675443348652246,0.936552917946283,0.693595904969458,0.72059112863355
"099028","POGGIO TORRIANA",0.565543604620163,0.564118760238526,0.93781078092222,0.602129142278632,0.639427102127919
"099029","MONTESCUDO-MONTE COLOMBO",0.545872881297873,0.536316491996951,0.929318607797606,0.579917078762431,0.618739470877451
"099030","MONTECOPIOLO",0.670141172029055,0.708212815845507,0.938827386295838,0.714142033173137,0.739107072408992
"099031","SASSOFELTRIO",0.634987701785348,0.660948947550681,0.934313304145646,0.676602822615778,0.705237320563541
"100001","CANTAGALLO",0.605384655312359,0.627285601313276,0.955283773554639,0.650229992837,0.684124857361182
"100002","CARMIGNANO",0.502698507132224,0.490545975203004,0.944770486992172,0.54143706575007,0.586251890332526
"100003","MONTEMURLO",0.503784349860799,0.501805552469828,0.950574523831866,0.547572908431969,0.592350865698624
"100004","POGGIO A CAIANO",0.518290280860309,0.509130407195997,0.944568004774107,0.556796110102748,0.599881876177344
"100005","PRATO",0.342481541141309,0.292368899237885,0.874130482531921,0.373095746423829,0.428766272658062
"100006","VAIANO",0.520066870754738,0.514165911952629,0.948463360001948,0.56025108821851,0.603385785083336
"100007","VERNIO",0.583473319084786,0.597627027626555,0.950822412817622,0.626577397301866,0.662604621248061
"101001","BELVEDERE DI SPINELLO",0.652109052943881,0.681741038785111,0.929986695403534,0.6932312108184,0.719537375772304
"101002","CACCURI",0.651180843658503,0.669010531486966,0.927454212862162,0.686831540101677,0.71356739263062
"101003","CARFIZZI",0.706172043393052,0.773119610322564,0.940774039020192,0.759758648074047,0.779871469290285
"101004","CASABONA",0.643601751600162,0.673964746168134,0.936226524427474,0.686527576438481,0.714271903992813
"101005","CASTELSILANO",0.68430315864959,0.719564724997509,0.932418008094306,0.724982348450625,0.748030755077701
"101006","CERENZIA",0.653499065806098,0.677501720002903,0.928733171139414,0.691823670727992,0.718146948551484
"101007","CIRÒ",0.640417587302595,0.676414640966526,0.937097684915497,0.686284271212654,0.714152428290748
"101008","CIRÒ MARINA",0.527945978221518,0.526303160303011,0.929642722406545,0.567376384576693,0.607628199891121
"101009","COTRONEI",0.565569859060979,0.565000562029291,0.933265500959136,0.602083239586535,0.638881268627935
"101010","CROTONE",0.416240075728595,0.372573476864885,0.915094652456705,0.446475563912737,0.498544351528733
"101011","CRUCOLI",0.60811659467996,0.615023713822514,0.921268830244587,0.642540021850572,0.673509889449907
"101012","CUTRO",0.577770381688798,0.603980334354699,0.942790207108407,0.626066842930414,0.66125832783908
"101013","ISOLA DI CAPO RIZZUTO",0.548626329924428,0.563648066468082,0.937065207535685,0.594229999130198,0.632322800064141
"101014","MELISSA",0.623707161868781,0.652744882408228,0.934528047011306,0.667856224625785,0.697486427113065
"101015","MESORACA",0.582977061393084,0.596120567570993,0.930276780837098,0.623621611117544,0.65769440775305
"101016","PALLAGORIO",0.717437485714997,0.767175863611732,0.936252597805355,0.761701266977564,0.781095859291763
"101017","PETILIA POLICASTRO",0.545210340473907,0.543884564201137,0.928691157108501,0.58296182281462,0.621376193291718
"101018","ROCCABERNARDA",0.597852823662578,0.612749723293155,0.932608141792768,0.638031960309357,0.670762647140847
"101019","ROCCA DI NETO",0.583066735965054,0.594593978825317,0.931018496971948,0.623049171352862,0.657267985310538
"101020","SAN MAURO MARCHESATO",0.644609544178472,0.660852472472438,0.932806159184169,0.680738523411326,0.708746038497198
"101021","SAN NICOLA DELL'ALTO",0.669525863009274,0.717638118824794,0.926465175638131,0.716870309389144,0.740158627861253
"101022","SANTA SEVERINA",0.639326987466961,0.658335995601054,0.934305657745618,0.677378908155169,0.70592632477633
"101023","SAVELLI",0.678355902524826,0.71987451688028,0.93591478561181,0.722795167293479,0.746475124884404
"101024","SCANDALE",0.631620104943514,0.653360301923406,0.93394490395743,0.671635673485857,0.700781143538254
"101025","STRONGOLI",0.567077537387194,0.565672166781053,0.923501311140324,0.602087497989743,0.637800143895364
"101026","UMBRIATICO",0.678500767656103,0.736418801674908,0.93459627669767,0.730173433868722,0.752887083071938
"101027","VERZINO",0.652581991636994,0.682733413307667,0.934670688925877,0.694359001117686,0.72106029976304
"102001","ACQUARO",0.650677165959483,0.682758115405243,0.930409541096978,0.693086830723825,0.719456020765286
"102002","ARENA",0.61658206941967,0.653600284165503,0.923955404822754,0.663977599595603,0.69286402239862
"102003","BRIATICO",0.594129229145623,0.602083618349537,0.926787892841204,0.630974570656942,0.663842717566305
"102004","BROGNATURO",0.678812145555674,0.696147955705288,0.914881357663278,0.710220181333761,0.732960312037041
"102005","CAPISTRANO",0.669126975276635,0.701478233040951,0.930730047384068,0.709845348481321,0.734388092803848
"102006","CESSANITI",0.633769878913847,0.659061572357532,0.9344044244809,0.675214595520211,0.704013465404732
"102007","DASÀ",0.624575356366486,0.660846805079765,0.920922682320342,0.670532240882847,0.698353401042569
"102008","DINAMI",0.664142686592527,0.708340719059507,0.929604737366105,0.710578006280026,0.734914309734035
"102009","DRAPIA",0.613539446006778,0.618261264246678,0.921619613160134,0.646472280930068,0.677044206733409
"102010","FABRIZIA",0.626490295982248,0.682331173013778,0.937534916001036,0.682723152648316,0.711035570798618
"102011","FILADELFIA",0.578753380824018,0.585609218862265,0.924547680122181,0.616417937871046,0.65065457589895
"102012","FILANDARI",0.651834698217135,0.674556153961019,0.928236308559982,0.689699514336168,0.716203602583258
"102013","FILOGASO",0.646441794331496,0.658282885696137,0.91915072304814,0.679041178317249,0.705720016620681
"102014","FRANCAVILLA ANGITOLA",0.64593927511783,0.67331606844066,0.931749803291961,0.686839884930516,0.714052098081788
"102015","FRANCICA",0.661338770796902,0.69712288717575,0.932114009407279,0.704519147028421,0.729807465070517
"102016","GEROCARNE",0.606248221292476,0.649514322206392,0.925992516441029,0.657692396218594,0.687503520687753
"102017","IONADI",0.571135550055199,0.559446258384877,0.925128941974314,0.601274707995466,0.637258511770893
"102018","JOPPOLO",0.660172465139875,0.693371482333028,0.933433049335723,0.702438081296379,0.728104188856306
"102019","LIMBADI",0.605348868627251,0.612048030474268,0.926160190667996,0.640444623662483,0.672190797774207
"102020","MAIERATO",0.608612179041768,0.614635723277071,0.919041357185375,0.642365691762015,0.67310743236461
"102021","MILETO",0.585379896887593,0.598289784346134,0.933356032577507,0.625986959812928,0.660139079008992
"102022","MONGIANA",0.684373390773594,0.746435581045163,0.939980635918744,0.737862100910316,0.760319715911252
"102023","MONTEROSSO CALABRO",0.634171823966743,0.65036053343985,0.928755292056951,0.670915090038662,0.699564001374028
"102024","NARDODIPACE",0.728405814785134,0.790916388590989,0.952080539390391,0.778903045458294,0.798144989228527
"102025","NICOTERA",0.566779844741778,0.562979463652909,0.922564892614916,0.600648178039101,0.636416701880858
"102026","PARGHELIA",0.636733741536557,0.636877876683969,0.911152342552413,0.664240462454478,0.691675115798693
"102027","PIZZO",0.531562291158574,0.516909867969112,0.927058363450632,0.564518307952522,0.604800536341201
"102028","PIZZONI",0.66211859674851,0.720316158680479,0.933837208028383,0.715479360745883,0.739741343777272
"102029","POLIA",0.700031198853509,0.750813371703731,0.943190352038887,0.747199091954647,0.768975898630673
"102030","RICADI",0.561971247867455,0.556955938238933,0.920335220770386,0.595550755824913,0.631637918596633
"102031","ROMBIOLO",0.597398180126819,0.609319967588943,0.927688103214643,0.635791976793557,0.668224879729233
"102032","SAN CALOGERO",0.595047684906603,0.605505535586364,0.925701672543111,0.632819116476147,0.665361622705809
"102033","SAN COSTANTINO CALABRO",0.644282129913143,0.6635831927393,0.92799532639573,0.681338927833173,0.708745194340124
"102034","SAN GREGORIO D'IPPONA",0.628406681683937,0.650455319659746,0.932034691459613,0.668691369750618,0.697951738829396
"102035","SAN NICOLA DA CRISSA",0.657014797382893,0.674558197552542,0.916479481247508,0.690855795845696,0.715925094223675
"102036","SANT'ONOFRIO",0.587825159680872,0.5813679089035,0.916111931413953,0.617748074004363,0.65089961371654
"102037","SERRA SAN BRUNO",0.552485742552262,0.544391838013636,0.916954417859899,0.585290353040644,0.622141915798339
"102038","SIMBARIO",0.671828164471866,0.704506305491965,0.925115852506236,0.711862096734348,0.73555695848678
"102039","SORIANELLO",0.666737772998782,0.696009884058491,0.921839965299346,0.705420442205708,0.729467055882779
"102040","SORIANO CALABRO",0.613364395703001,0.615163294169895,0.916736028636503,0.644511063306454,0.674758281676459
"102041","SPADOLA",0.632546512792636,0.659044525033232,0.918997292389011,0.673115696260541,0.700435873608149
"102042","SPILINGA",0.610515020753048,0.638650212210827,0.91538684232541,0.653663039066285,0.682743461650632
"102043","STEFANACONI",0.62623098483768,0.633268276432617,0.930268202406518,0.659801487812285,0.689853344989422
"102044","TROPEA",0.549558368007256,0.537101595326531,0.914836385298055,0.58048062203001,0.617631262393126
"102045","VALLELONGA",0.714610624642914,0.753375194806426,0.925494686978379,0.753143087450041,0.772293265175412
"102046","VAZZANO",0.630255497377489,0.663966173030587,0.922673122931047,0.674667063976739,0.70222329274944
"102047","VIBO VALENTIA",0.428824232097098,0.375364572934493,0.91355594956788,0.453240557221004,0.504386711926213
"102048","ZACCANOPOLI",0.637732582048679,0.666192273825381,0.913427887389474,0.678108973882275,0.704255519827519
"102049","ZAMBRONE",0.646259144797803,0.67442417314462,0.928648406880432,0.687172333762134,0.714003008553056
"102050","ZUNGRI",0.651735464322348,0.679075958854978,0.927877963425655,0.691652936772362,0.717900161956061
"103001","ANTRONA SCHIERANCO",0.755560106042729,0.8216787057209,0.966925910523024,0.806450056345935,0.824280706810056
"103002","ANZOLA D'OSSOLA",0.749543887378433,0.806807580339843,0.964098125020845,0.796767972975309,0.815360212091479
"103003","ARIZZANO",0.59381157845915,0.588908945407834,0.938251944408781,0.626049430181021,0.66073859842855
"103004","AROLA",0.762759449549328,0.819477591441253,0.946656370836612,0.806672305529423,0.822226090563555
"103005","AURANO",0.773622531468207,0.839538746627207,0.940183871012052,0.819940962244142,0.833301285440576
"103006","BACENO",0.641221462687794,0.683654221907922,0.945725547059727,0.690766612774045,0.719095383250232
"103007","BANNIO ANZINO",0.751824195005285,0.816170985303523,0.9549148908857,0.801089320227533,0.818181050300663
"103008","BAVENO",0.55212491429315,0.544813466737993,0.937147234387749,0.587336994902789,0.626204799290007
"103009","BEE",0.6314096385596,0.65459817272936,0.928133861346616,0.671516901214694,0.700029896784907
"103010","BELGIRATE",0.655667390360631,0.655239185780792,0.92070439869439,0.681978399133079,0.708503510195447
"103011","BEURA-CARDEZZA",0.658374544257047,0.694127112546258,0.956033933595921,0.704229138921079,0.732207449440506
"103012","BOGNANCO",0.750909972788035,0.805422207853113,0.944720496376536,0.79482153092617,0.811476971531766
"103013","BROVELLO-CARPUGNINO",0.667204354214731,0.688535872598399,0.939645753711144,0.704047677437023,0.730225241467481
"103014","CALASCA-CASTIGLIONE",0.743407094870057,0.807933464197093,0.955028126616868,0.793606064241904,0.811541848950234
"103015","CAMBIASCA",0.646648215015373,0.669891661980304,0.947641989831646,0.687207143631219,0.7161443487646
"103016","CANNERO RIVIERA",0.654811935760798,0.671250517320124,0.92612436329095,0.68934054021551,0.715649853890559
"103017","CANNOBIO",0.575250329271641,0.580310555757123,0.918206142543468,0.611823012517291,0.6458655825202
"103018","CAPREZZO",0.718967205753051,0.768550228387085,0.924643946421411,0.761847240005202,0.779935762940337
"103019","CASALE CORTE CERRO",0.604125778992974,0.6154708011576,0.949082105413879,0.643726671609146,0.677655053143005
"103021","CEPPO MORELLI",0.711610376740099,0.77372959584676,0.94687615432467,0.763090603096554,0.783511219899678
"103022","CESARA",0.729712029524236,0.777085982148764,0.956841508088357,0.773743256061686,0.794087506286871
"103023","COSSOGNO",0.675575276887055,0.693351929565366,0.935926619432018,0.709609904846791,0.734756206467372
"103024","CRAVEGGIA",0.683356036484127,0.717819388736717,0.937268095781474,0.724255750927528,0.747923789244633
"103025","CREVOLADOSSOLA",0.570341780784287,0.576570608660044,0.943930350970675,0.610503610347016,0.647551025971867
"103026","CRODO",0.64977436461469,0.671722248741208,0.943159166786699,0.688989392688824,0.717230478699699
"103028","DOMODOSSOLA",0.471088990219808,0.441982278067198,0.930346061109589,0.503916676840111,0.55129771953672
"103029","DRUOGNO",0.670602458965326,0.701432860722323,0.936223640717997,0.711038257931242,0.736058856018659
"103031","FORMAZZA",0.665668323009242,0.704556257858331,0.947183274997863,0.711319388890194,0.737526487346602
"103032","GERMAGNO",0.778252855204119,0.841251314699239,0.956152598904896,0.824392136347001,0.839032187742322
"103033","GHIFFA",0.587436041578464,0.57773631417723,0.928870205439789,0.617214580634042,0.651842983390236
"103034","GIGNESE",0.630641860457407,0.6376165860568,0.936840709984789,0.664400371929872,0.694671520602641
"103035","GRAVELLONA TOCE",0.553364561853288,0.561674465496684,0.949119472137396,0.596679509521227,0.635839505367468
"103036","GURRO",0.791592378073964,0.864571182986418,0.914523093105679,0.83672591178774,0.845370043045289
"103037","INTRAGNA",0.768584593535535,0.830524970393097,0.940993176408088,0.813698621408693,0.827842460853071
"103038","LOREGLIA",0.75538544465523,0.83461281622988,0.970026483731162,0.812501865771416,0.830004601100276
"103039","MACUGNAGA",0.681846890299104,0.707267338811391,0.918931659065733,0.716994569006296,0.739432023457345
"103040","MADONNA DEL SASSO",0.684259616727715,0.73389491093526,0.943842497951787,0.732553787243517,0.756030310655548
"103041","MALESCO",0.672129431697524,0.715066812592457,0.937221927005799,0.717960502631071,0.742322883117152
"103042","MASERA",0.646127828337065,0.674530041951161,0.956642388699552,0.689960280499657,0.719591625855201
"103043","MASSIOLA",0.760879548994559,0.828552895914333,0.94611462141308,0.809856062350309,0.824995902246173
"103044","MERGOZZO",0.600820474690034,0.603916743577704,0.941437169101737,0.636275465130656,0.670182321127443
"103045","MIAZZINA",0.693503523921771,0.749680855804216,0.948458693017978,0.744278840178492,0.766965490493991
"103046","MONTECRESTESE",0.635627778226712,0.682869824996338,0.951523999712683,0.688476321421641,0.717703841231756
"103047","MONTESCHENO",0.753617776073434,0.80921537123377,0.953247088754799,0.798599625163722,0.815782676673841
"103048","NONIO",0.663674361956774,0.684333891111921,0.948467815957045,0.701450495476617,0.728896864418887
"103049","OGGEBBIO",0.675772616914814,0.707101230228301,0.92647948104936,0.714941179319338,0.738445435067118
"103050","OMEGNA",0.491523130529856,0.475977485642619,0.939019200438795,0.529277197321493,0.574804086556749
"103051","ORNAVASSO",0.595898064984644,0.602676615085319,0.944765426195124,0.633835148650996,0.66838295726701
"103052","PALLANZENO",0.660887409081649,0.688695925566772,0.946349617000608,0.70194746229185,0.72910325725949
"103053","PIEDIMULERA",0.630731636163747,0.68451836992714,0.952752511519554,0.687137753892854,0.716650504740266
"103054","PIEVE VERGONTE",0.639873487545648,0.670402092720561,0.955352488324116,0.685159259952206,0.715180729771307
"103055","PREMENO",0.653079906528092,0.659721437832285,0.930647510238722,0.683825355986042,0.711250039791895
"103056","PREMIA",0.660227891112418,0.701555681486057,0.940393757943965,0.70684198346371,0.732792180628183
"103057","PREMOSELLO-CHIOVENDA",0.642307833363188,0.669772181354668,0.951993127259127,0.685635319348948,0.715230631338968
"103058","QUARNA SOPRA",0.704255640529952,0.75049757701871,0.941772086379952,0.748816156534893,0.770255704295456
"103059","QUARNA SOTTO",0.713710334285791,0.755961465464914,0.943883299172727,0.75574063980509,0.776645379734827
"103060","RE",0.674004456474186,0.726476226822158,0.926484262048745,0.72286473368823,0.745489125728287
"103061","SAN BERNARDINO VERBANO",0.643217117508444,0.661029723885312,0.938109899022174,0.680722068529408,0.709320716361937
"103062","SANTA MARIA MAGGIORE",0.651202961402095,0.67712147476649,0.934647780693032,0.691210774345167,0.718259330606041
"103064","STRESA",0.549350303889936,0.538442243686675,0.934218112165353,0.58292845762601,0.621960641463715
"103065","TOCENO",0.684206872132911,0.738761499862738,0.946131512424166,0.734948918640459,0.758413651283093
"103066","TRAREGO VIGGIONA",0.710342069826075,0.769167987729695,0.931247535931635,0.75890427949326,0.778053530208635
"103067","TRASQUERA",0.786241659516889,0.853896411144688,0.94092131996482,0.832154263794191,0.844239492257595
"103068","TRONTANO",0.635816442387416,0.663396833728267,0.949874186997362,0.679633392951794,0.709660147845746
"103069","VALSTRONA",0.656453080034041,0.71739011999759,0.96069548939398,0.714298988953632,0.741676377891449
"103070","VANZONE CON SAN CARLO",0.6908462250759,0.747721651252668,0.946210843274293,0.741976628675285,0.764669319186286
"103071","VARZO",0.617254145226877,0.668248888534135,0.946717708649775,0.673148136057433,0.70354475523436
"103072","VERBANIA",0.438911934279281,0.401174584828345,0.922968390141954,0.470335772612627,0.520628285671441
"103074","VIGNONE",0.611632040638806,0.604409664991299,0.928952060492544,0.640113973582802,0.672207094350551
"103075","VILLADOSSOLA",0.569043776743131,0.578042116458197,0.947039545519513,0.610892606492549,0.648242266384434
"103076","VILLETTE",0.725336697454772,0.782088743964907,0.933684291525155,0.771709877791371,0.789707034872903
"103077","VOGOGNA",0.633243614742061,0.654997091024198,0.94436239984472,0.674144557579289,0.704168762275448
"103078","BORGOMEZZAVALLE",0.76482284193528,0.828238018789218,0.959182954019368,0.812795682727961,0.829060935093673
"103079","VALLE CANNOBINA",0.703951577869639,0.76367556181215,0.917861770339895,0.752218389890794,0.770623209940695
"108001","AGRATE BRIANZA",0.482629385637748,0.449458462574406,0.951402713587587,0.514579803054228,0.563115682002379
"108002","AICURZIO",0.60639091150766,0.615619836470028,0.965303739959278,0.646435210585887,0.681865047182931
"108003","ALBIATE",0.530406755614771,0.512939858389865,0.950881009532504,0.564594077255337,0.607514847508355
"108004","ARCORE",0.462275943506097,0.421104444880465,0.943510220795826,0.491872196853535,0.54205419951379
"108005","BARLASSINA",0.532180670651715,0.520507376713466,0.949357246211244,0.568645345935456,0.610946668188321
"108006","BELLUSCO",0.52768443997069,0.512259081935114,0.956238018464846,0.563598386704097,0.607225012455291
"108007","BERNAREGGIO",0.496744918949843,0.468511766372206,0.9521307647735,0.529578584872272,0.57652882708352
"108008","BESANA IN BRIANZA",0.474781361995015,0.442573913219784,0.944117979498834,0.507221671796543,0.555765705985686
"108009","BIASSONO",0.476822982242947,0.436442382403934,0.946278411668473,0.505597255257944,0.554561828192447
"108010","BOVISIO-MASCIAGO",0.481156443061532,0.453180123225433,0.945827884135465,0.515034243242681,0.562900203341879
"108011","BRIOSCO",0.538171197409873,0.528914177171962,0.952689787128392,0.575457397274665,0.617372107258412
"108012","BRUGHERIO",0.429159274950712,0.385167973840761,0.938596151316356,0.460306877087798,0.51345012977986
"108013","BURAGO DI MOLGORA",0.56257539907617,0.558243863382212,0.95977037431108,0.60034570553738,0.640281779845569
"108014","CAMPARADA",0.583237813340704,0.57166170942982,0.957884884075807,0.615493273654317,0.653536785923371
"108015","CARATE BRIANZA",0.4655338250246,0.431626433676624,0.94673809697305,0.498395926112856,0.548211722875099
"108016","CARNATE",0.519514506839955,0.494255369697255,0.950054102083577,0.551201854650102,0.595518771031599
"108017","CAVENAGO DI BRIANZA",0.530739140208004,0.516263456986257,0.953374624336193,0.566488631171037,0.609475963744943
"108018","CERIANO LAGHETTO",0.542767620983226,0.533732735877606,0.956423763482867,0.580067536935661,0.621884895440906
"108019","CESANO MADERNO",0.435608881310505,0.40049467528824,0.93720584527959,0.469967184997394,0.521882591695416
"108020","COGLIATE",0.532228885333981,0.52084816595577,0.95146715399651,0.569031388480039,0.611524251315202
"108021","CONCOREZZO",0.478238747248351,0.446418750448853,0.947424592067958,0.510838333170537,0.559347917492473
"108022","CORREZZANA",0.560800812933588,0.540986306927343,0.960855299800746,0.591889733917493,0.632885907904521
"108023","DESIO",0.421887103239649,0.378469234582526,0.933691465733393,0.453529498593318,0.506880828275549
"108024","GIUSSANO",0.45509223271168,0.424142159591965,0.942238022220052,0.489879278758646,0.540141361365469
"108025","LAZZATE",0.541637067639324,0.536341508936113,0.954376931653493,0.580528052624296,0.622066816960873
"108026","LESMO",0.501324955244028,0.468318595586806,0.959023092599313,0.532241907133807,0.579662038852196
"108027","LIMBIATE",0.463608090355529,0.442477122869742,0.941677853569176,0.501906131308289,0.550769656003944
"108028","LISSONE",0.407344774511038,0.353243629377375,0.928535387611989,0.435118320510984,0.489942439077763
"108029","MACHERIO",0.528665595782335,0.513507822633511,0.949437442836924,0.563921782570823,0.606756855933723
"108030","MEDA",0.459686894709036,0.428355624758107,0.942253445899517,0.493844478350166,0.543667696966761
"108031","MEZZAGO",0.573971354949575,0.574300908053737,0.952468116940409,0.611969330045532,0.649802528589407
"108032","MISINTO",0.553176037775591,0.550647172990894,0.958575828573552,0.592578027702273,0.633244450021304
"108033","MONZA",0.32433521869387,0.23749612238941,0.90626442929125,0.343450546416601,0.405985422291562
"108034","MUGGIÒ",0.466906884094894,0.441158756231835,0.947049515105306,0.503334489657559,0.552636159151753
"108035","NOVA MILANESE",0.470757223139929,0.44404510477483,0.943411163352576,0.506002163896899,0.554603163836419
"108036","ORNAGO",0.549714842640039,0.535068129780908,0.955114863307021,0.583663823920128,0.624936161629783
"108037","RENATE",0.570462448396079,0.568552266414195,0.952735730263642,0.607830194690988,0.646153031976838
"108038","RONCO BRIANTINO",0.578253159786365,0.571431157052744,0.955472229340772,0.612905165511676,0.650968172603798
"108039","SEREGNO",0.405480725419829,0.352570518911137,0.931337630215807,0.434256822970515,0.489488023775548
"108040","SEVESO",0.462568257692873,0.43169504346501,0.943181526585849,0.496736638179632,0.546341625780323
"108041","SOVICO",0.516380631765123,0.496472070820348,0.947118066822706,0.550495522845733,0.59456469439873
"108042","SULBIATE",0.56036117490778,0.555472915299473,0.957226550221494,0.597847995615413,0.6377789461272
"108043","TRIUGGIO",0.519596014635757,0.501153640471666,0.953742968096175,0.554711641607958,0.599048455662204
"108044","USMATE VELATE",0.497696004662003,0.466602319852812,0.954844497582337,0.5294186957899,0.576688229322393
"108045","VAREDO",0.496048209003731,0.474474294985242,0.949888987243386,0.531724025519376,0.578186799044266
"108046","VEDANO AL LAMBRO",0.484594603864226,0.431934559847821,0.951603586964366,0.507598482366857,0.556932382877692
"108047","VEDUGGIO CON COLZANO",0.588974941319603,0.592076804010984,0.959096683867905,0.627382953785555,0.664240034905816
"108048","VERANO BRIANZA",0.517256983795255,0.500118005987903,0.947132983878864,0.552532043790308,0.596376592689036
"108049","VILLASANTA",0.468147247227205,0.424915231119275,0.945828135583264,0.496460928814242,0.546390618455245
"108050","VIMERCATE",0.431551491206866,0.380767586887807,0.942745036440326,0.459818088786636,0.513476638525935
"108051","BUSNAGO",0.544999054177377,0.53818030167946,0.959301843466466,0.583360894482223,0.625132111036028
"108052","CAPONAGO",0.554983904507355,0.549151015791608,0.957826964643357,0.592643410598869,0.633219361048257
"108053","CORNATE D'ADDA",0.515270098460824,0.503243628404242,0.950267090815916,0.553357886170871,0.59745890890921
"108054","LENTATE SUL SEVESO",0.499515592371814,0.48538200883545,0.950560589783456,0.538259979521614,0.584071158439597
"108055","RONCELLO",0.558481146408286,0.548406300713721,0.957282541751736,0.593827605380077,0.63421148719915
"109001","ALTIDONA",0.572892498345463,0.566821566300606,0.930500955606385,0.605921424651369,0.641985816979704
"109002","AMANDOLA",0.577857717223923,0.57365946592116,0.927647913070557,0.610947523722343,0.646136455872145
"109003","BELMONTE PICENO",0.699359142833636,0.738010879580368,0.933014537979585,0.74011796388426,0.761550916561519
"109004","CAMPOFILONE",0.606568558180222,0.613235982142844,0.926216724903367,0.641533715635716,0.6731651611099
"109005","FALERONE",0.589683161678593,0.596163917743179,0.930781110635387,0.626709296803336,0.660495053895787
"109006","FERMO",0.423774721507666,0.375605307236891,0.911527315112965,0.450873744446347,0.502057474520416
"109007","FRANCAVILLA D'ETE",0.646738374551858,0.692914581758735,0.940379376764882,0.696881768016255,0.723937057877214
"109008","GROTTAZZOLINA",0.577201774861279,0.571726006199237,0.925109287252712,0.609528430202503,0.644592969874749
"109009","LAPEDONA",0.628734429008047,0.633062957437343,0.922520285669116,0.660060852467337,0.689223011711979
"109010","MAGLIANO DI TENNA",0.639363443826438,0.656418781420349,0.935846775630739,0.676686678924128,0.705482245224862
"109011","MASSA FERMANA",0.663923253099681,0.715786382225961,0.948883810869298,0.715757716983469,0.741660616304117
"109012","MONSAMPIETRO MORICO",0.673265880077525,0.725788522402296,0.944026177040411,0.72397709881996,0.74842699640001
"109013","MONTAPPONE",0.630121610483198,0.644325168748046,0.929768578543337,0.666477908508394,0.695732427401165
"109014","MONTEFALCONE APPENNINO",0.69303869192748,0.708300697397635,0.916834015767505,0.722286126773052,0.743902558883547
"109015","MONTEFORTINO",0.66000163348516,0.685685500003888,0.932559769706938,0.698815187040765,0.724786807337007
"109016","MONTE GIBERTO",0.708037017366509,0.738825020251222,0.934967513754516,0.744584668303431,0.765738317797996
"109017","MONTEGIORGIO",0.543885751134951,0.535714162952267,0.929492995636266,0.578769260902875,0.617738564762141
"109018","MONTEGRANARO",0.524810759227963,0.526416572553234,0.944283212881048,0.567480620589644,0.609347575288689
"109019","MONTELEONE DI FERMO",0.684498293119885,0.730134896858822,0.931570145565833,0.729741950047001,0.752167305104649
"109020","MONTELPARO",0.677499689120195,0.710386302761039,0.931749159077207,0.717723612254276,0.741504228567935
"109021","MONTE RINALDO",0.714850090811989,0.750312707902213,0.920932409571554,0.751416500378546,0.770251601399992
"109022","MONTERUBBIANO",0.62295092021305,0.633359474686542,0.928753279399694,0.658215005644786,0.688274813839776
"109023","MONTE SAN PIETRANGELI",0.621036984988921,0.640070520771523,0.939716458159889,0.661470023408189,0.692386293936155
"109024","MONTE URANO",0.555466146710159,0.557637108971546,0.935753181174482,0.594471783174215,0.632391938507578
"109025","MONTE VIDON COMBATTE",0.678859473601635,0.716099303404076,0.929303067443837,0.720661756396954,0.743844124291052
"109026","MONTE VIDON CORRADO",0.679121990819991,0.704414324711946,0.935655754261565,0.716156917415528,0.740545677065088
"109027","MONTOTTONE",0.643543089501946,0.685457305807666,0.934214590729851,0.691471636962311,0.718443076269815
"109028","MORESCO",0.684778663482753,0.703160694128437,0.924645437076564,0.717037254632692,0.740104830459789
"109029","ORTEZZANO",0.669136009972849,0.686528007479447,0.924081774422503,0.702456985295783,0.727081961865419
"109030","PEDASO",0.583699525326319,0.578043669528076,0.927423506637935,0.615526788348271,0.650181979269345
"109031","PETRITOLI",0.602348624291896,0.607193936305857,0.924417536619041,0.636735905930893,0.668700531562909
"109032","PONZANO DI FERMO",0.626147396993062,0.640017727756996,0.934313218849046,0.663205628022431,0.693328693669832
"109033","PORTO SAN GIORGIO",0.456813066567749,0.404724832073697,0.913137067252053,0.479005761113856,0.527242572906989
"109034","PORTO SANT'ELPIDIO",0.467258312665874,0.442931363890426,0.923144698531974,0.501899824303532,0.548704810328915
"109035","RAPAGNANO",0.615989340326182,0.623240215763053,0.930779454651083,0.650731245705264,0.681847713365911
"109036","SANTA VITTORIA IN MATENANO",0.651571235022517,0.670230061968461,0.929150611004448,0.687725644746385,0.714550640997281
"109037","SANT'ELPIDIO A MARE",0.50159518272067,0.490733383857488,0.933814469887599,0.539929301948931,0.583694320608783
"109038","SERVIGLIANO",0.61186521582283,0.622435936138531,0.929834067507024,0.648418925133315,0.679687274285949
"109039","SMERILLO",0.682049805304441,0.721516131476925,0.923062090255911,0.723910880577206,0.746038792763729
"109040","TORRE SAN PATRIZIO",0.636421549049854,0.664403094962929,0.93907901783674,0.679278991589426,0.708145661172461
"110001","ANDRIA",0.415503130180991,0.39251041685194,0.913748076549946,0.454980903819813,0.505955034123162
"110002","BARLETTA",0.402873555251465,0.366640377217701,0.909826979983715,0.437263967609496,0.489770968984409
"110003","BISCEGLIE",0.435829267285453,0.407999727638723,0.920656286152724,0.471788676331152,0.521662855200216
"110004","CANOSA DI PUGLIA",0.486457981257027,0.476380802156504,0.929245128591936,0.526201965395283,0.5709845390838
"110005","MARGHERITA DI SAVOIA",0.536975757899141,0.537580698118701,0.936348790015855,0.577185284209614,0.617092340410308
"110006","MINERVINO MURGE",0.558214061939559,0.564978028420918,0.93485327921964,0.598921768584179,0.636247491988119
"110007","SAN FERDINANDO DI PUGLIA",0.537715911983256,0.544348654778915,0.934134010830037,0.580342456125981,0.619652628870876
"110008","SPINAZZOLA",0.569041114542561,0.572734257063455,0.936694037412834,0.607468320963991,0.644048956124974
"110009","TRANI",0.429131164033218,0.39715761194146,0.922322065048202,0.464062155693425,0.514979923399512
"110010","TRINITAPOLI",0.533141382400413,0.536996645899748,0.935918935104902,0.575154006245563,0.615238998341045
"111001","ARBUS",0.57856500306495,0.595767320832745,0.93804712734384,0.622254258488347,0.657342355027846
"111002","ARMUNGIA",0.755008726250885,0.820079967918006,0.939216656680857,0.802711578044087,0.817878809003728
"111003","BALLAO",0.731767491251023,0.790188247990964,0.938436690623593,0.778723751721254,0.796469633821513
"111004","BARRALI",0.676783373823011,0.719892015855565,0.940868094826971,0.722590734838056,0.746843774836825
"111005","BARUMINI",0.672283064754712,0.709184097554868,0.941621496351813,0.715822372674493,0.740911164194195
"111006","BUGGERRU",0.650856159515276,0.702472275198965,0.937172539155742,0.702715049536982,0.728765881716845
"111007","BURCEI",0.624210294270221,0.683791029648257,0.94856401445826,0.683456997209141,0.712913332459043
"111008","CALASETTA",0.6123149283336,0.628535865807992,0.935733918698417,0.651956249233558,0.68348710139632
"111009","CARBONIA",0.479502473799663,0.46169579460426,0.930230351182577,0.516562255900023,0.562525377598085
"111010","CARLOFORTE",0.552192550197751,0.54844098259887,0.935254107609546,0.588810500519434,0.627304234640557
"111011","CASTIADAS",0.634274890965427,0.658775886097298,0.933109772138184,0.675183826892045,0.703842265252727
"111012","COLLINAS",0.665817499005521,0.72339240487345,0.935646972972844,0.718709154042821,0.742813356146157
"111013","DECIMOPUTZU",0.627540749486801,0.653332653169018,0.941088285814947,0.670501859776613,0.700567018225317
"111014","DOLIANOVA",0.538433930260193,0.534424350400159,0.936076054730245,0.576393831770183,0.61635852321019
"111015","DOMUS DE MARIA",0.657603318686989,0.696176506395847,0.944706525049083,0.703671573792185,0.730453235042951
"111016","DOMUSNOVAS",0.585631525780013,0.596079008743267,0.938484863131154,0.625618226848591,0.660381186435543
"111017","DONORI",0.597682075024133,0.637960663573255,0.927466194437338,0.648785851812558,0.679750334326423
"111018","ESCALAPLANO",0.618774507719416,0.675451603364677,0.940669618192183,0.67646871180706,0.705824368072074
"111019","ESCOLCA",0.694000902508055,0.757920152598166,0.940737093799567,0.747438184177756,0.768915840802402
"111020","ESTERZILI",0.686583444416849,0.747435906124588,0.939588685085317,0.739267576252178,0.761525477233638
"111021","FLUMINIMAGGIORE",0.633349202215781,0.657861598031009,0.933368808335532,0.674381740944609,0.703158081765823
"111022","FURTEI",0.630316174015252,0.684429154569083,0.939706742283509,0.685606072091302,0.713839479890436
"111023","GENONI",0.67209838206841,0.727645410746203,0.935838966348955,0.723468603401472,0.747065310395636
"111024","GENURI",0.768044716778774,0.831508405873485,0.943059436513435,0.81410484884486,0.82843313636359
"111025","GERGEI",0.652815060880691,0.708836512171946,0.937808847757058,0.706524092649393,0.732222398772467
"111026","GESICO",0.737244677670223,0.796107888143117,0.939788364973819,0.783987491113385,0.8012986993201
"111027","GESTURI",0.643299000746919,0.692742523339364,0.93092763500302,0.694311449339129,0.720602136635117
"111028","GIBA",0.652459142479781,0.688601320205235,0.937344654112222,0.697211673619479,0.723893115896451
"111029","GONI",0.741594596889731,0.797574047489605,0.932855622438396,0.785911452214541,0.802238582239414
"111030","GONNESA",0.608560893750989,0.628606030026059,0.941880045970607,0.650913120296732,0.683242778704941
"111031","GONNOSFANADIGA",0.576535186861283,0.589852988460075,0.936383823310306,0.618513061225641,0.653832034790604
"111032","GUAMAGGIORE",0.654164279951577,0.701409513488056,0.934690493279207,0.703477256375756,0.729167616031695
"111033","GUASILA",0.606902737887952,0.655967002960946,0.937848552511684,0.662076238633173,0.692717606841896
"111034","GUSPINI",0.537011212293511,0.536608762078958,0.935323695927008,0.576661358060312,0.616512728934389
"111035","IGLESIAS",0.467831362950797,0.443349110289545,0.928254752471077,0.502856688205262,0.550123139790352
"111036","ISILI",0.606345095204286,0.623095302640016,0.939342062228478,0.647182385252784,0.679644571583416
"111037","LAS PLASSAS",0.78523996478627,0.85062463899307,0.935581052602968,0.829697176961,0.841462052032329
"111038","LUNAMATRONA",0.648708467752041,0.676095962357198,0.934725669449405,0.689634560494098,0.716866905933577
"111039","MANDAS",0.651085924985841,0.682514194619687,0.937681385122739,0.693888192334761,0.720976324866759
"111040","MASAINAS",0.651235978400962,0.708349295323382,0.937264613853737,0.705539834561329,0.731287032260485
"111041","MONASTIR",0.602423401719096,0.623372346933428,0.944256855478125,0.646033772441448,0.679169670556635
"111042","MURAVERA",0.566937904399915,0.568851825841273,0.934802451486624,0.604585623757197,0.6412763823938
"111043","MUSEI",0.630411161657634,0.682141098149434,0.943540764416298,0.68500259335481,0.713729056806087
"111044","NARCAO",0.630013331159378,0.658465996615568,0.940236458800064,0.673839343378732,0.703439022869991
"111045","NURAGUS",0.656593999608313,0.705901471652541,0.933017413952623,0.706424703462647,0.731601671294866
"111046","NURALLAO",0.655520763531036,0.713198597045877,0.94741806233577,0.710665518493188,0.736971356697919
"111047","NURAMINIS",0.64099363370523,0.668806078465308,0.937114276218267,0.683121298098569,0.711342740111868
"111048","NURRI",0.656066410660237,0.698564812349093,0.940323497687623,0.703616400122961,0.729917188741257
"111049","NUXIS",0.635913473962805,0.689399550351982,0.941696264399945,0.690560487381648,0.718464462605904
"111050","ORROLI",0.639580727776782,0.669794933803149,0.936143720002309,0.6828334197112,0.710979008632434
"111051","ORTACESUS",0.719156842753473,0.768286629244935,0.94483807011917,0.763833369411201,0.783945002823197
"111052","PABILLONIS",0.64197222931202,0.667462027280095,0.934102878639427,0.682655703330394,0.710594278364731
"111053","PAULI ARBAREI",0.683754156198071,0.742979197569931,0.930027000150129,0.735032709210614,0.756698741537227
"111054","PERDAXIUS",0.654009032388972,0.71386153105773,0.945028191897489,0.710044572740765,0.736153863758179
"111055","PIMENTEL",0.640674893194931,0.687106035506205,0.9324516740323,0.690746585318741,0.717602706286914
"111056","PISCINAS",0.734525376914953,0.795366299810243,0.944111313453957,0.782862385871734,0.80077893338087
"111057","PORTOSCUSO",0.585318529269638,0.595725147717544,0.945413074363286,0.626010962080561,0.66150008566753
"111058","SADALI",0.689648049184146,0.731243108314287,0.935457672273492,0.732946788101644,0.755447997454072
"111059","SAMASSI",0.597127861098965,0.6170629124215,0.936268161661576,0.640012664250367,0.672929941740501
"111060","SAMATZAI",0.621599852049541,0.6653557576427,0.936722625190573,0.672802286880566,0.702126768915011
"111061","SAN BASILIO",0.644447155155897,0.695821779431897,0.939519095383811,0.697072930102888,0.72401139291188
"111062","SAN GAVINO MONREALE",0.547675813697212,0.54860833284141,0.934443840314218,0.586772249973802,0.625402426678293
"111063","SAN GIOVANNI SUERGIU",0.591163293281972,0.608523168466434,0.942267747333269,0.63408568252011,0.668328134166016
"111064","SAN NICOLÒ GERREI",0.676302179213115,0.737318132733259,0.938310518727952,0.729960192248663,0.75311022852414
"111065","SAN SPERATE",0.5412439604809,0.532753116090525,0.931892898938795,0.576487974351021,0.615977410416329
"111066","SAN VITO",0.628038548255081,0.654889192587299,0.938117227060584,0.671129206085129,0.700794541749069
"111067","SANLURI",0.54075875898812,0.53709832945939,0.932136836287551,0.578249373430134,0.617570202636514
"111068","SANTADI",0.636425066184017,0.668268874085537,0.942256985978174,0.681337971719117,0.710328973303456
"111069","SANT'ANDREA FRIUS",0.677080423680512,0.7002920278945,0.933426277968381,0.713160231005594,0.737634236223681
"111070","SANT'ANNA ARRESI",0.634495407349718,0.656180070257381,0.928164300088528,0.673620394932047,0.701903051060545
"111071","SANT'ANTIOCO",0.534256306981048,0.531589079941033,0.931722540167326,0.572802678131669,0.612682662802298
"111072","SARDARA",0.593498806749296,0.604725184380943,0.936000246847737,0.632800820693381,0.666489645821643
"111073","SEGARIU",0.65086366203243,0.703587841387219,0.937111716261198,0.703214348164962,0.729202944620099
"111074","SELEGAS",0.671482530605284,0.709174296869844,0.934545463318771,0.714750118695685,0.739171823653806
"111075","SENORBÌ",0.583717919496365,0.588824256959667,0.931765484321739,0.620820527837389,0.655369967446761
"111076","SERDIANA",0.621408613999133,0.638160465531334,0.938909440208101,0.66069702980952,0.691609519853807
"111077","SERRAMANNA",0.55978230774168,0.570496414661254,0.940271169110108,0.602652541992331,0.640165722783195
"111078","SERRENTI",0.588654153883413,0.598695959143031,0.933672860979974,0.627674836959897,0.661674617406572
"111079","SERRI",0.70082775382035,0.770392209346592,0.947535847931767,0.756802568218301,0.77799515485313
"111080","SETZU",0.773421305775151,0.844825952198278,0.944203638492314,0.822631629937274,0.836139630887834
"111081","SEUI",0.640210722025316,0.688157206520613,0.934887489372555,0.691254316782924,0.718324669292883
"111082","SEULO",0.670240836223775,0.727686572157343,0.939441317850828,0.723011465556586,0.747059226922613
"111083","SIDDI",0.733614741191774,0.78723380626629,0.9329652102011,0.777678367376239,0.794932461023446
"111084","SILIQUA",0.620124727417532,0.641066914705862,0.940732962363969,0.661609535191924,0.692623249322151
"111085","SILIUS",0.659525899317086,0.721033498873486,0.943690095954505,0.715620738781208,0.74096177846713
"111086","SIURGUS DONIGALA",0.632030652664659,0.689034518129937,0.942180536490483,0.688697380506617,0.716862175615935
"111087","SOLEMINIS",0.651490906071569,0.677457581202541,0.941272804532803,0.69215409972663,0.719833955816205
"111088","SUELLI",0.674985820525445,0.712693830373454,0.936384165868147,0.718094259491319,0.742348693533189
"111089","TEULADA",0.623387958346511,0.646101738027301,0.935314707014789,0.664801834069694,0.694858819952483
"111090","TRATALIAS",0.663896036395537,0.724557765646099,0.946980314774611,0.719502242396197,0.744777583771577
"111091","TUILI",0.698571467800851,0.749773220507842,0.941540606925506,0.745909170431462,0.767645996708578
"111092","TURRI",0.742205174929269,0.792398021817132,0.925813806098741,0.783152819145755,0.799004039918309
"111093","USSANA",0.602546098728602,0.614671204578075,0.938407350070782,0.641588521495083,0.674568391336827
"111094","USSARAMANNA",0.687895083310824,0.74612915253839,0.936250623601636,0.73893596849231,0.760859819060013
"111095","VALLERMOSA",0.658062855171899,0.692122422328733,0.93805183909433,0.701388558784717,0.727684478819119
"111096","VILLACIDRO",0.527072422968335,0.525569577834746,0.931400372975703,0.566828937658956,0.607336874916373
"111097","VILLAMAR",0.634309508332433,0.665280222095237,0.93646659895815,0.678462038588267,0.707129211962698
"111098","VILLAMASSARGIA",0.620458728884332,0.646176317979422,0.945602048555271,0.664545975944216,0.695774428456556
"111099","VILLANOVA TULO",0.674662099208857,0.741855440647313,0.949063288030453,0.732339221738322,0.756419673548559
"111100","VILLANOVAFORRU",0.686896735281588,0.751404391337375,0.943918052019342,0.741627312180468,0.764104061051454
"111101","VILLANOVAFRANCA",0.653883818816417,0.712365448725098,0.936850992663831,0.708497269660065,0.733869905549372
"111102","VILLAPERUCCIO",0.661810559115056,0.721838743585855,0.944429521273096,0.717085138342719,0.742345625334983
"111103","VILLAPUTZU",0.592416396304135,0.609946699398685,0.934891215550617,0.63455251462133,0.667923481391251
"111104","VILLASALTO",0.654106769981715,0.70885009035361,0.938561944953153,0.707186781646212,0.732895133124761
"111105","VILLASIMIUS",0.586572130302448,0.598325168944866,0.932190135801748,0.626422798241466,0.660396946859275
"111106","VILLASOR",0.585727309323337,0.602956646207733,0.942743182994925,0.629182098288474,0.664022218811413
"111107","VILLASPECIOSA",0.622703644826171,0.63796373624557,0.943097422304443,0.661610063712728,0.692886436889585
