Codice.comune,quota_istruzione_0_Base,quota_istruzione_1_Medio,quota_istruzione_2_Alto,n_individui_sintetici
1001,0.1400916963830871,0.7208354559347937,0.1390728476821192,1963
1002,0.1406669221924109,0.7550785741663473,0.10425450364124185,2609
1003,0.1424731182795699,0.760752688172043,0.0967741935483871,372
1004,0.16028708133971292,0.7200956937799043,0.11961722488038277,1254
1006,0.10691167258300271,0.7147629985383169,0.1783253288786803,4789
1007,0.13989637305699482,0.7512953367875648,0.10880829015544041,193
1008,0.14750911300121505,0.7152693398136898,0.1372215471850952,12345
1009,0.13406292749658003,0.7229822161422709,0.1429548563611491,1462
1010,0.1457142857142857,0.7285714285714285,0.12571428571428572,350
1011,0.13930348258706468,0.7197346600331676,0.14096185737976782,603
1012,0.11543134872417983,0.7606318347509113,0.12393681652490887,823
1013,0.11041666666666666,0.7154605263157895,0.17412280701754385,9120
1014,0.09584664536741214,0.7880724174653887,0.11608093716719915,939
1015,0.17868852459016393,0.7098360655737705,0.11147540983606558,610
1016,0.11654615057422374,0.7660569970225436,0.11739685240323267,2351
1017,0.1343669250645995,0.7364341085271318,0.12919896640826872,387
1018,0.0728759331674369,0.6533949520085318,0.2737291148240313,2813
1019,0.10256410256410256,0.7948717948717948,0.10256410256410256,78
1020,0.10550847457627119,0.7406779661016949,0.1538135593220339,2360
1021,0.14808510638297873,0.7514893617021277,0.10042553191489362,1175
1022,0.09574907139909203,0.7292612463887742,0.1749896822121337,2423
1023,0.14221218961625282,0.7110609480812641,0.14672686230248308,443
1024,0.16115827774408734,0.7277895694360218,0.11105215281989084,13192
1025,0.17868852459016393,0.7233606557377049,0.09795081967213115,2440
1026,0.18181818181818182,0.7272727272727273,0.09090909090909091,396
1027,0.1419753086419753,0.7012345679012346,0.15679012345679014,1620
1028,0.13423279213354677,0.7526869426023325,0.11308026526412074,8746
1029,0.15914489311163896,0.7553444180522565,0.0855106888361045,421
1030,0.13806110901546587,0.7487740475292343,0.11316484345529988,2651
1031,0.15535714285714286,0.7589285714285714,0.08571428571428572,560
1032,0.15118513773222295,0.7488789237668162,0.09993593850096093,1561
1033,0.17175239755884916,0.7375762859633828,0.09067131647776809,2294
1034,0.14188976377952756,0.7513385826771654,0.10677165354330709,6350
1035,0.15159420289855072,0.7286956521739131,0.11971014492753623,3450
1036,0.15857605177993528,0.7475728155339806,0.09385113268608414,309
1037,0.11377245508982035,0.6946107784431138,0.19161676646706588,334
1038,0.11831076724693745,0.736782720825274,0.14490651192778853,6204
1039,0.182648401826484,0.7269406392694064,0.09041095890410959,1095
1040,0.14613970588235295,0.7509191176470589,0.10294117647058823,1088
1041,0.17165668662674652,0.717564870259481,0.11077844311377245,1002
1042,0.10974244120940649,0.7077267637178052,0.18253079507278835,893
1043,0.15817223198594024,0.7688927943760984,0.07293497363796134,1138
1044,0.15217391304347827,0.7133742911153119,0.13445179584120984,4232
1045,0.11898625429553264,0.7070446735395189,0.17396907216494845,4656
1046,0.13527329925285098,0.7522611089264648,0.11246559182068423,2543
1047,0.13835344982885966,0.7360835885426049,0.1255629616285354,5551
1048,0.1544461778471139,0.7013594829507466,0.1441943392021395,4487
1049,0.1852589641434263,0.7250996015936255,0.08964143426294821,1004
1050,0.13708820403825717,0.7215727948990436,0.14133900106269925,941
1051,0.1252431906614786,0.7392996108949417,0.13545719844357976,4112
1052,0.15458937198067632,0.782608695652174,0.06280193236714976,207
1053,0.12113532691332995,0.6989356310187532,0.17992904206791688,1973
1054,0.12967032967032968,0.7494505494505495,0.12087912087912088,455
1055,0.1366906474820144,0.736429038587312,0.12688031393067364,1529
1056,0.18686131386861313,0.708029197080292,0.10510948905109489,685
1057,0.17010309278350516,0.7491408934707904,0.08075601374570447,582
1058,0.1471641791044776,0.7334328358208955,0.11940298507462686,6700
1059,0.14714193644340887,0.7349164642308265,0.11794159932576471,20171
1060,0.13579387186629527,0.6984679665738162,0.16573816155988857,1436
1061,0.1356382978723404,0.6959219858156028,0.16843971631205673,1128
1062,0.11857529305680793,0.7371505861136158,0.1442741208295762,2218
1063,0.13127567892574407,0.7527808397635034,0.11594348131075258,9979
1064,0.09573672400897532,0.6656694091249065,0.23859386686611816,1337
1065,0.1564281190626979,0.7479417352754908,0.09563014566181127,1579
1066,0.13167110239529345,0.7509455105757109,0.11738338702899566,7139
1067,0.17,0.7533333333333333,0.07666666666666666,300
1068,0.09422680412371134,0.7049484536082474,0.20082474226804123,4850
1069,0.18278301886792453,0.7087264150943396,0.10849056603773585,1696
1070,0.19482090997095838,0.707405614714424,0.09777347531461762,4132
1071,0.15758028379387604,0.7505601194921583,0.09185959671396565,1339
1072,0.13797634691195795,0.7503285151116952,0.1116951379763469,761
1073,0.08955223880597014,0.7761194029850746,0.13432835820895522,134
1074,0.0995850622406639,0.7551867219917012,0.14522821576763487,723
1075,0.16015625,0.73828125,0.1015625,256
1076,0.1362126245847176,0.7558139534883721,0.1079734219269103,1204
1077,0.12127236580516898,0.685222001325381,0.19350563286944997,1509
1078,0.13611738148984198,0.6892776523702031,0.17460496613995485,26580
1079,0.16216216216216217,0.722972972972973,0.11486486486486487,148
1080,0.16740088105726872,0.7533039647577092,0.07929515418502203,681
1081,0.11573236889692586,0.7920433996383364,0.0922242314647378,1106
1082,0.1482397814545642,0.7025926498634091,0.1491675686820267,19401
1083,0.17518248175182483,0.7153284671532847,0.10948905109489052,274
1084,0.19642857142857142,0.6428571428571429,0.16071428571428573,168
1085,0.07317073170731707,0.7276422764227642,0.1991869918699187,246
1086,0.14473684210526316,0.7201417004048583,0.13512145748987855,13832
1087,0.062111801242236024,0.7701863354037267,0.16770186335403728,161
1088,0.12442817932296432,0.7355901189387009,0.13998170173833485,1093
1089,0.13338926174496643,0.7416107382550335,0.125,2384
1090,0.12555464256368118,0.7179676800876472,0.1564776773486716,36510
1091,0.07983193277310924,0.8151260504201681,0.10504201680672269,238
1092,0.09598214285714286,0.7388392857142857,0.16517857142857142,448
1093,0.13985807214665877,0.7247191011235955,0.1354228267297457,3382
1094,0.14254859611231102,0.7498920086393088,0.10755939524838012,2315
1095,0.20359281437125748,0.6766467065868264,0.11976047904191617,334
1096,0.12233285917496443,0.7852062588904695,0.09246088193456614,703
1097,0.12165660051768766,0.7397756686798964,0.13856773080241588,5795
1098,0.16510724053548295,0.7326903699438606,0.1022023895206564,6947
1099,0.12065841135608578,0.7484143763213531,0.13092721232256116,6622
1100,0.10695187165775401,0.7112299465240641,0.18181818181818182,187
1101,0.16970387243735763,0.7320615034168565,0.09823462414578588,3512
1102,0.16601307189542483,0.7366013071895425,0.09738562091503268,1530
1103,0.17215189873417722,0.7012658227848101,0.12658227848101267,395
1104,0.0983524712930604,0.7438841737393909,0.15776335496754867,2003
1105,0.1518324607329843,0.7260034904013961,0.12216404886561955,573
1106,0.16451810926949048,0.7329650092081031,0.10251688152240639,1629
1107,0.1950171821305842,0.7225085910652921,0.08247422680412371,2328
1108,0.1643192488262911,0.7511737089201878,0.08450704225352113,213
1109,0.18233851185609157,0.7448896156991006,0.07277187244480784,1223
1110,0.1419264774313634,0.7398790134946487,0.1181945090739879,2149
1111,0.21534653465346534,0.7178217821782178,0.06683168316831684,404
1112,0.14540188269370022,0.7131064446053584,0.14149167270094135,6905
1113,0.16545893719806765,0.7282608695652174,0.10628019323671498,828
1114,0.125,0.7397540983606558,0.13524590163934427,488
1115,0.13019830976487323,0.7429503807212785,0.1268513095138482,11951
1116,0.09852890865549094,0.7598357851522408,0.14163530619226822,2923
1117,0.13851992409867173,0.7362428842504743,0.1252371916508539,527
1118,0.18791946308724833,0.6912751677852349,0.12080536912751678,149
1119,0.15456989247311828,0.7096774193548387,0.135752688172043,744
1120,0.1463388524122181,0.7203468455609477,0.13331430202683414,28024
1121,0.1935483870967742,0.7741935483870968,0.03225806451612903,31
1122,0.15700934579439252,0.7850467289719626,0.05794392523364486,535
1123,0.175,0.7214285714285714,0.10357142857142858,280
1124,0.14331210191082802,0.7261146496815286,0.1305732484076433,314
1125,0.11000985335883615,0.6823161189358372,0.2076740277053266,17253
1126,0.12509773260359655,0.7529319781078968,0.12197028928850664,1279
1127,0.1322743000943693,0.7447310474992136,0.12299465240641712,6358
1128,0.12205156335710368,0.732309380142622,0.14563905650027428,3646
1129,0.13753581661891118,0.7516714422158548,0.11079274116523401,1047
1130,0.1348968586835573,0.7581956689206539,0.10690747239578875,11683
1131,0.29927007299270075,0.6058394160583942,0.0948905109489051,137
1132,0.15673758865248227,0.7425531914893617,0.10070921985815603,1410
1133,0.1504424778761062,0.7551622418879056,0.0943952802359882,339
1134,0.22654867256637168,0.6858407079646017,0.08761061946902655,1130
1135,0.15194908512330946,0.7382657120127287,0.10978520286396182,1257
1136,0.16176470588235295,0.7316176470588235,0.10661764705882353,816
1137,0.10660486674391657,0.7694090382387022,0.12398609501738123,863
1139,0.18030359126249537,0.7089966679007775,0.11069974083672714,5402
1140,0.17473118279569894,0.7016129032258065,0.12365591397849462,372
1141,0.1386861313868613,0.7688564476885644,0.09245742092457421,411
1142,0.1592505854800937,0.7587822014051522,0.08196721311475409,854
1143,0.14634146341463414,0.6859756097560976,0.1676829268292683,328
1144,0.13598326359832635,0.7092050209205021,0.15481171548117154,956
1145,0.20454545454545456,0.6590909090909091,0.13636363636363635,44
1146,0.14945364821995066,0.7504406062742334,0.100105745505816,2837
1147,0.20784313725490197,0.7,0.09215686274509804,510
1148,0.14984326018808777,0.7335423197492164,0.11661442006269593,3190
1149,0.12975778546712802,0.7664359861591695,0.10380622837370242,578
1150,0.16873706004140787,0.7567287784679089,0.07453416149068323,966
1152,0.17894736842105263,0.7210526315789474,0.1,570
1153,0.12457912457912458,0.7104377104377104,0.16498316498316498,297
1154,0.12951167728237792,0.7494692144373672,0.12101910828025478,471
1155,0.19066147859922178,0.7003891050583657,0.10894941634241245,257
1156,0.12549105194238325,0.6985062321160095,0.17600271594160727,41238
1157,0.05405405405405406,0.7567567567567568,0.1891891891891892,37
1158,0.10073260073260074,0.7216117216117216,0.17765567765567766,546
1159,0.11206896551724138,0.7744252873563219,0.11350574712643678,696
1160,0.12806324110671938,0.7300395256916996,0.14189723320158104,2530
1161,0.1730112890522447,0.7372013651877133,0.089787345760042,3809
1162,0.15458937198067632,0.7600644122383253,0.0853462157809984,621
1163,0.14536741214057508,0.7667731629392971,0.0878594249201278,626
1164,0.16391881435628833,0.7337956074043211,0.10228557823939051,33602
1165,0.28,0.68,0.04,100
1166,0.1383660392470965,0.7404885863035643,0.1211453744493392,4994
1167,0.1941747572815534,0.7135922330097088,0.09223300970873786,206
1168,0.15184726887042602,0.7488067880502033,0.0993459430793707,5657
1169,0.18227848101265823,0.7012658227848101,0.11645569620253164,395
1170,0.12370160528800755,0.7582625118035883,0.11803588290840415,1059
1171,0.14945208673350432,0.731289344835626,0.11925856843086967,17156
1172,0.15726495726495726,0.7128205128205128,0.12991452991452992,585
1173,0.13522727272727272,0.7204545454545455,0.14431818181818182,880
1174,0.13256484149855907,0.7449567723342939,0.12247838616714697,694
1175,0.10497667185069985,0.7387247278382582,0.15629860031104198,2572
1176,0.14872364039955605,0.7480577136514983,0.10321864594894561,901
1177,0.08917197452229299,0.7691082802547771,0.14171974522292993,628
1178,0.2037533512064343,0.7004021447721179,0.09584450402144772,1492
1179,0.14106583072100312,0.6990595611285266,0.15987460815047022,319
1180,0.07866507747318235,0.7246722288438617,0.1966626936829559,839
1181,0.15971479500891267,0.7044563279857398,0.1358288770053476,2805
1183,0.09481037924151696,0.5968063872255489,0.3083832335329341,3006
1184,0.19021964359718194,0.7181931205967675,0.09158723580605056,2413
1185,0.13333333333333333,0.6987654320987654,0.16790123456790124,405
1186,0.23903508771929824,0.7127192982456141,0.04824561403508772,456
1187,0.15855855855855855,0.7441441441441441,0.0972972972972973,555
1188,0.1258426966292135,0.7820224719101123,0.09213483146067415,445
1189,0.11051788574479444,0.7375867592098239,0.15189535504538174,11238
1190,0.16515426497277677,0.734573502722323,0.10027223230490018,2204
1191,0.13213076074133273,0.6987860105795943,0.16908322867907297,26277
1192,0.06979314700773726,0.585188694141797,0.34501815885046583,6333
1193,0.14450867052023122,0.7304913294797688,0.125,2768
1194,0.12472347242352583,0.7566557327027233,0.11862079487375086,13109
1195,0.14740710494079215,0.7484687627603104,0.10412413229889751,2449
1196,0.09321175278622088,0.6960486322188449,0.21073961499493415,987
1197,0.14919033713830634,0.737722325457924,0.11308733740376958,7534
1198,0.18252933507170796,0.7249022164276402,0.09256844850065189,767
1199,0.1569817866435386,0.7476149176062445,0.09540329575021683,2306
1200,0.1364795918367347,0.7729591836734694,0.09056122448979592,784
1201,0.07400379506641366,0.777988614800759,0.14800759013282733,527
1202,0.20754716981132076,0.7264150943396226,0.0660377358490566,212
1203,0.1604120676968359,0.7181751287711553,0.12141280353200883,1359
1204,0.25862068965517243,0.6724137931034483,0.06896551724137931,174
1205,0.15498938428874734,0.6942675159235668,0.15074309978768577,942
1206,0.19318181818181818,0.7462121212121212,0.06060606060606061,528
1207,0.20615384615384616,0.7415384615384616,0.052307692307692305,325
1208,0.06692913385826772,0.7598425196850394,0.1732283464566929,254
1209,0.1724137931034483,0.7164750957854407,0.1111111111111111,261
1210,0.2047244094488189,0.699475065616798,0.09580052493438321,762
1211,0.10116731517509728,0.7392996108949417,0.15953307392996108,1285
1212,0.4222222222222222,0.5333333333333333,0.044444444444444446,45
1213,0.14560770156438027,0.6955475330926595,0.1588447653429603,831
1214,0.12226043563288151,0.7328882594915369,0.14485130487558162,14829
1215,0.13196480938416422,0.7278592375366569,0.14017595307917888,3410
1216,0.1700382722799344,0.7572443958447239,0.07271733187534171,1829
1217,0.14802595403057298,0.712416144286814,0.139557901682613,9093
1218,0.08647260273972603,0.759417808219178,0.1541095890410959,1168
1219,0.13863384955752212,0.6993086283185841,0.1620575221238938,36160
1220,0.12065972222222222,0.7469618055555556,0.1323784722222222,2304
1221,0.12360446570972887,0.7830940988835726,0.09330143540669857,1254
1222,0.11028917283120376,0.7081371889710827,0.18157363819771352,1487
1223,0.1456071076011846,0.7137216189536032,0.14067127344521224,2026
1224,0.21561338289962825,0.7174721189591078,0.06691449814126393,269
1225,0.17981520966595593,0.7434257285003554,0.0767590618336887,1407
1226,0.18235294117647058,0.711764705882353,0.10588235294117647,170
1227,0.23421926910299004,0.6644518272425249,0.10132890365448505,602
1228,0.08700293568187883,0.6933546837469976,0.21964238057112356,3747
1229,0.11514463981849121,0.7532614861032332,0.13159387407827566,1763
1230,0.11262798634812286,0.7798634812286689,0.1075085324232082,586
1231,0.1492753623188406,0.7369565217391304,0.11376811594202899,1380
1232,0.10044642857142858,0.7767857142857143,0.12276785714285714,448
1233,0.10112359550561797,0.7050561797752809,0.19382022471910113,356
1234,0.3125,0.6666666666666666,0.020833333333333332,48
1235,0.10695187165775401,0.7210338680926917,0.17201426024955438,1122
1236,0.12720201326927477,0.7483413406543125,0.12445664607641271,4371
1237,0.12375580623755807,0.7239548772395488,0.15228931652289315,3014
1238,0.14393939393939395,0.7765151515151515,0.07954545454545454,264
1239,0.09819121447028424,0.8268733850129198,0.07493540051679587,387
1240,0.12881545785494258,0.7530103612433492,0.11817418090170821,3571
1241,0.12686295892402763,0.7182842602689931,0.15485278080697928,2751
1242,0.14794732765298219,0.761425251742835,0.0906274206041828,1291
1243,0.1064891846921797,0.7545757071547421,0.1389351081530782,2404
1244,0.13201663201663202,0.7292099792099792,0.13877338877338877,1924
1245,0.15564738292011018,0.7272727272727273,0.11707988980716254,726
1246,0.15594375798892202,0.7345547507456327,0.10950149126544526,2347
1247,0.14285714285714285,0.7011494252873564,0.15599343185550082,609
1248,0.11403159431833267,0.7459179609717244,0.1400504447099429,7533
1249,0.11989450424121463,0.6962720079834628,0.18383348777532255,14029
1250,0.10749774164408311,0.7190605239385727,0.17344173441734417,1107
1251,0.1657754010695187,0.7165775401069518,0.11764705882352941,187
1252,0.12073490813648294,0.7239720034995626,0.1552930883639545,2286
1253,0.14397719173200285,0.7312900926585887,0.1247327156094084,1403
1254,0.1418208197315923,0.6931447225244831,0.16503445774392456,2757
1255,0.1436447166921899,0.7488514548238897,0.10750382848392037,3265
1256,0.15776946616797008,0.7521251275076505,0.09010540632437947,2941
1257,0.15243257535695398,0.7410100475938657,0.10655737704918032,7564
1258,0.17676767676767677,0.6868686868686869,0.13636363636363635,198
1259,0.09905660377358491,0.7216981132075472,0.1792452830188679,848
1260,0.16068447412353923,0.760016694490818,0.07929883138564274,2396
1261,0.1163575042158516,0.7352445193929174,0.14839797639123103,593
1262,0.1029143897996357,0.74408014571949,0.15300546448087432,1098
1263,0.07947019867549669,0.7377483443708609,0.1827814569536424,755
1264,0.14511873350923482,0.7519788918205804,0.10290237467018469,379
1265,0.1560951291750975,0.7389812615465822,0.10492360927832028,34101
1266,0.1409921671018277,0.7615317667536988,0.09747606614447346,1149
1267,0.22010869565217392,0.6929347826086957,0.08695652173913043,736
1268,0.1306532663316583,0.7889447236180904,0.08040201005025126,199
1269,0.14082412914188616,0.7361937128292269,0.122982158028887,4708
1270,0.1531012220428868,0.7461378833294904,0.10076089462762278,4337
1271,0.15398230088495576,0.7592920353982301,0.08672566371681416,565
1272,0.12251925093440208,0.6564118316853976,0.22106891738020032,621788
1273,0.15169300225733634,0.7300225733634311,0.1182844243792325,2215
1274,0.1315240083507307,0.6805845511482255,0.18789144050104384,479
1275,0.14682080924855492,0.696242774566474,0.1569364161849711,3460
1276,0.11405445180279618,0.7527593818984547,0.13318616629874908,2718
1278,0.1752136752136752,0.782051282051282,0.042735042735042736,234
1279,0.13709677419354838,0.7526881720430108,0.11021505376344086,372
1280,0.1280294378885928,0.7230046948356808,0.14896586727572644,7881
1281,0.140625,0.75,0.109375,128
1282,0.19753086419753085,0.691358024691358,0.1111111111111111,162
1283,0.14591836734693878,0.7653061224489796,0.08877551020408163,980
1284,0.11033099297893681,0.7759946506185222,0.11367435640254096,2991
1285,0.14064914992272023,0.749613601236476,0.10973724884080371,647
1286,0.13851351351351351,0.7466216216216216,0.11486486486486487,592
1287,0.1625169760072431,0.723404255319149,0.11407876867360797,2209
1288,0.19318181818181818,0.75,0.056818181818181816,88
1289,0.15196078431372548,0.7630718954248366,0.08496732026143791,612
1290,0.14883720930232558,0.7237209302325581,0.12744186046511627,1075
1291,0.2012012012012012,0.7372372372372372,0.06156156156156156,666
1292,0.1368300090289748,0.7384470163342363,0.12472297463678897,24366
1293,0.16042481833426495,0.7395192845164896,0.10005589714924538,3578
1294,0.14494163424124515,0.72568093385214,0.1293774319066148,1028
1295,0.1045531197301855,0.7689713322091062,0.12647554806070826,593
1296,0.10497237569060773,0.7403314917127072,0.15469613259668508,181
1298,0.07428571428571429,0.6571428571428571,0.26857142857142857,350
1299,0.18451443569553805,0.7181102362204724,0.0973753280839895,3810
1300,0.17338470657972732,0.7344398340248963,0.09217545939537641,3374
1301,0.14170506912442396,0.7649769585253456,0.09331797235023041,868
1302,0.08281733746130031,0.7008513931888545,0.2163312693498452,2584
1303,0.12452290076335878,0.7333015267175572,0.14217557251908397,2096
1304,0.17328042328042328,0.701058201058201,0.12566137566137567,756
1305,0.14953271028037382,0.7616822429906542,0.08878504672897196,1498
1306,0.1712907117008444,0.7575392038600723,0.07117008443908324,829
1307,0.16447146234380278,0.7220533603512327,0.11347517730496454,2961
1308,0.15638963360142985,0.7262436699434018,0.1173666964551683,3357
1309,0.1278296802012217,0.7178404599353216,0.1543298598634567,11132
1310,0.16033254156769597,0.7387173396674585,0.10095011876484561,842
1311,0.1488673139158576,0.7378640776699029,0.11326860841423948,927
1312,0.12727272727272726,0.7116883116883117,0.16103896103896104,385
1313,0.17101827676240208,0.7428198433420365,0.08616187989556136,766
1314,0.12827058072750477,0.7605980490473152,0.11113137022518005,10969
1315,0.12390243902439024,0.7635772357723577,0.11252032520325203,6150
1316,0.12087497642843674,0.7814444653969451,0.09768055817461814,5303
1317,0.10945802337938364,0.7853347502656748,0.10520722635494155,941
1318,0.16865869853917662,0.7330677290836654,0.09827357237715803,753
2002,0.13660245183887915,0.7197898423817863,0.1436077057793345,571
2003,0.2330508474576271,0.711864406779661,0.05508474576271186,236
2004,0.18172157279489903,0.701912858660999,0.11636556854410202,1882
2006,0.23195084485407066,0.674347158218126,0.09370199692780339,651
2007,0.14769520225776106,0.7525870178739417,0.09971777986829727,1063
2008,0.2289156626506024,0.6626506024096386,0.10843373493975904,83
2009,0.2865853658536585,0.6158536585365854,0.0975609756097561,164
2011,0.19486823855755894,0.7246879334257975,0.08044382801664356,1442
2014,0.3424657534246575,0.6301369863013698,0.0273972602739726,146
2015,0.16647727272727272,0.7193181818181819,0.11420454545454546,1760
2016,0.1884682466399918,0.6857494613727301,0.12578229198727814,9747
2017,0.1659625829812915,0.7139408569704285,0.12009656004828002,1657
2021,0.16436251920122888,0.6989247311827957,0.13671274961597543,651
2025,0.18518518518518517,0.6402116402116402,0.1746031746031746,189
2029,0.16129032258064516,0.6774193548387096,0.16129032258064516,62
2030,0.1935897435897436,0.7410256410256411,0.06538461538461539,780
2031,0.10126582278481013,0.714614499424626,0.18411967779056387,869
2032,0.17886178861788618,0.7154471544715447,0.10569105691056911,615
2033,0.12804878048780488,0.7865853658536586,0.08536585365853659,164
2035,0.2818181818181818,0.6454545454545455,0.07272727272727272,220
2041,0.2,0.7,0.1,40
2042,0.14983418751884234,0.7313837805245704,0.11878203195658728,3317
2043,0.11731843575418995,0.7597765363128491,0.12290502793296089,179
2045,0.22388059701492538,0.5970149253731343,0.1791044776119403,67
2047,0.20168067226890757,0.7075630252100841,0.0907563025210084,595
2048,0.17194570135746606,0.755656108597285,0.07239819004524888,221
2049,0.16720199857244825,0.7519628836545325,0.08083511777301927,5604
2052,0.21455938697318008,0.6896551724137931,0.09578544061302682,261
2054,0.15451174289245984,0.7379480840543882,0.10754017305315204,809
2057,0.26993865030674846,0.6871165644171779,0.04294478527607362,163
2058,0.18491484184914841,0.7372262773722628,0.07785888077858881,822
2059,0.22691292875989447,0.7071240105540897,0.06596306068601583,379
2061,0.18921189716014114,0.7173584271551,0.09342967568475886,5951
2062,0.23639774859287055,0.6960600375234521,0.0675422138836773,533
2065,0.23809523809523808,0.6666666666666666,0.09523809523809523,252
2066,0.1444043321299639,0.740072202166065,0.11552346570397112,277
2067,0.23756906077348067,0.6933701657458563,0.06906077348066299,362
2068,0.2203125,0.659375,0.1203125,640
2070,0.1486810551558753,0.7386091127098321,0.11270983213429256,417
2071,0.17624398073836275,0.7207062600321027,0.10304975922953451,3115
2072,0.18652849740932642,0.7219343696027634,0.09153713298791019,579
2078,0.1506849315068493,0.7123287671232876,0.136986301369863,73
2079,0.16746871992300288,0.7170356111645814,0.11549566891241578,1039
2082,0.21626617375231053,0.6950092421441775,0.08872458410351201,541
2088,0.1857638888888889,0.7222222222222222,0.0920138888888889,576
2089,0.1987179487179487,0.6923076923076923,0.10897435897435898,156
2090,0.18757327080890973,0.731535756154748,0.08089097303634232,853
2091,0.15178571428571427,0.71875,0.12946428571428573,224
2093,0.12738853503184713,0.7653927813163482,0.10721868365180467,942
2096,0.0847457627118644,0.8559322033898306,0.059322033898305086,118
2097,0.0784313725490196,0.8431372549019608,0.0784313725490196,153
2102,0.17286652078774617,0.7286652078774617,0.09846827133479212,457
2104,0.22140221402214022,0.6771217712177122,0.1014760147601476,542
2107,0.20781758957654722,0.6889250814332247,0.103257328990228,3070
2108,0.12758620689655173,0.7896551724137931,0.08275862068965517,290
2110,0.25925925925925924,0.6481481481481481,0.09259259259259259,54
2113,0.25833333333333336,0.6666666666666666,0.075,120
2115,0.19375,0.759375,0.046875,320
2116,0.15229885057471265,0.7362068965517241,0.11149425287356322,1740
2118,0.1725,0.735,0.0925,400
2121,0.14583333333333334,0.7569444444444444,0.09722222222222222,144
2122,0.15417867435158503,0.7550432276657061,0.09077809798270893,694
2126,0.174496644295302,0.7449664429530202,0.08053691275167785,149
2127,0.2073170731707317,0.6829268292682927,0.10975609756097561,82
2128,0.1646405001736714,0.7328933657519973,0.10246613407433136,2879
2131,0.1912280701754386,0.7166666666666667,0.09210526315789473,1140
2133,0.17186742118027487,0.711236863379143,0.11689571544058205,6185
2134,0.23509933774834438,0.7052980132450332,0.059602649006622516,302
2135,0.1189710610932476,0.7363344051446945,0.14469453376205788,311
2137,0.20475669764898852,0.7069436850738108,0.08829961727720066,3658
2142,0.16436781609195403,0.7103448275862069,0.12528735632183907,870
2147,0.1680161943319838,0.742914979757085,0.08906882591093117,494
2148,0.1820618556701031,0.7156701030927836,0.1022680412371134,4850
2150,0.1787420382165605,0.714968152866242,0.10628980891719746,2512
2152,0.2197875166002656,0.7051792828685259,0.0750332005312085,1506
2156,0.1626890143924212,0.7110584805975587,0.12625250501002003,5489
2158,0.14273809523809525,0.6863392857142857,0.17092261904761905,33600
2163,0.19543973941368079,0.755700325732899,0.048859934853420196,307
2164,0.19370860927152317,0.706953642384106,0.09933774834437085,1208
2166,0.17391304347826086,0.7130434782608696,0.11304347826086956,115
2170,0.16911764705882354,0.7279411764705882,0.10294117647058823,136
2171,0.1725955204216074,0.7075098814229249,0.11989459815546773,759
3001,0.10841283607979185,0.7285342584562012,0.16305290546400694,1153
3002,0.12682215743440234,0.6865889212827988,0.18658892128279883,686
3006,0.201338199513382,0.7086374695863747,0.09002433090024331,1644
3008,0.14628067484662577,0.6651648773006135,0.18855444785276074,10432
3012,0.17697594501718214,0.6907216494845361,0.1323024054982818,582
3016,0.16415554598938153,0.7211938585162864,0.11465059549433204,6969
3018,0.17484008528784648,0.7078891257995735,0.11727078891257996,938
3019,0.1395617070357555,0.7727797001153403,0.08765859284890427,867
3021,0.16354166666666667,0.6583333333333333,0.178125,960
3022,0.16851441241685144,0.7195121951219512,0.11197339246119734,902
3023,0.18820410868124585,0.7084161696487741,0.10337972166998012,1509
3024,0.14998415213946117,0.7051664025356577,0.14484944532488114,15775
3025,0.1691919191919192,0.7334455667789002,0.0973625140291807,3564
3026,0.16804029304029305,0.7142857142857143,0.11767399267399267,2184
3027,0.17586206896551723,0.7183908045977011,0.10574712643678161,870
3030,0.16379760041731872,0.7141366718831508,0.12206572769953052,1917
3032,0.14574441375847352,0.7373838814963596,0.11687170474516696,7966
3036,0.18133333333333335,0.6933333333333334,0.12533333333333332,1875
3037,0.16893732970027248,0.728882833787466,0.10217983651226158,734
3039,0.17378497790868924,0.7039764359351989,0.12223858615611193,679
3040,0.17120280948200176,0.7155399473222125,0.11325724319578578,1139
3041,0.1783960720130933,0.7397708674304418,0.08183306055646482,611
3042,0.12135922330097088,0.7864077669902912,0.09223300970873786,206
3043,0.14261579614247502,0.7296916795720119,0.12769252428551317,7103
3044,0.21107266435986158,0.6955017301038062,0.09342560553633218,289
3045,0.20065430752453653,0.693565976008724,0.10577971646673937,917
3047,0.17234262125902994,0.6904024767801857,0.13725490196078433,969
3049,0.16894489534387014,0.7343015805211448,0.09675352413498504,4682
3051,0.1375921375921376,0.687960687960688,0.17444717444717445,407
3052,0.1377049180327869,0.726775956284153,0.1355191256830601,915
3055,0.15897435897435896,0.729059829059829,0.11196581196581197,1170
3058,0.14452332657200812,0.742393509127789,0.11308316430020283,1972
3060,0.21449559255631734,0.7179236043095005,0.06758080313418217,1021
3062,0.1279716742539201,0.7430450177035913,0.12898330804248861,1977
3065,0.17569352708058125,0.6955085865257595,0.1287978863936592,1514
3066,0.15965092402464065,0.7238193018480493,0.11652977412731007,1948
3068,0.15221783047870005,0.7132191480017567,0.13456302151954325,11385
3069,0.11862745098039215,0.7401960784313726,0.1411764705882353,1020
3070,0.181021897810219,0.7175182481751825,0.10145985401459855,1370
3073,0.1673515128875607,0.7291744490100859,0.10347403810235338,2677
3076,0.19465468306527908,0.7133396404919584,0.09200567644276253,4228
3077,0.16216216216216217,0.7347347347347347,0.1031031031031031,999
3079,0.18236819360414866,0.6980697205416306,0.11956208585422068,3471
3082,0.14993954050785974,0.7209794437726723,0.12908101571946795,3308
3083,0.25161290322580643,0.6645161290322581,0.08387096774193549,465
3084,0.13977832512315272,0.6884236453201971,0.17179802955665024,1624
3088,0.15247678018575853,0.7345201238390093,0.1130030959752322,1292
3090,0.17989417989417988,0.708994708994709,0.1111111111111111,189
3091,0.16806020066889632,0.7382943143812709,0.09364548494983277,1196
3093,0.1649122807017544,0.6970760233918128,0.13801169590643275,855
3095,0.11396468699839486,0.7383627608346709,0.1476725521669342,1869
3097,0.13977272727272727,0.7318181818181818,0.12840909090909092,880
3098,0.23076923076923078,0.6289592760180995,0.14027149321266968,663
3100,0.17453580901856763,0.7458885941644562,0.07957559681697612,1885
3103,0.12308812818645302,0.7188638018936635,0.15804806991988346,1373
3104,0.17105263157894737,0.6891447368421053,0.13980263157894737,608
3106,0.12900576291269455,0.67629396240642,0.19470027468088544,74268
3108,0.17631327602674307,0.6981852913085005,0.12550143266475644,10470
3109,0.15770392749244713,0.6670694864048339,0.17522658610271905,1655
3112,0.1488862837045721,0.6565064478311841,0.19460726846424384,853
3114,0.14072229140722292,0.7297633872976339,0.1295143212951432,1606
3115,0.17466666666666666,0.704,0.12133333333333333,750
3116,0.11492122335495829,0.7191844300278035,0.16589434661723818,1079
3119,0.1423785594639866,0.7202680067001676,0.1373534338358459,597
3120,0.2698412698412698,0.6750700280112045,0.055088702147525676,1071
3121,0.137887413029728,0.7722960151802657,0.08981657179000632,1581
3122,0.16244002741603839,0.7299520219328307,0.10760795065113091,1459
3129,0.1858678955453149,0.6789554531490015,0.13517665130568357,651
3130,0.17538354253835425,0.708507670850767,0.11610878661087866,2868
3131,0.14253048780487804,0.7367886178861789,0.12068089430894309,3936
3133,0.18902169101372288,0.7352810978308987,0.07569721115537849,2259
3134,0.16970802919708028,0.7408759124087592,0.08941605839416059,548
3135,0.1471747700394218,0.7365308804204993,0.11629434954007885,1522
3138,0.13317757009345793,0.7733644859813084,0.09345794392523364,428
3139,0.1884469696969697,0.6912878787878788,0.12026515151515152,1056
3140,0.1977818853974122,0.6802218114602587,0.12199630314232902,541
3141,0.1903584672435105,0.6983930778739185,0.11124845488257108,809
3143,0.17574609189957366,0.6930364756039792,0.13121743249644718,2111
3144,0.18452380952380953,0.7321428571428571,0.08333333333333333,336
3146,0.1674347158218126,0.7265745007680492,0.10599078341013825,651
3149,0.15551139186599475,0.7254595783944922,0.1190290297395131,14089
3153,0.15443037974683543,0.720253164556962,0.12531645569620253,790
3154,0.18358291735995563,0.7301719356627843,0.08624514697726013,3606
3158,0.17574578469520102,0.7153047989623865,0.10894941634241245,1542
3159,0.14930015552099535,0.7216174183514774,0.1290824261275272,643
3164,0.14138817480719795,0.7532133676092545,0.10539845758354756,389
3166,0.14943396226415095,0.720503144654088,0.130062893081761,3975
4001,0.06722689075630252,0.8403361344537815,0.09243697478991597,119
4002,0.1657754010695187,0.786096256684492,0.0481283422459893,187
4003,0.14698022447888828,0.6845372692513259,0.1684825062697858,24323
4004,0.24725274725274726,0.5989010989010989,0.15384615384615385,182
4005,0.0891089108910891,0.8613861386138614,0.04950495049504951,101
4006,0.1044776119402985,0.835820895522388,0.05970149253731343,67
4007,0.19607843137254902,0.7320261437908496,0.0718954248366013,153
4008,0.173974540311174,0.7411598302687411,0.08486562942008487,707
4009,0.20722171113155474,0.7053817847286109,0.08739650413983441,4348
4010,0.1591737545565006,0.7387606318347509,0.10206561360874848,823
4011,0.16768916155419222,0.6441717791411042,0.18813905930470348,489
4012,0.19056163646151086,0.7197200789520904,0.0897182845863987,5573
4013,0.11259541984732824,0.7404580152671756,0.14694656488549618,524
4014,0.18936170212765957,0.723404255319149,0.08723404255319149,470
4015,0.2541436464088398,0.6961325966850829,0.049723756906077346,181
4016,0.14726840855106887,0.7379255740300871,0.11480601741884403,2526
4017,0.24719101123595505,0.6966292134831461,0.056179775280898875,89
4018,0.22093023255813954,0.6937984496124031,0.08527131782945736,258
4019,0.15687008611007114,0.7371770872332459,0.10595282665668289,2671
4020,0.21525885558583105,0.7002724795640327,0.08446866485013624,367
4021,0.24,0.58,0.18,50
4022,0.1162251655629139,0.7390728476821192,0.1447019867549669,3020
4023,0.2857142857142857,0.6103896103896104,0.1038961038961039,77
4024,0.11072664359861592,0.7681660899653979,0.12110726643598616,289
4025,0.11874397170721251,0.7345407780516557,0.14671525024113172,9331
4026,0.23529411764705882,0.7132352941176471,0.051470588235294115,136
4027,0.18700787401574803,0.6811023622047244,0.13188976377952755,508
4028,0.1408240715641095,0.7300081322851721,0.12916779615071836,7378
4029,0.15092706482620383,0.7110382214933261,0.13803471368047013,21951
4030,0.100418410041841,0.7782426778242678,0.12133891213389121,239
4031,0.15151515151515152,0.6363636363636364,0.21212121212121213,33
4032,0.16267942583732056,0.784688995215311,0.05263157894736842,209
4033,0.2184769038701623,0.7066167290886392,0.0749063670411985,801
4034,0.15680396246089676,0.7267987486965589,0.11639728884254431,7672
4035,0.17802197802197803,0.7032967032967034,0.11868131868131868,455
4037,0.17940038684719536,0.7149419729206963,0.10565764023210832,4136
4038,0.1896551724137931,0.7068965517241379,0.10344827586206896,58
4039,0.22077922077922077,0.6883116883116883,0.09090909090909091,77
4040,0.15035985216883874,0.7220385139078,0.1276016339233612,5141
4041,0.18478747203579418,0.7279642058165549,0.087248322147651,2235
4042,0.21957040572792363,0.698090692124105,0.08233890214797136,838
4043,0.16094674556213018,0.7260355029585799,0.11301775147928994,3380
4044,0.23622047244094488,0.6771653543307087,0.08661417322834646,127
4045,0.15689981096408318,0.7712665406427222,0.07183364839319471,1058
4046,0.15176964607078583,0.7384523095380924,0.10977804439112178,1667
4047,0.2786885245901639,0.6885245901639344,0.03278688524590164,122
4049,0.1438095238095238,0.7628571428571429,0.09333333333333334,1050
4050,0.2979591836734694,0.6122448979591837,0.08979591836734693,245
4051,0.16619318181818182,0.7315340909090909,0.10227272727272728,704
4052,0.18660287081339713,0.784688995215311,0.028708133971291867,209
4053,0.13333333333333333,0.8666666666666667,0.0,45
4054,0.22077922077922077,0.7012987012987013,0.07792207792207792,77
4055,0.13394495412844037,0.7376146788990826,0.12844036697247707,545
4056,0.2267037552155772,0.674547983310153,0.09874826147426982,719
4057,0.20810810810810812,0.7378378378378379,0.05405405405405406,370
4058,0.2463768115942029,0.6853002070393375,0.06832298136645963,483
4059,0.15818363273453093,0.717814371257485,0.12400199600798403,4008
4060,0.2,0.7538461538461538,0.046153846153846156,65
4061,0.17570754716981132,0.7270047169811321,0.0972877358490566,5088
4062,0.1645077720207254,0.7376943005181347,0.0977979274611399,1544
4063,0.27514792899408286,0.6301775147928994,0.09467455621301775,338
4064,0.13720452209660844,0.7140287769784173,0.1487667009249743,3892
4065,0.16696696696696697,0.7471471471471471,0.08588588588588589,1665
4066,0.15288343558282208,0.7271165644171779,0.12,4075
4067,0.14657748683648783,0.7345951330582041,0.11882738010530809,7027
4068,0.1697363669194655,0.7193932827735645,0.11087035030697003,2769
4069,0.18115942028985507,0.6884057971014492,0.13043478260869565,138
4070,0.1864406779661017,0.7627118644067796,0.05084745762711865,59
4071,0.21393034825870647,0.7263681592039801,0.05970149253731343,603
4072,0.17095038852361027,0.7232516437537359,0.10579796772265392,1673
4073,0.1702127659574468,0.7084531339850488,0.12133410005750431,1739
4074,0.24932614555256064,0.6576819407008087,0.09299191374663072,742
4075,0.1900990099009901,0.7259405940594059,0.08396039603960397,2525
4076,0.1896551724137931,0.7379310344827587,0.07241379310344828,290
4077,0.20967741935483872,0.6612903225806451,0.12903225806451613,124
4078,0.12476396950835723,0.6843835233233093,0.19085250716833346,42897
4079,0.18326693227091634,0.7204515272244356,0.09628154050464807,1506
4080,0.13917710196779964,0.7373881932021467,0.12343470483005367,2795
4081,0.16062322946175636,0.7164305949008498,0.12294617563739377,3530
4082,0.1664156626506024,0.7206325301204819,0.11295180722891567,5312
4083,0.19402985074626866,0.7611940298507462,0.04477611940298507,67
4084,0.1533442088091354,0.7226753670473083,0.12398042414355628,613
4085,0.21324503311258278,0.7119205298013245,0.07483443708609272,1510
4086,0.1889400921658986,0.7235023041474654,0.08755760368663594,1302
4087,0.19345238095238096,0.7083333333333334,0.09821428571428571,336
4088,0.188,0.728,0.084,250
4089,0.15623810818157108,0.7053547159554227,0.13840717586300624,18395
4090,0.1782006920415225,0.7041522491349481,0.11764705882352941,578
4091,0.13125512715340443,0.7522559474979491,0.11648892534864644,1219
4092,0.14545454545454545,0.740909090909091,0.11363636363636363,220
4093,0.17050691244239632,0.6797235023041475,0.1497695852534562,434
4094,0.14566929133858267,0.7992125984251969,0.05511811023622047,254
4095,0.16243432574430824,0.7324868651488616,0.10507880910683012,2284
4096,0.15991356023770933,0.7525661804430038,0.08752025931928688,1851
4097,0.18627450980392157,0.7450980392156863,0.06862745098039216,204
4098,0.17142857142857143,0.7238095238095238,0.10476190476190476,105
4099,0.16275071633237823,0.6991404011461319,0.13810888252148998,1745
4100,0.14285714285714285,0.7520215633423181,0.10512129380053908,1484
4101,0.15995607613469986,0.6914348462664714,0.1486090775988287,2732
4102,0.23529411764705882,0.7058823529411765,0.058823529411764705,51
4103,0.47368421052631576,0.49122807017543857,0.03508771929824561,57
4104,0.21057118499573743,0.7058823529411765,0.08354646206308611,1173
4105,0.13247863247863248,0.7269705603038936,0.14055080721747387,2106
4106,0.2492836676217765,0.667621776504298,0.0830945558739255,349
4107,0.15196998123827393,0.7636022514071295,0.08442776735459662,533
4108,0.1935483870967742,0.7322580645161291,0.07419354838709677,620
4109,0.21893491124260356,0.6982248520710059,0.08284023668639054,169
4110,0.1515418502202643,0.6731277533039648,0.17533039647577092,1135
4111,0.22448979591836735,0.7414965986394558,0.034013605442176874,147
4112,0.18181818181818182,0.696969696969697,0.12121212121212122,33
4113,0.1387354205033763,0.7513812154696132,0.10988336402701043,1629
4114,0.1762086513994911,0.7239185750636132,0.09987277353689568,1572
4115,0.2383134738771769,0.6700274977085243,0.09165902841429881,1091
4116,0.14607130494980963,0.7033575631706472,0.1505711318795431,2889
4117,0.15220125786163521,0.7496855345911949,0.09811320754716982,2385
4118,0.1686310063463282,0.7506799637352675,0.08068902991840435,1103
4119,0.2,0.6888888888888889,0.1111111111111111,45
4120,0.2976190476190476,0.6309523809523809,0.07142857142857142,168
4121,0.20888157894736842,0.7286184210526315,0.0625,608
4122,0.20164609053497942,0.720164609053498,0.07818930041152264,243
4123,0.16756756756756758,0.7513513513513513,0.08108108108108109,185
4124,0.2222222222222222,0.6767676767676768,0.10101010101010101,198
4125,0.1955193482688391,0.7128309572301426,0.09164969450101833,491
4126,0.14506172839506173,0.6965020576131687,0.15843621399176955,972
4127,0.2571428571428571,0.7428571428571429,0.0,70
4128,0.17482517482517482,0.7052947052947053,0.11988011988011989,1001
4129,0.15602836879432624,0.7683215130023641,0.07565011820330969,423
4130,0.13991020507219998,0.6935444727581604,0.1665453221696396,16482
4131,0.18867924528301888,0.6918238993710691,0.11949685534591195,477
4132,0.1609547123623011,0.7105263157894737,0.12851897184822522,1634
4133,0.15712230215827339,0.7438848920863309,0.09899280575539568,3475
4134,0.18544600938967137,0.7417840375586855,0.07276995305164319,426
4135,0.2098950524737631,0.7091454272863568,0.08095952023988005,667
4136,0.15028901734104047,0.7398843930635838,0.10982658959537572,519
4137,0.1544943820224719,0.7387640449438202,0.10674157303370786,356
4138,0.2215909090909091,0.6818181818181818,0.09659090909090909,176
4139,0.1837837837837838,0.7189189189189189,0.0972972972972973,370
4140,0.19435483870967743,0.6943548387096774,0.11129032258064517,1240
4141,0.20809248554913296,0.6647398843930635,0.12716763005780346,173
4142,0.15,0.752906976744186,0.09709302325581395,1720
4143,0.17224726336123633,0.739536381197682,0.08821635544108178,3106
4144,0.18152031454783749,0.7182175622542595,0.10026212319790301,1526
4145,0.20666666666666667,0.6616666666666666,0.13166666666666665,600
4146,0.21029411764705883,0.7323529411764705,0.057352941176470586,680
4147,0.17135050741608118,0.7435597189695551,0.08508977361436378,2562
4148,0.1784,0.706,0.1156,2500
4149,0.22492401215805471,0.662613981762918,0.11246200607902736,329
4150,0.18181818181818182,0.7509881422924901,0.06719367588932806,253
4151,0.20454545454545456,0.6938502673796791,0.10160427807486631,748
4152,0.15059445178335534,0.7225891677675033,0.12681638044914134,757
4153,0.14285714285714285,0.801948051948052,0.05519480519480519,308
4154,0.1643835616438356,0.8082191780821918,0.0273972602739726,73
4155,0.17885532591414943,0.7154213036565977,0.10572337042925278,1258
4156,0.16417910447761194,0.582089552238806,0.2537313432835821,67
4157,0.20489872821479038,0.7164390014130947,0.07866227037211493,2123
4158,0.1615720524017467,0.7489082969432315,0.08951965065502183,458
4159,0.29880478087649404,0.6135458167330677,0.08764940239043825,251
4160,0.23076923076923078,0.6035502958579881,0.16568047337278108,169
4161,0.195,0.74,0.065,200
4162,0.13414634146341464,0.7804878048780488,0.08536585365853659,82
4163,0.16954771489462467,0.6961875443997159,0.1342647407056595,4223
4164,0.20087336244541484,0.7379912663755459,0.0611353711790393,229
4165,0.1411543287327478,0.7572145545796738,0.10163111668757842,1594
4166,0.1945870275314979,0.7032197853476435,0.1021931871208586,2143
4167,0.2714285714285714,0.6285714285714286,0.1,70
4168,0.11813186813186813,0.7417582417582418,0.1401098901098901,1092
4169,0.17402945113788487,0.7416331994645248,0.08433734939759036,747
4170,0.13292929292929292,0.7608080808080808,0.10626262626262627,2475
4171,0.22802850356294538,0.6745843230403801,0.09738717339667459,842
4172,0.2,0.6823529411764706,0.11764705882352941,170
4173,0.22613065326633167,0.7085427135678392,0.06532663316582915,199
4174,0.18493150684931506,0.7602739726027398,0.0547945205479452,146
4175,0.1762917933130699,0.723404255319149,0.10030395136778116,329
4176,0.16615384615384615,0.7409230769230769,0.09292307692307693,1625
4177,0.1717171717171717,0.7656565656565657,0.06262626262626263,495
4178,0.18543046357615894,0.7417218543046358,0.0728476821192053,302
4179,0.15801952580195258,0.7165969316596932,0.12538354253835426,7170
4180,0.1984251968503937,0.6951181102362205,0.10645669291338583,3175
4181,0.20927318295739347,0.7180451127819549,0.07268170426065163,798
4182,0.19101123595505617,0.7752808988764045,0.033707865168539325,89
4183,0.37894736842105264,0.5684210526315789,0.05263157894736842,95
4184,0.1694915254237288,0.5932203389830508,0.23728813559322035,59
4185,0.1774390243902439,0.7310975609756097,0.09146341463414634,1640
4186,0.22278481012658227,0.6531645569620254,0.1240506329113924,395
4187,0.13294314381270902,0.745819397993311,0.12123745819397994,1196
4188,0.3181818181818182,0.5818181818181818,0.1,110
4189,0.16995073891625614,0.7323481116584565,0.09770114942528736,1218
4190,0.186219739292365,0.7194289261328367,0.09435133457479826,1611
4191,0.14774774774774774,0.7135135135135136,0.13873873873873874,555
4192,0.1628256513026052,0.7545090180360722,0.08266533066132264,1996
4193,0.25,0.6796875,0.0703125,128
4194,0.12562396006655574,0.7113144758735441,0.16306156405990016,1202
4195,0.1643059490084986,0.7450424929178471,0.0906515580736544,353
4196,0.16775032509752927,0.6788036410923277,0.15344603381014305,769
4197,0.18646616541353384,0.7458646616541353,0.06766917293233082,665
4198,0.25793650793650796,0.6666666666666666,0.07539682539682539,252
4199,0.09946236559139784,0.8118279569892473,0.08870967741935484,372
4200,0.18803418803418803,0.6666666666666666,0.1452991452991453,117
4201,0.15176715176715178,0.7120582120582121,0.13617463617463618,962
4202,0.16994633273703041,0.7728085867620751,0.057245080500894455,559
4203,0.1486374896779521,0.6916898130770963,0.1596726972449516,13321
4204,0.28,0.6533333333333333,0.06666666666666667,75
4205,0.15447154471544716,0.7537746806039489,0.09175377468060394,861
4206,0.18333333333333332,0.725,0.09166666666666666,120
4207,0.2360248447204969,0.639751552795031,0.12422360248447205,322
4208,0.17940647482014388,0.7297661870503597,0.09082733812949641,2224
4209,0.22788931090613132,0.7156809549647314,0.05642973412913728,1843
4210,0.18230358504958047,0.6994660564454614,0.11823035850495804,1311
4211,0.1519131924614506,0.7355796687607081,0.11250713877784123,1751
4212,0.14576584914391486,0.7538176770013882,0.1004164738546969,2161
4213,0.198180636777128,0.7046783625730995,0.09714100064977257,3078
4214,0.1885880077369439,0.7030947775628626,0.10831721470019343,1034
4215,0.14525551934075395,0.6859356743127729,0.16880880634647316,16261
4216,0.20437956204379562,0.7591240875912408,0.0364963503649635,137
4217,0.19574468085106383,0.713677811550152,0.09057750759878419,1645
4218,0.17380352644836272,0.7355163727959698,0.0906801007556675,397
4219,0.17624521072796934,0.7739463601532567,0.04980842911877394,261
4220,0.15151515151515152,0.7603305785123967,0.0881542699724518,363
4221,0.19213973799126638,0.74235807860262,0.06550218340611354,229
4222,0.1733568592853992,0.7287163652404058,0.09792677547419497,4534
4223,0.16074766355140188,0.7345794392523365,0.10467289719626169,2140
4224,0.1,0.675,0.225,80
4225,0.15203955500618047,0.7626699629171817,0.08529048207663782,1618
4226,0.15384615384615385,0.7307692307692307,0.11538461538461539,130
4227,0.20053475935828877,0.7272727272727273,0.07219251336898395,374
4228,0.19090909090909092,0.6909090909090909,0.11818181818181818,550
4229,0.375,0.55,0.075,40
4230,0.14309210526315788,0.7302631578947368,0.12664473684210525,608
4231,0.2540322580645161,0.6451612903225806,0.10080645161290322,248
4232,0.18409517845961176,0.7094552285535379,0.10644959298685035,1597
4233,0.18095238095238095,0.7006802721088435,0.11836734693877551,735
4234,0.15629984051036683,0.7272727272727273,0.11642743221690591,627
4235,0.3023255813953488,0.6162790697674418,0.08139534883720931,86
4237,0.1660377358490566,0.7556603773584906,0.07830188679245283,1060
4238,0.15081206496519722,0.6450116009280742,0.20417633410672853,431
4239,0.20361990950226244,0.7013574660633484,0.09502262443438914,884
4240,0.16543816543816545,0.7211302211302212,0.11343161343161343,4884
4241,0.16866812227074235,0.743995633187773,0.08733624454148471,1832
4242,0.13522267206477734,0.6906882591093118,0.17408906882591094,2470
4243,0.12244897959183673,0.6989795918367347,0.17857142857142858,1960
4244,0.1925581395348837,0.7190697674418605,0.08837209302325581,2150
4245,0.16266044340723454,0.7183197199533256,0.11901983663943991,4285
4246,0.23063973063973064,0.7255892255892256,0.04377104377104377,594
4247,0.1493288590604027,0.7374161073825504,0.11325503355704698,1192
4248,0.22593320235756384,0.7072691552062869,0.06679764243614932,509
4249,0.25435540069686413,0.6759581881533101,0.06968641114982578,287
4250,0.2236842105263158,0.718421052631579,0.05789473684210526,380
5001,0.1926751592356688,0.7109872611464968,0.0963375796178344,1256
5002,0.135678391959799,0.6984924623115578,0.1658291457286432,398
5003,0.17623497997329773,0.6915887850467289,0.1321762349799733,749
5004,0.1774580335731415,0.6930455635491607,0.12949640287769784,417
5005,0.14416156807319658,0.7028806278243728,0.1529578041024306,53773
5006,0.12751677852348994,0.7483221476510067,0.12416107382550336,298
5007,0.18326693227091634,0.7184594953519257,0.09827357237715803,753
5008,0.1440329218106996,0.7654320987654321,0.09053497942386832,243
5009,0.1541095890410959,0.7157534246575342,0.13013698630136986,292
5010,0.14767932489451477,0.7130801687763713,0.13924050632911392,237
5011,0.215625,0.6921875,0.0921875,640
5012,0.15482502651113467,0.7364793213149523,0.10869565217391304,1886
5013,0.14026792750197006,0.7391646966115051,0.12056737588652482,1269
5014,0.20709382151029748,0.6910755148741419,0.10183066361556065,874
5015,0.20734341252699784,0.6889848812095032,0.10367170626349892,926
5016,0.16065573770491803,0.7442622950819672,0.09508196721311475,305
5017,0.18912651378510692,0.7166967276475136,0.09417675856737955,7762
5018,0.13333333333333333,0.7463768115942029,0.12028985507246377,690
5019,0.1762114537444934,0.7004405286343612,0.12334801762114538,227
5020,0.2559652928416486,0.6550976138828634,0.08893709327548807,461
5021,0.18571428571428572,0.7690476190476191,0.04523809523809524,420
5022,0.18435754189944134,0.7077513966480447,0.10789106145251397,2864
5023,0.15338882282996433,0.7491082045184304,0.09750297265160524,841
5024,0.2047713717693837,0.7415506958250497,0.0536779324055666,503
5025,0.12195121951219512,0.7625684420109508,0.11548033847685416,2009
5026,0.1013215859030837,0.775330396475771,0.12334801762114538,227
5027,0.21359223300970873,0.6990291262135923,0.08737864077669903,103
5028,0.18071374335611237,0.7114654517843584,0.10782080485952923,1317
5029,0.2012987012987013,0.7045454545454546,0.09415584415584416,616
5030,0.22388059701492538,0.6849087893864013,0.0912106135986733,603
5031,0.17124463519313304,0.707725321888412,0.12103004291845494,2330
5032,0.2264808362369338,0.6898954703832753,0.08362369337979095,287
5033,0.16167664670658682,0.7465069860279441,0.09181636726546906,501
5034,0.282798833819242,0.6297376093294461,0.08746355685131195,343
5035,0.1118421052631579,0.7171052631578947,0.17105263157894737,152
5036,0.15261958997722094,0.7539863325740319,0.09339407744874716,439
5037,0.23728813559322035,0.6610169491525424,0.1016949152542373,295
5038,0.15730337078651685,0.6348314606741573,0.20786516853932585,178
5039,0.19936708860759494,0.680379746835443,0.12025316455696203,316
5040,0.17747077577045697,0.7077577045696068,0.11477151965993623,941
5041,0.20869565217391303,0.6347826086956522,0.1565217391304348,230
5042,0.15448658649398705,0.7400555041628122,0.10545790934320073,1081
5044,0.19863013698630136,0.6438356164383562,0.15753424657534246,146
5045,0.16593886462882096,0.7205240174672489,0.11353711790393013,229
5046,0.13736263736263737,0.8186813186813187,0.04395604395604396,182
5047,0.12740384615384615,0.7644230769230769,0.10817307692307693,416
5048,0.13984168865435356,0.7282321899736148,0.13192612137203166,379
5049,0.10732984293193717,0.7486910994764397,0.14397905759162305,382
5050,0.19032620922384702,0.7165354330708661,0.09313835770528683,4445
5051,0.16816816816816818,0.7327327327327328,0.0990990990990991,333
5052,0.13391739674593242,0.7772215269086358,0.08886107634543179,799
5053,0.1826163301141352,0.7357330992098332,0.08165057067603161,1139
5054,0.2091346153846154,0.7139423076923077,0.07692307692307693,416
5055,0.19305019305019305,0.7181467181467182,0.0888030888030888,518
5056,0.1935483870967742,0.7096774193548387,0.0967741935483871,434
5057,0.16591928251121077,0.672645739910314,0.16143497757847533,446
5058,0.17091660923501034,0.7312198483804273,0.09786354238456237,1451
5059,0.1964167219641672,0.6914399469143995,0.1121433311214333,1507
5060,0.23265306122448978,0.6571428571428571,0.11020408163265306,245
5061,0.16826923076923078,0.7259615384615384,0.10576923076923077,208
5062,0.13503649635036497,0.7299270072992701,0.13503649635036497,274
5063,0.24120603015075376,0.6532663316582915,0.10552763819095477,398
5064,0.20253164556962025,0.6962025316455697,0.10126582278481013,158
5065,0.21428571428571427,0.6913265306122449,0.09438775510204081,784
5066,0.18604651162790697,0.7397862979258328,0.07416719044626022,1591
5067,0.14641288433382138,0.7569546120058566,0.09663250366032211,683
5068,0.1871345029239766,0.6885964912280702,0.12426900584795321,684
5069,0.1513695338779433,0.739067755886593,0.10956271023546373,2081
5070,0.14067278287461774,0.7155963302752294,0.1437308868501529,654
5071,0.17069701280227595,0.6998577524893315,0.12944523470839261,703
5072,0.27611940298507465,0.6828358208955224,0.041044776119402986,268
5073,0.14705882352941177,0.7558823529411764,0.09705882352941177,680
5074,0.1895910780669145,0.7379182156133829,0.0724907063197026,538
5075,0.2225877192982456,0.6896929824561403,0.08771929824561403,912
5076,0.17082860385925086,0.7236095346197503,0.10556186152099886,1762
5077,0.19262782401902498,0.6944114149821641,0.11296076099881094,841
5079,0.22058823529411764,0.7058823529411765,0.07352941176470588,136
5080,0.1673480152973757,0.7019649215350126,0.13068706316761175,7583
5081,0.3220338983050847,0.5932203389830508,0.0847457627118644,59
5082,0.10089020771513353,0.7388724035608308,0.16023738872403562,337
5083,0.21580547112462006,0.6717325227963525,0.11246200607902736,329
5084,0.14470284237726097,0.7571059431524548,0.09819121447028424,387
5085,0.1,0.75625,0.14375,160
5086,0.1756440281030445,0.7166276346604216,0.10772833723653395,427
5087,0.16368638239339753,0.6856946354883081,0.15061898211829436,1454
5088,0.28346456692913385,0.6141732283464567,0.10236220472440945,127
5089,0.12753378378378377,0.7702702702702703,0.10219594594594594,1184
5090,0.16474464579901152,0.700164744645799,0.13509060955518945,607
5091,0.16606498194945848,0.6714801444043321,0.1624548736462094,277
5092,0.16666666666666666,0.735632183908046,0.09770114942528736,348
5093,0.1772853185595568,0.6869806094182825,0.13573407202216067,722
5094,0.28825622775800713,0.5729537366548043,0.1387900355871886,281
5095,0.2857142857142857,0.6336996336996337,0.08058608058608059,273
5096,0.16634429400386846,0.7398452611218569,0.09381044487427466,1034
5097,0.1540554327495324,0.7446012582894066,0.10134330896106104,5881
5098,0.18309859154929578,0.6338028169014085,0.18309859154929578,71
5099,0.14092664092664092,0.6814671814671814,0.1776061776061776,518
5100,0.19499341238471674,0.7088274044795784,0.09617918313570488,759
5101,0.15375854214123008,0.734624145785877,0.11161731207289294,878
5103,0.16793893129770993,0.7455470737913485,0.08651399491094147,393
5104,0.275,0.675,0.05,80
5105,0.2777777777777778,0.6888888888888889,0.03333333333333333,180
5106,0.175,0.6975,0.1275,400
5107,0.11016949152542373,0.7203389830508474,0.1694915254237288,118
5108,0.17703349282296652,0.69377990430622,0.1291866028708134,1254
5109,0.1511627906976744,0.7142857142857143,0.1345514950166113,602
5110,0.18497109826589594,0.6936416184971098,0.12138728323699421,173
5111,0.18461538461538463,0.6974358974358974,0.11794871794871795,195
5112,0.12256586483390607,0.7766323024054983,0.10080183276059565,1746
5113,0.19088937093275488,0.7180043383947939,0.0911062906724512,461
5114,0.11764705882352941,0.8058823529411765,0.07647058823529412,170
5115,0.22154779969650987,0.6783004552352049,0.10015174506828528,659
5116,0.19309262166405022,0.7017268445839875,0.10518053375196232,637
5117,0.19152854511970535,0.7168508287292817,0.0916206261510129,2172
5118,0.15417612919505425,0.7484229119354024,0.09740095886954328,3963
5119,0.19666666666666666,0.7366666666666667,0.06666666666666667,300
5120,0.21818181818181817,0.7227272727272728,0.05909090909090909,440
5121,0.17817561807331628,0.7229326513213982,0.0988917306052856,1173
6001,0.15629962029685882,0.7016223679668623,0.1420780117362789,14485
6002,0.1652892561983471,0.7396694214876033,0.09504132231404959,242
6003,0.13627461399486845,0.7077140297872987,0.1560113562178329,65867
6004,0.14689265536723164,0.7099811676082862,0.1431261770244821,531
6005,0.20727272727272728,0.7145454545454546,0.07818181818181819,550
6007,0.16554054054054054,0.6824324324324325,0.15202702702702703,296
6008,0.20384615384615384,0.7153846153846154,0.08076923076923077,260
6009,0.1437950021177467,0.7107157983905125,0.1454891994917408,4722
6010,0.18357487922705315,0.6908212560386473,0.12560386473429952,207
6011,0.18551587301587302,0.748015873015873,0.06646825396825397,1008
6012,0.14551495016611296,0.7348837209302326,0.11960132890365449,1505
6013,0.14452798663324978,0.7627401837928154,0.09273182957393483,1197
6014,0.13709677419354838,0.7123655913978495,0.15053763440860216,372
6015,0.19230769230769232,0.706959706959707,0.10073260073260074,546
6016,0.09482758620689655,0.8103448275862069,0.09482758620689655,116
6017,0.18412942989214176,0.7203389830508474,0.09553158705701079,1298
6018,0.14063556457065585,0.7025016903313049,0.1568627450980392,1479
6019,0.15099009900990099,0.745049504950495,0.10396039603960396,404
6020,0.20966084275436794,0.7142857142857143,0.07605344295991778,973
6021,0.15296940611877624,0.7390521895620876,0.10797840431913618,1667
6022,0.19785458879618595,0.7020262216924911,0.10011918951132301,839
6023,0.23931623931623933,0.6965811965811965,0.0641025641025641,234
6024,0.1924198250728863,0.7259475218658892,0.08163265306122448,343
6025,0.19791666666666666,0.6458333333333334,0.15625,384
6026,0.1293800539083558,0.7654986522911051,0.10512129380053908,371
6027,0.17657342657342656,0.6398601398601399,0.18356643356643357,572
6028,0.18732782369146006,0.71900826446281,0.09366391184573003,363
6029,0.14007220216606497,0.7335740072202166,0.1263537906137184,1385
6030,0.12454212454212454,0.7411477411477412,0.1343101343101343,819
6031,0.125,0.7586206896551724,0.11637931034482758,232
6032,0.16374269005847952,0.6549707602339181,0.18128654970760233,342
6033,0.14749661705006767,0.7198917456021651,0.13261163734776726,739
6034,0.3108108108108108,0.5405405405405406,0.14864864864864866,74
6035,0.14772727272727273,0.7585227272727273,0.09375,352
6036,0.1708253358925144,0.7216890595009597,0.10748560460652591,521
6037,0.18162162162162163,0.6940540540540541,0.12432432432432433,925
6038,0.1388888888888889,0.7152777777777778,0.14583333333333334,288
6039,0.1438884331419196,0.7111156685808039,0.14499589827727646,24380
6040,0.09917355371900827,0.768595041322314,0.1322314049586777,726
6041,0.16666666666666666,0.6777777777777778,0.15555555555555556,90
6043,0.1634135270086246,0.7408079891057648,0.09577848388561053,2203
6044,0.17357910906298002,0.7219662058371735,0.10445468509984639,651
6045,0.22388059701492538,0.6119402985074627,0.16417910447761194,67
6046,0.17647058823529413,0.7091503267973857,0.11437908496732026,306
6047,0.15690866510538642,0.7259953161592506,0.117096018735363,3416
6048,0.17142857142857143,0.6952380952380952,0.13333333333333333,105
6049,0.18047752808988765,0.702247191011236,0.1172752808988764,1424
6050,0.11594202898550725,0.782608695652174,0.10144927536231885,345
6051,0.10301953818827708,0.7069271758436945,0.19005328596802842,1126
6052,0.1469387755102041,0.7836734693877551,0.06938775510204082,490
6053,0.1793232081001865,0.7284838795630163,0.09219291233679723,3753
6054,0.16326530612244897,0.7619047619047619,0.07482993197278912,294
6055,0.22660098522167488,0.645320197044335,0.12807881773399016,203
6056,0.10136986301369863,0.6876712328767123,0.21095890410958903,365
6057,0.18518518518518517,0.6767676767676768,0.13804713804713806,297
6058,0.10460251046025104,0.7782426778242678,0.11715481171548117,239
6059,0.19444444444444445,0.6934523809523809,0.11210317460317461,1008
6060,0.16119402985074627,0.7074626865671642,0.13134328358208955,335
6061,0.13360881542699724,0.7410468319559229,0.12534435261707988,726
6062,0.19658119658119658,0.6837606837606838,0.11965811965811966,234
6063,0.15584415584415584,0.7012987012987013,0.14285714285714285,770
6065,0.19548872180451127,0.6917293233082706,0.11278195488721804,133
6066,0.12337662337662338,0.7272727272727273,0.14935064935064934,154
6067,0.17758985200845667,0.7420718816067653,0.080338266384778,473
6068,0.1827956989247312,0.7052498418722327,0.11195445920303605,1581
6069,0.11688311688311688,0.7532467532467533,0.12987012987012986,231
6070,0.14690721649484537,0.7036082474226805,0.14948453608247422,388
6071,0.14860681114551083,0.7554179566563467,0.09597523219814241,323
6072,0.15567282321899736,0.7150395778364116,0.12928759894459102,379
6073,0.19476744186046513,0.7054263565891473,0.0998062015503876,1032
6074,0.15605749486652978,0.7330595482546202,0.11088295687885011,487
6075,0.16678395496129486,0.7311752287121746,0.10204081632653061,1421
6076,0.11794871794871795,0.7307692307692307,0.15128205128205127,1170
6077,0.2033898305084746,0.7179176755447942,0.07869249394673124,826
6078,0.13157894736842105,0.7335526315789473,0.13486842105263158,608
6079,0.12931034482758622,0.7887931034482759,0.08189655172413793,464
6081,0.15760395463797616,0.6972957255015994,0.14510031986042454,3439
6082,0.2161654135338346,0.693609022556391,0.09022556390977443,532
6083,0.15246636771300448,0.6681614349775785,0.17937219730941703,223
6084,0.1411764705882353,0.7352941176470589,0.12352941176470589,170
6085,0.12403100775193798,0.6950904392764858,0.18087855297157623,387
6086,0.1506849315068493,0.7534246575342466,0.0958904109589041,219
6087,0.1510204081632653,0.7428571428571429,0.10612244897959183,490
6088,0.15764331210191082,0.714968152866242,0.12738853503184713,628
6090,0.16666666666666666,0.7727272727272727,0.06060606060606061,66
6091,0.18051282051282053,0.7251282051282051,0.09435897435897436,975
6092,0.1703940362087327,0.7220447284345048,0.10756123535676251,939
6093,0.13076923076923078,0.823076923076923,0.046153846153846156,130
6094,0.2047670639219935,0.7085590465872156,0.0866738894907909,923
6095,0.11330698287220026,0.7338603425559947,0.152832674571805,1518
6096,0.20454545454545456,0.7068181818181818,0.08863636363636364,440
6097,0.14264919941775836,0.759825327510917,0.0975254730713246,687
6098,0.11875,0.7375,0.14375,160
6099,0.1643835616438356,0.7465753424657534,0.08904109589041095,146
6100,0.22580645161290322,0.717741935483871,0.056451612903225805,124
6101,0.10256410256410256,0.7622377622377622,0.1351981351981352,429
6102,0.13270142180094788,0.7535545023696683,0.11374407582938388,211
6103,0.1702127659574468,0.6914893617021277,0.13829787234042554,188
6104,0.1524008350730689,0.7432150313152401,0.10438413361169102,479
6105,0.14285714285714285,0.780952380952381,0.0761904761904762,210
6106,0.21680216802168023,0.6883468834688347,0.0948509485094851,369
6107,0.18009478672985782,0.6729857819905213,0.14691943127962084,211
6108,0.15481171548117154,0.6401673640167364,0.20502092050209206,239
6109,0.239450441609421,0.7065750736015701,0.053974484789008834,1019
6110,0.1550632911392405,0.7215189873417721,0.12341772151898735,316
6111,0.17929759704251386,0.6765249537892791,0.14417744916820702,541
6112,0.1630901287553648,0.7167381974248928,0.12017167381974249,466
6113,0.1864406779661017,0.6919242273180458,0.12163509471585245,1003
6114,0.153312487785812,0.7001172562048075,0.1465702560093805,20468
6115,0.20814977973568283,0.683920704845815,0.10792951541850221,908
6116,0.24012158054711247,0.6656534954407295,0.09422492401215805,329
6117,0.1437125748502994,0.7485029940119761,0.10778443113772455,167
6118,0.17391304347826086,0.6630434782608695,0.16304347826086957,92
6119,0.16666666666666666,0.74822695035461,0.0851063829787234,282
6120,0.20090293453724606,0.6501128668171557,0.1489841986455982,443
6121,0.14937258687258687,0.7165781853281853,0.1340492277992278,8288
6122,0.20565832426550598,0.6648531011969532,0.1294885745375408,919
6123,0.1544256120527307,0.699623352165725,0.14595103578154425,1062
6124,0.13125,0.73125,0.1375,160
6125,0.2766990291262136,0.6480582524271845,0.07524271844660194,412
6126,0.21146245059288538,0.6956521739130435,0.09288537549407115,506
6127,0.11278952668680765,0.6918429003021148,0.19536757301107754,993
6128,0.17986425339366516,0.6923076923076923,0.12782805429864252,884
6129,0.10189228529839883,0.6754002911208151,0.22270742358078602,687
6131,0.22784810126582278,0.7130801687763713,0.05907172995780591,237
6132,0.16509611760271392,0.7278552581982661,0.10704862419901998,2653
6133,0.13279678068410464,0.7826961770623743,0.08450704225352113,994
6134,0.18635170603674542,0.7060367454068242,0.10761154855643044,381
6135,0.13765182186234817,0.728744939271255,0.13360323886639677,247
6136,0.22797927461139897,0.6567357512953368,0.11528497409326424,772
6137,0.17786561264822134,0.6996047430830039,0.1225296442687747,253
6138,0.13701852396354014,0.748897383122611,0.11408409291384887,3401
6139,0.21164021164021163,0.6878306878306878,0.10052910052910052,378
6140,0.17353139770425388,0.7204591492234976,0.10600945307224847,1481
6141,0.13306852035749753,0.7487586891757696,0.11817279046673287,1007
6142,0.17869718309859156,0.7095070422535211,0.11179577464788733,1136
6143,0.22396856581532418,0.6620825147347741,0.11394891944990176,509
6144,0.1801125703564728,0.7270168855534709,0.09287054409005628,1066
6145,0.11895910780669144,0.7323420074349443,0.14869888475836432,269
6146,0.1346153846153846,0.7788461538461539,0.08653846153846154,104
6147,0.13963963963963963,0.7306306306306306,0.12972972972972974,1110
6148,0.1871345029239766,0.6608187134502924,0.15204678362573099,171
6149,0.1220159151193634,0.7152961980548187,0.16268788682581786,1131
6150,0.20220588235294118,0.6911764705882353,0.10661764705882353,272
6151,0.1643002028397566,0.7298850574712644,0.10581473968897905,2958
6152,0.18414918414918416,0.703962703962704,0.11188811188811189,429
6153,0.14347357065803668,0.703344120819849,0.15318230852211434,927
6154,0.1597244998360118,0.7146605444408003,0.12561495572318793,3049
6155,0.1171875,0.7161458333333334,0.16666666666666666,384
6156,0.20567375886524822,0.6702127659574468,0.12411347517730496,282
6157,0.1447811447811448,0.6868686868686869,0.16835016835016836,297
6158,0.11771700356718193,0.7170035671819263,0.16527942925089179,841
6159,0.20147420147420148,0.6707616707616708,0.12776412776412777,407
6160,0.17280995691718526,0.7202010531354716,0.10698898994734322,4178
6161,0.18242491657397109,0.7263626251390434,0.09121245828698554,899
6162,0.1327372764786795,0.7386519944979367,0.12861072902338377,1454
6163,0.16339869281045752,0.7148692810457516,0.12173202614379085,1224
6164,0.15757575757575756,0.7515151515151515,0.09090909090909091,165
6165,0.22253129346314326,0.7093184979137691,0.06815020862308763,719
6166,0.16666666666666666,0.71875,0.11458333333333333,288
6167,0.14018161180476732,0.7474460839954598,0.11237230419977298,1762
6168,0.18354430379746836,0.7151898734177216,0.10126582278481013,1422
6169,0.13310867733782644,0.7262005054759899,0.14069081718618365,1187
6170,0.12334801762114538,0.711453744493392,0.16519823788546256,454
6171,0.11290322580645161,0.6480938416422287,0.23900293255131966,682
6172,0.125,0.7286585365853658,0.14634146341463414,656
6173,0.20553359683794467,0.691699604743083,0.10276679841897234,1012
6174,0.13786586300250295,0.7050109822751187,0.1571231547223783,19577
6175,0.075,0.725,0.2,200
6176,0.16666666666666666,0.6901960784313725,0.14313725490196078,510
6177,0.1620945796866956,0.7271456939030668,0.11075972641023756,13597
6178,0.17852348993288591,0.7342281879194631,0.087248322147651,745
6179,0.1647887323943662,0.6971830985915493,0.13802816901408452,710
6180,0.11516314779270634,0.7498400511836213,0.13499680102367242,1563
6181,0.13995584988962473,0.7306843267108167,0.1293598233995585,2265
6182,0.14713896457765668,0.7138964577656676,0.13896457765667575,367
6183,0.16012084592145015,0.7054380664652568,0.13444108761329304,662
6184,0.18181818181818182,0.6818181818181818,0.13636363636363635,220
6185,0.1337386018237082,0.770516717325228,0.09574468085106383,1316
6186,0.15105162523900573,0.7151051625239006,0.1338432122370937,523
6187,0.14823529411764705,0.72,0.13176470588235295,850
6188,0.16252821670428894,0.690744920993228,0.14672686230248308,886
6189,0.09,0.68,0.23,100
6190,0.16287878787878787,0.7140151515151515,0.12310606060606061,528
6191,0.14910394265232976,0.7354838709677419,0.11541218637992831,1395
6192,0.17839195979899497,0.7328308207705193,0.08877721943048576,1194
6193,0.16777251184834124,0.70521327014218,0.12701421800947868,1055
7001,0.19786096256684493,0.6951871657754011,0.10695187165775401,187
7002,0.14385150812064965,0.7331786542923434,0.12296983758700696,431
7003,0.1340608845491097,0.6783074861190886,0.18763162933180164,26115
7004,0.15821501014198783,0.7099391480730223,0.13184584178498987,986
7005,0.15653495440729484,0.709726443768997,0.1337386018237082,658
7006,0.18333333333333332,0.6791666666666667,0.1375,240
7007,0.1276595744680851,0.7150786308973173,0.1572617946345976,1081
7008,0.15049751243781095,0.7083333333333334,0.14116915422885573,1608
7009,0.15294117647058825,0.7294117647058823,0.11764705882352941,85
7010,0.15846994535519127,0.7759562841530054,0.06557377049180328,183
7011,0.14339622641509434,0.7069182389937106,0.14968553459119496,795
7012,0.10458452722063037,0.7378223495702005,0.15759312320916904,698
7013,0.1844331641285956,0.6582064297800339,0.15736040609137056,591
7014,0.13800904977375567,0.7579185520361991,0.10407239819004525,442
7015,0.14285714285714285,0.7171145685997171,0.14002828854314003,707
7016,0.1111111111111111,0.7333333333333333,0.15555555555555556,90
7017,0.185121107266436,0.7301038062283737,0.0847750865051903,578
7018,0.1337386018237082,0.7446808510638298,0.12158054711246201,329
7019,0.12796976241900648,0.7251619870410367,0.1468682505399568,1852
7020,0.15218010829296097,0.7121687090339128,0.13565118267312626,3509
7021,0.17688266199649738,0.6786339754816112,0.14448336252189142,1142
7022,0.13864168618266978,0.6810304449648712,0.18032786885245902,2135
7023,0.15856236786469344,0.7330866807610994,0.1083509513742072,1892
7024,0.1491442542787286,0.7090464547677262,0.14180929095354522,409
7025,0.11695906432748537,0.8187134502923976,0.06432748538011696,171
7026,0.14754098360655737,0.7103825136612022,0.14207650273224043,366
7027,0.13132795304475423,0.7564196625091709,0.11225238444607484,1363
7028,0.2235294117647059,0.6941176470588235,0.08235294117647059,340
7029,0.1396011396011396,0.6837606837606838,0.17663817663817663,351
7030,0.09111617312072894,0.7334851936218679,0.17539863325740318,1317
7031,0.127134724857685,0.727134724857685,0.14573055028462997,2635
7032,0.05785123966942149,0.6694214876033058,0.2727272727272727,242
7033,0.08176100628930817,0.720125786163522,0.19811320754716982,636
7034,0.15052631578947367,0.7431578947368421,0.10631578947368421,950
7035,0.122,0.722,0.156,500
7036,0.15878378378378377,0.6925675675675675,0.14864864864864866,296
7037,0.18267419962335216,0.7429378531073446,0.0743879472693032,1062
7038,0.11012433392539965,0.7726465364120781,0.1172291296625222,563
7039,0.10843373493975904,0.8072289156626506,0.08433734939759036,83
7040,0.13481012658227848,0.7177215189873418,0.14746835443037976,1580
7041,0.12927191679049035,0.6924219910846954,0.17830609212481427,673
7042,0.16516516516516516,0.7237237237237237,0.1111111111111111,333
7043,0.14830813534917206,0.7487401007919366,0.1029517638588913,1389
7044,0.15188335358444716,0.7132442284325637,0.13487241798298907,1646
7045,0.13265755839576907,0.7249889819303658,0.14235345967386515,2269
7046,0.17777777777777778,0.6444444444444445,0.17777777777777778,135
7047,0.16,0.7828571428571428,0.05714285714285714,175
7048,0.22128851540616246,0.6890756302521008,0.0896358543417367,357
7049,0.11479591836734694,0.7559523809523809,0.1292517006802721,1176
7050,0.2867132867132867,0.5944055944055944,0.11888111888111888,143
7051,0.14869281045751634,0.75,0.10130718954248366,612
7052,0.14514368861404148,0.7162604583484904,0.13859585303746816,2749
7053,0.13188220230473752,0.7157490396927016,0.1523687580025608,781
7054,0.11065830721003135,0.7094043887147335,0.17993730407523512,3190
7055,0.2361111111111111,0.6944444444444444,0.06944444444444445,72
7056,0.21768707482993196,0.6598639455782312,0.12244897959183673,147
7057,0.08035714285714286,0.7614795918367347,0.15816326530612246,784
7058,0.10044150110375276,0.7181751287711553,0.18138337012509198,2718
7059,0.11458333333333333,0.8055555555555556,0.0798611111111111,288
7060,0.1306122448979592,0.7051020408163265,0.16428571428571428,980
7061,0.1124031007751938,0.7054263565891473,0.1821705426356589,258
7062,0.10135135135135136,0.7027027027027027,0.19594594594594594,148
7063,0.1282565130260521,0.6933867735470942,0.17835671342685372,2495
7064,0.09885931558935361,0.7604562737642585,0.14068441064638784,263
7065,0.13137254901960785,0.7084033613445379,0.16022408963585436,3570
7066,0.099171344560278,0.7193263833199679,0.1815022721197541,3741
7067,0.15521064301552107,0.6696230598669624,0.17516629711751663,451
7068,0.0963855421686747,0.7771084337349398,0.12650602409638553,166
7069,0.1540084388185654,0.6772151898734177,0.16877637130801687,474
7070,0.12857142857142856,0.7071428571428572,0.16428571428571428,140
7071,0.09555555555555556,0.7772222222222223,0.1272222222222222,1800
7072,0.18244575936883628,0.7080867850098619,0.10946745562130178,1014
7073,0.15074626865671642,0.7343283582089553,0.11492537313432835,2010
7074,0.11959798994974874,0.7638190954773869,0.11658291457286432,995
8001,0.14622641509433962,0.6839622641509434,0.16981132075471697,212
8002,0.16710875331564987,0.7294429708222812,0.10344827586206896,377
8003,0.25196850393700787,0.6771653543307087,0.07086614173228346,127
8004,0.2236842105263158,0.6710526315789473,0.10526315789473684,76
8005,0.2056451612903226,0.7419354838709677,0.05241935483870968,248
8006,0.19844357976653695,0.6913099870298314,0.11024643320363164,771
8007,0.2066115702479339,0.6942148760330579,0.09917355371900827,242
8008,0.1492772667542707,0.714323258869908,0.13639947437582128,7610
8009,0.2654320987654321,0.6358024691358025,0.09876543209876543,324
8010,0.2040133779264214,0.7107023411371237,0.08528428093645485,598
8011,0.16443492233529727,0.7533476164970541,0.08221746116764864,3734
8012,0.1891891891891892,0.6648648648648648,0.14594594594594595,185
8014,0.17714884696016772,0.7033542976939203,0.11949685534591195,954
8015,0.271889400921659,0.6497695852534562,0.07834101382488479,217
8016,0.19973009446693657,0.708502024291498,0.09176788124156546,741
8017,0.12192262602579132,0.7596717467760844,0.11840562719812427,853
8018,0.16923076923076924,0.7282051282051282,0.10256410256410256,195
8019,0.18872549019607843,0.6838235294117647,0.12745098039215685,408
8020,0.0782608695652174,0.8289855072463768,0.0927536231884058,345
8021,0.15121412803532008,0.7218543046357616,0.12693156732891833,906
8022,0.10952380952380952,0.7666666666666667,0.12380952380952381,420
8023,0.30714285714285716,0.6571428571428571,0.03571428571428571,140
8024,0.14678899082568808,0.7321100917431193,0.12110091743119267,545
8025,0.13654618473895583,0.7469879518072289,0.11646586345381527,498
8026,0.12309567336989641,0.7538086532602072,0.12309567336989641,1641
8027,0.1497076023391813,0.7300584795321637,0.12023391812865497,4275
8028,0.1228287841191067,0.7741935483870968,0.10297766749379653,806
8029,0.17749497655726726,0.7233757535164099,0.09912926992632284,1493
8030,0.11088295687885011,0.7238193018480493,0.16529774127310062,974
8031,0.11695206033729323,0.7184475447512382,0.1646003949114686,30893
8032,0.21768707482993196,0.6893424036281179,0.09297052154195011,441
8033,0.08900523560209424,0.7905759162303665,0.12041884816753927,191
8034,0.1736111111111111,0.6736111111111112,0.1527777777777778,144
8035,0.13989637305699482,0.7331606217616581,0.12694300518134716,386
8037,0.17,0.71,0.12,100
8038,0.16153846153846155,0.7692307692307693,0.06923076923076923,130
8039,0.15339233038348082,0.706700379266751,0.13990729034976823,2373
8040,0.210896309314587,0.6766256590509666,0.11247803163444639,569
8041,0.19488817891373802,0.7188498402555911,0.08626198083067092,313
8042,0.19401444788441694,0.7079463364293086,0.09803921568627451,969
8043,0.16920152091254753,0.7661596958174905,0.06463878326996197,526
8044,0.14238952536824878,0.7168576104746317,0.1407528641571195,611
8045,0.11705882352941177,0.7794117647058824,0.10352941176470588,1700
8046,0.16745283018867924,0.7099056603773585,0.12264150943396226,424
8047,0.22468354430379747,0.6518987341772152,0.12341772151898735,316
8048,0.1702127659574468,0.7612293144208038,0.06855791962174941,423
8049,0.1630901287553648,0.7424892703862661,0.0944206008583691,233
8050,0.18699952896844088,0.7150259067357513,0.09797456429580782,2123
8051,0.14285714285714285,0.7637362637362637,0.09340659340659341,182
8052,0.15770768547312305,0.7454464682363394,0.09684584629053754,2251
8053,0.18456375838926176,0.738255033557047,0.07718120805369127,894
8054,0.15164835164835164,0.7,0.14835164835164835,910
8055,0.14871152469577667,0.7100163615911648,0.1412721137130586,39116
8056,0.13984674329501914,0.7464878671775224,0.1136653895274585,1566
8057,0.14213197969543148,0.7055837563451777,0.15228426395939088,197
8058,0.15254237288135594,0.7596302003081664,0.08782742681047766,649
8059,0.16423248882265276,0.7305514157973174,0.10521609538002981,10065
8060,0.1956521739130435,0.6902173913043478,0.11413043478260869,184
8061,0.18875502008032127,0.7309236947791165,0.08032128514056225,249
8062,0.16234498308906425,0.7125140924464487,0.12514092446448705,887
8063,0.1553672316384181,0.7415254237288136,0.10310734463276836,4956
8064,0.15358361774744028,0.6382252559726962,0.20819112627986347,293
8065,0.1727393701286357,0.7240985995817756,0.10316203028958874,15781
8066,0.17204301075268819,0.7634408602150538,0.06451612903225806,186
8067,0.19207317073170732,0.7195121951219512,0.08841463414634146,328
8068,0.24316939890710382,0.674863387978142,0.08196721311475409,366
9001,0.12092442223610243,0.7175515302935666,0.16152404747033106,8005
9002,0.15003382949932342,0.7207938655841227,0.1291723049165539,17736
9003,0.10890378171373863,0.66251795117281,0.22857826711345142,4178
9004,0.1542366263178446,0.6803332031758428,0.16543017050631265,7683
9005,0.17466666666666666,0.7073333333333334,0.118,1500
9006,0.14273018130110202,0.7419125488801991,0.1153572698186989,5626
9007,0.21064814814814814,0.7060185185185185,0.08333333333333333,432
9008,0.20813397129186603,0.6507177033492823,0.14114832535885166,418
9009,0.17747440273037543,0.7201365187713311,0.10238907849829351,586
9010,0.09479768786127167,0.669364161849711,0.23583815028901733,865
9011,0.10597402597402597,0.7672727272727272,0.12675324675324676,1925
9012,0.1926500143554407,0.7203560149296584,0.08699397071490095,3483
9013,0.11673615247170935,0.7093508040500298,0.17391304347826086,1679
9014,0.23880597014925373,0.6492537313432836,0.11194029850746269,268
9015,0.16328257191201354,0.7232445008460237,0.11347292724196277,9456
9016,0.12434847356664185,0.7185405807892777,0.15711094564408043,1343
9017,0.22418358340688438,0.6857899382171226,0.09002647837599294,1133
9018,0.16490538215777834,0.6854263946915704,0.14966822315065126,4069
9019,0.20508166969147004,0.6678765880217786,0.12704174228675136,551
9020,0.14354066985645933,0.6698564593301436,0.18660287081339713,209
9021,0.23853211009174313,0.6880733944954128,0.07339449541284404,109
9022,0.12686567164179105,0.6937725167267113,0.1793618116314977,3886
9023,0.16776859504132233,0.728099173553719,0.10413223140495868,2420
9024,0.16501731815932708,0.7389905987135081,0.09599208312716477,4042
9025,0.12563131313131312,0.7518939393939394,0.12247474747474747,1584
9026,0.14054726368159204,0.7375621890547264,0.12189054726368159,804
9027,0.19044222539229672,0.7353780313837375,0.07417974322396577,1402
9028,0.2152777777777778,0.6875,0.09722222222222222,144
9029,0.1337701954581403,0.7012766918992204,0.16495311264263926,8851
9030,0.07952286282306163,0.7584493041749503,0.16202783300198806,1006
9031,0.13419354838709677,0.7703225806451612,0.09548387096774194,775
9032,0.25617283950617287,0.6574074074074074,0.08641975308641975,324
9033,0.1570796460176991,0.6954277286135693,0.14749262536873156,1356
9034,0.1421344254396531,0.7252469284509757,0.13261864610937124,8302
9035,0.12188365650969529,0.7700831024930748,0.10803324099722991,722
9036,0.24083129584352078,0.6784841075794621,0.08068459657701711,818
9037,0.08536585365853659,0.9146341463414634,0.0,82
9038,0.16741711011051985,0.7011870650839133,0.1313958248055669,2443
9039,0.1717948717948718,0.7512820512820513,0.07692307692307693,390
9040,0.19718309859154928,0.7411971830985915,0.061619718309859156,568
9041,0.203125,0.734375,0.0625,128
9042,0.13948717948717948,0.7256410256410256,0.13487179487179488,1950
9043,0.18421052631578946,0.6842105263157895,0.13157894736842105,152
9044,0.15321477428180574,0.7264021887824897,0.12038303693570451,731
9045,0.1046808510638298,0.7702127659574468,0.1251063829787234,1175
9046,0.21140939597315436,0.697986577181208,0.09060402684563758,298
9047,0.20359281437125748,0.6856287425149701,0.11077844311377245,668
9048,0.1684981684981685,0.7362637362637363,0.09523809523809523,546
9049,0.15825067628494138,0.6991283438533213,0.1426209798617373,6654
9050,0.16155419222903886,0.7259713701431493,0.11247443762781185,489
9051,0.16447368421052633,0.712171052631579,0.12335526315789473,608
9052,0.16310861423220974,0.7093632958801498,0.12752808988764044,5340
9053,0.19602977667493796,0.707196029776675,0.0967741935483871,403
9054,0.17781402936378465,0.7275693311582382,0.09461663947797716,613
9055,0.16500711237553342,0.7268847795163584,0.10810810810810811,1406
9056,0.12225740528644255,0.6922005883806059,0.18554200633295156,44529
9057,0.14300960512273211,0.7004624688722875,0.15652792600498044,2811
9058,0.16725820763087842,0.709849157054126,0.12289263531499556,2254
9059,0.1703204047217538,0.7386172006745363,0.09106239460370995,593
9060,0.09923664122137404,0.8091603053435115,0.0916030534351145,131
9061,0.11365953109072376,0.7553516819571865,0.1309887869520897,1962
9062,0.14278350515463917,0.722680412371134,0.1345360824742268,1940
9063,0.1977818853974122,0.7264325323475046,0.07578558225508318,541
9064,0.15495867768595042,0.7372854418308964,0.10775588048315321,6292
9065,0.12764449843101527,0.6874177548334852,0.18493774673549954,9879
9066,0.19285714285714287,0.7178571428571429,0.08928571428571429,280
9067,0.11900826446280992,0.771900826446281,0.10909090909090909,605
9068,0.13616181549087322,0.7631968426245683,0.10064134188455846,2027
9069,0.14883720930232558,0.7627906976744186,0.08837209302325581,215
10001,0.0965383297155261,0.6739403633040101,0.22952130698046383,8753
10002,0.13018372703412073,0.7370078740157481,0.13280839895013125,1905
10003,0.13365800865800867,0.7775974025974026,0.08874458874458875,1848
10004,0.08583066627873145,0.662496363107361,0.2516729706139075,3437
10005,0.2237960339943343,0.6890934844192634,0.08711048158640226,1412
10006,0.1618139654728163,0.7222365369750064,0.11594949755217727,3881
10007,0.0889282999746643,0.651634152520902,0.25943754750443376,3947
10008,0.14662349676225717,0.7210915818686402,0.1322849213691027,2162
10009,0.16177054386661374,0.7383882493052799,0.09984120682810639,5038
10010,0.13475699558173784,0.7673048600883653,0.0979381443298969,2716
10011,0.12413246083680349,0.7487606583382908,0.12710688082490582,5043
10012,0.13392857142857142,0.7474489795918368,0.11862244897959184,2352
10013,0.18577405857740587,0.697907949790795,0.11631799163179916,1195
10014,0.1486681065514759,0.7469402447804175,0.10439164866810655,2778
10015,0.11548757170172085,0.6647227533460803,0.21978967495219887,20920
10016,0.1500309981401116,0.7650340979541228,0.08493490390576565,1613
10017,0.1181777843514273,0.7346546368880343,0.14716757876053838,6761
10018,0.13289811144788996,0.7239449755187689,0.1431569130333411,4289
10019,0.10695187165775401,0.7807486631016043,0.11229946524064172,187
10020,0.14009661835748793,0.7053140096618358,0.15458937198067632,414
10021,0.14913544668587897,0.760806916426513,0.09005763688760807,1388
10022,0.3787878787878788,0.5303030303030303,0.09090909090909091,66
10023,0.2598684210526316,0.6677631578947368,0.07236842105263158,304
10024,0.26732673267326734,0.6584158415841584,0.07425742574257425,202
10025,0.11975000838522858,0.6757868139485482,0.20446317766622318,447215
10026,0.2962962962962963,0.654320987654321,0.04938271604938271,81
10027,0.13674418604651162,0.7255813953488373,0.13767441860465116,1075
10028,0.13489827856025038,0.6950443401147627,0.17005738132498696,9585
10029,0.1098018211033744,0.7038028923406534,0.18639528655597215,1867
10030,0.29780564263322884,0.6426332288401254,0.05956112852664577,319
10031,0.15784586815227483,0.7325905292479109,0.1095636025998143,1077
10032,0.1480783722682743,0.746043707611153,0.10587792012057272,2654
10033,0.15432418436043502,0.7156913516312792,0.12998446400828587,1931
10034,0.22504892367906065,0.7025440313111546,0.07240704500978473,1022
10035,0.14181957186544342,0.7469418960244648,0.11123853211009174,2616
10036,0.1777902411665732,0.7296690970274817,0.09254066180594504,1783
10037,0.14547206165703275,0.7032755298651252,0.151252408477842,2076
10038,0.2389937106918239,0.7295597484276729,0.031446540880503145,159
10039,0.12810457516339868,0.7699346405228759,0.10196078431372549,1530
10040,0.17775015537600994,0.7383467992541951,0.0839030453697949,1609
10041,0.15481832543443919,0.764612954186414,0.08056872037914692,633
10042,0.1827956989247312,0.7446236559139785,0.07258064516129033,372
10043,0.07524012806830309,0.6328708644610459,0.291889007470651,1874
10044,0.16161616161616163,0.6767676767676768,0.16161616161616163,297
10045,0.20212765957446807,0.7340425531914894,0.06382978723404255,94
10046,0.11696416280457027,0.7157802964254577,0.167255540769972,21793
10047,0.10776156049652162,0.7049515755012958,0.1872868640021825,7331
10048,0.2618384401114206,0.6629526462395543,0.07520891364902507,718
10049,0.13498711340206185,0.7467783505154639,0.11823453608247422,3104
10050,0.32075471698113206,0.6792452830188679,0.0,53
10051,0.1970393057682491,0.6753445635528331,0.1276161306789178,1959
10052,0.1640625,0.7161458333333334,0.11979166666666667,384
10053,0.13575819672131148,0.7628073770491803,0.1014344262295082,1952
10054,0.13216195569136746,0.6932009167303285,0.17463712757830405,6545
10055,0.1617200280439355,0.7125496611357793,0.1257303108202851,4279
10056,0.2635933806146572,0.6595744680851063,0.0768321513002364,846
10057,0.1448961937716263,0.7275086505190311,0.12759515570934257,2312
10058,0.1464778884810348,0.7414787624541164,0.11204334906484881,5721
10059,0.1347756175997661,0.7027481362373922,0.1624762461628417,13682
10060,0.13659628918746,0.6717850287907869,0.19161868202175303,3126
10061,0.16455696202531644,0.7113924050632912,0.1240506329113924,395
10062,0.1474172954149739,0.7562391178177598,0.0963435867672664,1723
10063,0.15876777251184834,0.7677725118483413,0.07345971563981042,422
10064,0.14993564993564992,0.7297297297297297,0.12033462033462033,1554
10065,0.12897822445561138,0.7470686767169179,0.12395309882747069,597
10066,0.18543046357615894,0.7350993377483444,0.07947019867549669,302
10067,0.10882842865074958,0.6785119378123264,0.21265963353692394,1801
11001,0.13986650485436894,0.683252427184466,0.17688106796116504,3296
11002,0.13682813536828137,0.748772395487724,0.1143994691439947,7535
11003,0.1724137931034483,0.7350574712643678,0.0925287356321839,1740
11004,0.1315691390234812,0.7463660081997764,0.12206485277674245,5366
11005,0.19375,0.63125,0.175,640
11006,0.2297872340425532,0.699290780141844,0.07092198581560284,705
11007,0.16682926829268294,0.7365853658536585,0.09658536585365854,1025
11008,0.15849056603773584,0.7396226415094339,0.1018867924528302,795
11009,0.1976190476190476,0.7095238095238096,0.09285714285714286,420
11010,0.20654911838790932,0.7153652392947103,0.07808564231738035,397
11011,0.16762154198723195,0.7128826321820265,0.11949582583074153,6109
11012,0.1553030303030303,0.7291666666666666,0.11553030303030302,1056
11013,0.13254652746255108,0.7514752610077168,0.11597821152973219,4406
11014,0.21765913757700206,0.6529774127310062,0.1293634496919918,487
11015,0.11884517951256442,0.7090819089770841,0.17207291151035145,68686
11016,0.09791417563438289,0.6679952172180151,0.23409060714760196,7527
11017,0.14770213811747357,0.7215532071762104,0.13074465470631605,4069
11018,0.20675105485232068,0.7236286919831224,0.06962025316455696,474
11019,0.15321100917431194,0.7110091743119266,0.13577981651376148,1090
11020,0.15335677214130253,0.7108655616942909,0.1357776661644065,5973
11021,0.19811320754716982,0.7169811320754716,0.08490566037735849,424
11022,0.12471395881006865,0.6937452326468345,0.18154080854309687,2622
11023,0.1298205421916762,0.7441771668575792,0.12600229095074456,2619
11024,0.12303664921465969,0.6928446771378709,0.18411867364746945,1146
11025,0.24349442379182157,0.6802973977695167,0.0762081784386617,538
11026,0.1283474399888997,0.718606909948661,0.15304565006243928,7207
11027,0.12097124759361609,0.693721666770167,0.18530708563621687,16103
11028,0.19658119658119658,0.7312440645773979,0.0721747388414055,1053
11029,0.22328114363512594,0.6820966643975493,0.09462219196732471,1469
11030,0.17103235747303544,0.7057010785824345,0.12326656394453005,649
11031,0.1301142646516771,0.7462218945816439,0.12366384076667895,5426
11032,0.23180592991913745,0.6738544474393531,0.09433962264150944,371
12001,0.14285714285714285,0.7053571428571429,0.15178571428571427,224
12002,0.15349946977730647,0.7107635206786851,0.1357370095440085,3772
12003,0.13636363636363635,0.6997019374068555,0.16393442622950818,4026
12004,0.1689512272872171,0.7276059929869302,0.10344277972585272,6274
12005,0.16737709576584256,0.7297527706734868,0.10287013356067065,3519
12006,0.11863905325443787,0.6896449704142011,0.19171597633136095,3380
12007,0.14953271028037382,0.7420560747663552,0.10841121495327102,535
12008,0.11423974255832663,0.6814159292035398,0.20434432823813356,1243
12009,0.1563573883161512,0.7061855670103093,0.13745704467353953,1164
12010,0.09957627118644068,0.7669491525423728,0.13347457627118645,472
12011,0.1695364238410596,0.7423841059602649,0.0880794701986755,1510
12012,0.16873027433843166,0.7052682689973294,0.1260014566642389,4119
12013,0.14910440535743102,0.711473293529127,0.13942230111344198,6197
12014,0.18649650061753809,0.6784685055578428,0.1350349938246192,2429
12015,0.17416158536585366,0.7259908536585366,0.09984756097560976,2624
12016,0.13483796296296297,0.6608796296296297,0.2042824074074074,1728
12017,0.17245762711864407,0.7203389830508474,0.10720338983050848,2360
12018,0.14356435643564355,0.7178217821782178,0.13861386138613863,606
12019,0.1605351170568562,0.7558528428093646,0.08361204013377926,1196
12020,0.07979407979407979,0.7619047619047619,0.1583011583011583,777
12021,0.13780918727915195,0.7243816254416962,0.13780918727915195,566
12022,0.15188172043010753,0.7137096774193549,0.13440860215053763,744
12023,0.13900709219858157,0.6794326241134752,0.18156028368794327,705
12024,0.12912912912912913,0.7702702702702703,0.1006006006006006,666
12025,0.14624505928853754,0.681598594642073,0.17215634606938954,2277
12026,0.14280846368533784,0.6764782241838125,0.18071331213084962,61628
12027,0.15104166666666666,0.7534722222222222,0.0954861111111111,1152
12029,0.17548845470692717,0.7312611012433392,0.09325044404973357,5630
12030,0.1476510067114094,0.7060402684563758,0.14630872483221477,2980
12031,0.16856987493202827,0.7166938553561718,0.11473626971179988,1839
12032,0.14397667213413523,0.7180608711499908,0.13796245671587387,10974
12033,0.15186721991701244,0.7228215767634855,0.12531120331950207,4820
12034,0.12454737477368738,0.7364212432106216,0.139031382015691,13256
12035,0.17156722809020838,0.7213816728518413,0.10705109905795032,3503
12036,0.16923076923076924,0.6977667493796526,0.13300248138957815,2015
12037,0.13833157338965152,0.7423442449841605,0.11932418162618796,947
12038,0.12890194638266617,0.6129269188395152,0.25817113477781856,2723
12039,0.14927806241266883,0.7244993013507219,0.12622263623660923,4294
12040,0.1618657421998109,0.7207059565080366,0.11742830129215254,15865
12041,0.13895781637717122,0.739454094292804,0.12158808933002481,403
12042,0.15772034459907222,0.6665719965918773,0.17570765880905045,10563
12043,0.09367088607594937,0.6632911392405063,0.2430379746835443,395
12044,0.13782696177062373,0.7454728370221329,0.11670020120724346,994
12045,0.13228346456692913,0.7346456692913386,0.13307086614173227,1270
12046,0.1653145844600685,0.7221921759509645,0.11249323958896701,5547
12047,0.16386782231852653,0.7128927410617552,0.12323943661971831,3692
12048,0.14821166095051444,0.7319941205291524,0.11979421852033317,4082
12049,0.11805555555555555,0.7135416666666666,0.1684027777777778,576
12050,0.15035059331175837,0.7108953613807982,0.13875404530744337,7416
12051,0.15875370919881307,0.7181008902077152,0.12314540059347182,2696
12052,0.16503122212310437,0.7323818019625334,0.10258697591436218,1121
12053,0.1771513353115727,0.6997032640949555,0.12314540059347182,3370
12054,0.12127894156560089,0.701212789415656,0.17750826901874311,907
12055,0.1037506088650755,0.6410131514856308,0.2552362396492937,2053
12056,0.14805194805194805,0.7922077922077922,0.05974025974025974,385
12057,0.21670428893905191,0.6636568848758465,0.11963882618510158,443
12058,0.12326803631151458,0.7687529861442904,0.10797897754419493,2093
12059,0.17350157728706625,0.7400630914826498,0.08643533123028391,1585
12060,0.13405146618791142,0.7648114901256733,0.10113704368641532,1671
12061,0.18181818181818182,0.7272727272727273,0.09090909090909091,99
12062,0.15455807496529383,0.7487274409995373,0.0967144840351689,2161
12063,0.19434628975265017,0.7075971731448764,0.0980565371024735,1132
12064,0.12791741472172352,0.7078096947935368,0.16427289048473967,2228
12065,0.14087759815242495,0.754041570438799,0.10508083140877598,866
12066,0.08571428571428572,0.8095238095238095,0.10476190476190476,105
12067,0.1751588805886944,0.7052068235031776,0.11963429590812799,8969
12068,0.17107902125952668,0.7388688327316486,0.0900521460088247,4986
12069,0.16666666666666666,0.7846153846153846,0.04871794871794872,390
12070,0.1313870534656593,0.677021086161055,0.1915918603732856,37987
12071,0.09863013698630137,0.6356164383561644,0.26575342465753427,730
12072,0.14912922581589347,0.664422654763647,0.18644811942045952,6833
12073,0.14657210401891252,0.6832151300236406,0.1702127659574468,3384
12074,0.12286860581745236,0.7497492477432297,0.12738214643931794,1994
12075,0.13796201232032854,0.7139373716632443,0.1481006160164271,7792
12076,0.14310123878684322,0.7257582229816317,0.131140538231525,2341
12077,0.1751640585562847,0.7152953054013125,0.10954063604240283,1981
12078,0.17491749174917492,0.7098459845984598,0.11523652365236524,3636
12079,0.1512033195020747,0.7307883817427386,0.11800829875518672,6025
12080,0.12382739212007504,0.7517198248905566,0.12445278298936835,1599
12081,0.14580467675378267,0.7702888583218707,0.08390646492434663,727
12082,0.1330749354005168,0.7196382428940569,0.14728682170542637,774
12083,0.14265616207090603,0.6975239167135622,0.1598199212155318,7108
12084,0.1478814732761008,0.6602049293824426,0.19191359734145666,3611
12085,0.15277058518902123,0.7022268254790264,0.14500258933195237,3862
12086,0.1726322458029775,0.7380424453595186,0.08932530883750396,3157
12087,0.15568577763699715,0.6908457396262274,0.1534684827367754,6314
12088,0.1293800539083558,0.7396996534462842,0.13092029264536004,2597
12089,0.15989775631922748,0.7162737858562909,0.12382845782448168,3521
12090,0.1842042755344418,0.7201900237529691,0.09560570071258907,8420
12091,0.12206572769953052,0.6784037558685446,0.19953051643192488,852
12092,0.14620337477797513,0.7161412078152753,0.13765541740674955,9008
12093,0.09572301425661914,0.6272912423625254,0.2769857433808554,982
12095,0.18295454545454545,0.7079545454545455,0.10909090909090909,880
12096,0.14603552462918878,0.7124153085515473,0.14154916681926388,10922
12097,0.16463414634146342,0.7350332594235033,0.10033259423503325,1804
12098,0.13844086021505375,0.7289986559139785,0.13256048387096775,5952
12099,0.13063063063063063,0.7342342342342343,0.13513513513513514,222
12100,0.1092896174863388,0.6830601092896175,0.20765027322404372,183
12101,0.1655430711610487,0.7176029962546816,0.11685393258426967,1335
12102,0.14096016343207354,0.7640449438202247,0.09499489274770173,979
12103,0.11464245175936436,0.7979568671963677,0.08740068104426787,881
12104,0.12079062957540264,0.7445095168374817,0.13469985358711567,1366
12105,0.15695638331741485,0.7023241006049029,0.14071951607768227,3141
12106,0.16912599318955732,0.7182179341657208,0.11265607264472191,3524
12107,0.1586750788643533,0.717981072555205,0.12334384858044165,3170
12108,0.13360541295242187,0.6935882289764794,0.1728063580710987,9311
12109,0.13530970520039748,0.7338522689632329,0.13083802583636966,6038
12110,0.10102739726027397,0.7551369863013698,0.14383561643835616,584
12113,0.16857142857142857,0.7137142857142857,0.11771428571428572,1750
12114,0.1340782122905028,0.728739913097455,0.1371818746120422,1611
12115,0.20212765957446807,0.7074468085106383,0.09042553191489362,564
12116,0.12,0.6468571428571429,0.23314285714285715,875
12117,0.18402994385527136,0.7161572052401747,0.09981285090455397,1603
12118,0.17476214321482222,0.7155733600400601,0.10966449674511768,11982
12119,0.1133370692070608,0.6477654805267582,0.238897450266181,28552
12120,0.12810777709736682,0.6898958971218616,0.18199632578077157,8165
12121,0.14261801138265817,0.734851021091396,0.12253096752594576,2987
12122,0.17402082300446206,0.7107089737233515,0.11527020327218641,4034
12123,0.15347285410979677,0.7227024567788899,0.12382468911131332,13188
12124,0.16159355416293644,0.7153088630259624,0.12309758281110117,4468
12125,0.12209080503624571,0.7024036627241511,0.17550553223960322,2621
12126,0.16054564533053514,0.710912906610703,0.1285414480587618,1906
12127,0.12997327790973873,0.6942547505938242,0.17577197149643706,13472
12128,0.14823773324118866,0.6852107809260539,0.16655148583275742,2894
12129,0.14035087719298245,0.7894736842105263,0.07017543859649122,114
12130,0.13623188405797101,0.7329552614996849,0.13081285444234406,7935
12131,0.1545643153526971,0.725103734439834,0.12033195020746888,964
12132,0.14546430488459475,0.7289318303811058,0.12560386473429952,1863
12133,0.12049590497463335,0.6434124634218136,0.23609163160355306,57753
12134,0.1535448491970231,0.7044653349001175,0.1419898159028594,5106
12136,0.15202462704238692,0.6933459625858395,0.1546294103717736,4223
12137,0.1420375865479723,0.7194856577645895,0.13847675568743817,5055
12138,0.1647796817625459,0.7117503059975521,0.12347001223990207,6536
12139,0.16880131362889983,0.7188834154351396,0.1123152709359606,3045
12140,0.14345114345114346,0.7027027027027027,0.15384615384615385,481
12141,0.16454456415279137,0.742409402546523,0.0930460333006856,1021
12142,0.16697588126159554,0.6975881261595547,0.13543599257884972,1617
12143,0.14043715846994537,0.6721311475409836,0.18743169398907103,1830
13003,0.14189046310002115,0.7041657855783464,0.1539437513216325,4729
13004,0.17185514612452352,0.6823379923761118,0.14580686149936467,3148
13005,0.12588652482269502,0.7434988179669031,0.13061465721040189,1692
13006,0.1358148893360161,0.727364185110664,0.13682092555331993,994
13007,0.15721007473014115,0.7151951287019098,0.12759479656794906,3613
13009,0.14444444444444443,0.7148148148148148,0.14074074074074075,1350
13010,0.1444966092853417,0.6972700399930447,0.15823335072161362,5751
13011,0.13259668508287292,0.6869244935543278,0.18047882136279927,543
13012,0.16029334730225248,0.7071765322158198,0.13253012048192772,3818
13013,0.16427741185586983,0.7187136768694304,0.11700891127469973,2581
13015,0.13012048192771083,0.8024096385542169,0.06746987951807229,415
13021,0.2463768115942029,0.6908212560386473,0.06280193236714976,207
13022,0.15821058374249863,0.7381342062193126,0.10365521003818876,1833
13023,0.15191880748493497,0.7380272756105296,0.11005391690453536,3153
13024,0.1323943661971831,0.752112676056338,0.11549295774647887,1065
13025,0.16574585635359115,0.6906077348066298,0.143646408839779,181
13026,0.13914174252275682,0.6410923276983095,0.21976592977893367,769
13028,0.15188781014023733,0.736353829557713,0.11175836030204962,4635
13029,0.17094017094017094,0.7087912087912088,0.12026862026862027,1638
13030,0.13360323886639677,0.6923076923076923,0.17408906882591094,247
13032,0.09966499162479062,0.6850921273031826,0.2152428810720268,1194
13034,0.14012968299711814,0.747478386167147,0.11239193083573487,2776
13035,0.1384700257447591,0.7223243839646929,0.139205590290548,5438
13036,0.13271987258892232,0.719341709431959,0.14793841797911875,5651
13037,0.16304347826086957,0.6630434782608695,0.17391304347826086,368
13040,0.11666666666666667,0.6471014492753623,0.23623188405797102,1380
13041,0.15281750818542134,0.6922281578493883,0.15495433396519043,29015
13042,0.1505741127348643,0.7051148225469729,0.14431106471816285,3832
13043,0.13389536325316143,0.694768162658071,0.17133647408876768,4033
13044,0.14302191464821223,0.6689734717416378,0.18800461361014995,867
13045,0.13831258644536654,0.7349008759797142,0.1267865375749193,2169
13046,0.12422360248447205,0.674223602484472,0.2015527950310559,3220
13047,0.1650595575723199,0.7691435053885423,0.06579693703913783,1763
13048,0.14161910801099134,0.7370534770661594,0.12132741492284929,4731
13052,0.14857142857142858,0.723265306122449,0.12816326530612246,1225
13053,0.12821206383554234,0.6943467676494455,0.17744116851501218,3697
13055,0.1373134328358209,0.7053304904051173,0.15735607675906182,2345
13058,0.12327311370882041,0.7364505844845909,0.14027630180658873,941
13059,0.13764510779436154,0.7197346600331676,0.14262023217247097,603
13062,0.24509803921568626,0.7352941176470589,0.0196078431372549,102
13063,0.16581632653061223,0.7321428571428571,0.10204081632653061,392
13064,0.16936071064511432,0.7020532983835737,0.12858599097131207,6867
13065,0.14175365344467641,0.6519832985386221,0.20626304801670145,4790
13068,0.14869176770899808,0.7402680280791321,0.11104020421186982,1567
13071,0.22580645161290322,0.6774193548387096,0.0967741935483871,341
13074,0.18233618233618235,0.6923076923076923,0.12535612535612536,351
13075,0.11593823177821082,0.6493523506967757,0.2347094175250135,61067
13077,0.1744186046511628,0.7511627906976744,0.07441860465116279,430
13083,0.2571428571428571,0.6714285714285714,0.07142857142857142,490
13084,0.1708988311164853,0.6803708182184603,0.1487303506650544,2481
13085,0.2653061224489796,0.6598639455782312,0.07482993197278912,147
13087,0.15879828326180256,0.7124463519313304,0.12875536480686695,466
13089,0.16180371352785147,0.7055702917771883,0.13262599469496023,1131
13090,0.16599025974025974,0.7337662337662337,0.1002435064935065,2464
13092,0.3373493975903614,0.6506024096385542,0.012048192771084338,166
13095,0.1448991260312015,0.6933758065833537,0.16172506738544473,12243
13097,0.1404786680541103,0.686264308012487,0.1732570239334027,1922
13098,0.15017462165308498,0.7112922002328289,0.13853317811408614,859
13099,0.15129781420765026,0.7278005464480874,0.12090163934426229,2928
13100,0.14492753623188406,0.7369345630215195,0.1181379007465964,2277
13101,0.18283378746594006,0.6885558583106267,0.12861035422343325,3670
13102,0.14996426018584702,0.7002144388849177,0.14982130092923518,6995
13106,0.34942084942084944,0.6332046332046332,0.017374517374517374,518
13107,0.16791979949874686,0.7117794486215538,0.12030075187969924,798
13110,0.15469879518072288,0.6775903614457831,0.16771084337349398,2075
13111,0.14767441860465116,0.7523255813953489,0.1,860
13113,0.16025641025641027,0.6858974358974359,0.15384615384615385,468
13114,0.1369961612284069,0.7142514395393474,0.14875239923224567,4168
13118,0.14041496201052017,0.7003214494447692,0.1592635885447107,6844
13119,0.11638591117917305,0.6539050535987749,0.22970903522205208,653
13120,0.15988372093023256,0.7151162790697675,0.125,344
13121,0.14048257372654155,0.7227882037533512,0.13672922252010725,1865
13123,0.1831831831831832,0.7627627627627628,0.05405405405405406,333
13126,0.18596955658504302,0.6975512905360688,0.11647915287888816,1511
13128,0.1363124295906872,0.7405182125422456,0.12316935786706722,2663
13129,0.14227272727272727,0.7036363636363636,0.15409090909090908,4400
13130,0.26119402985074625,0.6716417910447762,0.06716417910447761,134
13131,0.146484375,0.7076822916666666,0.14583333333333334,3072
13133,0.1314633800821646,0.7105822354441139,0.15795438447372148,7059
13134,0.1297071129707113,0.6882845188284519,0.18200836820083682,1434
13135,0.13501483679525222,0.7561819980217607,0.10880316518298715,2022
13136,0.14038171772978403,0.7064289301858363,0.1531893520843797,3982
13137,0.12037548315847597,0.7310877967973495,0.14853672004417448,1811
13138,0.1733970183818208,0.7141409755391518,0.11246200607902736,6909
13139,0.12224448897795591,0.7294589178356713,0.14829659318637275,499
13143,0.1435448577680525,0.7031181619256017,0.15333698030634574,18280
13144,0.15605381165919283,0.7121076233183856,0.13183856502242153,2230
13145,0.1347305389221557,0.7125748502994012,0.15269461077844312,2338
13147,0.1743796109993293,0.7109322602280349,0.11468812877263582,2982
13152,0.1413793103448276,0.6198275862068966,0.23879310344827587,1160
13153,0.13669501822600244,0.7138517618469016,0.14945321992709598,1646
13154,0.12198391420911528,0.7136729222520107,0.164343163538874,3730
13155,0.20454545454545456,0.7613636363636364,0.03409090909090909,176
13157,0.13616792249730894,0.6759956942949408,0.18783638320775026,1858
13159,0.13804383382401048,0.721131828590121,0.1408243375858685,6114
13160,0.2005420054200542,0.7195121951219512,0.07994579945799458,738
13161,0.14219653179190753,0.7676300578034682,0.09017341040462427,865
13163,0.16287878787878787,0.7301136363636364,0.10700757575757576,2112
13165,0.15288189750522305,0.715374216541723,0.13174388595305395,8137
13169,0.14161490683229813,0.7453416149068323,0.11304347826086956,1610
13170,0.16531027466937945,0.6958290946083419,0.13886063072227875,1966
13178,0.18796992481203006,0.7293233082706767,0.08270676691729323,133
13183,0.20024721878862795,0.681087762669963,0.11866501854140915,809
13184,0.17297297297297298,0.7243243243243244,0.10270270270270271,185
13185,0.16666666666666666,0.7115384615384616,0.12179487179487179,624
13186,0.19765166340508805,0.6966731898238747,0.10567514677103718,511
13187,0.292817679558011,0.6519337016574586,0.055248618784530384,181
13188,0.17367220593027044,0.7171717171717171,0.10915607689801238,3069
13189,0.14444444444444443,0.7511784511784512,0.10437710437710437,2970
13192,0.12871287128712872,0.695898161244696,0.1753889674681754,707
13193,0.142570281124498,0.6887550200803213,0.1686746987951807,996
13195,0.13675213675213677,0.7606837606837606,0.10256410256410256,234
13197,0.10307898259705489,0.7603748326639893,0.13654618473895583,747
13199,0.15132924335378323,0.7321063394683026,0.1165644171779141,978
13201,0.13930866770887615,0.7146083029355567,0.14608302935556713,5757
13202,0.14977578475336323,0.7123318385650225,0.13789237668161436,4460
13203,0.2103960396039604,0.6584158415841584,0.1311881188118812,404
13204,0.20970873786407768,0.7339805825242719,0.05631067961165048,515
13206,0.12863146354832816,0.6691028686278092,0.2022656678238626,5473
13207,0.3546511627906977,0.5872093023255814,0.05813953488372093,172
13211,0.17886178861788618,0.7609756097560976,0.06016260162601626,615
13212,0.1297709923664122,0.7332734620565784,0.13695554557700942,2227
13216,0.17923497267759564,0.7639344262295082,0.05683060109289618,915
13217,0.1947261663286004,0.7079107505070994,0.0973630831643002,493
13218,0.2631578947368421,0.6754385964912281,0.06140350877192982,456
13222,0.1394441735738664,0.7106289614822038,0.1499268649439298,4102
13223,0.11957796014067995,0.7174677608440797,0.16295427901524032,853
13226,0.22289156626506024,0.6445783132530121,0.13253012048192772,166
13227,0.1472779369627507,0.7074498567335243,0.14527220630372492,6980
13228,0.13335485954149176,0.7187600904100743,0.14788505004843397,3097
13229,0.1406003159557662,0.7440758293838863,0.11532385466034756,1899
13232,0.15113500597371565,0.7186379928315412,0.13022700119474312,1674
13233,0.38461538461538464,0.6153846153846154,0.0,78
13234,0.18514412416851442,0.7250554323725056,0.08980044345898004,902
13236,0.17333333333333334,0.7466666666666667,0.08,150
13238,0.1468721668177697,0.7243880326382592,0.128739800543971,2206
13239,0.24028268551236748,0.666077738515901,0.09363957597173145,566
13242,0.15602129075182966,0.7168995342648037,0.1270791749833666,3006
13245,0.13576929965968118,0.6987282822855095,0.16550241805480925,5583
13246,0.13432835820895522,0.6716417910447762,0.19402985074626866,134
13248,0.2079879427279578,0.7015825169555389,0.0904295403165034,1327
13249,0.17387096774193547,0.7109677419354838,0.11516129032258064,3100
13250,0.14464099895941726,0.7051682275407561,0.15019077349982657,2883
13251,0.14928649835345773,0.7052689352360044,0.14544456641053788,3644
13252,0.16173727684519051,0.701039168665068,0.13722355448974155,3753
13253,0.14369215781782757,0.7476863127131028,0.10862152946906965,2053
13254,0.1436734693877551,0.7351020408163266,0.12122448979591836,2450
13255,0.1640106241699867,0.703187250996016,0.13280212483399734,3012
14001,0.27049180327868855,0.7008196721311475,0.028688524590163935,244
14002,0.15675675675675677,0.7476091476091477,0.09563409563409564,2405
14003,0.1875,0.7225,0.09,400
14004,0.1080168776371308,0.759493670886076,0.13248945147679325,1185
14005,0.13953488372093023,0.7342192691029901,0.12624584717607973,2408
14006,0.3069306930693069,0.6435643564356436,0.04950495049504951,101
14007,0.15136,0.74432,0.10432,3125
14008,0.15536105032822758,0.7735229759299781,0.0711159737417943,914
14009,0.10424469413233459,0.7524968789013733,0.14325842696629212,3204
14010,0.17567567567567569,0.7641891891891892,0.06013513513513514,1480
14011,0.17919799498746866,0.7167919799498746,0.10401002506265664,798
14012,0.12275862068965518,0.7682758620689655,0.10896551724137932,725
14013,0.19136408243375858,0.7340529931305201,0.0745829244357213,1019
14014,0.15598290598290598,0.782051282051282,0.06196581196581197,468
14015,0.18521665250637212,0.6958368734069669,0.11894647408666101,1177
14016,0.20175438596491227,0.695906432748538,0.1023391812865497,342
14017,0.15008726003490402,0.7696335078534031,0.08027923211169284,573
14018,0.11727941176470588,0.7378676470588236,0.1448529411764706,5440
14019,0.1967828418230563,0.7319034852546917,0.071313672922252,1865
14020,0.17087276550998948,0.7245005257623555,0.1046267087276551,1902
14021,0.250996015936255,0.7131474103585658,0.035856573705179286,251
14022,0.1941860465116279,0.7430232558139535,0.06279069767441861,860
14023,0.15958451369216242,0.7695939565627951,0.0708215297450425,1059
14024,0.14557425018288223,0.7400633991709339,0.11436235064618386,4101
14025,0.11263736263736264,0.771978021978022,0.11538461538461539,364
14026,0.17141676992978108,0.7030152829409335,0.12556794712928543,2421
14027,0.17295712715280323,0.7196775375595457,0.10736533528765116,2729
14028,0.21287128712871287,0.7079207920792079,0.07920792079207921,404
14029,0.15752212389380532,0.7787610619469026,0.06371681415929203,565
14030,0.15825688073394495,0.7637614678899083,0.0779816513761468,436
14031,0.2222222222222222,0.6944444444444444,0.08333333333333333,144
14032,0.13446567586694974,0.775654635527247,0.08987968860580325,1413
14033,0.14419970631424375,0.7826725403817915,0.07312775330396476,3405
14034,0.14919663351185922,0.7176740627390972,0.1331293037490436,1307
14035,0.12085308056872038,0.7440758293838863,0.13507109004739337,422
14036,0.2099391480730223,0.7200811359026369,0.06997971602434078,986
14037,0.06939182452642073,0.8380857427716849,0.09252243270189432,5015
14038,0.16149068322981366,0.7412008281573499,0.09730848861283643,483
14039,0.14128440366972478,0.763302752293578,0.09541284403669725,545
14040,0.11916461916461916,0.7936117936117936,0.08722358722358722,814
14041,0.2037914691943128,0.7535545023696683,0.04265402843601896,633
14043,0.12667191188040913,0.7977970102281668,0.07553107789142408,1271
14044,0.1626689925861317,0.6969036197121675,0.14042738770170082,2293
14045,0.12403773175756262,0.7021576493548737,0.1738046188875637,9223
14046,0.15745647236941712,0.744890234670704,0.09765329295987887,1321
14047,0.03225806451612903,0.9032258064516129,0.06451612903225806,31
14048,0.15347490347490347,0.7567567567567568,0.08976833976833977,1036
14049,0.18910457107075768,0.736380713838447,0.07451471509079524,1597
14050,0.12967032967032968,0.7655677655677655,0.10476190476190476,1365
14051,0.144793152639087,0.738944365192582,0.11626248216833096,1402
14052,0.1386901485965878,0.720968629609246,0.14034122179416622,1817
14053,0.15476190476190477,0.7559523809523809,0.08928571428571429,504
14054,0.11897738446411013,0.7885939036381514,0.09242871189773845,2034
14055,0.24154589371980675,0.7391304347826086,0.01932367149758454,207
14056,0.16136919315403422,0.7334963325183375,0.10513447432762836,409
14057,0.1514553527380365,0.7839171188949186,0.0646275283670449,2027
14058,0.18702290076335878,0.7709923664122137,0.04198473282442748,262
14059,0.17615176151761516,0.6747967479674797,0.14905149051490515,369
14060,0.15167827739075365,0.747308423052565,0.10101329955668144,3158
14061,0.11457249525674766,0.6766019952261461,0.20882550951710632,16339
14062,0.23529411764705882,0.6911764705882353,0.07352941176470588,68
14063,0.15565217391304348,0.7594202898550725,0.08492753623188405,3450
14064,0.3465909090909091,0.5852272727272727,0.06818181818181818,176
14065,0.17926186291739896,0.7255418863503222,0.09519625073227886,3414
14066,0.13286198261894241,0.7107084990425688,0.15642951833848873,6789
14067,0.19607843137254902,0.7254901960784313,0.0784313725490196,561
14068,0.14741035856573706,0.7629482071713147,0.08964143426294821,502
14069,0.13556851311953352,0.7745383867832848,0.08989310009718172,2058
14070,0.11500974658869395,0.7322936972059779,0.15269655620532813,1539
14071,0.1046474865633892,0.7805880493202656,0.11476446411634524,3163
14072,0.12737030411449016,0.7881932021466905,0.08443649373881933,2795
14073,0.15012594458438286,0.7677581863979849,0.08211586901763224,1985
14074,0.2171945701357466,0.6998491704374057,0.08295625942684766,663
14075,0.19115734720416125,0.7282184655396619,0.08062418725617686,769
14076,0.19254658385093168,0.7267080745341615,0.08074534161490683,161
14077,0.15952732644017725,0.7813884785819794,0.059084194977843424,677
14078,0.1464041095890411,0.742722602739726,0.11087328767123288,2336
15002,0.13203416748937633,0.6969566897025368,0.17100914280808688,23297
15005,0.12662244014998558,0.7375252379578887,0.13585232189212576,3467
15007,0.14077079107505072,0.7304259634888438,0.12880324543610547,4930
15009,0.08666528554657828,0.661625578344037,0.2517091361093847,14481
15010,0.11629464285714286,0.7397321428571428,0.14397321428571427,8960
15011,0.08231662501837425,0.6623548434514185,0.25532853153020724,6803
15012,0.1259939782289817,0.7237705550837644,0.1502354666872539,12953
15014,0.11604219716260458,0.7457257184430702,0.13823208439432522,2749
15015,0.043178198548929396,0.5993629446115731,0.3574588568394974,5651
15016,0.11107266435986159,0.7169550173010381,0.17197231833910034,2890
15019,0.18157661647475642,0.70814880425155,0.11027457927369354,2258
15022,0.15276851234156105,0.7551701134089392,0.09206137424949967,1499
15024,0.11522861356932153,0.7382005899705014,0.14657079646017698,5424
15026,0.1474129515131793,0.7110315652456882,0.14155548324113246,3073
15027,0.13582342954159593,0.7182402007824611,0.145936369675943,27094
15032,0.12743390038942407,0.6945070711211314,0.17805902848944455,19516
15035,0.1074660633484163,0.7680995475113123,0.1244343891402715,1768
15036,0.09207600565999596,0.7050232464119669,0.2029007479280372,19788
15038,0.16730486008836523,0.7257731958762886,0.10692194403534609,3395
15040,0.10697674418604651,0.7004651162790698,0.1925581395348837,6450
15041,0.1465978593272171,0.7226681957186545,0.13073394495412843,10464
15042,0.10262257696693272,0.774230330672748,0.12314709236031927,877
15044,0.1093266253869969,0.7445820433436533,0.14609133126934984,5168
15046,0.16088497476103533,0.705617012136183,0.13349801310278164,9311
15050,0.08753405994550409,0.7769073569482289,0.13555858310626703,2936
15051,0.11845985339961243,0.7202797202797203,0.16126042632066728,11869
15055,0.11561508635882975,0.760662671836447,0.1237222418047233,2837
15058,0.11211750305997552,0.7593635250917993,0.12851897184822522,4085
15059,0.12096661544908507,0.7209107417237044,0.1581226428272105,14318
15060,0.09704682339226733,0.6790363318437925,0.22391684476394016,10294
15061,0.09812409812409813,0.7236652236652237,0.1782106782106782,1386
15062,0.156867682235931,0.704393805866801,0.13873851189726805,7943
15070,0.10413843831055708,0.6220819945027293,0.27377956718671365,25831
15071,0.10552371026576342,0.7131318394997395,0.18134445023449713,3838
15072,0.1546976241900648,0.7078833693304536,0.13741900647948163,11112
15074,0.1412487793669941,0.7164684933080591,0.14228272732494687,17409
15076,0.11934234149107059,0.731172635358594,0.14948502315033543,10583
15077,0.14626575414189014,0.716462844534201,0.1372714013239089,53478
15078,0.10246679316888045,0.7508809975603145,0.1466522092708051,3689
15081,0.14668005671077505,0.6934073724007561,0.1599125708884688,33856
15082,0.100472016183412,0.7666891436277815,0.13283884018880648,1483
15085,0.1212076906206594,0.716938372688062,0.1618539366912786,13679
15086,0.13221985626829919,0.719390471120575,0.1483896726111259,15028
15087,0.1203768989167361,0.7225818857765528,0.1570412153067111,15601
15093,0.14387898686679174,0.7037210756722951,0.15239993746091307,25584
15096,0.12894604977451143,0.7365959579088024,0.13445799231668615,5987
15097,0.05223656559591714,0.6568598018613029,0.29090363254277996,3331
15098,0.1328305049235282,0.6909002025281095,0.17626929254836232,14319
15099,0.12862357741035002,0.7352372772170925,0.13613914537255745,4657
15101,0.11806480248557479,0.7407900577008433,0.1411451398135819,2253
15103,0.1287559878066483,0.706053128175352,0.16519088401799972,6889
15105,0.13899788711137942,0.7136532850387363,0.1473488278498843,19878
15106,0.09693721286370598,0.7120980091883614,0.19096477794793262,6530
15108,0.10302180288155043,0.6848144842534745,0.21216371286497512,15686
15110,0.12058303886925795,0.7628091872791519,0.1166077738515901,2264
15112,0.10787671232876712,0.7517123287671232,0.1404109589041096,1168
15113,0.1430564166150031,0.7070675759454432,0.14987600743955362,6452
15114,0.12867215041128086,0.7079905992949471,0.16333725029377202,8510
15115,0.13465553235908143,0.7281538920369818,0.13719057560393677,6706
15116,0.12982669504408634,0.7094354920441877,0.16073781291172595,19734
15118,0.10498433237899862,0.6717238891769427,0.2232917784440587,44359
15122,0.11231761112996268,0.7546657617916526,0.1330166270783848,2947
15125,0.1274079978743191,0.7159558921216952,0.15663611000398564,7527
15130,0.13414429998325986,0.6828301992076335,0.18302550080910662,17921
15131,0.14651431877350304,0.7231703789412786,0.1303153022852184,6914
15134,0.1379831569855323,0.7350464262578277,0.12697041675664003,4631
15136,0.09664764621968616,0.7346647646219686,0.16868758915834522,2804
15139,0.11768043576940536,0.7400136177939174,0.14230594643667727,8812
15140,0.12384041028735199,0.6867787917640847,0.18938079794856325,13259
15142,0.1410413808045064,0.7126453383404348,0.14631328085505885,13847
15144,0.14564611093895258,0.7297799814068795,0.12457390765416795,3227
15146,0.0901694390684968,0.588063974383265,0.3217665865482382,1008091
15150,0.15741935483870967,0.7329032258064516,0.10967741935483871,775
15151,0.1262961074281829,0.7404385517593065,0.13326534081251062,5883
15154,0.1288502233717376,0.731640410690493,0.13950936593776941,12759
15155,0.15445544554455445,0.7168316831683168,0.12871287128712872,505
15157,0.11745718050065876,0.7072463768115942,0.17529644268774702,15180
15158,0.0887071406102548,0.7606165460836741,0.1506763133060711,3179
15159,0.11072056239015818,0.697900286744982,0.19137915086485988,10811
15164,0.13632148377125194,0.7446676970633694,0.11901081916537867,3235
15165,0.17521781219748306,0.6708615682478218,0.15392061955469508,1033
15166,0.13247131358109265,0.7127932865216646,0.15473539989724266,35034
15167,0.14114043355325165,0.7196041470311028,0.13925541941564562,4244
15168,0.12839033723989476,0.7095431714900742,0.1620664912700311,20905
15169,0.14204894846882302,0.7349649489607675,0.12298610257040954,8131
15170,0.12894860914662895,0.7107496463932107,0.1603017444601603,8484
15171,0.08827463218903255,0.6791127953633527,0.2326125724476148,17944
15172,0.1178320107800569,0.7513100763587364,0.13085791286120677,6679
15173,0.11261813090654532,0.7614630731536577,0.125918795939797,11428
15175,0.13489970430752019,0.7263246223927116,0.13877567329976825,25026
15176,0.13736089030206677,0.7225755166931638,0.14006359300476948,6290
15177,0.09993648105017996,0.7745077281388948,0.12555579081092527,4723
15178,0.13156671315667132,0.7249341391600805,0.1434991476832481,6453
15179,0.12112259970457903,0.7128877400295421,0.16598966026587889,5416
15181,0.13551268649624632,0.7238430105483227,0.14064430295543096,10523
15182,0.128434621506667,0.6866894554184172,0.18487592307491585,38323
15183,0.1638702460850112,0.7301454138702461,0.10598434004474273,3576
15184,0.13412729402577117,0.7163217493166731,0.14955095665755563,5122
15185,0.09120521172638436,0.6979567663606752,0.2108380219129405,3377
15188,0.13525656183494916,0.727122251123197,0.13762118704185386,4229
15189,0.14683778868261213,0.7281150269379911,0.12504718437939671,29141
15191,0.14585232452142205,0.7192342752962625,0.1349134001823154,5485
15192,0.08721223323811124,0.6105696521593009,0.3022181146025878,23804
15194,0.15378517637732858,0.6940150614347999,0.15219976218787157,5046
15195,0.13084045584045584,0.7174145299145299,0.15174501424501424,28080
15200,0.11409028727770178,0.7395348837209302,0.146374829001368,3655
15201,0.129375204448806,0.7286555446516192,0.14196925089957474,6114
15202,0.11480916030534351,0.7758778625954198,0.10931297709923664,3275
15204,0.12299174989144594,0.7328484585323491,0.14415979157620495,9212
15205,0.08087721234867719,0.6506972807889024,0.26842550686242045,27177
15206,0.14275717284814557,0.7349704179655194,0.12227240918633502,15719
15209,0.12461954683801149,0.681788975312817,0.19359147784917147,59140
15210,0.13327049952874648,0.7345900094250707,0.13213949104618283,5305
15211,0.10655518394648829,0.7276254180602006,0.16581939799331102,14950
15213,0.13925546582627535,0.7499507583218437,0.11079377585188104,10154
15219,0.11297283574511298,0.7418126428027418,0.14521452145214522,3939
15220,0.10739841553795042,0.7400332225913622,0.15256836187068745,15652
15221,0.13407391113066433,0.7167839859216893,0.1491421029476463,9092
15222,0.09397944199706314,0.7624816446402349,0.14353891336270191,2724
15224,0.11801099908340972,0.7632905591200734,0.11869844179651695,4364
15226,0.15996150144369586,0.7133782483156882,0.12666025024061597,5195
15229,0.10347826086956521,0.7292753623188406,0.1672463768115942,6900
15230,0.1153343972145655,0.7332076019149862,0.15145800087044828,6893
15236,0.11482858323007022,0.738124741842214,0.1470466749277158,2421
15237,0.12805329385640266,0.7261287934863064,0.14581791265729088,6755
15242,0.11728198599618078,0.6865054105665181,0.19621260343730107,12568
15243,0.12184998517640083,0.7236881114734658,0.1544619033501334,6746
15244,0.11038062283737024,0.7273356401384083,0.16228373702422144,2890
15247,0.09493541111338938,0.7769120360877588,0.12815255279885177,4877
15248,0.15159290143254223,0.7261064785118666,0.1223006200555912,4677
15249,0.159908768373036,0.7085656360871769,0.13152559553978713,3946
15250,0.1483077703130942,0.7354544302192927,0.11623779946761313,7889
15251,0.09028272748871466,0.7619387027797576,0.14777856973152767,4209
16001,0.14554579673776663,0.7835633626097867,0.07089084065244668,1594
16002,0.20632279534109818,0.7254575707154742,0.06821963394342762,601
16003,0.1481038606081312,0.7418858899897506,0.1100102494021182,5854
16004,0.1435901305364823,0.7310797555270505,0.1253301139364672,13253
16005,0.17603444152116718,0.7158574503707247,0.10810810810810811,4181
16006,0.14081846799580272,0.7343126967471144,0.1248688352570829,4765
16007,0.15499643959173987,0.7315452171849038,0.11345834322335628,4213
16008,0.14101919790933762,0.7127349482360036,0.14624585385465877,9949
16009,0.11774647887323944,0.7830985915492957,0.09915492957746479,1775
16010,0.17942908926144088,0.7281377435432714,0.09243316719528773,2207
16011,0.15215600109859928,0.7313924745948915,0.11645152430650921,3641
16012,0.177698975571316,0.7399527186761229,0.08234830575256107,2538
16013,0.13814118842051804,0.7638395124428644,0.09801929913661757,1969
16014,0.2206896551724138,0.7172413793103448,0.06206896551724138,145
16015,0.1836734693877551,0.6825396825396826,0.13378684807256236,441
16016,0.1451671511627907,0.7114825581395349,0.1433502906976744,5504
16017,0.24028268551236748,0.6855123674911661,0.07420494699646643,283
16018,0.13983182809093742,0.746807848022423,0.11336032388663968,3211
16019,0.15082644628099173,0.7706611570247934,0.07851239669421488,484
16020,0.17598137059214902,0.7355289421157685,0.08848968729208251,3006
16021,0.11590106007067137,0.7717314487632508,0.11236749116607773,1415
16022,0.19595959595959597,0.7414141414141414,0.06262626262626263,495
16023,0.17084282460136674,0.7158314350797267,0.1133257403189066,1756
16024,0.1003773079413275,0.6255944274519435,0.274028264606729,89582
16025,0.17529039070749736,0.737064413938754,0.08764519535374868,947
16026,0.1608695652173913,0.7369565217391304,0.10217391304347827,460
16027,0.2777777777777778,0.5925925925925926,0.12962962962962962,54
16028,0.14342105263157895,0.7714912280701754,0.08508771929824561,4560
16029,0.13398692810457516,0.7544351073762838,0.111577964519141,4284
16030,0.11648622721666438,0.7519528573386323,0.1315609154447033,7297
16031,0.15791710945802337,0.7294367693942614,0.1126461211477152,4705
16032,0.15,0.73625,0.11375,800
16033,0.15680880330123798,0.7510316368638239,0.0921595598349381,727
16034,0.16585760517799353,0.7532362459546925,0.08090614886731391,3708
16035,0.1624087591240876,0.7627737226277372,0.07481751824817519,548
16036,0.18199608610567514,0.7377690802348337,0.08023483365949119,511
16037,0.14922480620155038,0.7461240310077519,0.10465116279069768,6192
16038,0.17425008426019548,0.7044152342433434,0.12133468149646107,5934
16040,0.13937753721244925,0.7440234551195309,0.11659900766801985,4434
16041,0.1111111111111111,0.8148148148148148,0.07407407407407407,81
16042,0.12842210054753608,0.7361871577899453,0.13539074166251866,4018
16043,0.15600096595025356,0.7418497947355711,0.10214923931417531,4141
16044,0.2033678756476684,0.7054404145077721,0.09119170984455958,3860
16046,0.19031493396545884,0.7153741957331528,0.09431087030138842,5906
16047,0.1441786283891547,0.7342902711323764,0.1215311004784689,3135
16048,0.20470588235294118,0.7529411764705882,0.042352941176470586,425
16049,0.15422721268163805,0.7470277410832232,0.0987450462351387,3028
16050,0.1791713325867861,0.7077267637178052,0.11310190369540873,893
16051,0.15694467658365369,0.7163630285809794,0.12669229483536687,5983
16052,0.15597147950089127,0.7428698752228164,0.10115864527629234,2244
16053,0.15568913696865608,0.7106912838127952,0.13361957921854872,11645
16055,0.15965123271196632,0.7360192423331329,0.10432952495490078,3326
16056,0.23949579831932774,0.6554621848739496,0.10504201680672269,238
16057,0.16272100689241834,0.7395864548996104,0.09769253820797123,3337
16058,0.14683447749809306,0.7391304347826086,0.11403508771929824,2622
16059,0.1396628826969384,0.739594083247334,0.12074303405572756,2907
16060,0.191629052113254,0.718096019696348,0.09027492819039803,2437
16061,0.25316455696202533,0.6455696202531646,0.10126582278481013,79
16062,0.1693846786350555,0.7345484445662601,0.09606687679868439,7297
16063,0.17146974063400577,0.7454370797310279,0.08309317963496637,2082
16064,0.1448692152917505,0.7694164989939638,0.08571428571428572,2485
16065,0.1524008350730689,0.7160751565762005,0.1315240083507307,958
16066,0.1469387755102041,0.7438775510204082,0.10918367346938776,1960
16067,0.16802610114192496,0.7520391517128875,0.0799347471451876,1226
16068,0.14850948509485096,0.7306233062330624,0.12086720867208672,1845
16069,0.12711241734019105,0.733651726671565,0.13923585598824395,2722
16070,0.15296731196445573,0.7642018406854967,0.0828308473500476,3151
16071,0.15859766277128548,0.7587646076794657,0.08263772954924875,1198
16072,0.1675213675213675,0.7465811965811966,0.0858974358974359,2340
16073,0.13660818713450293,0.7525146198830409,0.11087719298245614,4275
16074,0.1614975631369074,0.7410279131590607,0.0974745237040319,4514
16075,0.14659552845528456,0.7728658536585366,0.08053861788617886,3936
16076,0.17269824374667375,0.7341671101649814,0.09313464608834486,3758
16077,0.13712686567164178,0.726679104477612,0.13619402985074627,6432
16078,0.17443249701314217,0.7801672640382318,0.04540023894862605,837
16079,0.16932591218305504,0.7304885590599877,0.10018552875695733,8085
16080,0.1780821917808219,0.7139403706688154,0.10797743755036261,1241
16081,0.1518341307814992,0.7457735247208931,0.10239234449760766,3135
16082,0.18312101910828024,0.7165605095541401,0.10031847133757962,628
16083,0.14568081991215226,0.7767203513909224,0.07759882869692533,1366
16084,0.13499788404570462,0.7685146000846381,0.09648751586965722,2363
16085,0.21678321678321677,0.6923076923076923,0.09090909090909091,429
16086,0.1670010804136441,0.7197098317641611,0.11328908782219478,6479
16087,0.19654576856649394,0.7136442141623489,0.08981001727115717,2895
16088,0.14766201804757997,0.7621000820344545,0.09023789991796555,2438
16089,0.13717128642501777,0.6920753375977257,0.17075337597725657,5628
16090,0.32275132275132273,0.6243386243386243,0.05291005291005291,189
16091,0.13305248376338424,0.7319641916798315,0.13498332455678427,17091
16092,0.16374269005847952,0.783625730994152,0.05263157894736842,684
16093,0.16235100698725852,0.7447595561035758,0.09288943690916564,2433
16094,0.1430625449317038,0.7670740474478792,0.08986340762041696,1391
16096,0.14188034188034188,0.7405128205128205,0.11760683760683761,5850
16097,0.21125265392781317,0.7176220806794055,0.07112526539278131,942
16098,0.18696629213483146,0.729438202247191,0.08359550561797753,2225
16099,0.11657142857142858,0.744,0.13942857142857143,875
16100,0.16696588868940754,0.729802513464991,0.10323159784560143,2228
16101,0.18041074249605055,0.7320695102685624,0.08751974723538705,3165
16102,0.18013856812933027,0.7390300230946882,0.08083140877598152,433
16103,0.17857142857142858,0.7214285714285714,0.1,140
16104,0.19638128861429832,0.7277140335392762,0.07590467784642542,2266
16105,0.13621123218776193,0.7665549036043587,0.0972338642078793,2386
16106,0.29936305732484075,0.6050955414012739,0.09554140127388536,157
16107,0.20441988950276244,0.7044198895027625,0.09116022099447514,724
16108,0.18646169104884702,0.7165881477808084,0.09695016117034466,4033
16109,0.18473138548539114,0.7285579641847314,0.08671065032987747,1061
16110,0.228099173553719,0.684297520661157,0.08760330578512397,605
16111,0.18136482939632545,0.7346456692913386,0.08398950131233596,3810
16113,0.18301435406698566,0.7344497607655502,0.08253588516746412,4180
16114,0.20116618075801748,0.7012987012987013,0.09753511794328121,3773
16115,0.08067896060352053,0.6892288348700755,0.23009220452640403,4772
16116,0.19125214408233276,0.7555746140651801,0.05317324185248713,1166
16117,0.14841286525120875,0.7408030271179314,0.11078410763085979,4757
16118,0.16761041902604756,0.7281993204983013,0.10419026047565119,883
16119,0.17569786535303777,0.7438423645320197,0.08045977011494253,609
16120,0.17089806744979158,0.7230011367942403,0.10610079575596817,5278
16121,0.12857142857142856,0.8214285714285714,0.05,140
16122,0.18568232662192394,0.7293064876957495,0.08501118568232663,447
16123,0.12166558230318802,0.7430058555627846,0.13532856213402733,3074
16124,0.2225161669606114,0.6813639035861259,0.09611992945326278,3402
16125,0.18181818181818182,0.7552447552447552,0.06293706293706294,429
16126,0.15207715133531158,0.7522255192878339,0.0956973293768546,2696
16127,0.18029739776951673,0.7713754646840149,0.048327137546468404,538
16128,0.13300364393545028,0.6754294638209266,0.1915668922436231,3842
16129,0.15093387178192832,0.7460878344270571,0.10297829379101464,1981
16130,0.12364760432766615,0.7527047913446677,0.12364760432766615,647
16131,0.16631054131054132,0.7567663817663818,0.07692307692307693,2808
16132,0.14291393361160803,0.7447823494335122,0.11230371695487974,5031
16133,0.17675544794188863,0.7271993543179984,0.096045197740113,7434
16134,0.16417910447761194,0.8208955223880597,0.014925373134328358,134
16135,0.16774791473586653,0.7256719184430028,0.10658016682113068,2158
16136,0.08333333333333333,0.8269230769230769,0.08974358974358974,156
16137,0.13837209302325582,0.7302325581395349,0.1313953488372093,860
16139,0.15075825156110614,0.7502230151650312,0.09901873327386262,2242
16140,0.1601804850535815,0.7507050197405527,0.08911449520586577,1773
16141,0.18369351669941061,0.7303536345776032,0.08595284872298625,2036
16142,0.1588989677822959,0.7460118861432593,0.0950891460744448,3197
16143,0.12139142908373678,0.6715079792002869,0.20710059171597633,5577
16144,0.15910132966529114,0.71767537826685,0.12322329206785879,8724
16145,0.23545706371191136,0.7091412742382271,0.055401662049861494,361
16146,0.18925831202046037,0.7276214833759591,0.08312020460358056,782
16147,0.25210084033613445,0.6050420168067226,0.14285714285714285,119
16148,0.2163355408388521,0.7064017660044151,0.0772626931567329,453
16149,0.14017341040462428,0.7630057803468208,0.0968208092485549,692
16150,0.1384,0.7392,0.1224,1250
16151,0.36752136752136755,0.6153846153846154,0.017094017094017096,117
16152,0.14568297246725476,0.7535418337342956,0.10077519379844961,3741
16153,0.1537108301264431,0.7383177570093458,0.10797141286421111,9095
16154,0.18513513513513513,0.7,0.11486486486486487,1480
16155,0.1498805052919085,0.7285763059064527,0.12154318880163878,2929
16156,0.15273509526736326,0.7360172095881992,0.11124769514443761,3254
16157,0.17388149939540506,0.7419588875453447,0.08415961305925031,4135
16158,0.15694849368318756,0.7521865889212828,0.09086491739552964,2058
16159,0.25,0.6884057971014492,0.06159420289855073,276
16160,0.12613451245054688,0.7365603909704445,0.1373050965790086,4297
16161,0.21232876712328766,0.7191780821917808,0.0684931506849315,1314
16162,0.14752475247524752,0.7564356435643564,0.09603960396039604,1010
16163,0.12335958005249344,0.7847769028871391,0.09186351706036745,762
16164,0.125,0.7745726495726496,0.10042735042735043,936
16165,0.13196480938416422,0.7565982404692082,0.11143695014662756,341
16166,0.2222222222222222,0.7222222222222222,0.05555555555555555,72
16167,0.17266187050359713,0.7257194244604317,0.10161870503597123,1112
16168,0.18361375274323335,0.719824433065106,0.09656181419166057,1367
16169,0.1422676360778149,0.6800943210846925,0.17763804283749263,5089
16170,0.15120274914089346,0.7092072520440811,0.13958999881502548,8439
16171,0.15506193934216148,0.7424177701836822,0.10252029047415634,2341
16172,0.15462506841817186,0.7556102900930487,0.08976464148877943,3654
16173,0.1698389458272328,0.7191800878477306,0.11098096632503661,3415
16174,0.16878767582049564,0.7166778298727394,0.1145344943067649,1493
16175,0.16824644549763032,0.759478672985782,0.07227488151658767,844
16176,0.14659090909090908,0.725284090909091,0.128125,3520
16177,0.19706136560069146,0.7372515125324114,0.06568712186689715,1157
16178,0.12982929020664868,0.6758760107816711,0.19429469901168014,4452
16179,0.16187433439829607,0.7028753993610224,0.13525026624068157,939
16180,0.16691505216095381,0.7168405365126677,0.11624441132637854,671
16182,0.13333333333333333,0.7632058287795993,0.10346083788706739,2745
16183,0.1609868283504077,0.7116872255906335,0.1273259460589588,14349
16184,0.15451895043731778,0.7230320699708455,0.12244897959183673,343
16185,0.13848631239935588,0.7471819645732689,0.1143317230273752,621
16186,0.1558641975308642,0.7824074074074074,0.06172839506172839,648
16187,0.14089692101740295,0.7295850066934404,0.12951807228915663,2988
16188,0.1793416572077185,0.7392167990919409,0.08144154370034053,3524
16189,0.14127557160048135,0.7364620938628159,0.12226233453670277,4155
16190,0.18421776189166897,0.7016772064888644,0.1141050316194666,3637
16191,0.23809523809523808,0.7117794486215538,0.05012531328320802,399
16193,0.12774294670846395,0.7035658307210031,0.16869122257053293,5104
16194,0.13630831643002028,0.7134550371872888,0.15023664638269102,7395
16195,0.1595744680851064,0.7425531914893617,0.09787234042553192,940
16196,0.18296169239565466,0.7381360777587193,0.07890222984562607,1749
16197,0.1616094986807388,0.7222955145118733,0.11609498680738786,1516
16198,0.12423592493297587,0.7198391420911529,0.15592493297587132,18650
16199,0.16886377903327057,0.7401129943502824,0.09102322661644696,1593
16200,0.14557926829268292,0.7400914634146342,0.11432926829268293,1312
16201,0.14022140221402213,0.7472324723247232,0.11254612546125461,542
16202,0.15806207418622256,0.7193035579106737,0.12263436790310371,6605
16203,0.12681846932321317,0.7643896268184693,0.10879190385831752,3162
16204,0.1614678899082569,0.7315858453473132,0.10694626474442988,3815
16205,0.16285714285714287,0.7428571428571429,0.09428571428571429,700
16206,0.1542313470205308,0.7511266900350526,0.09464196294441662,3994
16207,0.11940298507462686,0.726027397260274,0.15456961766509916,9782
16208,0.18795180722891566,0.7301204819277108,0.0819277108433735,830
16209,0.17181256810751908,0.7428260079912823,0.08536142390119869,2753
16210,0.14318706697459585,0.7852193995381063,0.07159353348729793,433
16211,0.1839080459770115,0.7177522349936143,0.0983397190293742,1566
16212,0.15949292452830188,0.7476415094339622,0.09286556603773585,3392
16213,0.12309621931553485,0.761153915068984,0.11574986561548109,5581
16214,0.1286000308024026,0.7022947789927614,0.16910519020483597,6493
16215,0.16594427244582044,0.7306501547987616,0.10340557275541795,1615
16216,0.123773173391494,0.7415485278080698,0.1346782988004362,1834
16217,0.19823232323232323,0.7285353535353535,0.07323232323232323,792
16218,0.1482622085349758,0.7109546854377474,0.14078310602727673,6819
16219,0.1295611494764981,0.6741367787926041,0.19630207173089775,22445
16220,0.1386602507281246,0.7030517918196784,0.15828795745219704,7897
16221,0.1795131845841785,0.757606490872211,0.06288032454361055,986
16222,0.15137420718816066,0.7495419309372797,0.09908386187455955,7095
16223,0.18230563002680966,0.7654155495978552,0.05227882037533512,746
16224,0.13619167717528374,0.7247793190416141,0.13902900378310215,3172
16225,0.15865384615384615,0.7716346153846154,0.06971153846153846,416
16226,0.1553398058252427,0.7864077669902912,0.05825242718446602,103
16227,0.12025316455696203,0.7721518987341772,0.10759493670886076,158
16229,0.1951219512195122,0.7804878048780488,0.024390243902439025,205
16230,0.23270440251572327,0.7358490566037735,0.031446540880503145,159
16232,0.18451688009313155,0.7349631354287932,0.08051998447807528,5154
16233,0.1704097376992971,0.7164409394822562,0.11314932281844677,5833
16234,0.19291109819872168,0.7274840209180709,0.07960488088320744,3442
16235,0.16145181476846057,0.7446808510638298,0.09386733416770963,799
16236,0.16808510638297872,0.7319148936170212,0.1,940
16237,0.1888111888111888,0.7599067599067599,0.05128205128205128,429
16238,0.16870207327463788,0.7219539903436524,0.10934393638170974,3521
16239,0.16092660926609267,0.7201722017220172,0.11890118901189012,4878
16240,0.13081454397724965,0.7414178346536665,0.1277676213690839,4923
16241,0.14996288047512993,0.74090571640683,0.1091314031180401,1347
16242,0.17006324666198172,0.727512297962052,0.10242445537596627,5692
16243,0.14612676056338028,0.7473591549295775,0.10651408450704225,1136
16244,0.14436248682824027,0.7760800842992623,0.07955742887249737,1898
16245,0.14484944532488114,0.7251980982567353,0.12995245641838352,6310
16246,0.16420636128443158,0.7426571298128138,0.09313650890275453,6571
16247,0.16885007278020378,0.7438136826783115,0.08733624454148471,687
16248,0.19498069498069498,0.722007722007722,0.08301158301158301,518
16249,0.20434782608695654,0.7565217391304347,0.0391304347826087,230
16250,0.15764425936942297,0.7519333729922665,0.09042236763831053,1681
16251,0.15514809590973203,0.7468265162200282,0.09802538787023977,1418
16252,0.17097701149425287,0.7485632183908046,0.08045977011494253,2784
16253,0.20056764427625354,0.7265846736045412,0.0728476821192053,3171
17001,0.20708955223880596,0.7322761194029851,0.06063432835820896,1072
17002,0.1757158795091112,0.7275939010784679,0.09669021941242098,5378
17003,0.20125786163522014,0.7216981132075472,0.0770440251572327,1272
17004,0.19164759725400457,0.7053775743707094,0.10297482837528604,1748
17005,0.23692307692307693,0.6707692307692308,0.09230769230769231,325
17006,0.19063733784545966,0.7287084038353074,0.08065425831923294,1773
17007,0.15183044315992292,0.7691714836223507,0.0789980732177264,2595
17008,0.11991786447638604,0.7535934291581109,0.12648870636550308,2435
17009,0.179253665037761,0.7102398933807197,0.11050644158151933,9004
17010,0.19546070460704607,0.7201897018970189,0.08434959349593496,2952
17011,0.17519106407995297,0.7383891828336273,0.08641975308641975,1701
17012,0.1881918819188192,0.7146371463714637,0.0971709717097171,813
17013,0.16211401425178149,0.7315914489311164,0.10629453681710213,1684
17014,0.14740311399022615,0.7421297874758496,0.11046709853392431,8799
17015,0.15687303252885623,0.7639034627492131,0.07922350472193075,1906
17016,0.19824561403508772,0.7026315789473684,0.09912280701754386,1140
17017,0.1575028636884307,0.7451317296678122,0.09736540664375716,1746
17018,0.1810436634717785,0.6971955981540646,0.12176073837415691,2817
17019,0.20375865479723046,0.7200791295746786,0.076162215628091,1011
17020,0.15069997255009607,0.7606368377710678,0.08866318967883613,3643
17021,0.17501141378785573,0.7030893319129509,0.12189925429919343,6571
17022,0.1664899257688229,0.7195121951219512,0.11399787910922587,1886
17023,0.15740279162512463,0.6940428713858424,0.1485543369890329,8024
17024,0.21189839572192512,0.7239304812834224,0.06417112299465241,1496
17025,0.13954761036118205,0.6984677125136811,0.1619846771251368,5482
17026,0.13416666666666666,0.795,0.07083333333333333,1200
17027,0.1566265060240964,0.7048192771084337,0.13855421686746988,498
17028,0.16843615494978478,0.6880918220946916,0.14347202295552366,3485
17029,0.12384631303028212,0.6534524384355384,0.2227012485341795,144970
17030,0.18397085610200364,0.7122040072859745,0.10382513661202186,549
17031,0.13385315139701104,0.7732293697205977,0.09291747888239116,1539
17032,0.15580357142857143,0.7559151785714285,0.08828125,8960
17033,0.11939163498098859,0.7555133079847909,0.12509505703422052,2630
17034,0.1692672998643148,0.737449118046133,0.09328358208955224,5896
17035,0.17096018735362997,0.7224824355971897,0.10655737704918032,1708
17036,0.3489208633093525,0.6079136690647482,0.04316546762589928,278
17037,0.172157910359157,0.7043633125556545,0.12347877708518848,3369
17038,0.16359072789015208,0.7501845563265909,0.08622471578325705,6773
17039,0.16546363131593558,0.7421432537479178,0.09239311493614659,9005
17040,0.13378987806914983,0.7404376148321363,0.12577250709871388,5987
17041,0.16808988764044944,0.7620224719101124,0.0698876404494382,4450
17042,0.12310961129858768,0.7500312460942382,0.1268591426071741,8001
17043,0.15451860602480802,0.7314825753101004,0.11399881866509155,8465
17044,0.1876523151909017,0.7546709991876523,0.057676685621445976,1231
17045,0.17410100216152485,0.7486736097465121,0.07722538809196305,5089
17046,0.16846203763789747,0.7319922128487995,0.09954574951330306,7705
17047,0.14004914004914004,0.7371007371007371,0.12285012285012285,814
17048,0.14003836667580158,0.663743491367498,0.19621814195670045,3649
17049,0.1341222879684418,0.7869822485207101,0.07889546351084813,507
17050,0.18265541059094398,0.7275518035303147,0.08979278587874137,1303
17051,0.15323854660347552,0.7567140600315956,0.09004739336492891,633
17052,0.1734150434084774,0.7003720726636026,0.12621288392792004,13707
17053,0.18837863167760074,0.6907216494845361,0.12089971883786317,1067
17054,0.178743961352657,0.748792270531401,0.07246376811594203,414
17055,0.15546434068753207,0.7470497691123653,0.09748589020010262,1949
17056,0.1662058871361197,0.7225565132541877,0.11123759960969264,6149
17057,0.14726224783861672,0.6322766570605187,0.22046109510086456,3470
17058,0.20105124835742444,0.7431011826544021,0.05584756898817345,1522
17059,0.15783561130874368,0.7401235723647257,0.10204081632653061,5341
17060,0.1448148148148148,0.7737037037037037,0.08148148148148149,2700
17061,0.14437859658163704,0.6862492484754789,0.16937215494288413,11643
17062,0.1555808224369907,0.727875686943339,0.11654349061967027,5277
17063,0.1838774150566289,0.7328447701532311,0.0832778147901399,1501
17064,0.12307692307692308,0.7875,0.08942307692307692,1040
17065,0.1477252766555419,0.722114877920253,0.13015984542420517,11386
17066,0.1465174129353234,0.7574626865671642,0.09601990049751244,4020
17067,0.12360231084606783,0.6732668654491241,0.20313082370480806,21464
17068,0.13954869358669833,0.7491092636579573,0.11134204275534441,3368
17069,0.13855421686746988,0.7443620636391721,0.11708371949335805,6474
17070,0.16163265306122448,0.7159183673469388,0.12244897959183673,3675
17071,0.20706713780918728,0.7250883392226148,0.06784452296819787,1415
17072,0.16676970633693972,0.7129829984544049,0.12024729520865533,6470
17073,0.19928079112975727,0.7009289781240635,0.09979023074617921,3337
17074,0.12169312169312169,0.6782106782106783,0.2000962000962001,2079
17075,0.17625725338491297,0.7207446808510638,0.1029980657640232,8272
17076,0.18838591678097852,0.6959304983996342,0.11568358481938729,2187
17077,0.137703081232493,0.7319887955182073,0.13030812324929972,8925
17078,0.1634907054522828,0.732830364781831,0.10367892976588629,12857
17079,0.14673561732385262,0.7420814479638009,0.11118293471234647,1547
17080,0.17806267806267806,0.7279202279202279,0.09401709401709402,3510
17081,0.14399605490260542,0.6986931864880415,0.15731075860935317,12167
17082,0.143646408839779,0.7472375690607734,0.10911602209944751,1448
17083,0.15555555555555556,0.7962962962962963,0.04814814814814815,270
17084,0.15384615384615385,0.7403846153846154,0.10576923076923077,104
17085,0.12922722693912794,0.7047057130522377,0.16606706000863433,6949
17086,0.18172231985940246,0.7430579964850615,0.07521968365553602,2845
17087,0.2183288409703504,0.7277628032345014,0.05390835579514825,371
17088,0.15189367442790047,0.7428799840111922,0.10522634156090736,10007
17089,0.16230366492146597,0.749738219895288,0.08795811518324607,955
17090,0.17529215358931552,0.6969949916527546,0.12771285475792987,1198
17091,0.14816232771822357,0.7366003062787136,0.1152373660030628,2612
17092,0.13921873720416017,0.7250020473343707,0.13577921546146918,12211
17093,0.13381995133819952,0.7493917274939172,0.11678832116788321,411
17094,0.16594827586206898,0.6982758620689655,0.13577586206896552,464
17095,0.3220338983050847,0.6067796610169491,0.0711864406779661,295
17096,0.19232717143580652,0.7247404406178779,0.08293238794631552,15796
17097,0.1605316973415133,0.7760736196319018,0.06339468302658487,978
17098,0.49504950495049505,0.43564356435643564,0.06930693069306931,101
17099,0.1373695198329854,0.7620041753653445,0.10062630480167015,2395
17100,0.1853448275862069,0.6989942528735632,0.11566091954022989,1392
17101,0.1736682546556951,0.7371156344737981,0.08921611087050671,2309
17102,0.12898330804248861,0.7346990389479009,0.13631765300961052,3954
17103,0.1616224006588429,0.7072266831377394,0.13115091620341776,9714
17104,0.1625082074852265,0.7580433355219961,0.07944845699277742,3046
17105,0.220703125,0.7421875,0.037109375,512
17106,0.14525862068965517,0.7392241379310345,0.11551724137931034,2320
17107,0.14482530585252948,0.7425327895955032,0.11264190455196738,9073
17108,0.18454258675078863,0.7302839116719243,0.08517350157728706,1268
17109,0.12437810945273632,0.6865671641791045,0.1890547263681592,2010
17110,0.2107728337236534,0.7096018735362998,0.07962529274004684,427
17111,0.21899529042386184,0.7009419152276295,0.08006279434850863,1274
17112,0.1316335606285206,0.7168692558553217,0.15149718351615774,3373
17113,0.14542679603183256,0.737981031287474,0.11659217268069334,18346
17114,0.14733542319749215,0.7566258193217441,0.09603875748076375,3509
17115,0.20534223706176963,0.7429048414023373,0.05175292153589316,599
17116,0.15357323872275722,0.7232640648758236,0.12316269640141916,1973
17117,0.17753486618921976,0.7176781002638523,0.104787033546928,7959
17118,0.1353491720662347,0.7372210223182145,0.12742980561555076,1389
17119,0.19683339330694494,0.6991723641597697,0.10399424253328536,2779
17120,0.1484848484848485,0.7390909090909091,0.11242424242424243,3300
17121,0.18045705279747834,0.7375886524822695,0.08195429472025216,1269
17122,0.15778401122019636,0.7457924263674615,0.09642356241234222,2852
17123,0.1844973758578926,0.690754945498587,0.12474767864352039,2477
17124,0.13464235624123422,0.8036465638148668,0.061711079943899017,713
17125,0.1518844504626495,0.7125930941096817,0.1355224554276687,8862
17126,0.17283236994219653,0.7335260115606936,0.09364161849710982,1730
17127,0.14411910669975186,0.7477915632754343,0.1080893300248139,10075
17128,0.18207282913165265,0.7245564892623716,0.09337068160597572,1071
17129,0.11098591549295775,0.6763380281690141,0.21267605633802816,3550
17130,0.1625188536953243,0.6987179487179487,0.138763197586727,2652
17131,0.19117647058823528,0.7205882352941176,0.08823529411764706,136
17132,0.1620400258231117,0.749515816655907,0.08844415752098128,1549
17133,0.15495319267849658,0.7174793908062037,0.1275674165152997,14314
17134,0.12696690179055886,0.7387411828540423,0.1342919153553988,3686
17135,0.19955654101995565,0.6917960088691796,0.10864745011086474,451
17136,0.16048183407810376,0.6988537011851564,0.14066446473673985,5147
17137,0.18253138075313807,0.7442468619246861,0.07322175732217573,1912
17138,0.13653846153846153,0.7682692307692308,0.09519230769230769,3120
17139,0.2318181818181818,0.6818181818181818,0.08636363636363636,440
17140,0.27802690582959644,0.6502242152466368,0.07174887892376682,446
17141,0.19926873857404023,0.753199268738574,0.04753199268738574,1094
17142,0.12794512376975842,0.7685654637637936,0.10348941246644795,3353
17143,0.1572199730094467,0.7181174089068826,0.12466261808367071,5928
17144,0.18588362068965517,0.7349137931034483,0.07920258620689655,1856
17145,0.14004683840749416,0.7114754098360656,0.1484777517564403,2135
17146,0.17292069632495163,0.7357833655705996,0.09129593810444875,2585
17147,0.14602242391884676,0.7367859049652963,0.11719167111585692,3746
17148,0.11826452064380685,0.7396780965710287,0.14205738278516444,1429
17149,0.19041252864782277,0.7020626432391138,0.10752482811306341,5236
17150,0.18533857941602816,0.7239594118865189,0.09070200869745289,4829
17151,0.15445619335347432,0.7379154078549849,0.10762839879154079,2648
17152,0.19230769230769232,0.7047952047952047,0.1028971028971029,2002
17153,0.19870009285051068,0.7307335190343547,0.07056638811513463,1077
17155,0.14450745641671917,0.7599243856332704,0.0955681579500105,4761
17156,0.1505859375,0.724609375,0.1248046875,5120
17157,0.23112480739599384,0.7087827426810478,0.060092449922958396,649
17158,0.14757878554957723,0.7121445042275173,0.14027671022290547,2602
17159,0.1808142052836726,0.7314854915547856,0.08770030316154179,4618
17160,0.17264276228419656,0.7264276228419655,0.10092961487383798,2259
17161,0.15390871200569278,0.7085493544779913,0.13754193351631594,9837
17162,0.16568597088882006,0.7568906782285537,0.0774233508826262,3229
17163,0.13000279876854184,0.7169045619927232,0.15309263923873495,7146
17164,0.15465465465465467,0.7204204204204204,0.12492492492492492,3330
17165,0.15653203136558663,0.7196330818168368,0.12383488681757657,6759
17166,0.15128900949796473,0.7317201869440676,0.11699080355796773,13266
17167,0.16302984700275897,0.7426636568848759,0.09430649611236519,3987
17168,0.14351198871650211,0.7584626234132581,0.09802538787023977,2836
17169,0.1551590380139643,0.7187742435996897,0.126066718386346,2578
17170,0.13061124092977494,0.6680605091624646,0.2013282499077604,8131
17171,0.11865049279757392,0.6944655041698257,0.18688400303260044,2638
17172,0.1423076923076923,0.7681318681318682,0.08956043956043956,1820
17173,0.14947856315179606,0.7071263035921205,0.14339513325608344,3452
17174,0.16243231986672219,0.7394835485214494,0.0980841316118284,9604
17175,0.25821596244131456,0.6995305164319249,0.04225352112676056,639
17176,0.15904572564612326,0.7604373757455268,0.0805168986083499,1006
17177,0.23019571295433364,0.7092264678471575,0.06057781919850885,1073
17178,0.1986784140969163,0.745374449339207,0.055947136563876655,2270
17179,0.12801013941698353,0.7333650190114068,0.13862484157160962,6312
17180,0.116701607267645,0.7030048916841369,0.18029350104821804,1431
17181,0.1197339246119734,0.7915742793791575,0.08869179600886919,902
17182,0.12174524982406756,0.752990851513019,0.12526389866291343,1421
17183,0.21158129175946547,0.7060133630289532,0.08240534521158129,898
17184,0.15057471264367817,0.7586206896551724,0.09080459770114943,870
17185,0.16558741905642924,0.7419056429232193,0.09250693802035152,1081
17186,0.15155555555555555,0.7528888888888889,0.09555555555555556,4500
17187,0.1566505743299484,0.7123356084568004,0.1310138172132512,6007
17188,0.1663155782927074,0.7319691042230916,0.10171531748420103,9969
17189,0.15334517465956188,0.7548845470692718,0.09177027827116636,1689
17190,0.1780565936999466,0.7509343299519488,0.07100907634810465,3746
17191,0.16624040920716113,0.7468030690537084,0.08695652173913043,391
17192,0.19074221867517957,0.7302474062250599,0.07901037509976057,2506
17193,0.16129032258064516,0.7495256166982922,0.08918406072106262,1054
17194,0.35668789808917195,0.5477707006369427,0.09554140127388536,157
17195,0.16843853820598007,0.7146179401993356,0.11694352159468438,6020
17196,0.19778699861687413,0.7091977869986169,0.09301521438450899,2892
17197,0.17777033813190493,0.7325075326414463,0.08972212922664881,2987
17198,0.10193321616871705,0.7539543057996485,0.14411247803163443,1138
17199,0.16766389177939647,0.7239854318418314,0.10835067637877212,7688
17200,0.1708595387840671,0.7431865828092243,0.0859538784067086,954
17201,0.15315315315315314,0.7234927234927235,0.12335412335412335,4329
17202,0.193359375,0.6953125,0.111328125,512
17203,0.17432530999270604,0.7439824945295405,0.08169219547775347,1371
17204,0.17933690555927662,0.7376088412592097,0.08305425318151373,5972
17205,0.19928400954653938,0.698090692124105,0.1026252983293556,838
17206,0.15093786635404455,0.7330011723329426,0.1160609613130129,3412
18001,0.1488294314381271,0.7525083612040134,0.09866220735785954,598
18002,0.12359550561797752,0.7415730337078652,0.1348314606741573,178
18003,0.24152542372881355,0.6546610169491526,0.1038135593220339,472
18004,0.1348610067618332,0.734785875281743,0.13035311795642374,2662
18005,0.16123499142367068,0.7452830188679245,0.09348198970840481,1166
18006,0.17419354838709677,0.6806451612903226,0.14516129032258066,310
18007,0.16380952380952382,0.7447619047619047,0.09142857142857143,525
18008,0.14573643410852713,0.724031007751938,0.13023255813953488,645
18009,0.1337025316455696,0.7650316455696202,0.10126582278481013,1264
18011,0.14222873900293256,0.7390029325513197,0.1187683284457478,682
18012,0.12190082644628099,0.7479338842975206,0.13016528925619836,484
18013,0.15298427063132947,0.7078215901745314,0.1391941391941392,4641
18014,0.12620423892100194,0.7157996146435452,0.1579961464354528,2076
18015,0.09178990311065782,0.6496685364609893,0.25854156042835286,1961
18016,0.1254863813229572,0.745136186770428,0.1293774319066148,1028
18017,0.17080745341614906,0.7360248447204969,0.09316770186335403,322
18018,0.1957142857142857,0.7,0.10428571428571429,700
18019,0.1059073975518893,0.7653006918573709,0.12879191059073974,1879
18020,0.16699801192842942,0.731610337972167,0.10139165009940358,503
18021,0.3295194508009153,0.5766590389016019,0.09382151029748284,437
18022,0.2056451612903226,0.7217741935483871,0.07258064516129033,496
18023,0.16327329678935004,0.7012529365700861,0.13547376664056382,2554
18024,0.15645000711136395,0.7020338500924478,0.14151614279618832,7031
18025,0.20930232558139536,0.5813953488372093,0.20930232558139536,86
18026,0.18138987043580684,0.6831566548881036,0.1354534746760895,849
18027,0.1843100189035917,0.7155009451795841,0.1001890359168242,1058
18029,0.12574850299401197,0.7365269461077845,0.1377245508982036,1002
18030,0.13528855250709557,0.7095553453169348,0.15515610217596973,1057
18031,0.11527377521613832,0.7694524495677233,0.11527377521613832,347
18032,0.16990291262135923,0.7038834951456311,0.1262135922330097,618
18033,0.18156108597285067,0.7234162895927602,0.09502262443438914,1768
18034,0.1314999209736052,0.7689268215584005,0.09957325746799431,6327
18035,0.17380153876504242,0.7105938054843164,0.11560465575064115,5069
18036,0.21626297577854672,0.6262975778546713,0.157439446366782,578
18037,0.16877383102548665,0.6813164760184628,0.14990969295605058,4983
18038,0.19440745672436752,0.6711051930758988,0.13448735019973368,751
18039,0.1713197969543147,0.7360406091370558,0.09263959390862944,788
18040,0.17073170731707318,0.751219512195122,0.07804878048780488,410
18041,0.12898151789225323,0.700747149036571,0.17027133307117578,5086
18042,0.16393442622950818,0.6775956284153005,0.15846994535519127,183
18043,0.11619047619047619,0.7841269841269841,0.09968253968253968,1575
18044,0.19548872180451127,0.7293233082706767,0.07518796992481203,133
18045,0.16923076923076924,0.7769230769230769,0.05384615384615385,520
18046,0.11958449455282492,0.7101596148973904,0.17025589054978466,3947
18047,0.21076746849942726,0.7010309278350515,0.0882016036655212,873
18048,0.1426056338028169,0.778169014084507,0.07922535211267606,2840
18049,0.18973862536302033,0.7153920619554696,0.09486931268151017,1033
18050,0.17319536831731955,0.7270263611727026,0.09977827050997783,4059
18051,0.14733969986357434,0.7025920873124147,0.15006821282401092,733
18052,0.19010416666666666,0.7404513888888888,0.06944444444444445,1152
18053,0.1624905087319666,0.7281700835231587,0.10933940774487472,1317
18054,0.16696588868940754,0.7073608617594255,0.12567324955116696,557
18057,0.17819148936170212,0.6595744680851063,0.1622340425531915,752
18058,0.18996415770609318,0.7132616487455197,0.0967741935483871,279
18059,0.1700404858299595,0.7327935222672065,0.09716599190283401,247
18060,0.0841626386124538,0.7281774239408587,0.18765993744668752,3517
18061,0.174235678242802,0.7236568714752152,0.10210745028198279,3369
18062,0.1732283464566929,0.7230971128608924,0.1036745406824147,762
18063,0.19236883942766295,0.7154213036565977,0.09220985691573927,629
18064,0.1524822695035461,0.7056737588652482,0.14184397163120568,282
18065,0.25542168674698795,0.6662650602409639,0.0783132530120482,830
18066,0.2421875,0.6953125,0.0625,128
18067,0.19333333333333333,0.7333333333333333,0.07333333333333333,150
18068,0.17114949037372593,0.7214043035107588,0.1074462061155153,7064
18069,0.1801839464882943,0.6909141583054627,0.12890189520624304,7176
18071,0.14583333333333334,0.7878787878787878,0.06628787878787878,1056
18072,0.13644712673838888,0.7410128575177118,0.12254001574389924,3811
18073,0.11676300578034682,0.7021194605009634,0.1811175337186898,2595
18074,0.1506849315068493,0.6666666666666666,0.182648401826484,219
18075,0.1589895988112927,0.7379891035165924,0.1030212976721149,2019
18076,0.16423017107309487,0.7054432348367029,0.13032659409020217,3215
18077,0.18962264150943398,0.6924528301886792,0.1179245283018868,1060
18078,0.12867163524769837,0.7448487505480053,0.12647961420429635,4562
18079,0.17391304347826086,0.7536231884057971,0.07246376811594203,276
18080,0.16095890410958905,0.7408675799086758,0.09817351598173515,876
18081,0.13852178169358786,0.7317670093000489,0.12971120900636318,2043
18082,0.21782178217821782,0.7029702970297029,0.07920792079207921,101
18083,0.2010178117048346,0.7048346055979644,0.09414758269720101,1572
18084,0.15279299014238773,0.7453450164293538,0.10186199342825848,1826
18085,0.15307692307692308,0.7469230769230769,0.1,1300
18086,0.13641618497109825,0.7346820809248555,0.12890173410404623,1730
18087,0.13204373423044574,0.7560975609756098,0.1118587047939445,1189
18088,0.1763300760043431,0.7185667752442997,0.10510314875135722,4605
18089,0.28027681660899656,0.6332179930795848,0.08650519031141868,289
18090,0.2480719794344473,0.6863753213367609,0.06555269922879177,778
18091,0.15598885793871867,0.7186629526462396,0.12534818941504178,359
18092,0.16129032258064516,0.7299539170506912,0.10875576036866359,1085
18093,0.14810690423162584,0.7383073496659243,0.11358574610244988,2694
18094,0.14423076923076922,0.7335164835164835,0.12225274725274725,728
18095,0.15265866209262435,0.6955403087478559,0.15180102915951973,1166
18096,0.1419491525423729,0.7097457627118644,0.1483050847457627,472
18097,0.14375,0.74375,0.1125,320
18098,0.15920398009950248,0.6616915422885572,0.1791044776119403,201
18099,0.1719077568134172,0.7211740041928721,0.1069182389937107,477
18100,0.12796208530805686,0.7211690363349131,0.15086887835703003,1266
18101,0.1565217391304348,0.7021739130434783,0.14130434782608695,460
18102,0.14957187101475677,0.7105119329568227,0.13991619602842048,10978
18103,0.1339712918660287,0.8038277511961722,0.06220095693779904,209
18104,0.14937759336099585,0.7655601659751037,0.08506224066390042,482
18105,0.17293233082706766,0.6616541353383458,0.16541353383458646,133
18106,0.17752234993614305,0.7547892720306514,0.06768837803320563,783
18107,0.19654913728432108,0.687171792948237,0.11627906976744186,1333
18108,0.18473895582329317,0.7269076305220884,0.08835341365461848,249
18109,0.17715959004392387,0.719619326500732,0.10322108345534407,1366
18110,0.10567430359116539,0.5741743316910511,0.3201513647177835,53381
18111,0.15508885298869143,0.6898222940226171,0.15508885298869143,619
18112,0.20735785953177258,0.7107023411371237,0.08193979933110368,598
18113,0.21825095057034222,0.685171102661597,0.09657794676806084,1315
18114,0.16405433646812956,0.7413793103448276,0.09456635318704285,1914
18115,0.16018662519440124,0.7332814930015552,0.10653188180404355,1286
18116,0.16,0.7257142857142858,0.11428571428571428,525
18117,0.1407528641571195,0.7315875613747954,0.1276595744680851,611
18118,0.126012601260126,0.7866786678667866,0.08730873087308731,1111
18119,0.17966101694915254,0.735593220338983,0.0847457627118644,295
18120,0.17357512953367876,0.6748704663212435,0.15155440414507773,772
18121,0.12791702679343128,0.7139152981849611,0.1581676750216076,1157
18122,0.11875637104994903,0.7097349643221202,0.17150866462793068,3924
18123,0.1958295557570263,0.7001359927470535,0.10403445149592022,4412
18124,0.15869017632241814,0.7204030226700252,0.12090680100755667,397
18125,0.07894736842105263,0.7631578947368421,0.15789473684210525,38
18126,0.1366120218579235,0.6775956284153005,0.18579234972677597,183
18127,0.046052631578947366,0.7785087719298246,0.17543859649122806,456
18128,0.24803149606299213,0.655511811023622,0.09645669291338582,508
18129,0.0762081784386617,0.8178438661710037,0.10594795539033457,1076
18130,0.20238095238095238,0.6904761904761905,0.10714285714285714,420
18131,0.16510903426791276,0.6993769470404985,0.13551401869158877,642
18133,0.20057306590257878,0.7421203438395415,0.05730659025787966,349
18134,0.2099009900990099,0.6514851485148515,0.13861386138613863,505
18135,0.10512654120700844,0.6534717715768981,0.24140168721609345,3082
18136,0.1925133689839572,0.733957219251337,0.07352941176470588,748
18137,0.10916666666666666,0.6641666666666667,0.22666666666666666,4800
18138,0.18342245989304812,0.7101604278074867,0.10641711229946524,3740
18139,0.16864940517844645,0.7424772568229531,0.08887333799860042,1429
18140,0.17256637168141592,0.6902654867256637,0.13716814159292035,1130
18141,0.08275862068965517,0.7337931034482759,0.18344827586206897,725
18142,0.2912371134020619,0.5876288659793815,0.1211340206185567,388
18143,0.1625207296849088,0.714759535655058,0.12271973466003316,1809
18144,0.14821428571428572,0.7910714285714285,0.060714285714285714,560
18145,0.2113022113022113,0.6953316953316954,0.09336609336609336,407
18146,0.19161676646706588,0.7177074422583405,0.09067579127459367,1169
18147,0.18935837245696402,0.7183098591549296,0.09233176838810642,639
18148,0.17419354838709677,0.7354838709677419,0.09032258064516129,155
18149,0.18201284796573874,0.7173447537473233,0.1006423982869379,467
18150,0.12014434302695819,0.7359371683294418,0.14391848864360007,4711
18151,0.14087759815242495,0.648960739030023,0.21016166281755197,866
18152,0.15601023017902813,0.7647058823529411,0.0792838874680307,391
18153,0.13503523160448191,0.711331870162874,0.15363289823264412,8657
18154,0.23582766439909297,0.6893424036281179,0.07482993197278912,441
18155,0.13784665579119088,0.7300163132137031,0.13213703099510604,1226
18156,0.16666666666666666,0.7678571428571429,0.06547619047619048,336
18157,0.12077294685990338,0.750402576489533,0.1288244766505636,621
18158,0.21568627450980393,0.6941176470588235,0.09019607843137255,255
18159,0.07010656197420079,0.5687044307347168,0.36118900729108244,1783
18160,0.12063492063492064,0.7865079365079365,0.09285714285714286,2520
18161,0.15645161290322582,0.7306451612903225,0.11290322580645161,620
18162,0.10543608124253286,0.6553166069295101,0.239247311827957,3348
18163,0.10144927536231885,0.7513043478260869,0.1472463768115942,1725
18164,0.15986521901909398,0.7349307375514789,0.10520404342942719,2671
18165,0.10071942446043165,0.7913669064748201,0.1079136690647482,695
18166,0.24066390041493776,0.6618257261410788,0.0975103734439834,482
18167,0.2695035460992908,0.6453900709219859,0.0851063829787234,141
18168,0.1880108991825613,0.726158038147139,0.08583106267029973,1468
18169,0.14010507880910683,0.7189141856392294,0.14098073555166374,1142
18171,0.17240015816528273,0.689996045867932,0.1376037959667853,2529
18172,0.10144927536231885,0.782608695652174,0.11594202898550725,69
18173,0.12087912087912088,0.7531699070160609,0.12595097210481826,2366
18174,0.22692307692307692,0.7153846153846154,0.057692307692307696,260
18175,0.1722689075630252,0.7111344537815126,0.11659663865546219,952
18176,0.13556851311953352,0.7571845064556435,0.10724698042482299,4802
18177,0.1639864910201069,0.6865424615866341,0.14947104739325892,44711
18178,0.07692307692307693,0.8269230769230769,0.09615384615384616,52
18179,0.18118466898954705,0.710801393728223,0.10801393728222997,574
18180,0.13443983402489626,0.754356846473029,0.11120331950207468,2410
18181,0.14367269267364416,0.7478591817316841,0.10846812559467174,1051
18182,0.13912711364188743,0.6855664733863408,0.17530641297177182,28801
18183,0.0967741935483871,0.75,0.1532258064516129,124
18184,0.20546163849154747,0.6697009102730819,0.12483745123537061,769
18185,0.11702127659574468,0.7725040916530278,0.1104746317512275,1222
18186,0.19204389574759945,0.7146776406035665,0.09327846364883402,729
18187,0.17506631299734748,0.6790450928381963,0.14588859416445624,377
18188,0.22429906542056074,0.6884735202492211,0.08722741433021806,321
18189,0.15021459227467812,0.728755364806867,0.12103004291845494,1165
18190,0.15877930119416186,0.7430340557275542,0.09818664307828394,2261
18191,0.16530278232405893,0.6873977086743044,0.14729950900163666,611
18192,0.14737934613388687,0.7436429683445771,0.10897768552153607,1927
18193,0.20697412823397077,0.6827896512935883,0.11023622047244094,889
19001,0.20649651972157773,0.7076566125290024,0.08584686774941995,862
19002,0.12927619733525386,0.7680950666186532,0.1026287360460929,2777
19003,0.2047872340425532,0.6861702127659575,0.10904255319148937,1504
19004,0.13111111111111112,0.7933333333333333,0.07555555555555556,450
19005,0.1800162910670649,0.7263100733098018,0.09367363562313331,3683
19006,0.11555959963603275,0.6988171064604186,0.18562329390354868,1099
19007,0.24509803921568626,0.678921568627451,0.07598039215686274,408
19009,0.23745819397993312,0.6755852842809364,0.08695652173913043,897
19010,0.18102508178844057,0.7011995637949836,0.11777535441657579,917
19011,0.11983471074380166,0.7272727272727273,0.15289256198347106,484
19012,0.1411042944785276,0.7055214723926381,0.15337423312883436,1630
19013,0.16995073891625614,0.7610837438423645,0.06896551724137931,406
19014,0.2195945945945946,0.6993243243243243,0.08108108108108109,296
19015,0.16858457997698503,0.7433831990794016,0.08803222094361335,1738
19016,0.20885860306643952,0.6759795570698467,0.1151618398637138,2935
19017,0.1720510894064613,0.7355371900826446,0.09241172051089407,1331
19018,0.18793503480278423,0.7204176334106729,0.09164733178654293,862
19019,0.12893982808022922,0.8108882521489972,0.06017191977077364,349
19020,0.154095701540957,0.7380373073803731,0.10786699107866991,1233
19021,0.151410998552822,0.6974493487698987,0.1511396526772793,11056
19022,0.1965742251223491,0.6998368678629691,0.10358890701468189,1226
19023,0.16473317865429235,0.7354988399071926,0.09976798143851508,431
19024,0.15902140672782875,0.709480122324159,0.13149847094801223,327
19025,0.16491126821526475,0.6998990044726591,0.13518972731207618,6931
19026,0.14885043849253377,0.7086987437781465,0.14245081772931975,4219
19027,0.33490566037735847,0.5330188679245284,0.1320754716981132,212
19028,0.19672131147540983,0.6994535519125683,0.10382513661202186,366
19029,0.13762019230769232,0.7668269230769231,0.09555288461538461,1664
19030,0.17246596066565809,0.7413010590015129,0.08623298033282904,661
19031,0.22641509433962265,0.6768867924528302,0.09669811320754718,848
19032,0.14880201765447668,0.7276166456494325,0.1235813366960908,793
19033,0.22314911366006257,0.6809176225234619,0.09593326381647549,959
19034,0.2010221465076661,0.6950596252129472,0.10391822827938671,1174
19035,0.1331030199518671,0.6572859250058225,0.20961105504231037,25762
19036,0.1307771944095245,0.6626673075500998,0.20655549804037565,54092
19037,0.16220600162206,0.7128953771289538,0.12489862124898621,1233
19038,0.20353982300884957,0.6946902654867256,0.10176991150442478,452
19039,0.1958762886597938,0.7457044673539519,0.058419243986254296,291
19040,0.2616822429906542,0.5467289719626168,0.19158878504672897,214
19041,0.1673499813641446,0.7305255311218785,0.10212448751397689,2683
19043,0.16857798165137614,0.7259174311926605,0.10550458715596331,872
19044,0.23178807947019867,0.695364238410596,0.0728476821192053,755
19045,0.2260061919504644,0.6842105263157895,0.08978328173374613,646
19046,0.1646471846044191,0.7305773342836779,0.10477548111190306,1403
19047,0.1855036855036855,0.7113022113022113,0.10319410319410319,814
19048,0.10355029585798817,0.73767258382643,0.15877712031558186,1014
19049,0.18736383442265794,0.7516339869281046,0.06100217864923747,459
19050,0.21481481481481482,0.6722222222222223,0.11296296296296296,1080
19051,0.1821735731039875,0.7200938232994527,0.09773260359655982,1279
19052,0.19228817858954844,0.7224759005580923,0.0852359208523592,1971
19053,0.19279907084785133,0.6991869918699187,0.10801393728222997,861
19054,0.16755674232309747,0.7336448598130841,0.09879839786381843,1498
19055,0.1299381247025226,0.7477391718229415,0.12232270347453593,2101
19056,0.12936507936507938,0.680952380952381,0.18968253968253967,1260
19057,0.14814814814814814,0.7344514325646401,0.11740041928721175,1431
19058,0.1579937304075235,0.7429467084639498,0.09905956112852665,1595
19059,0.17692307692307693,0.7203296703296703,0.10274725274725274,1820
19060,0.19889502762430938,0.6906077348066298,0.11049723756906077,543
19061,0.20066889632107024,0.6872909698996655,0.11204013377926421,598
19062,0.18093076049943246,0.6855845629965948,0.13348467650397275,4405
19063,0.1485884101040119,0.7473997028231798,0.10401188707280833,673
19064,0.2420901246404602,0.6682646212847555,0.08964525407478427,2086
19065,0.19344933469805528,0.7103377686796315,0.09621289662231321,977
19066,0.1600284495021337,0.7521337126600285,0.08783783783783784,2812
19067,0.1617738913179263,0.7325109306683323,0.10571517801374142,6404
19068,0.13112745098039216,0.7422385620915033,0.12663398692810457,2448
19069,0.17815577439570277,0.7251566696508505,0.09668755595344673,1117
19070,0.22528735632183908,0.6758620689655173,0.09885057471264368,435
19072,0.1607905982905983,0.7040598290598291,0.13514957264957264,1872
19073,0.14885496183206107,0.7608142493638677,0.09033078880407125,786
19074,0.17991169977924945,0.7240618101545254,0.09602649006622517,906
19075,0.16199095022624435,0.718552036199095,0.11945701357466064,1105
19076,0.19232373800584063,0.6925323320817689,0.11514392991239049,4794
19077,0.1483996120271581,0.7507274490785645,0.1008729388942774,1031
19078,0.11933534743202417,0.7719033232628398,0.10876132930513595,662
19079,0.1069078947368421,0.7985197368421053,0.09457236842105263,1216
19080,0.15733333333333333,0.7773333333333333,0.06533333333333333,750
19081,0.15269804822043628,0.687715269804822,0.15958668197474168,2613
19082,0.10606060606060606,0.7424242424242424,0.15151515151515152,396
19083,0.17004341534008682,0.6997105643994211,0.13024602026049203,1382
19084,0.15384615384615385,0.7217050465458109,0.12444879960803527,6123
19085,0.20092112838226828,0.713874496257916,0.08520437535981577,1737
19086,0.16463944396177238,0.7293657688966116,0.10599478714161599,2302
19087,0.16646415552855406,0.764277035236938,0.0692588092345079,823
19088,0.18957940991839298,0.7055869428750785,0.10483364720652856,1593
19089,0.20724346076458752,0.6871227364185111,0.1056338028169014,994
19090,0.13676470588235295,0.7404411764705883,0.12279411764705882,1360
19091,0.14469453376205788,0.7556270096463023,0.09967845659163987,311
19092,0.23290386521308226,0.6769078295341923,0.09018830525272548,1009
19093,0.26666666666666666,0.632,0.10133333333333333,375
19094,0.14801727522575578,0.7373380447585395,0.11464468001570476,2547
19095,0.15287915652879155,0.7104622871046229,0.13665855636658555,2466
19096,0.19562043795620437,0.6963503649635037,0.10802919708029197,685
19097,0.1800568787771063,0.6946320654105936,0.12531105581230004,5626
19098,0.1585111503288946,0.7131397400930531,0.1283491095780523,6233
19099,0.23722149410222804,0.6553079947575361,0.10747051114023591,2289
19100,0.16368515205724507,0.7540250447227191,0.08228980322003578,1118
19101,0.23667377398720682,0.6908315565031983,0.07249466950959488,469
19102,0.14848856209150327,0.7289624183006536,0.12254901960784313,4896
19103,0.20786516853932585,0.6573033707865169,0.1348314606741573,1068
19104,0.18874172185430463,0.7152317880794702,0.09602649006622517,302
19105,0.14958448753462603,0.7506925207756233,0.0997229916897507,361
19106,0.25316455696202533,0.6708860759493671,0.0759493670886076,316
19107,0.1743886743886744,0.7348777348777349,0.09073359073359073,1554
19108,0.2681818181818182,0.6659090909090909,0.0659090909090909,440
19109,0.1452949780594832,0.7591418820087762,0.09556313993174062,2051
19110,0.1952191235059761,0.7075697211155378,0.09721115537848606,1255
19111,0.18339622641509434,0.7309433962264151,0.08566037735849057,2650
19112,0.15305815004519432,0.7411871045495632,0.10575474540524255,3319
19113,0.19495738636363635,0.6956676136363636,0.109375,2816
19114,0.25866666666666666,0.6693333333333333,0.072,375
19115,0.2585551330798479,0.6768060836501901,0.06463878326996197,263
19116,0.20067567567567568,0.6888513513513513,0.11047297297297297,2960
20001,0.181255946717412,0.7278782112274025,0.09086584205518554,2102
20002,0.17818081129724492,0.6983247957912225,0.12349439291153261,7223
20003,0.1746427761397142,0.708777500567022,0.11657972329326378,4409
20007,0.16470588235294117,0.704248366013072,0.13104575163398693,3060
20008,0.18421900161030597,0.7236714975845411,0.09210950080515298,3105
20010,0.1551948051948052,0.7655844155844156,0.07922077922077922,1540
20011,0.18878101402373246,0.7292340884573895,0.08198489751887811,1854
20012,0.19144981412639406,0.7342007434944238,0.07434944237918216,1076
20013,0.1658270361041142,0.7418136020151134,0.09235936188077246,2382
20014,0.20481578183928054,0.704380620829707,0.09080359733101248,3447
20015,0.1656441717791411,0.7341513292433538,0.10020449897750511,8802
20016,0.17788839402672255,0.7097196751375425,0.11239193083573487,3817
20017,0.14200619490111985,0.7270669525851798,0.13092685251370026,16788
20018,0.18450312717164696,0.7255038220986796,0.08999305072967338,2878
20019,0.18876755070202808,0.7139885595423817,0.09724388975559023,1923
20020,0.21631644004944375,0.6835599505562423,0.10012360939431397,809
20021,0.13382698212028174,0.6918909156582987,0.17428210222141954,11074
20022,0.18278688524590164,0.7307377049180328,0.08647540983606557,2440
20024,0.17994505494505494,0.7380952380952381,0.08195970695970696,2184
20025,0.2323856613102596,0.6551297898640297,0.11248454882571075,1618
20026,0.1919042495965573,0.7029316837009145,0.10516406670252824,7436
20027,0.16664056382145653,0.7146436961628817,0.11871574001566171,6385
20028,0.19328514805315924,0.7087899277220797,0.09792492422476101,4289
20029,0.23139745916515425,0.6742286751361162,0.09437386569872959,1102
20030,0.12809510795299262,0.6379885214539491,0.23391637059305823,36590
20031,0.20160295930949446,0.6946157007809289,0.10378133990957665,4866
20032,0.14659685863874344,0.7399650959860384,0.11343804537521815,573
20033,0.17136774880255454,0.7117260954408373,0.11690615575660812,5637
20034,0.1652027027027027,0.7402027027027027,0.0945945945945946,2960
20035,0.19229825852342408,0.7039489820946775,0.10375275938189846,4077
20036,0.17455048409405255,0.7095435684647303,0.11590594744121716,3615
20037,0.15687393040501996,0.7718197375926983,0.0713063320022818,1753
20038,0.175571002979146,0.6852035749751738,0.13922542204568022,5035
20039,0.171850699844479,0.7190902021772939,0.10905909797822706,5144
20041,0.19440124416796267,0.7130637636080871,0.09253499222395023,1286
20042,0.17404366112557582,0.6983777288203485,0.1275786100540757,4993
20043,0.19506172839506172,0.7209876543209877,0.08395061728395062,1215
20044,0.17511520737327188,0.6877880184331797,0.13709677419354838,1736
20045,0.14314679643146797,0.7127331711273317,0.14412003244120034,12330
20046,0.20993788819875778,0.6795031055900621,0.11055900621118013,805
20047,0.20903818269695504,0.6870468825519574,0.10391493475108748,4138
20048,0.20887445887445888,0.7196969696969697,0.07142857142857142,924
20050,0.20128824476650564,0.6833064949006978,0.11540526033279656,1863
20051,0.15810473815461346,0.7266832917705736,0.11521197007481297,4010
20052,0.19669611986169805,0.6932385708797542,0.11006530925854784,5206
20053,0.18025151374010248,0.7140195621797858,0.10572892408011178,6441
20054,0.18656478828398598,0.7039159503342884,0.10951926138172556,3141
20055,0.20441774849835304,0.6864948653361752,0.10908738616547181,5161
20056,0.20894308943089432,0.6926829268292682,0.0983739837398374,1230
20057,0.1438953488372093,0.7278622540250447,0.12824239713774596,8944
20058,0.18105263157894738,0.7263157894736842,0.09263157894736843,950
20059,0.20125293657008614,0.6930305403288959,0.105716523101018,1277
20060,0.2530933633295838,0.6344206974128234,0.1124859392575928,889
20061,0.17246780368952314,0.6876087713191785,0.13992342499129828,5746
20062,0.19559228650137742,0.721763085399449,0.08264462809917356,1089
20063,0.1500984251968504,0.7111220472440944,0.13877952755905512,2032
20064,0.1946088099934254,0.6955950032873109,0.10979618671926364,1521
20065,0.16337571003516366,0.7182174736272654,0.118406816337571,14788
20066,0.16108757062146892,0.7165960451977401,0.12231638418079097,14160
20068,0.21049304677623262,0.7130214917825537,0.07648546144121365,1582
20070,0.1821964899583861,0.7063506423014293,0.11145286774018455,5527
20071,0.14203402231571247,0.7249862813243095,0.13297969635997806,10934
20072,0.1775723668207249,0.7034784723911457,0.11894916078812941,4111
20073,0.21851078636047322,0.7021572720946416,0.07933194154488518,1437
21001,0.14098613251155623,0.7773497688751926,0.08166409861325115,1298
21002,0.1,0.7788888888888889,0.12111111111111111,900
21003,0.1716171617161716,0.7656765676567657,0.0627062706270627,303
21004,0.0997646663304757,0.7476046394351992,0.1526306942343251,11898
21005,0.10113960113960115,0.8034188034188035,0.09544159544159544,702
21006,0.1121433311214333,0.7495023224950232,0.13835434638354346,3014
21007,0.1564327485380117,0.7463450292397661,0.09722222222222222,1368
21008,0.10533983504906387,0.6936849075913551,0.200975257359581,83055
21009,0.15265866209262435,0.7753001715265866,0.07204116638078903,583
21010,0.13532608695652174,0.7771739130434783,0.0875,1840
21011,0.0968737722399955,0.7215019363529214,0.1816242914070831,17817
21012,0.11380255941499086,0.7641681901279708,0.12202925045703839,2188
21013,0.10405007363770251,0.7343151693667157,0.16163475699558175,13580
21014,0.13271604938271606,0.7469135802469136,0.12037037037037036,324
21015,0.10746178295746935,0.7661571060995913,0.1263811109429393,6607
21016,0.10012892135797163,0.8083369144821658,0.09153416415986249,2327
21017,0.12275648127631288,0.7848437846222025,0.0923997341014846,4513
21018,0.16575790621592149,0.7644492911668485,0.0697928026172301,2751
21019,0.11947739384562489,0.7632800412583806,0.1172425648959945,5817
21020,0.10646108663729809,0.7738619676945668,0.1196769456681351,1362
21021,0.12505175983436853,0.7697722567287785,0.105175983436853,2415
21022,0.13608145021107523,0.7578842811025578,0.10603426868636702,4027
21023,0.11456383377012355,0.798951703481842,0.08648446274803444,2671
21024,0.11878597592883307,0.7545787545787546,0.12663526949241236,1911
21025,0.12864493996569468,0.7461406518010292,0.12521440823327615,583
21026,0.12546957175056347,0.7460555972952667,0.1284748309541698,1331
21027,0.12630422844590883,0.7940691927512356,0.07962657880285558,1821
21028,0.09350935093509351,0.7777777777777778,0.12871287128712872,2727
21029,0.11206099815157117,0.7525415896487985,0.1353974121996303,4328
21030,0.10180142438206954,0.7641390867197319,0.13405948889819858,2387
21031,0.11703601108033242,0.7486149584487535,0.13434903047091412,2888
21032,0.12132822477650064,0.7624521072796935,0.11621966794380588,783
21033,0.14355948869223206,0.7895771878072763,0.06686332350049164,2034
21034,0.12870905587668593,0.7795761078998074,0.09171483622350675,2595
21035,0.13398692810457516,0.7058823529411765,0.16013071895424835,1530
21036,0.11294416243654823,0.7969543147208121,0.0901015228426396,788
21037,0.11523367820192651,0.8000356760613628,0.08473064573671067,5606
21038,0.1002107234839616,0.7433856239756498,0.15640365254038865,4271
21039,0.13878504672897196,0.7859813084112149,0.07523364485981308,2140
21040,0.1132101875174923,0.7489504617968094,0.1378393506856983,14292
21041,0.11299052774018944,0.7666731103808235,0.12033636187898705,10346
21042,0.1446771755560354,0.7629021809544375,0.0924206434895271,4631
21043,0.12167300380228137,0.8136882129277566,0.06463878326996197,263
21044,0.13904607922392886,0.7752627324171383,0.0856911883589329,1237
21045,0.11797752808988764,0.7734082397003745,0.10861423220973783,1068
21046,0.10544554455445544,0.7938118811881189,0.10074257425742575,4040
21047,0.12034837688044339,0.7640538400633412,0.11559778305621536,2526
21048,0.10092480900683555,0.7808604744672296,0.11821471652593486,2487
21049,0.17743979721166034,0.7908745247148289,0.031685678073510776,789
21050,0.11884935654806965,0.8009084027252081,0.08024224072672217,1321
21051,0.10820031298904538,0.7163067292644757,0.17549295774647888,31950
21052,0.11515151515151516,0.7822510822510822,0.1025974025974026,2310
21053,0.10450966356478167,0.7730851825340014,0.1224051539012169,1397
21054,0.1969796454366382,0.7406434668417596,0.0623768877216021,1523
21055,0.12277867528271405,0.7458266020463112,0.13139472267097468,1857
21056,0.13871308016877637,0.7586146272855133,0.10267229254571027,5688
21057,0.0831081081081081,0.7739864864864865,0.14290540540540542,2960
21058,0.10971223021582734,0.7655875299760192,0.12470023980815348,1668
21059,0.10790039963110974,0.7820473409160774,0.11005225945281279,3253
21060,0.09777070063694268,0.7659235668789809,0.13630573248407643,3140
21061,0.09656050955414013,0.7903184713375796,0.11312101910828025,3925
21062,0.13852048334806955,0.7527262010020631,0.10875331564986737,3393
21063,0.10486322188449848,0.7575987841945289,0.13753799392097266,1316
21064,0.1301775147928994,0.7899408284023669,0.07988165680473373,676
21065,0.11564625850340136,0.7687074829931972,0.11564625850340136,147
21066,0.11564211807668898,0.7553256238587949,0.12903225806451613,1643
21067,0.11527189840442853,0.7974601107131227,0.08726799088244871,3071
21068,0.2247191011235955,0.7078651685393258,0.06741573033707865,445
21069,0.2,0.7157894736842105,0.08421052631578947,190
21070,0.13485306234550948,0.7802801428179071,0.08486679483658335,3641
21071,0.1307495741056218,0.7874787052810903,0.0817717206132879,2348
21072,0.09957460217425555,0.769182290846069,0.13124310697967545,6347
21073,0.15151515151515152,0.7621671258034894,0.08631772268135904,1089
21074,0.1128577186618299,0.7871825876662636,0.09995969367190649,2481
21075,0.099,0.8,0.101,1000
21076,0.1216509775524982,0.7552498189717596,0.12309920347574221,2762
21077,0.12495498739647101,0.7493698235505941,0.12567518905293482,2777
21079,0.1368334022323274,0.7515502273666804,0.11161637040099215,2419
21080,0.14893617021276595,0.7737588652482269,0.07730496453900709,2820
21081,0.10890120639060971,0.7835017932833388,0.10759700032605152,3067
21082,0.16368638239339753,0.7276478679504814,0.10866574965612105,1454
21083,0.16859306496612195,0.7684336388999602,0.06297329613391789,2509
21084,0.19339242546333602,0.7300564061240935,0.07655116841257051,1241
21085,0.10796139927623644,0.7677925211097708,0.12424607961399277,1658
21086,0.1583604189237992,0.7620079451065367,0.07963163596966413,5538
21087,0.1594624046494733,0.7577188521612787,0.08281874318924809,2753
21088,0.17604355716878403,0.779491833030853,0.04446460980036298,1102
21089,0.09416846652267818,0.7818574514038877,0.12397408207343412,2315
21091,0.18032786885245902,0.7675988428158148,0.052073288331726135,1037
21092,0.13538461538461538,0.7852307692307692,0.07938461538461539,1625
21093,0.12206646716018271,0.7613797448417073,0.11655378799810993,6349
21094,0.11665664461815996,0.7889356584485869,0.09440769693325315,1663
21095,0.14971209213051823,0.7802303262955854,0.07005758157389635,1042
21096,0.12617159336697908,0.7779379956741168,0.0958904109589041,1387
21097,0.10591371788657296,0.7273388269510421,0.16674745516238487,4126
21098,0.14723320158102768,0.747364953886693,0.10540184453227931,3036
21099,0.14218289085545724,0.7669616519174042,0.09085545722713864,1695
21100,0.08953341740226986,0.8146279949558638,0.09583858764186633,793
21101,0.12522686025408347,0.7586206896551724,0.1161524500907441,2204
21102,0.1423125794155019,0.7268106734434562,0.13087674714104194,787
21103,0.11904761904761904,0.7961309523809523,0.08482142857142858,672
21104,0.1558614564831261,0.7699822380106572,0.0741563055062167,2252
21105,0.08333333333333333,0.8356164383561644,0.08105022831050228,876
21106,0.11329305135951662,0.7832326283987915,0.10347432024169184,2648
21107,0.12236286919831224,0.7523206751054853,0.12531645569620253,2370
21108,0.13058129738837404,0.793597304128054,0.07582139848357203,4748
21109,0.1100451467268623,0.8081264108352144,0.08182844243792325,1772
21110,0.1349388379204893,0.7859327217125383,0.07912844036697247,2616
21111,0.09473684210526316,0.7527599486521181,0.15250320924261873,3895
21112,0.13432835820895522,0.7869742198100407,0.07869742198100407,737
21113,0.08635312259059368,0.7956823438704703,0.117964533538936,1297
21114,0.14239059438275636,0.7648595689092097,0.09274983670803397,1531
21115,0.09897360703812316,0.7512829912023461,0.1497434017595308,5456
21116,0.12697715289982425,0.7539543057996485,0.11906854130052724,2276
21117,0.11404335532516494,0.7992459943449576,0.08671065032987747,1061
21118,0.1354515050167224,0.8043478260869565,0.06020066889632107,598
22001,0.11199639206253759,0.7453397474443776,0.1426638604930848,6652
22002,0.144136078782453,0.7511190689346464,0.10474485228290063,1117
22003,0.08893280632411067,0.7442687747035573,0.16679841897233202,2530
22005,0.07457322551662174,0.7744833782569631,0.1509433962264151,1113
22006,0.09626990474805497,0.7314767687050098,0.1722533265469352,13753
22007,0.10630291627469426,0.7861398557541549,0.10755722797115083,3189
22009,0.10730648661683144,0.720520858451893,0.17217265493127562,4147
22011,0.14297800338409475,0.7445008460236887,0.11252115059221658,1182
22013,0.09731543624161074,0.7085330776605945,0.1941514860977948,2086
22015,0.1557377049180328,0.7923497267759563,0.05191256830601093,366
22017,0.16557911908646003,0.7153344208809136,0.11908646003262642,1226
22018,0.14984709480122324,0.7431192660550459,0.10703363914373089,327
22021,0.21499013806706113,0.717948717948718,0.0670611439842209,507
22022,0.11861015099144988,0.7296707294888121,0.15171911951973804,5497
22025,0.1280332056194125,0.7238186462324393,0.14814814814814814,3132
22026,0.25,0.7135416666666666,0.036458333333333336,192
22029,0.12631578947368421,0.7631578947368421,0.11052631578947368,570
22032,0.11350844277673545,0.7401500938086304,0.14634146341463414,1066
22033,0.17044334975369457,0.7339901477832512,0.09556650246305419,1015
22034,0.08352071956312239,0.736267266302602,0.18021201413427562,3113
22035,0.08282416836388323,0.7107942973523421,0.20638153428377462,1473
22036,0.13049645390070921,0.7021276595744681,0.1673758865248227,705
22037,0.1346153846153846,0.7383241758241759,0.12706043956043955,1456
22038,0.15415986949429036,0.7610114192495921,0.08482871125611746,1226
22039,0.1183533447684391,0.7598627787307033,0.12178387650085763,1749
22040,0.13402061855670103,0.7443298969072165,0.12164948453608247,485
22042,0.1294871794871795,0.732051282051282,0.13846153846153847,780
22043,0.1024390243902439,0.7634146341463415,0.13414634146341464,410
22045,0.1875,0.796875,0.015625,192
22047,0.11544461778471139,0.7561102444097764,0.12844513780551223,1923
22048,0.15728155339805824,0.7252427184466019,0.11747572815533981,1030
22049,0.1261904761904762,0.7321428571428571,0.14166666666666666,840
22050,0.09894867037724181,0.7489177489177489,0.15213358070500926,3234
22051,0.10348706411698538,0.7052868391451068,0.19122609673790777,889
22052,0.1590909090909091,0.6880165289256198,0.15289256198347106,484
22053,0.11026156941649899,0.7657947686116701,0.12394366197183099,2485
22054,0.05128205128205128,0.8,0.14871794871794872,195
22058,0.12825278810408922,0.7397769516728625,0.13197026022304834,538
22059,0.17406143344709898,0.757679180887372,0.06825938566552901,293
22060,0.17263843648208468,0.755700325732899,0.07166123778501629,307
22061,0.1072463768115942,0.6946859903381642,0.19806763285024154,3105
22062,0.11291659757917427,0.6975625932681148,0.189520809152711,6031
22064,0.1501787842669845,0.7759237187127532,0.07389749702026222,839
22068,0.08362369337979095,0.789198606271777,0.12717770034843207,574
22071,0.12701612903225806,0.6774193548387096,0.19556451612903225,496
22074,0.12811387900355872,0.7215302491103203,0.15035587188612098,1124
22078,0.08775510204081632,0.8244897959183674,0.08775510204081632,490
22079,0.10424403183023873,0.7575596816976128,0.13819628647214854,3770
22081,0.16170763260025872,0.6817593790426908,0.15653298835705046,773
22083,0.12055837563451777,0.7563451776649747,0.12309644670050761,788
22085,0.23433242506811988,0.7220708446866485,0.043596730245231606,367
22087,0.13220338983050847,0.7122410546139359,0.15555555555555556,2655
22089,0.12909632571996027,0.7428003972194638,0.12810327706057598,1007
22090,0.25704225352112675,0.6690140845070423,0.07394366197183098,284
22091,0.13694267515923567,0.7420382165605095,0.12101910828025478,314
22092,0.14322647362978283,0.7383660806618407,0.11840744570837643,1934
22093,0.13666666666666666,0.7166666666666667,0.14666666666666667,600
22095,0.16515426497277677,0.7416817906836055,0.09316394434361766,1653
22097,0.11226611226611227,0.7536382536382537,0.1340956340956341,962
22098,0.09215500945179585,0.7169187145557656,0.19092627599243855,2116
22102,0.12055335968379446,0.7223320158102767,0.15711462450592886,1012
22103,0.10980049512159604,0.7316149701470802,0.15858453473132372,6867
22104,0.10614258434118395,0.7175366008911521,0.1763208147676639,6284
22106,0.14719626168224298,0.7336448598130841,0.1191588785046729,856
22108,0.15934959349593497,0.7252032520325203,0.11544715447154472,615
22109,0.2018348623853211,0.6834862385321101,0.11467889908256881,218
22110,0.16657710908113918,0.7012358946802795,0.1321869962385814,1861
22112,0.034482758620689655,0.8362068965517241,0.12931034482758622,116
22113,0.1342685370741483,0.7054108216432866,0.16032064128256512,499
22114,0.09261744966442953,0.7838926174496644,0.12348993288590604,745
22115,0.12308868501529052,0.7423547400611621,0.1345565749235474,1308
22116,0.11810102899906455,0.7139850327408793,0.16791393826005613,4276
22117,0.10592234746824118,0.735194131329397,0.1588835212023618,5589
22118,0.11556705476498491,0.7218628719275549,0.16257007330746012,2319
22120,0.10564102564102563,0.7497435897435898,0.14461538461538462,975
22123,0.11026860300732554,0.7360236473460995,0.153707749646575,7781
22124,0.10997782705099779,0.730820399113082,0.15920177383592019,2255
22127,0.10759493670886076,0.7170886075949368,0.17531645569620252,1580
22128,0.14650283553875237,0.7372400756143668,0.11625708884688091,1058
22129,0.13154831199068684,0.7566938300349243,0.11175785797438882,859
22130,0.1308411214953271,0.7757009345794392,0.09345794392523364,642
22131,0.12753623188405797,0.744927536231884,0.12753623188405797,690
22133,0.14788732394366197,0.7464788732394366,0.1056338028169014,142
22134,0.08941877794336811,0.7690014903129657,0.14157973174366617,671
22135,0.14960629921259844,0.7440944881889764,0.1062992125984252,762
22136,0.12660668380462725,0.7602827763496144,0.11311053984575835,1556
22137,0.15465465465465467,0.6966966966966966,0.14864864864864866,666
22138,0.07207207207207207,0.7507507507507507,0.17717717717717718,333
22139,0.10170840732349519,0.7173473761557774,0.18094421652072745,16331
22142,0.13636363636363635,0.7290909090909091,0.13454545454545455,550
22143,0.12373453318335208,0.6989126359205099,0.177352830896138,2667
22144,0.09316101238556812,0.7404415724286484,0.16639741518578352,1857
22147,0.11220420101036958,0.763094921563414,0.12470087742621642,3761
22150,0.17023172905525846,0.7272727272727273,0.10249554367201426,1122
22153,0.10101980490688738,0.7257611587348507,0.17321903635826189,13532
22155,0.12995245641838352,0.7440570522979397,0.1259904912836767,1262
22156,0.12138228941684666,0.7516198704103672,0.12699784017278617,2315
22157,0.11331444759206799,0.7620396600566572,0.12464589235127478,353
22159,0.11357340720221606,0.7368421052631579,0.14958448753462603,361
22160,0.15760869565217392,0.7243788819875776,0.11801242236024845,1288
22161,0.09725423059195365,0.6810429973003227,0.2217027721077237,30374
22162,0.10662824207492795,0.7550432276657061,0.138328530259366,347
22163,0.14327062228654125,0.7467438494934877,0.10998552821997105,691
22164,0.18181818181818182,0.696969696969697,0.12121212121212122,165
22165,0.17620137299771166,0.7231121281464531,0.10068649885583524,437
22167,0.09477884935151314,0.764216827402727,0.1410043232457599,3007
22168,0.09812568908489526,0.7309812568908489,0.17089305402425578,907
22169,0.12926391382405744,0.7109515260323159,0.15978456014362658,1114
22170,0.12096774193548387,0.7451612903225806,0.1338709677419355,620
22171,0.12287334593572778,0.7637051039697542,0.11342155009451796,1058
22172,0.1413760603204524,0.7445805843543827,0.11404335532516494,1061
22173,0.12237762237762238,0.6888111888111889,0.1888111888111888,286
22176,0.10935023771790808,0.7955625990491284,0.09508716323296355,631
22177,0.17142857142857143,0.7555555555555555,0.07301587301587302,630
22179,0.09922178988326848,0.7577821011673151,0.14299610894941633,1028
22180,0.10354745925215723,0.7727708533077661,0.1236816874400767,1043
22181,0.16459627329192547,0.7391304347826086,0.09627329192546584,644
22182,0.10010764262648009,0.7728740581270183,0.12701829924650163,929
22183,0.14273504273504273,0.7415954415954416,0.11566951566951567,3510
22184,0.10359408033826638,0.7399577167019028,0.15644820295983086,473
22188,0.14148527528809218,0.7087067861715749,0.14980793854033292,1562
22189,0.16096579476861167,0.7484909456740443,0.09054325955734406,497
22190,0.07863849765258216,0.7030516431924883,0.21830985915492956,852
22191,0.12026143790849673,0.7339869281045751,0.14575163398692811,1530
22193,0.1258741258741259,0.7482517482517482,0.1258741258741259,572
22195,0.08333333333333333,0.7746212121212122,0.14204545454545456,528
22196,0.1111111111111111,0.7726495726495727,0.11623931623931624,2340
22199,0.10474168435951875,0.7186836518046709,0.17657466383581033,2826
22200,0.1297709923664122,0.7913486005089059,0.07888040712468193,1179
22202,0.13089005235602094,0.7713787085514834,0.09773123909249563,573
22203,0.10663082437275985,0.7517921146953405,0.14157706093189965,1116
22205,0.08774189287365432,0.6503533452215838,0.2619047619047619,90846
22209,0.18387909319899245,0.72544080604534,0.0906801007556675,397
22210,0.1550044286979628,0.7165633303808681,0.12843224092116917,1129
22213,0.11162790697674418,0.8013289036544851,0.08704318936877077,1505
22216,0.1,0.75,0.15,140
22222,0.10920917494008901,0.719274221157138,0.171516603902773,2921
22224,0.1155758077879039,0.6984258492129246,0.1859983429991715,2414
22226,0.11678321678321678,0.7468531468531469,0.13636363636363635,1430
22228,0.12857771906649054,0.7261118450022017,0.1453104359313078,2271
22229,0.12156770711100681,0.7573339591645154,0.12109833372447783,4261
22230,0.12843152994060042,0.7288489324129074,0.1427195376464922,6229
22231,0.14705882352941177,0.7321144674085851,0.12082670906200318,1258
22232,0.20276953511374876,0.7091988130563798,0.08803165182987141,1011
22233,0.12171970965940815,0.7375767727526521,0.1407035175879397,1791
22234,0.14524207011686144,0.7495826377295493,0.10517529215358931,1198
22235,0.13125,0.76875,0.1,1280
22236,0.09336361342417361,0.6992177643199596,0.20741862225586677,3963
22237,0.14754098360655737,0.7634660421545667,0.08899297423887588,427
22238,0.1406451612903226,0.7541935483870967,0.10516129032258065,1550
22239,0.12203389830508475,0.7322033898305085,0.14576271186440679,590
22240,0.1156412157153447,0.7661230541141586,0.11823573017049667,2698
22241,0.16488463702870004,0.7360720315137873,0.09904333145751266,1777
22242,0.14577464788732394,0.7380281690140845,0.11619718309859155,1420
22243,0.10712704736609119,0.7543160690571049,0.1385568835768039,2259
22244,0.11463590483056957,0.7346791636625811,0.1506849315068493,1387
22245,0.11770157553290084,0.7370250231696015,0.1452734012974977,4316
22246,0.13019271948608138,0.7588865096359743,0.11092077087794433,2335
22247,0.11857018308631212,0.7218831734960767,0.15954664341761116,1147
22248,0.10603426868636702,0.7151725850509064,0.1787931462627266,4027
22249,0.13113330438558402,0.7095093356491533,0.1593573599652627,4606
22250,0.09790438768827767,0.776686313032089,0.12540929927963326,3054
22251,0.12329931972789115,0.7457482993197279,0.13095238095238096,2352
22252,0.1337429111531191,0.7594517958412098,0.10680529300567108,2116
22253,0.11472785485592316,0.7353255069370331,0.14994663820704376,3748
22254,0.12605832549388524,0.7398871119473189,0.13405456255879586,2126
23001,0.1282736504543025,0.7573490112239444,0.11437733832175308,1871
23002,0.17073170731707318,0.7364897178383548,0.09277857484457197,4182
23003,0.15056664867781974,0.7112790070156503,0.13815434430652995,1853
23004,0.15984036967023735,0.7166561646712876,0.12350346565847511,4761
23005,0.16623105070569785,0.7375849451123889,0.09618400418191322,1913
23006,0.15226939970717424,0.691800878477306,0.15592972181551976,5464
23007,0.15339578454332553,0.7349726775956285,0.11163153786104606,2562
23008,0.16436251920122888,0.7465437788018433,0.0890937019969278,1302
23009,0.1555697823303457,0.762483994878361,0.08194622279129321,1562
23010,0.19786614936954414,0.7303588748787585,0.07177497575169738,1031
23011,0.16907675194660735,0.71449758991472,0.1164256581386726,2697
23012,0.16131237183868763,0.739917976760082,0.09876965140123035,11704
23013,0.17370441458733205,0.7476007677543186,0.07869481765834933,1042
23014,0.14970355731225296,0.716897233201581,0.13339920948616601,2024
23015,0.13911782158633876,0.7195885804707589,0.14129359794290236,15167
23016,0.13200891199405868,0.7460081693278872,0.12198291867805422,5386
23017,0.14271220831924247,0.7247210010145417,0.13256679066621577,5914
23018,0.15409690324492517,0.7097347755222996,0.13616832123277522,6749
23019,0.21913002806361084,0.6917680074836295,0.08910196445275959,4276
23020,0.2237410071942446,0.6820143884892086,0.09424460431654676,2780
23021,0.1474669603524229,0.7342511013215859,0.1182819383259912,9080
23022,0.13278721682847897,0.741504854368932,0.125707928802589,9888
23023,0.12683461117196057,0.7391018619934283,0.13406352683461117,4565
23024,0.19423240033927056,0.6853265479219678,0.12044105173876166,1179
23025,0.17715100617968627,0.7139914435113294,0.10885755030898431,12622
23026,0.11362440820620726,0.766964755391899,0.11941083640189375,1901
23027,0.14766294678958433,0.7357269933689148,0.11661005984150088,6183
23028,0.13857274684712395,0.72039372500769,0.1410335281451861,6502
23029,0.21046077210460773,0.7061021170610212,0.08343711083437111,803
23030,0.12417437252311757,0.7189564068692206,0.1568692206076618,3028
23031,0.15483182060864922,0.7613454351308062,0.08382274426054458,1873
23032,0.1570827489481066,0.7657784011220197,0.07713884992987377,1426
23033,0.20602218700475436,0.6767036450079239,0.11727416798732171,631
23034,0.1574074074074074,0.7361111111111112,0.10648148148148148,216
23035,0.12943089430894308,0.7154471544715447,0.1551219512195122,3075
23036,0.13817619783616691,0.7156105100463679,0.14621329211746523,3235
23037,0.205607476635514,0.7216468805253852,0.07274564283910079,3959
23038,0.15869812034817712,0.7064463226945881,0.13485555695723478,7927
23039,0.1412175648702595,0.7292914171656687,0.12949101796407186,4008
23040,0.15361776995821422,0.7365295799428194,0.10985265009896635,9094
23041,0.16931864545083639,0.7392900856793145,0.09139126886984904,2451
23042,0.09858056465450007,0.7349867415379816,0.16643269380751832,6411
23043,0.147537982793337,0.7170053084385869,0.13545670876807614,5463
23044,0.1549426712116517,0.689959714905485,0.15509761388286333,19362
23045,0.14698162729658792,0.7273622047244095,0.12565616797900261,3048
23046,0.1326973113616652,0.7081526452732003,0.15915004336513444,2306
23047,0.1297979797979798,0.6924242424242424,0.17777777777777778,1980
23048,0.1918958031837916,0.7079594790159189,0.10014471780028944,3455
23049,0.17461832061068702,0.7321882951653944,0.09319338422391857,3144
23050,0.16292485188649827,0.7053320860617399,0.13174306205176178,6414
23051,0.12566983578219534,0.759723422644771,0.1146067415730337,5785
23052,0.1218274111675127,0.6794892131979695,0.19868337563451777,12608
23053,0.16254917387883555,0.7369000786782062,0.1005507474429583,6355
23054,0.17062937062937064,0.7335664335664336,0.0958041958041958,2860
23055,0.14099009900990098,0.7552475247524753,0.10376237623762376,7575
23056,0.21348314606741572,0.7262512768130746,0.0602655771195097,979
23057,0.12628865979381443,0.7474226804123711,0.12628865979381443,2328
23058,0.11063963539211064,0.7246581801037246,0.1647021845041647,12726
23059,0.1170263788968825,0.7154676258992806,0.16750599520383694,8340
23060,0.1543298598634567,0.7209845490477902,0.12468559108875314,5566
23061,0.18265086206896552,0.7214439655172413,0.09590517241379311,1856
23062,0.15823914336704342,0.7465794170136824,0.09518143961927424,1681
23063,0.18865866957470012,0.6993820428934933,0.11195928753180662,2751
23064,0.20062277580071175,0.712855871886121,0.08652135231316727,4496
23065,0.21055354371443352,0.7087428867046043,0.08070356958096224,1933
23066,0.14878892733564014,0.7474048442906575,0.10380622837370242,1156
23067,0.17579617834394903,0.7401273885350318,0.0840764331210191,1570
23068,0.21423635107118175,0.7204561161022806,0.06530753282653766,2894
23069,0.14388535857865387,0.714433925560887,0.14168071586045908,15422
23070,0.18194405981722514,0.7344225976183882,0.08363334256438659,3611
23071,0.1530274850175656,0.7027794998966729,0.14419301508576152,19356
23072,0.18344965104685942,0.7188434695912264,0.09770687936191426,3009
23073,0.13410433070866143,0.7217027559055118,0.14419291338582677,12192
23074,0.1781115879828326,0.7424892703862661,0.07939914163090128,466
23075,0.18794474675596484,0.7224780242779406,0.0895772289660946,2389
23076,0.12480912144965896,0.6964267535376159,0.17876412501272523,9823
23077,0.143585097950402,0.7107915298380705,0.14562337221152757,8831
23078,0.17016806722689076,0.6990546218487395,0.13077731092436976,1904
23079,0.15565217391304348,0.688695652173913,0.15565217391304348,1150
23080,0.2020057306590258,0.7191977077363897,0.07879656160458452,698
23081,0.1319141193595342,0.7052401746724891,0.1628457059679767,5496
23082,0.14431673052362706,0.7312534209085934,0.1244298485677796,10962
23083,0.13544646890528536,0.7330221352205993,0.13153139587411533,13282
23084,0.18293755496921724,0.7273526824978013,0.08970976253298153,2274
23085,0.20477386934673367,0.7035175879396985,0.09170854271356783,1592
23086,0.14390348987505386,0.7091770788453253,0.14691943127962084,2321
23087,0.16124803356056633,0.7081803880440483,0.1305715783953854,3814
23088,0.16359102244389026,0.7311720698254364,0.10523690773067332,2005
23089,0.13379132674967797,0.7296693860025762,0.1365392872477458,11645
23090,0.20991735537190082,0.7090909090909091,0.08099173553719008,605
23091,0.1216987047147161,0.6503647290911594,0.22793656619412458,196173
23092,0.13574165298303228,0.7750410509031199,0.08921729611384784,3654
23093,0.19483315392895587,0.7018299246501615,0.10333692142088267,1858
23094,0.14104243059193294,0.7452854897852279,0.11367207962283918,7636
23095,0.16283829884011827,0.7295883556970661,0.10757334546281555,4397
23096,0.13432715875758428,0.7198939205207538,0.1457789207216619,24887
23097,0.1300194437399611,0.745202468509595,0.12477808775044383,11829
23098,0.15038670867946147,0.7407619593239759,0.10885133199656259,3491
24001,0.13766730401529637,0.7743785850860421,0.08795411089866156,1046
24002,0.15761935905820798,0.750163505559189,0.09221713538260301,1529
24003,0.10614995787700084,0.7337826453243471,0.16006739679865206,1187
24004,0.13013013013013014,0.7408519630741853,0.12901790679568456,8991
24005,0.1763590391908976,0.7433628318584071,0.08027812895069532,1582
24006,0.12437381240283296,0.7146311970979444,0.16099499049922267,5789
24007,0.17416666666666666,0.7325,0.09333333333333334,2400
24008,0.1476524672215875,0.7320602796365813,0.12028725314183124,18381
24009,0.11164369882164969,0.7511483922508488,0.1372079089275015,5007
24010,0.19547657512116318,0.7011308562197092,0.10339256865912763,619
24012,0.12845569460643697,0.6665510828105791,0.20499322258298394,31723
24013,0.14188632619439867,0.725494233937397,0.1326194398682043,4856
24014,0.14839901477832512,0.7298337438423645,0.12176724137931035,6496
24015,0.15692124105011934,0.7219570405727923,0.12112171837708831,5028
24016,0.15298667812634292,0.7284056725397507,0.11860764933390631,2327
24017,0.1386271870794078,0.753028263795424,0.10834454912516824,2972
24018,0.1297240899605843,0.7169023881289126,0.15337352191050313,8626
24019,0.1524822695035461,0.7401215805471124,0.10739614994934144,1974
24020,0.18048268625393493,0.7124868835257083,0.10703043022035677,953
24021,0.13413563996489908,0.7351134511721198,0.13075090886298107,7977
24022,0.14617169373549885,0.7246713070378964,0.12915699922660479,1293
24024,0.13665293897416697,0.7304380381879446,0.13290902283788844,2671
24025,0.1661319073083779,0.7329768270944742,0.10089126559714795,2805
24026,0.12958943751130403,0.7246337493217581,0.14577681316693797,11058
24027,0.13385826771653545,0.7633163501621121,0.10282538212135248,2159
24028,0.1374972412271022,0.742661664091812,0.11984109468108585,4531
24029,0.18354772457031673,0.7320289698410982,0.08442330558858502,9251
24030,0.1363870303654143,0.7493566649511065,0.11425630468347915,1943
24032,0.12698412698412698,0.7574277574277575,0.11558811558811559,2457
24034,0.1539410247785626,0.7361811862316403,0.10987778898979707,8919
24035,0.12002143239864262,0.70459010537596,0.1753884622253974,5599
24036,0.13769751693002258,0.7078531543305215,0.15444932873945585,8417
24037,0.15562565720294427,0.7665615141955836,0.07781282860147214,951
24038,0.1593837806414107,0.7186319155120627,0.1219843038465265,10321
24039,0.18660287081339713,0.7567783094098883,0.05661881977671451,1254
24040,0.16180555555555556,0.7315972222222222,0.10659722222222222,2880
24041,0.16633663366336635,0.7663366336633664,0.06732673267326733,505
24042,0.12237394957983193,0.7773109243697479,0.10031512605042017,1904
24043,0.16646562123039807,0.7326095697627664,0.10092480900683555,2487
24044,0.11162790697674418,0.7813953488372093,0.10697674418604651,645
24046,0.17320872274143304,0.7133956386292835,0.1133956386292835,3210
24047,0.14965986394557823,0.7479412817758683,0.10239885427855352,2793
24048,0.1472107438016529,0.7319214876033058,0.12086776859504132,7744
24049,0.20754716981132076,0.7264150943396226,0.0660377358490566,106
24050,0.19480519480519481,0.7207792207792207,0.08441558441558442,154
24051,0.1622703721149317,0.7030146019783325,0.13471502590673576,4246
24052,0.13216162660463512,0.7216334970276558,0.14620487636770915,11607
24053,0.16296835212804656,0.7373590396507821,0.09967260822117134,2749
24055,0.14697950377562027,0.7326501258540093,0.12037037037037036,11124
24056,0.14461582000849016,0.7359558511390972,0.11942832885241263,7067
24057,0.15294880103694103,0.7019720396259606,0.14507915933709842,10801
24060,0.16335587489433642,0.7282333051563821,0.10841081994928149,4732
24061,0.15216889709275497,0.7382325796031379,0.10959852330410706,17336
24062,0.14702021527960094,0.7400892622735626,0.11289052244683644,3809
24063,0.15448658649398705,0.7312673450508789,0.11424606845513413,2162
24064,0.16752475247524753,0.7271287128712871,0.10534653465346534,2525
24065,0.14222222222222222,0.7525925925925926,0.10518518518518519,1350
24066,0.1054872280037843,0.7090823084200568,0.18543046357615894,2114
24067,0.14083468514968295,0.7031411296268987,0.15602418522341838,6781
24068,0.19320214669051877,0.7262969588550984,0.08050089445438283,2236
24070,0.1400035669698591,0.7355091849473872,0.1244872480827537,5607
24071,0.1413566739606127,0.749234135667396,0.10940919037199125,2285
24072,0.16265750286368844,0.7617411225658648,0.07560137457044673,873
24073,0.17727272727272728,0.7066844919786096,0.1160427807486631,3740
24074,0.13862402816488192,0.7390347660261112,0.1223412058090069,6817
24075,0.1991561181434599,0.7097046413502109,0.09113924050632911,2370
24076,0.2703180212014134,0.676678445229682,0.053003533568904596,566
24077,0.14468085106382977,0.7440729483282674,0.11124620060790273,1645
24078,0.15105639660622192,0.7419730494094161,0.106970553984362,6011
24079,0.16110080395794682,0.7393320964749536,0.09956709956709957,3234
24080,0.20040899795501022,0.7382413087934561,0.06134969325153374,489
24081,0.11841004184100419,0.6928870292887029,0.18870292887029289,2390
24082,0.1564461612747465,0.7638821825205215,0.07967165620473202,2071
24083,0.12591407678244973,0.7351462522851919,0.13893967093235832,4376
24084,0.17206519496595832,0.7408706416340004,0.08706416340004126,4847
24085,0.10994920824619062,0.7505228562892142,0.13952793546459516,3347
24086,0.12571483034693098,0.7452344643537934,0.12905070529927565,10492
24087,0.15851234976814613,0.7182738714867039,0.12321377874515,10567
24088,0.14264264264264265,0.7465799132465799,0.11077744411077745,5994
24089,0.13,0.72,0.15,500
24090,0.19923371647509577,0.7330779054916986,0.06768837803320563,783
24091,0.1639659874859618,0.7203593775068186,0.11567463500721964,6233
24094,0.16576576576576577,0.727027027027027,0.10720720720720721,1110
24095,0.15110593713620488,0.7182770663562281,0.13061699650756695,4295
24096,0.15054545454545454,0.7130909090909091,0.13636363636363635,2750
24097,0.15281899109792285,0.7225519287833828,0.12462908011869436,4044
24098,0.15182813468291675,0.7409626110307788,0.10720925428630448,4841
24099,0.15663265306122448,0.7377551020408163,0.10561224489795919,1960
24100,0.13527914474800612,0.7067707449516375,0.15795011030035636,29465
24101,0.1781524926686217,0.6898826979472141,0.13196480938416422,1364
24102,0.18345437322387118,0.7177139248500158,0.09883170192611304,3167
24103,0.12541375505700625,0.7228760573740346,0.15171018756895918,5438
24104,0.1252555687076294,0.7716560852254385,0.1030883460669321,9293
24105,0.12161102397490477,0.7103405780864889,0.16804839793860632,17852
24106,0.12085308056872038,0.7559241706161137,0.12322274881516587,422
24107,0.13180196253345228,0.7544603033006244,0.11373773416592328,4484
24108,0.13431125372450148,0.7274810909924364,0.13820765528306211,8726
24110,0.16028412600370598,0.740426189005559,0.09928968499073502,6476
24111,0.1634141533609304,0.7011137394046915,0.13547210723437808,20292
24112,0.19769673704414586,0.7293666026871402,0.07293666026871401,1042
24113,0.18904448105436572,0.7413509060955519,0.06960461285008238,2428
24115,0.1595622119815668,0.7626728110599078,0.07776497695852534,1736
24116,0.1207816556100375,0.6634578405922508,0.21576050379771175,83208
24117,0.15422885572139303,0.7405828002842928,0.10518834399431415,1407
24118,0.13508733141720097,0.7532611098828211,0.1116515586999779,4523
24119,0.13293413173652693,0.7291417165668662,0.1379241516966068,5010
24120,0.1268882175226586,0.7693856998992951,0.10372608257804633,993
24121,0.14,0.775,0.085,600
24122,0.15417310664605874,0.7094281298299846,0.13639876352395672,5176
24123,0.14341252699784018,0.7421166306695465,0.11447084233261338,2315
24124,0.17351021267635292,0.7245735944409349,0.10191619288271216,4749
24125,0.1727979274611399,0.7132124352331606,0.11398963730569948,3860
24126,0.15202108963093147,0.7407732864674869,0.10720562390158173,4552
24127,0.17026043125175022,0.7359283113973677,0.09381125735088211,3571
25001,0.12980484920165583,0.7235363690124187,0.14665878178592548,3382
25002,0.15779467680608364,0.7362167300380228,0.10598859315589354,2104
25003,0.17845828933474128,0.7148891235480465,0.10665258711721225,947
25004,0.19599578503688092,0.7107481559536354,0.09325605900948367,1898
25005,0.1640151515151515,0.7443181818181818,0.09166666666666666,2640
25006,0.12598397526005062,0.6608096710711273,0.21320635366882204,28456
25007,0.09180790960451977,0.731638418079096,0.1765536723163842,708
25008,0.16145833333333334,0.7213541666666666,0.1171875,1536
25010,0.16386969397828233,0.7650542941757157,0.07107601184600197,1013
25011,0.18288902665840048,0.703657780533168,0.1134531928084315,3226
25012,0.19212746016869728,0.7057169634489222,0.1021555763823805,1067
25013,0.2638888888888889,0.625,0.1111111111111111,288
25014,0.12987012987012986,0.7727272727272727,0.09740259740259741,308
25015,0.17703081232492998,0.7389355742296919,0.08403361344537816,1785
25016,0.1067778936392075,0.7144942648592284,0.17872784150156412,4795
25017,0.2430167597765363,0.6703910614525139,0.08659217877094973,358
25018,0.16544885177453028,0.7280793319415448,0.10647181628392484,1916
25019,0.19196428571428573,0.6926020408163265,0.11543367346938775,1568
25021,0.1413277548760229,0.68984187534609,0.16883036977788715,16253
25022,0.16921837228041903,0.7518130539887188,0.0789685737308622,2482
25023,0.17462039045553146,0.6973969631236443,0.1279826464208243,922
25025,0.20784313725490197,0.7254901960784313,0.06666666666666667,510
25026,0.2240104393214441,0.6750761200521966,0.10091344062635929,2299
25027,0.1635969664138678,0.761646803900325,0.07475622968580715,923
25029,0.13043478260869565,0.7209951174145548,0.14857009997674958,4301
25030,0.1532912533814247,0.7682596934174932,0.07844905320108206,1109
25032,0.1111111111111111,0.7756410256410257,0.11324786324786325,468
25033,0.17810760667903525,0.7226345083487941,0.09925788497217068,1078
25035,0.20093457943925233,0.7663551401869159,0.03271028037383177,214
25036,0.15736040609137056,0.697687535250987,0.1449520586576424,3546
25037,0.12292358803986711,0.770764119601329,0.10631229235880399,301
25039,0.13529411764705881,0.6866013071895425,0.1781045751633987,3060
25040,0.14701737905119774,0.7230311570377329,0.12995146391106935,6387
25043,0.13157894736842105,0.7556390977443609,0.11278195488721804,532
25044,0.1771144278606965,0.7333333333333333,0.08955223880597014,1005
25045,0.1609105180533752,0.7339089481946625,0.10518053375196232,1274
25046,0.07166123778501629,0.7817589576547231,0.1465798045602606,307
25047,0.2145716573258607,0.7077662129703763,0.07766212970376302,1249
25048,0.16453553967657014,0.7111696126363295,0.12429484768710042,5318
25049,0.22093023255813954,0.7325581395348837,0.046511627906976744,516
25050,0.15870646766169155,0.7373134328358208,0.10398009950248756,2010
25051,0.09410288582183186,0.7239648682559598,0.18193224592220827,1594
25053,0.1524959541889705,0.722893066102328,0.12461097970870161,8033
25054,0.17577197149643706,0.7197149643705463,0.10451306413301663,421
25055,0.18082901554404146,0.7181347150259068,0.10103626943005181,1930
25056,0.17685147713476326,0.726021853500607,0.0971266693646297,2471
25057,0.19122257053291536,0.6865203761755486,0.12225705329153605,319
25058,0.21619135234590617,0.6743330266789328,0.10947562097516099,1087
25059,0.1552346570397112,0.7552346570397112,0.08953068592057761,1385
25060,0.2132216014897579,0.6778398510242085,0.10893854748603352,1074
25062,0.19023136246786632,0.6940874035989717,0.11568123393316196,389
25063,0.2013845185651353,0.6777847702957835,0.12083071113908118,1589
25065,0.15793991416309014,0.7476394849785408,0.0944206008583691,1165
25066,0.17882689556509299,0.7138769670958512,0.1072961373390558,699
25067,0.18053596614950634,0.7390691114245416,0.08039492242595205,709
25069,0.18421052631578946,0.6381578947368421,0.17763157894736842,152
25070,0.18633034987794955,0.7172497965825875,0.09641985353946297,2458
25071,0.17752050168837433,0.7431259044862518,0.07935359382537385,4146
25072,0.1515265736901621,0.7212589521296645,0.1272144741801734,5306
25073,0.21138211382113822,0.6863500213949508,0.10226786478391099,2337
25074,0.1756066411238825,0.7199416164933407,0.10445174238277687,10962
26001,0.1366933944253532,0.7646048109965635,0.09870179457808324,5238
26002,0.14342998149290562,0.7378161628624306,0.11875385564466379,3242
26003,0.12935474098757951,0.7381096637382611,0.13253559527415934,6602
26004,0.12555015056752375,0.7400972897845726,0.13435255964790363,4317
26005,0.15834218916046758,0.73467941905774,0.10697839178179241,5646
26006,0.17763382202523015,0.7165018752130924,0.10586430276167746,5866
26007,0.17681564245810055,0.6877094972067039,0.13547486033519554,3580
26008,0.135079918279053,0.7136161519048191,0.15130392981612786,8321
26009,0.1319887135541854,0.7411432751593688,0.12686801128644581,9569
26010,0.11092497307646285,0.6881656096685413,0.2009094172549958,8357
26011,0.15088757396449703,0.7414201183431952,0.1076923076923077,1690
26012,0.1360348479398953,0.6739000119889701,0.19006514007113456,25023
26013,0.15387581951407636,0.7009255688391824,0.14519861164674122,5186
26014,0.15580865603644647,0.7375854214123007,0.10660592255125284,2195
26015,0.17404239494235776,0.7363332093715136,0.08962439568612868,2689
26016,0.15745647236941712,0.746782740348221,0.09576078728236184,2642
26017,0.19725490196078432,0.703921568627451,0.0988235294117647,2550
26018,0.17291666666666666,0.71875,0.10833333333333334,1920
26019,0.1775118424333084,0.7192720019945151,0.10321615557217652,4011
26020,0.15364916773367476,0.6939820742637645,0.1523687580025608,3905
26021,0.1413213373489383,0.6628797987114483,0.19579886393961343,26231
26022,0.17726252804786835,0.7157816005983545,0.10695587135377711,5348
26023,0.15709137163451345,0.7171931312274751,0.12571549713801144,4717
26025,0.18506205673758866,0.7127659574468085,0.10217198581560284,4512
26026,0.17318702290076335,0.7088104325699746,0.1180025445292621,6288
26027,0.15969718817591924,0.720620043258832,0.11968276856524873,2774
26028,0.18779453345900093,0.7207822808671065,0.09142318567389256,4244
26029,0.1542111506524318,0.7478054567022538,0.09798339264531436,4215
26030,0.1659152389540126,0.7114517583408476,0.12263300270513977,2218
26031,0.1910800174901618,0.715128989943157,0.09379099256668125,4574
26032,0.1551634665282823,0.7405293201868189,0.10430721328489881,3854
26033,0.1766104626026805,0.711413748378729,0.11197578901859058,4626
26034,0.1848184818481848,0.7323432343234323,0.08283828382838283,3030
26035,0.1338195891634415,0.7506698422149449,0.11551056862161357,6718
26036,0.15045982210161316,0.7614955525403286,0.0880446253580582,6633
26037,0.16773832820799553,0.7226726306961141,0.1095890410958904,3577
26038,0.1598710942973238,0.7276166456494325,0.11251226005324366,7137
26039,0.1957808078209416,0.7025984049395421,0.10162078723951634,3887
26040,0.15901921422426155,0.7338686550043017,0.10711213077143676,6974
26041,0.17829099307159355,0.7200923787528868,0.10161662817551963,2165
26042,0.18344883815735832,0.6942519364044027,0.12229922543823889,2453
26043,0.1314113308749581,0.6690292610507159,0.19955940807432596,20881
26044,0.18631643249847282,0.7098350641417227,0.10384850335980451,3274
26045,0.1796875,0.7109375,0.109375,1024
26046,0.14132734574031694,0.6931646444146984,0.16550800984498468,23159
26047,0.1416768665850673,0.7298041615667075,0.12851897184822522,3268
26048,0.19416547106647536,0.7302725968436155,0.07556193208990913,2091
26049,0.16275586620069896,0.7120569146280579,0.12518721917124315,8012
26050,0.19891609795262946,0.6967081493376154,0.10437575270975512,4982
26051,0.1470238880823545,0.6911706480137257,0.16180546390391976,15154
26052,0.1835026897788404,0.7157800358637179,0.10071727435744172,3346
26053,0.17561141304347827,0.7105978260869565,0.11379076086956522,2944
26055,0.1302588996763754,0.7219317898929549,0.14780931043066967,16068
26056,0.1661626045187689,0.7262053015477673,0.10763209393346379,5621
26057,0.16728841221730006,0.704243413383073,0.12846817439962696,8578
26058,0.1579638752052545,0.7195402298850575,0.12249589490968801,6090
26059,0.12447033898305085,0.6942796610169492,0.18125,9440
26060,0.1645101663585952,0.744916820702403,0.09057301293900184,541
26061,0.13471177944862156,0.7587719298245614,0.10651629072681704,1596
26062,0.1348727368144844,0.7381264759905537,0.12700078719496194,3811
26063,0.12145325938429387,0.7072582589823969,0.17128848163330923,12441
26064,0.16902384914032167,0.7053521907931226,0.12562396006655574,7212
26065,0.17656129529683887,0.7147262914417888,0.1087124132613724,1297
26066,0.13465751423981306,0.7550752154228129,0.11026727033737403,6847
26067,0.14652014652014653,0.746031746031746,0.10744810744810745,1638
26068,0.13421314741035856,0.7567231075697212,0.10906374501992032,8032
26069,0.1749473876841431,0.7050050324823863,0.12004757983347059,10929
26070,0.16680689945309213,0.7273874631888936,0.1058056373580143,4754
26071,0.1734617442482611,0.7156768325307651,0.11086142322097378,9345
26072,0.16187392877547133,0.7160540849362026,0.12207198628832604,5251
26073,0.16832174776564052,0.6497020854021847,0.18197616683217477,4028
26074,0.18378663850013202,0.7111169791391603,0.10509638236070769,3787
26075,0.1582618805406191,0.718500217991571,0.12323790146780991,6881
26076,0.16267055239104516,0.6977083057358591,0.13962114187309577,7549
26077,0.16195569136745608,0.7522918258212375,0.08575248281130635,5236
26078,0.15314926660914582,0.7510785159620362,0.09577221742881795,2318
26079,0.20429362880886426,0.7098337950138505,0.08587257617728532,1444
26080,0.19185918591859186,0.7159515951595159,0.09218921892189219,4545
26081,0.14816232771822357,0.6895099540581929,0.16232771822358347,7836
26082,0.14929042351100683,0.732484076433121,0.11822550005587217,8949
26083,0.16381390005743826,0.7194715680643309,0.1167145318782309,8705
26084,0.20133212231304876,0.6972449288525583,0.10142294883439297,3303
26085,0.16130273111937427,0.7290678292088729,0.10962943967175279,7799
26086,0.11551502213292311,0.6314161931372241,0.2530687847298528,63706
26087,0.16587004263015115,0.7089523317400852,0.1251776256297636,7741
26088,0.17286914765906364,0.7408963585434174,0.086234493797519,4998
26089,0.15337676259586047,0.7494846210934278,0.09713861631071163,12127
26090,0.17100106875667972,0.721767011043819,0.10723192019950124,2807
26091,0.14550185873605948,0.7007434944237918,0.1537546468401487,13450
26092,0.15296429741238127,0.679986898132984,0.1670488044546348,21371
26093,0.17273811100808054,0.7075109285998146,0.11975096039210492,7549
26094,0.1452599388379205,0.764525993883792,0.09021406727828746,1308
26095,0.14422252174978556,0.7245435608381325,0.13123391741208185,8161
26096,0.16220567518615417,0.7152344536123969,0.12255987120144898,4969
27001,0.16229802513464991,0.7350089766606822,0.10269299820466786,2785
27002,0.18281679089839153,0.7255786582973716,0.09160455080423696,5098
27003,0.16517150395778363,0.737203166226913,0.09762532981530343,7580
27004,0.17499731269482963,0.7254649037944749,0.09953778351069548,9303
27005,0.18940223341361945,0.7163345741186775,0.0942631924677031,9134
27006,0.2242906918865107,0.6831259333001494,0.09258337481333997,10045
27007,0.14203156256945987,0.7410535674594354,0.11691486997110469,4499
27008,0.183979868807962,0.7060902510744176,0.10992988011762045,35368
27009,0.17362817362817362,0.7199017199017199,0.10647010647010648,2442
27010,0.20198675496688742,0.6944181646168401,0.10359508041627247,2114
27011,0.19833653230966092,0.6744721689059501,0.127191298784389,7815
27012,0.16470902295782167,0.6751201281366791,0.1601708489054992,11238
27013,0.21087928464977646,0.7077922077922078,0.08132850755801575,9394
27014,0.1880948540087111,0.6668817551217938,0.1450233908694951,6199
27015,0.17284345047923322,0.7143769968051118,0.11277955271565496,3130
27016,0.17918050941306754,0.700110741971207,0.12070874861572536,4515
27017,0.18037912839554426,0.7035372288450263,0.11608364275942935,5117
27018,0.16620498614958448,0.7289935364727609,0.10480147737765466,2166
27019,0.16309430118975973,0.7036248321836952,0.13328086662654506,21601
27020,0.12282972890648797,0.7335516296070667,0.14361864148644532,13132
27021,0.15100671140939598,0.7100164619475751,0.138976826643029,15794
27022,0.18662952646239556,0.706878080137133,0.1064923934004714,4667
27023,0.1820931639443436,0.6979111063663215,0.1199957296893349,28101
27024,0.1539838420976247,0.6630545208262784,0.18296163707609694,20671
27025,0.18598636256759934,0.6952739242887374,0.1187397131436633,8506
27026,0.14999585646805336,0.6888207508079888,0.1611833927239579,12067
27027,0.1417337936325278,0.7293824319140775,0.12888377445339472,5214
27028,0.14802815327896324,0.7074069936319964,0.14456485308904032,8951
27029,0.152033247409122,0.6706823083802409,0.17728444421063708,19009
27030,0.15809692671394798,0.7470449172576832,0.09485815602836879,3384
27031,0.16873116839638433,0.7099096083026448,0.12135922330097088,5974
27032,0.15624674919380005,0.7223551440757308,0.12139810673046916,9613
27033,0.13569423859228658,0.6877424237646242,0.17656333764308915,31711
27034,0.20904189133139775,0.7018871837411862,0.08907092492741601,9644
27035,0.13855854417750818,0.7461090270572273,0.11533242876526459,12529
27036,0.1662313237906175,0.732002925504127,0.10176575070525545,9571
27037,0.155781049021009,0.7097327426039731,0.13448620837501787,13994
27038,0.15195091554021667,0.6934138625251653,0.15463522193461796,20862
27039,0.19498910675381265,0.6677559912854031,0.13725490196078433,5508
27040,0.17708333333333334,0.7118055555555556,0.1111111111111111,1728
27041,0.16708023159636062,0.7355941549489936,0.09732561345464572,3627
27042,0.14850635229483805,0.6578761172443214,0.19361753046084051,192214
27043,0.1794154663683401,0.7075933435883093,0.11299119004335058,7151
27044,0.18962228157191913,0.7251049217855781,0.08527279664250287,10484
28001,0.13492955883325616,0.6726635359481448,0.1924069052185991,15119
28002,0.20130718954248367,0.7076252723311547,0.09106753812636166,2295
28003,0.1288375212837315,0.6565708683762448,0.21459161034002375,19381
28004,0.2169329073482428,0.7159744408945687,0.0670926517571885,3130
28005,0.16534867002156722,0.6599568655643422,0.1746944644140906,1391
28006,0.13988657844990549,0.7460617517328293,0.11405166981726528,1587
28007,0.16807195053400786,0.7248454187745925,0.10708263069139966,3558
28008,0.17182539682539683,0.723015873015873,0.10515873015873016,2520
28009,0.16042553191489362,0.6425531914893617,0.19702127659574467,2350
28010,0.2119205298013245,0.6975717439293598,0.09050772626931568,453
28011,0.1653516295025729,0.6833619210977702,0.15128644939965694,2915
28012,0.19306666666666666,0.7066666666666667,0.10026666666666667,1875
28013,0.1468156766687079,0.7187691365584813,0.13441518677281078,6532
28014,0.17042801556420234,0.7252918287937743,0.10428015564202335,2570
28015,0.1497471800855698,0.7419292104239595,0.10832360949047064,5142
28016,0.14685374881638977,0.6864939313075665,0.16665231987604373,11617
28017,0.1464393179538616,0.7197045682502051,0.13385611379593326,10967
28018,0.11524547803617571,0.758656330749354,0.12609819121447027,1935
28019,0.13699421965317918,0.7021965317919076,0.1608092485549133,8650
28020,0.17839135654261704,0.7128451380552221,0.10876350540216087,4165
28021,0.1763299462044232,0.7256425582785415,0.09802749551703527,1673
28022,0.17427007299270073,0.7007299270072993,0.125,1096
28023,0.1517937623940869,0.7440057688840814,0.10420046872183163,5547
28026,0.17012448132780084,0.7243627741553053,0.1055127445168939,3374
28027,0.18902439024390244,0.721835075493612,0.08914053426248549,3444
28028,0.17289486796213255,0.7115097159940209,0.11559541604384654,4014
28029,0.20235096557514692,0.7279596977329975,0.06968933669185558,1191
28030,0.14824603555982702,0.7414704469005285,0.1102835175396444,4162
28031,0.18956043956043955,0.6744505494505495,0.13598901098901098,1456
28032,0.1394406430611838,0.6854447618414934,0.1751145950973228,15053
28033,0.1714902807775378,0.7462203023758099,0.08228941684665227,4630
28034,0.1594751792235899,0.7020154199918842,0.1385094007845259,7393
28035,0.18252065014654942,0.731148414601652,0.08633093525179857,3753
28036,0.1642502861503243,0.7287294925600916,0.10702022128958413,5242
28037,0.15495451984222813,0.6522579087177011,0.19278757144007083,12423
28038,0.16666666666666666,0.7105083589218697,0.12282497441146366,5862
28039,0.15325018896447468,0.7256235827664399,0.12112622826908541,5292
28040,0.1821788220933781,0.6933170582850168,0.12450411962160512,3277
28041,0.1394904458598726,0.7519108280254777,0.10859872611464969,3140
28042,0.188504326328801,0.7255871446229913,0.08590852904820766,3236
28043,0.14910394265232976,0.7362007168458782,0.11469534050179211,1395
28044,0.15387987724682156,0.6961858833844805,0.14993423936869793,6843
28045,0.13516628251564045,0.6875205795192624,0.17731313796509712,6074
28046,0.1343859004956857,0.734532770332293,0.13108132917202128,5447
28047,0.16792929292929293,0.7234848484848485,0.10858585858585859,2376
28048,0.1539039039039039,0.7151651651651652,0.13093093093093094,6660
28049,0.15407407407407409,0.7407407407407407,0.10518518518518519,1350
28050,0.1266294227188082,0.7490689013035382,0.12430167597765363,4296
28052,0.16740412979351033,0.7367256637168141,0.09587020648967552,1356
28053,0.19153225806451613,0.7318548387096774,0.07661290322580645,1984
28054,0.12970462124821344,0.7321343496903288,0.13816102906145783,8396
28055,0.16346664642938452,0.6630492524853913,0.17348410108522425,13177
28056,0.16100957354221063,0.704380620829707,0.1346098056280824,6894
28057,0.15528735632183907,0.6648275862068965,0.17988505747126438,8700
28058,0.14081201595869514,0.6534850973949777,0.20570288664632716,8522
28059,0.16408518877057116,0.7299128751210068,0.10600193610842207,4132
28060,0.1152042781022318,0.5753753254312964,0.3094203964664718,156331
28061,0.16365531619179985,0.7112578179291175,0.1250868658790827,2878
28062,0.2226680040120361,0.7071213640922769,0.07021063189568706,997
28063,0.17911164465786314,0.6960384153661464,0.12484993997599039,8330
28064,0.15681159420289856,0.7286956521739131,0.1144927536231884,6900
28065,0.1542581681842528,0.7014595607927155,0.1442822710230316,14936
28066,0.1383983572895277,0.73347022587269,0.12813141683778234,2435
28067,0.16331096196868009,0.7136465324384788,0.12304250559284116,1788
28068,0.1939574785527788,0.6892950391644909,0.11674748228273032,2681
28069,0.13453142451010255,0.674383186110265,0.19108538937963246,9849
28070,0.17626728110599077,0.7046850998463902,0.11904761904761904,2604
28071,0.15753045404208194,0.7308970099667774,0.11157253599114064,3612
28072,0.13075565538264078,0.679047007861383,0.19019733675597625,12466
28073,0.1545578231292517,0.6957823129251701,0.14965986394557823,3675
28075,0.15212926194714502,0.7268245926331645,0.12104614541969054,7303
28076,0.14871016691957512,0.7363971385215695,0.11489269455885541,4613
28077,0.1535747639306838,0.7180657881083324,0.1283594479609837,9637
28078,0.16127004086765168,0.7243005344231374,0.11442942470921094,3181
28079,0.1487424111014744,0.7246313963573288,0.1266261925411969,2306
28080,0.15461393596986817,0.7112994350282486,0.13408662900188323,5310
28082,0.16734921816827997,0.7127699180938198,0.11988086373790022,5372
28083,0.1493112947658402,0.7333333333333333,0.11735537190082644,1815
28084,0.21016949152542372,0.704406779661017,0.08542372881355932,1475
28085,0.13335935467083007,0.7092115534738486,0.15742909185532136,7686
28086,0.1294900482864209,0.6603462489694971,0.21016370274408197,16982
28087,0.2083580907110319,0.6922162804515746,0.09942562883739355,5049
28088,0.1880369074132994,0.6996500159083678,0.1123130766783328,3143
28089,0.14837550531516694,0.6806408144931876,0.17098368019164545,6679
28090,0.1416795466254508,0.7511591962905718,0.10716125708397733,1941
28091,0.15823735603405106,0.7149056918711401,0.12685695209480888,5991
28092,0.1488745264096278,0.709605527078226,0.1415199465121462,4487
28093,0.1594772630684233,0.728219294517637,0.11230344241393965,9412
28094,0.16865143224975862,0.7151593176697779,0.11618925008046346,3107
28095,0.1698966408268734,0.7357881136950905,0.09431524547803617,1548
28096,0.11539593759199293,0.7703856343832793,0.1142184280247277,3397
28097,0.15570672713529857,0.7127739984882842,0.13151927437641722,1323
28098,0.1641337386018237,0.7370820668693009,0.09878419452887538,658
28099,0.1425789257892579,0.6955719557195572,0.1618491184911849,9756
28100,0.14092413141101395,0.6941030489246041,0.16497281966438193,16924
28101,0.16203589869682813,0.729776247848537,0.10818785345463487,4067
28102,0.21251548946716234,0.6728624535315985,0.11462205700123916,1614
28103,0.14192877566935275,0.7143228489732258,0.14374837535742135,7694
28104,0.16909948349427353,0.7219851785313272,0.10891533797439928,4453
28105,0.18762475049900199,0.7017964071856287,0.11057884231536926,2505
28106,0.1484456343894095,0.7108433734939759,0.1407109921166146,6723
28107,0.15881458966565348,0.7334726443768997,0.1077127659574468,5264
29001,0.17089958015004475,0.6780232638171932,0.15107715603276206,14529
29002,0.21259095223030686,0.7168617526099336,0.07054729515975958,3161
29003,0.17226061204343535,0.7077986179664363,0.11994076999012833,2026
29004,0.16875961045617632,0.7125832906201948,0.11865709892362891,7804
29005,0.25156576200417535,0.6388308977035491,0.10960334029227557,958
29006,0.19926778242677826,0.7133891213389121,0.08734309623430962,1912
29007,0.19099099099099098,0.7063063063063063,0.10270270270270271,1110
29008,0.218568665377176,0.6827852998065764,0.09864603481624758,517
29009,0.2134776192818495,0.6965076242006887,0.09001475651746188,2033
29010,0.2080745341614907,0.6956521739130435,0.09627329192546584,644
29011,0.21434327155519742,0.6994359387590653,0.0862207896857373,1241
29012,0.16017173051519154,0.702774108322325,0.13705416116248348,3028
29013,0.1752092050209205,0.7290794979079498,0.09571129707112971,1912
29014,0.18493150684931506,0.728595890410959,0.08647260273972603,1168
29015,0.17915430267062316,0.7303412462908012,0.09050445103857567,2696
29017,0.21618428824571767,0.7046662728883638,0.07914943886591849,1693
29018,0.2111055527763882,0.688344172086043,0.10055027513756878,1999
29019,0.22367465504720407,0.6833696441539578,0.09295570079883805,1377
29021,0.24634420697412823,0.65748031496063,0.09617547806524185,1778
29022,0.18600849950964368,0.7021902582543315,0.11180124223602485,3059
29023,0.21715328467153286,0.6943430656934306,0.0885036496350365,1096
29024,0.18932527693857,0.7009063444108762,0.10976837865055387,1986
29025,0.2441860465116279,0.6330749354005168,0.1227390180878553,774
29026,0.20618556701030927,0.6958762886597938,0.0979381443298969,1164
29027,0.2,0.7121951219512195,0.08780487804878048,1640
29028,0.19588875453446192,0.6844014510278114,0.11970979443772672,827
29029,0.192453250222618,0.7020258236865539,0.10552092609082814,8984
29030,0.23103581055063535,0.6942626107046592,0.07470157874470543,2597
29031,0.17884036144578314,0.7304216867469879,0.09073795180722892,2656
29032,0.20710506424792138,0.6984126984126984,0.0944822373393802,1323
29033,0.13904969961769525,0.721791370835609,0.1391589295466958,9155
29034,0.23209428830462375,0.6609247506799637,0.10698096101541252,1103
29035,0.18594687232219365,0.7189374464438731,0.09511568123393316,1167
29036,0.21696035242290748,0.7059471365638766,0.07709251101321586,908
29037,0.16882661996497372,0.7110332749562172,0.12014010507880911,2855
29038,0.12738095238095237,0.7244047619047619,0.14821428571428572,1680
29039,0.24559777571825764,0.6972064080497815,0.05719581623196081,7553
29040,0.20844168833766755,0.705741148229646,0.08581716343268654,4999
29041,0.13264022590168142,0.6643049672699268,0.20305480682839172,38955
29042,0.20188902007083825,0.704840613931523,0.09327036599763873,847
29043,0.1841779975278121,0.7453646477132262,0.07045735475896168,809
29044,0.20006713662302786,0.7092984222893588,0.09063444108761329,2979
29045,0.17473338802296964,0.7083675143560295,0.11689909762100081,2438
29046,0.21008538746576447,0.7091992911229257,0.08071532141130981,6207
29047,0.21339712918660286,0.6775119617224881,0.10909090909090909,2090
29048,0.19864864864864865,0.6997297297297297,0.10162162162162162,3700
29049,0.16445916114790288,0.6997792494481236,0.1357615894039735,906
29050,0.17729591836734693,0.7302295918367347,0.09247448979591837,1568
29051,0.20483870967741935,0.7112903225806452,0.08387096774193549,620
29052,0.20253403933434191,0.709909228441755,0.08755673222390317,10576
30001,0.1587857559836544,0.6941039112667834,0.14711033274956217,1713
30002,0.1259150805270864,0.726207906295754,0.1478770131771596,683
30003,0.21195652173913043,0.7051630434782609,0.08288043478260869,736
30004,0.1679178190438562,0.7103911497431845,0.12169103121295931,2531
30005,0.1474006116207951,0.7614678899082569,0.09113149847094801,1635
30006,0.14564831261101244,0.7140319715808171,0.14031971580817051,2252
30007,0.16919575113808802,0.708649468892261,0.12215477996965099,1318
30008,0.17905405405405406,0.7068318318318318,0.11411411411411411,2664
30009,0.1817503729487817,0.704624564893088,0.11362506215813029,4022
30010,0.2055231014338821,0.6983536909187467,0.09612320764737121,1883
30011,0.18428372739916551,0.7162726008344924,0.09944367176634214,1438
30012,0.15862068965517243,0.7310344827586207,0.1103448275862069,580
30013,0.155182625863771,0.7206317867719645,0.12418558736426456,5065
30014,0.13691451031772028,0.7120864723223059,0.1509990173599738,3053
30015,0.17309269893355209,0.7219031993437244,0.10500410172272355,1219
30016,0.10830079782719403,0.6873196401290104,0.20437956204379562,5891
30018,0.2147937411095306,0.7155049786628734,0.06970128022759602,2109
30019,0.1579185520361991,0.7108597285067874,0.13122171945701358,2210
30020,0.18007662835249041,0.7279693486590039,0.09195402298850575,2871
30021,0.13446475195822455,0.7493472584856397,0.11618798955613577,766
30022,0.17843866171003717,0.7490706319702602,0.0724907063197026,538
30023,0.12496336101612115,0.7266243282852956,0.1484123106985833,10235
30024,0.17272727272727273,0.7345454545454545,0.09272727272727273,550
30025,0.18346774193548387,0.7116935483870968,0.10483870967741936,496
30026,0.12471422039323274,0.7136488340192044,0.16163694558756286,8748
30027,0.14502461463965782,0.703090953111129,0.15188443224921314,12391
30028,0.16330063473744952,0.7016733987305251,0.1350259665320254,1733
30029,0.19480519480519481,0.7194805194805195,0.08571428571428572,385
30030,0.1561368209255533,0.7428571428571429,0.10100603621730382,2485
30031,0.18006042296072508,0.6960725075528701,0.12386706948640483,1655
30032,0.1991411701556629,0.6988727858293076,0.10198604401502952,1863
30033,0.183206106870229,0.7862595419847328,0.030534351145038167,131
30034,0.3076923076923077,0.6703296703296703,0.02197802197802198,91
30035,0.16263310745401743,0.7512100677637947,0.08615682478218781,1033
30036,0.1696225557071396,0.7016825829922693,0.12869486130059118,2199
30037,0.15314935748894037,0.6920160101116495,0.15483463239941014,4747
30039,0.20921985815602837,0.6985815602836879,0.09219858156028368,846
30040,0.21428571428571427,0.7235023041474654,0.06221198156682028,434
30041,0.1917808219178082,0.7422166874221668,0.0660024906600249,803
30042,0.22567287784679088,0.7329192546583851,0.041407867494824016,483
30043,0.14777856973152767,0.7100261344737467,0.1421952957947256,8418
30044,0.18861607142857142,0.7131696428571429,0.09821428571428571,3584
30045,0.20833333333333334,0.7348484848484849,0.056818181818181816,264
30046,0.14985279685966635,0.7286555446516192,0.12149165848871443,10190
30047,0.18705035971223022,0.7661870503597122,0.046762589928057555,556
30048,0.18662952646239556,0.7075208913649025,0.10584958217270195,2872
30049,0.12718828152911754,0.7220435869953555,0.15076813147552698,5598
30051,0.2289156626506024,0.7008032128514057,0.07028112449799197,498
30052,0.14428969359331476,0.7309192200557103,0.12479108635097493,1795
30053,0.16588084012001714,0.7175310758679811,0.11658808401200171,4666
30054,0.10209424083769633,0.7918848167539267,0.10602094240837696,764
30055,0.18591037545417843,0.7087202260799355,0.10536939846588615,4954
30056,0.26071428571428573,0.6521428571428571,0.08714285714285715,1400
30057,0.13844415144094932,0.6703710679977397,0.19118478056131097,5309
30058,0.20906432748538012,0.6681286549707602,0.12280701754385964,2052
30059,0.17195571955719557,0.7084870848708487,0.11955719557195572,1355
30060,0.09817893903404593,0.7735550277117973,0.12826603325415678,1263
30061,0.17412935323383086,0.7338308457711443,0.09203980099502487,402
30062,0.1503043133103996,0.7300873246890712,0.11960836200052924,3779
30063,0.14323328067403895,0.6203264876250658,0.2364402317008952,1899
30064,0.19093333333333334,0.7184,0.09066666666666667,1875
30065,0.17618110236220472,0.718996062992126,0.10482283464566929,2032
30066,0.13929684023141967,0.7592345349354696,0.10146862483311081,2247
30067,0.18988218988218988,0.7124047124047124,0.09771309771309772,1443
30068,0.12783090085556115,0.6429290387518872,0.2292400603925516,3974
30069,0.213609734114466,0.7003154574132492,0.08607480847228481,2219
30070,0.14041930765480254,0.7057532910775232,0.1538274012676743,4102
30071,0.17998779743746188,0.7284929835265406,0.09151921903599756,1639
30072,0.12108617345525076,0.6929897478525907,0.1859240786921585,7218
30073,0.20267379679144384,0.7561497326203208,0.041176470588235294,1870
30074,0.1683122847301952,0.7086107921928817,0.12307692307692308,4355
30075,0.2015045674368619,0.7178936055883933,0.08060182697474476,1861
30076,0.1749084249084249,0.7371794871794872,0.08791208791208792,1092
30077,0.19447287615148415,0.7210849539406345,0.08444216990788127,1954
30078,0.16158031700969955,0.709013484740951,0.12940619824934943,4227
30079,0.15775451950523312,0.7063748810656517,0.13587059942911514,5255
30080,0.12013105205678923,0.7025846377866763,0.1772843101565344,2747
30081,0.2,0.7054794520547946,0.09452054794520548,730
30082,0.1837270341207349,0.726159230096238,0.09011373578302712,1143
30083,0.15600127347978351,0.7163323782234957,0.1276663482967208,3141
30084,0.17766497461928935,0.7563451776649747,0.06598984771573604,197
30085,0.14285714285714285,0.7383820998278829,0.11876075731497418,581
30086,0.22270114942528735,0.6910919540229885,0.08620689655172414,696
30087,0.1627088830255057,0.7229551451187335,0.11433597185576078,2274
30088,0.16666666666666666,0.7638888888888888,0.06944444444444445,432
30089,0.08732394366197183,0.8140845070422535,0.09859154929577464,355
30090,0.1377825618945102,0.7295479009687836,0.13266953713670612,3716
30091,0.13081458833806509,0.7193710417121643,0.14981436994977068,4579
30092,0.2363405336721728,0.6874205844980941,0.07623888182973317,787
30093,0.22317596566523606,0.7253218884120172,0.05150214592274678,233
30094,0.16467065868263472,0.7694610778443114,0.0658682634730539,334
30095,0.15569487983281086,0.7089864158829676,0.13531870428422152,1914
30097,0.16257465162574652,0.7339084273390842,0.10351692103516921,1507
30098,0.1659132007233273,0.7273960216998192,0.10669077757685352,2212
30099,0.13364779874213836,0.7161949685534591,0.1501572327044025,6360
30100,0.1650485436893204,0.723127600554785,0.1118238557558946,5768
30101,0.18384401114206128,0.7154488965073923,0.1007070923505464,4667
30102,0.10758776896942242,0.766704416761042,0.12570781426953567,883
30103,0.10064365125804564,0.7776477472205968,0.12170860152135751,1709
30104,0.18900729108244532,0.7066741446999439,0.10431856421761077,1783
30105,0.16684491978609625,0.7336898395721925,0.09946524064171124,935
30106,0.163312693498452,0.7097523219814241,0.12693498452012383,1292
30107,0.16613418530351437,0.7412140575079872,0.0926517571884984,313
30108,0.2818991097922849,0.6468842729970327,0.0712166172106825,337
30109,0.1937799043062201,0.7108680792891319,0.09535201640464798,2926
30110,0.13537117903930132,0.7656477438136827,0.09898107714701601,687
30111,0.1510204081632653,0.7673469387755102,0.08163265306122448,245
30112,0.1602972399150743,0.7441613588110403,0.09554140127388536,942
30113,0.1690427698574338,0.7474541751527495,0.0835030549898167,491
30114,0.19556585043017868,0.700529450694904,0.10390469887491727,3022
30116,0.13305820407001565,0.7289028034723211,0.1380389924576633,7027
30117,0.12060889929742388,0.7514637002341921,0.12792740046838408,3416
30118,0.11429576226481448,0.6711798839458414,0.21452435378934412,11374
30120,0.16376811594202897,0.7285024154589372,0.10772946859903382,2070
30121,0.122818112825702,0.7162914242347584,0.1608904629395396,7906
30122,0.17428397318708105,0.7111517367458866,0.1145642900670323,1641
30123,0.18908748824082786,0.7177798682972719,0.09313264346190028,2126
30124,0.1781305114638448,0.7336860670194003,0.08818342151675485,1701
30126,0.15254237288135594,0.7369196757553427,0.1105379513633014,1357
30127,0.14123711340206185,0.690893470790378,0.16786941580756012,5820
30128,0.19496344435418358,0.6945572705117791,0.11047928513403736,1231
30129,0.09597142290136931,0.6486604485016868,0.25536812859694386,75585
30130,0.1959050721265705,0.6938110749185668,0.11028385295486273,2149
30131,0.1587202007528231,0.7427854454203262,0.09849435382685069,1594
30132,0.167621776504298,0.7406876790830945,0.09169054441260745,698
30133,0.1657817109144543,0.7244837758112095,0.10973451327433628,1695
30135,0.1024390243902439,0.7788617886178861,0.11869918699186992,615
30136,0.15883668903803133,0.7472035794183445,0.09395973154362416,447
30137,0.16033755274261605,0.7573839662447257,0.08227848101265822,1422
30138,0.16114285714285714,0.7371428571428571,0.10171428571428572,875
30188,0.17960768287699225,0.723334695545566,0.09705762157744177,4894
30189,0.150786308973173,0.7261794634597595,0.12303422756706753,1081
30190,0.16666666666666666,0.7198097601323408,0.11352357320099256,4836
30191,0.18323586744639375,0.7582846003898636,0.05847953216374269,513
31001,0.10558530986993114,0.7513389441469013,0.14307574598316755,1307
31002,0.10838026967059225,0.7578084997439836,0.13381123058542413,5859
31003,0.10750695088044486,0.7479147358665431,0.14457831325301204,1079
31004,0.14383561643835616,0.75,0.10616438356164383,292
31005,0.08035714285714286,0.7619047619047619,0.15773809523809523,1344
31006,0.10415773681954565,0.7775396485212173,0.11830261465923704,2333
31007,0.08079552517091361,0.7296091836361642,0.18959529119292218,27353
31008,0.08780487804878048,0.7406829268292683,0.17151219512195123,5125
31009,0.10789473684210527,0.7603715170278638,0.13173374613003097,6460
31010,0.090754877014419,0.7998303647158609,0.10941475826972011,1179
31011,0.12292817679558012,0.7541436464088398,0.12292817679558012,724
31012,0.10748131948241298,0.7564242755604156,0.13609440495717148,21948
31013,0.11882998171846434,0.7550274223034735,0.12614259597806216,547
31014,0.10900082576383155,0.7456647398843931,0.1453344343517754,1211
31015,0.12153372132831222,0.7524820267031839,0.12598425196850394,2921
31016,0.09119496855345911,0.7633918889611798,0.14541314248536108,9222
31017,0.07400828892835998,0.7744227353463587,0.15156897572528122,1689
31018,0.1374645428758455,0.7532184158847917,0.10931704123936287,4583
31019,0.09961190168175937,0.7658473479948253,0.13454075032341525,773
31020,0.1060480530240265,0.7448218724109362,0.1491300745650373,1207
31021,0.1154611811546118,0.7710683477106834,0.11347047113470471,1507
31022,0.0936834634492548,0.7792760823278921,0.1270404542228531,1409
31023,0.09475844058944227,0.7543368774482373,0.15090468196232046,5361
31024,0.10221384832783796,0.7837965143664626,0.11398963730569948,2123
31025,0.14601420678768745,0.7521704814522494,0.10181531176006314,1267
32001,0.06237903826112848,0.7116272145302963,0.22599374720857526,6717
32002,0.06174496644295302,0.72751677852349,0.21073825503355706,745
32003,0.09933519606898546,0.7644281722709317,0.13623663166008285,10379
32004,0.0924672027084215,0.7735928903935675,0.133939906898011,4726
32005,0.05308641975308642,0.7382716049382716,0.20864197530864198,1620
32006,0.07311520239117301,0.7050017488632389,0.2218830487455881,157245
33001,0.1576923076923077,0.6923076923076923,0.15,1560
33002,0.16188637617209045,0.7244897959183674,0.1136238279095422,3626
33003,0.17655172413793102,0.6979310344827586,0.12551724137931033,725
33004,0.20925925925925926,0.6990740740740741,0.09166666666666666,2160
33005,0.19902405019170444,0.6978041129313349,0.10317183687696062,2869
33006,0.16008520399803375,0.7316074061936753,0.10830738980829101,6103
33007,0.15228197017623135,0.7180298237686399,0.1296882060551288,4426
33008,0.14721345951629863,0.7523659305993691,0.10042060988433228,1902
33010,0.16999718547706164,0.7357162960878131,0.09428651843512524,3553
33011,0.1641112047177759,0.7009267059814659,0.1349620893007582,5935
33012,0.14899401848830887,0.7030995106035889,0.14790647090810222,3678
33013,0.1431426667935662,0.7396021699819169,0.11725516322451698,10507
33014,0.16134663341645886,0.7182044887780549,0.12044887780548628,4010
33015,0.20754716981132076,0.7358490566037735,0.05660377358490566,106
33016,0.22158273381294963,0.6633093525179856,0.11510791366906475,695
33017,0.22975929978118162,0.7067833698030634,0.06345733041575492,457
33018,0.16729706139074774,0.7116671515856852,0.12103578702356707,3437
33019,0.30493707647628265,0.6292352371732817,0.06582768635043562,1033
33020,0.2630057803468208,0.6242774566473989,0.11271676300578035,1038
33021,0.1462415390096188,0.6991449946562166,0.1546134663341646,11228
33022,0.12874251497005987,0.6640718562874252,0.20718562874251498,1670
33023,0.10965817848130305,0.7029135122734572,0.18742830924523973,4359
33024,0.1382730455075846,0.7240373395565928,0.13768961493582263,3428
33025,0.21420454545454545,0.6869318181818181,0.09886363636363636,1760
33026,0.190032154340836,0.7093247588424437,0.10064308681672025,3110
33027,0.17844611528822055,0.7005012531328321,0.12105263157894737,3990
33028,0.26903023983315955,0.6538060479666319,0.07716371220020855,959
33030,0.2751322751322751,0.6296296296296297,0.09523809523809523,378
33032,0.12085183040597053,0.6733320465804542,0.20581612301357524,77715
33033,0.1684689812179852,0.7085941946499715,0.12293682413204325,1757
33034,0.20212765957446807,0.6829787234042554,0.1148936170212766,470
33035,0.13724365409436398,0.7295281801233329,0.13322816578230318,6973
33036,0.16362646338143208,0.7291042744350668,0.10726926218350122,3673
33037,0.15543613063249276,0.7209590739975197,0.1236047953699876,4838
33038,0.11701741654571843,0.7249637155297532,0.1580188679245283,5512
33039,0.1242869679684072,0.7423211935059236,0.13339183852566916,9116
33040,0.17533673943334882,0.7041337668369717,0.12052949372967951,4306
33041,0.20926517571884984,0.6853035143769968,0.10543130990415335,626
33042,0.14325974635979333,0.751526538280883,0.10521371535932363,2129
33043,0.15236523652365236,0.6947194719471947,0.15291529152915292,1818
33044,0.18608695652173912,0.6991304347826087,0.11478260869565217,1725
33045,0.14514145141451415,0.7380073800738007,0.11685116851168512,3252
33046,0.14690130068859986,0.7482785003825555,0.10482019892884469,1307
33047,0.25,0.671875,0.078125,64
33048,0.156187624750499,0.7235528942115769,0.12025948103792415,2004
33049,0.23111844820470492,0.6541477507222452,0.11473380107304994,2423
34001,0.18693693693693694,0.7032657657657657,0.1097972972972973,1776
34002,0.23895253682487724,0.6857610474631751,0.07528641571194762,1833
34003,0.18667171525937146,0.7179098826202196,0.09541840212040893,2641
34004,0.19324244220509781,0.7053941908713693,0.1013633669235329,1687
34005,0.3359497645211931,0.6043956043956044,0.059654631083202514,637
34006,0.17291327177258736,0.683686402317581,0.14340032590983162,5523
34007,0.189005439005439,0.7016317016317016,0.10936285936285936,5148
34008,0.1699429296131896,0.7209892200380469,0.10906785034876347,1577
34009,0.14004336826888328,0.6901879291651608,0.16976870256595591,11068
34010,0.13150222495013042,0.7432867883995704,0.12521098665029923,6517
34011,0.18830409356725147,0.7134502923976608,0.09824561403508772,855
34012,0.23770491803278687,0.6721311475409836,0.09016393442622951,1464
34013,0.14240046498111014,0.7151990700377797,0.14240046498111014,6882
34014,0.13578724034144174,0.6857946415355011,0.1784181181230572,20267
34015,0.17484088356420815,0.7104080868588544,0.11475102957693747,5342
34016,0.14055844770468529,0.7333175579744439,0.1261239943208708,4226
34017,0.1723419041000695,0.7067407922168172,0.12091730368311328,4317
34018,0.15484284797947404,0.7187940987812701,0.12636305323925592,7795
34019,0.11549516592631304,0.7251110530441599,0.15939378102952703,3827
34020,0.1462990561351217,0.7346000993541977,0.11910084451068058,8052
34022,0.2503382949932341,0.6968876860622463,0.05277401894451962,739
34023,0.13450153919014918,0.7081458678664456,0.15735259294340517,8446
34024,0.19163636363636363,0.716,0.09236363636363637,2750
34025,0.13351025824231907,0.7096049811166684,0.15688476064101256,9797
34026,0.21136363636363636,0.7193181818181819,0.06931818181818182,880
34027,0.11222644423221506,0.6288311354046018,0.25894242036318316,147639
34028,0.23950617283950618,0.6641975308641975,0.0962962962962963,810
34030,0.19749776586237713,0.6988382484361036,0.10366398570151922,2238
34031,0.13907432131731198,0.7080551846906987,0.15287049399198932,4494
34032,0.13124004248539564,0.7298194370685077,0.13894052044609664,15064
34033,0.12638121546961326,0.7460865561694291,0.12753222836095765,4344
34035,0.1912850812407681,0.7392909896602659,0.06942392909896603,1354
34036,0.14776160395495744,0.7470475144191157,0.10519088162592695,3641
34038,0.16108786610878661,0.7353556485355649,0.10355648535564854,956
34039,0.15375302663438256,0.7306295399515739,0.11561743341404358,1652
34040,0.18427835051546393,0.7229381443298969,0.09278350515463918,776
34041,0.13285614525139663,0.745286312849162,0.12185754189944134,5728
34042,0.13137364168292004,0.7167734745054333,0.1518528838116467,7178
34044,0.27405857740585776,0.6192468619246861,0.10669456066945607,478
34045,0.15338042381432895,0.7204843592330978,0.12613521695257315,1982
34046,0.26528599605522685,0.6706114398422091,0.0641025641025641,1014
34049,0.1645655877342419,0.7119250425894378,0.12350936967632027,5870
34050,0.17380352644836272,0.7363560033585222,0.08984047019311503,2382
34051,0.1545171339563863,0.7218068535825545,0.12367601246105919,9630
35001,0.1314294040507067,0.6526300451697509,0.21594055077954247,6863
35002,0.1624910522548318,0.7123836793128132,0.12512526843235505,6985
35003,0.1968565815324165,0.7151277013752456,0.08801571709233792,2545
35004,0.15179048637092463,0.7397113842864779,0.10849812934259755,7484
35005,0.1632548618219038,0.7182702149437052,0.11847492323439099,3908
35006,0.1470019342359768,0.7562862669245648,0.09671179883945841,4136
35008,0.14973404255319148,0.7464095744680851,0.1038563829787234,7520
35009,0.16658548465660009,0.7191914271797369,0.11422308816366293,4106
35010,0.16041131105398457,0.7362467866323907,0.10334190231362468,3890
35011,0.1854475209272376,0.7050869285254346,0.10946555054732775,3106
35012,0.15661879709938858,0.7459832219536471,0.09739798094696431,14066
35013,0.1672384219554031,0.720125786163522,0.1126357918810749,3498
35014,0.1376106963014412,0.7510852578572669,0.11130404584129189,11518
35015,0.17267917267917268,0.7277537277537277,0.09956709956709957,6237
35016,0.14718344965104685,0.7172233300099701,0.13559322033898305,8024
35017,0.16736458192624612,0.7032284209104417,0.12940699716331217,7403
35018,0.16925795053003534,0.72226148409894,0.10848056537102474,2830
35020,0.1496301814505401,0.695737774703347,0.15463204384611293,18793
35021,0.15666456096020215,0.7418403874499895,0.10149505158980839,4749
35022,0.16812485221092457,0.7174272877748877,0.11444786001418775,4229
35023,0.15981248668229278,0.7366290219475815,0.10355849137012572,4693
35024,0.15823307925429334,0.7002479566535036,0.14151896409220313,10889
35026,0.18280600830936403,0.7070949185043145,0.1100990731863215,6258
35027,0.15362985685071576,0.7018149284253579,0.14455521472392638,7824
35028,0.16666666666666666,0.7151314469195263,0.11820188641380694,9966
35029,0.1659919028340081,0.7235396182764604,0.11046847888953153,5187
35030,0.1508039548586837,0.6989913112953161,0.1502047338460002,10013
35032,0.16674064210682055,0.7342802189673029,0.0989791389258766,6759
35033,0.12122228879568604,0.688228480127821,0.1905492310764929,125175
35034,0.16391275611368142,0.7406917823309099,0.09539546155540868,4539
35035,0.1453668618670341,0.7344126765415088,0.12022046159145712,2903
35036,0.14443750557587653,0.7160317601927023,0.13953073423142118,11209
35037,0.15157448197095774,0.723935389133627,0.12449012889541523,6129
35038,0.15018636263977198,0.7434773076079807,0.10633632975224731,4561
35039,0.1562085993014573,0.7139588100686499,0.1298325906298928,8303
35040,0.15216832141571068,0.7176809506661865,0.13015072791810278,19439
35041,0.2011104256631709,0.7217766810610734,0.07711289327575571,3242
35042,0.22052704576976423,0.6927877947295423,0.08668515950069348,1442
35043,0.16596002422774075,0.7041187159297395,0.12992125984251968,3302
35044,0.13262599469496023,0.7483895414929898,0.11898446381205002,2639
35045,0.2336448598130841,0.6832814122533749,0.08307372793354102,2889
35046,0.21695226438188495,0.6936964504283966,0.08935128518971848,3268
36001,0.17314603070891865,0.7108787977785037,0.1159751715125776,3061
36002,0.14306804455777747,0.7417796268957187,0.11515232854650383,7451
36003,0.1632870864461046,0.7045281292880012,0.1321847842658942,6559
36004,0.16026711185308848,0.7287145242070117,0.11101836393989983,2396
36005,0.15498059984185653,0.6924477299056656,0.1525716702524779,54381
36006,0.144263612618043,0.7234076753064095,0.13232871207554753,24885
36007,0.13767165223475902,0.6897577188839324,0.1725706288813085,11433
36008,0.16299559471365638,0.7030598880819146,0.1339445172044291,8399
36009,0.1783625730994152,0.7019371345029239,0.11970029239766082,5472
36010,0.17937649880095924,0.7149480415667466,0.10567545963229416,6255
36011,0.16113360323886639,0.7311740890688259,0.1076923076923077,2470
36012,0.160339792938678,0.7110875143792584,0.12857269268206353,11301
36013,0.1748108448928121,0.7139817150063051,0.11120744010088272,12688
36014,0.1772406847935549,0.7210473313192346,0.10171198388721048,993
36015,0.1359075706901794,0.6920036485253876,0.17208878078443296,26312
36016,0.20187793427230047,0.7169684775318578,0.08115358819584172,1491
36017,0.18213828425096032,0.7013444302176697,0.11651728553137004,3124
36018,0.20220588235294118,0.6865808823529411,0.11121323529411764,2176
36019,0.16358258759290156,0.7115880479296224,0.12482936447747611,13186
36020,0.16620288388565646,0.7189476347078169,0.11484948140652669,3953
36021,0.15849969751966123,0.6969147005444646,0.14458560193587416,4959
36022,0.16149468484913562,0.6846343820466015,0.15387093310426286,18626
36023,0.13013566926610404,0.6338639034291208,0.23600042730477513,140415
36024,0.22868217054263565,0.6757105943152455,0.09560723514211886,774
36025,0.20927536231884059,0.7101449275362319,0.08057971014492754,1725
36026,0.19688922610015175,0.716236722306525,0.08687405159332322,2636
36027,0.1579208740274789,0.7096507200794571,0.13242840589306407,12082
36028,0.19921517331589275,0.7007194244604317,0.1000654022236756,7645
36029,0.19654556283502084,0.7063728409767719,0.09708159618820726,1679
36030,0.1531419364288853,0.7145891313900689,0.13226893218104585,13654
36031,0.15537383177570094,0.7342289719626168,0.11039719626168225,1712
36032,0.2376470588235294,0.6776470588235294,0.08470588235294117,1275
36033,0.1627511065713313,0.7419135171944161,0.09533537623425264,2937
36034,0.15702656383890318,0.7227934875749786,0.12017994858611825,4668
36035,0.20913884007029876,0.6783831282952548,0.11247803163444639,569
36036,0.1536484081471228,0.7144552105991695,0.13189638125370773,5057
36037,0.1623806024981631,0.7112417340191036,0.12637766348273327,8166
36038,0.20179372197309417,0.695814648729447,0.10239162929745889,2676
36039,0.1655793025871766,0.727334083239595,0.10708661417322834,4445
36040,0.16148883374689826,0.7079900744416874,0.13052109181141439,30225
36041,0.16851134477033758,0.725235196458218,0.10625345877144439,7228
36042,0.1512937595129376,0.7414003044140031,0.10730593607305935,6570
36043,0.17658442186744072,0.714078374455733,0.10933720367682633,2067
36044,0.1663596784996651,0.7102310783657066,0.12340924313462827,11944
36045,0.16722095198503428,0.7104552068177095,0.12232384119725628,9622
36046,0.1541827273674341,0.7059589540577144,0.13985831857485154,19198
36047,0.18326804700615557,0.717123670956911,0.09960828203693341,3574
37001,0.1540497617787189,0.7120169401799894,0.1339332980412917,9445
37002,0.1427442717935212,0.7158282854885436,0.14142744271793523,7594
37003,0.15825350036845984,0.7299189388356669,0.11182756079587325,5428
37005,0.14894101571396037,0.7030289227966294,0.14803006148941017,4391
37006,0.10337888075607621,0.5746641772549279,0.32195694198899594,302615
37007,0.14944421572663646,0.7249897076986415,0.1255660765747221,2429
37008,0.14153672475834334,0.6844704720242715,0.17399280321738517,14173
37009,0.13968915845337376,0.7107657316148598,0.14954510993176648,10552
37010,0.19147540983606556,0.7068852459016394,0.10163934426229508,1525
37011,0.13245557234333405,0.637671774947838,0.22987265270882798,27798
37012,0.1884393063583815,0.6982658959537572,0.11329479768786127,2595
37013,0.16441875401412973,0.7347463070006423,0.10083493898522801,1557
37014,0.14917695473251028,0.7181069958847737,0.13271604938271606,972
37015,0.16238003838771592,0.6944337811900192,0.14318618042226489,2605
37016,0.13129548762736537,0.7377001455604075,0.13100436681222707,3435
37017,0.1310914216673379,0.7402335884011276,0.12867498993153442,4966
37019,0.12446830764939683,0.6860051600306812,0.1895265323199219,14341
37020,0.14976647000983284,0.6857177974434612,0.164515732546706,16272
37021,0.13146397648740965,0.6624036857574073,0.2061323377551831,12589
37022,0.18249018249018248,0.7147147147147147,0.10279510279510279,4329
37024,0.14137433925997117,0.728207592503604,0.1304180682364248,10405
37025,0.15310154089292768,0.7013038324772817,0.14559462662979059,5062
37026,0.16370808678500987,0.7337278106508875,0.10256410256410256,1521
37027,0.17146666666666666,0.7098666666666666,0.11866666666666667,3750
37028,0.15893719806763285,0.729951690821256,0.1111111111111111,4140
37030,0.11912257540367624,0.692088961104905,0.1887884634914187,9847
37031,0.1547945205479452,0.7133561643835616,0.13184931506849315,2920
37032,0.12904178900522592,0.6771370007201817,0.19382121027459237,54153
37033,0.18324901630129287,0.6683530073074762,0.14839797639123103,1779
37034,0.14038686987104337,0.7198124267291911,0.13980070339976552,3412
37035,0.15433946130825138,0.7337893686760724,0.11187117001567622,7017
37036,0.15819430814524044,0.6957801766437685,0.14602551521099116,5095
37037,0.14885674288380774,0.7241406128480323,0.1270026442681599,12858
37038,0.1443727598566308,0.7185663082437276,0.13706093189964158,6975
37039,0.15676443553104372,0.7309267151332832,0.1123088493356731,11967
37040,0.16493462956754945,0.7314783774723432,0.10358699296010727,2983
37041,0.1202800169707255,0.7401357658039881,0.13958421722528638,4714
37042,0.12999290947766484,0.7163791065941858,0.1536279839281494,8462
37044,0.14472608340147178,0.7391659852820932,0.116107931316435,4892
37045,0.16352026651860077,0.7132148806218768,0.12326485285952249,3602
37046,0.13094245204336946,0.6882587341302938,0.18079881382633675,10791
37047,0.145351823317925,0.658008658008658,0.19663951867341697,13629
37048,0.1511461318051576,0.7029011461318052,0.14595272206303725,5584
37050,0.13857852265673495,0.7312228429546865,0.1301986343885785,6444
37051,0.17095873409866583,0.7223084083152342,0.1067328575860999,3223
37052,0.13462080631519593,0.707640259374119,0.15773893431068509,7094
37053,0.13583051318900374,0.7001066246349266,0.16406286217606972,21571
37054,0.12248341901809191,0.6268592284447235,0.2506573525371846,25481
37055,0.13860871373609235,0.7122803369034002,0.14911094936050742,9617
37056,0.14077931405997485,0.7234692045250494,0.13575148141497576,5569
37057,0.14117851858299243,0.679780659761511,0.17904082165549656,11489
37059,0.17318930405525057,0.7177262263148575,0.10908446962989198,5647
37060,0.13260666042530428,0.6780794436271231,0.18931389594757256,14954
37061,0.1451559389515594,0.7123009289980093,0.14254313205043131,24112
37062,0.14927091327705294,0.7133537989255564,0.13737528779739064,5212
38001,0.2013947336780089,0.6863652759408441,0.11223999038114704,16634
38003,0.20291306326809286,0.6798361401911698,0.11725079654073738,10985
38004,0.1463469888616198,0.709911270530489,0.14374174060789127,26485
38005,0.23689320388349513,0.6715210355987055,0.09158576051779935,9270
38006,0.20784925726836598,0.7129067683948904,0.07924397433674354,17301
38007,0.2164283493938452,0.670578178427106,0.1129934721790488,12868
38008,0.142866843871869,0.6225820220795095,0.2345511340486215,103082
38010,0.2664796633941094,0.664796633941094,0.06872370266479663,2139
38011,0.2205955334987593,0.7148883374689826,0.06451612903225806,4030
38012,0.20404901438465636,0.6723494938732019,0.12360149174214172,1877
38014,0.26390709870762313,0.6722232627832927,0.0638696385090841,5339
38017,0.2398408043569334,0.6782572266443234,0.08190196899874319,4774
38018,0.1641529760301643,0.7242122273094532,0.11163479666038244,7426
38019,0.20192410475681455,0.6905398182789952,0.10753607696419028,9355
38022,0.1819093797023909,0.6829961544892158,0.13509446580839324,5981
38023,0.21740569159497022,0.6518861681005956,0.13070814030443414,3022
38025,0.2680995475113122,0.6957013574660633,0.03619909502262444,2652
38027,0.24312256949445485,0.6757885640213165,0.08108886648422872,6943
38028,0.18112613203832523,0.702323139519622,0.11655072844205276,7619
38029,0.24861970888405555,0.666220511962523,0.08515977915342145,5977
38030,0.2024621527200133,0.6945599733821327,0.10297787389785393,6011
39001,0.18152385063673646,0.7064537017051586,0.1120224476581049,9266
39002,0.17082886471579592,0.6851539757928604,0.14401715949134364,13054
39003,0.15717415115005476,0.7135815991237678,0.12924424972617743,1826
39004,0.18786726581403387,0.6921880400967854,0.11994469408918078,5786
39005,0.17937649880095924,0.7247002398081535,0.09592326139088729,2085
39006,0.15154807170016296,0.7093970668115155,0.13905486148832155,7364
39007,0.14755031510469607,0.6982313478349258,0.15421833706037813,24595
39008,0.18876624283917842,0.7156629872851753,0.09557076987564622,7157
39009,0.16195372750642673,0.7000856898029134,0.1379605826906598,5835
39010,0.13874140482200364,0.6762555487857951,0.18500304639220125,45956
39011,0.19443556124080588,0.6992324912056284,0.10633194755356572,6254
39012,0.15111039588027037,0.681525587383328,0.16736401673640167,24856
39013,0.16408902301018483,0.7189739720860053,0.11693700490380989,7953
39014,0.13673281146691263,0.6892554832706168,0.1740117052624705,122509
39015,0.14618834080717488,0.7304932735426009,0.12331838565022421,4460
39016,0.15857068876229932,0.7088555152770585,0.13257379596064214,9655
39017,0.14536453645364536,0.7092709270927092,0.14536453645364536,2222
39018,0.19040697674418605,0.6886627906976744,0.12093023255813953,3440
40001,0.17434210526315788,0.7131578947368421,0.1125,4560
40003,0.14636702375407545,0.7154168607359106,0.13821611551001398,8588
40004,0.12744651797906237,0.7783340919435594,0.09421939007737824,2197
40005,0.15366146458583432,0.7100840336134454,0.1362545018007203,4998
40007,0.14967107448999933,0.663672004784371,0.18665692072562962,75245
40008,0.15475456485653308,0.7047664216267489,0.14047901351671804,21085
40009,0.17055909412597312,0.7413305024769993,0.0881104033970276,2826
40011,0.17765273311897106,0.7218649517684887,0.10048231511254019,1244
40012,0.14383920960020985,0.6652167260486568,0.19094406435113337,91498
40013,0.16666666666666666,0.6906187624750499,0.14271457085828343,10020
40014,0.18506315211422295,0.6831411312465678,0.13179571663920922,1821
40015,0.17538536230125015,0.7083383905813813,0.11627624711736861,8239
40016,0.14498551524348186,0.7341702303766037,0.12084425437991447,7249
40018,0.16663651166998372,0.7137687714854352,0.11959471684458114,5527
40019,0.1669449081803005,0.7119558238089123,0.12109926801078721,7787
40020,0.1695012421173323,0.7187081979743932,0.11179055990827441,5233
40022,0.16873020443420675,0.7307803052116326,0.10048949035416067,3473
40028,0.1834795321637427,0.672514619883041,0.1440058479532164,1368
40031,0.20695652173913043,0.711304347826087,0.0817391304347826,575
40032,0.16795288383428109,0.7201462225832657,0.1119008935824533,4924
40033,0.17455138662316477,0.6998368678629691,0.12561174551386622,613
40036,0.17801753202966958,0.7127444369521241,0.10923803101820634,1483
40037,0.14391691394658754,0.7399851632047477,0.11609792284866469,2696
40041,0.1625642123287671,0.7194991438356164,0.11793664383561644,9344
40043,0.173053152039555,0.7184796044499382,0.1084672435105068,3236
40044,0.20290936217829167,0.701976874300634,0.09511376352107423,2681
40045,0.16383763837638377,0.7084870848708487,0.12767527675276752,13550
40046,0.197751873438801,0.7164862614487927,0.08576186511240633,2402
40049,0.22483940042826553,0.6723768736616702,0.10278372591006424,934
40050,0.19876203576341128,0.7132049518569463,0.08803301237964237,1454
41001,0.1664576802507837,0.6981191222570533,0.135423197492163,3190
41002,0.22349570200573066,0.664756446991404,0.11174785100286533,1396
41005,0.16764132553606237,0.7134502923976608,0.1189083820662768,513
41006,0.24078624078624078,0.6265356265356266,0.13267813267813267,407
41007,0.1762825635288477,0.6977784880933354,0.12593894837781686,6257
41008,0.18835192069392812,0.6976456009913259,0.11400247831474597,1614
41009,0.17548076923076922,0.6899038461538461,0.1346153846153846,1248
41010,0.1567760584934535,0.7252167998639687,0.11800714164257779,5881
41013,0.1324833582688263,0.651727053925714,0.2157895878054598,46119
41014,0.14750613246116107,0.6750613246116108,0.17743254292722813,6115
41015,0.17349432226534425,0.6682478079632025,0.1582578697714532,6957
41016,0.2290748898678414,0.6358296622613803,0.13509544787077826,681
41017,0.21052631578947367,0.6507177033492823,0.13875598086124402,209
41018,0.16341212744090441,0.7389516957862282,0.09763617677286741,973
41019,0.16136919315403422,0.6968215158924206,0.14180929095354522,4499
41020,0.10443722943722944,0.7532467532467533,0.1423160173160173,3696
41021,0.15348837209302327,0.6837209302325581,0.16279069767441862,430
41022,0.2048780487804878,0.6907317073170731,0.10439024390243902,1025
41023,0.1649763353617309,0.6889790398918187,0.1460446247464503,1479
41025,0.21226874391431352,0.6445959104186952,0.14313534566699124,1027
41026,0.15508684863523572,0.728287841191067,0.11662531017369727,806
41027,0.15126582278481013,0.720253164556962,0.12848101265822784,1580
41028,0.19017543859649122,0.6687719298245614,0.14105263157894737,2850
41029,0.16388481291269258,0.7042369772560528,0.1318782098312546,10904
41030,0.19313524590163936,0.6982581967213115,0.10860655737704918,1952
41031,0.2021505376344086,0.7032258064516129,0.09462365591397849,465
41034,0.18924403855910704,0.702181633688483,0.10857432775240994,1971
41035,0.21328671328671328,0.6736596736596736,0.11305361305361306,858
41036,0.12638580931263857,0.7603305785123967,0.11328361217496473,4961
41038,0.16793168880455409,0.7058823529411765,0.12618595825426945,2108
41041,0.1442687747035573,0.7272727272727273,0.12845849802371542,506
41043,0.18896285162121537,0.6839166845608761,0.12712046381790854,4657
41044,0.13331165664119654,0.6539180621037229,0.21277028125508046,73812
41045,0.2045097011012061,0.6963817514420556,0.09910854745673833,1907
41047,0.19827012641383898,0.6859614105123087,0.1157684630738523,1503
41048,0.2608695652173913,0.6630434782608695,0.07608695652173914,460
41049,0.16808510638297872,0.6985815602836879,0.13333333333333333,1410
41051,0.17083692838654013,0.6911130284728214,0.13805004314063848,3477
41054,0.21751527494908351,0.6822810590631364,0.10020366598778004,2455
41057,0.15086646279306828,0.7054026503567788,0.1437308868501529,2943
41058,0.1834862385321101,0.6880733944954128,0.12844036697247707,1090
41061,0.2285336856010568,0.6737120211360634,0.0977542932628798,757
41064,0.17147435897435898,0.7227564102564102,0.10576923076923077,624
41065,0.1413685307398402,0.7511288641889545,0.10750260507120528,5758
41066,0.15680933852140078,0.6859922178988327,0.15719844357976653,5140
41067,0.13958852292646923,0.589168742503921,0.27124273456960973,10839
41068,0.15040841235564736,0.7324194911275936,0.11717209651675899,10651
41069,0.1552464947987336,0.717209407507915,0.12754409769335143,8844
41070,0.20133070478068013,0.6880236569738788,0.1106456382454411,4058
41071,0.17500683620453925,0.6852611430133989,0.1397320207820618,3657
42001,0.14285714285714285,0.6896156052782558,0.16752725186460127,3486
42002,0.12788234663234663,0.6397871085371085,0.23233054483054483,74592
42003,0.21993127147766323,0.6669530355097365,0.11311569301260023,3492
42004,0.21121121121121122,0.6596596596596597,0.12912912912912913,999
42005,0.2191780821917808,0.6450809464508095,0.1357409713574097,1606
42006,0.17177580264828587,0.6720478868129874,0.15617631053872666,5513
42007,0.13507741591030434,0.7148958889482114,0.15002669514148426,1873
42008,0.14613259668508288,0.7091160220994475,0.14475138121546963,3620
42010,0.16293397115314923,0.7042835398999783,0.1327824889468725,13797
42011,0.2075623491552695,0.6580852775543041,0.13435237329042637,1243
42012,0.18027613412228796,0.696646942800789,0.12307692307692308,2535
42013,0.1511164274322169,0.7145135566188198,0.1343700159489633,2508
42014,0.16281453867660764,0.6724137931034483,0.16477166821994407,10730
42015,0.19941814334832056,0.6802433218725205,0.12033853477915896,3781
42016,0.22399527186761228,0.6276595744680851,0.1483451536643026,3384
42017,0.15145133229557733,0.6574031682080396,0.19114549949638313,21842
42018,0.16135990139687756,0.6562756778964667,0.1823644207066557,19472
42019,0.211,0.6821428571428572,0.10685714285714286,7000
42020,0.19333333333333333,0.674074074074074,0.1325925925925926,1350
42021,0.15496221662468515,0.635600335852225,0.20943744752308985,29775
42022,0.1618705035971223,0.6688591983556013,0.16927029804727647,9730
42023,0.1946730186227804,0.6593763533997401,0.14595062797747943,4618
42024,0.17161290322580644,0.7109677419354838,0.11741935483870967,775
42025,0.13415605095541402,0.6847133757961783,0.18113057324840764,2512
42026,0.2044975404075896,0.6676036542515812,0.12789880534082923,1423
42027,0.14577141313158606,0.6781950824101595,0.17603350445825452,7402
42029,0.16170407695831424,0.6811726981218507,0.1571232249198351,2183
42030,0.13615852462232686,0.7039434961742201,0.159897979203453,5097
42031,0.18,0.6578571428571428,0.16214285714285714,1400
42032,0.12838709677419355,0.6661290322580645,0.20548387096774193,3100
42033,0.15096774193548387,0.6638709677419354,0.18516129032258064,1550
42034,0.16165775195289953,0.6602916843036903,0.17805056374341016,25987
42035,0.1833710640049393,0.6682444947520065,0.14838444124305414,4859
42036,0.23030056864337936,0.6632818846466287,0.10641754670999187,2462
42037,0.18962075848303392,0.7065868263473054,0.10379241516966067,501
42038,0.12980053587377197,0.7002083953557606,0.1699910687704674,3359
42040,0.19075568598679385,0.6786500366837858,0.1305942773294204,1363
42041,0.16613621896880967,0.6473583704646722,0.18650541056651815,1571
42042,0.1921921921921922,0.6816816816816816,0.12612612612612611,666
42043,0.2101037136165942,0.6831716293074607,0.10672465707594513,2989
42044,0.19911333847340015,0.6734772552043177,0.12740940632228218,5188
42045,0.1495971715064047,0.6336579145655828,0.2167449139280125,34506
42046,0.1970192657215558,0.6873864049436569,0.11559432933478735,2751
42047,0.19709127382146438,0.6690070210631895,0.13390170511534605,1994
42048,0.13701996927803378,0.6583717357910907,0.20460829493087557,3255
42049,0.225,0.6298780487804878,0.14512195121951219,1640
42050,0.16568888888888889,0.7128888888888889,0.12142222222222222,5625
43002,0.23333333333333334,0.6320987654320988,0.1345679012345679,1620
43003,0.21211150272348606,0.6545978852931753,0.13329061198333866,3121
43004,0.16910688140556368,0.6954612005856515,0.13543191800878476,1366
43005,0.14678899082568808,0.7798165137614679,0.07339449541284404,109
43006,0.15314569536423842,0.6821192052980133,0.16473509933774835,1208
43007,0.13936481404095277,0.5773088173840367,0.2833263685750104,4786
43008,0.24,0.6053333333333333,0.15466666666666667,375
43009,0.1640932485619134,0.6724190130184681,0.16348773841961853,3303
43010,0.2328042328042328,0.6878306878306878,0.07936507936507936,189
43011,0.23780487804878048,0.6646341463414634,0.0975609756097561,328
43012,0.2105192539916812,0.6655038239635046,0.12397692204481417,7453
43013,0.1476348493721127,0.6653978788470297,0.18696727178085756,30738
43014,0.18312985571587126,0.6470588235294118,0.16981132075471697,901
43015,0.19212137830180057,0.6740700118819121,0.13380860981628737,10941
43016,0.20404172099087353,0.6942633637548892,0.1016949152542373,1534
43017,0.2219959266802444,0.6720977596741344,0.10590631364562118,491
43019,0.17578125,0.677734375,0.146484375,1024
43020,0.1794871794871795,0.6871794871794872,0.13333333333333333,390
43021,0.26903553299492383,0.5803722504230119,0.1505922165820643,591
43022,0.24088838268792712,0.5962414578587699,0.16287015945330297,1756
43023,0.14138236161636025,0.6067905482908924,0.25182709009274734,30513
43024,0.1652330743618202,0.6890954495005549,0.14567147613762485,7208
43025,0.2132616487455197,0.6364994026284349,0.1502389486260454,3348
43026,0.17770628311884937,0.6835730507191522,0.1387206661619985,5284
43027,0.26436781609195403,0.6896551724137931,0.04597701149425287,87
43028,0.16847622613253463,0.6903781355297641,0.14114563833770125,5342
43029,0.2037989711119905,0.6814404432132964,0.1147605856747131,2527
43030,0.19509390571100038,0.6339593714066692,0.1709467228823304,2609
43031,0.23432039727791062,0.6507265035865367,0.1149530991355527,5437
43032,0.18864097363083165,0.6592292089249493,0.15212981744421908,493
43033,0.19349571370254456,0.6902979997278541,0.1162062865696013,7349
43034,0.15955766192733017,0.7030015797788309,0.13744075829383887,633
43035,0.2216142270861833,0.6238030095759234,0.1545827633378933,731
43036,0.2,0.6577464788732394,0.14225352112676057,1420
43038,0.19164882226980728,0.7248394004282656,0.0835117773019272,934
43039,0.15013404825737264,0.6863270777479893,0.16353887399463807,746
43040,0.25274725274725274,0.6538461538461539,0.09340659340659341,182
43041,0.19114267808648422,0.6548986839356591,0.1539586379778567,4787
43042,0.11381116932337532,0.690558466168766,0.19563036450785865,8971
43043,0.16872676981588727,0.6872676981588729,0.14400553202523986,11569
43044,0.1671749904689287,0.6478586859829711,0.18496632354810014,15738
43045,0.2089783281733746,0.6408668730650154,0.15015479876160992,646
43046,0.20224269122947536,0.644373247897477,0.15338406087304765,2497
43047,0.1886488229603354,0.6504353434376008,0.16091583360206385,9303
43048,0.22764227642276422,0.6300813008130082,0.14227642276422764,984
43049,0.15699658703071673,0.6697952218430034,0.17320819112627986,2344
43050,0.22549019607843138,0.630718954248366,0.1437908496732026,306
43051,0.16023738872403562,0.6691394658753709,0.17062314540059348,674
43052,0.17693315858453473,0.7365661861074705,0.08650065530799476,763
43053,0.17125558598817933,0.6720484359233098,0.15669597808851088,13874
43054,0.21669753526143326,0.654936600655364,0.12836586408320275,7019
43055,0.20112878399179066,0.6670087224217548,0.1318624935864546,1949
43056,0.1601423487544484,0.6548042704626335,0.18505338078291814,281
43057,0.19416243654822335,0.6560913705583756,0.14974619289340102,788
43058,0.1774193548387097,0.7126099706744868,0.10997067448680352,682
44001,0.23967726625533933,0.65828191741813,0.10204081632653061,2107
44002,0.15173945225758698,0.7017024426350851,0.14655810510732792,2702
44005,0.1947449768160742,0.7102009273570324,0.09505409582689335,1294
44006,0.257985257985258,0.6474201474201474,0.0945945945945946,814
44007,0.1328107248352647,0.6564701204271757,0.21071915473755964,35208
44010,0.23390275952693823,0.6281208935611038,0.13797634691195795,761
44011,0.1504569190600522,0.7090404699738904,0.14050261096605743,6128
44012,0.17556874381800197,0.6651829871414441,0.15924826904055392,2022
44013,0.2163265306122449,0.6513119533527697,0.13236151603498542,1715
44014,0.15239477503628446,0.6973875181422351,0.15021770682148042,2756
44015,0.16636690647482014,0.7171762589928058,0.1164568345323741,2224
44016,0.1925287356321839,0.6666666666666666,0.14080459770114942,696
44017,0.1732817037754114,0.6519845111326235,0.17473378509196516,4132
44020,0.12087912087912088,0.7150706436420722,0.1640502354788069,6370
44021,0.22319474835886213,0.6652078774617067,0.11159737417943107,914
44023,0.1366416817437753,0.6613250624623073,0.20203325579391745,11607
44027,0.1595873786407767,0.7026699029126213,0.13774271844660194,1648
44029,0.19934906427990237,0.6566314076484947,0.14401952807160293,1229
44031,0.16510432416087087,0.7175687934684004,0.11732688237072876,3307
44032,0.19910657306955967,0.6636885768985322,0.1372048500319081,1567
44034,0.22802197802197802,0.6785714285714286,0.09340659340659341,364
44036,0.2288135593220339,0.6290743155149935,0.1421121251629726,1534
44038,0.22598870056497175,0.6779661016949152,0.096045197740113,354
44044,0.2423469387755102,0.6428571428571429,0.11479591836734694,392
44045,0.16365418118466898,0.7087325783972126,0.12761324041811847,9184
44054,0.18377795742387495,0.6502290487739154,0.16599299380220964,3711
44056,0.2125984251968504,0.6929133858267716,0.09448818897637795,127
44063,0.17802412781219432,0.6671014020215194,0.15487447016628628,3067
44064,0.17626404494382023,0.7289325842696629,0.09480337078651685,1424
44065,0.21865443425076453,0.6758409785932722,0.10550458715596331,654
44066,0.13005402331532556,0.6556440147853284,0.21430196189934603,35170
44071,0.14473684210526316,0.7265446224256293,0.12871853546910755,5244
44073,0.21777476255088196,0.6261872455902306,0.1560379918588874,1474
45001,0.15564950038431977,0.7330258775301051,0.1113246220855752,7806
45002,0.21551081282624907,0.6621923937360179,0.12229679343773303,1341
45003,0.13164509822176707,0.702983893492226,0.1653710082860069,42964
45004,0.22428571428571428,0.6614285714285715,0.11428571428571428,700
45005,0.17929759704251386,0.7079482439926063,0.11275415896487985,541
45006,0.2032054951345163,0.67830566685747,0.11848883800801374,1747
45007,0.20961642355483523,0.6713488204574104,0.11903475598775437,5553
45008,0.16178194607268465,0.690504103165299,0.1477139507620164,3412
45009,0.15235929505400797,0.7433200682205798,0.10432063672541217,3518
45010,0.13592880515203934,0.7098851628769721,0.1541860319709885,47981
45011,0.14808698045692265,0.7173135150013763,0.13459950454170108,7266
45012,0.18663721700717836,0.6979569298729983,0.1154058531198233,1811
45013,0.14682539682539683,0.7566137566137566,0.09656084656084656,1512
45014,0.1716189447145687,0.6655861696380335,0.1627948856473978,5553
45015,0.1941544885177453,0.7125956854558108,0.09324982602644398,1437
45016,0.15125804564072556,0.7165008777062609,0.13224107665301346,3418
45017,0.33290978398983484,0.602287166454892,0.06480304955527319,787
46001,0.17213266629609042,0.7358717806188624,0.09199555308504725,10794
46002,0.211669921875,0.708251953125,0.080078125,4096
46003,0.15835900308036965,0.7069448333800056,0.13469616353962474,7142
46004,0.1932386477295459,0.705741148229646,0.10102020404080816,4999
46005,0.16232771822358347,0.6989110090182066,0.13876127275820996,23508
46006,0.2121982210927573,0.6645489199491741,0.12325285895806862,1574
46007,0.173172024019781,0.7000470976097963,0.1267808783704227,33972
46008,0.27,0.6375,0.0925,400
46009,0.1649436090225564,0.6992481203007519,0.13580827067669174,4256
46010,0.20125293657008614,0.7188723570869224,0.07987470634299139,1277
46011,0.18687279631136425,0.7282343368592351,0.0848928668294006,3687
46013,0.14005285013212532,0.6611929029822574,0.19875424688561721,5298
46014,0.21515892420537897,0.6699266503667481,0.11491442542787286,409
46015,0.18631461509854966,0.7404239494235776,0.07326143547787281,2689
46017,0.12689680188622213,0.6726769844628498,0.200426213650928,66164
46018,0.1608940669917052,0.7231051731779903,0.11600075983030457,15793
46019,0.25760792639773533,0.6645435244161358,0.07784854918612881,1413
46020,0.1853720050441362,0.7061790668348046,0.10844892812105927,793
46021,0.16490024937655862,0.7023067331670823,0.1327930174563591,3208
46022,0.19895707982350583,0.7111913357400722,0.08985158443642198,2493
46023,0.18226906385616862,0.7216367017978921,0.09609423434593925,1613
46024,0.14952076677316295,0.6972988672669184,0.15318036595991869,17215
46025,0.1791215059897319,0.6948088990302339,0.12606959498003423,1753
46026,0.1612231828370157,0.7409542106948447,0.0978226064681396,6246
46027,0.14485514485514486,0.7132867132867133,0.14185814185814186,1001
46028,0.16543798785776237,0.7238725065047702,0.11068950563746748,9224
46030,0.21608757734412185,0.7120418848167539,0.07187053783912423,2101
46031,0.24132730015082957,0.698340874811463,0.06033182503770739,663
46033,0.12874324714879615,0.6942709143860741,0.17698583846512972,44981
46034,0.2250686184812443,0.7008234217749314,0.07410795974382434,1093
46035,0.23516483516483516,0.6692307692307692,0.0956043956043956,910
46036,0.2611111111111111,0.6648148148148149,0.07407407407407407,540
46037,0.2165206508135169,0.718397997496871,0.06508135168961202,799
47002,0.21457865820629884,0.6935696045809796,0.09185173721272151,12923
47003,0.17415201005025124,0.6934673366834171,0.13238065326633167,6368
47005,0.21311176040905772,0.6977720964207451,0.08911614317019723,5476
47006,0.22139830508474576,0.690042372881356,0.08855932203389831,4720
47007,0.1685582177385456,0.7137452711223203,0.1176965111391341,2379
47008,0.1696763811907742,0.7112462006079028,0.11907741820132309,5593
47009,0.2049800796812749,0.697476759628154,0.09754316069057105,15060
47010,0.21334847337875346,0.6882412313903609,0.0984102952308857,7926
47011,0.14876373626373626,0.6837225274725275,0.16751373626373625,14560
47012,0.18564517293667412,0.6856812766264713,0.12867355043685463,13849
47013,0.18432424377887052,0.6998956936373119,0.11578006258381761,6711
47014,0.1669187946266489,0.6675087740530073,0.1655724313203437,66104
47016,0.19718309859154928,0.7051748694413673,0.0976420319670834,6319
47017,0.19073812143119073,0.7077898266017077,0.10147205196710148,19089
47018,0.20419847328244276,0.7156488549618321,0.08015267175572519,1048
47020,0.1778063911974716,0.702680557181318,0.11951305162121034,8543
47021,0.13714713964526606,0.7219585311016737,0.1408943292530602,4003
47022,0.19416873449131514,0.7168114143920595,0.0890198511166253,3224
47023,0.20905035054174634,0.698534098151689,0.09241555130656469,1569
47024,0.2099598393574297,0.6959036144578313,0.09413654618473896,6225
48001,0.15232340070848094,0.6470097937070223,0.20066680558449676,19196
48002,0.1658500734933856,0.7130083292503675,0.12114159725624694,8164
48004,0.1531871642224481,0.6979091041091913,0.14890373166836068,13774
48005,0.1729662806787561,0.6861117180103415,0.14092200131090235,13731
48006,0.1836716835841792,0.7010558861276397,0.11527243028818107,34284
48008,0.17900380491179524,0.6649948114839156,0.15600138360428917,5782
48010,0.20082605985037408,0.6816552369077307,0.11751870324189526,12832
48011,0.22414427677585572,0.67108330266225,0.10477242056189424,8151
48012,0.20624736175601519,0.6675390460109751,0.1262135922330097,11845
48013,0.17481662591687042,0.7237163814180929,0.10146699266503667,4090
48014,0.17281354619151704,0.6577207204714606,0.1694657333370224,36143
48015,0.15129863860191176,0.6118567152650382,0.23684464613305012,10357
48017,0.12015980108472801,0.6015769269916973,0.27826327192357464,275092
48018,0.20463096960926194,0.696671490593343,0.09869753979739508,3455
48019,0.1984774333877107,0.687994683100719,0.1135278835115703,16551
48020,0.1923281832711774,0.690463505594033,0.11720831113478956,3754
48021,0.16154754873006497,0.6910809214412286,0.14737152982870644,10158
48022,0.16118539934947596,0.6464582580411998,0.1923563426093242,11068
48024,0.18579865589573008,0.6843391487339624,0.12986219537030752,14731
48025,0.1380345086271568,0.7314328582145536,0.13053263315828958,1333
48026,0.1998288403936671,0.7056054771074026,0.09456568249893026,2337
48027,0.18631732168850074,0.6823144104803494,0.13136826783114994,2748
48028,0.16690814256737177,0.698251714478895,0.13484014295373323,10353
48030,0.1591482490665052,0.6901806438591179,0.15067110707437684,9909
48031,0.20624303232998886,0.6800445930880713,0.11371237458193979,897
48032,0.17191734417344173,0.684620596205962,0.14346205962059622,5904
48033,0.17699404567166133,0.6708761368841196,0.15212981744421908,15283
48035,0.1659406260083898,0.696918360761536,0.13714101323007422,12396
48036,0.1450381679389313,0.6895674300254453,0.16539440203562342,6288
48037,0.17749632892804698,0.7087004405286343,0.11380323054331865,5448
48038,0.17374151806848667,0.65448950607543,0.17176897585608333,12674
48039,0.1694915254237288,0.7312348668280871,0.09927360774818401,826
48041,0.1795055061414655,0.6681226175349428,0.1523718763235917,37776
48043,0.15866147023249563,0.6521972853111141,0.18914124445639027,37205
48044,0.17412898984734498,0.7050617193776934,0.12080929077496165,13691
48046,0.1303030303030303,0.6424242424242425,0.22727272727272727,3960
48049,0.16553325592967325,0.7065848399402886,0.12788190413003814,6029
48050,0.20113595384060584,0.6589433826181031,0.139920663541291,11092
48052,0.1746496668963933,0.680737422467264,0.14461291063634274,17412
48053,0.15897039328325233,0.710340256296951,0.13068935041979673,9052
48054,0.1718613775065388,0.6741499564080209,0.1539886660854403,9176
49001,0.17242765273311897,0.72508038585209,0.102491961414791,2488
49002,0.189410201369723,0.706327302463457,0.10426249616682,9783
49003,0.15235309758043072,0.7287955331028981,0.1188513693166711,3761
49004,0.12399732620320855,0.7396390374331551,0.13636363636363635,2992
49005,0.09836065573770492,0.7049180327868853,0.19672131147540983,305
49006,0.1941125036432527,0.7022733896823083,0.10361410667443893,6862
49007,0.15288411241618716,0.6968947643730087,0.15022112321080414,21029
49008,0.15571837628431867,0.7320195384874516,0.11226208522822975,11874
49009,0.13388027084154336,0.6922670440296635,0.17385268512879304,111652
49010,0.1581145584725537,0.7195704057279236,0.12231503579952267,1676
49011,0.13890634820867379,0.7492143306096795,0.11187932118164676,1591
49012,0.16477295539406592,0.6966716184205244,0.13855542618540972,24907
49013,0.12361111111111112,0.7604166666666666,0.11597222222222223,2880
49014,0.13114399913578914,0.7124338338554608,0.15642216700875014,9257
49017,0.16267837541163557,0.6927332601536773,0.14458836443468714,22775
49018,0.17807949626131445,0.6814246359700905,0.14049586776859505,5082
49019,0.16809116809116809,0.6894586894586895,0.14245014245014245,351
49020,0.18741865509761388,0.6997830802603037,0.11279826464208242,2305
49021,0.13396946564885495,0.7385496183206107,0.12748091603053435,2620
50001,0.15464587394411955,0.6929824561403509,0.15237166991552956,6156
50002,0.1860965121834687,0.6989966555183946,0.11490683229813664,4186
50003,0.12089584692324418,0.6236138290932811,0.25549032398347465,4599
50004,0.1524649036891936,0.69071716182392,0.1568179344868865,9189
50005,0.18433079434167574,0.6794341675734494,0.13623503808487486,4595
50006,0.15006002400960383,0.6818727490996399,0.16806722689075632,833
50008,0.1564270017642143,0.6621993871676622,0.18137361106812344,32309
50009,0.198766851290626,0.7044623262618873,0.09677082244748668,9569
50010,0.17701641684511063,0.6987865810135617,0.12419700214132762,1401
50011,0.2175703500343171,0.6424159231297186,0.1400137268359643,1457
50012,0.21902874132804756,0.6798810703666998,0.10109018830525272,1009
50014,0.16586980507539537,0.7083486575947039,0.1257815373299007,2719
50015,0.18161180476730987,0.6435868331441543,0.17480136208853575,881
50016,0.2198019801980198,0.6663366336633664,0.11386138613861387,1010
50019,0.23322932917316694,0.6677067082683308,0.09906396255850235,1282
50020,0.13081215127092374,0.7222566646001239,0.14693118412895226,1613
50021,0.1951219512195122,0.6810506566604128,0.12382739212007504,533
50022,0.19257711687354062,0.7019786161976158,0.10544426692884355,8137
50023,0.21443298969072164,0.6927835051546392,0.09278350515463918,485
50024,0.19222782557104717,0.6870364876891131,0.12073568673983981,3371
50025,0.20602443876101165,0.6669508383063371,0.12702472293265132,3519
50026,0.1149670651378385,0.5676079531593071,0.3174249817028544,65584
50027,0.21756487025948104,0.6721556886227545,0.11027944111776447,4008
50028,0.17191924728236047,0.6864894491641546,0.14159130355348498,10947
50029,0.1542281430549587,0.6660936828534594,0.1796781740915819,20943
50030,0.16288832913518053,0.7103274559193955,0.12678421494542402,1191
50031,0.1440763714750781,0.6334081210681448,0.2225155074567771,22731
50032,0.1982051903953432,0.6690274072277468,0.13276740237691,20615
50033,0.19466693703741256,0.7078982054141741,0.09743485754841326,9863
50034,0.17324738114423852,0.6857373086220789,0.14101531023368252,1241
50035,0.20283362850296907,0.699239504115012,0.09792686738201896,9599
50036,0.18330252618607518,0.7054836722119532,0.11121380160197165,3246
50037,0.16247139588100687,0.6919908466819222,0.14553775743707092,8740
50038,0.15613560401082285,0.6662422409676906,0.17762215502148654,6283
50039,0.16880424925508486,0.6701645290840782,0.1610312216608369,7719
50040,0.1761048943144569,0.6924381146151237,0.13145699107041936,8847
50041,0.17792792792792791,0.6959459459459459,0.12612612612612611,3996
51001,0.18226833294034425,0.6738976656448951,0.14383400141476066,4241
51002,0.13739006742986884,0.671631583986432,0.1909783485836992,73113
51003,0.20918367346938777,0.6836734693877551,0.10714285714285714,784
51004,0.15584561719365364,0.691346911218634,0.15280747158771238,8887
51005,0.186380865246373,0.6993857012155273,0.11423343353809959,7651
51006,0.14868287740628167,0.7282168186423505,0.12310030395136778,3948
51007,0.2109744560075686,0.6764427625354777,0.11258278145695365,1057
51008,0.17665063401836467,0.724529951902055,0.09881941407958024,2287
51010,0.2089783281733746,0.6805985552115583,0.11042311661506708,1938
51011,0.16007416563658838,0.7107540173053152,0.1291718170580964,1618
51012,0.15939942410530647,0.7016659810777458,0.13893459481694775,9724
51013,0.15272675897146087,0.7230856174060469,0.12418762362249224,7078
51014,0.1984848484848485,0.693939393939394,0.10757575757575757,660
51015,0.19699042407660738,0.6976744186046512,0.10533515731874145,1462
51016,0.17296576256113827,0.7114273010226767,0.11560693641618497,6747
51017,0.1673683568246995,0.6807614863628043,0.1518701568124962,16389
51018,0.1783735210423843,0.7193350307024112,0.10229144825520443,6677
51020,0.1708677225072496,0.693731875975909,0.1354004015168414,4483
51021,0.17192848992012172,0.695701787751997,0.13236972232788133,2629
51022,0.16614420062695925,0.7072884012539185,0.12656739811912227,2552
51023,0.24213075060532688,0.6440677966101694,0.11380145278450363,413
51024,0.17288378766140602,0.6865136298421808,0.1406025824964132,1394
51025,0.16985428051001822,0.6986945962355798,0.13145112325440195,6588
51026,0.16368830877821972,0.6869082964539802,0.14940339476780012,17851
51027,0.1526479750778816,0.7305295950155763,0.11682242990654206,642
51030,0.16266094420600857,0.6914163090128755,0.1459227467811159,2330
51031,0.15952866530704737,0.6888737820077045,0.15159755268524813,4413
51033,0.16847649918962723,0.6746353322528363,0.15688816855753646,12340
51034,0.14361613813714097,0.684791632077038,0.17159222978582103,12046
51035,0.19281045751633988,0.710239651416122,0.09694989106753812,918
51037,0.17288135593220338,0.7023305084745762,0.12478813559322034,4720
51038,0.2073976221928666,0.6723910171730515,0.1202113606340819,757
51039,0.16430376964501595,0.7016155621496868,0.1340806682052973,9099
51040,0.1656245842756419,0.7087934016229879,0.12558201410137024,7517
51041,0.1444154612283614,0.7038178800094854,0.1517666587621532,4217
51042,0.1902654867256637,0.7011263073209976,0.1086082059533387,4972
52001,0.19077177736395615,0.68135733498862,0.12787088764742396,4833
52002,0.17348130841121495,0.6643302180685359,0.16218847352024923,5136
52003,0.16302447552447552,0.701048951048951,0.13592657342657344,2288
52004,0.1681260945709282,0.6837127845884413,0.14816112084063046,2855
52005,0.16458622283865001,0.6754507628294036,0.15996301433194637,2163
52006,0.13009450679267573,0.6357058476077968,0.23419964559952747,6772
52007,0.24039013195639702,0.6563396442914515,0.10327022375215146,1743
52008,0.23232323232323232,0.6247474747474747,0.14292929292929293,1980
52009,0.17281695286810375,0.6706247716477896,0.1565582754841067,5474
52010,0.16666666666666666,0.713953488372093,0.11937984496124031,1290
52011,0.20278688524590163,0.6604918032786885,0.13672131147540983,6100
52012,0.15582413516680027,0.68668681013751,0.15748905469568972,16217
52013,0.16371008616320323,0.6953877344145971,0.1409021794221997,1973
52015,0.1952572193536049,0.648211895199847,0.15653088544654808,10458
52016,0.1281576511043513,0.6146012432217961,0.25724110567385267,7561
52017,0.15941365093907467,0.6611696442204916,0.17941670484043365,6549
52018,0.1874447391688771,0.6984969053934571,0.11405835543766578,1131
52019,0.1456953642384106,0.6881898454746137,0.1661147902869757,1812
52020,0.2026122969098439,0.7018158649251354,0.09557183816502071,3139
52021,0.2072936660268714,0.6417146513115803,0.1509916826615483,1563
52022,0.1841112031667127,0.6655619994476664,0.1503267973856209,21726
52023,0.19330543933054392,0.6820083682008368,0.12468619246861924,1195
52024,0.24611708482676226,0.6917562724014337,0.06212664277180406,837
52025,0.1797432239657632,0.6533523537803139,0.16690442225392296,701
52026,0.19811567652447004,0.6574195236848992,0.14446479979063073,3821
52027,0.25806451612903225,0.6095947063688999,0.13234077750206782,1209
52028,0.1684514703382628,0.6760156382797893,0.15553289138194798,5883
52030,0.20468127490039842,0.6593625498007968,0.13595617529880477,2008
52031,0.20306624240671103,0.671969916112236,0.12496384148105294,3457
52032,0.11910176916999833,0.5787747480309305,0.30212348279907114,41771
52033,0.190818885617708,0.6671028241195072,0.14207829026278487,9171
52034,0.13735593220338982,0.6644067796610169,0.19823728813559321,7375
52035,0.2230406043437205,0.6589235127478753,0.11803588290840415,5295
52036,0.24,0.6066666666666667,0.15333333333333332,900
52037,0.19502737226277372,0.6731295620437956,0.13184306569343066,4384
53001,0.18050314465408804,0.6924528301886792,0.1270440251572327,3180
53002,0.22613882863340565,0.6637744034707158,0.11008676789587853,1844
53003,0.19758721878056734,0.6742745353765895,0.12813824584284317,3067
53004,0.1689075630252101,0.6775910364145659,0.1535014005602241,3570
53005,0.2778288868445262,0.6366145354185833,0.08555657773689053,1087
53006,0.1963328143919737,0.6493686213457879,0.15429856426223837,5781
53007,0.2467880085653105,0.6498929336188437,0.10331905781584583,1868
53008,0.20946538124452235,0.6950043821209465,0.09553023663453111,2282
53009,0.16649861356188556,0.6842072094781951,0.14929417695991934,15868
53010,0.1868975657572292,0.7127920274464957,0.10031040679627512,6121
53011,0.13853308313616708,0.685143183486987,0.17632373337684587,61285
53012,0.1838768115942029,0.7083333333333334,0.10778985507246377,1104
53013,0.22433035714285715,0.6506696428571429,0.125,2688
53014,0.20804514015289408,0.6680014561339643,0.1239534037131416,5494
53015,0.19850127551020408,0.665656887755102,0.13584183673469388,6272
53016,0.18385345997286295,0.6907507914970602,0.1253957485300769,8844
53017,0.21841794569067297,0.6469893742621016,0.1345926800472255,847
53018,0.16576688202495796,0.6998849455704045,0.1343481724046376,11299
53019,0.2054602730136507,0.6629331466573328,0.13160658032901645,2857
53020,0.25101214574898784,0.6383265856950068,0.1106612685560054,741
53021,0.23025107164727496,0.6706981016533986,0.0990508266993264,6532
53022,0.18159203980099503,0.690547263681592,0.12786069651741294,2010
53023,0.23516687268232386,0.6514215080346106,0.1134116192830655,3236
53024,0.1717032967032967,0.7132554945054945,0.11504120879120878,2912
53025,0.21448467966573817,0.6573816155988857,0.12813370473537605,718
53026,0.24333333333333335,0.6616666666666666,0.095,2400
53027,0.2093784078516903,0.7153762268266085,0.0752453653217012,917
53028,0.2449748743718593,0.635678391959799,0.11934673366834171,796
54001,0.15146108592921206,0.666023724563603,0.18251518950718487,20738
54002,0.15054979579013508,0.6930568645931511,0.15639333961671378,15915
54003,0.1500309981401116,0.7011779293242405,0.14879107253564786,3226
54004,0.1464742717124966,0.6833650966512388,0.17016063163626463,3673
54005,0.1488162344983089,0.705749718151071,0.14543404735062007,1774
54006,0.14835680751173708,0.7236306729264476,0.12801251956181534,3195
54007,0.1447132616487455,0.7311827956989247,0.12410394265232975,2232
54008,0.16084519189305735,0.7110823630875377,0.12807244501940493,2319
54009,0.17265999129299087,0.6787113626469308,0.14862864606007836,11485
54010,0.20610687022900764,0.6895674300254453,0.10432569974554708,786
54011,0.14700267277586865,0.7331042382588774,0.11989308896525391,2619
54012,0.19027334043308483,0.6727014554490592,0.13702520411785588,5634
54013,0.13633518890609045,0.6977502552785007,0.16591455581540893,30359
54014,0.18280433909200483,0.6773804740859783,0.13981518682201688,2489
54015,0.12448158853839386,0.66099032298605,0.21452808847555613,15914
54016,0.22823529411764706,0.6447058823529411,0.12705882352941175,850
54017,0.16436813960033775,0.6861806923726428,0.1494511680270194,7106
54018,0.12936255076975461,0.6805214388209256,0.19011601040931975,41117
54019,0.16219062664560294,0.7124802527646129,0.1253291205897841,1899
54020,0.19783393501805055,0.615884476534296,0.18628158844765344,1385
54021,0.1730345334313005,0.7108743570903747,0.11609110947832477,2722
54022,0.21599099099099098,0.6637387387387388,0.12027027027027028,4440
54023,0.17450346420323326,0.6846189376443418,0.14087759815242495,10825
54024,0.17387641632618678,0.6578071690324755,0.16831641464133776,23741
54025,0.202991452991453,0.6688034188034188,0.1282051282051282,468
54026,0.15676851935805602,0.6959833167104905,0.14724816393145343,11029
54027,0.1631348055617518,0.6751431333184623,0.16172206111978585,13449
54028,0.1631814787154593,0.684839432412248,0.15197908887229275,2678
54029,0.1860885275519422,0.6856368563685636,0.12827461607949414,1107
54030,0.17381656804733728,0.6841715976331361,0.14201183431952663,4056
54031,0.2010178117048346,0.7175572519083969,0.08142493638676845,393
54032,0.14219114219114218,0.7027972027972028,0.155011655011655,858
54033,0.15453074433656958,0.6966019417475728,0.1488673139158576,1236
54034,0.17890551917680075,0.705799812909261,0.11529466791393826,4276
54035,0.16063764561618638,0.7222562844880441,0.11710606989576947,3262
54036,0.14905149051490515,0.6991869918699187,0.15176151761517614,738
54037,0.19440279860069964,0.671664167916042,0.13393303348325838,4002
54038,0.13547938860583603,0.6963872163038444,0.1681333950903196,4318
54039,0.12492415172934057,0.621906620529052,0.2531692277416075,121954
54040,0.18610796526991316,0.6976217440543602,0.1162702906757267,2649
54041,0.15910543130990415,0.7437699680511182,0.09712460063897764,1565
54042,0.2823529411764706,0.6470588235294118,0.07058823529411765,85
54043,0.21991701244813278,0.6825726141078838,0.0975103734439834,482
54044,0.14721621313901856,0.7170670613685529,0.13571672549242855,8783
54045,0.18635170603674542,0.7165354330708661,0.09711286089238845,381
54046,0.19692307692307692,0.7394871794871795,0.06358974358974359,975
54047,0.1582089552238806,0.7194029850746269,0.12238805970149254,335
54048,0.21122994652406418,0.7058823529411765,0.08288770053475936,748
54049,0.1893424036281179,0.6780045351473923,0.1326530612244898,1764
54050,0.15212981744421908,0.6884069277578405,0.1594632547979404,6409
54051,0.16720912765120355,0.6771343753353124,0.15565649701348402,27959
54052,0.17894470667565746,0.6522252191503709,0.16883007417397167,11864
54053,0.14317492416582406,0.6784630940343782,0.1783619817997978,4945
54054,0.1697860962566845,0.7002005347593583,0.1300133689839572,5984
54055,0.1799929552659387,0.6766467065868264,0.14336033814723495,2839
54056,0.15871344081665723,0.6931864214534554,0.1481001377298874,12343
54057,0.19678714859437751,0.6927710843373494,0.11044176706827309,2490
54058,0.21223021582733814,0.6834532374100719,0.10431654676258993,278
54059,0.19358074222668004,0.7051153460381143,0.10130391173520562,997
55001,0.16473459426479561,0.6912751677852349,0.14399023794996949,3278
55002,0.1971299093655589,0.7069486404833837,0.09592145015105741,1324
55003,0.17373737373737375,0.7111111111111111,0.11515151515151516,990
55004,0.15650239962542434,0.6812595107105233,0.16223808966405245,8543
55005,0.14968487394957983,0.7184873949579832,0.13182773109243698,1904
55006,0.17161961367013373,0.6760772659732541,0.15230312035661217,1346
55007,0.17320427916454406,0.6999490575649516,0.12684666327050434,1963
55008,0.17624521072796934,0.671264367816092,0.1524904214559387,1305
55009,0.19489981785063754,0.6624165148755312,0.14268366727383122,1647
55010,0.20300751879699247,0.6710526315789473,0.12593984962406016,2128
55011,0.21106758080313417,0.6953966699314398,0.09353574926542606,2042
55012,0.1491628614916286,0.7442922374429224,0.106544901065449,1314
55013,0.17040731504571904,0.7032418952618454,0.12635078969243557,1203
55014,0.1643939393939394,0.7068181818181818,0.12878787878787878,1320
55015,0.15315315315315314,0.7012012012012012,0.14564564564564564,1332
55016,0.21813031161473087,0.6610009442870632,0.12086874409820586,1059
55017,0.16090651558073654,0.7036827195467422,0.13541076487252124,3530
55018,0.19401709401709402,0.676923076923077,0.12905982905982907,1170
55019,0.12611607142857142,0.7366071428571429,0.13727678571428573,896
55020,0.22107674684994272,0.6689576174112256,0.10996563573883161,873
55021,0.21333333333333335,0.6571428571428571,0.1295238095238095,1050
55022,0.16190690353047,0.7014466681658047,0.13664642830372536,13341
55023,0.15704510728758386,0.6544210456387431,0.18853384707367302,15053
55024,0.21251002405773858,0.6752205292702486,0.11226944667201283,1247
55025,0.2616580310880829,0.6088082901554405,0.12953367875647667,386
55026,0.16395663956639567,0.7086720867208672,0.12737127371273713,738
55027,0.20689655172413793,0.696551724137931,0.09655172413793103,145
55028,0.14376770538243627,0.6706798866855525,0.18555240793201133,1412
55029,0.14358251057827925,0.683215796897038,0.17320169252468265,3545
55030,0.17525773195876287,0.6838487972508591,0.140893470790378,1746
55031,0.14336810730253352,0.70849478390462,0.1481371087928465,3355
55032,0.12289474020742484,0.6818675908282926,0.19523766896428252,78197
55033,0.1784064665127021,0.7032332563510393,0.11836027713625866,1732
56001,0.18219715546836684,0.6615988229524277,0.1562040215792055,4078
56002,0.20189274447949526,0.6750788643533123,0.12302839116719243,634
56003,0.19030732860520094,0.6662726556343578,0.1434200157604413,2538
56004,0.15584415584415584,0.683982683982684,0.16017316017316016,693
56005,0.13667649950835792,0.7266470009832842,0.13667649950835792,3051
56006,0.1482758620689655,0.728735632183908,0.12298850574712644,870
56007,0.18225884634028114,0.6965584100824043,0.1211827435773146,2063
56008,0.17502630655910206,0.6759031918625044,0.14907050157839355,2851
56009,0.14732142857142858,0.7223214285714286,0.13035714285714287,1120
56010,0.14590747330960854,0.7099644128113879,0.14412811387900357,562
56011,0.15314009661835748,0.7019323671497585,0.14492753623188406,2070
56012,0.19242985706723134,0.7038115404976177,0.10375860243515088,3778
56013,0.15128006206361522,0.691233514352211,0.15748642358417378,1289
56014,0.13211140204713165,0.7229231135443942,0.14496548440847418,4201
56015,0.16688918558077437,0.6990654205607477,0.13404539385847797,3745
56016,0.16814814814814816,0.6948148148148148,0.13703703703703704,1350
56017,0.14946168461051298,0.7327422419252692,0.11779607346421786,1579
56018,0.19867149758454106,0.7016908212560387,0.09963768115942029,1656
56019,0.1865671641791045,0.6844349680170576,0.12899786780383796,938
56020,0.2383177570093458,0.6612149532710281,0.10046728971962617,856
56021,0.16749585406301823,0.6995415081455468,0.132962637791435,10251
56022,0.1659111514052584,0.7234814143245694,0.11060743427017226,1103
56023,0.15332771693344566,0.7371524852569503,0.10951979780960404,2374
56024,0.13942127019917325,0.7408868846298384,0.11969184517098835,5322
56025,0.1589895988112927,0.7028231797919762,0.13818722139673106,1346
56026,0.22667910447761194,0.6576492537313433,0.11567164179104478,1072
56027,0.19645821804095184,0.6989485334809076,0.10459324847814057,1807
56028,0.23139653414882771,0.6442405708460754,0.12436289500509684,981
56029,0.17569352708058125,0.7239101717305152,0.10039630118890357,1514
56030,0.22402938090241342,0.6390346274921301,0.13693599160545644,1906
56031,0.19838308457711443,0.7157960199004975,0.08582089552238806,1608
56032,0.21555915721231766,0.6515397082658023,0.13290113452188007,617
56033,0.18968133535660092,0.6889226100151745,0.12139605462822459,659
56034,0.17157065893079154,0.6916701201823456,0.13675922088686282,2413
56035,0.1915732040012125,0.6980903304031525,0.11033646559563504,6598
56036,0.16089763946226315,0.6665608129564942,0.1725415475812427,9447
56037,0.18215892053973012,0.7143928035982009,0.10344827586206896,1334
56038,0.0975609756097561,0.7537262872628726,0.14871273712737126,2952
56039,0.12884927066450566,0.7298217179902755,0.1413290113452188,6170
56040,0.22865853658536586,0.6951219512195121,0.07621951219512195,656
56041,0.11966493817311527,0.7151974471479856,0.1651376146788991,2507
56042,0.1447816912838825,0.6773251095601364,0.17789319915598117,6161
56043,0.14463350785340315,0.7087696335078534,0.14659685863874344,1528
56044,0.2240566037735849,0.6674528301886793,0.10849056603773585,424
56045,0.12423016012669365,0.7228576456097132,0.15291219426359318,5683
56046,0.14645308924485126,0.7048054919908466,0.14874141876430205,874
56047,0.19148936170212766,0.6708776595744681,0.13763297872340424,1504
56048,0.16053632904511686,0.6939662982424353,0.14549737271244792,5519
56049,0.11740799277489275,0.710092571686611,0.17249943553849628,4429
56050,0.13858949333785964,0.7092421284901977,0.15216837817194262,11783
56051,0.31196581196581197,0.5213675213675214,0.16666666666666666,234
56052,0.1494013534617387,0.7003296893978831,0.15026895714037827,5763
56053,0.14961759082217974,0.7170172084130019,0.13336520076481836,2092
56054,0.1764018691588785,0.6676401869158879,0.15595794392523366,1712
56055,0.1627472937663307,0.696528555431131,0.14072415080253825,2679
56056,0.14753004005340453,0.7343124165554072,0.11815754339118825,1498
56057,0.1376772377962983,0.7134971317242126,0.14882563047948913,9239
56058,0.18726591760299627,0.6850527749404154,0.12768130745658834,2937
56059,0.11856655143538102,0.6644622420715866,0.21697120649303245,46573
56060,0.10097813578826237,0.7232451093210587,0.17577675489067895,3476
57001,0.25405405405405407,0.6513513513513514,0.0945945945945946,370
57002,0.20541494997057091,0.6939376103590347,0.10064743967039436,1699
57003,0.12371721778791334,0.7474344355758267,0.12884834663625996,1754
57004,0.17197452229299362,0.7707006369426752,0.05732484076433121,157
57005,0.21627906976744185,0.6674418604651163,0.11627906976744186,430
57006,0.1486810551558753,0.7194244604316546,0.13189448441247004,417
57007,0.13033012379642367,0.7441540577716643,0.12551581843191198,2908
57008,0.15946348733233978,0.669150521609538,0.17138599105812222,671
57009,0.18375350140056024,0.6829131652661065,0.13333333333333333,1785
57010,0.15061295971978983,0.702276707530648,0.14711033274956217,1142
57011,0.15578947368421053,0.7326315789473684,0.11157894736842106,475
57012,0.118562874251497,0.7281437125748503,0.1532934131736527,835
57013,0.16097560975609757,0.7609756097560976,0.07804878048780488,205
57014,0.1437037037037037,0.7081481481481482,0.14814814814814814,675
57015,0.1960093896713615,0.6772300469483568,0.1267605633802817,852
57016,0.13492575855390573,0.7312244458790618,0.1338497955670325,4647
57017,0.23376623376623376,0.6948051948051948,0.07142857142857142,308
57018,0.18213058419243985,0.6769759450171822,0.140893470790378,291
57019,0.2336065573770492,0.6721311475409836,0.0942622950819672,244
57020,0.17117117117117117,0.6936936936936937,0.13513513513513514,111
57021,0.20326678765880218,0.6851179673321234,0.11161524500907441,1102
57022,0.18789808917197454,0.6847133757961783,0.12738853503184713,314
57023,0.32142857142857145,0.5491071428571429,0.12946428571428573,224
57024,0.23095238095238096,0.6404761904761904,0.12857142857142856,420
57025,0.13267251239039268,0.708349218452154,0.1589782691574533,2623
57026,0.1752021563342318,0.738544474393531,0.0862533692722372,371
57027,0.13864723792953457,0.7142235754675946,0.1471291866028708,9196
57028,0.18865866957470012,0.6946564885496184,0.11668484187568157,917
57029,0.1266284523189161,0.7430953621677957,0.13027618551328818,1919
57030,0.08350730688935282,0.7578288100208769,0.15866388308977036,479
57031,0.16697080291970803,0.6961678832116789,0.13686131386861314,1096
57032,0.15953307392996108,0.688715953307393,0.1517509727626459,257
57033,0.17413249211356466,0.7280757097791798,0.09779179810725552,1585
57034,0.2734375,0.609375,0.1171875,384
57035,0.16356877323420074,0.7228418009087154,0.11358942585708386,2421
57036,0.36065573770491804,0.4098360655737705,0.22950819672131148,61
57037,0.20238095238095238,0.7619047619047619,0.03571428571428571,84
57038,0.14854111405835543,0.7294429708222812,0.1220159151193634,377
57039,0.1953125,0.734375,0.0703125,256
57040,0.2261904761904762,0.6564625850340136,0.11734693877551021,588
57041,0.16889428918590524,0.7095990279465371,0.12150668286755771,823
57042,0.2403846153846154,0.6105769230769231,0.14903846153846154,208
57043,0.15020576131687244,0.7551440329218106,0.09465020576131687,486
57044,0.13755458515283842,0.722707423580786,0.13973799126637554,2748
57045,0.16972477064220184,0.7706422018348624,0.05963302752293578,218
57046,0.17006802721088435,0.7278911564625851,0.10204081632653061,147
57047,0.16216216216216217,0.6993243243243243,0.13851351351351351,296
57048,0.17424242424242425,0.6590909090909091,0.16666666666666666,132
57049,0.22469490308686288,0.6870064608758076,0.0882986360373295,1393
57050,0.2051948051948052,0.674025974025974,0.12077922077922078,770
57051,0.1676096181046676,0.7298444130127298,0.10254596888260255,1414
57052,0.15847665847665848,0.6855036855036855,0.15601965601965603,814
57053,0.12091346153846154,0.7305288461538462,0.1485576923076923,4160
57054,0.1387584767866458,0.7130933750652061,0.14814814814814814,1917
57055,0.1362088535754824,0.7474460839954598,0.11634506242905789,1762
57056,0.16666666666666666,0.6770833333333334,0.15625,384
57057,0.19683257918552036,0.7149321266968326,0.08823529411764706,442
57058,0.2962962962962963,0.6502057613168725,0.053497942386831275,243
57059,0.11822973464194839,0.6617896522476675,0.2199806131103841,33012
57060,0.15489467162329615,0.6728624535315985,0.17224287484510534,807
57061,0.18518518518518517,0.6746031746031746,0.1402116402116402,378
57062,0.19482758620689655,0.6913793103448276,0.11379310344827587,580
57063,0.18098159509202455,0.6656441717791411,0.15337423312883436,326
57064,0.13690476190476192,0.7408424908424909,0.12225274725274725,2184
57065,0.20053475935828877,0.6844919786096256,0.11497326203208556,748
57066,0.11206896551724138,0.7693965517241379,0.11853448275862069,1392
57067,0.170995670995671,0.724025974025974,0.10497835497835498,924
57068,0.17045454545454544,0.7017045454545454,0.1278409090909091,704
57069,0.13897937024972856,0.753528773072747,0.10749185667752444,921
57070,0.18577981651376146,0.6502293577981652,0.16399082568807338,872
57071,0.11888111888111888,0.8321678321678322,0.04895104895104895,143
57072,0.19662921348314608,0.6966292134831461,0.10674157303370786,178
57073,0.21804511278195488,0.706766917293233,0.07518796992481203,133
58001,0.1331236897274633,0.7348008385744235,0.1320754716981132,954
58002,0.14224137931034483,0.756896551724138,0.10086206896551723,1160
58003,0.11379426897510046,0.7063882525256319,0.17981747849926766,26627
58004,0.1455505279034691,0.7537707390648567,0.10067873303167421,2652
58005,0.10452594931584487,0.7190510889806493,0.1764229617035058,12351
58006,0.1337099811676083,0.7231638418079096,0.1431261770244821,531
58007,0.10224465121169111,0.7316143615623193,0.16614098722598958,38046
58008,0.16308040770101925,0.7055492638731596,0.13137032842582105,883
58009,0.11086726814598065,0.7015362106803219,0.18759652117369746,12303
58010,0.16473072861668428,0.7222808870116156,0.11298838437170011,947
58011,0.15050685748360168,0.7334525939177102,0.11604054859868813,8385
58012,0.1793826441467676,0.7216074548631334,0.09900990099009901,1717
58013,0.09215017064846416,0.7003087924589632,0.20754103689257272,12306
58014,0.19133574007220217,0.7509025270758123,0.05776173285198556,277
58015,0.10151342090234151,0.7424328954882924,0.15605368360936608,7004
58016,0.1130690161527166,0.7342143906020558,0.1527165932452276,2724
58017,0.1565217391304348,0.7521739130434782,0.09130434782608696,230
58018,0.09059131954558695,0.7577920186425866,0.1516166618118264,6866
58019,0.1523809523809524,0.780952380952381,0.06666666666666667,210
58020,0.17257369990062935,0.6780390857899967,0.14938721430937396,3019
58021,0.18472906403940886,0.6945812807881774,0.1206896551724138,406
58022,0.09895470383275261,0.7212543554006968,0.17979094076655053,5740
58023,0.1224578104716573,0.7340977931631328,0.14344439636520986,4622
58024,0.09164712249684287,0.7322749413674905,0.1760779361356666,5543
58025,0.12717770034843207,0.7142857142857143,0.15853658536585366,574
58026,0.12393736017897092,0.7621178225205071,0.113944817300522,6705
58027,0.13333333333333333,0.7346666666666667,0.132,750
58028,0.15123456790123457,0.7098765432098766,0.1388888888888889,324
58029,0.10894328647600582,0.741517207949588,0.1495395055744062,24756
58030,0.13801452784503632,0.7336561743341404,0.12832929782082325,826
58031,0.1751269035532995,0.748730964467005,0.07614213197969544,394
58032,0.11232807641670635,0.7267710580128295,0.16090086557046415,35699
58033,0.1426344505066251,0.7310989867498051,0.12626656274356976,1283
58034,0.10947678083631016,0.700147089724732,0.19037612943895776,14277
58035,0.11229188806234502,0.7417640807651434,0.1459440311725115,2823
58036,0.10756972111553785,0.7479350889126422,0.14449518997182004,10291
58037,0.10377358490566038,0.7484276729559748,0.14779874213836477,318
58038,0.07583532899988596,0.7030448169688676,0.22111985403124643,8769
58039,0.10115015974440894,0.6667731629392971,0.23207667731629392,15650
58040,0.11525851197982345,0.766204287515763,0.11853720050441362,3965
58041,0.1334355828220859,0.7062883435582822,0.1602760736196319,1304
58042,0.14856529900777687,0.7141324751944221,0.13730222579780102,3729
58043,0.11591406149491831,0.7106007976328316,0.1734851408722501,15546
58044,0.15260545905707196,0.7369727047146402,0.11042183622828784,806
58045,0.20449897750511248,0.6605316973415133,0.13496932515337423,489
58046,0.08102253032928942,0.6499855574812248,0.26899191218948587,13848
58047,0.10252214930984666,0.7431376303284538,0.15434022036169953,57451
58048,0.17870722433460076,0.7224334600760456,0.09885931558935361,263
58049,0.10487444608567208,0.757754800590842,0.13737075332348597,4062
58050,0.12,0.7477014925373134,0.13229850746268657,8375
58051,0.16153846153846155,0.7519230769230769,0.08653846153846154,520
58052,0.11147186147186147,0.7478354978354979,0.1406926406926407,924
58053,0.11945392491467577,0.7201365187713311,0.16040955631399317,586
58054,0.08199608610567514,0.723091976516634,0.1949119373776908,5110
58055,0.14528301886792452,0.7226415094339622,0.1320754716981132,530
58056,0.12653425574648516,0.7659004686453916,0.10756527560812319,4481
58057,0.09322391254987188,0.7195173375717668,0.18725874987836127,30829
58058,0.1187800963081862,0.7715355805243446,0.10968432316746923,1869
58059,0.10691736626656491,0.7541802539374176,0.1389023797960175,14413
58060,0.09686759673598315,0.7346670176362201,0.16846538562779678,7598
58061,0.18129988597491448,0.7103762827822121,0.10832383124287344,877
58062,0.12914862914862915,0.7236652236652237,0.1471861471861472,1386
58063,0.15454288140390604,0.6962921030285876,0.14916501556750636,3533
58064,0.08722584965678888,0.6517662816005357,0.2610078687426754,5973
58065,0.1012644429910617,0.7092871157619359,0.18944844124700239,27522
58066,0.15141955835962145,0.7302839116719243,0.11829652996845426,1268
58067,0.16081000595592615,0.7099463966646814,0.1292435973793925,1679
58068,0.09845113049670642,0.7349118746661919,0.16663699483710165,5617
58069,0.1618828932261768,0.7003444316877153,0.1377726750861079,871
58070,0.08359375,0.69765625,0.21875,1280
58071,0.11266568483063329,0.7673048600883653,0.12002945508100148,1358
58072,0.122967050803441,0.7262457393280312,0.15078720986852784,30805
58073,0.1491493824283384,0.7026334187835004,0.14821719878816128,4291
58074,0.11430771384572308,0.7368052638947221,0.1488870222595548,14286
58075,0.12575061815612856,0.7453196750264924,0.12892970681737903,8493
58076,0.1037037037037037,0.8074074074074075,0.08888888888888889,135
58077,0.1714922048997773,0.6859688195991092,0.14253897550111358,449
58078,0.15056818181818182,0.7599431818181818,0.08948863636363637,1408
58079,0.09784145973893488,0.7458672416591314,0.15629129860193364,43131
58080,0.16052631578947368,0.7118421052631579,0.12763157894736843,760
58081,0.1062869592281357,0.7111733582321818,0.18253968253968253,6426
58082,0.10369901991779956,0.7466013278533038,0.1496996522288966,6326
58083,0.1540130151843818,0.6941431670281996,0.15184381778741865,461
58084,0.16312056737588654,0.7943262411347518,0.0425531914893617,141
58085,0.196,0.668,0.136,250
58086,0.10450741726892354,0.7202358311144922,0.17525675161658424,10516
58087,0.14792899408284024,0.7633136094674556,0.08875739644970414,169
58088,0.10103726469458317,0.7377385068510692,0.16122422845434756,7809
58089,0.14754098360655737,0.7377049180327869,0.11475409836065574,610
58090,0.1570796460176991,0.7345132743362832,0.1084070796460177,452
58091,0.08995408973980736,0.6376578003447152,0.2723881099154775,1932030
58092,0.16704035874439463,0.7073991031390134,0.12556053811659193,892
58093,0.09029960192750891,0.6892939451078985,0.2204064529645925,4773
58094,0.13773584905660377,0.7660377358490567,0.09622641509433963,530
58095,0.15206445115810674,0.7442094662638469,0.10372608257804633,993
58096,0.14002205071664828,0.7205071664829107,0.139470782800441,1814
58097,0.10679611650485436,0.6984765964164495,0.19472728707869602,12669
58098,0.0965561635017702,0.7586095912455745,0.14483424525265529,3107
58099,0.15083553210202286,0.7282321899736148,0.12093227792436236,2274
58100,0.15019762845849802,0.7213438735177866,0.12845849802371542,2024
58101,0.09523809523809523,0.7619047619047619,0.14285714285714285,105
58102,0.13684735616893914,0.6975390754905221,0.16561356834053875,6014
58103,0.1433418150975403,0.6963528413910093,0.16030534351145037,5895
58104,0.10637060826711703,0.7184030565630277,0.1752263351698552,36119
58105,0.14797933758735946,0.7243998784563962,0.1276207839562443,3291
58106,0.13934426229508196,0.7117486338797814,0.1489071038251366,732
58107,0.09887869520897044,0.6972477064220184,0.2038735983690112,3924
58108,0.24277456647398843,0.6820809248554913,0.07514450867052024,173
58109,0.20304568527918782,0.7106598984771574,0.08629441624365482,197
58110,0.13503686496313505,0.7414402585597415,0.12352287647712352,9901
58111,0.1306672241801565,0.709216892658742,0.16011588316110148,33482
58112,0.1388767958206356,0.7483674357858076,0.11275576839355682,2297
58113,0.08849557522123894,0.8053097345132744,0.10619469026548672,113
58114,0.10972480311476861,0.759490310591983,0.1307848862932484,11301
58115,0.13754873294346978,0.7428118908382066,0.11963937621832359,8208
58116,0.10458402758941372,0.7395667842058357,0.15584918820475066,25807
58117,0.1086186920700309,0.7684088568486097,0.12297245108135943,31072
58118,0.09844873250094589,0.7018161180476731,0.19973514945138102,26430
58119,0.11279959204487507,0.7636919938806731,0.12350841407445182,9805
58120,0.10624953053406445,0.7476714489596635,0.14607902050627206,53252
58122,0.10796373437882872,0.7563832394021073,0.13565302621906394,20405
59001,0.1436930278393693,0.7409871068407654,0.11531986531986532,48708
59002,0.22009132420091324,0.6721461187214612,0.10776255707762557,1095
59003,0.2072892938496583,0.6583143507972665,0.13439635535307518,439
59004,0.14922689679971232,0.7130528586839266,0.13772024451636103,2781
59005,0.16492168178070898,0.7253915910964551,0.10968672712283595,24260
59006,0.14510442093843234,0.7316246270680771,0.12327095199349064,7374
59007,0.16409509564669764,0.6923561363457451,0.14354876800755728,25406
59008,0.12370197812611047,0.6704307655861333,0.20586725628775615,25327
59009,0.11715511079342388,0.664903502501787,0.21794138670478913,13990
59010,0.13019351166761525,0.6982071713147411,0.17159931701764372,7028
59011,0.12218515429524604,0.6807812816987129,0.19703356400604108,88726
59012,0.1800862688713156,0.693745506829619,0.1261682242990654,2782
59013,0.19079283887468032,0.7069053708439897,0.10230179028132992,1955
59014,0.13257295215523626,0.6976744186046512,0.16975262924011258,13502
59015,0.22741039878849065,0.676678445229682,0.09591115598182735,3962
59016,0.18299881936245574,0.7123179850452578,0.1046831955922865,2541
59017,0.19102306440807731,0.7204517178677385,0.08852521772418413,10449
59018,0.15596691610870422,0.7270578968097676,0.11697518708152817,2539
59019,0.17862449586075144,0.6945446826576098,0.1268308214816387,9422
59020,0.19138755980861244,0.722488038277512,0.0861244019138756,836
59021,0.1930795847750865,0.6764705882352942,0.13044982698961938,2890
59022,0.20685434516523868,0.7270501835985312,0.06609547123623011,817
59023,0.21662125340599456,0.6634877384196185,0.11989100817438691,734
59024,0.15904789634590188,0.7002474887174261,0.140704614936672,13738
59025,0.18424793858402047,0.6897924367358544,0.12595962468012512,7034
59026,0.1681073703366697,0.7065514103730665,0.12534121929026387,4396
59027,0.14292148326077164,0.708302056748236,0.14877645999099234,6661
59028,0.18125623130608176,0.7026919242273181,0.1160518444666002,15045
59029,0.20096463022508038,0.7102090032154341,0.08882636655948553,4976
59030,0.16506968641114983,0.6393728222996515,0.1955574912891986,2296
59031,0.13760504201680673,0.7253151260504201,0.13707983193277312,1904
59032,0.16494249180749213,0.6795283685664718,0.15552913962603612,31126
59033,0.11839708561020036,0.7449908925318761,0.1366120218579235,549
60001,0.21164021164021163,0.6190476190476191,0.1693121693121693,189
60002,0.15488215488215487,0.7415824915824916,0.10353535353535354,1188
60003,0.16992253283933983,0.7120803862130908,0.11799708094756933,17814
60004,0.19347705914870095,0.6589275843007186,0.14759535655058043,1809
60005,0.2138899150350942,0.6837827853712597,0.1023272995936461,2707
60006,0.16844995072504576,0.7033647754469943,0.12818527382796002,14206
60007,0.1524047470331043,0.6992504684572143,0.14834478450968144,3202
60008,0.1487420514238319,0.6942217307160631,0.15703621786010505,3617
60009,0.20641282565130262,0.6847027388109552,0.10888443553774214,1497
60010,0.16068481848184818,0.6590346534653465,0.18028052805280528,4848
60011,0.15151515151515152,0.6691331923890064,0.17935165609584214,2838
60012,0.1488817891373802,0.7137380191693291,0.13738019169329074,1565
60013,0.19747899159663865,0.6869747899159664,0.11554621848739496,476
60014,0.22075939706162945,0.6805953062392673,0.09864529669910323,5241
60015,0.17813333333333334,0.6677333333333333,0.15413333333333334,1875
60016,0.2100371747211896,0.6533457249070632,0.1366171003717472,1076
60017,0.2608695652173913,0.5928853754940712,0.14624505928853754,253
60018,0.1912568306010929,0.678809957498482,0.129933211900425,1647
60019,0.12380416432189083,0.652569152850526,0.22362668282758322,23101
60020,0.18177613320999075,0.6716003700277521,0.14662349676225717,2162
60021,0.16666666666666666,0.7129629629629629,0.12037037037037036,540
60022,0.1529552715654952,0.7048722044728435,0.14217252396166133,2504
60023,0.19584569732937684,0.695351137487636,0.10880316518298715,3033
60024,0.16237774849136435,0.7045155025317333,0.13310674897690228,14417
60025,0.15825350036845984,0.6938098747236551,0.14793662490788503,5428
60026,0.13152689873417722,0.6880933544303798,0.18037974683544303,5056
60027,0.17978533094812166,0.721824686940966,0.09838998211091235,1118
60028,0.19006849315068494,0.7277397260273972,0.0821917808219178,584
60029,0.21551724137931033,0.6400862068965517,0.14439655172413793,464
60030,0.15285996055226825,0.6735700197238659,0.17357001972386588,1014
60031,0.16805671392827357,0.6972477064220184,0.1346955796497081,2398
60032,0.13793103448275862,0.7471264367816092,0.11494252873563218,348
60033,0.15861555638258282,0.7062895422404168,0.13509490137700036,13435
60034,0.21179624664879357,0.7050938337801609,0.08310991957104558,373
60035,0.13575865128660158,0.7088139603667554,0.155427388346643,6762
60036,0.14096916299559473,0.6734581497797357,0.1855726872246696,1816
60037,0.13748531139835488,0.7379553466509988,0.1245593419506463,851
60038,0.13298791018998274,0.6668021267228826,0.20020996308713468,29529
60039,0.26380368098159507,0.6748466257668712,0.06134969325153374,1304
60040,0.1545778834720571,0.6753864447086801,0.1700356718192628,841
60041,0.17748091603053434,0.705470737913486,0.11704834605597965,1572
60042,0.17941176470588235,0.6813725490196079,0.1392156862745098,1020
60043,0.1559344262295082,0.657311475409836,0.18675409836065573,7625
60044,0.18323061119671288,0.6875963020030816,0.12917308680020545,7788
60045,0.17058270676691728,0.7293233082706767,0.10009398496240601,2128
60046,0.1806794458151452,0.706395900550389,0.11292465363446574,5269
60047,0.24216216216216216,0.6594594594594595,0.09837837837837837,925
60048,0.1459024159166272,0.728564661297963,0.12553292278540976,2111
60049,0.20170454545454544,0.6619318181818182,0.13636363636363635,1056
60050,0.2225031605562579,0.6750948166877371,0.10240202275600506,791
60051,0.18439716312056736,0.6923076923076923,0.12329514457174032,1833
60052,0.13262733232476046,0.7276853252647504,0.13968734241048916,3966
60053,0.18875502008032127,0.6971218206157965,0.1141231593038822,2988
60054,0.18932655654383734,0.6740787801778907,0.1365946632782719,1574
60055,0.2711471610660487,0.6353804557744303,0.09347238315952106,2589
60056,0.14805226824457593,0.7004437869822485,0.15150394477317555,8112
60057,0.1997439180537772,0.615877080665813,0.18437900128040974,781
60058,0.2070649052268811,0.6688684663986215,0.12406662837449742,3482
60059,0.17973856209150327,0.6879084967320261,0.1323529411764706,612
60060,0.15715559518502006,0.6970575122603656,0.14578689255461436,4486
60061,0.25688073394495414,0.6146788990825688,0.12844036697247707,218
60062,0.1344165435745938,0.7134416543574594,0.15214180206794684,1354
60063,0.15741212429954152,0.6663270504330107,0.1762608252674478,1963
60064,0.1816003833253474,0.71058936272161,0.10781025395304264,2087
60065,0.14353312302839116,0.6861198738170347,0.17034700315457413,634
60066,0.20504009163802978,0.6918671248568156,0.10309278350515463,873
60067,0.13625103220478943,0.70355078447564,0.16019818331957061,1211
60068,0.17095588235294118,0.6869747899159664,0.14206932773109243,3808
60069,0.16852678571428573,0.6964285714285714,0.13504464285714285,896
60070,0.17248062015503876,0.6931524547803618,0.1343669250645995,1548
60071,0.16828644501278772,0.7263427109974424,0.10537084398976983,1955
60072,0.19767441860465115,0.6957364341085271,0.1065891472868217,516
60073,0.20466321243523317,0.7091968911917098,0.086139896373057,1544
60074,0.1546342907906426,0.6664495114006515,0.17891619780870596,16885
60075,0.23584277148567623,0.692871419053964,0.07128580946035976,1501
60076,0.15127955944282476,0.7227081308713962,0.12601230968577906,3087
60077,0.3870967741935484,0.5053763440860215,0.10752688172043011,279
60078,0.21445497630331753,0.6990521327014217,0.08649289099526067,844
60079,0.17853839037927843,0.6688251618871416,0.15263644773358,3243
60080,0.15916955017301038,0.7275086505190311,0.11332179930795848,1156
60081,0.18359739049394222,0.739049394221808,0.07735321528424977,1073
60082,0.24777711914641376,0.6443390634262004,0.1078838174273859,1687
60083,0.19197207678883071,0.7033158813263525,0.10471204188481675,573
60084,0.21084337349397592,0.6947791164658634,0.09437751004016064,996
60085,0.18634378721714967,0.7012306470821754,0.11242556570067487,12595
60086,0.17248062015503876,0.6472868217054264,0.18023255813953487,516
60087,0.17117117117117117,0.698948948948949,0.12987987987987987,1332
60088,0.23380281690140844,0.6197183098591549,0.14647887323943662,710
60089,0.17879548306148055,0.7252195734002509,0.0959849435382685,1594
60090,0.19514472455648926,0.7366946778711485,0.06816059757236227,1071
60091,0.21904761904761905,0.6904761904761905,0.09047619047619047,210
61001,0.18631178707224336,0.7021546261089987,0.11153358681875793,789
61002,0.15728368017524644,0.7182913472070098,0.1244249726177437,4565
61003,0.17647058823529413,0.6993844049247606,0.12414500683994528,2924
61004,0.17853689977441187,0.7012568482114083,0.12020625201417982,3103
61005,0.14822913679380556,0.6520289647261256,0.19974189848006882,27896
61006,0.16976917349218168,0.7140729709605361,0.11615785554728221,1343
61007,0.1559202813599062,0.7209847596717468,0.123094958968347,3412
61008,0.1646234676007005,0.6865148861646234,0.14886164623467601,1142
61009,0.15833077631175208,0.6842589751457502,0.1574102485424977,3259
61010,0.15411868910540302,0.7065249483318571,0.1393563625627399,3387
61011,0.1497907949790795,0.7422594142259414,0.10794979079497909,1195
61012,0.1736111111111111,0.7175925925925926,0.1087962962962963,3024
61013,0.13037997478840266,0.7163695299837926,0.1532504952278048,5553
61014,0.14634146341463414,0.6991869918699187,0.15447154471544716,984
61015,0.1329533775576941,0.7109221713538261,0.15612445108847986,10703
61016,0.15887611749680716,0.724904214559387,0.11621966794380588,3915
61017,0.19511139952411855,0.6947869348907636,0.11010166558511789,4623
61018,0.1452799600947749,0.6866192792118718,0.16810076069335328,8019
61019,0.1727299044678182,0.714754414744765,0.11251568078741678,10363
61020,0.17643271088216356,0.7308435286542176,0.0927237604636188,4659
61021,0.13656480505795573,0.7129610115911486,0.15047418335089568,4745
61022,0.10894808010130712,0.6317099869073426,0.2593419329913503,46591
61023,0.19461077844311378,0.6956087824351297,0.10978043912175649,1002
61024,0.21777777777777776,0.6592592592592592,0.12296296296296297,675
61025,0.13630880579010857,0.7249698431845597,0.13872135102533173,829
61026,0.18603603603603602,0.6788288288288288,0.13513513513513514,2220
61027,0.1988954573739888,0.7221530802738021,0.07895146235220908,12856
61028,0.1871619184998197,0.7360259646592139,0.07681211684096646,2773
61029,0.13994288045695635,0.7405140758873929,0.11954304365565076,4902
61030,0.21299638989169675,0.6931407942238267,0.09386281588447654,277
61031,0.22033898305084745,0.6803874092009685,0.09927360774818401,826
61032,0.16817269076305222,0.6872489959839357,0.14457831325301204,3984
61033,0.13371150729335493,0.7317666126418152,0.13452188006482982,1234
61034,0.17165668662674652,0.7145708582834331,0.11377245508982035,501
61035,0.18797814207650274,0.673224043715847,0.13879781420765028,915
61036,0.1808143547273982,0.7160110420979986,0.10317460317460317,2898
61037,0.15235519495154384,0.7457741717376606,0.10187063331079559,4437
61038,0.17839195979899497,0.7512562814070352,0.07035175879396985,398
61039,0.1653372008701958,0.7092095721537346,0.12545322697606962,1379
61040,0.1958997722095672,0.5968109339407744,0.2072892938496583,439
61041,0.2237354085603113,0.6760700389105059,0.10019455252918288,2056
61042,0.18169968717413973,0.7265380604796663,0.09176225234619395,3836
61043,0.14113090627420605,0.7567776917118513,0.10209140201394268,6455
61044,0.19290465631929046,0.720620842572062,0.08647450110864745,451
61045,0.1977401129943503,0.6892655367231638,0.11299435028248588,708
61046,0.14221111507794834,0.7156967749613233,0.14209210996072832,8403
61047,0.15199710825953372,0.7623350804265318,0.08566781131393457,5533
61048,0.16005396761942833,0.7212172696382171,0.11872876274235458,20012
61049,0.13662128989064942,0.7266235215353716,0.13675518857397903,22405
61050,0.21158301158301157,0.6455598455598456,0.14285714285714285,1295
61051,0.18265777321703439,0.7208825038481272,0.09645972293483839,1949
61052,0.19234468166955185,0.6925690837981663,0.11508623453228185,15597
61053,0.13084646151334586,0.7833646232960575,0.08578891519059668,12251
61054,0.16392512762336925,0.6993760635280771,0.1366988088485536,7052
61055,0.16409376786735277,0.7221269296740995,0.11377930245854774,1749
61056,0.2054093567251462,0.668859649122807,0.12573099415204678,1368
61057,0.1469260700389105,0.6901167315175097,0.16295719844357975,6425
61058,0.15986646884272998,0.7136498516320475,0.12648367952522255,2696
61059,0.14908890115958034,0.7095527332965212,0.1413583655438984,1811
61060,0.18030182684670373,0.6748742388138734,0.1448239343394228,3777
61061,0.18871794871794872,0.6717948717948717,0.13948717948717948,975
61062,0.12588235294117647,0.7409411764705882,0.13317647058823529,4250
61063,0.22691879866518352,0.6763070077864294,0.0967741935483871,899
61064,0.21025641025641026,0.6728205128205128,0.11692307692307692,975
61065,0.16332378223495703,0.7297039159503342,0.1069723018147087,1047
61066,0.17748344370860927,0.6940397350993377,0.12847682119205298,755
61067,0.13626931058335254,0.7433709937744986,0.12035969564214895,4337
61068,0.18606271777003483,0.7066202090592334,0.1073170731707317,1435
61069,0.1967375185368265,0.6846267918932278,0.11863568956994562,2023
61070,0.1548418024928092,0.7224352828379674,0.12272291466922339,2086
61071,0.19483101391650098,0.6699801192842942,0.13518886679920478,503
61072,0.20819112627986347,0.689419795221843,0.10238907849829351,293
61073,0.20759493670886076,0.6734177215189874,0.1189873417721519,1185
61074,0.19517813267813267,0.6858108108108109,0.1190110565110565,6512
61075,0.18047767393561787,0.7163032191069574,0.10321910695742471,9630
61076,0.21724137931034482,0.6896551724137931,0.09310344827586207,580
61077,0.1628273000429246,0.7165545857776506,0.1206181141794248,6989
61078,0.12688460964323034,0.6932377966860725,0.1798775936706971,13398
61079,0.1835334476843911,0.6895368782161235,0.1269296740994854,583
61080,0.14136546184738955,0.7140562248995984,0.14457831325301204,1245
61081,0.13491707754370239,0.7207530255490812,0.14432989690721648,6693
61082,0.15675271230826787,0.6982167352537723,0.14503055243795984,8019
61083,0.13809649354073292,0.6616398629053519,0.2002636435539151,18965
61084,0.18067226890756302,0.7331932773109243,0.0861344537815126,1428
61085,0.1368119630925867,0.7356029271396755,0.12758510976773782,3143
61086,0.1838827838827839,0.6915750915750916,0.12454212454212454,1365
61087,0.15043432482232166,0.7350618583837852,0.11450381679389313,7598
61088,0.18487199379363847,0.6919317300232739,0.12319627618308766,12890
61089,0.1563383344205262,0.7286366601435095,0.11502500543596433,4599
61090,0.14958091553836234,0.7298517085751128,0.12056737588652482,4653
61091,0.1600834492350487,0.7165507649513213,0.12336578581363004,7190
61092,0.13561571125265393,0.7395169851380042,0.12486730360934183,7536
61093,0.189873417721519,0.6528028933092225,0.15732368896925858,553
61094,0.13660997944309475,0.7287422911605308,0.1346477293963745,10702
61095,0.14685825621042378,0.699220652703361,0.1539210910862153,4106
61096,0.2222222222222222,0.7162698412698413,0.061507936507936505,504
61097,0.14150347441566646,0.7188881869867341,0.1396083385975995,1583
61098,0.1517927244176917,0.7126406699816802,0.1355666056006281,3821
61099,0.20313971742543172,0.6957613814756672,0.1010989010989011,6370
61100,0.1154885186852769,0.7307519135524538,0.15375956776226926,4442
61101,0.17368670137245623,0.7297681022243256,0.09654519640321817,2113
61102,0.15316728770347127,0.728181996469896,0.11865071582663267,5099
61103,0.25398230088495577,0.6483775811209439,0.0976401179941003,3390
61104,0.1528835690968444,0.7225244831338411,0.12459194776931447,3676
62001,0.13955764337443727,0.6823253082795068,0.178117048346056,5109
62002,0.17359134889015368,0.6550939100739898,0.17131474103585656,1757
62003,0.18776312096547854,0.696042660679203,0.11619421835531855,3563
62004,0.1684717208182912,0.6889290012033694,0.14259927797833935,1662
62005,0.15075825156110614,0.7216770740410348,0.12756467439785907,1121
62006,0.19207920792079208,0.6138613861386139,0.19405940594059407,505
62007,0.29745222929936305,0.5949044585987261,0.10764331210191083,1570
62008,0.131681454230686,0.6465050854793335,0.22181346028998053,36968
62009,0.15943728018757328,0.7291910902696366,0.11137162954279015,853
62010,0.1891651865008881,0.7015985790408525,0.10923623445825932,1126
62011,0.20915619389587073,0.6606822262118492,0.13016157989228008,1114
62012,0.1336104513064133,0.6906175771971497,0.17577197149643706,1684
62013,0.22008862629246675,0.620384047267356,0.15952732644017725,677
62014,0.24084778420038536,0.6425818882466281,0.11657032755298652,1038
62015,0.271264367816092,0.6620689655172414,0.06666666666666667,870
62016,0.24166666666666667,0.65,0.10833333333333334,600
62017,0.28627450980392155,0.6333333333333333,0.0803921568627451,1020
62018,0.22745098039215686,0.6483660130718955,0.12418300653594772,765
62019,0.14588528678304238,0.690149625935162,0.1639650872817955,1604
62020,0.3641552511415525,0.5502283105022832,0.08561643835616438,876
62021,0.1794071762870515,0.6778471138845554,0.14274570982839313,1282
62022,0.16939078751857356,0.6612184249628529,0.16939078751857356,2019
62023,0.181640625,0.648046875,0.1703125,2560
62024,0.23229813664596274,0.6291925465838509,0.13850931677018632,1610
62025,0.2193627450980392,0.6415441176470589,0.13909313725490197,1632
62026,0.2189922480620155,0.6868217054263566,0.0941860465116279,2580
62027,0.18694196428571427,0.6830357142857143,0.13002232142857142,1792
62028,0.20233463035019456,0.6840466926070039,0.11361867704280156,1285
62029,0.21231043710972347,0.6601248884924175,0.12756467439785907,2242
62030,0.14845261121856868,0.6832688588007737,0.16827852998065765,2068
62031,0.21756487025948104,0.6746506986027944,0.10778443113772455,1002
62032,0.14520547945205478,0.7589041095890411,0.0958904109589041,730
62033,0.26169590643274854,0.6257309941520468,0.11257309941520467,684
62034,0.20990764063811923,0.6381192275398825,0.15197313182199831,1191
62035,0.16109873793615442,0.6904231625835189,0.14847809948032664,1347
62036,0.24271844660194175,0.6666666666666666,0.09061488673139159,309
62037,0.19546027742749053,0.6645649432534678,0.13997477931904162,3172
62038,0.17366628830874006,0.7109345440786985,0.11539916761256148,2643
62039,0.16195372750642673,0.662382176520994,0.17566409597257926,1167
62040,0.162106135986733,0.7002487562189055,0.13764510779436154,2412
62041,0.20606060606060606,0.651082251082251,0.14285714285714285,1155
62042,0.22265625,0.646484375,0.130859375,1024
62043,0.15463917525773196,0.6853806980499317,0.15998012669233636,8051
62044,0.2374662263584509,0.6247373161212849,0.13779645752026418,3331
62045,0.23402587220697765,0.6515092120736966,0.11446491571932575,2551
62046,0.19919786096256684,0.7252673796791443,0.07553475935828877,1496
62047,0.13463241806908768,0.7378210806023029,0.1275465013286094,1129
62048,0.11695906432748537,0.7151211361737677,0.16791979949874686,1197
62049,0.21004098360655737,0.6588114754098361,0.13114754098360656,976
62050,0.2277526395173454,0.6425339366515838,0.1297134238310709,1326
62051,0.2969543147208122,0.6446700507614214,0.0583756345177665,394
62052,0.18011161846778284,0.6615930999492643,0.1582952815829528,1971
62053,0.18330308529945555,0.6727162734422263,0.14398064125831822,1653
62054,0.17897371714643304,0.6921151439299124,0.12891113892365458,1598
62055,0.18036529680365296,0.6894977168949772,0.13013698630136986,876
62056,0.21454112038140644,0.634088200238379,0.15137067938021453,839
62057,0.23716601621134795,0.6178324827379166,0.1450015010507355,3331
62058,0.1079436258808456,0.6614349775784754,0.23062139654067906,6244
62059,0.27204030226700254,0.618639798488665,0.1093198992443325,1985
62060,0.16059957173447537,0.7146680942184154,0.1247323340471092,1868
62061,0.15244755244755245,0.6902097902097902,0.15734265734265734,1430
62062,0.21008403361344538,0.6722689075630253,0.11764705882352941,1309
62063,0.21561338289962825,0.6301115241635687,0.15427509293680297,538
62064,0.19537160658655986,0.6453048509123276,0.1593235425011126,2247
62065,0.1506849315068493,0.709838107098381,0.13947696139476962,803
62066,0.14922480620155038,0.6627906976744186,0.187984496124031,516
62067,0.12852112676056338,0.676056338028169,0.1954225352112676,2272
62068,0.16155419222903886,0.698159509202454,0.14028629856850716,2445
62069,0.22601626016260162,0.6211382113821138,0.15284552845528454,615
62070,0.19021084337349398,0.673644578313253,0.13614457831325302,6640
62071,0.11535580524344569,0.7235955056179775,0.16104868913857678,2670
62072,0.26303317535545023,0.6113744075829384,0.12559241706161137,422
62073,0.1827865360034086,0.6506178099701747,0.1665956540264167,2347
62074,0.11454778156996587,0.6732081911262798,0.21224402730375427,4688
62075,0.225130890052356,0.6984293193717277,0.07643979057591622,955
62076,0.18882733148661127,0.6888273314866112,0.12234533702677747,2166
62077,0.1577495863210149,0.6867071152785439,0.15554329840044126,1813
62078,0.24260355029585798,0.6479289940828402,0.10946745562130178,338
63001,0.14563818793959799,0.7437914597153239,0.11057035234507817,29999
63002,0.18967966474891682,0.7170963846864123,0.09322395056467078,28158
63003,0.1731260647359455,0.7054940374787053,0.12137989778534923,4696
63004,0.16916262391900444,0.7103986500738241,0.12043872600717148,4741
63005,0.18015210073556914,0.7353197855628973,0.08452811370153347,16042
63006,0.16980490789205357,0.6894160832030454,0.14077900890490108,14711
63007,0.14003680776309185,0.7400033461602811,0.11995984607662707,5977
63008,0.17399307856564317,0.7236580516898609,0.10234886974449599,13581
63009,0.16179299730665642,0.7118122354751828,0.12639476721816084,5198
63010,0.16036123993165732,0.7221137417622651,0.11752501830607762,8194
63011,0.18063654033041787,0.7326287657920311,0.08673469387755102,16464
63012,0.165945859362486,0.723530353996476,0.11052378664103796,6243
63013,0.17359335038363172,0.6751918158567775,0.1512148337595908,3128
63014,0.14388202471104025,0.6966919091271423,0.15942606616181745,5018
63015,0.13948787061994608,0.7055256064690026,0.15498652291105122,1484
63016,0.17783752640676012,0.7158632609948147,0.1062992125984252,10414
63017,0.1480337313183602,0.7477248058779327,0.10424146280370711,23954
63018,0.09057782404997397,0.724102030192608,0.185320145757418,1921
63019,0.12859180762176484,0.7330344405950683,0.1383737517831669,4907
63020,0.1918613646913198,0.7179328485223581,0.09020578678632214,6463
63021,0.16083539670578104,0.7414145763806653,0.09775002691355367,9289
63022,0.20396145610278374,0.7291220556745182,0.06691648822269808,1868
63023,0.16294501790604593,0.7289603960396039,0.10809458605435011,37976
63024,0.15055182678536325,0.695442163497992,0.15400600971664466,35609
63025,0.1612663863467722,0.7247093742270592,0.11402423942616868,4043
63026,0.16011389771109408,0.7120797283977659,0.12780637389114008,9131
63027,0.15978037062457104,0.6982841455044613,0.14193548387096774,7285
63028,0.14621284755512942,0.6929530201342282,0.1608341323106424,4172
63029,0.1627689429373246,0.6548175865294668,0.1824134705332086,1069
63030,0.19197496778943493,0.7251978648996871,0.08282716731087797,5433
63031,0.13411567476948869,0.7150973270000931,0.1507869982304182,10737
63032,0.17914079006338435,0.6586849350150458,0.16217427492156988,15619
63033,0.18453541260558803,0.7198180636777128,0.09564652371669916,7695
63034,0.14849732876825616,0.7340842554458393,0.11741841578590449,60459
63035,0.14913235576615227,0.7140295831465711,0.1368380610872767,15617
63036,0.20419147961520842,0.6815162620247366,0.11429225836005497,8732
63037,0.13191592172022226,0.7047596037690264,0.16332447451075138,12417
63038,0.14634974533106962,0.6923599320882853,0.16129032258064516,2945
63039,0.17713365539452497,0.734621578099839,0.08824476650563608,3105
63040,0.15952890792291222,0.6852248394004282,0.15524625267665954,934
63041,0.1460510245623558,0.7304247523408876,0.12352422309675669,29476
63042,0.13737565135007104,0.7119848413074372,0.1506395073424917,4222
63043,0.139198949441891,0.6936071151435563,0.16719393541455263,16753
63044,0.1683079677708147,0.7174350940017905,0.11425693822739481,8936
63045,0.1630297565374211,0.7437932070934776,0.0931770363691013,16635
63046,0.12338449111470114,0.6918416801292407,0.18477382875605816,4952
63047,0.18101415094339623,0.6842570754716981,0.13472877358490565,6784
63048,0.14719837324898327,0.7320944419340262,0.12070718481699051,17704
63049,0.15905598955694022,0.6712969907285412,0.16964701971451854,493342
63050,0.14711857687924285,0.668153213418562,0.18472820970219514,20181
63051,0.16132915964363112,0.6931535436230837,0.14551729673328517,12459
63052,0.17877629063097514,0.6819311663479923,0.1392925430210325,10460
63053,0.13306102240376283,0.6859759871271197,0.18096299046911746,8079
63054,0.17097170971709716,0.7506150061500615,0.07841328413284133,3252
63055,0.16454334877564528,0.7203011250827267,0.11515552614162806,12088
63056,0.14161724287574134,0.7085201793721974,0.14986257775206133,6913
63057,0.14459137220897464,0.6903533492304357,0.16505527856058963,23065
63058,0.16005158332139274,0.6793953288436739,0.16055308783493338,13958
63059,0.14157977985086673,0.6529907356596404,0.2054294844894929,30979
63060,0.16494594922871372,0.6930402040568444,0.1420138467144419,41165
63061,0.14367020458391017,0.6888171050607599,0.16751269035532995,6501
63062,0.17788584591758383,0.746352700281546,0.07576145380087024,11721
63063,0.1504207242129148,0.7381109955563959,0.11146828023068923,21154
63064,0.1901797525484398,0.6895183254221461,0.12030192202941406,25702
63065,0.1887966804979253,0.6859439834024896,0.12525933609958506,3856
63066,0.16541462005200808,0.680439179427911,0.1541462005200809,6922
63067,0.14809466506217409,0.6856799037304453,0.16622543120738068,24930
63068,0.1752738654147105,0.6941471048513302,0.13057902973395932,15975
63069,0.130622009569378,0.6593301435406699,0.21004784688995215,2090
63070,0.12704280155642023,0.6517509727626459,0.22120622568093384,5140
63071,0.12581843921429836,0.6839497434082463,0.19023181737745531,5651
63072,0.152878841398799,0.7051218650653479,0.14199929353585306,14155
63073,0.1866584226435834,0.7173674086287442,0.09597416872767243,14556
63074,0.16769329778431552,0.7331065551163004,0.09920014709938402,10877
63075,0.13213793103448276,0.7062068965517241,0.1616551724137931,3625
63076,0.15592604467243776,0.6934915036870792,0.15058245164048306,9357
63077,0.11708355508249069,0.7025013304949441,0.1804151144225652,3758
63078,0.14906832298136646,0.7427536231884058,0.10817805383022774,1932
63079,0.15376951179010295,0.7136610207018709,0.13256946750802612,18066
63080,0.1323859386686612,0.681282722513089,0.18633133881824981,10696
63081,0.1679525222551929,0.7268051434223541,0.10524233432245302,5055
63082,0.174172483674848,0.7266381445620356,0.09918937176311642,8882
63083,0.15231343998467287,0.7103170801800939,0.13736947983523326,20878
63084,0.174082531774041,0.697368117546652,0.1285493506793071,43353
63085,0.13219512195121952,0.7448780487804878,0.12292682926829268,2050
63086,0.1512718600953895,0.7027821939586646,0.14594594594594595,12580
63087,0.14429959100204498,0.7322980572597138,0.12340235173824131,15648
63088,0.18206614387998638,0.6904193658370269,0.1275144902829867,2933
63089,0.14637546468401488,0.7377633209417596,0.11586121437422553,12912
63090,0.16959876543209876,0.7229938271604939,0.10740740740740741,6480
63091,0.13196002447481134,0.6910055068325515,0.17703446869263717,4903
63092,0.18485086342229198,0.7142857142857143,0.10086342229199372,2548
64001,0.13298722044728434,0.6984824281150159,0.16853035143769968,2504
64002,0.15371762740183792,0.7243107769423559,0.12197159565580618,2394
64003,0.22432859399684044,0.6579778830963665,0.11769352290679305,1266
64004,0.2231404958677686,0.6593204775022957,0.11753902662993572,1089
64005,0.19845707410290891,0.6534786609101847,0.14806426498690636,14129
64006,0.1356768885564697,0.6896035901271503,0.17471952131637997,6685
64007,0.16997167138810199,0.6923076923076923,0.1377206363042057,4589
64008,0.11231750531537917,0.6228490432317505,0.2648334514528703,35275
64009,0.16642120765832105,0.7059401080019637,0.12763868433971526,2037
64010,0.15280739161336176,0.6751954513148543,0.17199715707178392,2814
64011,0.19080197643481567,0.6674268339034588,0.14177118966172558,2631
64012,0.17294281729428174,0.693863319386332,0.13319386331938632,1434
64013,0.3739130434782609,0.5304347826086957,0.09565217391304348,230
64014,0.2239101717305152,0.6505944517833554,0.12549537648612946,1514
64015,0.20843446601941748,0.6589805825242718,0.1325849514563107,3296
64016,0.14689265536723164,0.748587570621469,0.10451977401129943,708
64017,0.20277136258660508,0.6480369515011547,0.1491916859122402,2165
64018,0.15778688524590165,0.6816939890710383,0.16051912568306012,1464
64019,0.19581958195819582,0.6391639163916392,0.16501650165016502,909
64020,0.22169362511893434,0.6736441484300666,0.10466222645099905,1051
64021,0.18556701030927836,0.7061855670103093,0.10824742268041238,582
64022,0.16310160427807488,0.7219251336898396,0.11497326203208556,748
64023,0.22424722662440572,0.6561014263074485,0.1196513470681458,1262
64024,0.1630859375,0.69140625,0.1455078125,1024
64025,0.14890226628895184,0.6917492917847026,0.15934844192634562,5648
64026,0.11524163568773234,0.7261462205700124,0.15861214374225527,1614
64027,0.14551083591331268,0.7151702786377709,0.1393188854489164,323
64028,0.19169096209912537,0.6858600583090378,0.12244897959183673,1372
64029,0.16057142857142856,0.72,0.11942857142857143,1750
64030,0.1938061938061938,0.6433566433566433,0.16283716283716285,1001
64031,0.1299638989169675,0.7274368231046932,0.14259927797833935,1108
64032,0.19822320932815102,0.6674069961132704,0.13436979455857856,1801
64033,0.1812926957435628,0.6600105097214923,0.1586967945349448,1903
64034,0.1665556295802798,0.7298467688207861,0.10359760159893404,3002
64035,0.18520032706459524,0.687653311529027,0.12714636140637775,2446
64036,0.1549107142857143,0.6674107142857143,0.17767857142857144,2240
64037,0.32,0.5955555555555555,0.08444444444444445,450
64038,0.15824441312663579,0.6986108314878197,0.14314475538554458,4967
64039,0.13606010016694492,0.6936560934891486,0.17028380634390652,1198
64040,0.23444976076555024,0.6220095693779905,0.14354066985645933,1254
64041,0.15330339961513792,0.6651699807568955,0.18152661962796665,1559
64042,0.16102564102564101,0.6820512820512821,0.15692307692307692,975
64043,0.1459265890778872,0.6468218442256043,0.20725156669650852,2234
64044,0.1782006920415225,0.6646070192782996,0.15719228868017796,4046
64045,0.13212795549374132,0.6995827538247567,0.16828929068150209,719
64046,0.14677574590952838,0.7016361886429259,0.15158806544754572,2078
64047,0.15503875968992248,0.6821705426356589,0.16279069767441862,1032
64048,0.23758278145695363,0.6829470198675497,0.07947019867549669,1208
64049,0.11085821395099746,0.6722452804927032,0.21689650555629936,7469
64050,0.16924436588599204,0.6659301811754308,0.16482545293857712,4526
64051,0.25190839694656486,0.5954198473282443,0.15267175572519084,262
64052,0.23031825795644892,0.6511725293132329,0.11850921273031825,2388
64053,0.17329545454545456,0.7206439393939394,0.10606060606060606,2112
64054,0.11072614407391367,0.7063663923776526,0.18290746354843365,6927
64055,0.15285714285714286,0.715,0.13214285714285715,1400
64056,0.1908763505402161,0.6242496998799519,0.18487394957983194,833
64057,0.19052481110884215,0.6697978354094344,0.1396773534817235,4897
64058,0.22878625134264233,0.6756176154672395,0.09559613319011816,1862
64059,0.16478622327790973,0.6823040380047506,0.15290973871733968,3368
64060,0.22291666666666668,0.6770833333333334,0.1,480
64063,0.25616921269095183,0.6392479435957696,0.1045828437132785,851
64064,0.14639397201291712,0.7631862217438106,0.09041980624327234,929
64065,0.1400183430143687,0.6903087740752064,0.16967288291042495,3271
64066,0.23180291153415453,0.6573348264277715,0.11086226203807391,2679
64067,0.1189146049481245,0.7110933758978452,0.16999201915403034,1253
64068,0.11349419124218052,0.7247542448614834,0.16175156389633602,1119
64069,0.18357487922705315,0.6763285024154589,0.14009661835748793,414
64070,0.18058252427184465,0.6757281553398058,0.1436893203883495,1545
64071,0.23837209302325582,0.6802325581395349,0.08139534883720931,172
64072,0.17651757188498401,0.6333865814696485,0.1900958466453674,1252
64073,0.21600877192982457,0.6732456140350878,0.11074561403508772,912
64074,0.16541353383458646,0.6928860613071139,0.1417004048582996,1729
64075,0.1337719298245614,0.7065789473684211,0.15964912280701754,2280
64076,0.11739130434782609,0.7434782608695653,0.1391304347826087,1150
64077,0.15671641791044777,0.7155887230514096,0.12769485903814262,1206
64078,0.14214641080312723,0.7313432835820896,0.12651030561478321,1407
64079,0.19930675909878684,0.6707105719237435,0.12998266897746968,577
64080,0.14450600184672208,0.6643582640812558,0.19113573407202217,2166
64081,0.1446280991735537,0.6508264462809917,0.20454545454545456,484
64082,0.2047872340425532,0.6622340425531915,0.13297872340425532,752
64083,0.15443478260869564,0.7088695652173913,0.13669565217391305,2875
64084,0.14622950819672131,0.7016393442622951,0.1521311475409836,1525
64085,0.15467625899280577,0.6672661870503597,0.17805755395683454,556
64086,0.15172413793103448,0.6945812807881774,0.15369458128078817,1015
64087,0.22932330827067668,0.6635338345864662,0.10714285714285714,1064
64088,0.21928817451205512,0.6567164179104478,0.12399540757749714,871
64089,0.17647058823529413,0.6281156530408774,0.19541375872382852,1003
64090,0.23694029850746268,0.6156716417910447,0.14738805970149255,536
64091,0.226457399103139,0.7017937219730942,0.07174887892376682,446
64092,0.22350396539293438,0.638788752703677,0.1377072819033886,2774
64093,0.17866323907455012,0.6748071979434447,0.14652956298200515,778
64095,0.1714077315827863,0.6863603209336251,0.1422319474835886,1371
64096,0.25591098748261476,0.6369958275382476,0.1070931849791377,719
64097,0.2542997542997543,0.6130221130221131,0.13267813267813267,814
64098,0.19553072625698323,0.6852886405959032,0.1191806331471136,537
64099,0.2033476589007012,0.691020131192038,0.1056322099072608,4421
64100,0.1038961038961039,0.7408500590318772,0.1552538370720189,1694
64101,0.16516092603049123,0.7147092038396387,0.12012987012987013,7084
64102,0.1736842105263158,0.6605263157894737,0.16578947368421051,380
64103,0.14042357274401474,0.7007366482504604,0.15883977900552487,2172
64104,0.1681462140992167,0.6616187989556136,0.17023498694516973,1915
64105,0.14128256513026052,0.7114228456913828,0.14729458917835672,998
64106,0.18387413962635202,0.6892822025565388,0.12684365781710916,1017
64107,0.14120841819416158,0.691785471826205,0.1670061099796334,1473
64108,0.22870370370370371,0.6388888888888888,0.13240740740740742,1080
64109,0.2054093567251462,0.6878654970760234,0.1067251461988304,1368
64110,0.16835443037974684,0.7025316455696202,0.1291139240506329,790
64111,0.2740740740740741,0.6259259259259259,0.1,270
64112,0.24673202614379086,0.6339869281045751,0.119281045751634,612
64113,0.19408502772643252,0.6654343807763401,0.14048059149722736,541
64114,0.21252796420581654,0.6185682326621924,0.16890380313199105,1788
64115,0.2297142857142857,0.6228571428571429,0.14742857142857144,875
64116,0.15247524752475247,0.633003300330033,0.2145214521452145,1515
64117,0.18696397941680962,0.6843910806174958,0.12864493996569468,583
64118,0.2066420664206642,0.7130996309963099,0.08025830258302583,1084
64119,0.217896865520728,0.6739130434782609,0.10819009100101112,1978
64120,0.21168831168831168,0.6727272727272727,0.11558441558441558,770
64121,0.1550447658402204,0.7291666666666666,0.11578856749311295,11616
65001,0.1766304347826087,0.7396739130434783,0.08369565217391305,1840
65002,0.13395057119390727,0.6648995744045397,0.20114985440155306,13393
65003,0.18578465869106264,0.6988036593947924,0.11541168191414497,4263
65004,0.1888111888111888,0.7272727272727273,0.08391608391608392,572
65005,0.18283093053735255,0.68173875054609,0.13543031891655744,4578
65006,0.13949433304272013,0.7027027027027027,0.15780296425457715,3441
65007,0.13549226688022423,0.7106962310425947,0.15381150207718103,19979
65008,0.201417004048583,0.6761133603238867,0.12246963562753037,988
65009,0.17568238213399504,0.6665012406947891,0.15781637717121588,4030
65010,0.1858573216520651,0.6933667083854819,0.12077596996245307,1598
65011,0.16758747697974216,0.6703499079189686,0.16206261510128914,543
65012,0.1908713692946058,0.7219917012448133,0.08713692946058091,1446
65013,0.13037542662116042,0.6713798147245246,0.19824475865431496,10255
65014,0.15097009528002264,0.6842237665482217,0.1648061381717556,31801
65015,0.1891891891891892,0.6486486486486487,0.16216216216216217,518
65016,0.13431516936671575,0.7225331369661266,0.14315169366715758,3395
65017,0.2207593386405389,0.6454378444580526,0.13380281690140844,3266
65018,0.18684895833333334,0.6966145833333334,0.11653645833333333,1536
65019,0.22184684684684686,0.6458333333333334,0.13231981981981983,1776
65020,0.17117117117117117,0.6948198198198198,0.134009009009009,888
65021,0.19876041889292584,0.684761701218209,0.11647787988886514,4679
65022,0.16216216216216217,0.7109663620454988,0.1268714757923391,10286
65023,0.26022304832713755,0.5353159851301115,0.20446096654275092,269
65024,0.18633540372670807,0.6847826086956522,0.12888198757763975,644
65025,0.17526127612761278,0.6891501650165016,0.13558855885588558,14544
65026,0.20994475138121546,0.6878453038674033,0.10220994475138122,724
65027,0.3251072961373391,0.6062231759656652,0.06866952789699571,932
65028,0.1539758359089632,0.6942961506041023,0.15172801348693454,3559
65029,0.22230710466004583,0.6684491978609626,0.1092436974789916,1309
65030,0.2741652021089631,0.6239015817223199,0.10193321616871705,1138
65031,0.15326278659611994,0.6839506172839506,0.16278659611992946,5670
65032,0.14770797962648557,0.7340124504810414,0.11827956989247312,1767
65033,0.24736842105263157,0.6789473684210526,0.07368421052631578,380
65034,0.12406738868832731,0.7098676293622141,0.16606498194945848,8310
65035,0.20024798512089276,0.6509609423434594,0.14879107253564786,1613
65036,0.1353558926487748,0.7607934655775963,0.10385064177362893,857
65037,0.1516743912788041,0.6742607219792415,0.17406488674195444,30638
65038,0.17844827586206896,0.7163793103448276,0.10517241379310345,1160
65039,0.16464275628353572,0.7161818695283818,0.11917537418808247,3541
65040,0.1747394236664623,0.6873083997547517,0.13795217657878603,1631
65041,0.23002240477968633,0.6422703510082151,0.1277072442120986,1339
65042,0.21676646706586827,0.6958083832335329,0.08742514970059881,835
65043,0.17610837438423646,0.7463054187192119,0.07758620689655173,2436
65044,0.16299559471365638,0.6916299559471366,0.14537444933920704,454
65045,0.22279792746113988,0.6286701208981001,0.14853195164075994,579
65046,0.12010796221322537,0.7318938371569951,0.14799820062977959,2223
65047,0.14860259032038173,0.721881390593047,0.12951601908657123,1467
65048,0.24742268041237114,0.5618556701030928,0.19072164948453607,388
65049,0.208,0.632,0.16,375
65050,0.16748894181694454,0.6887972099353522,0.1437138482477033,23512
65051,0.21734104046242775,0.6393063583815028,0.14335260115606938,865
65052,0.13932505273025544,0.6728380595265995,0.18783688774314505,8534
65053,0.18201284796573874,0.683083511777302,0.1349036402569593,467
65054,0.1879021879021879,0.6666666666666666,0.14543114543114544,777
65055,0.14917302798982188,0.7143765903307888,0.1364503816793893,3144
65056,0.1772819472616633,0.7121027721433401,0.11061528059499662,7395
65057,0.18115055079559364,0.6891064871481029,0.12974296205630356,817
65058,0.1836734693877551,0.6866746698679472,0.12965186074429771,833
65059,0.11521418020679468,0.7163958641063516,0.16838995568685378,677
65060,0.1395973154362416,0.7261744966442953,0.1342281879194631,745
65061,0.21414141414141413,0.6737373737373737,0.11212121212121212,990
65062,0.16306483300589392,0.6463654223968566,0.1905697445972495,509
65063,0.22573363431151242,0.7065462753950339,0.06772009029345373,886
65064,0.22695035460992907,0.6879432624113475,0.0851063829787234,705
65065,0.24288840262582057,0.6608315098468271,0.0962800875273523,457
65066,0.1624799572421165,0.7017637626937466,0.13575628006413681,3742
65067,0.15088488882166087,0.6919528059295115,0.1571623052488277,13222
65068,0.14486486486486486,0.7135135135135136,0.14162162162162162,1850
65069,0.1648444070647603,0.6248948696383515,0.21026072329688814,1189
65070,0.23422644770959378,0.6793431287813311,0.08643042350907519,1157
65071,0.16360505166475317,0.6865671641791045,0.14982778415614237,1742
65072,0.11069502696225285,0.7508987417615338,0.1384062312762133,6676
65073,0.16844884488448844,0.7207920792079208,0.11075907590759076,7575
65074,0.23249299719887956,0.6162464985994398,0.15126050420168066,357
65075,0.27680311890838205,0.6062378167641326,0.11695906432748537,1026
65076,0.21388686574411264,0.6802621995630007,0.10585093469288662,4119
65077,0.2747524752475248,0.6311881188118812,0.09405940594059406,404
65078,0.1456837877040949,0.6829694647971138,0.17134674749879122,26887
65079,0.14676034348165495,0.7180469803420623,0.13519267617628272,14091
65080,0.12159468438538205,0.7315614617940199,0.146843853820598,1505
65081,0.15816993464052287,0.7189542483660131,0.12287581699346405,1530
65082,0.17858026218154835,0.7103635913925302,0.11105614642592135,4043
65083,0.17860016090104586,0.6991150442477876,0.12228479485116653,2486
65084,0.20903954802259886,0.6939736346516008,0.09698681732580038,1062
65085,0.30486202365308807,0.5545335085413929,0.14060446780551905,761
65086,0.2834101382488479,0.5921658986175116,0.12442396313364056,434
65087,0.18870867124142232,0.6930754834684966,0.1182158452900811,3206
65088,0.1541312177044731,0.7085442872801294,0.13732449501539745,19159
65089,0.19397865853658536,0.7096036585365854,0.09641768292682927,2624
65090,0.12967693463561233,0.6713749060856499,0.1989481592787378,6655
65091,0.19574468085106383,0.668936170212766,0.13531914893617022,1175
65092,0.2015625,0.690625,0.1078125,640
65093,0.18009478672985782,0.6658767772511849,0.15402843601895735,422
65094,0.17759562841530055,0.726775956284153,0.09562841530054644,732
65095,0.21889400921658986,0.6417050691244239,0.13940092165898618,868
65096,0.20911949685534592,0.6257861635220126,0.1650943396226415,1908
65097,0.18350824587706147,0.6761619190404797,0.14032983508245878,3335
65098,0.18869123252858958,0.6353240152477764,0.17598475222363405,1574
65099,0.15975907925338423,0.6983719959448983,0.14186892480171745,16769
65100,0.15171650055370986,0.7264673311184939,0.12181616832779624,2709
65101,0.212298682284041,0.7115666178623719,0.07613469985358712,1366
65102,0.199155524278677,0.6966924700914848,0.10415200562983815,1421
65103,0.125,0.7543604651162791,0.12063953488372094,688
65104,0.1434308663224326,0.708548479632817,0.14802065404475043,1743
65105,0.2862547288776797,0.6103404791929382,0.1034047919293821,793
65106,0.18760575296108292,0.687605752961083,0.12478849407783418,4728
65107,0.21067415730337077,0.7059925093632958,0.08333333333333333,1068
65108,0.13724351529229578,0.6976384049554781,0.1651180797522261,5166
65109,0.23085714285714284,0.688,0.08114285714285714,875
65110,0.16015625,0.74609375,0.09375,256
65111,0.23296703296703297,0.6329670329670329,0.13406593406593406,455
65112,0.15308151093439365,0.7554671968190855,0.09145129224652088,503
65113,0.34355828220858897,0.5429447852760736,0.11349693251533742,326
65114,0.16519060454370427,0.6987549736875882,0.1360544217687075,7791
65115,0.13745980707395497,0.7234726688102894,0.13906752411575563,1244
65116,0.12111621535445624,0.6028531276939973,0.27603065695154644,84679
65117,0.3037249283667622,0.6217765042979942,0.07449856733524356,349
65118,0.14655380894800485,0.7182587666263603,0.13518742442563483,4135
65119,0.21286701208981001,0.6649395509499136,0.12219343696027633,2316
65120,0.25274725274725274,0.6214108472172988,0.12584190003544843,2821
65121,0.11688311688311688,0.7298701298701299,0.15324675324675324,1540
65122,0.16509126466753585,0.7234354628422425,0.11147327249022164,6136
65123,0.21835443037974683,0.6218354430379747,0.15981012658227847,632
65124,0.2551546391752577,0.6185567010309279,0.12628865979381443,388
65125,0.15879017013232513,0.6984877126654064,0.14272211720226843,1058
65126,0.21371769383697814,0.7067594433399602,0.07952286282306163,1006
65127,0.1937618147448015,0.693289224952741,0.11294896030245746,2116
65128,0.24484536082474226,0.5979381443298969,0.15721649484536082,388
65129,0.1482758620689655,0.6683908045977012,0.18333333333333332,1740
65130,0.16578066548533177,0.7160858436700138,0.11813349084465447,5079
65131,0.25806451612903225,0.6548387096774193,0.08709677419354839,310
65132,0.16538401130830846,0.7290717763467881,0.10554421234490341,6367
65133,0.21843207660083783,0.6660682226211849,0.11549970077797726,1671
65134,0.14002795899347623,0.6733457595526561,0.18662628145386767,4292
65135,0.17543184068654416,0.7055231598635714,0.11904499944988448,18178
65136,0.18892508143322476,0.6938110749185668,0.11726384364820847,3070
65137,0.14376801152737753,0.7105187319884726,0.14571325648414984,27760
65138,0.21042084168336672,0.6613226452905812,0.1282565130260521,998
65139,0.1782178217821782,0.698019801980198,0.12376237623762376,202
65140,0.15802781289506954,0.7345132743362832,0.10745891276864729,2373
65141,0.17790697674418604,0.7116279069767442,0.11046511627906977,860
65142,0.14015887025595763,0.711738746690203,0.14810238305383935,5665
65143,0.19531615925058549,0.7016393442622951,0.10304449648711944,2135
65144,0.26422764227642276,0.6097560975609756,0.12601626016260162,492
65145,0.20388349514563106,0.6466019417475728,0.14951456310679612,515
65146,0.2265999583072754,0.6378986866791745,0.13550135501355012,4797
65147,0.1256198347107438,0.7082644628099174,0.16611570247933885,1210
65148,0.17216117216117216,0.7435897435897436,0.08424908424908426,819
65149,0.17816527672479152,0.6990144048521607,0.12282031842304776,1319
65150,0.24477611940298508,0.6417910447761194,0.11343283582089553,335
65151,0.19221789883268484,0.7120622568093385,0.09571984435797666,2570
65152,0.14838709677419354,0.7327188940092166,0.11889400921658987,1085
65153,0.20918367346938777,0.6632653061224489,0.12755102040816327,196
65154,0.13155935988090808,0.6377000372162263,0.23074060290286566,5374
65155,0.209009009009009,0.6873873873873874,0.1036036036036036,1110
65156,0.15804195804195803,0.6787878787878788,0.16317016317016317,2145
65157,0.15676386757290067,0.6871300153475115,0.1561061170795878,4561
65158,0.16927436244918073,0.7235431809781939,0.10718245657262536,8117
66001,0.288,0.612,0.1,250
66002,0.16372093023255813,0.6753488372093023,0.16093023255813954,1075
66003,0.12063953488372094,0.6744186046511628,0.20494186046511628,688
66004,0.14453125,0.67578125,0.1796875,256
66005,0.18074866310160428,0.6898395721925134,0.12941176470588237,935
66006,0.11489238977612748,0.6633981037528389,0.22170950647103357,27739
66007,0.21571362157136215,0.6978149697814969,0.08647140864714087,2151
66008,0.20044052863436124,0.6850220264317181,0.1145374449339207,454
66009,0.1390625,0.72265625,0.13828125,1280
66010,0.20650095602294455,0.6806883365200764,0.11281070745697896,523
66011,0.3273809523809524,0.5297619047619048,0.14285714285714285,168
66012,0.16983523447401774,0.697084917617237,0.13307984790874525,789
66013,0.21788990825688073,0.698394495412844,0.08371559633027523,872
66014,0.16806722689075632,0.7478991596638656,0.08403361344537816,119
66015,0.14748784440842788,0.6450567260940032,0.20745542949756887,617
66016,0.2442159383033419,0.6735218508997429,0.08226221079691516,389
66017,0.1990811638591118,0.6937212863705973,0.10719754977029096,653
66018,0.18274111675126903,0.5989847715736041,0.2182741116751269,197
66019,0.23376623376623376,0.6525974025974026,0.11363636363636363,616
66020,0.2267080745341615,0.6428571428571429,0.13043478260869565,3220
66021,0.18141592920353983,0.7146017699115044,0.10398230088495575,452
66022,0.164021164021164,0.6825396825396826,0.15343915343915343,189
66023,0.22556390977443608,0.6867167919799498,0.08771929824561403,399
66024,0.078125,0.828125,0.09375,64
66025,0.1369782480893592,0.7422104644326867,0.12081128747795414,3402
66026,0.2033898305084746,0.632768361581921,0.1638418079096045,354
66027,0.16666666666666666,0.618421052631579,0.2149122807017544,228
66028,0.11334473909324208,0.6802822925577416,0.20637296834901625,4676
66029,0.22535211267605634,0.7261345852895149,0.048513302034428794,639
66030,0.23148148148148148,0.7037037037037037,0.06481481481481481,108
66031,0.2922374429223744,0.6133942161339422,0.0943683409436834,657
66032,0.1806010539809144,0.6699900299102692,0.1494089161088164,7021
66033,0.1877890841813136,0.6938020351526365,0.11840888066604996,1081
66034,0.18446601941747573,0.7249190938511327,0.09061488673139159,618
66035,0.22746781115879827,0.575107296137339,0.19742489270386265,233
66036,0.16525212181727408,0.7289066400399401,0.10584123814278582,2003
66037,0.3147208121827411,0.6142131979695431,0.07106598984771574,197
66038,0.16286644951140064,0.6596091205211726,0.1775244299674267,614
66039,0.15853658536585366,0.6940133037694013,0.14745011086474502,902
66040,0.2323943661971831,0.6830985915492958,0.08450704225352113,142
66041,0.14111261872455902,0.7164179104477612,0.14246947082767977,737
66042,0.1103202846975089,0.7722419928825622,0.11743772241992882,281
66043,0.1990521327014218,0.6018957345971564,0.1990521327014218,211
66044,0.13861386138613863,0.6811881188118812,0.1801980198019802,505
66045,0.14367816091954022,0.7068965517241379,0.14942528735632185,174
66046,0.1996879875195008,0.6786271450858035,0.12168486739469579,1282
66047,0.18508997429305912,0.6838046272493573,0.13110539845758354,389
66048,0.1456176673567978,0.6721877156659766,0.18219461697722567,1449
66049,0.10136009093403363,0.6337161447105397,0.26492376435542664,51026
66050,0.16952380952380952,0.7,0.13047619047619047,1050
66051,0.20408671816596063,0.6875155743832544,0.10839770745078495,4013
66052,0.16236722306525037,0.6722306525037937,0.165402124430956,659
66053,0.17380352644836272,0.6905961376994123,0.13560033585222503,2382
66054,0.1337386018237082,0.6443768996960486,0.22188449848024316,987
66055,0.18181818181818182,0.7007575757575758,0.11742424242424243,264
66056,0.2303951367781155,0.6662613981762918,0.1033434650455927,1645
66057,0.23233532934131737,0.6898203592814371,0.07784431137724551,835
66058,0.20050761421319796,0.6649746192893401,0.13451776649746192,394
66059,0.10618436406067679,0.6989498249708285,0.19486581096849476,857
66060,0.16819571865443425,0.7125382262996942,0.11926605504587157,327
66061,0.17275747508305647,0.6976744186046512,0.12956810631229235,301
66062,0.14921780986762936,0.7521058965102286,0.098676293622142,831
66063,0.31805929919137466,0.555256064690027,0.12668463611859837,371
66064,0.16318638824439288,0.7300850734725445,0.10672853828306264,1293
66065,0.16135662898252826,0.6526207605344296,0.18602261048304214,973
66066,0.179456906729634,0.6706021251475797,0.14994096812278632,847
66067,0.19080459770114944,0.7149425287356321,0.09425287356321839,435
66068,0.12803676953381485,0.7104399212081418,0.16152330925804334,1523
66069,0.19626168224299065,0.6588785046728972,0.14485981308411214,2782
66070,0.1542111506524318,0.6619217081850534,0.18386714116251482,843
66071,0.15090735434574976,0.7020057306590258,0.14708691499522444,1047
66072,0.10927035600986958,0.7419809658089531,0.1487486781811773,2837
66073,0.13432835820895522,0.7177747625508819,0.14789687924016282,737
66074,0.14534883720930233,0.7383720930232558,0.11627906976744186,344
66075,0.1421359223300971,0.7027184466019417,0.15514563106796117,5150
66076,0.21602288984263232,0.6452074391988555,0.13876967095851217,699
66077,0.12695109261186263,0.7117585848074922,0.16129032258064516,1922
66078,0.1431159420289855,0.6195652173913043,0.23731884057971014,552
66079,0.1812366737739872,0.7121535181236673,0.10660980810234541,469
66080,0.15934959349593497,0.7414634146341463,0.0991869918699187,615
66081,0.13903743315508021,0.6684491978609626,0.1925133689839572,374
66082,0.14146772767462423,0.6569407603890363,0.20159151193633953,1131
66083,0.2,0.5657142857142857,0.2342857142857143,175
66084,0.13373083475298125,0.6771720613287905,0.1890971039182283,1174
66085,0.18029739776951673,0.6784386617100372,0.1412639405204461,2690
66086,0.3855421686746988,0.4819277108433735,0.13253012048192772,83
66087,0.12547528517110265,0.7064638783269962,0.16806083650190115,1315
66088,0.15348837209302327,0.6511627906976745,0.19534883720930232,430
66089,0.2236503856041131,0.6902313624678663,0.08611825192802057,778
66090,0.1056338028169014,0.7429577464788732,0.15140845070422534,284
66091,0.2079207920792079,0.6237623762376238,0.16831683168316833,101
66092,0.2412129565816678,0.6623018607856651,0.09648518263266713,1451
66093,0.2344569288389513,0.6456928838951311,0.1198501872659176,1335
66094,0.22962962962962963,0.6691358024691358,0.10123456790123457,405
66095,0.10065309258547829,0.6630810603150211,0.23626584709950058,2603
66096,0.14698022447888828,0.6819882415820417,0.17103153393907003,1871
66097,0.20675105485232068,0.7637130801687764,0.029535864978902954,237
66098,0.1285568188654274,0.660590747759129,0.21085243337544365,16623
66099,0.14121362508459281,0.7067448680351907,0.15204150688021656,4433
66100,0.3130434782608696,0.5478260869565217,0.1391304347826087,230
66101,0.16273584905660377,0.6858490566037736,0.15141509433962264,2120
66102,0.1908845871110022,0.6856162705219309,0.1234991423670669,4081
66103,0.2209026128266033,0.6603325415676959,0.1187648456057007,421
66104,0.2891566265060241,0.4819277108433735,0.2289156626506024,83
66105,0.0847457627118644,0.6836158192090396,0.23163841807909605,354
66106,0.1639871382636656,0.729903536977492,0.10610932475884244,622
66107,0.18640350877192982,0.7083333333333334,0.10526315789473684,456
66108,0.15580286168521462,0.6677265500794912,0.17647058823529413,629
67001,0.14897092453446587,0.6881193509746271,0.1629097244909071,9183
67002,0.15751960085531005,0.7099073414112615,0.13257305773342837,1403
67003,0.22203389830508474,0.6915254237288135,0.08644067796610169,590
67004,0.18189070602313523,0.658157159952134,0.15995213402473074,7521
67005,0.16976604679064186,0.6946610677864428,0.13557288542291543,1667
67006,0.17287128712871286,0.7079207920792079,0.1192079207920792,5050
67007,0.19402985074626866,0.7124901806755696,0.09347996857816182,1273
67008,0.1655241935483871,0.7163306451612903,0.11814516129032258,4960
67009,0.16833205226748654,0.7102229054573405,0.12144504227517294,1301
67010,0.22522522522522523,0.6876876876876877,0.08708708708708708,333
67011,0.15398058252427185,0.7207766990291262,0.12524271844660195,5150
67012,0.1708542713567839,0.7060301507537688,0.12311557788944724,796
67013,0.21645569620253163,0.6753164556962026,0.10822784810126582,1580
67014,0.2169260700389105,0.6819066147859922,0.10116731517509728,1028
67015,0.17657550535077288,0.7413793103448276,0.08204518430439953,1682
67016,0.2560646900269542,0.6594788858939802,0.08445642407906559,1113
67017,0.1928095100028994,0.7002029573789504,0.1069875326181502,3449
67018,0.1725752508361204,0.7183946488294315,0.10903010033444815,1495
67019,0.16809116809116809,0.7158119658119658,0.11609686609686609,2808
67020,0.20966767371601208,0.6652567975830815,0.12507552870090635,1655
67021,0.1619757174392936,0.6959161147902869,0.14210816777041943,3624
67022,0.21621621621621623,0.6756756756756757,0.10810810810810811,444
67023,0.24049079754601227,0.6748466257668712,0.08466257668711656,815
67024,0.18840579710144928,0.6231884057971014,0.18840579710144928,207
67025,0.14683026584867076,0.6565001460706982,0.19666958808063104,17115
67026,0.16956241956241958,0.685971685971686,0.14446589446589447,3108
67027,0.23970588235294119,0.663235294117647,0.09705882352941177,680
67028,0.16969814241486067,0.7105263157894737,0.11977554179566563,5168
67029,0.18714555765595464,0.6862003780718336,0.1266540642722117,2645
67030,0.16928285626346568,0.6962142197599261,0.13450292397660818,6498
67031,0.17013794968893697,0.675953475791182,0.153908574519881,3697
67032,0.16873396065012833,0.7256201881950385,0.10564585115483319,4676
67033,0.18311036789297658,0.7006688963210702,0.11622073578595318,1196
67034,0.1497584541062802,0.6618357487922706,0.18840579710144928,207
67035,0.16837686567164178,0.6826492537313433,0.1489738805970149,10720
67036,0.24242424242424243,0.6666666666666666,0.09090909090909091,396
67037,0.147077713551702,0.6755512738171697,0.17737101263112823,18684
67038,0.16374184191443075,0.7122552574329224,0.12400290065264685,6895
67039,0.2057037232637972,0.6664906258251915,0.12780565091101134,3787
67040,0.14795870919743329,0.702129638240491,0.1499116525620757,10753
67041,0.11842901892653136,0.6528732001368818,0.2286977809365869,37989
67042,0.20417422867513613,0.6424682395644283,0.15335753176043557,1102
67043,0.14814814814814814,0.7142067440574903,0.13764510779436154,1809
67044,0.13497639064839342,0.694114937233675,0.1709086721179316,8683
67045,0.1797631862217438,0.721205597416577,0.09903121636167922,929
67046,0.24293785310734464,0.6793785310734464,0.07768361581920905,708
67047,0.15763069882063016,0.720031684562577,0.12233761661679282,11362
68001,0.15894039735099338,0.7119205298013245,0.1291390728476821,302
68002,0.16932515337423312,0.7173824130879346,0.1132924335378323,2445
68003,0.17655172413793102,0.6910344827586207,0.13241379310344828,725
68004,0.1477832512315271,0.7980295566502463,0.054187192118226604,203
68005,0.15312682641729983,0.7077732320280538,0.13909994155464642,1711
68006,0.1531118747613593,0.7346315387552501,0.11225658648339061,2619
68007,0.2025129342202513,0.672579453067258,0.12490761271249076,1353
68008,0.256857855361596,0.6533665835411472,0.08977556109725686,401
68009,0.16091954022988506,0.7164750957854407,0.12260536398467432,522
68010,0.21991247264770242,0.687089715536105,0.09299781181619256,914
68011,0.14207868155236578,0.7130515683147262,0.14486975013290804,7524
68012,0.14376805818471655,0.6985154926770948,0.1577164491381887,10037
68013,0.2139588100686499,0.6956521739130435,0.09038901601830664,874
68014,0.23123382226056946,0.6617773943054357,0.10698878343399482,1159
68015,0.1854288499025341,0.7056530214424951,0.10891812865497076,4104
68016,0.27672955974842767,0.6037735849056604,0.11949685534591195,159
68017,0.20717948717948717,0.683076923076923,0.10974358974358975,975
68018,0.2560777957860616,0.6596434359805511,0.08427876823338736,1234
68019,0.26798029556650244,0.6433497536945813,0.08866995073891626,1015
68020,0.19643820831084727,0.7269293038316244,0.07663248785752834,1853
68021,0.1801363193768257,0.6975657254138267,0.12229795520934761,5135
68022,0.16555865322753593,0.7029809135749517,0.13146043319751233,4663
68023,0.24269005847953215,0.6608187134502924,0.09649122807017543,684
68024,0.11604209588507156,0.6912411604209588,0.1927167436939696,35918
68025,0.1489264504339881,0.7213339424394701,0.1297396071265418,2189
68026,0.14648117839607203,0.7291325695581015,0.12438625204582651,1222
68027,0.16986688655907645,0.6726351749322653,0.15749793850865826,8489
68028,0.11406609570354202,0.615133686033546,0.2708002182629119,84302
68029,0.1656441717791411,0.7515337423312883,0.08282208588957055,326
68030,0.15662447257383966,0.7032911392405063,0.140084388185654,5925
68031,0.2238966630785791,0.6727664155005382,0.10333692142088267,929
68032,0.23723723723723725,0.6906906906906907,0.07207207207207207,333
68033,0.12362159024956472,0.7208357515960534,0.1555426581543819,3446
68034,0.1901081916537867,0.6816074188562596,0.12828438948995363,647
68035,0.15197132616487455,0.7168458781362007,0.13118279569892474,2790
68036,0.16521739130434782,0.7043478260869566,0.13043478260869565,230
68037,0.19724770642201836,0.6743119266055045,0.12844036697247707,218
68038,0.16212232866617537,0.7280766396462786,0.10980103168754606,1357
68039,0.1639871382636656,0.7114147909967846,0.12459807073954984,2488
68040,0.20544554455445543,0.6881188118811881,0.10643564356435643,404
68041,0.13333849249342208,0.6776040860547903,0.18905742145178764,12922
68042,0.14293948126801154,0.7043227665706052,0.15273775216138327,1735
68043,0.14190573770491804,0.7028688524590164,0.1552254098360656,1952
68044,0.21869488536155202,0.6948853615520282,0.08641975308641975,567
68045,0.2323943661971831,0.6901408450704225,0.07746478873239436,284
68046,0.2814498933901919,0.6311300639658849,0.08742004264392324,469
69001,0.1705352913311227,0.705352913311227,0.1241117953576504,2111
69002,0.20822281167108753,0.6962864721485411,0.09549071618037135,1508
69003,0.2328767123287671,0.6562889165628891,0.11083437110834371,803
69004,0.26322418136020154,0.6083123425692695,0.12846347607052896,794
69005,0.1787245444801715,0.6905144694533762,0.1307609860664523,7464
69006,0.17509025270758122,0.6949458483754513,0.1299638989169675,554
69007,0.25092250922509224,0.6605166051660517,0.08856088560885608,271
69008,0.2080518018018018,0.6579391891891891,0.134009009009009,3552
69009,0.41379310344827586,0.5344827586206896,0.05172413793103448,58
69010,0.22527472527472528,0.6538461538461539,0.12087912087912088,910
69011,0.31070496083550914,0.6057441253263708,0.0835509138381201,383
69012,0.23972602739726026,0.6894977168949772,0.07077625570776255,438
69013,0.24145785876993167,0.6400911161731208,0.11845102505694761,878
69014,0.2938388625592417,0.6303317535545023,0.07582938388625593,633
69015,0.19227251943301327,0.6755829903978052,0.13214449016918153,4374
69016,0.18156553960166744,0.6841130152848541,0.13432144511347846,2159
69017,0.18981481481481483,0.6628086419753086,0.14737654320987653,3888
69018,0.18925998690242304,0.6741977734119188,0.13654223968565815,3054
69019,0.23983739837398374,0.6626016260162602,0.0975609756097561,246
69020,0.31886625332152346,0.5978742249778565,0.08325952170062002,1129
69021,0.16298811544991512,0.6960950764006791,0.14091680814940577,589
69022,0.14432610050422073,0.632598719619285,0.22307517987649425,35302
69023,0.25471698113207547,0.7075471698113207,0.03773584905660377,212
69024,0.1969178082191781,0.6232876712328768,0.1797945205479452,584
69025,0.2727272727272727,0.6818181818181818,0.045454545454545456,154
69026,0.2755681818181818,0.6051136363636364,0.11931818181818182,352
69027,0.24651162790697675,0.6155038759689923,0.13798449612403102,1935
69028,0.21554878048780488,0.6856707317073171,0.09878048780487805,3280
69029,0.26785714285714285,0.6875,0.044642857142857144,224
69030,0.16801173881144535,0.6625091709464417,0.169479090242113,1363
69031,0.17395727365208546,0.6459816887080366,0.18006103763987794,983
69032,0.2434402332361516,0.6239067055393586,0.1326530612244898,686
69033,0.17823309098920467,0.6823088786076228,0.1394580304031725,4539
69034,0.35807860262008734,0.6200873362445415,0.021834061135371178,229
69035,0.12497166175470414,0.6356835184765359,0.23934481976875993,17644
69036,0.25379939209726443,0.6565349544072948,0.08966565349544073,658
69037,0.20242914979757085,0.6534412955465587,0.14412955465587043,1235
69038,0.2476038338658147,0.6166134185303515,0.13578274760383385,626
69039,0.2209737827715356,0.6928838951310862,0.08614232209737828,267
69040,0.21073961499493415,0.6524822695035462,0.13677811550151975,987
69041,0.1990077177508269,0.6742006615214995,0.12679162072767364,1814
69042,0.21660649819494585,0.6510228640192539,0.13237063778580024,831
69043,0.18490205446727187,0.6459627329192547,0.16913521261347347,6279
69044,0.34146341463414637,0.5993031358885017,0.059233449477351915,287
69045,0.19759036144578312,0.6771084337349398,0.12530120481927712,830
69046,0.140897906498326,0.6562865556048566,0.2028155378968174,24791
69047,0.2572614107883817,0.6556016597510373,0.08713692946058091,482
69048,0.2222222222222222,0.6872427983539094,0.09053497942386832,243
69049,0.27391304347826084,0.6760869565217391,0.05,460
69050,0.19297163995067818,0.6790998766954377,0.1279284833538841,3244
69051,0.2590909090909091,0.6545454545454545,0.08636363636363636,660
69052,0.40384615384615385,0.5865384615384616,0.009615384615384616,104
69053,0.2923076923076923,0.5846153846153846,0.12307692307692308,65
69054,0.24,0.6644444444444444,0.09555555555555556,450
69055,0.2084967320261438,0.6973856209150326,0.09411764705882353,1530
69056,0.15528312901342672,0.6789258610624636,0.16579100992410975,1713
69057,0.17119565217391305,0.6999223602484472,0.12888198757763975,2576
69058,0.15377358490566037,0.6733333333333333,0.1728930817610063,15900
69059,0.20554123711340205,0.6855670103092784,0.10889175257731959,3104
69060,0.13718820861678005,0.7471655328798186,0.11564625850340136,882
69061,0.2889273356401384,0.657439446366782,0.05363321799307959,578
69062,0.19882179675994108,0.6612665684830633,0.13991163475699558,679
69063,0.32222222222222224,0.6111111111111112,0.06666666666666667,180
69064,0.2905982905982906,0.5868945868945868,0.1225071225071225,351
69065,0.18391866913123844,0.710720887245841,0.10536044362292052,1082
69066,0.22616136919315402,0.6466992665036675,0.1271393643031785,818
69067,0.25125628140703515,0.6147403685092128,0.13400335008375208,597
69068,0.236626809314034,0.6280679672750157,0.13530522341095028,1589
69069,0.18059701492537314,0.6940298507462687,0.1253731343283582,670
69070,0.2235294117647059,0.5980392156862745,0.1784313725490196,510
69071,0.2,0.6719101123595506,0.12808988764044943,890
69072,0.17979197622585438,0.6675334323922734,0.15267459138187223,2692
69073,0.23414634146341465,0.6699186991869919,0.0959349593495935,1230
69074,0.18949771689497716,0.6883561643835616,0.12214611872146118,1752
69075,0.197352587244284,0.6750902527075813,0.12755716004813478,831
69076,0.3547368421052632,0.58,0.06526315789473684,950
69077,0.2872340425531915,0.5425531914893617,0.1702127659574468,94
69078,0.3357142857142857,0.5071428571428571,0.15714285714285714,140
69079,0.2565359477124183,0.673202614379085,0.07026143790849673,612
69080,0.38095238095238093,0.5170068027210885,0.10204081632653061,147
69081,0.12415764753930979,0.7059424137226874,0.16989993873800285,9794
69082,0.17826825127334464,0.6977928692699491,0.12393887945670629,589
69083,0.16554429068304596,0.7138311255827722,0.1206245837341819,13513
69084,0.13559322033898305,0.7048022598870056,0.1596045197740113,1416
69085,0.20563549160671463,0.685251798561151,0.1091127098321343,1668
69086,0.15749525616698293,0.6877202493900786,0.15478449444293846,3689
69087,0.22857142857142856,0.658008658008658,0.11341991341991342,2310
69088,0.4505050505050505,0.4808080808080808,0.06868686868686869,495
69089,0.28363636363636363,0.5272727272727272,0.1890909090909091,275
69090,0.20963682128730673,0.6440129449838188,0.1463502337288745,2781
69091,0.19441903019213175,0.6948764867337603,0.11070448307410796,2186
69092,0.2052980132450331,0.7044701986754967,0.0902317880794702,1208
69093,0.35110294117647056,0.53125,0.11764705882352941,544
69094,0.17418677859391396,0.6908009793634138,0.13501224204267226,2859
69095,0.26359832635983266,0.6286610878661087,0.10774058577405858,956
69096,0.12718204488778054,0.6916043225270158,0.18121363258520365,1203
69097,0.21851851851851853,0.6814814814814815,0.1,270
69098,0.1951219512195122,0.699812382739212,0.1050656660412758,1066
69099,0.13966149014133658,0.6521723957424533,0.20816611411621008,28655
69100,0.24300441826215022,0.678939617083947,0.0780559646539028,679
69101,0.2390092879256966,0.6334365325077399,0.12755417956656348,1615
69102,0.163855421686747,0.7204819277108434,0.11566265060240964,830
69103,0.18681318681318682,0.7142857142857143,0.0989010989010989,91
69104,0.23300970873786409,0.7087378640776699,0.05825242718446602,103
70001,0.29646017699115046,0.6128318584070797,0.09070796460176991,452
70002,0.18661588683351468,0.6741022850924918,0.13928182807399347,1838
70003,0.14536340852130325,0.6612685560053981,0.19336803547329864,5187
70004,0.21956295525494277,0.6649323621227887,0.11550468262226847,961
70005,0.22043628013777267,0.6452353616532721,0.13432835820895522,871
70006,0.11677167716771678,0.6305130513051305,0.25271527152715273,33330
70007,0.16166281755196305,0.7274826789838337,0.11085450346420324,433
70008,0.14434250764525994,0.7192660550458716,0.1363914373088685,1635
70009,0.25380710659898476,0.6057529610829103,0.1404399323181049,591
70010,0.1662203519510329,0.7061973986228003,0.1275822494261668,5228
70011,0.23066392881587952,0.6646132785763176,0.10472279260780287,1461
70012,0.2682291666666667,0.6276041666666666,0.10416666666666667,384
70013,0.3148148148148148,0.5694444444444444,0.11574074074074074,216
70014,0.24923076923076923,0.6461538461538462,0.10461538461538461,325
70015,0.3119565217391304,0.6065217391304348,0.08152173913043478,920
70016,0.19760479041916168,0.6736526946107785,0.12874251497005987,668
70017,0.21653225806451612,0.6790322580645162,0.10443548387096774,2480
70018,0.2014388489208633,0.6954436450839329,0.10311750599520383,417
70019,0.42323651452282157,0.4730290456431535,0.1037344398340249,241
70020,0.15500945179584122,0.720226843100189,0.12476370510396975,529
70021,0.22859450726978997,0.6316639741518578,0.13974151857835218,1238
70022,0.2417910447761194,0.6985074626865672,0.05970149253731343,335
70023,0.1273054430949168,0.6009896536212326,0.27170490328385066,2223
70024,0.24255788313120177,0.6659316427783903,0.09151047409040794,907
70025,0.27439024390243905,0.6046747967479674,0.1209349593495935,984
70026,0.24911660777385158,0.6731448763250883,0.07773851590106007,566
70027,0.25606060606060604,0.6636363636363637,0.0803030303030303,660
70028,0.1794871794871795,0.7197802197802198,0.10073260073260074,546
70029,0.16974494283201408,0.6687188507768983,0.16153620639108765,3411
70030,0.21274900398406374,0.650199203187251,0.13705179282868526,1255
70031,0.14623655913978495,0.6879569892473119,0.16580645161290322,4650
70032,0.21068249258160238,0.642433234421365,0.14688427299703263,674
70033,0.32903225806451614,0.5741935483870968,0.0967741935483871,465
70034,0.32903225806451614,0.5903225806451613,0.08064516129032258,310
70035,0.30327868852459017,0.6202185792349727,0.07650273224043716,366
70036,0.23963730569948186,0.655440414507772,0.10492227979274611,772
70037,0.17379310344827587,0.7186206896551725,0.10758620689655173,725
70038,0.13997113997113997,0.676046176046176,0.18398268398268397,1386
70039,0.2831858407079646,0.6548672566371682,0.061946902654867256,113
70040,0.3280757097791798,0.5709779179810726,0.10094637223974763,317
70041,0.20372836218375498,0.6484687083888149,0.1478029294274301,751
70042,0.25947187141216993,0.6337543053960965,0.10677382319173363,871
70043,0.2556935817805383,0.6428571428571429,0.10144927536231885,966
70044,0.20392156862745098,0.5843137254901961,0.21176470588235294,255
70045,0.25225225225225223,0.6081081081081081,0.13963963963963963,222
70046,0.20009074410163338,0.6889745916515426,0.11093466424682395,4408
70047,0.17891373801916932,0.6805111821086262,0.14057507987220447,313
70048,0.32537960954446854,0.5574837310195228,0.11713665943600868,461
70049,0.1042031523642732,0.6900175131348512,0.20577933450087565,1142
70050,0.28832116788321166,0.6167883211678832,0.0948905109489051,1096
70051,0.1839738348323794,0.7027800490596893,0.11324611610793131,2446
70052,0.24155193992490614,0.6320400500625782,0.12640801001251564,799
70053,0.1572769953051643,0.7523474178403756,0.0903755868544601,852
70054,0.3128491620111732,0.553072625698324,0.1340782122905028,179
70055,0.17507987220447285,0.6856230031948882,0.13929712460063898,1565
70056,0.23655913978494625,0.6559139784946236,0.10752688172043011,93
70057,0.21160409556313994,0.6279863481228669,0.16040955631399317,3516
70058,0.2942643391521197,0.6109725685785536,0.09476309226932668,401
70059,0.1420534458509142,0.6858884200656352,0.17205813408345053,2133
70060,0.267223382045929,0.605427974947808,0.12734864300626306,479
70061,0.21502590673575128,0.6748704663212435,0.11010362694300518,772
70062,0.3051948051948052,0.6406926406926406,0.05411255411255411,462
70063,0.4460431654676259,0.45323741007194246,0.10071942446043165,139
70064,0.31956521739130433,0.5826086956521739,0.09782608695652174,460
70065,0.11899563318777293,0.6921397379912664,0.1888646288209607,916
70066,0.2442159383033419,0.6195372750642674,0.13624678663239073,389
70067,0.2321167883211679,0.6554744525547446,0.11240875912408758,685
70068,0.18262150220913106,0.7039764359351989,0.1134020618556701,679
70069,0.17920918367346939,0.6983418367346939,0.12244897959183673,3136
70070,0.1783876500857633,0.7118353344768439,0.1097770154373928,583
70071,0.19637462235649547,0.676737160120846,0.1268882175226586,331
70072,0.2118081180811808,0.6634686346863469,0.12472324723247233,2710
70073,0.26609442060085836,0.6609442060085837,0.07296137339055794,233
70074,0.23993144815766923,0.6409597257926307,0.11910882604970009,1167
70075,0.23487824037706206,0.6708562450903378,0.09426551453260015,1273
70076,0.21729490022172948,0.6585365853658537,0.12416851441241686,902
70077,0.36983471074380164,0.5330578512396694,0.09710743801652892,484
70078,0.12948136286807224,0.6630193043323548,0.207499332799573,22482
70079,0.27629233511586454,0.6238859180035651,0.09982174688057041,561
70080,0.24395857307249713,0.6294591484464902,0.12658227848101267,869
70081,0.258776017396707,0.6374650512581547,0.10375893134513824,3219
70082,0.28903654485049834,0.6262458471760798,0.08471760797342193,602
70083,0.16828849456210646,0.6880366342301087,0.14367487120778477,1747
70084,0.15188762071992976,0.6949078138718174,0.15320456540825286,2278
71001,0.19331742243436753,0.6724343675417661,0.13424821002386636,1676
71002,0.28594249201277955,0.5910543130990416,0.12300319488817892,626
71003,0.21807909604519773,0.7073446327683616,0.07457627118644068,885
71004,0.2395287958115183,0.6327225130890053,0.12774869109947645,7640
71005,0.20112689857912788,0.6979421852033317,0.10093091621754043,4082
71006,0.2106969205834684,0.6634251755807672,0.12587790383576444,1851
71007,0.21854008060904612,0.6744290192566055,0.1070309001343484,2233
71008,0.2608793180798564,0.6388515029161059,0.10026917900403769,4458
71009,0.18073654390934843,0.7087818696883853,0.11048158640226628,1765
71010,0.19681093394077448,0.7341685649202734,0.06902050113895217,4390
71011,0.2509433962264151,0.6396226415094339,0.10943396226415095,530
71012,0.2753120665742025,0.6404299583911235,0.08425797503467407,2884
71013,0.24049331963001028,0.6433710174717369,0.11613566289825282,973
71014,0.26244725738396624,0.6253164556962025,0.11223628691983123,1185
71015,0.19464033850493653,0.7115655853314528,0.09379407616361073,1418
71016,0.24715261958997722,0.6378132118451025,0.11503416856492027,878
71017,0.21064814814814814,0.65625,0.13310185185185186,864
71018,0.2697576396206533,0.6406743940990516,0.08956796628029505,949
71019,0.3,0.6416666666666667,0.058333333333333334,120
71020,0.2179183135704875,0.6810715854194115,0.10101010101010101,34155
71021,0.21161048689138576,0.7144194756554307,0.07397003745318352,1068
71022,0.19058553386911595,0.7053195560658247,0.10409491006505932,2613
71023,0.171875,0.7232142857142857,0.10491071428571429,448
71024,0.15904765977463706,0.6724753576086724,0.16847698261669053,93538
71025,0.2399193548387097,0.6589381720430108,0.10114247311827956,2976
71026,0.1618798955613577,0.6892950391644909,0.14882506527415143,383
71027,0.2505441354292624,0.6343409915356711,0.11511487303506651,4135
71028,0.18244450114825211,0.6720591987751977,0.14549630007655015,19595
71029,0.19669040636782573,0.6691304087617451,0.1341791848704291,33418
71031,0.21092102179517225,0.6737754862901336,0.11530349191469416,4267
71032,0.20725388601036268,0.6748704663212435,0.11787564766839378,772
71033,0.21014591572344196,0.6458475385244784,0.14400654575207963,7333
71034,0.2413793103448276,0.6206896551724138,0.13793103448275862,493
71035,0.22598584428715873,0.6557128412537917,0.11830131445904954,1978
71036,0.21569329989251165,0.6975098530992476,0.08679684700824078,11164
71037,0.2914653784219002,0.6022544283413849,0.10628019323671498,621
71038,0.22469701932525385,0.6898132983950213,0.08548968227972487,3053
71039,0.20527859237536658,0.6727272727272727,0.1219941348973607,1705
71040,0.2826221397649969,0.6184291898577613,0.09894867037724181,1617
71041,0.25342960288808664,0.6245487364620939,0.1220216606498195,1385
71042,0.20315091210613598,0.693200663349917,0.10364842454394693,1206
71043,0.19694989106753813,0.6797385620915033,0.1233115468409586,2295
71044,0.25471698113207547,0.6650943396226415,0.08018867924528301,848
71046,0.1525151623260792,0.6549530265192056,0.19253181115471518,16818
71047,0.1865272373540856,0.6589250972762646,0.1545476653696498,8224
71048,0.23393739703459637,0.6803953871499177,0.085667215815486,607
71049,0.25612984919995396,0.6320939334637965,0.11177621733624957,8687
71050,0.23336118072960177,0.6791979949874687,0.08744082428292954,3591
71051,0.21060181478516146,0.6641980250867361,0.12520016012810248,29976
71052,0.25843503230437903,0.6360373295046662,0.10552763819095477,1393
71053,0.24670797831138652,0.6646010844306739,0.08869093725793958,2582
71054,0.21687344913151366,0.7124069478908188,0.0707196029776675,4030
71055,0.2194206008583691,0.6813304721030042,0.0992489270386266,3728
71056,0.21461434370771312,0.6545782589084348,0.13080739738385205,11085
71058,0.17046950416849496,0.676612549363756,0.152917946467749,4558
71059,0.21490365709791584,0.667715296893433,0.1173810460086512,5086
71060,0.19584256621293658,0.7013822939748866,0.10277513981217686,9477
71061,0.2910958904109589,0.6027397260273972,0.10616438356164383,292
71062,0.25422222222222224,0.6346666666666667,0.1111111111111111,1125
71063,0.2526368658965344,0.6745354093420391,0.07282772476142642,1991
71064,0.25021570319240727,0.685504745470233,0.0642795513373598,2318
72001,0.1799941843559174,0.6485897063099738,0.17141610933410875,13756
72002,0.17994100294985252,0.6884218289085545,0.13163716814159293,10848
72003,0.2015372589890568,0.6569828035435122,0.14147993746743096,7676
72004,0.19321160728532677,0.6660967881647633,0.14069160454990995,43869
72006,0.16772418227723615,0.6278805874176131,0.20439523030515078,211502
72008,0.15681818181818183,0.6886363636363636,0.15454545454545454,1320
72010,0.16291476903057905,0.6934287573194535,0.14365647364996748,7685
72011,0.1839909876994276,0.6686152721958348,0.14739374010473755,32844
72012,0.1334823776959495,0.7019989479221462,0.16451867438190426,7604
72014,0.19686411149825783,0.6817995490879278,0.1213363394138143,9758
72015,0.17714061272584447,0.6864100549882168,0.13644933228593872,12730
72016,0.15510655408122237,0.7101930036188179,0.13470044229995978,9948
72017,0.18206906311916218,0.6777526181715257,0.1401783187093122,14132
72018,0.13918223666395885,0.7449228269699432,0.11589493636609802,3693
72019,0.1736856442386271,0.661727049850177,0.16458730591119586,18355
72020,0.1901860914144945,0.6753553713505775,0.13445853723492793,30039
72021,0.19163007836380816,0.6610904240537987,0.14727949758239314,17993
72022,0.18051259390190014,0.6563558697893651,0.16313153630873473,13578
72023,0.17337213532193524,0.6843215714805384,0.14230629319752638,27490
72024,0.1798948583151686,0.7149634568534428,0.10514168483138864,7799
72025,0.2114342040413997,0.6632824051256777,0.12528339083292261,10145
72027,0.1763051353079054,0.7080332409972299,0.1156616236948647,23465
72028,0.19708335833883453,0.6534837664286143,0.14943287523255117,16663
72029,0.20724612349871407,0.6295038577742266,0.16325001872705935,40049
72030,0.19218569353452108,0.6602733228589215,0.14754098360655737,33733
72031,0.20821836080244613,0.6438213140428071,0.1479603251547468,13409
72032,0.17525831404212072,0.6766416351420022,0.14810005081587713,17711
72033,0.18716493219804478,0.6987543361715547,0.1140807316304005,12684
72034,0.19296254256526674,0.713961407491487,0.09307604994324631,881
72035,0.20416960576847715,0.665491025942472,0.13033936828905088,12759
72036,0.2018772038996059,0.6508504459655673,0.1472723501348268,19284
72037,0.2091620986687549,0.6650743931088489,0.12576350822239624,12770
72038,0.1910352187833511,0.6719191411890263,0.13704564002762257,15929
72039,0.20219190337732051,0.6454931782598972,0.15231491836278238,4471
72040,0.16910032972209138,0.697754749568221,0.13314492070968756,6369
72041,0.18491879350348028,0.6958236658932715,0.11925754060324827,17240
72043,0.1704241719930273,0.6824520627542127,0.14712376525276002,17210
72044,0.2059763202405563,0.6707385829731254,0.12328509678631835,5321
72046,0.18000707296946836,0.6763527054108216,0.14364022161971002,16966
72047,0.18428678759257272,0.676075990125577,0.13963722228185038,9317
72048,0.17715030408340574,0.6688966116420504,0.15395308427454388,11510
73001,0.22570052539404553,0.6856392294220666,0.08866024518388792,4568
73002,0.17996201329534664,0.686372269705603,0.13366571699905033,4212
73003,0.185934909693744,0.6830992060029666,0.13096588430328943,11461
73004,0.19741439552760306,0.7004425809457256,0.10214302352667133,8586
73005,0.2518681318681319,0.6738461538461539,0.07428571428571429,2275
73006,0.229918509895227,0.6821885913853318,0.08789289871944121,3436
73007,0.18754469219268022,0.7105246050835338,0.101930702723786,15383
73008,0.18574136171453565,0.6759974729066434,0.13826116537882102,20577
73009,0.19851091659120637,0.6680752590803903,0.13341382432840326,9939
73010,0.13418347925390178,0.7152645603349829,0.15055196041111535,5254
73011,0.19447092469018112,0.7295837305370194,0.07594534477279949,6294
73012,0.21117547188654748,0.6711275342055328,0.1176969939079197,20026
73013,0.18788157692897683,0.6687528762080074,0.1433655468630158,32595
73014,0.21940815782458012,0.656358304452146,0.1242335377232738,3751
73015,0.18889460635262198,0.6943911680778406,0.11671422556953735,21377
73016,0.20552579644770227,0.7042571186918523,0.09021708486044544,3547
73017,0.2260245035910435,0.6890578791719476,0.08491761723700887,2367
73018,0.18126272912423624,0.7311608961303462,0.08757637474541752,1473
73019,0.2154498351389543,0.6735751295336787,0.11097503532736694,10615
73020,0.21189661725579628,0.709426073736222,0.07867730900798175,5262
73021,0.19698620188816268,0.69880174291939,0.10421205519244735,11016
73022,0.19147109330280482,0.6956210646823126,0.11290784201488266,6988
73023,0.2357581069237511,0.6888694127957932,0.07537248028045573,1141
73024,0.17714723926380369,0.7037686240140227,0.11908413672217354,9128
73025,0.20106259339199734,0.7197409928607007,0.079196413747302,6023
73026,0.23115128638124566,0.6667328896394159,0.10211582397933844,10067
73027,0.1664066384350301,0.6898091792823221,0.14378418228264783,116654
73028,0.25558147284238586,0.6527824058647118,0.09163612129290237,3001
73029,0.20919783269459497,0.7174573807321264,0.07334478657327871,7567
74001,0.1635894495412844,0.6981651376146789,0.13824541284403669,52320
74002,0.20728363324764354,0.6856898029134533,0.10702656383890317,11670
74003,0.23848745788094347,0.6405091725945339,0.12100336952452265,13355
74004,0.21999065857076133,0.6896310135450724,0.09037832788416628,4282
74005,0.20465644520159001,0.6599659284497444,0.13537762634866554,8805
74006,0.24005631819781767,0.6714185146075325,0.08852516719464977,5682
74007,0.20219435736677116,0.6882335787708682,0.10957206386236057,27434
74008,0.1865887932548744,0.697962409977165,0.11544879676796066,22772
74009,0.21892864704636883,0.6747829769214483,0.10628837603218294,9446
74010,0.21270764584149002,0.6580904972313888,0.12920185692712122,17879
74011,0.19093782929399367,0.7004214963119073,0.10864067439409905,9490
74012,0.1874475426652989,0.6520563275202835,0.1604961298144176,21446
74013,0.24094996541388056,0.6442241180539543,0.11482591653216509,4337
74014,0.2154255319148936,0.6919326241134752,0.09264184397163121,4512
74015,0.2353754030400737,0.6487025948103793,0.11592200214954707,6513
74016,0.21951492120263777,0.6580976863753213,0.12238739242204091,8947
74017,0.21684360640152114,0.6636032324512755,0.1195531611472033,12622
74018,0.21452991452991452,0.6831908831908832,0.10227920227920229,3510
74019,0.2094935795700476,0.6828740441494734,0.107632376280479,6931
74020,0.21230435456376878,0.7004494033782737,0.08724624205795754,6453
75002,0.2066700353713997,0.6551288529560384,0.1382011116725619,3958
75003,0.18594476346732294,0.6915504511894995,0.12250478534317746,3657
75004,0.2201814058956916,0.6784580498866213,0.10136054421768707,4410
75005,0.21601718318502608,0.6185946609389383,0.1653881558760356,3259
75006,0.2168164992067689,0.664727657324167,0.11845584346906399,5673
75007,0.19593273367227218,0.6468517794290184,0.15721548689870943,2557
75008,0.26188418323249785,0.6430423509075195,0.09507346585998272,1157
75009,0.2613578356304237,0.6054109239407861,0.1332312404287902,1959
75010,0.1862518393945764,0.6178263611519865,0.19592179945343705,4757
75011,0.18664807930607188,0.6510223048327137,0.1623296158612144,6456
75012,0.29862306368330466,0.6067125645438899,0.09466437177280551,1162
75013,0.23504784688995214,0.6291866028708134,0.13576555023923445,1672
75014,0.21302882815424934,0.6540621490078622,0.13290902283788844,8013
75015,0.24485981308411214,0.6261682242990654,0.12897196261682242,2675
75016,0.2043818224045831,0.663699001316095,0.13191917627932181,12917
75017,0.2277432712215321,0.6614906832298136,0.11076604554865424,1932
75018,0.21851995350639286,0.6578845408756296,0.12359550561797752,2581
75019,0.22920723226703754,0.6178025034770515,0.15299026425591097,3595
75020,0.13151900251768373,0.675938136914039,0.19254286056827719,8341
75021,0.2366183091545773,0.66008004002001,0.1033016508254127,3998
75022,0.22935208813095165,0.6498412895998008,0.12080662226924753,16067
75023,0.21403940886699507,0.6482758620689655,0.13768472906403942,4060
75024,0.19319460067491565,0.6631046119235096,0.1437007874015748,3556
75025,0.21997712542889822,0.670987418985894,0.10903545558520777,2623
75026,0.24282751469063257,0.6341168337366055,0.12305565157276184,5786
75027,0.24121557454890788,0.6125356125356125,0.1462488129154796,2106
75028,0.22864930345245305,0.645366444579043,0.12598425196850394,3302
75029,0.19643587496348233,0.6416009348524686,0.1619631901840491,17115
75030,0.1942498693152117,0.6772608468374282,0.12848928384736016,9565
75031,0.1708238256353765,0.6691321111023684,0.1600440632622551,12709
75032,0.23031026252983294,0.6348448687350835,0.13484486873508353,838
75033,0.21328671328671328,0.6902097902097902,0.0965034965034965,1430
75034,0.2582559339525284,0.6145510835913313,0.12719298245614036,3876
75035,0.14252710985384254,0.5949552098066949,0.26251768033946254,63630
75036,0.1836734693877551,0.6736468500443655,0.14267968056787933,5635
75037,0.23679549953120116,0.6490259402021044,0.11417856026669444,9599
75038,0.1694687289845326,0.7022192333557499,0.12831203765971755,7435
75039,0.15916736753574431,0.6289949537426409,0.2118376787216148,9512
75040,0.24756721095167408,0.6249381494309748,0.12749463961735114,6063
75041,0.20089686098654708,0.6529147982062781,0.14618834080717488,1115
75042,0.22653089691728273,0.6655042544287906,0.10796484865392662,7169
75043,0.20065654493229382,0.6678976884147175,0.13144576665298865,7311
75044,0.23967120917153364,0.6565001081548778,0.10382868267358858,4623
75045,0.22177688710754842,0.6466265865063461,0.13159652638610556,1497
75046,0.23413566739606126,0.6310722100656455,0.13479212253829323,2285
75047,0.25723221266614543,0.6426896012509773,0.10007818608287725,2558
75048,0.2079521463757917,0.654937837203847,0.13711001642036125,8526
75049,0.17750826901874311,0.6560088202866593,0.16648291069459759,1814
75050,0.28105726872246695,0.5933920704845815,0.12555066079295155,2270
75051,0.20685471640885653,0.656657567485593,0.1364877161055505,3297
75052,0.19260070469479096,0.6670793257784973,0.14031996952671175,21002
75053,0.2236842105263158,0.6683612440191388,0.10795454545454546,3344
75054,0.21716514954486346,0.6573472041612484,0.12548764629388817,1538
75055,0.21365461847389558,0.6200803212851406,0.16626506024096385,4980
75056,0.20928792569659443,0.6513931888544892,0.1393188854489164,1615
75057,0.190080738177624,0.6459054209919262,0.16401384083044981,4335
75058,0.25828460038986356,0.6198830409356725,0.12183235867446393,1026
75059,0.20160893120998194,0.668034805450665,0.13035626333935316,6091
75060,0.2523285351397121,0.6367485182049111,0.1109229466553768,1181
75061,0.19283403831798954,0.6499129136601145,0.157253048021896,4019
75063,0.21312178387650085,0.6630931961120641,0.12378502001143511,6996
75064,0.24026714448607264,0.6673725362436879,0.09236031927023945,6139
75065,0.23333333333333334,0.6493408662900189,0.11732580037664783,5310
75066,0.2553846153846154,0.6233846153846154,0.12123076923076923,3250
75067,0.21963562753036436,0.667004048582996,0.11336032388663968,988
75068,0.18094491276220348,0.6563418937463242,0.16271319349147226,5101
75069,0.21608040201005024,0.6643745040994445,0.11954509389050516,3781
75070,0.2378310214375788,0.6451450189155107,0.11702395964691047,3965
75071,0.22417582417582418,0.6487912087912088,0.12703296703296704,2275
75072,0.22021325915623552,0.6142790913305517,0.16550764951321278,2157
75073,0.2072867164516859,0.6625933469110659,0.13011993663724825,4419
75074,0.22248995983935743,0.659437751004016,0.1180722891566265,1245
75075,0.21305841924398625,0.6273386788850707,0.15960290187094311,2619
75076,0.20559930008748906,0.6395450568678915,0.15485564304461943,3429
75077,0.18413507486460656,0.696718700223001,0.11914622491239248,3139
75078,0.19521103896103897,0.6590909090909091,0.14569805194805194,2464
75079,0.22575175220438617,0.6479764865475921,0.1262717612480217,8846
75080,0.17043253712072304,0.6559070367979342,0.1736604260813428,1549
75081,0.22702895959957098,0.6893099749731856,0.08366106542724347,2797
75082,0.27015057573073514,0.5899025686448184,0.13994685562444642,1129
75083,0.1785333617565551,0.7010232359837988,0.12044340225964613,9382
75084,0.21018403210184033,0.6968313269683133,0.09298464092984642,7227
75085,0.21624404685287682,0.6416527223580899,0.14210323078903334,7769
75086,0.19175824175824177,0.6521978021978022,0.15604395604395604,1820
75087,0.20150803190908098,0.6565402688230795,0.14195169926783957,9151
75088,0.16600277104260477,0.6484239695185313,0.18557325943886388,11548
75089,0.21117285756069026,0.6794384322901433,0.10938871014916643,3419
75090,0.2114320835894284,0.6826060233558697,0.10596189305470191,8135
75091,0.25854905720677535,0.6238414829018856,0.11760945989133909,3129
75092,0.23595994775794515,0.653896386591206,0.11014366565084893,9188
75093,0.2419119181799207,0.6332707159256941,0.1248173658943853,4791
75094,0.2143939393939394,0.6325757575757576,0.15303030303030302,1320
75095,0.2141427618412275,0.61974649766511,0.16611074049366245,1499
75096,0.23691776883266244,0.6308223116733755,0.13225991949396204,1739
75097,0.1949640287769784,0.6832134292565947,0.12182254196642686,4170
75098,0.2447149263292761,0.6346893017296604,0.12059577194106343,6244
76001,0.26004228329809725,0.6416490486257929,0.09830866807610994,946
76002,0.18836915297092288,0.679519595448799,0.13211125158027812,1582
76003,0.18333333333333332,0.6791666666666667,0.1375,960
76004,0.2380038387715931,0.6794625719769674,0.08253358925143954,1042
76005,0.19845360824742267,0.7268041237113402,0.07474226804123711,388
76006,0.18099725166862976,0.6921868865331763,0.12681586179819396,2547
76007,0.16666666666666666,0.6929824561403509,0.14035087719298245,7182
76008,0.2830665543386689,0.6175231676495366,0.09941027801179445,1187
76009,0.19406392694063926,0.6974885844748858,0.10844748858447488,876
76010,0.22477341389728098,0.6253776435045317,0.14984894259818732,1655
76011,0.17738359201773837,0.6829268292682927,0.13968957871396895,1804
76012,0.2414649286157666,0.6523898199875854,0.10614525139664804,3222
76013,0.21788556271314893,0.660856384994316,0.12125805229253506,2639
76014,0.2018181818181818,0.68,0.11818181818181818,550
76015,0.2523809523809524,0.6158730158730159,0.13174603174603175,1260
76016,0.29545454545454547,0.6590909090909091,0.045454545454545456,264
76017,0.18787878787878787,0.7292929292929293,0.08282828282828283,495
76018,0.2196601941747573,0.6286407766990292,0.15169902912621358,824
76019,0.30917874396135264,0.6400966183574879,0.050724637681159424,414
76020,0.3118279569892473,0.5053763440860215,0.1827956989247312,186
76021,0.30495356037151705,0.5959752321981424,0.09907120743034056,646
76022,0.18081180811808117,0.6959409594095941,0.12324723247232472,1355
76023,0.17463617463617465,0.7422037422037422,0.08316008316008316,481
76024,0.3058823529411765,0.611764705882353,0.08235294117647059,595
76025,0.257847533632287,0.6076233183856502,0.13452914798206278,892
76026,0.31154381084840055,0.5910987482614742,0.09735744089012517,719
76027,0.25190839694656486,0.6183206106870229,0.1297709923664122,393
76028,0.21597392013039934,0.6756316218418907,0.10839445802770986,1227
76029,0.23265306122448978,0.6513119533527697,0.11603498542274053,1715
76030,0.21832579185520362,0.6753393665158371,0.10633484162895927,884
76031,0.24242424242424243,0.6456876456876457,0.11188811188811189,429
76032,0.19926586261143156,0.670162558993183,0.1305715783953854,1907
76033,0.22503617945007237,0.6946454413892909,0.08031837916063676,1382
76034,0.2167449139280125,0.6917057902973396,0.09154929577464789,2556
76035,0.21364452423698385,0.6050269299820467,0.1813285457809695,557
76036,0.2113314447592068,0.6532577903682719,0.13541076487252124,3530
76037,0.20213713268032057,0.684772929652716,0.11308993766696349,1123
76038,0.2860635696821516,0.6259168704156479,0.08801955990220049,409
76039,0.11420165819737897,0.6678256218240172,0.2179727199786039,3739
76040,0.2454237288135593,0.6030508474576272,0.15152542372881356,2950
76041,0.24062214089661482,0.6267154620311071,0.13266239707227814,1093
76042,0.1968181818181818,0.6539772727272727,0.14920454545454545,8800
76043,0.1608650398982306,0.7241817971550827,0.11495316294668671,8647
76044,0.14053734868615295,0.6891054030115146,0.17035724830233245,3387
76045,0.20345207491737055,0.6423062798384135,0.15424164524421594,2723
76046,0.132208922742111,0.6988574537540805,0.1689336235038085,3676
76047,0.24507874015748032,0.6938976377952756,0.0610236220472441,1016
76048,0.14457613317651316,0.7150094996833439,0.14041436714014294,11053
76049,0.1518624641833811,0.7277936962750716,0.12034383954154727,349
76050,0.2121697357886309,0.6317053642914331,0.15612489991993594,2498
76051,0.22199383350462487,0.7142857142857143,0.06372045220966084,973
76052,0.20818291215403129,0.6799037304452467,0.11191335740072202,831
76053,0.2468208092485549,0.6332369942196532,0.1199421965317919,3460
76054,0.19382835101253615,0.6692381870781099,0.1369334619093539,1037
76055,0.2536231884057971,0.625,0.1213768115942029,552
76056,0.18108906711692696,0.669058674546222,0.14985225833685098,2369
76057,0.16612694300518135,0.727979274611399,0.10589378238341969,3088
76058,0.18093093093093093,0.6411411411411412,0.17792792792792791,1332
76059,0.23180175529168817,0.6445534331440371,0.12364481156427465,3874
76060,0.1712707182320442,0.6755064456721915,0.15322283609576426,2715
76061,0.2594594594594595,0.6945945945945946,0.04594594594594595,740
76062,0.14311717861205916,0.6930602957906712,0.16382252559726962,4395
76063,0.13300218291976657,0.6292154853655277,0.23778233171470575,44894
76064,0.1777695988222304,0.7269046742730954,0.09532572690467428,2717
76065,0.27121212121212124,0.6227272727272727,0.10606060606060606,660
76066,0.15091445427728614,0.6756342182890855,0.17345132743362832,8475
76067,0.19803746654772525,0.7011596788581623,0.1008028545941124,1121
76068,0.17611447440836545,0.6741882223445239,0.1496973032471106,1817
76069,0.22655426765015807,0.6638566912539515,0.1095890410958904,949
76070,0.2145960034752389,0.6750651607298002,0.1103388357949609,2302
76071,0.27116402116402116,0.6428571428571429,0.08597883597883597,2268
76072,0.26323119777158777,0.6573816155988857,0.07938718662952646,718
76073,0.24764150943396226,0.6155660377358491,0.13679245283018868,848
76074,0.24694708276797828,0.6255088195386703,0.12754409769335143,737
76075,0.30265848670756645,0.5746421267893661,0.12269938650306748,489
76076,0.288833746898263,0.6138957816377171,0.09727047146401985,2015
76077,0.25153374233128833,0.6278118609406953,0.12065439672801637,489
76078,0.2573385518590998,0.6213307240704501,0.12133072407045009,1022
76079,0.22043628013777267,0.6831228473019518,0.09644087256027555,871
76080,0.2131890259249937,0.6657437704505411,0.12106720362446514,3973
76081,0.19658976930792377,0.6639919759277834,0.13941825476429287,997
76082,0.18130841121495328,0.6897196261682244,0.12897196261682242,535
76083,0.20301697045883094,0.6379635449402892,0.15901948460087995,1591
76084,0.22696011004126548,0.657496561210454,0.1155433287482806,727
76085,0.19609687279567364,0.6715259816600047,0.13237714554432164,4253
76086,0.22019334049409237,0.6799140708915145,0.09989258861439312,931
76087,0.2548476454293629,0.6038781163434903,0.14127423822714683,361
76088,0.2321867321867322,0.6683046683046683,0.09950859950859951,814
76089,0.1569143107604646,0.6977865439403901,0.1452991452991453,4563
76090,0.20655898188937835,0.6495349975526187,0.14390602055800295,2043
76091,0.18334154756037457,0.6372597338590439,0.17939871858058157,2029
76092,0.2143314139475368,0.6749840051183621,0.11068458093410109,1563
76093,0.2261904761904762,0.6166666666666667,0.15714285714285714,420
76094,0.21982116244411326,0.6453055141579732,0.13487332339791355,1342
76095,0.17613478139793928,0.6815650236702868,0.14230019493177387,7182
76096,0.21982281284606867,0.6710963455149501,0.10908084163898117,1806
76097,0.30258489609731376,0.601115053218449,0.0963000506842372,1973
76098,0.1624087591240876,0.7011861313868614,0.1364051094890511,2192
76099,0.23178807947019867,0.6887417218543046,0.07947019867549669,453
76100,0.2177734375,0.673828125,0.1083984375,2048
77001,0.2626766417290108,0.657522859517872,0.0798004987531172,1203
77002,0.281437125748503,0.6317365269461078,0.08682634730538923,668
77003,0.18740554156171285,0.6861460957178841,0.12644836272040302,7940
77004,0.19672131147540983,0.7131147540983607,0.09016393442622951,488
77005,0.3162393162393162,0.6025641025641025,0.0811965811965812,234
77006,0.23796791443850268,0.6524064171122995,0.10962566844919786,748
77007,0.25,0.6577669902912622,0.09223300970873786,412
77008,0.18009478672985782,0.6862923806051768,0.13361283266496538,5486
77009,0.19334389857369255,0.7099841521394612,0.09667194928684628,631
77010,0.2248427672955975,0.6965408805031447,0.07861635220125786,636
77011,0.16201288738876957,0.7084995397361153,0.12948757287511506,3259
77012,0.21912919343326195,0.668807994289793,0.11206281227694503,1401
77013,0.2372595342558218,0.6419169760377995,0.12082348970637867,2963
77014,0.12478559176672384,0.6659996188298075,0.20921478940346866,41976
77015,0.17383177570093458,0.7190031152647975,0.10716510903426792,1605
77016,0.17988139688117724,0.6810893916099275,0.13902921150889525,4553
77017,0.18672397325692455,0.6848137535816619,0.12846227316141356,6282
77018,0.17875874125874125,0.6656468531468531,0.1555944055944056,4576
77019,0.3584905660377358,0.5660377358490566,0.07547169811320754,265
77020,0.16259212655042243,0.692162502246989,0.14524537120258854,11126
77021,0.15647107781939243,0.680815647107782,0.16271327507282562,12015
77022,0.20618955512572534,0.6963249516441006,0.09748549323017408,2585
77023,0.255406195207481,0.6300409117475161,0.11455289304500292,1711
77024,0.2106508875739645,0.693491124260355,0.09585798816568047,1690
77025,0.28366013071895424,0.5856209150326798,0.13071895424836602,765
77026,0.26680896478121663,0.647812166488794,0.08537886872998933,937
77027,0.2364963503649635,0.6328467153284671,0.13065693430656936,2740
77028,0.2023138534559478,0.6366063482646099,0.1610797982794423,3371
77029,0.20958618636498957,0.6835367668949092,0.10687704674010122,3359
77030,0.20696937697993664,0.6578669482576558,0.1351636747624076,947
77031,0.1781741465285769,0.7345607978519371,0.087265055619486,5214
78001,0.27300613496932513,0.6119631901840491,0.11503067484662577,652
78002,0.19090909090909092,0.6681818181818182,0.1409090909090909,1100
78003,0.228938279020874,0.6327526655654002,0.1383090554137258,13318
78004,0.23492723492723494,0.659043659043659,0.10602910602910603,962
78005,0.323943661971831,0.5727699530516432,0.10328638497652583,426
78006,0.36662606577344703,0.559074299634592,0.07429963459196103,821
78007,0.3197278911564626,0.6224489795918368,0.05782312925170068,294
78008,0.20422535211267606,0.7206572769953051,0.07511737089201878,426
78009,0.2287043664996421,0.677881173944166,0.09341445955619183,2794
78010,0.16925871268021342,0.6653422635940516,0.16539902372573503,8809
78011,0.24878048780487805,0.5983739837398374,0.15284552845528454,1845
78012,0.18041582830315225,0.6713615023474179,0.1482226693494299,1491
78013,0.21936589545844046,0.6229648671808055,0.15766923736075408,1167
78014,0.19611650485436893,0.6873786407766991,0.11650485436893204,515
78015,0.21277728482697428,0.6372670807453417,0.14995563442768411,5635
78016,0.2128205128205128,0.7153846153846154,0.07179487179487179,780
78017,0.23181049069373943,0.6521150592216582,0.11607445008460236,5910
78018,0.29528795811518327,0.6167539267015707,0.08795811518324607,955
78019,0.2509481668773704,0.6144121365360303,0.13463969658659924,1582
78020,0.2690824980724749,0.6553585196607556,0.07555898226676946,1297
78021,0.23814328960645811,0.6740665993945509,0.08779011099899092,991
78022,0.3047619047619048,0.6297619047619047,0.06547619047619048,840
78023,0.2999104744852283,0.6204118173679498,0.07967770814682185,1117
78024,0.28118393234672306,0.6173361522198731,0.1014799154334038,473
78025,0.2132921174652241,0.6381099580481342,0.14859792448664164,4529
78026,0.17246835443037975,0.6619198312236287,0.16561181434599156,1896
78027,0.2,0.6705882352941176,0.12941176470588237,170
78029,0.21576642335766424,0.6732846715328468,0.11094890510948906,10275
78030,0.16122840690978887,0.7120921305182342,0.12667946257197696,1563
78031,0.10766886744540376,0.627729812087354,0.2646013204672423,5907
78032,0.3036649214659686,0.581151832460733,0.11518324607329843,191
78033,0.16246673970887462,0.6541712318046643,0.1833620284864611,12778
78034,0.19614921780986763,0.6672683513838749,0.1365824308062575,1662
78035,0.16666666666666666,0.6602564102564102,0.17307692307692307,312
78036,0.2937665782493369,0.5974801061007957,0.10875331564986737,1508
78037,0.15858528237307473,0.6856816885339418,0.15573302909298345,1753
78038,0.2980599647266314,0.5925925925925926,0.10934744268077601,567
78039,0.23910336239103364,0.660024906600249,0.10087173100871731,803
78040,0.24061371841155235,0.6268953068592058,0.13249097472924187,5540
78041,0.268630849220104,0.6048526863084922,0.1265164644714038,577
78042,0.21497584541062803,0.7041062801932367,0.08091787439613526,828
78043,0.1678622668579627,0.733142037302726,0.09899569583931134,697
78045,0.1352729081188611,0.6075345020514733,0.25719258982966553,40215
78046,0.24830393487109906,0.6540027137042063,0.09769335142469471,737
78047,0.1986735445836404,0.6985998526160648,0.10272660280029476,6785
78048,0.1854345165238678,0.6383108935128519,0.1762545899632803,3268
78049,0.1574585635359116,0.6783741120757696,0.16416732438831885,2534
78050,0.23826714801444043,0.6552346570397112,0.10649819494584838,554
78051,0.2486997635933806,0.6203309692671395,0.1309692671394799,2115
78052,0.18232044198895028,0.6961325966850829,0.12154696132596685,905
78053,0.10683760683760683,0.7094017094017094,0.18376068376068377,702
78054,0.24644549763033174,0.6666666666666666,0.08688783570300158,1266
78055,0.2540845070422535,0.6270422535211267,0.11887323943661972,1775
78056,0.22930648769574943,0.651565995525727,0.11912751677852348,1788
78057,0.2244569589702333,0.6146419951729686,0.16090104585679807,1243
78058,0.1912568306010929,0.6729718369062632,0.13577133249264398,4758
78059,0.17157894736842105,0.7147368421052631,0.11368421052631579,950
78060,0.2391910739191074,0.6680613668061367,0.09274755927475593,1434
78061,0.18165304268846502,0.659400544959128,0.1589464123524069,1101
78062,0.20737913486005088,0.6736641221374046,0.11895674300254452,1572
78063,0.29333333333333333,0.6141176470588235,0.09254901960784313,1275
78064,0.3013182674199623,0.6365348399246704,0.062146892655367235,531
78065,0.13532513181019332,0.7100175746924429,0.1546572934973638,569
78066,0.2178304787000439,0.6837944664031621,0.09837505489679403,2277
78067,0.2640061396776669,0.6408288564850345,0.09516500383729855,1303
78068,0.28711943793911004,0.6088992974238876,0.10398126463700234,2135
78069,0.2048032021347565,0.6531020680453635,0.14209472981987992,1499
78070,0.23565279770444764,0.6628407460545194,0.101506456241033,5576
78071,0.2571022727272727,0.6463068181818182,0.09659090909090909,704
78072,0.2,0.68,0.12,500
78073,0.24385805277525022,0.6669699727024567,0.08917197452229299,1099
78074,0.2120689655172414,0.6431034482758621,0.14482758620689656,1740
78075,0.16962025316455695,0.6767932489451477,0.15358649789029535,1185
78076,0.10429447852760736,0.7167689161554193,0.17893660531697342,1956
78077,0.11981566820276497,0.7188940092165899,0.16129032258064516,1736
78078,0.16981132075471697,0.7084048027444254,0.12178387650085763,583
78079,0.1273955101295857,0.6528563606497536,0.2197481292206607,5479
78080,0.2829643888354187,0.6256015399422522,0.09143407122232916,1039
78081,0.1514921598381386,0.6641375821952453,0.18437025796661607,11862
78082,0.2195744680851064,0.6604255319148936,0.12,1175
78083,0.2491186839012926,0.6333725029377203,0.11750881316098707,2553
78084,0.23587350959046138,0.6283048211508554,0.13582166925868325,1929
78085,0.20474406991260924,0.6479400749063671,0.14731585518102372,801
78086,0.22764227642276422,0.6951219512195121,0.07723577235772358,246
78087,0.3080844865258558,0.5673707210487983,0.12454479242534595,1373
78088,0.25487646293888166,0.6644993498049415,0.08062418725617686,769
78089,0.2931937172774869,0.587696335078534,0.11910994764397906,764
78090,0.19913419913419914,0.658008658008658,0.14285714285714285,231
78091,0.15306567750381847,0.6540475670957888,0.19288675540039277,9166
78092,0.2584541062801932,0.6835748792270532,0.057971014492753624,414
78093,0.19612403100775194,0.7124031007751938,0.09147286821705426,1290
78094,0.20114942528735633,0.6689655172413793,0.12988505747126436,870
78096,0.21645021645021645,0.7077922077922078,0.07575757575757576,462
78097,0.14419695193434937,0.6670574443141852,0.18874560375146543,853
78098,0.1673469387755102,0.6761904761904762,0.1564625850340136,735
78099,0.2599231754161332,0.649167733674776,0.09090909090909091,781
78100,0.3114119922630561,0.5764023210831721,0.11218568665377177,517
78101,0.16611374407582938,0.6691943127962086,0.1646919431279621,4220
78102,0.11186965990953258,0.5607723236723069,0.3273580164181605,23876
78103,0.2171806167400881,0.6889867841409691,0.09383259911894273,2270
78104,0.21676737160120846,0.6518126888217523,0.13141993957703926,3972
78105,0.16775147928994083,0.6742603550295858,0.15798816568047339,3380
78106,0.21122889674126424,0.6772673733804476,0.11150372987828819,2547
78107,0.2162809257781325,0.6336791699920191,0.15003990422984836,1253
78109,0.20439189189189189,0.6976351351351351,0.09797297297297297,592
78110,0.1445587439090417,0.6681104493773687,0.1873308067135896,1847
78111,0.26,0.56,0.18,700
78112,0.2743055555555556,0.6180555555555556,0.1076388888888889,864
78113,0.2225,0.6475,0.13,400
78114,0.24699352451433856,0.6022201665124884,0.150786308973173,2162
78115,0.2579505300353357,0.657243816254417,0.08480565371024736,849
78116,0.17150395778364116,0.674802110817942,0.1536939313984169,1516
78117,0.23952095808383234,0.6071856287425149,0.1532934131736527,835
78118,0.2734452122408687,0.6209279368213229,0.10562685093780849,1013
78119,0.16675093538274852,0.6849024168267772,0.14834664779047427,9889
78120,0.3308270676691729,0.6115288220551378,0.05764411027568922,399
78121,0.2543171114599686,0.6666666666666666,0.07901622187336473,1911
78122,0.1869943062631106,0.6820497452801918,0.13095594845669764,3337
78123,0.22052304964539007,0.6677748226950354,0.11170212765957446,4512
78124,0.22009569377990432,0.6762360446570973,0.10366826156299841,627
78125,0.17380759902991108,0.6839126919967664,0.14227970897332257,1237
78126,0.2836676217765043,0.6045845272206304,0.11174785100286533,349
78127,0.19455252918287938,0.6549935149156939,0.1504539559014267,2313
78128,0.22084367245657568,0.6600496277915633,0.11910669975186104,1209
78129,0.3022922636103152,0.6160458452722063,0.08166189111747851,698
78130,0.24011713030746706,0.6530014641288433,0.10688140556368961,683
78131,0.22900763358778625,0.6631679389312977,0.10782442748091603,1048
78132,0.17924206213724822,0.6889723455104131,0.1317855923523387,2929
78133,0.2738481505515899,0.6171317326411421,0.109020116807268,1541
78134,0.16046966731898238,0.6702544031311155,0.16927592954990214,1022
78135,0.20307443365695793,0.6634304207119741,0.13349514563106796,1236
78136,0.26369582992641044,0.6218315617334423,0.11447260834014718,2446
78137,0.3470031545741325,0.5883280757097792,0.06466876971608833,634
78138,0.16543778801843317,0.7067588325652842,0.12780337941628264,6510
78139,0.2395693135935397,0.6648721399730821,0.0955585464333782,743
78140,0.21220930232558138,0.6686046511627907,0.11918604651162791,344
78142,0.21993127147766323,0.6499754540991655,0.13009327442317134,4074
78143,0.16129032258064516,0.6653668911733428,0.17334278624601204,2821
78145,0.2653748946925021,0.6613310867733783,0.07329401853411963,1187
78146,0.25648604269293923,0.6279146141215107,0.11559934318555008,3045
78147,0.3333333333333333,0.6159420289855072,0.050724637681159424,414
78148,0.18696778970751574,0.6664198445020363,0.14661236579044798,2701
78149,0.200652528548124,0.6769983686786297,0.12234910277324633,3678
78150,0.1689090909090909,0.6492727272727272,0.18181818181818182,5500
78152,0.256198347107438,0.6005509641873278,0.14325068870523416,726
78153,0.3016453382084095,0.6148689823278489,0.08348567946374162,1641
78154,0.21105527638190955,0.6658291457286433,0.12311557788944724,3582
78155,0.1421188630490956,0.6976744186046512,0.16020671834625322,1548
78156,0.14613466334164588,0.685785536159601,0.16807980049875312,6015
78157,0.20353211864933773,0.6640548887921564,0.1324129925585059,48243
79002,0.2401500938086304,0.6285178236397748,0.13133208255159476,533
79003,0.2428430404738401,0.6535044422507403,0.10365251727541955,1013
79004,0.2505050505050505,0.6343434343434343,0.11515151515151516,495
79005,0.3425196850393701,0.5551181102362205,0.10236220472440945,508
79007,0.22611464968152867,0.6910828025477707,0.08280254777070063,314
79008,0.22668650793650794,0.6279761904761905,0.1453373015873016,2016
79009,0.2573443008225617,0.6792009400705052,0.06345475910693302,851
79011,0.1652493679613882,0.6871983452079982,0.14755228683061367,4351
79012,0.21323780279767998,0.6745138178096213,0.11224837939269874,2931
79017,0.22131887985546522,0.6747967479674797,0.10388437217705511,1107
79018,0.2620050547598989,0.6225779275484414,0.11541701769165964,1187
79020,0.24871001031991744,0.6326109391124871,0.11867905056759546,969
79023,0.14038396258439256,0.6431561875306453,0.21645984988496209,53026
79024,0.24857142857142858,0.6171428571428571,0.13428571428571429,350
79025,0.273972602739726,0.6712328767123288,0.0547945205479452,219
79027,0.28416779431664413,0.645466847090663,0.07036535859269283,739
79029,0.24805978729519976,0.6346651336590975,0.1172750790457028,3479
79030,0.22152886115444617,0.6957878315132605,0.08268330733229329,641
79033,0.25720876585928487,0.6424452133794695,0.10034602076124567,867
79034,0.21791044776119403,0.6365671641791045,0.1455223880597015,1340
79036,0.18646408839779005,0.669889502762431,0.143646408839779,2896
79039,0.2227034419876909,0.6519261454296786,0.12537041258263049,4387
79042,0.17597193802981584,0.670271850336159,0.15375621163402514,3421
79043,0.16054054054054054,0.7027027027027027,0.13675675675675675,1850
79047,0.18106312292358803,0.6798172757475083,0.13911960132890366,2408
79048,0.2390282131661442,0.6661442006269592,0.09482758620689655,1276
79052,0.19943019943019943,0.7037037037037037,0.09686609686609686,351
79055,0.23636363636363636,0.6575757575757576,0.10606060606060606,330
79056,0.24666666666666667,0.65,0.10333333333333333,1200
79058,0.251729643427355,0.6391697711548696,0.10910058541777541,1879
79059,0.22842789598108748,0.6013593380614657,0.1702127659574468,3384
79060,0.21275144902829868,0.6362086600750085,0.1510398908966928,2933
79061,0.24021284682630178,0.6393006461421513,0.12048650703154694,2631
79063,0.20606060606060606,0.6656565656565656,0.12828282828282828,990
79065,0.2518891687657431,0.6020151133501259,0.14609571788413098,397
79068,0.23910171730515192,0.6459709379128138,0.11492734478203434,757
79069,0.23171565276828435,0.6657552973342447,0.10252904989747096,2926
79071,0.2862595419847328,0.6564885496183206,0.05725190839694656,262
79072,0.17634854771784234,0.6549100968188105,0.16874135546334718,1446
79073,0.2644320297951583,0.6573556797020484,0.0782122905027933,537
79074,0.2899728997289973,0.6097560975609756,0.1002710027100271,738
79077,0.21846846846846846,0.6936936936936937,0.08783783783783784,444
79080,0.16967213114754098,0.6049180327868853,0.22540983606557377,1220
79081,0.16260162601626016,0.6254742547425475,0.21192411924119242,3690
79083,0.2711864406779661,0.6398305084745762,0.08898305084745763,472
79087,0.19084682440846826,0.7067247820672479,0.10242839352428394,3212
79088,0.28013029315960913,0.5960912052117264,0.1237785016286645,307
79089,0.2887788778877888,0.6105610561056105,0.10066006600660066,606
79092,0.2275,0.6341666666666667,0.13833333333333334,1200
79094,0.23367198838896952,0.5776487663280117,0.18867924528301888,689
79095,0.23677248677248677,0.6785714285714286,0.08465608465608465,1512
79096,0.1831964624131396,0.6784586228679722,0.13834491471888818,1583
79099,0.24439102564102563,0.6578525641025641,0.09775641025641026,1248
79108,0.1832579185520362,0.6470588235294118,0.16968325791855204,442
79110,0.19090009891196835,0.6844708209693373,0.12462908011869436,1011
79114,0.22477600311647838,0.6634203350214258,0.11180366186209584,2567
79115,0.21823472356935014,0.6440349175557711,0.13773035887487875,1031
79116,0.18065268065268064,0.7132867132867133,0.10606060606060606,858
79117,0.23758594346829642,0.6333078686019863,0.12910618792971734,1309
79118,0.20717781402936378,0.6623164763458401,0.13050570962479607,1226
79122,0.20859444941808417,0.666965085049239,0.12444046553267682,1117
79123,0.15814171750351946,0.651337400281558,0.19052088221492258,2131
79126,0.30718954248366015,0.5915032679738562,0.10130718954248366,306
79127,0.19705263157894737,0.6684210526315789,0.1345263157894737,4750
79129,0.2338111715274345,0.6549678695007415,0.11122095897182402,2023
79130,0.21451104100946372,0.6589554854539081,0.1265334735366281,2853
79131,0.1434699714013346,0.6649189704480457,0.19161105815061963,2098
79133,0.15863453815261044,0.7054886211512718,0.1358768406961178,2988
79134,0.21730382293762576,0.7203219315895373,0.06237424547283702,497
79137,0.1281360498400404,0.6192961778077117,0.25256777235224787,5939
79138,0.15092348284960422,0.674934036939314,0.1741424802110818,1895
79139,0.2558886509635974,0.6220556745182013,0.12205567451820129,934
79142,0.14656771799628943,0.6581632653061225,0.19526901669758812,2156
79143,0.17391304347826086,0.6227621483375959,0.20332480818414322,1564
79146,0.17211474316210806,0.7038025350233489,0.12408272181454302,1499
79147,0.22792262405382674,0.6677880571909167,0.10428931875525652,2378
79148,0.2401883830455259,0.6640502354788069,0.09576138147566719,637
79151,0.277720207253886,0.6041450777202072,0.11813471502590674,965
79157,0.25025536261491316,0.6404494382022472,0.10929519918283963,979
79160,0.1730846069323744,0.6586005394066526,0.16831485366097293,40044
80001,0.13615023474178403,0.7537819509650495,0.11006781429316641,1917
80002,0.26644736842105265,0.6513157894736842,0.08223684210526316,304
80003,0.18507235338918507,0.7136329017517137,0.1012947448591013,1313
80004,0.1832579185520362,0.7092760180995475,0.1074660633484163,884
80005,0.18444512757454656,0.673224715647095,0.14233015677835845,3253
80006,0.267425320056899,0.6002844950213371,0.13229018492176386,703
80007,0.19734904270986744,0.6964285714285714,0.10622238586156112,5432
80008,0.21608643457382953,0.6956782713085234,0.08823529411764706,1666
80009,0.16952177016416844,0.6438258386866524,0.18665239114917917,2802
80010,0.1332518337408313,0.7811735941320294,0.08557457212713937,818
80011,0.23655913978494625,0.6272401433691757,0.13620071684587814,279
80012,0.1656516443361754,0.6662606577344702,0.16808769792935443,5747
80013,0.14931945556445156,0.677742193755004,0.17293835068054444,2498
80014,0.21050308914386584,0.6566637246248896,0.1328331862312445,2266
80015,0.2544757033248082,0.6649616368286445,0.08056265984654731,782
80016,0.2350674373795761,0.6647398843930635,0.1001926782273603,519
80017,0.29473684210526313,0.6336842105263157,0.07157894736842105,475
80018,0.14429530201342283,0.6771066368381805,0.17859806114839671,2682
80019,0.29411764705882354,0.596078431372549,0.10980392156862745,255
80020,0.3041044776119403,0.6361940298507462,0.05970149253731343,536
80021,0.215633423180593,0.6361185983827493,0.14824797843665768,371
80022,0.46068548387096775,0.4939516129032258,0.04536290322580645,992
80023,0.203432930705658,0.7291799109980928,0.06738715829624921,1573
80024,0.2384937238493724,0.6276150627615062,0.13389121338912133,478
80025,0.23501379483320792,0.6353147730122899,0.12967143215450214,3987
80026,0.2536231884057971,0.6811594202898551,0.06521739130434782,414
80027,0.18382352941176472,0.7158613445378151,0.10031512605042017,3808
80028,0.19812370806169502,0.6450946096358722,0.1567816823024328,6289
80029,0.20664451827242525,0.6485049833887043,0.14485049833887043,3010
80030,0.22242990654205608,0.6504672897196262,0.12710280373831775,535
80031,0.1335551330798479,0.7019961977186312,0.1644486692015209,2104
80032,0.2800751879699248,0.6560150375939849,0.06390977443609022,1064
80033,0.2338403041825095,0.6273764258555133,0.13878326996197718,526
80034,0.25645438898450945,0.6454388984509466,0.0981067125645439,581
80035,0.21392016376663256,0.6970317297850563,0.08904810644831115,977
80036,0.2011313639220616,0.6838466373350094,0.11502199874292897,1591
80037,0.22924411400247832,0.7050805452292441,0.06567534076827757,807
80038,0.17508158955653677,0.7022461124976003,0.12267229794586293,10418
80039,0.17332598511986774,0.705704050702673,0.12096996417745935,3629
80040,0.26531826293872696,0.6704342653182629,0.06424747174301011,1681
80041,0.27230046948356806,0.6807511737089202,0.046948356807511735,213
80042,0.25771144278606967,0.6623548922056385,0.07993366500829187,3015
80043,0.15702479338842976,0.6460267005721552,0.19694850603941513,7865
80044,0.2621097954790097,0.6630785791173305,0.07481162540365985,1858
80045,0.20193905817174515,0.6523545706371191,0.14570637119113575,3610
80046,0.2183406113537118,0.675764192139738,0.10589519650655022,916
80047,0.21160409556313994,0.6825938566552902,0.10580204778156997,293
80048,0.2168458781362007,0.6863799283154122,0.0967741935483871,558
80049,0.2088328075709779,0.7110410094637224,0.08012618296529968,3170
80050,0.16723338485316847,0.6445131375579598,0.1882534775888717,6470
80051,0.22946708463949844,0.658307210031348,0.1122257053291536,1595
80052,0.20668257756563246,0.679236276849642,0.11408114558472554,2095
80053,0.21059895114545957,0.6834115373999448,0.10598951145459563,3623
80054,0.18464449851311165,0.6753176534198432,0.14003784806704514,3699
80055,0.2273838630806846,0.648838630806846,0.12377750611246943,3272
80056,0.23134328358208955,0.6432835820895523,0.1253731343283582,1340
80057,0.1416697451052826,0.6677133357960843,0.19061691909863318,10828
80058,0.24853801169590642,0.6403508771929824,0.1111111111111111,342
80059,0.30257186081694404,0.6142208774583964,0.0832072617246596,661
80060,0.19367588932806323,0.7604743083003953,0.0458498023715415,2530
80061,0.15086066904839235,0.7245859045144527,0.12455342643715492,6158
80062,0.2946058091286307,0.6058091286307054,0.0995850622406639,723
80063,0.13430283109909325,0.6498628880459397,0.2158342808549671,104659
80064,0.2096627164995442,0.6754785779398359,0.11485870556061988,1097
80065,0.2045755341274343,0.6942711287577992,0.1011533371147665,5289
80066,0.2857142857142857,0.6388888888888888,0.07539682539682539,252
80067,0.14684959349593496,0.6443089430894309,0.20884146341463414,3936
80068,0.24236983842010773,0.6481149012567325,0.10951526032315978,557
80069,0.1873063238838517,0.7157121542522668,0.09698152186388155,8713
80070,0.18115942028985507,0.6757246376811594,0.1431159420289855,552
80071,0.20983935742971888,0.6922690763052208,0.09789156626506024,1992
80072,0.19696969696969696,0.678030303030303,0.125,264
80073,0.25173940543959517,0.6318785578747628,0.116382036685642,1581
80074,0.2225899875879189,0.7240380637153496,0.05337194869673149,2417
80075,0.30598052851182195,0.6050069541029207,0.0890125173852573,719
80076,0.23076923076923078,0.6840659340659341,0.08516483516483517,364
80077,0.22672811059907835,0.7096774193548387,0.06359447004608294,1085
80078,0.20695102685624012,0.6872037914691943,0.10584518167456557,633
80079,0.1721698113207547,0.7028301886792453,0.125,424
80080,0.21393034825870647,0.6865671641791045,0.09950248756218906,201
80081,0.236903831118061,0.6243158717748241,0.13878029710711492,2558
80082,0.233751425313569,0.645381984036488,0.12086659064994298,877
80083,0.19398907103825136,0.6256830601092896,0.18032786885245902,732
80084,0.20526315789473684,0.7333333333333333,0.06140350877192982,570
80085,0.17550461854259322,0.6951761888470749,0.12931919261033184,2923
80086,0.1810601548540798,0.7224538415723645,0.09648600357355569,1679
80087,0.26714801444043323,0.631768953068592,0.10108303249097472,554
80088,0.16538613081166273,0.6801615445232466,0.15445232466509062,10152
80089,0.1992094861660079,0.7162055335968379,0.08458498023715415,1265
80090,0.45394736842105265,0.45394736842105265,0.09210526315789473,152
80091,0.26851851851851855,0.6296296296296297,0.10185185185185185,756
80092,0.17572692793931732,0.7225031605562579,0.10176991150442478,1582
80093,0.1934683753617197,0.6829268292682927,0.1236047953699876,9676
80094,0.20261437908496732,0.6830065359477124,0.11437908496732026,306
80095,0.2019774011299435,0.6666666666666666,0.13135593220338984,1416
80096,0.1367730313947504,0.6654657745753989,0.19776119402985073,7772
80097,0.1982585398526457,0.6791694574681849,0.12257200267916946,2986
81001,0.19595361800227093,0.6621821560059182,0.1418642259918109,29063
81002,0.19146666666666667,0.7162666666666667,0.09226666666666666,1875
81003,0.21024067956583295,0.6717791411042945,0.11798017932987258,4238
81004,0.2298671941226335,0.6466515964961853,0.12348120938118112,7078
81005,0.18070493025236928,0.669257800021297,0.15003726972633372,9391
81006,0.19876912840984698,0.6600133067198936,0.1412175648702595,18036
81007,0.22990210619994067,0.687926431326016,0.0821714624740433,3371
81008,0.16092995169082125,0.6890096618357487,0.15006038647342995,16560
81009,0.1763085399449036,0.7180899908172635,0.10560146923783287,3267
81010,0.1947761194029851,0.6776119402985075,0.12761194029850748,2680
81011,0.20766278781876701,0.6650367252620285,0.12730048691920443,48468
81012,0.19601805521536791,0.6823191854158648,0.12166275936876728,28579
81013,0.1912087912087912,0.7027106227106227,0.10608058608058608,6825
81014,0.1928557094120008,0.6987758378486856,0.10836845273931367,4983
81015,0.1951036347251427,0.6419345148693302,0.1629618504055272,6658
81016,0.20348204570184983,0.6833514689880305,0.11316648531011969,919
81017,0.1737918215613383,0.7072490706319703,0.11895910780669144,1076
81018,0.22724603640634175,0.6353493834409865,0.13740458015267176,6812
81019,0.19842233009708737,0.6871966019417476,0.11438106796116505,3296
81020,0.18526011560693642,0.6991329479768786,0.11560693641618497,3460
81021,0.17481567153390198,0.6889981205725025,0.13618620789359548,34585
81022,0.1854099418979987,0.6986442866365397,0.11594577146546159,7745
81023,0.23798965262379895,0.647450110864745,0.11456023651145603,1353
81024,0.22104144527098832,0.6873538788522848,0.09160467587672688,4705
81025,0.2220532319391635,0.685171102661597,0.09277566539923954,5260
82001,0.2615600186828585,0.6562354040168146,0.08220457730032694,2141
82002,0.2680161943319838,0.6234817813765182,0.10850202429149798,1235
82003,0.2862796833773087,0.6437994722955145,0.06992084432717678,758
82004,0.14761712439418417,0.7069870759289176,0.14539579967689822,4952
82005,0.15226039783001807,0.723869801084991,0.12386980108499096,5530
82006,0.19137160032255698,0.6853969650318892,0.12323143464555385,27282
82007,0.22680123352957668,0.6924586487244183,0.08074011774600505,3567
82008,0.2670111972437554,0.6554694229112834,0.07751937984496124,1161
82009,0.20402660435017078,0.7168793816286176,0.07909401402121158,5563
82010,0.22469922151450814,0.6599433828733192,0.11535739561217269,2826
82011,0.1979119382660009,0.7190195188379482,0.08306854289605084,2203
82012,0.2368995633187773,0.6495633187772926,0.11353711790393013,916
82013,0.20010518012095713,0.706284512227189,0.0936103076518538,3803
82014,0.24598930481283424,0.6538461538461539,0.10016454134101192,4862
82015,0.27925746569814364,0.6319612590799032,0.08878127522195318,2478
82016,0.238562091503268,0.6862745098039216,0.07516339869281045,306
82017,0.17177535486525405,0.6922443941575808,0.13598025097716518,4861
82018,0.26358695652173914,0.65625,0.08016304347826086,736
82019,0.1986827661909989,0.6964873765093305,0.10482985729967069,1822
82020,0.19030161639726711,0.7117147142142977,0.09798366938843527,6001
82021,0.1670672487369402,0.7410114288517192,0.09192132241134056,20387
82022,0.17464739683092462,0.6592373324046665,0.16611527076440885,5743
82023,0.17929494337214866,0.7098420800765672,0.11086297655128409,6269
82024,0.22694063926940639,0.663013698630137,0.11004566210045662,2190
82025,0.25387797311271976,0.6494312306101344,0.09669079627714582,1934
82026,0.17258883248730963,0.7292724196277496,0.09813874788494077,591
82027,0.16434800664451826,0.6421303986710963,0.19352159468438537,9632
82028,0.23478550049883604,0.6857332889923512,0.07948121050881277,3007
82029,0.22598870056497175,0.6824858757062147,0.09152542372881356,1770
82030,0.23946994794131565,0.657359204921912,0.10317084713677237,2113
82031,0.1579749923757243,0.7261360170783776,0.11588899054589814,6558
82032,0.23232724384432088,0.6608419380460683,0.1068308181096108,2518
82033,0.26326326326326327,0.6506506506506506,0.08608608608608609,999
82034,0.19556541019955653,0.6906134515890614,0.11382113821138211,6765
82035,0.16882494004796164,0.7358912869704236,0.09528377298161471,6255
82036,0.2719891745602165,0.591339648173207,0.13667117726657646,4434
82037,0.2231404958677686,0.6589030803906837,0.1179564237415477,1331
82038,0.18387909319899245,0.7204030226700252,0.09571788413098237,1191
82039,0.19743178170144463,0.6556982343499197,0.14686998394863562,1246
82040,0.20689655172413793,0.6968390804597702,0.09626436781609195,696
82041,0.25121555915721233,0.6288492706645057,0.11993517017828201,617
82042,0.25828460038986356,0.6364522417153996,0.10526315789473684,1026
82043,0.1626057963580405,0.7227494229289562,0.11464478071300334,3899
82044,0.18008474576271186,0.688135593220339,0.13177966101694916,2360
82045,0.23355430902600713,0.6677715451300357,0.09867414584395716,3922
82046,0.23282442748091603,0.6622137404580153,0.1049618320610687,3668
82047,0.20838396111786148,0.6992709599027946,0.09234507897934387,1646
82048,0.19294535034454527,0.717336426280958,0.08971822337449682,14657
82049,0.15985330073349632,0.7199022004889976,0.1202444987775061,20450
82050,0.15702479338842976,0.7300275482093664,0.11294765840220386,3267
82051,0.27245508982035926,0.6212574850299402,0.1062874251497006,2004
82052,0.23956723338485317,0.652241112828439,0.10819165378670788,1294
82053,0.16185349753859363,0.6605628620330157,0.17758364042839064,358738
82054,0.18803470663187913,0.6900066743522845,0.12195861901583642,16481
82055,0.21218961625282168,0.6681715575620768,0.11963882618510158,2215
82056,0.19852553975776724,0.6440231700895208,0.15745129015271195,1899
82057,0.1862348178137652,0.6688837478311163,0.14488143435511858,3458
82058,0.26571428571428574,0.6095238095238096,0.12476190476190477,2100
82059,0.20105820105820105,0.6681096681096681,0.13083213083213083,2079
82060,0.21139641224059091,0.6851916989096025,0.10341188884980654,2843
82061,0.23177366702937977,0.6713819368879217,0.09684439608269858,919
82062,0.25107604017216645,0.6628407460545194,0.08608321377331421,1394
82063,0.210489264343541,0.71770503343893,0.07180570221752904,2841
82064,0.22675736961451248,0.7058956916099773,0.0673469387755102,4410
82065,0.3248106060606061,0.5975378787878788,0.07765151515151515,1056
82066,0.15146579804560262,0.752442996742671,0.09609120521172639,614
82067,0.190531561461794,0.6707641196013289,0.13870431893687707,6020
82068,0.22730521801286632,0.6962115796997855,0.0764832022873481,1399
82069,0.35986159169550175,0.5709342560553633,0.06920415224913495,289
82070,0.19548872180451127,0.6716562047320135,0.1328550734634752,14497
82071,0.19000866300895178,0.7041582442968525,0.10583309269419579,6926
82072,0.17674418604651163,0.7141649048625793,0.10909090909090909,2365
82073,0.1932383730907843,0.6993307019049253,0.10743092500429037,5827
82074,0.2395715896279594,0.6431792559188275,0.11724915445321307,1774
82075,0.17976190476190476,0.694047619047619,0.1261904761904762,840
82076,0.2529274004683841,0.6552693208430913,0.09180327868852459,2135
82077,0.22719298245614036,0.6684210526315789,0.10438596491228071,1140
82078,0.24465885596140594,0.6726395589248794,0.08270158511371468,1451
82079,0.1834151663938898,0.7456628477905074,0.07092198581560284,9165
82080,0.2374256354786371,0.6619794483504597,0.10059491617090319,1849
82081,0.32169576059850374,0.6209476309226932,0.057356608478802994,401
82082,0.2460202604920405,0.6483357452966715,0.10564399421128799,691
83001,0.24428044280442804,0.6538745387453875,0.1018450184501845,1355
83002,0.1643835616438356,0.7420091324200914,0.09360730593607305,438
83003,0.1336405529953917,0.6919025674786043,0.17445687952600394,1519
83004,0.23211169284467714,0.7155322862129145,0.05235602094240838,573
83005,0.14612112618999393,0.6767672675713996,0.17711160623860644,24685
83006,0.25824175824175827,0.6565934065934066,0.08516483516483517,364
83007,0.1543424317617866,0.7042183622828784,0.141439205955335,4030
83008,0.2249015748031496,0.6801181102362205,0.09498031496062992,2032
83009,0.14868962529781243,0.6627680311890838,0.18854234351310376,9234
83010,0.16578947368421051,0.7302631578947368,0.10394736842105264,3040
83011,0.20793950850661624,0.6810018903591682,0.1110586011342155,2116
83012,0.25693160813308685,0.6894639556377079,0.053604436229205174,541
83013,0.25263157894736843,0.6479532163742691,0.09941520467836257,855
83014,0.2054320987654321,0.677037037037037,0.11753086419753087,2025
83015,0.19305555555555556,0.7083333333333334,0.09861111111111111,720
83016,0.21981424148606812,0.6563467492260062,0.1238390092879257,1615
83017,0.18480360592401804,0.7269800386349002,0.08821635544108178,1553
83018,0.24295774647887325,0.6971830985915493,0.05985915492957746,284
83019,0.1778846153846154,0.6944444444444444,0.12767094017094016,1872
83020,0.22786069651741295,0.6467661691542289,0.1253731343283582,1005
83021,0.21325301204819277,0.7,0.08674698795180723,830
83022,0.21067415730337077,0.7050561797752809,0.08426966292134831,356
83023,0.21016483516483517,0.6840659340659341,0.10576923076923077,728
83024,0.161231884057971,0.7336956521739131,0.10507246376811594,552
83025,0.1706930693069307,0.7164356435643564,0.11287128712871287,2525
83026,0.23851203501094093,0.6455142231947484,0.11597374179431072,457
83027,0.10498812351543943,0.6845605700712589,0.21045130641330168,2105
83028,0.15606710885680844,0.6929379633242294,0.15099492781896215,2563
83029,0.14041850220264318,0.762114537444934,0.0974669603524229,1816
83030,0.1924342105263158,0.6951754385964912,0.11239035087719298,1824
83031,0.1487603305785124,0.7644628099173554,0.08677685950413223,242
83032,0.15437826893875486,0.6979922389066981,0.147629492154547,5927
83033,0.16256662566625665,0.6748667486674866,0.16256662566625665,4878
83034,0.19117647058823528,0.7132352941176471,0.09558823529411764,952
83035,0.21229586935638808,0.7041306436119116,0.08357348703170028,1041
83036,0.15806111696522657,0.7165437302423604,0.12539515279241306,949
83037,0.1649048625792812,0.693446088794926,0.1416490486257928,473
83038,0.1271276595744681,0.7425531914893617,0.13031914893617022,1880
83039,0.2328086164043082,0.656172328086164,0.11101905550952776,1207
83040,0.30679156908665106,0.5901639344262295,0.10304449648711944,427
83041,0.13306063522617903,0.7382098171318575,0.12872954764196343,8312
83042,0.15175879396984926,0.7125628140703517,0.135678391959799,995
83043,0.15283842794759825,0.7321688500727802,0.11499272197962154,687
83044,0.2119205298013245,0.7196467991169978,0.0684326710816777,453
83045,0.22872340425531915,0.6728723404255319,0.09840425531914894,376
83046,0.22567287784679088,0.6635610766045549,0.11076604554865424,966
83047,0.1807909604519774,0.7097457627118644,0.1094632768361582,1416
83048,0.1275645117169691,0.6708914622655846,0.20154402601744628,131604
83049,0.13637755102040816,0.6839285714285714,0.1796938775510204,19600
83050,0.21765417170495768,0.694074969770254,0.08827085852478839,827
83051,0.20481927710843373,0.6852409638554217,0.10993975903614457,664
83052,0.15260504201680672,0.720672268907563,0.12672268907563025,2975
83053,0.22340425531914893,0.7085106382978723,0.06808510638297872,470
83054,0.2027511961722488,0.6794258373205742,0.11782296650717704,1672
83055,0.19398907103825136,0.7377049180327869,0.06830601092896176,366
83056,0.18001978239366964,0.7111770524233432,0.10880316518298715,1011
83057,0.23128342245989306,0.6504010695187166,0.11831550802139038,1496
83058,0.1936056838365897,0.7300177619893428,0.0763765541740675,563
83059,0.24740124740124741,0.6174636174636174,0.13513513513513514,481
83060,0.19072164948453607,0.7018239492466296,0.10745440126883427,2522
83061,0.13874570446735396,0.6924398625429553,0.16881443298969073,2328
83062,0.22103004291845493,0.6824034334763949,0.09656652360515021,932
83063,0.20098039215686275,0.6631652661064426,0.13585434173669467,1428
83064,0.14308943089430895,0.7409214092140921,0.11598915989159891,3690
83065,0.15163934426229508,0.703551912568306,0.1448087431693989,732
83066,0.14467887781126826,0.6773707396243914,0.17795038256434037,8626
83067,0.18149882903981265,0.7412177985948478,0.07728337236533958,854
83068,0.1669724770642202,0.670091743119266,0.16293577981651375,2725
83069,0.18067226890756302,0.7044817927170869,0.11484593837535013,714
83070,0.21174004192872117,0.70020964360587,0.0880503144654088,477
83071,0.07142857142857142,0.7142857142857143,0.21428571428571427,126
83072,0.12834224598930483,0.6833460656990069,0.18831168831168832,2618
83073,0.16692426584234932,0.7573415765069552,0.07573415765069552,647
83074,0.2764423076923077,0.6418269230769231,0.08173076923076923,416
83075,0.1879432624113475,0.6801418439716312,0.13191489361702127,1410
83076,0.1384322134858232,0.7012151536812009,0.16035263283297593,4197
83077,0.1766908495202434,0.7250175520711444,0.09829159840861222,4273
83078,0.24104912572855952,0.6773522064945878,0.08159866777685262,2402
83079,0.2159400544959128,0.6716621253405994,0.11239782016348773,1468
83080,0.246690734055355,0.6371841155234657,0.1161251504211793,1662
83081,0.18734177215189873,0.7048101265822785,0.10784810126582278,1975
83082,0.27303754266211605,0.6439135381114903,0.08304891922639362,879
83083,0.16113744075829384,0.7488151658767772,0.09004739336492891,633
83084,0.15985456369107323,0.6614844533600802,0.17866098294884655,7976
83085,0.12115384615384615,0.7028846153846153,0.17596153846153847,1040
83086,0.1936486020020711,0.7317915084570245,0.07455988954090438,2897
83087,0.11526479750778816,0.6853582554517134,0.19937694704049844,642
83088,0.21889400921658986,0.6811059907834102,0.1,2170
83089,0.11855752353598213,0.6899632998244775,0.19147917663954045,6267
83090,0.20994475138121546,0.7182320441988951,0.0718232044198895,905
83091,0.17625637290604515,0.6788055353241078,0.14493809176984704,2746
83092,0.17644575770367243,0.6998733642887294,0.12368087800759814,2369
83093,0.13200379867046533,0.7407407407407407,0.12725546058879392,1053
83094,0.1749788672865596,0.7159763313609467,0.10904480135249366,1183
83095,0.17103825136612022,0.7065573770491803,0.12240437158469945,1830
83096,0.15875725503584842,0.6923864800273131,0.1488562649368385,2929
83097,0.1264172335600907,0.7183956916099773,0.15518707482993196,7056
83098,0.15718763994626064,0.7201074787281684,0.12270488132557097,4466
83099,0.2552107457156091,0.6685965724872627,0.0761926817971283,4318
83100,0.24740484429065743,0.6505190311418685,0.10207612456747404,578
83101,0.2149191444966093,0.6489306207616067,0.13615023474178403,1917
83102,0.21927374301675978,0.664804469273743,0.11592178770949721,716
83103,0.16940581542351454,0.7332490518331226,0.09734513274336283,791
83104,0.1406575114440283,0.7124427798585102,0.1468997086974615,2403
83105,0.14612403100775193,0.712984496124031,0.14089147286821704,5160
83106,0.17675392670157067,0.6946596858638744,0.12858638743455497,4775
83107,0.18665516249640496,0.6839229220592464,0.12942191544434858,3477
83108,0.14281002638522428,0.7180079155672823,0.1391820580474934,3032
84001,0.14371223021582732,0.6626474820143885,0.19364028776978418,34750
84002,0.23666462293071736,0.6088289393010423,0.15450643776824036,1631
84003,0.18082334549244397,0.6819524057668925,0.13722424874066355,5757
84004,0.16976633285646162,0.6676204101096805,0.1626132570338579,2097
84005,0.2271186440677966,0.6474576271186441,0.12542372881355932,1770
84006,0.2134228187919463,0.6805369127516778,0.10604026845637583,745
84007,0.23613595706618962,0.6426654740608229,0.12119856887298748,2236
84008,0.2355848434925865,0.6746293245469522,0.08978583196046129,1214
84009,0.19778619283425575,0.6722982813865424,0.12991552577920187,3433
84010,0.19876228613032398,0.6867491809246451,0.11448853294503095,5494
84011,0.19433349310326464,0.6897800500612451,0.11588645683549023,18777
84012,0.21415929203539824,0.6769911504424779,0.1088495575221239,4520
84013,0.23639661426844014,0.6801692865779927,0.08343409915356712,1654
84014,0.22262118491921004,0.6561938958707361,0.12118491921005387,2228
84015,0.20553359683794467,0.650691699604743,0.14377470355731226,2024
84016,0.1908256880733945,0.6568807339449542,0.15229357798165138,545
84017,0.1767538211746263,0.6955937517496221,0.12765242707575164,17861
84018,0.2079806529625151,0.6363361547762999,0.15568319226118502,3308
84019,0.1865482233502538,0.6395939086294417,0.17385786802030456,788
84020,0.21185790953232814,0.7181190902121135,0.0700230002555584,3913
84021,0.22213705350298943,0.6735653329245235,0.1042976135724871,19569
84022,0.20280296784830998,0.6883759274525969,0.10882110469909316,1213
84023,0.21817162086371283,0.659562535053281,0.12226584408300617,7132
84024,0.22549019607843138,0.6882352941176471,0.08627450980392157,1530
84025,0.22202591283863368,0.6395759717314488,0.13839811542991756,1698
84026,0.24320827943078913,0.6261319534282018,0.13065976714100905,4638
84027,0.2593947455936149,0.6542234785500499,0.08638177585633522,12028
84028,0.21564063772838357,0.6847433957872687,0.09961596648434773,8593
84029,0.20556792873051224,0.6605790645879732,0.13385300668151448,4490
84030,0.18860156953557186,0.6700115785411038,0.14138685192332434,7773
84031,0.21392532795156408,0.6722166162125799,0.11385805583585604,5946
84032,0.1941856131196422,0.6828177413343273,0.12299664554603057,2683
84033,0.19161070738662497,0.6685677490571245,0.13982154355625057,10871
84034,0.2011011301072153,0.6824108953926398,0.11648797450014489,3451
84035,0.24475166410650281,0.6574500768049155,0.09779825908858167,1953
84036,0.2191391741315272,0.6499890758138519,0.13087175005462093,4577
84037,0.178,0.702,0.12,1500
84038,0.21246989563821247,0.672999732405673,0.11453037195611453,3737
84039,0.24315443592552027,0.6418400876232202,0.11500547645125958,913
84040,0.21502683363148478,0.6493738819320215,0.13559928443649374,2795
84041,0.201201448321264,0.6453258722843976,0.15347267939433837,24304
84042,0.21160778658976206,0.6971881759192502,0.09120403749098774,2774
84043,0.21153846153846154,0.667420814479638,0.12104072398190045,884
85001,0.20679886685552407,0.6855524079320113,0.10764872521246459,706
85002,0.24722222222222223,0.6666666666666666,0.08611111111111111,360
85003,0.20264650283553876,0.675992438563327,0.12136105860113422,2645
85004,0.16357762750841842,0.6675883592958634,0.16883401319571822,36527
85005,0.19696969696969696,0.6948051948051948,0.10822510822510822,1848
85006,0.1770956316410862,0.6965761511216056,0.12632821723730814,2541
85007,0.20606854938424254,0.6797319353083733,0.11419951530738415,40438
85008,0.2812227074235808,0.662882096069869,0.05589519650655022,1145
85009,0.16336264719034133,0.7258905947235057,0.11074675808615293,6709
85010,0.23802083333333332,0.6291666666666667,0.1328125,1920
85011,0.1778697001034126,0.717683557394002,0.10444674250258532,967
85012,0.18097481961419526,0.6624944779855692,0.15653070240023562,6791
85013,0.24909020518776617,0.6615563298490128,0.08935346496322107,12915
85014,0.24230145867098865,0.6369529983792545,0.12074554294975688,1234
85015,0.2135530519589709,0.6835379182781234,0.10290902976290567,5947
85016,0.1852133566593139,0.6827413098045182,0.13204533353616796,13147
85017,0.24519074013694164,0.6560156504727747,0.09879360939028367,3067
85018,0.2052291256676975,0.6601068315996627,0.13466404273263988,3557
85019,0.1840277777777778,0.7279265873015873,0.08804563492063493,4032
85020,0.18642350557244175,0.6514690982776089,0.16210739614994935,987
85021,0.22015334063526834,0.7020810514786419,0.07776560788608981,1826
85022,0.2570806100217865,0.6230936819172114,0.11982570806100218,918
86001,0.1805524861878453,0.7043093922651934,0.11513812154696132,4525
86002,0.19671532846715328,0.6875912408759124,0.11569343065693431,2740
86003,0.18142762723066755,0.7105089226701917,0.10806345009914078,3026
86004,0.22065727699530516,0.6730687153222364,0.10627400768245839,7029
86005,0.1590335376848179,0.6949152542372882,0.14605120807789398,2773
86006,0.18069120961682944,0.7336589030803907,0.08564988730277986,2662
86007,0.22636103151862463,0.6857688634192932,0.08787010506208214,3141
86008,0.221604447974583,0.6894360603653693,0.08895949166004766,1259
86009,0.14106169296987087,0.6653084648493544,0.19362984218077475,17425
86010,0.24276672694394213,0.6482820976491862,0.1089511754068716,2212
86011,0.18544955387783116,0.6857927247769389,0.12875772134522992,7285
86012,0.1895294117647059,0.6727058823529412,0.13776470588235293,8500
86013,0.16873589164785552,0.7183972911963883,0.11286681715575621,1772
86014,0.15685019206145967,0.7059058898847631,0.1372439180537772,12496
86015,0.23198467799856357,0.6787167823796983,0.08929853962173809,4177
86016,0.21399666746012855,0.6955486788859795,0.09045465365389194,4201
86017,0.25614754098360654,0.6352459016393442,0.10860655737704918,488
86018,0.26410522672204917,0.6092073381793008,0.12668743509865005,5778
86019,0.19414265470004724,0.7059518186112423,0.09990552668871044,4234
86020,0.2169779286926995,0.6760611205432937,0.10696095076400679,2945
87001,0.11116504854368932,0.704368932038835,0.18446601941747573,2060
87002,0.10785864978902954,0.650492264416315,0.2416490857946554,11376
87003,0.12594543490005403,0.7526337115072933,0.12142085359265262,14808
87004,0.1432561851556265,0.6850891194466614,0.17165469539771216,30072
87005,0.11220253164556962,0.7506835443037975,0.1371139240506329,9875
87006,0.23317432036323926,0.6791194896258406,0.08770619001092017,17399
87007,0.14266450916936355,0.74804476806904,0.10929072276159654,14832
87008,0.21007061197041021,0.6753530598520511,0.11457632817753867,11896
87009,0.19623398134425943,0.7049080289425508,0.09885798971318978,11471
87010,0.207486285898677,0.7189415940626008,0.07357212003872217,3099
87011,0.16178581682457652,0.6912623217532778,0.14695186142214567,20898
87012,0.1176249530251785,0.7974445697106352,0.0849304772641864,2661
87013,0.24616023246160232,0.6911581569115816,0.06268161062681611,2409
87014,0.18834080717488788,0.7095166915794718,0.10214250124564025,2007
87015,0.1611509462994307,0.6707431912601939,0.16810586244037545,162475
87016,0.1821173889193637,0.7112817699762296,0.10660084110440665,5469
87017,0.14852720918622067,0.6878432351472791,0.16362955566650025,16024
87018,0.20704107292539817,0.6768650461022632,0.11609388097233864,7158
87019,0.12748584222310022,0.7117081522454892,0.1608060055314105,15186
87020,0.21813870776526378,0.6953171310017783,0.08654416123295791,1687
87021,0.11427740622273917,0.7510904332654842,0.13463216051177668,3439
87022,0.23293172690763053,0.6796073181615351,0.08746095493083444,2241
87023,0.13856366928183464,0.7412190706095353,0.12021726010863006,8285
87024,0.11193781232648528,0.7435313714602998,0.14453081621321487,18010
87025,0.2130254281266217,0.7000518941359626,0.08692267773741567,3854
87026,0.15306122448979592,0.7128279883381924,0.13411078717201166,686
87027,0.261139896373057,0.646286701208981,0.092573402417962,2895
87028,0.25232919254658387,0.6498447204968945,0.09782608695652174,2576
87029,0.16048429691626376,0.7464348108723032,0.09308089221143298,24613
87030,0.13571320982075613,0.7583973489983431,0.10588944118090074,6639
87031,0.11155378486055777,0.715360779105799,0.1730854360336432,4518
87032,0.19952352590827874,0.7368671828469326,0.06360929124478856,8395
87033,0.1954115841344212,0.6972695694321027,0.10731884643347604,24758
87034,0.10248628458036653,0.738881755573713,0.15863195984592038,8567
87035,0.1575883575883576,0.7193347193347194,0.12307692307692308,2405
87036,0.21157436216552583,0.716863721219664,0.0715619166148102,1607
87037,0.18324324324324323,0.7326126126126126,0.08414414414414415,5550
87038,0.1857701782350384,0.7230836110708593,0.09114621069410231,6901
87039,0.15319097888675623,0.701415547024952,0.14539347408829176,8336
87040,0.24817518248175183,0.6529528865295289,0.09887193098871931,1507
87041,0.11494907770101845,0.6829285663414286,0.20212235595755287,14041
87042,0.0856104455512182,0.6322519854623772,0.28213756898640463,7429
87043,0.22992489890236859,0.6730213749277874,0.09705372616984402,1731
87044,0.12713004484304932,0.7573991031390135,0.11547085201793722,4460
87045,0.07990115321252059,0.614827018121911,0.30527182866556835,6070
87046,0.167853509664293,0.7273652085452695,0.10478128179043744,983
87047,0.16435299950421417,0.7441745166088249,0.09147248388696083,4034
87048,0.15577476366625564,0.7147554459515002,0.12946979038224415,4866
87049,0.1955661948376353,0.7111781848459617,0.093255620316403,9608
87050,0.10347957639939485,0.7015128593040847,0.1950075642965204,6610
87051,0.09714897824653922,0.6794660514172709,0.22338497033618984,12136
87052,0.11029886046011611,0.708449795742851,0.1812513437970329,4651
87053,0.1143455098934551,0.6778919330289194,0.20776255707762556,5256
87054,0.1970997336490086,0.708197691624741,0.09470257472625036,3379
87055,0.13367799113737075,0.7239660265878878,0.1423559822747415,5416
87056,0.201980198019802,0.7267326732673267,0.07128712871287128,2525
87057,0.21117779444861215,0.7445611402850713,0.04426106526631658,2666
87058,0.12270183852917665,0.7026378896882494,0.17466027178257393,2502
88001,0.22298099762470308,0.7008610451306413,0.07615795724465559,6736
88002,0.21088804485440404,0.6943389401338398,0.0947730150117562,5529
88003,0.1951473326760872,0.6915872494249097,0.11326541789900317,18258
88004,0.21514135122184955,0.6756109247724006,0.10924772400574988,2087
88005,0.16520756848347926,0.6978254730302175,0.1369669584863033,10623
88006,0.16295789113317358,0.6867225835900947,0.1503195252767317,35052
88007,0.1871604938271605,0.7180246913580247,0.09481481481481481,2025
88008,0.18370142098955658,0.7076699195343263,0.1086286594761171,11682
88009,0.15276796230859835,0.6737141735374951,0.17351786415390655,50940
88010,0.19667960905074308,0.6936671575846833,0.10965323336457357,7469
88011,0.18381180223285487,0.6901913875598086,0.12599681020733652,17556
88012,0.21509190583682683,0.6875739008921853,0.09733419327098786,37212
89001,0.1480914656103709,0.7139449045732805,0.13796362981634858,22216
89002,0.17622093023255814,0.6799418604651163,0.14383720930232557,17200
89003,0.19774436090225564,0.675187969924812,0.12706766917293233,1330
89004,0.1847041847041847,0.7157287157287158,0.09956709956709957,693
89005,0.18259129564782392,0.680840420210105,0.13656828414207103,3998
89006,0.15890542486797887,0.7067690830532886,0.1343254920787326,10415
89007,0.16600790513833993,0.7430830039525692,0.09090909090909091,506
89008,0.23367285799880166,0.7088076692630317,0.057519472738166565,1669
89009,0.16270265821743066,0.7045510657559049,0.13274627602666447,12151
89010,0.23824162311712266,0.6927451583154012,0.06901321856747618,6506
89011,0.2007384220242395,0.6901035396099205,0.10915803836583995,12459
89012,0.16641045349730976,0.7496797335383039,0.08390981296438636,7806
89013,0.17890382626680454,0.6902053479095879,0.13089082582360761,13538
89014,0.19534132841328414,0.7103321033210332,0.09432656826568266,13008
89015,0.15774446823697358,0.6948608137044968,0.14739471805852963,5604
89016,0.18180383492464294,0.6904442515584314,0.12775191351692575,12673
89017,0.13680202340254036,0.6982962283554296,0.16490174824203008,71958
89018,0.1501123595505618,0.7341573033707866,0.11573033707865168,4450
89019,0.18925318761384335,0.7123861566484517,0.09836065573770492,5490
89020,0.2018181818181818,0.730909090909091,0.06727272727272728,2200
89021,0.16328043897375055,0.7495180186860448,0.08720154234020466,6743
90001,0.1772030651340996,0.6934865900383141,0.12931034482758622,1044
90002,0.24541484716157205,0.6917030567685589,0.062882096069869,1145
90003,0.15165876777251186,0.6750074569979784,0.17333377522950982,30173
90004,0.17471264367816092,0.6413793103448275,0.1839080459770115,435
90005,0.24344569288389514,0.6910112359550562,0.06554307116104868,534
90006,0.1478043183477626,0.737039741316366,0.1151559403358715,9587
90007,0.2650918635170604,0.6456692913385826,0.08923884514435695,381
90008,0.19329214474845544,0.7184466019417476,0.088261253309797,1133
90009,0.20568816658202133,0.718638902996445,0.07567293042153378,1969
90010,0.2535211267605634,0.6443661971830986,0.10211267605633803,284
90011,0.26120556414219476,0.6630602782071098,0.07573415765069552,647
90012,0.16959334565619225,0.7342883548983364,0.09611829944547134,2164
90013,0.2375886524822695,0.6812943262411347,0.08111702127659574,2256
90014,0.23897058823529413,0.6783088235294118,0.08272058823529412,544
90015,0.1497005988023952,0.6586826347305389,0.19161676646706588,167
90016,0.15301724137931033,0.7758620689655172,0.07112068965517242,464
90017,0.21978021978021978,0.7169230769230769,0.0632967032967033,2275
90018,0.2459807073954984,0.6270096463022508,0.1270096463022508,622
90019,0.2484076433121019,0.6847133757961783,0.06687898089171974,314
90020,0.19120135363790186,0.7140439932318104,0.09475465313028765,591
90021,0.16272189349112426,0.7222633136094675,0.11501479289940829,2704
90022,0.19548872180451127,0.7092731829573935,0.09523809523809523,399
90023,0.20118197488303374,0.7072149716818518,0.0916030534351145,4061
90024,0.21070234113712374,0.6956521739130435,0.09364548494983277,299
90025,0.22431668237511782,0.704995287464656,0.0706880301602262,1061
90026,0.18461538461538463,0.6846153846153846,0.13076923076923078,910
90027,0.2177858439201452,0.691470054446461,0.09074410163339383,551
90028,0.19548872180451127,0.7180451127819549,0.08646616541353383,266
90029,0.18561001042752867,0.7288842544316997,0.08550573514077164,959
90030,0.2112676056338028,0.704225352112676,0.08450704225352113,355
90031,0.19156414762741653,0.70298769771529,0.1054481546572935,569
90032,0.19658119658119658,0.7350427350427351,0.06837606837606838,351
90033,0.21089662637560888,0.6960129893559445,0.0930903842684467,5543
90034,0.195,0.745,0.06,600
90035,0.13667573519885995,0.7380489700738437,0.1252752947272963,7719
90036,0.20823244552058112,0.7280064568200162,0.06376109765940274,1239
90037,0.21813870776526378,0.7000592768227623,0.08180201541197392,1687
90038,0.2849740932642487,0.6476683937823834,0.06735751295336788,386
90039,0.2054380664652568,0.743202416918429,0.0513595166163142,331
90040,0.2823529411764706,0.6823529411764706,0.03529411764705882,85
90041,0.23501199040767387,0.6942446043165468,0.07074340527577938,1668
90042,0.1996481970096746,0.7203166226912929,0.08003518029903255,1137
90043,0.1634980988593156,0.7376425855513308,0.09885931558935361,526
90044,0.22319859402460457,0.687170474516696,0.08963093145869948,569
90045,0.23591549295774647,0.6678403755868545,0.09624413145539906,852
90046,0.21171171171171171,0.7122747747747747,0.07601351351351351,1776
90047,0.13387713607977925,0.7228058285327008,0.14331703538751997,41314
90048,0.14201401696790852,0.750276650682405,0.10770933234968647,2711
90049,0.19035087719298247,0.7241228070175438,0.08552631578947369,2280
90050,0.19321018472291562,0.7134298552171743,0.09335996005991014,2003
90051,0.20452663538504,0.7027325420921888,0.09274082252277119,3623
90052,0.16466502676891911,0.694255534654898,0.1410794385761829,6911
90053,0.2511415525114155,0.6575342465753424,0.091324200913242,438
90054,0.1505672052251633,0.7253351667239601,0.1240976280508766,2909
90055,0.18538499264345268,0.6831780284453163,0.131436978911231,2039
90056,0.20218931101094656,0.6973599484867997,0.10045074050225371,1553
90057,0.18518518518518517,0.6863744478423377,0.12844036697247707,2943
90058,0.1813400576368876,0.7154178674351584,0.1032420749279539,13880
90059,0.19683257918552036,0.7104072398190046,0.09276018099547512,1768
90060,0.15337423312883436,0.7280163599182005,0.11860940695296524,489
90061,0.24924924924924924,0.6786786786786787,0.07207207207207207,333
90062,0.23600439077936333,0.6333699231613611,0.13062568605927552,911
90063,0.16356275303643725,0.7249662618083671,0.11147098515519568,3705
90064,0.13318120023305496,0.6553821130316566,0.2114366867352884,82384
90065,0.21672167216721672,0.7172717271727173,0.066006600660066,909
90066,0.3235294117647059,0.6274509803921569,0.049019607843137254,102
90067,0.1999561979851073,0.7222952255803767,0.07774857643451599,4566
90068,0.21929824561403508,0.6771929824561403,0.10350877192982456,570
90069,0.19159879982854694,0.707136733819117,0.10126446635233605,9332
90070,0.15991881209272513,0.7045187479970089,0.135562439910266,9361
90071,0.18144329896907216,0.677319587628866,0.14123711340206185,1940
90072,0.12093628088426528,0.7321196358907672,0.1469440832249675,1538
90073,0.1573926868044515,0.766295707472178,0.07631160572337042,629
90074,0.19275629220380602,0.6881522406384285,0.1190914671577655,1629
90075,0.24755381604696672,0.6555772994129159,0.09686888454011741,1022
90076,0.1967808930425753,0.7133956386292835,0.08982346832814123,1926
90077,0.1810850439882698,0.7104105571847508,0.10850439882697947,2728
90078,0.23901808785529716,0.6647286821705426,0.0962532299741602,1548
90079,0.21397670549084857,0.7168053244592346,0.06921797004991681,3005
90080,0.1981747066492829,0.7177314211212517,0.08409387222946545,1534
90081,0.21025260029717682,0.6968796433878157,0.09286775631500743,1346
90082,0.19324090121317158,0.729636048526863,0.07712305025996534,1154
90083,0.1819767441860465,0.6802325581395349,0.1377906976744186,1720
90084,0.14096056228035925,0.749707145646232,0.10933229207340882,2561
90085,0.21921921921921922,0.7287287287287287,0.05205205205205205,999
90086,0.1662870159453303,0.7722095671981777,0.06150341685649203,439
90087,0.21752903907074975,0.7096092925026399,0.07286166842661035,947
90088,0.18840579710144928,0.7453416149068323,0.06625258799171843,483
90089,0.1438415159345392,0.6856158484065461,0.17054263565891473,1161
90090,0.22587719298245615,0.7236842105263158,0.05043859649122807,1368
90091,0.16017539334537012,0.7124064998710343,0.12741810678359555,3877
90092,0.13029045643153528,0.7360995850622407,0.13360995850622406,3615
91001,0.1717171717171717,0.7310606060606061,0.09722222222222222,792
91002,0.18002466091245375,0.6985203452527744,0.12145499383477189,1622
91003,0.18591549295774648,0.6957746478873239,0.11830985915492957,710
91004,0.2300556586270872,0.6697588126159555,0.10018552875695733,539
91005,0.18593519882179677,0.6977172312223858,0.11634756995581738,2716
91006,0.23346613545816733,0.6549800796812749,0.11155378486055777,2510
91007,0.21897810218978103,0.7007299270072993,0.08029197080291971,411
91008,0.14763231197771587,0.7715877437325905,0.0807799442896936,359
91009,0.23245848955543652,0.6063202999464381,0.16122121049812532,1867
91010,0.2217694994179278,0.6763678696158324,0.10186263096623982,1718
91011,0.2094081942336874,0.7063732928679818,0.08421851289833081,1318
91012,0.2021390374331551,0.6930481283422459,0.10481283422459893,935
91016,0.2395973154362416,0.6536912751677852,0.10671140939597315,1490
91017,0.17928286852589642,0.7098562272648536,0.11086090420924996,5773
91018,0.27586206896551724,0.6576354679802956,0.0665024630541872,406
91019,0.2064343163538874,0.6648793565683646,0.128686327077748,373
91024,0.19346453769030822,0.6936502042331972,0.11288525807649462,2693
91025,0.24358974358974358,0.6944444444444444,0.06196581196581197,468
91026,0.19243243243243244,0.745945945945946,0.061621621621621624,925
91027,0.2,0.7557692307692307,0.04423076923076923,1560
91028,0.17955801104972377,0.6762430939226519,0.1441988950276243,1810
91031,0.1267123287671233,0.7534246575342466,0.11986301369863013,876
91032,0.20347574221578565,0.6821144098479363,0.11440984793627806,1381
91033,0.22935779816513763,0.6985583224115334,0.07208387942332896,1526
91035,0.185024154589372,0.6743961352657005,0.14057971014492754,2070
91037,0.16620344635908837,0.679266259032796,0.15453029460811563,3598
91038,0.24316939890710382,0.7049180327868853,0.05191256830601093,366
91039,0.21444444444444444,0.6855555555555556,0.1,900
91040,0.25471698113207547,0.7044025157232704,0.040880503144654086,318
91041,0.3126064735945486,0.620954003407155,0.06643952299829642,1174
91042,0.17840054682159945,0.7081339712918661,0.11346548188653452,1463
91043,0.22259136212624583,0.716500553709856,0.06090808416389812,903
91044,0.1382716049382716,0.729320987654321,0.13240740740740742,6480
91046,0.1866925064599483,0.7422480620155039,0.0710594315245478,1548
91047,0.22873345935727787,0.667296786389414,0.10396975425330812,1058
91050,0.31958762886597936,0.6134020618556701,0.06701030927835051,194
91051,0.12341440951144975,0.6691924477749404,0.20739314271360992,23887
91055,0.18945743273048082,0.7110719011910013,0.09947066607851786,4534
91056,0.2229965156794425,0.6655052264808362,0.11149825783972125,861
91057,0.2049469964664311,0.7049469964664311,0.09010600706713781,566
91058,0.22666666666666666,0.72,0.05333333333333334,300
91059,0.2619047619047619,0.6587301587301587,0.07936507936507936,504
91060,0.21441124780316345,0.718804920913884,0.06678383128295255,569
91061,0.19801980198019803,0.6836894215737364,0.11829077644606566,1919
91062,0.20392927308447936,0.7273084479371317,0.068762278978389,2545
91063,0.20017482517482518,0.6984265734265734,0.10139860139860139,4576
91064,0.2190923317683881,0.7065727699530516,0.07433489827856025,1278
91066,0.2590027700831025,0.6592797783933518,0.0817174515235457,722
91067,0.2677006068779501,0.6217127444369521,0.11058664868509778,1483
91068,0.2112676056338028,0.6830985915492958,0.1056338028169014,142
91069,0.25343811394891946,0.6463654223968566,0.10019646365422397,509
91070,0.18606224627875506,0.7469553450608931,0.06698240866035182,1478
91071,0.19575253924284394,0.7072945521698984,0.09695290858725762,1083
91072,0.1905940594059406,0.7087458745874587,0.10066006600660066,1212
91073,0.17272727272727273,0.7086124401913876,0.11866028708133972,2090
91077,0.2551848512173129,0.648331830477908,0.09648331830477908,1109
91083,0.2350396539293439,0.6604181687094448,0.10454217736121124,1387
91084,0.2081174438687392,0.6899827288428325,0.10189982728842832,1158
91085,0.1673773987206823,0.716817697228145,0.1158049040511727,7504
91086,0.14165103189493433,0.7213883677298312,0.13696060037523453,1066
91088,0.18181818181818182,0.75,0.06818181818181818,616
91089,0.2150974025974026,0.7086038961038961,0.0762987012987013,2464
91090,0.1842696629213483,0.7280898876404495,0.08764044943820225,445
91091,0.1676829268292683,0.7652439024390244,0.06707317073170732,328
91093,0.17584097859327216,0.7186544342507645,0.10550458715596331,1308
91094,0.23076923076923078,0.7024448419797257,0.06678592725104353,1677
91095,0.1519297792693946,0.6971730992642313,0.15089712146637407,7747
91097,0.254421768707483,0.6775510204081633,0.06802721088435375,735
91098,0.1696344892221181,0.6644798500468604,0.16588566073102157,1067
91099,0.17669172932330826,0.7142857142857143,0.10902255639097744,798
91100,0.27298850574712646,0.6350574712643678,0.09195402298850575,348
91101,0.19395941481831053,0.6696554978763568,0.1363850873053327,2119
91103,0.1438004402054292,0.7300073367571533,0.12619222303741745,1363
91104,0.1572052401746725,0.7336244541484717,0.1091703056768559,229
92003,0.15392009612496246,0.7186542505256834,0.12742565334935416,16645
92009,0.11264462100474042,0.59983022233244,0.28752515666281964,104843
92011,0.12776261937244202,0.721418826739427,0.15081855388813098,14660
92015,0.13695529145444255,0.7391058290888511,0.12393887945670629,5301
92037,0.17445813854653633,0.746068848278793,0.07947301317467063,4706
92050,0.19854166666666667,0.7079166666666666,0.09354166666666666,4800
92051,0.12974513147267341,0.702862783810464,0.1673920847168626,44572
92066,0.20052539404553416,0.7151196730881495,0.0843549328663164,3426
92068,0.11166018294606245,0.6941436231731679,0.19419619388076964,19022
92074,0.13195970002272556,0.7310052268767517,0.13703507310052268,13201
92075,0.1658139534883721,0.7076744186046512,0.12651162790697673,4300
92080,0.1429769001490313,0.7333271236959762,0.12369597615499255,10736
92090,0.16905071521456436,0.7384358164592235,0.09251346832621216,5383
92099,0.17432530999270604,0.7549234135667396,0.07075127644055434,1371
92105,0.1269705486985213,0.7194183062446535,0.15361114505682513,8183
92108,0.12291113540527877,0.6942058410120256,0.18288302358269562,6403
92109,0.13398341523341523,0.7045454545454546,0.16147113022113022,13024
93001,0.2986425339366516,0.6108597285067874,0.09049773755656108,221
93002,0.1306930693069307,0.7742574257425743,0.09504950495049505,1010
93004,0.14792646430098333,0.7156904660111159,0.13638306968790082,7017
93005,0.13968938740293357,0.7359792924935289,0.12433132010353753,11590
93006,0.17587939698492464,0.7386934673366834,0.08542713567839195,199
93007,0.15200931857891672,0.745486313337216,0.1025043680838672,6868
93008,0.11813904861474124,0.7171981181390487,0.16466283324621014,1913
93009,0.1931063122923588,0.6879152823920266,0.11897840531561461,4816
93010,0.13351455068755996,0.7430444515510074,0.12344099776143268,6254
93011,0.1615598885793872,0.7325905292479109,0.10584958217270195,718
93012,0.19118869492934332,0.7090606816292602,0.09975062344139651,1203
93013,0.14173228346456693,0.736482939632546,0.12178477690288714,3810
93014,0.20454545454545456,0.7175324675324676,0.07792207792207792,308
93015,0.2236842105263158,0.7065789473684211,0.06973684210526315,760
93016,0.21951219512195122,0.6707317073170732,0.10975609756097561,328
93017,0.1326208578396213,0.7040596757997418,0.16331946636063693,13942
93018,0.149906015037594,0.7147556390977443,0.13533834586466165,2128
93019,0.15161290322580645,0.7483870967741936,0.1,310
93020,0.15587734241908008,0.7453151618398637,0.09880749574105621,1174
93021,0.13905656159177285,0.730829420970266,0.1301140174379611,8946
93022,0.13661259742995577,0.7258268380029492,0.137560564567095,9494
93024,0.16210526315789472,0.728421052631579,0.10947368421052632,475
93025,0.13326528297606896,0.7369853691731881,0.12974934785074288,8817
93026,0.17777777777777778,0.7158730158730159,0.10634920634920635,1260
93027,0.15341246290801186,0.7350148367952523,0.11157270029673591,3370
93028,0.20046189376443418,0.7191685912240184,0.08036951501154735,2165
93029,0.17494336992507406,0.7203345530580241,0.1047220770169019,5739
93030,0.1921768707482993,0.7244897959183674,0.08333333333333333,1176
93031,0.15464328417696294,0.6923076923076923,0.15304902351534475,2509
93032,0.1419522776572668,0.7025596529284165,0.1554880694143167,11525
93033,0.10572111153024016,0.6678989060731799,0.22637998239657992,39765
93034,0.16453382084095064,0.7382416486621239,0.09722453049692538,6017
93035,0.14501257334450965,0.7803855825649623,0.07460184409052809,2386
93036,0.10606751824817519,0.7160127737226277,0.17791970802919707,4384
93037,0.13401378579003181,0.7061240721102863,0.15986214209968186,15088
93038,0.17585692995529062,0.737953303527074,0.08618976651763537,4026
93039,0.17449139280125195,0.6807511737089202,0.14475743348982786,1278
93040,0.14602587800369685,0.7239679605668515,0.13000616142945162,3246
93041,0.12476305359296916,0.7155781492331552,0.15965879717387557,11606
93042,0.14840579710144927,0.7536231884057971,0.09797101449275362,1725
93043,0.13673636736367364,0.7482574825748257,0.11500615006150061,4878
93044,0.14611332114826361,0.7117514245780023,0.142135254273734,9301
93045,0.2548262548262548,0.7065637065637066,0.03861003861003861,259
93046,0.14469453376205788,0.7202572347266881,0.13504823151125403,311
93047,0.12658227848101267,0.7862993298585257,0.08711839166046165,1343
93049,0.16639477977161501,0.7536704730831973,0.0799347471451876,613
93050,0.17607003891050585,0.708171206225681,0.11575875486381323,1028
93051,0.16332510795805058,0.7183837137569402,0.11829117828500925,6484
93052,0.09450171821305842,0.8445017182130584,0.06099656357388316,1164
93053,0.1452373467463062,0.7459918264696637,0.10877082678403018,3181
94001,0.20068027210884354,0.6632653061224489,0.1360544217687075,294
94002,0.16657534246575342,0.6435616438356164,0.18986301369863012,3650
94003,0.2551867219917012,0.6659751037344398,0.07883817427385892,482
94004,0.35039370078740156,0.562992125984252,0.08661417322834646,508
94005,0.1763668430335097,0.6596119929453262,0.164021164021164,567
94006,0.20760233918128654,0.5935672514619883,0.19883040935672514,684
94007,0.1723076923076923,0.683076923076923,0.14461538461538462,975
94008,0.17357512953367876,0.677461139896373,0.1489637305699482,772
94009,0.20920502092050208,0.5690376569037657,0.2217573221757322,239
94010,0.2015177065767285,0.6602023608768971,0.13827993254637436,1186
94011,0.24761904761904763,0.6190476190476191,0.13333333333333333,105
94012,0.19825072886297376,0.6880466472303207,0.11370262390670553,343
94013,0.25,0.6739130434782609,0.07608695652173914,92
94014,0.24539170506912442,0.6382488479262672,0.11635944700460829,868
94015,0.27071823204419887,0.5469613259668509,0.18232044198895028,181
94016,0.2551181102362205,0.6188976377952756,0.12598425196850394,635
94017,0.1064516129032258,0.7053763440860215,0.1881720430107527,930
94018,0.373015873015873,0.5793650793650794,0.047619047619047616,126
94019,0.1655011655011655,0.6736596736596736,0.16083916083916083,429
94020,0.22289156626506024,0.6104417670682731,0.16666666666666666,498
94021,0.22247532270311313,0.6507213363705391,0.12680334092634776,1317
94022,0.2352639671963096,0.6248077908764736,0.1399282419272168,1951
94023,0.12428023032629558,0.6365505895256375,0.2391691801480669,14588
94024,0.1814595660749507,0.7120315581854043,0.10650887573964497,507
94025,0.17945205479452056,0.6506849315068494,0.16986301369863013,730
94026,0.2561919504643963,0.6547987616099071,0.0890092879256966,1292
94027,0.27605633802816903,0.5647887323943662,0.1591549295774648,710
94028,0.17569880205362237,0.6600114090131204,0.16428978893325727,1753
94029,0.23076923076923078,0.6021220159151194,0.16710875331564987,377
94030,0.15258677144728225,0.6404715127701375,0.20694171578258022,1527
94031,0.10608856088560886,0.6549815498154982,0.238929889298893,1084
94032,0.17447495961227788,0.7027463651050081,0.12277867528271405,619
94033,0.21608040201005024,0.6331658291457286,0.1507537688442211,199
94034,0.14285714285714285,0.6822157434402333,0.1749271137026239,343
94035,0.22326454033771106,0.6604127579737336,0.11632270168855535,533
94036,0.13358778625954199,0.7099236641221374,0.15648854961832062,262
94037,0.30663615560640733,0.6224256292906178,0.07093821510297482,437
94038,0.1761045426260112,0.6639701306782825,0.15992532669570628,1607
94039,0.17774936061381075,0.6649616368286445,0.15728900255754474,782
94040,0.2253968253968254,0.6634920634920635,0.1111111111111111,630
94041,0.19896640826873385,0.6795865633074936,0.12144702842377261,387
94042,0.1639751552795031,0.6708074534161491,0.16521739130434782,805
94043,0.17819148936170212,0.699468085106383,0.12234042553191489,376
94044,0.16102564102564101,0.6676923076923077,0.1712820512820513,975
94045,0.23270440251572327,0.6352201257861635,0.1320754716981132,477
94046,0.23381294964028776,0.6474820143884892,0.11870503597122302,278
94047,0.3163265306122449,0.5663265306122449,0.11734693877551021,196
94048,0.25,0.6628440366972477,0.0871559633027523,436
94049,0.23909249563699825,0.6457242582897034,0.11518324607329843,573
94050,0.22962962962962963,0.6457912457912458,0.12457912457912458,1485
94051,0.20233463035019456,0.6167315175097277,0.18093385214007782,514
94052,0.1377027027027027,0.649054054054054,0.21324324324324323,7400
95001,0.15468036529680365,0.7248858447488584,0.1204337899543379,1752
95002,0.20477815699658702,0.7406143344709898,0.05460750853242321,293
95003,0.18478260869565216,0.6684782608695652,0.14673913043478262,184
95004,0.1707865168539326,0.7426966292134831,0.08651685393258426,890
95005,0.1947565543071161,0.7265917602996255,0.07865168539325842,267
95006,0.1772250291488535,0.7205596579867859,0.10221531286436067,2573
95007,0.24729241877256317,0.6389891696750902,0.11371841155234658,554
95008,0.29694323144104806,0.6026200873362445,0.10043668122270742,229
95009,0.2193877551020408,0.75,0.030612244897959183,196
95010,0.25,0.6911764705882353,0.058823529411764705,68
95011,0.2078720787207872,0.7207872078720787,0.07134071340713408,813
95012,0.2720763723150358,0.6563245823389021,0.07159904534606205,419
95013,0.2426470588235294,0.6740196078431373,0.08333333333333333,408
95014,0.19801980198019803,0.7326732673267327,0.06930693069306931,101
95015,0.22166499498495487,0.7221664994984955,0.05616850551654965,997
95016,0.27102803738317754,0.6448598130841121,0.08411214953271028,107
95017,0.23391089108910892,0.6646039603960396,0.10148514851485149,808
95018,0.21288191577208918,0.6858794384805945,0.10123864574731627,6055
95019,0.2102803738317757,0.6853582554517134,0.1043613707165109,1926
95020,0.2286634460547504,0.6972624798711755,0.07407407407407407,621
95021,0.1653296128357168,0.7049180327868853,0.129752354377398,2867
95022,0.18553459119496854,0.7138364779874213,0.10062893081761007,318
95023,0.25948103792415167,0.6526946107784432,0.08782435129740519,501
95024,0.2475633528265107,0.6900584795321637,0.06237816764132553,513
95025,0.19399085564990204,0.7269758327890268,0.0790333115610712,3062
95026,0.2436849925705795,0.6790490341753344,0.07726597325408618,673
95027,0.2,0.7272727272727273,0.07272727272727272,935
95028,0.19708029197080293,0.7627737226277372,0.040145985401459854,274
95029,0.2375,0.6727272727272727,0.08977272727272727,2640
95030,0.28421052631578947,0.6231578947368421,0.09263157894736843,475
95031,0.18229623137598597,0.7151621384750219,0.10254163014899212,1141
95032,0.24056603773584906,0.6957547169811321,0.06367924528301887,424
95033,0.14993481095176012,0.7392438070404173,0.11082138200782268,767
95034,0.2204968944099379,0.7142857142857143,0.06521739130434782,322
95035,0.1633187772925764,0.731004366812227,0.1056768558951965,1145
95036,0.2914572864321608,0.6633165829145728,0.04522613065326633,199
95037,0.2077922077922078,0.7337662337662337,0.05844155844155844,770
95038,0.13024313288789904,0.6701930215293245,0.19956384558277654,21552
95039,0.19119119119119118,0.7057057057057057,0.1031031031031031,999
95040,0.31840796019900497,0.6318407960199005,0.04975124378109453,201
95041,0.19176136363636365,0.7095170454545454,0.09872159090909091,1408
95042,0.27741935483870966,0.6838709677419355,0.03870967741935484,155
95043,0.21978798586572437,0.7088339222614841,0.07137809187279152,1415
95044,0.3026315789473684,0.6359649122807017,0.06140350877192982,456
95045,0.2793876435210498,0.6314926189174412,0.08911973756150902,1829
95046,0.26170072511535925,0.6743572841133817,0.06394199077125906,1517
95047,0.17122851686823679,0.7084659452577976,0.12030553787396563,3142
95048,0.27058823529411763,0.6470588235294118,0.08235294117647059,255
95049,0.21223709369024857,0.6749521988527725,0.11281070745697896,1569
95050,0.2088235294117647,0.6817647058823529,0.10941176470588235,1700
95051,0.1720647773279352,0.6356275303643725,0.19230769230769232,988
95052,0.2027123483226267,0.6666666666666666,0.13062098501070663,1401
95053,0.24749163879598662,0.6337792642140468,0.11872909698996656,1196
95054,0.25357142857142856,0.6714285714285714,0.075,280
95055,0.23636363636363636,0.5636363636363636,0.2,110
95056,0.17725752508361203,0.7040133779264214,0.11872909698996656,598
95057,0.24314442413162707,0.6508226691042047,0.10603290676416818,547
95058,0.20093457943925233,0.6308411214953271,0.16822429906542055,214
95059,0.20566419420094403,0.7053270397842212,0.08900876601483479,1483
95060,0.2169811320754717,0.6792452830188679,0.10377358490566038,318
95061,0.2582781456953642,0.6821192052980133,0.059602649006622516,151
95062,0.1900205058099795,0.7101845522898155,0.09979494190020506,1463
95063,0.25555555555555554,0.6481481481481481,0.0962962962962963,270
95064,0.29896907216494845,0.6185567010309279,0.08247422680412371,97
95065,0.22205017033137195,0.6947971508206875,0.08315267884794054,6458
95066,0.2440119760479042,0.6916167664670658,0.06437125748502993,668
95067,0.20939086294416243,0.6890862944162437,0.10152284263959391,788
95068,0.2007168458781362,0.7491039426523297,0.05017921146953405,279
95069,0.19389587073608616,0.7336923997606224,0.07241172950329144,1671
95070,0.305668016194332,0.6295546558704453,0.06477732793522267,494
95071,0.21649484536082475,0.7268041237113402,0.05670103092783505,194
95072,0.2262357414448669,0.7072243346007605,0.06653992395437262,1052
95073,0.21105527638190955,0.7236180904522613,0.06532663316582915,199
95074,0.19518377693282637,0.7275031685678074,0.07731305449936629,789
95075,0.24423963133640553,0.6820276497695853,0.07373271889400922,651
95076,0.31746031746031744,0.6507936507936508,0.031746031746031744,252
95077,0.21844660194174756,0.7524271844660194,0.02912621359223301,206
95078,0.35294117647058826,0.6,0.047058823529411764,85
95079,0.15296215573608085,0.7180503269268873,0.1289875173370319,5047
95080,0.21951219512195122,0.6933797909407665,0.08710801393728224,287
95082,0.19765494137353434,0.6867671691792295,0.11557788944723618,1194
95083,0.19534883720930232,0.6790697674418604,0.12558139534883722,430
95084,0.19658119658119658,0.6239316239316239,0.1794871794871795,117
95085,0.3542319749216301,0.5956112852664577,0.050156739811912224,319
95086,0.26229508196721313,0.6311475409836066,0.10655737704918032,122
95087,0.21562952243125905,0.6570188133140377,0.12735166425470332,691
95088,0.16374269005847952,0.7426900584795322,0.0935672514619883,171
96001,0.25833333333333336,0.6708333333333333,0.07083333333333333,240
96002,0.2066219614417435,0.6726739312657167,0.12070410729253982,2386
96003,0.16591928251121077,0.7354260089686099,0.09865470852017937,892
96004,0.1468590831918506,0.6765401406742663,0.1766007761338831,32984
96005,0.1954674220963173,0.6926345609065155,0.11189801699716714,706
96006,0.21417797888386123,0.6742081447963801,0.11161387631975868,663
96007,0.20214782059380923,0.7169930511686671,0.08085912823752368,1583
96008,0.17757009345794392,0.7663551401869159,0.056074766355140186,107
96009,0.18292682926829268,0.7073170731707317,0.10975609756097561,246
96010,0.20088300220750552,0.673289183222958,0.12582781456953643,906
96012,0.1927710843373494,0.6886402753872634,0.11858864027538726,5810
96013,0.24183006535947713,0.6862745098039216,0.0718954248366013,153
96014,0.16161616161616163,0.7474747474747475,0.09090909090909091,297
96015,0.19343696027633853,0.7288428324697754,0.07772020725388601,579
96016,0.1700479527849502,0.7185540390999631,0.11139800811508668,2711
96018,0.1753902662993572,0.7089072543617998,0.11570247933884298,2178
96019,0.23385300668151449,0.6733481811432813,0.09279881217520415,1347
96020,0.20023482658959538,0.6926481213872833,0.10711705202312138,11072
96021,0.26583407671721676,0.6628010704727921,0.07136485280999108,1121
96023,0.1804733727810651,0.7218934911242604,0.09763313609467456,338
96024,0.22448979591836735,0.673469387755102,0.10204081632653061,539
96025,0.1855421686746988,0.7060240963855422,0.10843373493975904,415
96026,0.18043621943159285,0.70522141440846,0.11434236615994713,3026
96027,0.20512820512820512,0.6025641025641025,0.19230769230769232,78
96028,0.20567986230636834,0.6910499139414802,0.10327022375215146,1162
96030,0.13821138211382114,0.6178861788617886,0.24390243902439024,246
96031,0.19675925925925927,0.6805555555555556,0.12268518518518519,432
96032,0.16342412451361868,0.7224383916990921,0.11413748378728923,1542
96033,0.18181818181818182,0.6866028708133971,0.13157894736842105,418
96034,0.20388349514563106,0.6820388349514563,0.11407766990291263,412
96035,0.19629111266620014,0.7043386983904829,0.099370188943317,2858
96037,0.21346153846153845,0.6932692307692307,0.09326923076923077,1040
96038,0.19130434782608696,0.5978260869565217,0.2108695652173913,460
96039,0.22523744911804613,0.6906377204884667,0.08412483039348712,737
96040,0.185899567675424,0.6980379115397406,0.11606252078483538,3007
96041,0.18246110325318246,0.6694955209806694,0.14804337576614804,2121
96042,0.1996542783059637,0.6732929991356957,0.12705272255834055,1157
96043,0.184,0.7013333333333334,0.11466666666666667,375
96044,0.09929078014184398,0.7588652482269503,0.14184397163120568,141
96046,0.14786967418546365,0.6240601503759399,0.22807017543859648,1596
96047,0.17129153819801302,0.6988694758478932,0.12983898595409388,2919
96048,0.2464864864864865,0.6486486486486487,0.10486486486486486,925
96049,0.17498628634119584,0.7164015359297861,0.1086121777290181,1823
96050,0.23333333333333334,0.6691823899371069,0.09748427672955975,1590
96053,0.15441176470588236,0.6911764705882353,0.15441176470588236,1088
96054,0.15372670807453417,0.6801242236024845,0.16614906832298137,644
96055,0.07246376811594203,0.8405797101449275,0.08695652173913043,69
96056,0.15863787375415284,0.6827242524916943,0.15863787375415284,1204
96057,0.15296803652968036,0.7602739726027398,0.0867579908675799,438
96058,0.21715076071922546,0.6728907330567082,0.10995850622406639,1446
96059,0.1795121951219512,0.7219512195121951,0.09853658536585366,2050
96063,0.15115115115115116,0.7127127127127127,0.13613613613613615,999
96064,0.14189189189189189,0.7280405405405406,0.13006756756756757,592
96065,0.21484375,0.6536458333333334,0.13151041666666666,768
96066,0.14718019257221457,0.7262723521320495,0.1265474552957359,727
96067,0.18357487922705315,0.7198067632850241,0.0966183574879227,207
96068,0.1756389342033714,0.7275693311582382,0.09679173463839043,1839
96069,0.11180124223602485,0.7763975155279503,0.11180124223602485,161
96071,0.16821465428276575,0.6986584107327142,0.13312693498452013,1938
96072,0.17177914110429449,0.7423312883435583,0.08588957055214724,163
96074,0.19887165021156558,0.7235543018335684,0.07757404795486601,709
96075,0.25846153846153846,0.6338461538461538,0.1076923076923077,325
96076,0.16575790621592149,0.7393675027262814,0.09487459105779716,917
96077,0.18468394124442977,0.6959894372008583,0.11932662155471199,6059
96078,0.1520912547528517,0.752851711026616,0.09505703422053231,263
96079,0.2571428571428571,0.6928571428571428,0.05,140
96080,0.1599625818521983,0.6997193638914874,0.1403180542563143,1069
96081,0.1237785016286645,0.7980456026058632,0.0781758957654723,307
96082,0.21882086167800455,0.6927437641723356,0.08843537414965986,882
96083,0.1517509727626459,0.7042801556420234,0.14396887159533073,771
96085,0.1813819577735125,0.699616122840691,0.11900191938579655,2084
96086,0.12436548223350254,0.7588832487309645,0.116751269035533,394
96087,0.17443324937027707,0.732367758186398,0.09319899244332494,1588
96088,0.22290286285785724,0.6872109013626704,0.08988623577947244,7999
97001,0.11604641856742696,0.7150860344137655,0.16886754701880752,2499
97002,0.1435383881735813,0.7100619933237959,0.14639961850262279,2097
97003,0.15289982425307558,0.7123608670181605,0.1347393087287639,1707
97004,0.09900662251655629,0.7688741721854304,0.13211920529801324,3020
97005,0.15345413363533408,0.7265005662514157,0.12004530011325028,1766
97006,0.14373007438894791,0.7178533475026567,0.13841657810839533,3764
97007,0.16435643564356436,0.692079207920792,0.14356435643564355,1010
97008,0.15018315018315018,0.7018315018315018,0.147985347985348,2730
97009,0.12861212861212862,0.7423687423687424,0.12901912901912901,2457
97010,0.1736257134274557,0.6924001201562031,0.13397416641634124,3329
97011,0.17644320297951582,0.6987895716945997,0.12476722532588454,2148
97012,0.10901883052527254,0.7306739345887017,0.16030723488602577,4036
97013,0.16983535868286948,0.7077616620932967,0.1224029792238338,10204
97014,0.16372549019607843,0.6892156862745098,0.14705882352941177,1020
97015,0.2039274924471299,0.7069486404833837,0.0891238670694864,662
97016,0.13410813542193026,0.7063163213744316,0.1595755432036382,9895
97017,0.13836477987421383,0.7433962264150943,0.11823899371069183,3180
97018,0.15365853658536585,0.7463414634146341,0.1,410
97019,0.139937106918239,0.7122641509433962,0.14779874213836477,1908
97020,0.10828025477707007,0.7229299363057324,0.16878980891719744,2826
97021,0.16694398225180254,0.7110371602884082,0.12201885745978924,1803
97022,0.15147215324583185,0.7225966654842143,0.1259311812699539,2819
97023,0.12462908011869436,0.7253544345532477,0.15001648532805803,6066
97024,0.1326219512195122,0.7149390243902439,0.1524390243902439,1312
97025,0.1922222222222222,0.7266666666666667,0.0811111111111111,900
97026,0.16733067729083664,0.7026180990324417,0.13005122367672167,3514
97027,0.20588235294117646,0.6911764705882353,0.10294117647058823,204
97028,0.14126984126984127,0.7198412698412698,0.1388888888888889,1260
97029,0.08545603944124898,0.7559572719802794,0.15858668857847166,1217
97030,0.16003976143141152,0.7027833001988072,0.13717693836978131,2012
97031,0.14671610169491525,0.7447033898305084,0.10858050847457627,1888
97032,0.12878787878787878,0.7651515151515151,0.10606060606060606,264
97033,0.12359550561797752,0.7314606741573034,0.1449438202247191,890
97034,0.1958568738229755,0.736346516007533,0.06779661016949153,531
97035,0.16494845360824742,0.7525773195876289,0.08247422680412371,582
97036,0.1491108071135431,0.6876424988600092,0.1632466940264478,6579
97037,0.14691689008042896,0.7442359249329759,0.10884718498659518,1865
97038,0.16649797570850203,0.6973684210526315,0.1361336032388664,1976
97039,0.11012987012987013,0.721038961038961,0.16883116883116883,1925
97040,0.1501028101439342,0.7539410555174777,0.09595613433858807,1459
97042,0.11846084910944327,0.6466338075501288,0.23490534334042792,35708
97043,0.11490125673249552,0.7360861759425493,0.1490125673249551,1671
97044,0.11554109031733116,0.714944399240575,0.16951451044209384,3687
97045,0.12348436502871729,0.6815571155073389,0.19495851946394385,3134
97046,0.13289243823309208,0.7136261542300973,0.15348140753681058,8014
97047,0.10884353741496598,0.826530612244898,0.06462585034013606,294
97048,0.12753108348134992,0.6770870337477798,0.19538188277087035,11260
97049,0.14033485540334856,0.7092846270928462,0.15038051750380518,6570
97050,0.1484375,0.7213541666666666,0.13020833333333334,384
97051,0.17147310989867498,0.7229150428682775,0.10561184723304755,2566
97052,0.16678966789667896,0.7077490774907749,0.12546125461254612,1355
97053,0.10344827586206896,0.6636681659170415,0.23288355822088955,2001
97054,0.17329545454545456,0.6843434343434344,0.1423611111111111,3168
97055,0.18518518518518517,0.6666666666666666,0.14814814814814814,27
97056,0.1911430734292203,0.6930355791067373,0.11582134746404239,2642
97057,0.15762661072819897,0.6859454599940066,0.15642792927779442,6674
97058,0.14245929734361612,0.6895886889460154,0.16795201371036847,4668
97059,0.16546626231993936,0.7202426080363912,0.11429112964366944,5276
97060,0.1437308868501529,0.7227319062181448,0.13353720693170235,981
97061,0.13630041724617525,0.6998609179415856,0.16383866481223922,3595
97062,0.14131994261119082,0.7040889526542324,0.15459110473457677,2788
97063,0.28294573643410853,0.7015503875968992,0.015503875968992248,258
97064,0.2920353982300885,0.6814159292035398,0.02654867256637168,113
97065,0.15916955017301038,0.754325259515571,0.08650519031141868,1445
97067,0.18405797101449275,0.6869565217391305,0.1289855072463768,690
97068,0.1277258566978193,0.719626168224299,0.1526479750778816,1605
97069,0.18143203883495146,0.7524271844660194,0.06614077669902912,1648
97070,0.15403726708074533,0.7701863354037267,0.07577639751552795,1610
97071,0.12849040139616055,0.7188045375218151,0.15270506108202445,4584
97072,0.14712539610683567,0.7324581258488003,0.12041647804436396,2209
97074,0.12296110414052698,0.726474278544542,0.15056461731493098,1594
97075,0.13556338028169015,0.7552816901408451,0.10915492957746478,1704
97076,0.12378640776699029,0.712135922330097,0.16407766990291262,2060
97077,0.10091743119266056,0.7981651376146789,0.10091743119266056,109
97078,0.16640746500777606,0.6881804043545878,0.14541213063763608,1286
97079,0.14698795180722893,0.7855421686746988,0.06746987951807229,415
97082,0.161328125,0.708203125,0.13046875,2560
97083,0.16893039049235994,0.6976715983507155,0.13339801115692457,8246
97084,0.10172413793103448,0.7206896551724138,0.17758620689655172,580
97086,0.15417457305502846,0.6930740037950665,0.1527514231499051,2108
97090,0.1656288916562889,0.6924034869240349,0.14196762141967623,1606
97091,0.12430336806396898,0.7414586866973588,0.13423794523867216,4127
97092,0.14758947057083702,0.7068914522330672,0.14551907719609583,3381
97093,0.22337662337662337,0.7090909090909091,0.06753246753246753,385
98001,0.19444444444444445,0.7175925925925926,0.08796296296296297,216
98002,0.21208053691275167,0.6751677852348993,0.11275167785234899,745
98003,0.14110929853181076,0.732463295269168,0.1264274061990212,1226
98004,0.14143681847338038,0.7479153303399615,0.11064785118665811,3118
98005,0.1178838412880966,0.7636572742955722,0.11845888441633122,1739
98006,0.18411734951947395,0.7202832574607992,0.09559939301972686,1977
98008,0.1273071462375769,0.7742546142924751,0.09843823946994794,2113
98009,0.1110143665650849,0.7583804962995211,0.13060513713539398,2297
98010,0.1462457642232923,0.7226680934546104,0.13108614232209737,11214
98011,0.2204255319148936,0.6978723404255319,0.08170212765957446,1175
98012,0.12667946257197696,0.7989443378119002,0.07437619961612284,2084
98013,0.18490878938640132,0.697346600331675,0.11774461028192372,1206
98014,0.17760279965004375,0.705161854768154,0.11723534558180228,3429
98015,0.11685823754789272,0.7590996168582376,0.12404214559386974,2088
98017,0.18746001279590532,0.7197696737044146,0.0927703134996801,1563
98018,0.12664576802507838,0.7768025078369906,0.09655172413793103,1595
98019,0.14232013287874815,0.6900078678206137,0.16767199930063817,11439
98020,0.13043478260869565,0.7693236714975845,0.10024154589371981,1656
98021,0.12866603595080417,0.716650898770104,0.15468306527909176,2114
98022,0.15504807692307693,0.7199519230769231,0.125,832
98023,0.20408163265306123,0.7482993197278912,0.047619047619047616,147
98024,0.13674418604651162,0.7674418604651163,0.09581395348837209,1075
98025,0.15956072351421188,0.7577519379844961,0.082687338501292,1548
98026,0.12610489098408956,0.7466116676487919,0.12728344136711844,1697
98027,0.09641025641025641,0.7805128205128206,0.12307692307692308,975
98028,0.15559071729957805,0.7362869198312236,0.10812236286919831,1896
98029,0.16563146997929606,0.7142857142857143,0.12008281573498965,1932
98030,0.1857379767827529,0.7291321171918187,0.08512990602542841,1809
98031,0.11772641424588542,0.6578829031387715,0.22439068261534312,33357
98032,0.15500839395635144,0.7479947770938258,0.0969968289498228,5361
98033,0.2923076923076923,0.6,0.1076923076923077,65
98034,0.13109756097560976,0.75,0.11890243902439024,984
98035,0.1898188093183779,0.7018981880931838,0.10828300258843832,2318
98036,0.1387373343725643,0.7653936087295401,0.09586905689789556,1283
98037,0.1447576813430472,0.7484954070319924,0.1067469116249604,3157
98038,0.23295454545454544,0.6619318181818182,0.10511363636363637,352
98039,0.12020033388981637,0.7796327212020033,0.1001669449081803,1198
98040,0.12283840190816935,0.7352415026833632,0.1419200954084675,1677
98041,0.14347512617159336,0.7591925018024513,0.0973323720259553,4161
98042,0.17711922811853895,0.709855272226051,0.11302549965541006,1451
98043,0.15102639296187684,0.7280058651026393,0.12096774193548387,1364
98044,0.15640273704789834,0.7438905180840665,0.09970674486803519,1023
98045,0.10655090765588003,0.7750591949486977,0.11838989739542226,1267
98046,0.1624493927125506,0.7388663967611336,0.09868421052631579,1976
98047,0.13945086705202311,0.7341040462427746,0.12644508670520233,1384
98048,0.1318051575931232,0.7410458452722063,0.12714899713467048,2792
98049,0.16233009708737864,0.7289320388349515,0.1087378640776699,2575
98050,0.14930593507487158,0.731008853426604,0.11968521149852443,9149
98051,0.16654804270462634,0.708185053380783,0.12526690391459075,1405
98052,0.15287517531556802,0.7475455820476858,0.09957924263674614,1426
98053,0.20426829268292682,0.7347560975609756,0.06097560975609756,1312
98054,0.1680550525172039,0.7298080405650127,0.10213690691778342,2761
98055,0.12412371134020618,0.7562886597938144,0.11958762886597939,2425
98056,0.1340182115339715,0.760915246322671,0.10506654214335746,4283
98057,0.17751479289940827,0.7056213017751479,0.11686390532544379,676
98058,0.1735159817351598,0.7287671232876712,0.09771689497716896,1095
98059,0.11230388109000826,0.8018166804293972,0.08587943848059455,1211
98060,0.1388888888888889,0.7222222222222222,0.1388888888888889,1260
98061,0.12966747167007245,0.754783577930522,0.11554895039940553,5383
98062,0.18732525629077354,0.7157502329916123,0.09692451071761417,1073
99001,0.1322336038313157,0.7280830118398297,0.1396833843288546,15034
99002,0.1309362279511533,0.6919191919191919,0.17714458012965476,13266
99003,0.1322804801010739,0.7398610233733418,0.12785849652558434,7915
99004,0.14443084455324356,0.7564259485924113,0.09914320685434516,817
99005,0.1303652108433735,0.7164909638554217,0.15314382530120482,10624
99006,0.15609756097560976,0.688780487804878,0.1551219512195122,1025
99008,0.12139068945197407,0.7719505008839128,0.10665880966411315,1697
99009,0.13146853146853146,0.737062937062937,0.13146853146853146,715
99011,0.1295288154683687,0.7302421625680495,0.14022902196358175,5327
99013,0.14765395894428152,0.6842375366568915,0.168108504398827,27280
99014,0.12582770007434174,0.6691879462664891,0.2049843536591691,115682
99015,0.12758620689655173,0.7538793103448276,0.11853448275862069,2320
99016,0.104764162123726,0.7717468594453663,0.1234889784309078,4219
99017,0.13510170423309512,0.7189389774601429,0.14595931830676195,7276
99018,0.15226679325896036,0.6970685971991455,0.15066460954189415,16852
99020,0.1493781423657052,0.7161947605186557,0.13442709711563905,7558
99021,0.24172185430463577,0.6423841059602649,0.11589403973509933,302
99022,0.17307692307692307,0.7131410256410257,0.11378205128205128,624
99023,0.162227602905569,0.6939839821195753,0.14378841497485564,5369
99024,0.16429249762583095,0.7098765432098766,0.1258309591642925,2106
99025,0.17853922452660054,0.7110009017132551,0.11045987376014428,2218
99026,0.20198881292728402,0.6998135487880671,0.09819763828464885,1609
99027,0.17297979797979798,0.6881313131313131,0.1388888888888889,792
99028,0.15253793825222398,0.7163788592360021,0.13108320251177394,3822
99029,0.12533278722097072,0.7503583862379685,0.12430882654106082,4883
99030,0.21554770318021202,0.6866902237926973,0.0977620730270907,849
99031,0.16101694915254236,0.7674199623352166,0.07156308851224105,1062
100001,0.22374624946420918,0.6870981568795542,0.08915559365623661,2333
100002,0.16967243283032757,0.7199116672800884,0.1104158998895841,10868
100003,0.22745654487406883,0.6889677190493083,0.08357573607662291,14095
100004,0.18097541313986296,0.6861480585785301,0.13287652828160687,7443
100005,0.18779399592191065,0.6842441739177249,0.12796183016036447,148599
100006,0.19545038567132958,0.6858412864426723,0.11870832788599817,7649
100007,0.221286701208981,0.6865284974093264,0.09218480138169258,4632
101001,0.24618149146451032,0.660377358490566,0.09344115004492363,1113
101002,0.19176706827309237,0.677710843373494,0.13052208835341367,996
101003,0.4069767441860465,0.47674418604651164,0.11627906976744186,430
101004,0.2925392670157068,0.5916230366492147,0.11583769633507854,1528
101005,0.20754716981132076,0.6483704974271012,0.14408233276157806,583
101006,0.195906432748538,0.6798245614035088,0.12426900584795321,684
101007,0.28251400124455506,0.6241443683883012,0.09334163036714374,1607
101008,0.22499662572546902,0.6596031853151573,0.11540018895937373,7409
101009,0.1922843256379101,0.6676792223572297,0.14003645200486026,3292
101010,0.16272020647639626,0.6717385432610066,0.16554125026259717,33321
101011,0.23149113660062565,0.6293013555787278,0.1392075078206465,1918
101012,0.3041786153215895,0.6136829168373618,0.08213846784104875,4882
101013,0.24764501735250372,0.679846306395637,0.0725086762518592,8068
101014,0.2467005076142132,0.6746192893401015,0.07868020304568528,1970
101015,0.2681621208258985,0.6339536069334692,0.09788427224063218,3923
101016,0.2923497267759563,0.6024590163934426,0.1051912568306011,732
101017,0.2002058672156459,0.6786755875793447,0.12111854520500943,5829
101018,0.21757719714964371,0.6532066508313539,0.12921615201900238,2105
101019,0.2079781793385612,0.6696215479031709,0.12240027275826798,2933
101020,0.19051512673753065,0.6729354047424366,0.13654946852003272,1223
101021,0.316,0.584,0.1,500
101022,0.21706710853355426,0.6379453189726595,0.14498757249378624,1207
101023,0.2569060773480663,0.6325966850828729,0.11049723756906077,724
101024,0.2281795511221945,0.6845386533665836,0.08728179551122195,1604
101025,0.19679430097951914,0.649154051647373,0.15405164737310775,3369
101026,0.2736625514403292,0.6481481481481481,0.07818930041152264,486
101027,0.22448979591836735,0.6627793974732751,0.11273080660835763,1029
102001,0.2566118656182988,0.6654753395282345,0.07791279485346676,1399
102002,0.17233809001097694,0.7102085620197585,0.11745334796926454,911
102003,0.188907422852377,0.6822351959966639,0.12885738115095913,2398
102004,0.1781115879828326,0.6545064377682404,0.16738197424892703,466
102005,0.2366412213740458,0.648854961832061,0.11450381679389313,655
102006,0.2372448979591837,0.6816326530612244,0.08112244897959184,1960
102007,0.1577574967405476,0.7131681877444589,0.1290743155149935,767
102008,0.25955414012738853,0.6878980891719745,0.052547770700636945,1256
102009,0.21524966261808368,0.5937921727395412,0.19095816464237517,1482
102010,0.2664624808575804,0.6768759571209801,0.05666156202143951,1306
102011,0.24574141301312483,0.6350181513543703,0.11924043563250489,3581
102012,0.18383658969804617,0.6918294849023091,0.12433392539964476,1126
102013,0.16824644549763032,0.7239336492890995,0.10781990521327015,844
102014,0.2190247801758593,0.6706634692246203,0.11031175059952038,1251
102015,0.22775119617224882,0.7033492822966507,0.06889952153110047,1045
102016,0.18726591760299627,0.7258426966292135,0.08689138576779026,1335
102017,0.11687306501547988,0.7097523219814241,0.17337461300309598,2584
102018,0.26009389671361505,0.6178403755868545,0.12206572769953052,1065
102019,0.18436578171091444,0.6809242871189773,0.13470993117010815,2034
102020,0.16238723108952116,0.7078417765440667,0.1297709923664122,1441
102021,0.21248715313463515,0.6983556012332991,0.08915724563206577,3892
102022,0.21804511278195488,0.731829573934837,0.05012531328320802,399
102023,0.17689530685920576,0.6850180505415162,0.13808664259927797,1108
102024,0.29906542056074764,0.6791277258566978,0.021806853582554516,642
102025,0.20039908779931584,0.6716077537058153,0.12799315849486886,3508
102026,0.13902439024390245,0.7024390243902439,0.15853658536585366,820
102027,0.16501531255629617,0.6802377949918934,0.15474689245181047,5551
102028,0.2808988764044944,0.6404494382022472,0.07865168539325842,712
102029,0.2901639344262295,0.6114754098360655,0.09836065573770492,610
102030,0.1638163816381638,0.684068406840684,0.15211521152115212,3333
102031,0.20043258832011535,0.697548666186013,0.10201874549387166,2774
102032,0.21436893203883495,0.6792233009708738,0.10640776699029127,2575
102033,0.2046613255644574,0.697742170429716,0.09759650400582666,1373
102034,0.2134969325153374,0.688957055214724,0.09754601226993866,1630
102035,0.18830409356725147,0.6970760233918128,0.11461988304093568,855
102036,0.14248159831756047,0.6898002103049422,0.16771819137749738,1902
102037,0.15128006206361522,0.7134729764675459,0.13524696146883888,3867
102038,0.2548076923076923,0.594551282051282,0.15064102564102563,624
102039,0.152317880794702,0.7576158940397351,0.09006622516556291,755
102040,0.14864864864864866,0.7105263157894737,0.14082503556187767,1406
102041,0.15456238361266295,0.6759776536312849,0.16945996275605213,537
102042,0.2292732855680655,0.6069600818833163,0.16376663254861823,977
102043,0.1990771259063942,0.6328279499011207,0.16809492419248517,1517
102044,0.1340560549973559,0.7025383395029086,0.1634056054997356,3782
102045,0.18275154004106775,0.7515400410677618,0.06570841889117043,487
102046,0.21745350500715308,0.6123032904148784,0.17024320457796852,699
102047,0.13214939955220842,0.6538265825361287,0.21402401791166292,19652
102048,0.1868583162217659,0.6652977412731006,0.14784394250513347,487
102049,0.19750889679715303,0.6983985765124555,0.10409252669039146,1124
102050,0.20228384991843393,0.7128874388254486,0.08482871125611746,1226
103001,0.32732732732732733,0.6006006006006006,0.07207207207207207,333
103002,0.23300970873786409,0.7216828478964401,0.045307443365695796,309
103003,0.1112666200139958,0.7053883834849545,0.18334499650104968,1429
103004,0.15819209039548024,0.8192090395480226,0.022598870056497175,177
103005,0.2625,0.625,0.1125,80
103006,0.20224719101123595,0.6825842696629213,0.1151685393258427,712
103007,0.3106267029972752,0.6457765667574932,0.043596730245231606,367
103008,0.13955408753096615,0.7354803192953482,0.12496559317368566,3633
103009,0.12830188679245283,0.7037735849056603,0.16792452830188678,530
103010,0.10242587601078167,0.7250673854447439,0.1725067385444744,371
103011,0.2159847764034253,0.698382492863939,0.08563273073263558,1051
103012,0.3076923076923077,0.5961538461538461,0.09615384615384616,156
103013,0.15992970123022848,0.7592267135325131,0.08084358523725835,569
103014,0.27455357142857145,0.671875,0.05357142857142857,448
103015,0.17085862966175194,0.7519514310494363,0.07718993928881179,1153
103016,0.18055555555555555,0.6452991452991453,0.17414529914529914,936
103017,0.16041055718475072,0.7363636363636363,0.1032258064516129,3410
103018,0.17293233082706766,0.7443609022556391,0.08270676691729323,133
103019,0.1552318896128785,0.7527788424683787,0.09198926791874282,2609
103021,0.2589641434262948,0.6932270916334662,0.04780876494023904,251
103022,0.26339285714285715,0.6428571428571429,0.09375,448
103023,0.1524008350730689,0.6993736951983298,0.14822546972860126,479
103024,0.18076923076923077,0.7076923076923077,0.11153846153846154,520
103025,0.18596709096553865,0.721204594846321,0.09282831418814033,3221
103026,0.16485507246376813,0.7617753623188406,0.07336956521739131,1104
103028,0.15412462450897327,0.686667180158669,0.1592081953323577,12983
103029,0.18513119533527697,0.7332361516034985,0.08163265306122448,686
103031,0.16620498614958448,0.7285318559556787,0.10526315789473684,361
103032,0.20689655172413793,0.6827586206896552,0.1103448275862069,145
103033,0.1246376811594203,0.7055072463768116,0.1698550724637681,1725
103034,0.12121212121212122,0.7070707070707071,0.1717171717171717,792
103035,0.2018977332630469,0.7188543314004568,0.07924793533649623,5691
103036,0.26490066225165565,0.6754966887417219,0.059602649006622516,151
103037,0.23943661971830985,0.7323943661971831,0.028169014084507043,71
103038,0.36464088397790057,0.580110497237569,0.055248618784530384,181
103039,0.1336405529953917,0.7695852534562212,0.0967741935483871,434
103040,0.20065789473684212,0.7269736842105263,0.07236842105263158,304
103041,0.22366992399565688,0.7090119435396308,0.06731813246471227,921
103042,0.18934348239771645,0.7012369172216937,0.10941960038058991,1051
103043,0.18478260869565216,0.7717391304347826,0.043478260869565216,92
103044,0.16489028213166143,0.6852664576802507,0.14984326018808777,1595
103045,0.18309859154929578,0.704225352112676,0.11267605633802817,284
103046,0.24759871931696906,0.656350053361793,0.096051227321238,937
103047,0.2842465753424658,0.5821917808219178,0.13356164383561644,292
103048,0.13564668769716087,0.7460567823343849,0.11829652996845426,634
103049,0.16041979010494753,0.7421289355322339,0.09745127436281859,667
103050,0.1640328418822283,0.7163414849474706,0.11962567317030105,11327
103051,0.15758058097890967,0.7385594906486271,0.10385992837246319,2513
103052,0.18294190358467244,0.7132262051915945,0.103831891223733,809
103053,0.195260663507109,0.7345971563981043,0.07014218009478673,1055
103054,0.20584926884139482,0.7384701912260967,0.05568053993250844,1778
103055,0.14655172413793102,0.7051724137931035,0.1482758620689655,580
103056,0.1596244131455399,0.7089201877934272,0.13145539906103287,426
103057,0.20166320166320167,0.7137907137907138,0.08454608454608455,1443
103058,0.1702127659574468,0.7127659574468085,0.11702127659574468,188
103059,0.18430034129692832,0.7201365187713311,0.09556313993174062,293
103060,0.1934065934065934,0.7274725274725274,0.07912087912087912,455
103061,0.18072289156626506,0.6867469879518072,0.13253012048192772,913
103062,0.1953781512605042,0.6995798319327731,0.10504201680672269,952
103064,0.12800447177193963,0.727780883174958,0.1442146450531023,3578
103065,0.19402985074626866,0.7164179104477612,0.08955223880597014,469
103066,0.17891373801916932,0.7252396166134185,0.09584664536741214,313
103067,0.2898550724637681,0.6594202898550725,0.050724637681159424,138
103068,0.20066061106523533,0.7093311312964492,0.09000825763831544,1211
103069,0.24550898203592814,0.7137724550898203,0.0407185628742515,835
103070,0.21779141104294478,0.7116564417177914,0.0705521472392638,326
103071,0.22036363636363637,0.7090909090909091,0.07054545454545455,1375
103072,0.14621644710219864,0.6934939975720517,0.16028955532574973,22241
103074,0.07494145199063232,0.7365339578454333,0.1885245901639344,854
103075,0.20209287115761937,0.7024198822759974,0.09548724656638326,4587
103076,0.21761658031088082,0.616580310880829,0.16580310880829016,193
103077,0.19047619047619047,0.7072599531615925,0.10226385636221702,1281
103078,0.182648401826484,0.6986301369863014,0.1187214611872146,219
103079,0.27246376811594203,0.6666666666666666,0.06086956521739131,345
108001,0.12388537788936023,0.7163016189074539,0.15981300320318587,11551
108002,0.14713375796178343,0.7152866242038216,0.1375796178343949,1570
108003,0.11589679567207657,0.7309612983770287,0.15314190595089472,4806
108004,0.12956637956637956,0.6782744282744283,0.19215919215919217,13468
108005,0.14451435312622887,0.7174596932756586,0.13802595359811246,5086
108006,0.139992774566474,0.713150289017341,0.14685693641618497,5536
108007,0.10887096774193548,0.7386148007590133,0.15251423149905124,8432
108008,0.12434295562257648,0.7146919431279621,0.16096510124946145,11605
108009,0.1143851255844297,0.6818527780798086,0.20376209633576167,9197
108010,0.12203444913877153,0.7344003899902503,0.14356516087097823,12308
108011,0.1435448577680525,0.7185995623632385,0.13785557986870897,4570
108012,0.13247912578398552,0.7048751394820886,0.16264573473392588,25989
108013,0.13302180685358256,0.7249221183800623,0.14205607476635515,3210
108014,0.10201511335012595,0.7103274559193955,0.18765743073047858,1588
108015,0.13660870225529653,0.6951173209810919,0.1682739767636115,13169
108016,0.13035087719298247,0.6973684210526315,0.17228070175438598,5700
108017,0.12691745799853907,0.7313732651570489,0.14170927684441198,5476
108018,0.13798767967145792,0.7308008213552362,0.13121149897330595,4870
108019,0.14461712748256453,0.7219527737458845,0.13343009877155096,28247
108020,0.14595975726604918,0.7293197061641647,0.12472053656978602,6262
108021,0.13768725803736745,0.6991247264770241,0.1631880154856085,11882
108022,0.08237378210806023,0.7103631532329495,0.20726306465899025,2258
108023,0.13314513450680837,0.7125871803387579,0.15426768515443373,30110
108024,0.14665825314192565,0.705894725771678,0.14744702108639637,19017
108025,0.15097659686785148,0.7399260953721626,0.10909730775998593,5683
108026,0.10083360051298493,0.7016672010259699,0.19749919846104522,6238
108027,0.1615856117428825,0.7444148721671102,0.09399951609000726,24798
108028,0.11784621781354875,0.6989100412818152,0.18324374090463605,33671
108029,0.16038074712643677,0.6963002873563219,0.14331896551724138,5568
108030,0.1527012773936482,0.6966483065744755,0.15065041603187623,17066
108031,0.14330413016270338,0.736232790988736,0.1204630788485607,3196
108032,0.14027911453320502,0.7360442733397498,0.12367661212704524,4156
108033,0.1075890257435751,0.6392603254480129,0.253150648808412,91013
108034,0.14530905717267772,0.7283428041284936,0.12634813869882872,17246
108035,0.1503400548860518,0.7186493258561031,0.13101061925784513,16762
108036,0.11381298571070443,0.7370268237653548,0.14916019052394083,3989
108037,0.1546041454298335,0.7064220183486238,0.13897383622154263,2943
108038,0.12666174298375185,0.7163958641063516,0.15694239290989662,2708
108039,0.1321889715934984,0.675588637399362,0.19222239100713961,32915
108040,0.13926419839737966,0.7156811136456688,0.1450546879569515,17097
108041,0.13741935483870968,0.7138709677419355,0.14870967741935484,6200
108042,0.14004243710215217,0.7099120945741134,0.15004546832373447,3299
108043,0.13818238213399503,0.71712158808933,0.14469602977667495,6448
108044,0.12310264985850271,0.7018266014921534,0.17507074864934397,7774
108045,0.14647395479677952,0.7114172082646232,0.14210883693859735,10309
108046,0.10377358490566038,0.6301537386443047,0.26607267645003496,5724
108047,0.1742765273311897,0.7122186495176849,0.11350482315112541,3110
108048,0.14640271827448664,0.7135470527404343,0.14005022898507904,6769
108049,0.12529153838977516,0.6748763877227353,0.1998320738874895,10719
108050,0.1167745552780468,0.6829603955349406,0.2002650491870126,19619
108051,0.13690838919358114,0.7440585009140768,0.11903310989234207,4923
108052,0.12917536534446764,0.752348643006263,0.11847599164926931,3832
108053,0.151010101010101,0.7319444444444444,0.11704545454545455,7920
108054,0.17440068493150684,0.7011130136986301,0.12448630136986301,11680
108055,0.10141509433962265,0.7712264150943396,0.12735849056603774,3392
109001,0.14341235911387484,0.693354061406918,0.16323357947920716,2573
109002,0.17035312378734963,0.6880093131548312,0.14163756305781916,2577
109003,0.20871559633027523,0.6995412844036697,0.09174311926605505,436
109004,0.16451393609789258,0.681849082256968,0.15363698164513936,1471
109005,0.21455938697318008,0.6547467007237122,0.1306939123031077,2349
109006,0.157597516735854,0.6488275552563671,0.1935749280077789,26739
109007,0.2460431654676259,0.6316546762589929,0.1223021582733813,695
109008,0.15955242436800662,0.7041027766266059,0.13634479900538748,2413
109009,0.16430903155603918,0.6800870511425462,0.15560391730141457,919
109010,0.2078544061302682,0.6494252873563219,0.14272030651340997,1044
109011,0.2914012738853503,0.5955414012738853,0.11305732484076433,628
109012,0.26490066225165565,0.6114790286975718,0.12362030905077263,453
109013,0.19741379310344828,0.6612068965517242,0.1413793103448276,1160
109014,0.16129032258064516,0.7096774193548387,0.12903225806451613,279
109015,0.2044392523364486,0.6600467289719626,0.13551401869158877,856
109016,0.20284697508896798,0.6370106761565836,0.1601423487544484,562
109017,0.19458896982310095,0.668678459937565,0.13673257023933402,4805
109018,0.2360846560846561,0.6668783068783068,0.09703703703703703,9450
109019,0.2206405693950178,0.6832740213523132,0.09608540925266904,281
109020,0.2577854671280277,0.5899653979238755,0.1522491349480969,578
109021,0.18218623481781376,0.6761133603238867,0.1417004048582996,247
109022,0.2046783625730994,0.6491228070175439,0.14619883040935672,1539
109023,0.25679583574320414,0.6356275303643725,0.10757663389242336,1729
109024,0.20894253655219314,0.6841210472628357,0.1069364161849711,5882
109025,0.23432343234323433,0.6270627062706271,0.13861386138613863,303
109026,0.2570356472795497,0.5703564727954972,0.1726078799249531,533
109027,0.25406203840472674,0.6233382570162481,0.12259970457902511,677
109028,0.19672131147540983,0.639344262295082,0.16393442622950818,427
109029,0.1879310344827586,0.6137931034482759,0.19827586206896552,580
109030,0.1347305389221557,0.7010978043912176,0.16417165668662675,2004
109031,0.19487485101311083,0.66388557806913,0.14123957091775924,1678
109032,0.1774058577405858,0.7079497907949791,0.11464435146443515,1195
109033,0.1311433664374841,0.6243952126305068,0.24446142093200918,11781
109034,0.18550818260120586,0.6761412575366064,0.13835055986218778,18576
109035,0.18025751072961374,0.678826895565093,0.14091559370529327,1398
109036,0.18384697130712008,0.6843783209351754,0.13177470775770456,941
109037,0.21230142566191446,0.669735234215886,0.1179633401221996,12275
109038,0.17014742014742015,0.6971744471744472,0.13267813267813267,1628
109039,0.19318181818181818,0.6439393939393939,0.16287878787878787,264
109040,0.2749326145552561,0.6287061994609164,0.0963611859838275,1484
110001,0.2279999335470902,0.6736663731663151,0.09833369328659479,60193
110002,0.20687739762884272,0.6618063149855057,0.13131628738565154,57609
110003,0.20704934541792547,0.6630988347000432,0.12985181988203137,34755
110004,0.21947521865889213,0.6750437317784257,0.10548104956268221,17150
110005,0.23501467095151599,0.6504121838759257,0.11457314517255833,7157
110006,0.21823255813953488,0.6870697674418604,0.09469767441860465,5375
110007,0.2542239243072764,0.6527371029511151,0.09303897274160847,8878
110008,0.1815173116089613,0.704938900203666,0.11354378818737271,3928
110009,0.1911174956605016,0.6742383432094332,0.13464416113006525,33414
110010,0.24678877259752616,0.6539010466222646,0.09931018078020933,8408
111001,0.20634095634095634,0.7172557172557172,0.07640332640332641,3848
111002,0.3018292682926829,0.6432926829268293,0.054878048780487805,328
111003,0.24649298597194388,0.7234468937875751,0.03006012024048096,499
111004,0.18732782369146006,0.7617079889807162,0.05096418732782369,726
111005,0.18658536585365854,0.7195121951219512,0.09390243902439024,820
111006,0.23249299719887956,0.6932773109243697,0.0742296918767507,714
111007,0.23957643944407678,0.71409662475182,0.04632693580410324,1511
111008,0.20837696335078534,0.6785340314136126,0.1130890052356021,1910
111009,0.18421355425152455,0.7071683350592567,0.10861811068921873,17382
111010,0.1661842739990352,0.716594307766522,0.11722141823444283,4146
111011,0.15423302598491198,0.7627829002514669,0.08298407376362113,1193
111012,0.29349736379613356,0.6432337434094904,0.0632688927943761,569
111013,0.2208709297763829,0.7049823460180463,0.07414672420557081,2549
111014,0.15416053621056072,0.7418669282327939,0.10397253555664542,6117
111015,0.22904062229904926,0.7044079515989629,0.0665514261019879,1157
111016,0.1932596103212217,0.7232754081095313,0.08346498156924698,3798
111017,0.1373134328358209,0.7880597014925373,0.07462686567164178,1340
111018,0.22596153846153846,0.7376373626373627,0.036401098901098904,1456
111019,0.22933333333333333,0.696,0.07466666666666667,375
111020,0.2776470588235294,0.6423529411764706,0.08,425
111021,0.19002770083102494,0.7346260387811634,0.07534626038781163,1805
111022,0.20585365853658535,0.7365853658536585,0.0575609756097561,1025
111023,0.2568627450980392,0.6980392156862745,0.045098039215686274,510
111024,0.27876106194690264,0.6238938053097345,0.09734513274336283,226
111025,0.26549865229110514,0.683288409703504,0.05121293800539083,742
111026,0.24342105263157895,0.7105263157894737,0.046052631578947366,456
111027,0.23477157360406092,0.6916243654822335,0.07360406091370558,788
111028,0.23884103367267032,0.6836335160532498,0.07752545027407988,1277
111029,0.16666666666666666,0.8191489361702128,0.014184397163120567,282
111030,0.2073524669461464,0.7178329571106095,0.07481457594324412,3101
111031,0.204442200908632,0.7115093387178193,0.08404846037354871,3962
111032,0.23601398601398602,0.6993006993006993,0.06468531468531469,572
111033,0.23709369024856597,0.6883365200764818,0.0745697896749522,1569
111034,0.18249380677126342,0.7283236994219653,0.08918249380677126,7266
111035,0.16245981664483866,0.7061554947017502,0.13138468865341113,16798
111036,0.1713191023535851,0.7038861521620142,0.12479474548440066,1827
111037,0.2803030303030303,0.6590909090909091,0.06060606060606061,132
111038,0.2089678510998308,0.6920473773265652,0.09898477157360407,1182
111039,0.2056792018419033,0.7321565617805065,0.06216423637759018,1303
111040,0.28023952095808385,0.6562874251497006,0.06347305389221557,835
111041,0.20978781656399725,0.6991786447638604,0.09103353867214237,2922
111042,0.17164179104477612,0.7241471215351812,0.10421108742004265,3752
111043,0.21084953940634596,0.7308085977482088,0.05834186284544524,977
111044,0.20659453889747553,0.7274600721277692,0.06594538897475528,1941
111045,0.2727272727272727,0.6468531468531469,0.08041958041958042,572
111046,0.23418573351278602,0.7039030955585465,0.06191117092866756,743
111047,0.1954248366013072,0.7300653594771241,0.07450980392156863,1530
111048,0.24841213832039521,0.6979534227240649,0.053634438955539876,1417
111049,0.2446043165467626,0.6957862281603289,0.05960945529290853,973
111050,0.21291696238466998,0.7239176721078779,0.0631653655074521,1409
111051,0.18887015177065766,0.7554806070826307,0.05564924114671164,593
111052,0.194639438417358,0.7332482450542438,0.07211231652839821,1567
111053,0.2543640897755611,0.6957605985037406,0.04987531172069826,401
111054,0.2611311672683514,0.6847172081829122,0.05415162454873646,831
111055,0.1963276836158192,0.7358757062146892,0.06779661016949153,708
111056,0.25862068965517243,0.7030651340996169,0.038314176245210725,522
111057,0.1778846153846154,0.7358774038461539,0.08623798076923077,3328
111058,0.21575342465753425,0.666095890410959,0.11815068493150685,584
111059,0.22358490566037736,0.6949685534591195,0.08144654088050314,3180
111060,0.20703125,0.6962890625,0.0966796875,1024
111061,0.17712691771269176,0.7545327754532776,0.06834030683403068,717
111062,0.18904463297676136,0.7080413131685724,0.10291405385466618,5422
111063,0.228720483250961,0.6869851729818781,0.0842943437671609,3642
111064,0.21887550200803213,0.7449799196787149,0.03614457831325301,498
111065,0.16132386068272397,0.7083694333737653,0.13030670594351065,5771
111066,0.2417260159195643,0.6941767909509845,0.0640971931294512,2387
111067,0.17385809712944575,0.7021122946380213,0.12402960823253295,5539
111068,0.26494117647058824,0.6767058823529412,0.05835294117647059,2125
111069,0.17419354838709677,0.7327188940092166,0.09308755760368663,1085
111070,0.18984547461368653,0.7323399558498896,0.07781456953642384,1812
111071,0.20246984491671452,0.6928489373923032,0.1046812176909822,6964
111072,0.1971172574990261,0.6949746786131671,0.10790806388780678,2567
111073,0.22282608695652173,0.7323369565217391,0.04483695652173913,736
111074,0.20151133501259447,0.7355163727959698,0.06297229219143577,794
111075,0.15241514360313316,0.7480417754569191,0.09954308093994778,3064
111076,0.16745562130177516,0.7414201183431952,0.09112426035502959,1690
111077,0.22234080398434722,0.7029526858769122,0.07470651013874066,5622
111078,0.1776532630191167,0.7198417930125247,0.1025049439683586,3034
111079,0.2675,0.6675,0.065,400
111080,0.29591836734693877,0.6530612244897959,0.05102040816326531,98
111081,0.19367588932806323,0.7312252964426877,0.07509881422924901,759
111082,0.23333333333333334,0.7017543859649122,0.06491228070175438,570
111083,0.2727272727272727,0.656319290465632,0.07095343680709534,451
111084,0.1781659388646288,0.7366812227074235,0.0851528384279476,2290
111085,0.22575757575757577,0.7257575757575757,0.048484848484848485,660
111086,0.23626852659110723,0.7088055797733217,0.05492589363557106,1147
111087,0.15491731940818101,0.7745865970409052,0.07049608355091384,1149
111088,0.18705035971223022,0.762589928057554,0.050359712230215826,695
111089,0.2200328407224959,0.708128078817734,0.07183908045977011,2436
111090,0.24060150375939848,0.6962406015037594,0.06315789473684211,665
111091,0.32331902718168815,0.5836909871244635,0.09298998569384835,699
111092,0.20469798657718122,0.6879194630872483,0.10738255033557047,298
111093,0.17101105845181674,0.7365718799368088,0.0924170616113744,2532
111094,0.2446236559139785,0.706989247311828,0.04838709677419355,372
111095,0.21991341991341992,0.7047619047619048,0.07532467532467532,1155
111096,0.18231389284020863,0.7224988146040777,0.0951872925557136,8436
111097,0.24080882352941177,0.696078431372549,0.06311274509803921,1632
111098,0.2225237449118046,0.6978742650384442,0.07960199004975124,2211
111099,0.2781065088757396,0.6804733727810651,0.04142011834319527,676
111100,0.248868778280543,0.6923076923076923,0.058823529411764705,442
111101,0.2582781456953642,0.6913907284768211,0.05033112582781457,755
111102,0.2073170731707317,0.7408536585365854,0.051829268292682924,656
111103,0.19829491632459742,0.7183454373223871,0.08335964635301547,3167
111104,0.24556616643929058,0.6862210095497954,0.06821282401091405,733
111105,0.1808972503617945,0.7297395079594791,0.08936324167872649,2764
111106,0.21360130871698996,0.7106800654358495,0.07571862584716055,4279
111107,0.1411764705882353,0.7616099071207431,0.09721362229102168,1615
