Codice.comune,quota_istruzione_0_Base,quota_istruzione_1_Medio,quota_istruzione_2_Alto,n_individui_sintetici
1001,0.17524197656647988,0.6968925114620479,0.12786551197147222,1963
1002,0.19854350325795325,0.7041011881947106,0.09735530854733615,2609
1003,0.20967741935483872,0.6612903225806451,0.12903225806451613,372
1004,0.1810207336523126,0.7065390749601276,0.11244019138755981,1254
1006,0.14449780747546462,0.6886615159741073,0.16684067655042806,4789
1007,0.14507772020725387,0.772020725388601,0.08290155440414508,193
1008,0.18914540299716484,0.6847306601863102,0.1261239368165249,12345
1009,0.17783857729138167,0.6723666210670315,0.14979480164158687,1462
1010,0.15428571428571428,0.6942857142857143,0.15142857142857144,350
1011,0.175787728026534,0.7048092868988391,0.11940298507462686,603
1012,0.15795868772782504,0.7059538274605103,0.13608748481166463,823
1013,0.16239035087719297,0.674890350877193,0.16271929824561404,9120
1014,0.1810436634717785,0.7103301384451545,0.10862619808306709,939
1015,0.20655737704918034,0.7049180327868853,0.08852459016393442,610
1016,0.18715440238196512,0.6958740961293067,0.1169715014887282,2351
1017,0.16795865633074936,0.7183462532299741,0.11369509043927649,387
1018,0.14859580519018842,0.6132243156772129,0.23817987913259864,2813
1019,0.14102564102564102,0.7307692307692307,0.1282051282051282,78
1020,0.15550847457627118,0.6898305084745763,0.15466101694915255,2360
1021,0.18723404255319148,0.7242553191489361,0.08851063829787234,1175
1022,0.13578208832026414,0.6900536524969046,0.1741642591828312,2423
1023,0.18284424379232506,0.708803611738149,0.10835214446952596,443
1024,0.19276834445118254,0.7028502122498483,0.10438144329896908,13192
1025,0.2209016393442623,0.6942622950819672,0.08483606557377049,2440
1026,0.2196969696969697,0.6893939393939394,0.09090909090909091,396
1027,0.17962962962962964,0.6753086419753086,0.14506172839506173,1620
1028,0.180882689229362,0.7154127601189115,0.1037045506517265,8746
1029,0.1995249406175772,0.6864608076009501,0.11401425178147269,421
1030,0.17993210109392682,0.7182195397963033,0.1018483591097699,2651
1031,0.24464285714285713,0.6857142857142857,0.06964285714285715,560
1032,0.18193465727098015,0.7258167841127482,0.09224855861627163,1561
1033,0.2031386224934612,0.7053182214472538,0.09154315605928509,2294
1034,0.18456692913385828,0.7250393700787402,0.09039370078740157,6350
1035,0.18782608695652173,0.696231884057971,0.11594202898550725,3450
1036,0.20064724919093851,0.7249190938511327,0.0744336569579288,309
1037,0.12874251497005987,0.7125748502994012,0.15868263473053892,334
1038,0.1644100580270793,0.7145390070921985,0.12105093488072212,6204
1039,0.2100456621004566,0.708675799086758,0.08127853881278539,1095
1040,0.16268382352941177,0.7417279411764706,0.09558823529411764,1088
1041,0.218562874251497,0.6576846307385229,0.12375249500998003,1002
1042,0.16461366181410975,0.6640537513997761,0.1713325867861142,893
1043,0.20123022847100175,0.7223198594024605,0.07644991212653779,1138
1044,0.19045368620037806,0.6864366729678639,0.12310964083175803,4232
1045,0.16108247422680413,0.6935137457044673,0.14540378006872853,4656
1046,0.16201337003539126,0.7109712937475423,0.12701533621706645,2543
1047,0.1724013691226806,0.7088812826517744,0.11871734822554494,5551
1048,0.20347671049699131,0.6679295743258302,0.12859371517717852,4487
1049,0.22111553784860558,0.6952191235059761,0.08366533864541832,1004
1050,0.17109458023379384,0.6950053134962806,0.1339001062699256,941
1051,0.17825875486381323,0.6904182879377432,0.13132295719844359,4112
1052,0.2028985507246377,0.7632850241545893,0.033816425120772944,207
1053,0.17283324885960466,0.659908768373036,0.16725798276735934,1973
1054,0.1956043956043956,0.6879120879120879,0.11648351648351649,455
1055,0.17331589274035317,0.7030739045127534,0.1236102027468934,1529
1056,0.20583941605839415,0.727007299270073,0.06715328467153285,685
1057,0.23883161512027493,0.6838487972508591,0.07731958762886598,582
1058,0.2026865671641791,0.683134328358209,0.11417910447761194,6700
1059,0.19850280105101384,0.6925288780923108,0.10896832085667542,20171
1060,0.16643454038997216,0.6727019498607242,0.16086350974930363,1436
1061,0.1551418439716312,0.6640070921985816,0.18085106382978725,1128
1062,0.16501352569882777,0.7028854824165915,0.13210099188458072,2218
1063,0.17797374486421486,0.7169055015532618,0.1051207535825233,9979
1064,0.14734480179506357,0.6469708302169035,0.2056843679880329,1337
1065,0.21025965801139962,0.7010766307789741,0.08866371120962635,1579
1066,0.17789606387449222,0.7125647849838913,0.10953915114161647,7139
1067,0.19,0.7233333333333334,0.08666666666666667,300
1068,0.14309278350515464,0.6742268041237114,0.18268041237113403,4850
1069,0.22818396226415094,0.6745283018867925,0.0972877358490566,1696
1070,0.23547918683446273,0.6718296224588577,0.09269119070667957,4132
1071,0.23450336071695296,0.6870799103808812,0.07841672890216579,1339
1072,0.1590013140604468,0.7398160315374507,0.1011826544021025,761
1073,0.15671641791044777,0.753731343283582,0.08955223880597014,134
1074,0.1632088520055325,0.6957123098201936,0.14107883817427386,723
1075,0.23046875,0.65625,0.11328125,256
1076,0.19601328903654486,0.7159468438538206,0.08803986710963455,1204
1077,0.15573227302849568,0.6666666666666666,0.17760106030483763,1509
1078,0.17595936794582392,0.6608728367193378,0.16316779533483822,26580
1079,0.16216216216216217,0.7027027027027027,0.13513513513513514,148
1080,0.19530102790014683,0.723935389133627,0.08076358296622614,681
1081,0.21609403254972875,0.6971066907775768,0.0867992766726944,1106
1082,0.19014483789495387,0.672955002319468,0.13690015978557807,19401
1083,0.20802919708029197,0.656934306569343,0.13503649635036497,274
1084,0.18452380952380953,0.6607142857142857,0.15476190476190477,168
1085,0.13821138211382114,0.6910569105691057,0.17073170731707318,246
1086,0.17936668594563332,0.6865962984384038,0.13403701561596298,13832
1087,0.10559006211180125,0.7391304347826086,0.15527950310559005,161
1088,0.16468435498627632,0.7118023787740164,0.12351326623970722,1093
1089,0.16359060402684564,0.7340604026845637,0.10234899328859061,2384
1090,0.16724185154752122,0.6873733223774309,0.14538482607504793,36510
1091,0.20168067226890757,0.6764705882352942,0.12184873949579832,238
1092,0.16964285714285715,0.7098214285714286,0.12053571428571429,448
1093,0.18923713778829096,0.6942637492607925,0.11649911295091661,3382
1094,0.1861771058315335,0.7118790496760259,0.10194384449244061,2315
1095,0.25149700598802394,0.6766467065868264,0.0718562874251497,334
1096,0.15220483641536273,0.7453769559032717,0.10241820768136557,703
1097,0.163244176013805,0.7016393442622951,0.13511647972389992,5795
1098,0.20498056715128832,0.6967036130703901,0.09831581977832157,6947
1099,0.1655089096949562,0.7091513138024766,0.1253397765025672,6622
1100,0.1657754010695187,0.679144385026738,0.15508021390374332,187
1101,0.20643507972665148,0.7030182232346242,0.09054669703872438,3512
1102,0.22483660130718955,0.6973856209150326,0.07777777777777778,1530
1103,0.18227848101265823,0.6784810126582278,0.13924050632911392,395
1104,0.14378432351472792,0.7054418372441338,0.1507738392411383,2003
1105,0.17801047120418848,0.7207678883071553,0.1012216404886562,573
1106,0.2019643953345611,0.6936771025168815,0.1043585021485574,1629
1107,0.24312714776632302,0.6688144329896907,0.08805841924398626,2328
1108,0.16901408450704225,0.812206572769953,0.018779342723004695,213
1109,0.2330335241210139,0.6802943581357318,0.0866721177432543,1223
1110,0.19264774313634248,0.6924150767798977,0.11493718008375989,2149
1111,0.21782178217821782,0.7079207920792079,0.07425742574257425,404
1112,0.18305575669804489,0.6799420709630702,0.13700217233888487,6905
1113,0.17995169082125603,0.7391304347826086,0.08091787439613526,828
1114,0.16393442622950818,0.7090163934426229,0.12704918032786885,488
1115,0.1694418877081416,0.7073048280478621,0.12325328424399631,11951
1116,0.16216216216216217,0.6979131029763941,0.13992473486144372,2923
1117,0.1366223908918406,0.7438330170777988,0.11954459203036052,527
1118,0.28187919463087246,0.6644295302013423,0.053691275167785234,149
1119,0.17876344086021506,0.6989247311827957,0.12231182795698925,744
1120,0.18694690265486727,0.6867684841564373,0.1262846131886954,28024
1121,0.16129032258064516,0.7741935483870968,0.06451612903225806,31
1122,0.14953271028037382,0.7850467289719626,0.06542056074766354,535
1123,0.21428571428571427,0.6392857142857142,0.14642857142857144,280
1124,0.21337579617834396,0.6337579617834395,0.15286624203821655,314
1125,0.1476264997391758,0.6468440271257173,0.20552947313510694,17253
1126,0.18295543393275998,0.7036747458952306,0.11336982017200939,1279
1127,0.18024536017615603,0.71280276816609,0.10695187165775401,6358
1128,0.15962698848052662,0.7114646187602852,0.12890839275918814,3646
1129,0.19484240687679083,0.6934097421203438,0.11174785100286533,1047
1130,0.19173157579388855,0.712573825216126,0.09569459898998545,11683
1131,0.17518248175182483,0.7664233576642335,0.058394160583941604,137
1132,0.20425531914893616,0.7120567375886525,0.08368794326241134,1410
1133,0.18289085545722714,0.7256637168141593,0.09144542772861357,339
1134,0.24955752212389382,0.6787610619469027,0.07168141592920355,1130
1135,0.17899761336515513,0.6968973747016707,0.12410501193317422,1257
1136,0.16544117647058823,0.7230392156862745,0.11151960784313726,816
1137,0.15874855156431056,0.709154113557358,0.1320973348783314,863
1139,0.20529433543132172,0.6888189559422436,0.10588670862643465,5402
1140,0.23387096774193547,0.6747311827956989,0.0913978494623656,372
1141,0.17518248175182483,0.7299270072992701,0.0948905109489051,411
1142,0.22365339578454332,0.7096018735362998,0.06674473067915691,854
1143,0.13109756097560976,0.6798780487804879,0.18902439024390244,328
1144,0.17782426778242677,0.6725941422594143,0.14958158995815898,956
1145,0.11363636363636363,0.7954545454545454,0.09090909090909091,44
1146,0.19210433556573844,0.6961579132886853,0.11173775114557631,2837
1147,0.20980392156862746,0.7019607843137254,0.08823529411764706,510
1148,0.18683385579937303,0.696551724137931,0.11661442006269593,3190
1149,0.16089965397923875,0.7352941176470589,0.10380622837370242,578
1150,0.16459627329192547,0.7474120082815735,0.08799171842650104,966
1152,0.20877192982456141,0.7,0.0912280701754386,570
1153,0.12121212121212122,0.7104377104377104,0.16835016835016836,297
1154,0.18046709129511676,0.7346072186836518,0.08492569002123142,471
1155,0.22178988326848248,0.6964980544747081,0.08171206225680934,257
1156,0.16955235462437557,0.6637809787089578,0.16666666666666666,41238
1157,0.02702702702702703,0.7027027027027027,0.2702702702702703,37
1158,0.16117216117216118,0.6428571428571429,0.19597069597069597,546
1159,0.15948275862068967,0.7543103448275862,0.08620689655172414,696
1160,0.16126482213438736,0.7122529644268775,0.12648221343873517,2530
1161,0.21554213704384353,0.6965082698871095,0.087949593069047,3809
1162,0.18518518518518517,0.7681159420289855,0.04669887278582931,621
1163,0.18370607028753994,0.7188498402555911,0.09744408945686901,626
1164,0.20772573061127314,0.6993036128801857,0.09297065650854115,33602
1165,0.24,0.72,0.04,100
1166,0.18582298758510213,0.6948338005606728,0.11934321185422507,4994
1167,0.17475728155339806,0.7184466019417476,0.10679611650485436,206
1168,0.200282835425137,0.7077956514053385,0.09192151316952449,5657
1169,0.22784810126582278,0.6835443037974683,0.08860759493670886,395
1170,0.20396600566572237,0.6902738432483475,0.10576015108593012,1059
1171,0.18471671718349267,0.7034856609932385,0.11179762182326883,17156
1172,0.17777777777777778,0.6974358974358974,0.12478632478632479,585
1173,0.18181818181818182,0.7125,0.10568181818181818,880
1174,0.20317002881844382,0.7060518731988472,0.09077809798270893,694
1175,0.13297045101088648,0.7262830482115086,0.14074650077760498,2572
1176,0.2142064372918979,0.6958934517203108,0.08990011098779134,901
1177,0.15605095541401273,0.6910828025477707,0.15286624203821655,628
1178,0.24262734584450402,0.6715817694369973,0.08579088471849866,1492
1179,0.14733542319749215,0.7115987460815048,0.14106583072100312,319
1180,0.14064362336114422,0.6495828367103695,0.2097735399284863,839
1181,0.20641711229946524,0.669162210338681,0.12442067736185383,2805
1183,0.1490352628077179,0.564870259481038,0.2860944777112442,3006
1184,0.2295897223373394,0.7020306672192291,0.06837961044343141,2413
1185,0.14074074074074075,0.7432098765432099,0.11604938271604938,405
1186,0.22587719298245615,0.6951754385964912,0.07894736842105263,456
1187,0.209009009009009,0.6864864864864865,0.1045045045045045,555
1188,0.1797752808988764,0.7303370786516854,0.0898876404494382,445
1189,0.1650649581776117,0.6904253425876491,0.14450969923473928,11238
1190,0.18421052631578946,0.7173321234119783,0.0984573502722323,2204
1191,0.17075769684514974,0.6720706321117327,0.15717167104311755,26277
1192,0.10942681193747039,0.565292910153166,0.32528027790936365,6333
1193,0.18966763005780346,0.7084537572254336,0.101878612716763,2768
1194,0.17331604241360898,0.7114196353650164,0.11526432222137463,13109
1195,0.1931400571661903,0.7166190281747652,0.0902409146590445,2449
1196,0.13171225937183384,0.6930091185410334,0.1752786220871327,987
1197,0.18927528537297583,0.7021502521900717,0.10857446243695248,7534
1198,0.22164276401564537,0.6962190352020861,0.08213820078226858,767
1199,0.18950563746747615,0.7285342584562012,0.08196010407632263,2306
1200,0.19005102040816327,0.7117346938775511,0.09821428571428571,784
1201,0.16129032258064516,0.6888045540796964,0.14990512333965844,527
1202,0.1792452830188679,0.7452830188679245,0.07547169811320754,212
1203,0.19131714495952906,0.7005150846210448,0.10816777041942605,1359
1204,0.21839080459770116,0.7183908045977011,0.06321839080459771,174
1205,0.18577494692144372,0.6772823779193206,0.13694267515923567,942
1206,0.20265151515151514,0.7443181818181818,0.05303030303030303,528
1207,0.24,0.7046153846153846,0.055384615384615386,325
1208,0.1141732283464567,0.6929133858267716,0.19291338582677164,254
1209,0.20689655172413793,0.7049808429118773,0.08812260536398467,261
1210,0.2572178477690289,0.6719160104986877,0.07086614173228346,762
1211,0.14941634241245136,0.6926070038910506,0.15797665369649805,1285
1212,0.28888888888888886,0.6888888888888889,0.022222222222222223,45
1213,0.18531889290012032,0.6594464500601684,0.1552346570397112,831
1214,0.1656214174927507,0.700451817384854,0.13392676512239532,14829
1215,0.19794721407624633,0.6794721407624633,0.12258064516129032,3410
1216,0.21268452706396937,0.7020229633679607,0.08529250956806998,1829
1217,0.19080611459364347,0.6697459584295612,0.13944792697679534,9093
1218,0.1446917808219178,0.7166095890410958,0.1386986301369863,1168
1219,0.17602323008849557,0.6689159292035398,0.1550608407079646,36160
1220,0.16666666666666666,0.6987847222222222,0.1345486111111111,2304
1221,0.1762360446570973,0.7376395534290271,0.0861244019138756,1254
1222,0.16610625420309347,0.6704774714189644,0.16341627437794218,1487
1223,0.18460019743336623,0.7018756169792695,0.11352418558736427,2026
1224,0.2899628252788104,0.6505576208178439,0.05947955390334572,269
1225,0.21961620469083157,0.7050461975835111,0.07533759772565743,1407
1226,0.1588235294117647,0.7529411764705882,0.08823529411764706,170
1227,0.22757475083056478,0.6910299003322259,0.08139534883720931,602
1228,0.14998665599145983,0.6453162530024019,0.20469709100613825,3747
1229,0.15711854792966534,0.7311401020986954,0.11174134997163924,1763
1230,0.16723549488054607,0.6979522184300341,0.1348122866894198,586
1231,0.17971014492753623,0.7115942028985507,0.10869565217391304,1380
1232,0.125,0.7745535714285714,0.10044642857142858,448
1233,0.11797752808988764,0.6825842696629213,0.199438202247191,356
1234,0.3958333333333333,0.6041666666666666,0.0,48
1235,0.12745098039215685,0.7156862745098039,0.1568627450980392,1122
1236,0.17547471974376572,0.7112788835506749,0.11324639670555937,4371
1237,0.17650962176509621,0.6960849369608494,0.12740544127405443,3014
1238,0.20075757575757575,0.7424242424242424,0.056818181818181816,264
1239,0.16020671834625322,0.7622739018087855,0.07751937984496124,387
1240,0.18006160739288715,0.714085690282834,0.10585270232427892,3571
1241,0.16757542711741186,0.687749909123955,0.14467466375863322,2751
1242,0.20526723470178157,0.7041053446940356,0.0906274206041828,1291
1243,0.14933444259567388,0.7254575707154742,0.1252079866888519,2404
1244,0.1658004158004158,0.7099792099792099,0.12422037422037423,1924
1245,0.21349862258953167,0.709366391184573,0.07713498622589532,726
1246,0.2023860247123988,0.7102684277801449,0.08734554750745632,2347
1247,0.19540229885057472,0.6929392446633826,0.1116584564860427,609
1248,0.17084826762246116,0.702110712863401,0.1270410195141378,7533
1249,0.15582008696272007,0.6708247202223965,0.17335519281488346,14029
1250,0.16892502258355918,0.6910569105691057,0.14001806684733514,1107
1251,0.1925133689839572,0.7540106951871658,0.053475935828877004,187
1252,0.15091863517060367,0.7125984251968503,0.13648293963254593,2286
1253,0.1796151104775481,0.7263007840342124,0.09408410548823949,1403
1254,0.19767863619876677,0.6492564381574175,0.15306492564381574,2757
1255,0.18162327718223584,0.7200612557427258,0.09831546707503828,3265
1256,0.2111526691601496,0.6888813328799728,0.0999659979598776,2941
1257,0.1938127974616605,0.710867265996827,0.09531993654151243,7564
1258,0.20202020202020202,0.6818181818181818,0.11616161616161616,198
1259,0.12028301886792453,0.6957547169811321,0.18396226415094338,848
1260,0.20534223706176963,0.7074290484140233,0.08722871452420701,2396
1261,0.15345699831365936,0.7116357504215851,0.13490725126475547,593
1262,0.15300546448087432,0.6857923497267759,0.16120218579234974,1098
1263,0.11655629139072848,0.6900662251655629,0.19337748344370861,755
1264,0.14511873350923482,0.7651715039577837,0.08970976253298153,379
1265,0.19973021319022902,0.7036450543972318,0.09662473241253922,34101
1266,0.18973020017406442,0.7032201914708442,0.10704960835509138,1149
1267,0.24592391304347827,0.6725543478260869,0.08152173913043478,736
1268,0.22613065326633167,0.7286432160804021,0.04522613065326633,199
1269,0.1697111299915038,0.7145284621920136,0.11576040781648259,4708
1270,0.18930136038736453,0.7122434862808393,0.09845515333179618,4337
1271,0.20176991150442478,0.7061946902654868,0.0920353982300885,565
1272,0.1608924585228406,0.6294074507710024,0.20970009070615708,621788
1273,0.19232505643340858,0.7051918735891648,0.10248306997742664,2215
1274,0.13987473903966596,0.7244258872651357,0.13569937369519833,479
1275,0.17109826589595376,0.6809248554913295,0.14797687861271677,3460
1276,0.1714495952906549,0.6957321559970566,0.13281824871228845,2718
1278,0.2222222222222222,0.7307692307692307,0.04700854700854701,234
1279,0.1827956989247312,0.696236559139785,0.12096774193548387,372
1280,0.16330414921964218,0.6930592564395381,0.14363659434081968,7881
1281,0.25,0.6015625,0.1484375,128
1282,0.13580246913580246,0.7407407407407407,0.12345679012345678,162
1283,0.1673469387755102,0.7397959183673469,0.09285714285714286,980
1284,0.1517886994316282,0.7325309261116684,0.11568037445670344,2991
1285,0.16228748068006182,0.714064914992272,0.12364760432766615,647
1286,0.21621621621621623,0.7043918918918919,0.07939189189189189,592
1287,0.19646899049343594,0.7057492077863287,0.0977818017202354,2209
1288,0.1590909090909091,0.7727272727272727,0.06818181818181818,88
1289,0.19444444444444445,0.7320261437908496,0.07352941176470588,612
1290,0.18232558139534882,0.6967441860465117,0.12093023255813953,1075
1291,0.25825825825825827,0.6801801801801802,0.06156156156156156,666
1292,0.1794713945661988,0.7051629319543626,0.11536567347943856,24366
1293,0.19647847959754053,0.7104527669088877,0.09306875349357183,3578
1294,0.20233463035019456,0.6945525291828794,0.10311284046692606,1028
1295,0.15177065767284992,0.715008431703204,0.13322091062394603,593
1296,0.1712707182320442,0.7237569060773481,0.10497237569060773,181
1298,0.08,0.7371428571428571,0.18285714285714286,350
1299,0.22257217847769029,0.6931758530183727,0.08425196850393701,3810
1300,0.2154712507409603,0.7062833432128038,0.07824540604623592,3374
1301,0.22580645161290322,0.673963133640553,0.10023041474654378,868
1302,0.13738390092879257,0.6602167182662538,0.20239938080495357,2584
1303,0.17032442748091603,0.7061068702290076,0.12356870229007634,2096
1304,0.18121693121693122,0.6970899470899471,0.12169312169312169,756
1305,0.19158878504672897,0.7049399198931909,0.10347129506008011,1498
1306,0.21592279855247287,0.7165259348612787,0.06755126658624849,829
1307,0.19148936170212766,0.7098953056399865,0.09861533265788584,2961
1308,0.20285969615728328,0.6851355376824546,0.11200476616026214,3357
1309,0.17786561264822134,0.6735537190082644,0.1485806683435142,11132
1310,0.1840855106888361,0.7209026128266033,0.09501187648456057,842
1311,0.15857605177993528,0.7421790722761596,0.09924487594390508,927
1312,0.14285714285714285,0.6987012987012987,0.15844155844155844,385
1313,0.1919060052219321,0.741514360313316,0.06657963446475196,766
1314,0.16975111678366306,0.7197556750843286,0.11049320813200839,10969
1315,0.16666666666666666,0.7276422764227642,0.10569105691056911,6150
1316,0.17103526305864605,0.7335470488402791,0.09541768810107486,5303
1317,0.15196599362380447,0.7449521785334751,0.1030818278427205,941
1318,0.1593625498007968,0.749003984063745,0.09163346613545817,753
2002,0.1646234676007005,0.7110332749562172,0.1243432574430823,571
2003,0.2711864406779661,0.6440677966101694,0.0847457627118644,236
2004,0.23485653560042508,0.6668437832093518,0.09829968119022317,1882
2006,0.2672811059907834,0.6513056835637481,0.08141321044546851,651
2007,0.18814675446848542,0.7055503292568204,0.10630291627469426,1063
2008,0.2289156626506024,0.6746987951807228,0.0963855421686747,83
2009,0.3048780487804878,0.6341463414634146,0.06097560975609756,164
2011,0.231622746185853,0.6900138696255201,0.07836338418862691,1442
2014,0.3835616438356164,0.589041095890411,0.0273972602739726,146
2015,0.20625,0.6738636363636363,0.11988636363636364,1760
2016,0.22324817892684928,0.6524058684723505,0.12434595260080025,9747
2017,0.2100181050090525,0.6771273385636692,0.11285455642727821,1657
2021,0.1858678955453149,0.6989247311827957,0.1152073732718894,651
2025,0.164021164021164,0.708994708994709,0.12698412698412698,189
2029,0.3064516129032258,0.4838709677419355,0.20967741935483872,62
2030,0.2076923076923077,0.7256410256410256,0.06666666666666667,780
2031,0.15995397008055237,0.6536248561565017,0.18642117376294592,869
2032,0.23089430894308943,0.6731707317073171,0.0959349593495935,615
2033,0.1951219512195122,0.7317073170731707,0.07317073170731707,164
2035,0.3181818181818182,0.6136363636363636,0.06818181818181818,220
2041,0.4,0.5,0.1,40
2042,0.1730479348809165,0.7141995779318662,0.11275248718721737,3317
2043,0.1787709497206704,0.7262569832402235,0.09497206703910614,179
2045,0.14925373134328357,0.6417910447761194,0.208955223880597,67
2047,0.20504201680672268,0.7226890756302521,0.07226890756302522,595
2048,0.22624434389140272,0.6968325791855203,0.07692307692307693,221
2049,0.20467523197715917,0.7175231977159172,0.07780157030692363,5604
2052,0.2413793103448276,0.6781609195402298,0.08045977011494253,261
2054,0.22744128553770088,0.6761433868974042,0.09641532756489493,809
2057,0.3374233128834356,0.6073619631901841,0.05521472392638037,163
2058,0.2116788321167883,0.6958637469586375,0.09245742092457421,822
2059,0.23746701846965698,0.7150395778364116,0.047493403693931395,379
2061,0.22231557721391362,0.6850949420265502,0.09258948075953621,5951
2062,0.29080675422138835,0.6228893058161351,0.08630393996247655,533
2065,0.2222222222222222,0.7182539682539683,0.05952380952380952,252
2066,0.1588447653429603,0.7075812274368231,0.13357400722021662,277
2067,0.2513812154696133,0.7209944751381215,0.027624309392265192,362
2068,0.2109375,0.678125,0.1109375,640
2070,0.19184652278177458,0.6930455635491607,0.11510791366906475,417
2071,0.21444622792937398,0.6898876404494382,0.0956661316211878,3115
2072,0.19170984455958548,0.7305699481865285,0.07772020725388601,579
2078,0.1917808219178082,0.6986301369863014,0.1095890410958904,73
2079,0.20500481231953802,0.6833493743984601,0.11164581328200192,1039
2082,0.22920517560073936,0.6913123844731978,0.07948243992606285,541
2088,0.24131944444444445,0.6545138888888888,0.10416666666666667,576
2089,0.2692307692307692,0.6730769230769231,0.057692307692307696,156
2090,0.18874560375146543,0.7327080890973037,0.07854630715123095,853
2091,0.19642857142857142,0.6607142857142857,0.14285714285714285,224
2093,0.17091295116772823,0.7186836518046709,0.11040339702760085,942
2096,0.19491525423728814,0.7457627118644068,0.059322033898305086,118
2097,0.1437908496732026,0.7124183006535948,0.1437908496732026,153
2102,0.2275711159737418,0.7045951859956237,0.06783369803063458,457
2104,0.2158671586715867,0.6605166051660517,0.12361623616236163,542
2107,0.247557003257329,0.6527687296416939,0.0996742671009772,3070
2108,0.19310344827586207,0.6896551724137931,0.11724137931034483,290
2110,0.24074074074074073,0.6296296296296297,0.12962962962962962,54
2113,0.2916666666666667,0.6166666666666667,0.09166666666666666,120
2115,0.225,0.7,0.075,320
2116,0.17988505747126438,0.7224137931034482,0.09770114942528736,1740
2118,0.22,0.6875,0.0925,400
2121,0.22916666666666666,0.6944444444444444,0.0763888888888889,144
2122,0.22046109510086456,0.7046109510086456,0.07492795389048991,694
2126,0.2348993288590604,0.6510067114093959,0.11409395973154363,149
2127,0.25609756097560976,0.6341463414634146,0.10975609756097561,82
2128,0.1906912122264675,0.7130948245918721,0.0962139631816603,2879
2131,0.1912280701754386,0.7315789473684211,0.07719298245614035,1140
2133,0.2064672594987874,0.6753435731608731,0.11818916734033953,6185
2134,0.2682119205298013,0.6556291390728477,0.076158940397351,302
2135,0.17363344051446947,0.662379421221865,0.1639871382636656,311
2137,0.24904319300164024,0.6724986331328595,0.07845817386550027,3658
2142,0.19655172413793104,0.6873563218390805,0.11609195402298851,870
2147,0.14777327935222673,0.7550607287449392,0.09716599190283401,494
2148,0.21257731958762888,0.685360824742268,0.10206185567010309,4850
2150,0.22093949044585987,0.6914808917197452,0.0875796178343949,2512
2152,0.2357237715803453,0.6845949535192563,0.0796812749003984,1506
2156,0.19912552377482237,0.6826380032792858,0.11823647294589178,5489
2158,0.17895833333333333,0.6613988095238095,0.15964285714285714,33600
2163,0.25732899022801303,0.6775244299674267,0.06514657980456026,307
2164,0.23013245033112584,0.6895695364238411,0.0802980132450331,1208
2166,0.14782608695652175,0.7478260869565218,0.10434782608695652,115
2170,0.19117647058823528,0.6691176470588235,0.13970588235294118,136
2171,0.19235836627140976,0.7035573122529645,0.10408432147562582,759
3001,0.1647875108412836,0.6886383347788378,0.14657415437987859,1153
3002,0.17638483965014579,0.6486880466472303,0.1749271137026239,686
3006,0.24695863746958638,0.6618004866180048,0.09124087591240876,1644
3008,0.18280291411042945,0.6416794478527608,0.1755176380368098,10432
3012,0.18213058419243985,0.6786941580756014,0.13917525773195877,582
3016,0.20031568374228728,0.6913473956091262,0.1083369206485866,6969
3018,0.208955223880597,0.6897654584221748,0.10127931769722814,938
3019,0.18569780853517878,0.7035755478662054,0.11072664359861592,867
3021,0.20208333333333334,0.6114583333333333,0.18645833333333334,960
3022,0.17516629711751663,0.729490022172949,0.09534368070953436,902
3023,0.23194168323392975,0.6713055003313453,0.09675281643472498,1509
3024,0.1894770206022187,0.6667511885895404,0.1437717908082409,15775
3025,0.2143658810325477,0.6891133557800224,0.09652076318742986,3564
3026,0.18360805860805862,0.7019230769230769,0.11446886446886446,2184
3027,0.2264367816091954,0.6689655172413793,0.10459770114942529,870
3030,0.20083463745435576,0.672926447574335,0.12623891497130935,1917
3032,0.19357268390660307,0.6972131559126287,0.10921416018076827,7966
3036,0.208,0.6810666666666667,0.11093333333333333,1875
3037,0.20844686648501362,0.6852861035422343,0.10626702997275204,734
3039,0.21944035346097202,0.6759941089837997,0.10456553755522828,679
3040,0.20719929762949957,0.6962247585601404,0.09657594381035997,1139
3041,0.2225859247135843,0.7037643207855974,0.07364975450081833,611
3042,0.2669902912621359,0.6650485436893204,0.06796116504854369,206
3043,0.1910460368858229,0.6933689990145009,0.1155849640996762,7103
3044,0.2975778546712803,0.629757785467128,0.0726643598615917,289
3045,0.21264994547437296,0.7044711014176663,0.08287895310796074,917
3047,0.19814241486068113,0.6604747162022704,0.14138286893704852,969
3049,0.2368645877829987,0.6770610850064075,0.08607432721059376,4682
3051,0.14004914004914004,0.7051597051597052,0.1547911547911548,407
3052,0.19672131147540983,0.6797814207650273,0.12349726775956284,915
3055,0.18632478632478633,0.7247863247863248,0.08888888888888889,1170
3058,0.19726166328600406,0.6795131845841785,0.12322515212981744,1972
3060,0.24681684622918706,0.7091087169441724,0.04407443682664055,1021
3062,0.1588265048052605,0.6924633282751644,0.14871016691957512,1977
3065,0.20079260237780713,0.6875825627476883,0.11162483487450463,1514
3066,0.18993839835728954,0.7053388090349076,0.10472279260780287,1948
3068,0.18937198067632852,0.6851119894598156,0.12551602986385596,11385
3069,0.18333333333333332,0.6725490196078432,0.14411764705882352,1020
3070,0.22262773722627738,0.6788321167883211,0.09854014598540146,1370
3073,0.19835636906985432,0.6948076204706761,0.10683601045946955,2677
3076,0.23982970671712395,0.674077578051088,0.08609271523178808,4228
3077,0.21121121121121122,0.6886886886886887,0.1001001001001001,999
3079,0.2149236531259003,0.6767502160760588,0.1083261307980409,3471
3082,0.19347037484885127,0.687726723095526,0.11880290205562273,3308
3083,0.3053763440860215,0.6258064516129033,0.06881720430107527,465
3084,0.1625615763546798,0.666871921182266,0.1705665024630542,1624
3088,0.19736842105263158,0.6826625386996904,0.11996904024767802,1292
3090,0.21693121693121692,0.6613756613756614,0.12169312169312169,189
3091,0.23076923076923078,0.677257525083612,0.09197324414715718,1196
3093,0.23508771929824562,0.624561403508772,0.14035087719298245,855
3095,0.14553237025147137,0.7121455323702515,0.14232209737827714,1869
3097,0.2,0.6943181818181818,0.10568181818181818,880
3098,0.23529411764705882,0.6259426847662142,0.138763197586727,663
3100,0.22175066312997346,0.6912466843501326,0.0870026525198939,1885
3103,0.1434814275309541,0.697742170429716,0.15877640203932994,1373
3104,0.18914473684210525,0.680921052631579,0.1299342105263158,608
3106,0.1735740830505736,0.6459309527656595,0.1804949641837669,74268
3108,0.2218720152817574,0.6586437440305635,0.11948424068767909,10470
3109,0.17885196374622356,0.6652567975830815,0.15589123867069488,1655
3112,0.16647127784290738,0.6647127784290738,0.16881594372801875,853
3114,0.17310087173100872,0.6967621419676214,0.13013698630136986,1606
3115,0.224,0.6333333333333333,0.14266666666666666,750
3116,0.18535681186283595,0.6654309545875811,0.14921223354958293,1079
3119,0.20435510887772193,0.6599664991624791,0.135678391959799,597
3120,0.29598506069094305,0.6526610644257703,0.051353874883286646,1071
3121,0.19607843137254902,0.715370018975332,0.08855154965211891,1581
3122,0.19945167923235094,0.7025359835503769,0.09801233721727211,1459
3129,0.23348694316436253,0.6390168970814132,0.12749615975422426,651
3130,0.20362622036262204,0.6924686192468619,0.10390516039051603,2868
3131,0.19740853658536586,0.6841971544715447,0.11839430894308943,3936
3133,0.24701195219123506,0.6799468791500664,0.07304116865869854,2259
3134,0.19160583941605838,0.7135036496350365,0.0948905109489051,548
3135,0.18134034165571616,0.716819973718791,0.10183968462549277,1522
3138,0.19158878504672897,0.7172897196261683,0.0911214953271028,428
3139,0.2471590909090909,0.6524621212121212,0.10037878787878787,1056
3140,0.21626617375231053,0.6802218114602587,0.10351201478743069,541
3141,0.22373300370828184,0.6872682323856613,0.08899876390605686,809
3143,0.17764092846991947,0.7063003315963998,0.11605873993368072,2111
3144,0.22321428571428573,0.7113095238095238,0.06547619047619048,336
3146,0.18740399385560677,0.695852534562212,0.11674347158218126,651
3149,0.2069699765774718,0.6825182766697424,0.11051174675278586,14089
3153,0.20379746835443038,0.6987341772151898,0.09746835443037975,790
3154,0.23516361619523019,0.6833056017748197,0.08153078202995008,3606
3158,0.1926070038910506,0.6958495460440985,0.11154345006485085,1542
3159,0.2223950233281493,0.6578538102643857,0.11975116640746501,643
3164,0.17737789203084833,0.7146529562982005,0.10796915167095116,389
3166,0.19371069182389938,0.6747169811320755,0.13157232704402516,3975
4001,0.13445378151260504,0.7899159663865546,0.07563025210084033,119
4002,0.25668449197860965,0.6898395721925134,0.053475935828877004,187
4003,0.1884224807795091,0.6566213049377133,0.15495621428277762,24323
4004,0.23076923076923078,0.6593406593406593,0.10989010989010989,182
4005,0.0891089108910891,0.8811881188118812,0.0297029702970297,101
4006,0.14925373134328357,0.7910447761194029,0.05970149253731343,67
4007,0.19607843137254902,0.6601307189542484,0.1437908496732026,153
4008,0.21216407355021216,0.7241867043847242,0.06364922206506365,707
4009,0.2516099356025759,0.6678932842686293,0.08049678012879485,4348
4010,0.19927095990279464,0.68408262454435,0.1166464155528554,823
4011,0.18404907975460122,0.6605316973415133,0.1554192229038855,489
4012,0.23918894670733895,0.6734254441055088,0.08738560918715234,5573
4013,0.1717557251908397,0.6679389312977099,0.16030534351145037,524
4014,0.24893617021276596,0.6872340425531915,0.06382978723404255,470
4015,0.32044198895027626,0.6519337016574586,0.027624309392265192,181
4016,0.2007125890736342,0.6848772763262074,0.11441013460015835,2526
4017,0.2808988764044944,0.651685393258427,0.06741573033707865,89
4018,0.22868217054263565,0.6705426356589147,0.10077519379844961,258
4019,0.22388618494945714,0.6802695619618121,0.09584425308873082,2671
4020,0.2561307901907357,0.6348773841961853,0.10899182561307902,367
4021,0.16,0.72,0.12,50
4022,0.1880794701986755,0.6821192052980133,0.12980132450331125,3020
4023,0.37662337662337664,0.4805194805194805,0.14285714285714285,77
4024,0.16608996539792387,0.7335640138408305,0.10034602076124567,289
4025,0.17415068052727467,0.6891008466402315,0.13674847283249383,9331
4026,0.21323529411764705,0.7132352941176471,0.07352941176470588,136
4027,0.2263779527559055,0.6751968503937008,0.0984251968503937,508
4028,0.18744917321767415,0.6968013011656276,0.1157495256166983,7378
4029,0.19725752813083686,0.6768712131565761,0.12587125871258711,21951
4030,0.14644351464435146,0.7364016736401674,0.11715481171548117,239
4031,0.15151515151515152,0.7272727272727273,0.12121212121212122,33
4032,0.1674641148325359,0.7703349282296651,0.06220095693779904,209
4033,0.2671660424469413,0.6716604244694132,0.06117353308364544,801
4034,0.20307612095933264,0.6883472367049009,0.10857664233576643,7672
4035,0.22857142857142856,0.6923076923076923,0.07912087912087912,455
4037,0.2168762088974855,0.6951160541586073,0.08800773694390715,4136
4038,0.2413793103448276,0.6551724137931034,0.10344827586206896,58
4039,0.18181818181818182,0.7142857142857143,0.1038961038961039,77
4040,0.19432017117292355,0.6903326201128185,0.11534720871425792,5141
4041,0.22013422818791947,0.7006711409395974,0.07919463087248323,2235
4042,0.28758949880668255,0.6431980906921241,0.06921241050119331,838
4043,0.19911242603550297,0.7020710059171598,0.09881656804733728,3380
4044,0.28346456692913385,0.6062992125984252,0.11023622047244094,127
4045,0.22022684310018903,0.7032136105860114,0.07655954631379962,1058
4046,0.1925614877024595,0.7126574685062987,0.09478104379124175,1667
4047,0.2540983606557377,0.6885245901639344,0.05737704918032787,122
4049,0.2,0.7038095238095238,0.09619047619047619,1050
4050,0.27755102040816326,0.6448979591836734,0.07755102040816327,245
4051,0.2159090909090909,0.6988636363636364,0.08522727272727272,704
4052,0.22009569377990432,0.7368421052631579,0.0430622009569378,209
4053,0.15555555555555556,0.8444444444444444,0.0,45
4054,0.33766233766233766,0.6233766233766234,0.03896103896103896,77
4055,0.1724770642201835,0.6678899082568808,0.1596330275229358,545
4056,0.26008344923504867,0.6342141863699583,0.10570236439499305,719
4057,0.24054054054054055,0.6864864864864865,0.07297297297297298,370
4058,0.2546583850931677,0.6583850931677019,0.08695652173913043,483
4059,0.19885229540918165,0.6928642714570858,0.10828343313373254,4008
4060,0.18461538461538463,0.7384615384615385,0.07692307692307693,65
4061,0.2205188679245283,0.6931996855345912,0.0862814465408805,5088
4062,0.202720207253886,0.7066062176165803,0.09067357512953368,1544
4063,0.22485207100591717,0.6834319526627219,0.09171597633136094,338
4064,0.18730729701952722,0.6816546762589928,0.13103802672147996,3892
4065,0.21921921921921922,0.7033033033033033,0.07747747747747748,1665
4066,0.1923926380368098,0.6949693251533743,0.11263803680981595,4075
4067,0.19624306247331721,0.6927565106019639,0.11100042692471894,7027
4068,0.20657276995305165,0.7031419284940412,0.09028530155290719,2769
4069,0.2536231884057971,0.7101449275362319,0.036231884057971016,138
4070,0.3220338983050847,0.6271186440677966,0.05084745762711865,59
4071,0.24543946932006633,0.6898839137645107,0.06467661691542288,603
4072,0.20980274955170353,0.6873879258816498,0.10280932456664674,1673
4073,0.2185163887291547,0.6630247268545141,0.11845888441633122,1739
4074,0.2587601078167116,0.6388140161725068,0.10242587601078167,742
4075,0.2213861386138614,0.7029702970297029,0.07564356435643564,2525
4076,0.18275862068965518,0.7517241379310344,0.06551724137931035,290
4077,0.25,0.6048387096774194,0.14516129032258066,124
4078,0.16905611114996386,0.6547077884234329,0.17623610042660326,42897
4079,0.2290836653386454,0.6892430278884463,0.08167330677290836,1506
4080,0.17531305903398928,0.7069767441860465,0.11771019677996422,2795
4081,0.20056657223796034,0.6827195467422096,0.11671388101983003,3530
4082,0.21385542168674698,0.6790286144578314,0.10711596385542169,5312
4083,0.19402985074626866,0.7014925373134329,0.1044776119402985,67
4084,0.19249592169657423,0.7030995106035889,0.10440456769983687,613
4085,0.2390728476821192,0.6880794701986755,0.0728476821192053,1510
4086,0.21582181259600614,0.6973886328725039,0.08678955453149001,1302
4087,0.2708333333333333,0.6398809523809523,0.08928571428571429,336
4088,0.228,0.704,0.068,250
4089,0.19793422125577603,0.6715955422669203,0.1304702364773036,18395
4090,0.20588235294117646,0.6453287197231834,0.14878892733564014,578
4091,0.17555373256767842,0.716160787530763,0.10828547990155865,1219
4092,0.2545454545454545,0.6863636363636364,0.05909090909090909,220
4093,0.195852534562212,0.6912442396313364,0.11290322580645161,434
4094,0.22440944881889763,0.7007874015748031,0.07480314960629922,254
4095,0.19264448336252188,0.7241681260945709,0.08318739054290718,2284
4096,0.2215018908698001,0.6958400864397623,0.08265802269043761,1851
4097,0.24509803921568626,0.6813725490196079,0.07352941176470588,204
4098,0.17142857142857143,0.6857142857142857,0.14285714285714285,105
4099,0.17822349570200574,0.6962750716332379,0.12550143266475644,1745
4100,0.1954177897574124,0.7223719676549866,0.08221024258760108,1484
4101,0.19363103953147878,0.6738653001464129,0.13250366032210834,2732
4102,0.29411764705882354,0.6078431372549019,0.09803921568627451,51
4103,0.49122807017543857,0.5087719298245614,0.0,57
4104,0.22762148337595908,0.6990622335890878,0.0733162830349531,1173
4105,0.17663817663817663,0.6799620132953467,0.14339981006647673,2106
4106,0.22636103151862463,0.6848137535816619,0.08882521489971347,349
4107,0.150093808630394,0.7467166979362101,0.10318949343339587,533
4108,0.25161290322580643,0.6887096774193548,0.05967741935483871,620
4109,0.21893491124260356,0.6982248520710059,0.08284023668639054,169
4110,0.16387665198237886,0.6784140969162996,0.15770925110132158,1135
4111,0.19727891156462585,0.7755102040816326,0.027210884353741496,147
4112,0.21212121212121213,0.6666666666666666,0.12121212121212122,33
4113,0.20687538367096378,0.6930632289748312,0.10006138735420503,1629
4114,0.22264631043256997,0.7016539440203562,0.07569974554707379,1572
4115,0.30522456461961506,0.6260311640696609,0.06874427131072411,1091
4116,0.20145379023883697,0.6618206992038768,0.13672551055728627,2889
4117,0.2079664570230608,0.6964360587002096,0.09559748427672957,2385
4118,0.22846781504986402,0.6699909338168631,0.10154125113327289,1103
4119,0.13333333333333333,0.8444444444444444,0.022222222222222223,45
4120,0.31547619047619047,0.6130952380952381,0.07142857142857142,168
4121,0.26973684210526316,0.6694078947368421,0.06085526315789474,608
4122,0.20987654320987653,0.6995884773662552,0.09053497942386832,243
4123,0.22702702702702704,0.6972972972972973,0.07567567567567568,185
4124,0.23232323232323232,0.6919191919191919,0.07575757575757576,198
4125,0.24643584521384929,0.6782077393075356,0.07535641547861507,491
4126,0.17078189300411523,0.7057613168724279,0.12345679012345678,972
4127,0.3,0.7,0.0,70
4128,0.22577422577422576,0.6683316683316683,0.10589410589410589,1001
4129,0.20803782505910165,0.6997635933806147,0.09219858156028368,423
4130,0.18292682926829268,0.6625409537677467,0.1545322169639607,16482
4131,0.24528301886792453,0.6624737945492662,0.09224318658280922,477
4132,0.19951040391676866,0.6854345165238678,0.11505507955936352,1634
4133,0.2023021582733813,0.7058992805755395,0.09179856115107914,3475
4134,0.24647887323943662,0.676056338028169,0.07746478873239436,426
4135,0.2413793103448276,0.6446776611694153,0.11394302848575712,667
4136,0.1811175337186898,0.7129094412331407,0.10597302504816955,519
4137,0.2050561797752809,0.7134831460674157,0.08146067415730338,356
4138,0.2159090909090909,0.7386363636363636,0.045454545454545456,176
4139,0.23513513513513515,0.6783783783783783,0.08648648648648649,370
4140,0.22903225806451613,0.6782258064516129,0.09274193548387097,1240
4141,0.1907514450867052,0.6820809248554913,0.12716763005780346,173
4142,0.19651162790697674,0.7122093023255814,0.09127906976744186,1720
4143,0.23567289117836446,0.683193818415969,0.08113329040566646,3106
4144,0.20117955439056356,0.7096985583224116,0.0891218872870249,1526
4145,0.21,0.71,0.08,600
4146,0.2661764705882353,0.6867647058823529,0.047058823529411764,680
4147,0.20921155347384857,0.7162373145979704,0.07455113192818111,2562
4148,0.2172,0.6744,0.1084,2500
4149,0.2553191489361702,0.6443768996960486,0.10030395136778116,329
4150,0.20948616600790515,0.6877470355731226,0.10276679841897234,253
4151,0.25,0.6483957219251337,0.10160427807486631,748
4152,0.21003963011889035,0.6710700132100397,0.11889035667107001,757
4153,0.17532467532467533,0.7532467532467533,0.07142857142857142,308
4154,0.2602739726027397,0.6986301369863014,0.0410958904109589,73
4155,0.1891891891891892,0.724960254372019,0.08585055643879173,1258
4156,0.2835820895522388,0.5074626865671642,0.208955223880597,67
4157,0.2430522845030617,0.6966556759302873,0.06029203956665097,2123
4158,0.2205240174672489,0.6746724890829694,0.10480349344978165,458
4159,0.32270916334661354,0.6055776892430279,0.07171314741035857,251
4160,0.21301775147928995,0.6568047337278107,0.1301775147928994,169
4161,0.225,0.74,0.035,200
4162,0.18292682926829268,0.7560975609756098,0.06097560975609756,82
4163,0.1963059436419607,0.6796116504854369,0.12408240587260241,4223
4164,0.25327510917030566,0.6768558951965066,0.06986899563318777,229
4165,0.2120451693851945,0.6888331242158093,0.09912170639899624,1594
4166,0.24218385440970602,0.6560895940270649,0.10172655156322911,2143
4167,0.17142857142857143,0.6142857142857143,0.21428571428571427,70
4168,0.16666666666666666,0.7042124542124543,0.12912087912087913,1092
4169,0.2182061579651941,0.6947791164658634,0.08701472556894244,747
4170,0.1894949494949495,0.711919191919192,0.09858585858585858,2475
4171,0.24346793349168647,0.6817102137767221,0.07482185273159145,842
4172,0.29411764705882354,0.6,0.10588235294117647,170
4173,0.22613065326633167,0.7135678391959799,0.06030150753768844,199
4174,0.1917808219178082,0.7534246575342466,0.0547945205479452,146
4175,0.2127659574468085,0.6899696048632219,0.0972644376899696,329
4176,0.2073846153846154,0.699076923076923,0.09353846153846154,1625
4177,0.22828282828282828,0.7131313131313132,0.05858585858585859,495
4178,0.2052980132450331,0.7185430463576159,0.076158940397351,302
4179,0.19414225941422594,0.697629009762901,0.10822873082287308,7170
4180,0.23338582677165354,0.6689763779527559,0.09763779527559055,3175
4181,0.22807017543859648,0.7005012531328321,0.07142857142857142,798
4182,0.20224719101123595,0.7528089887640449,0.0449438202247191,89
4183,0.3473684210526316,0.631578947368421,0.021052631578947368,95
4184,0.2542372881355932,0.5423728813559322,0.2033898305084746,59
4185,0.22378048780487805,0.6957317073170731,0.08048780487804878,1640
4186,0.2607594936708861,0.6253164556962025,0.11392405063291139,395
4187,0.16806020066889632,0.7190635451505016,0.112876254180602,1196
4188,0.34545454545454546,0.5909090909090909,0.06363636363636363,110
4189,0.22660098522167488,0.6781609195402298,0.09523809523809523,1218
4190,0.22967101179391683,0.6815642458100558,0.08876474239602732,1611
4191,0.21981981981981982,0.6288288288288288,0.15135135135135136,555
4192,0.2029058116232465,0.7264529058116233,0.07064128256513026,1996
4193,0.2578125,0.640625,0.1015625,128
4194,0.1772046589018303,0.6772046589018302,0.14559068219633944,1202
4195,0.20396600566572237,0.7138810198300283,0.0821529745042493,353
4196,0.20156046814044212,0.659297789336801,0.13914174252275682,769
4197,0.23609022556390977,0.6842105263157895,0.07969924812030076,665
4198,0.2777777777777778,0.6706349206349206,0.051587301587301584,252
4199,0.1693548387096774,0.7580645161290323,0.07258064516129033,372
4200,0.2222222222222222,0.7264957264957265,0.05128205128205128,117
4201,0.18607068607068608,0.6767151767151767,0.13721413721413722,962
4202,0.22003577817531306,0.6958855098389982,0.08407871198568873,559
4203,0.18144283462202537,0.6667667592523084,0.15179040612566624,13321
4204,0.36,0.5866666666666667,0.05333333333333334,75
4205,0.19396051103368175,0.7317073170731707,0.0743321718931475,861
4206,0.225,0.7166666666666667,0.058333333333333334,120
4207,0.22981366459627328,0.6645962732919255,0.10559006211180125,322
4208,0.2216726618705036,0.6919964028776978,0.08633093525179857,2224
4209,0.26207270754205103,0.6825827455236029,0.05534454693434617,1843
4210,0.2463768115942029,0.6758199847444699,0.07780320366132723,1311
4211,0.20788121073672186,0.7001713306681896,0.09194745859508852,1751
4212,0.2022211938917168,0.7242017584451643,0.07357704766311893,2161
4213,0.23261858349577647,0.6760883690708253,0.0912930474333983,3078
4214,0.2562862669245648,0.6421663442940039,0.10154738878143134,1034
4215,0.18861078654449295,0.6522969067093045,0.15909230674620256,16261
4216,0.2773722627737226,0.635036496350365,0.08759124087591241,137
4217,0.2364741641337386,0.6778115501519757,0.08571428571428572,1645
4218,0.19143576826196473,0.7153652392947103,0.09319899244332494,397
4219,0.20306513409961685,0.7394636015325671,0.05747126436781609,261
4220,0.2066115702479339,0.6942148760330579,0.09917355371900827,363
4221,0.26200873362445415,0.6855895196506551,0.05240174672489083,229
4222,0.2223202470224967,0.6848257609175121,0.09285399205999118,4534
4223,0.20841121495327103,0.6878504672897197,0.10373831775700934,2140
4224,0.1125,0.675,0.2125,80
4225,0.20024721878862795,0.6977750309023486,0.10197775030902348,1618
4226,0.2230769230769231,0.7,0.07692307692307693,130
4227,0.24064171122994651,0.6871657754010695,0.07219251336898395,374
4228,0.24545454545454545,0.6618181818181819,0.09272727272727273,550
4229,0.3,0.55,0.15,40
4230,0.1825657894736842,0.662828947368421,0.15460526315789475,608
4231,0.28225806451612906,0.6169354838709677,0.10080645161290322,248
4232,0.23606762680025048,0.6737633061991234,0.09016906700062617,1597
4233,0.23129251700680273,0.6693877551020408,0.09931972789115646,735
4234,0.24880382775119617,0.6363636363636364,0.11483253588516747,627
4235,0.36046511627906974,0.5930232558139535,0.046511627906976744,86
4237,0.2330188679245283,0.6726415094339623,0.09433962264150944,1060
4238,0.20649651972157773,0.6496519721577726,0.14385150812064965,431
4239,0.23529411764705882,0.6742081447963801,0.09049773755656108,884
4240,0.22092547092547093,0.6732186732186732,0.10585585585585586,4884
4241,0.20141921397379914,0.7046943231441049,0.09388646288209607,1832
4242,0.17732793522267207,0.668825910931174,0.15384615384615385,2470
4243,0.16173469387755102,0.675,0.16326530612244897,1960
4244,0.24,0.6795348837209302,0.08046511627906977,2150
4245,0.20723453908984832,0.6840140023337223,0.1087514585764294,4285
4246,0.26430976430976433,0.6885521885521886,0.04713804713804714,594
4247,0.18456375838926176,0.7223154362416108,0.09312080536912752,1192
4248,0.23968565815324164,0.6817288801571709,0.07858546168958742,509
4249,0.27177700348432055,0.627177700348432,0.10104529616724739,287
4250,0.21842105263157896,0.7105263157894737,0.07105263157894737,380
5001,0.214171974522293,0.6902866242038217,0.09554140127388536,1256
5002,0.18341708542713567,0.6407035175879398,0.17587939698492464,398
5003,0.2162883845126836,0.6702269692923899,0.11348464619492657,749
5004,0.18705035971223022,0.7194244604316546,0.09352517985611511,417
5005,0.18475815000092982,0.6662079482268053,0.1490339017722649,53773
5006,0.18456375838926176,0.7013422818791947,0.11409395973154363,298
5007,0.2058432934926959,0.7065073041168659,0.08764940239043825,753
5008,0.2222222222222222,0.654320987654321,0.12345679012345678,243
5009,0.18835616438356165,0.6404109589041096,0.17123287671232876,292
5010,0.16033755274261605,0.6919831223628692,0.14767932489451477,237
5011,0.2390625,0.6703125,0.090625,640
5012,0.19353128313891835,0.700424178154825,0.10604453870625663,1886
5013,0.16390858944050432,0.7399527186761229,0.09613869188337273,1269
5014,0.2322654462242563,0.6750572082379863,0.09267734553775744,874
5015,0.24298056155507558,0.6641468682505399,0.09287257019438445,926
5016,0.18032786885245902,0.6950819672131148,0.12459016393442623,305
5017,0.2306106673537748,0.6850038649832517,0.08438546766297346,7762
5018,0.17246376811594202,0.7289855072463768,0.09855072463768116,690
5019,0.17180616740088106,0.7268722466960352,0.1013215859030837,227
5020,0.2646420824295011,0.6529284164859002,0.0824295010845987,461
5021,0.22857142857142856,0.7261904761904762,0.04523809523809524,420
5022,0.20635474860335196,0.6997206703910615,0.0939245810055866,2864
5023,0.22473246135552913,0.6694411414982164,0.10582639714625446,841
5024,0.24652087475149106,0.6719681908548708,0.08151093439363817,503
5025,0.1717272274763564,0.7192633150821304,0.10900945744151319,2009
5026,0.15418502202643172,0.73568281938326,0.11013215859030837,227
5027,0.1553398058252427,0.7961165048543689,0.04854368932038835,103
5028,0.17312072892938496,0.738800303720577,0.08807896735003796,1317
5029,0.19967532467532467,0.7175324675324676,0.08279220779220779,616
5030,0.2736318407960199,0.6517412935323383,0.07462686567164178,603
5031,0.19871244635193133,0.6978540772532189,0.10343347639484979,2330
5032,0.25435540069686413,0.6376306620209059,0.10801393728222997,287
5033,0.19760479041916168,0.720558882235529,0.08183632734530938,501
5034,0.27988338192419826,0.6326530612244898,0.08746355685131195,343
5035,0.19078947368421054,0.6907894736842105,0.11842105263157894,152
5036,0.1958997722095672,0.7357630979498861,0.0683371298405467,439
5037,0.3016949152542373,0.6237288135593221,0.07457627118644068,295
5038,0.19101123595505617,0.6292134831460674,0.1797752808988764,178
5039,0.26582278481012656,0.6107594936708861,0.12341772151898735,316
5040,0.21147715196599362,0.7035069075451648,0.08501594048884166,941
5041,0.2,0.6869565217391305,0.11304347826086956,230
5042,0.18408880666049954,0.7132284921369103,0.1026827012025902,1081
5044,0.2054794520547945,0.6301369863013698,0.1643835616438356,146
5045,0.2096069868995633,0.6419213973799127,0.14847161572052403,229
5046,0.19230769230769232,0.7527472527472527,0.054945054945054944,182
5047,0.19230769230769232,0.71875,0.0889423076923077,416
5048,0.18469656992084432,0.7018469656992085,0.11345646437994723,379
5049,0.1806282722513089,0.6780104712041884,0.14136125654450263,382
5050,0.21934758155230596,0.6924634420697413,0.08818897637795275,4445
5051,0.22522522522522523,0.6696696696696697,0.10510510510510511,333
5052,0.15269086357947434,0.7421777221526908,0.10513141426783479,799
5053,0.2221246707638279,0.707638279192274,0.07023705004389816,1139
5054,0.24519230769230768,0.6778846153846154,0.07692307692307693,416
5055,0.22393822393822393,0.6872586872586872,0.0888030888030888,518
5056,0.2465437788018433,0.6359447004608295,0.1175115207373272,434
5057,0.15695067264573992,0.6838565022421524,0.1591928251121076,446
5058,0.21778084079944865,0.6940041350792557,0.08821502412129566,1451
5059,0.2309223623092236,0.6735235567352356,0.09555408095554081,1507
5060,0.2857142857142857,0.6,0.11428571428571428,245
5061,0.20673076923076922,0.6730769230769231,0.1201923076923077,208
5062,0.16058394160583941,0.7007299270072993,0.1386861313868613,274
5063,0.27889447236180903,0.6407035175879398,0.08040201005025126,398
5064,0.2088607594936709,0.689873417721519,0.10126582278481013,158
5065,0.22959183673469388,0.6709183673469388,0.09948979591836735,784
5066,0.22124450031426776,0.6983029541169076,0.08045254556882464,1591
5067,0.16251830161054173,0.7423133235724744,0.0951683748169839,683
5068,0.2412280701754386,0.618421052631579,0.14035087719298245,684
5069,0.18164344065353197,0.7054300816914945,0.11292647765497357,2081
5070,0.1743119266055046,0.709480122324159,0.1162079510703364,654
5071,0.2233285917496444,0.6443812233285917,0.13229018492176386,703
5072,0.2947761194029851,0.6417910447761194,0.06343283582089553,268
5073,0.20147058823529412,0.7191176470588235,0.07941176470588235,680
5074,0.2174721189591078,0.6914498141263941,0.09107806691449814,538
5075,0.23464912280701755,0.6864035087719298,0.07894736842105263,912
5076,0.20090805902383654,0.6952326901248581,0.10385925085130533,1762
5077,0.19738406658739596,0.6825208085612366,0.12009512485136742,841
5079,0.22794117647058823,0.6911764705882353,0.08088235294117647,136
5080,0.2136357642094158,0.6662270869049189,0.1201371488856653,7583
5081,0.3220338983050847,0.5084745762711864,0.1694915254237288,59
5082,0.17507418397626112,0.6735905044510386,0.1513353115727003,337
5083,0.24012158054711247,0.6443768996960486,0.11550151975683891,329
5084,0.14987080103359174,0.7364341085271318,0.11369509043927649,387
5085,0.15625,0.75625,0.0875,160
5086,0.25526932084309134,0.6627634660421545,0.08196721311475409,427
5087,0.19738651994497936,0.6664374140302614,0.1361760660247593,1454
5088,0.2125984251968504,0.6929133858267716,0.09448818897637795,127
5089,0.17652027027027026,0.7052364864864865,0.11824324324324324,1184
5090,0.20098846787479407,0.6490939044481054,0.14991762767710048,607
5091,0.18050541516245489,0.7148014440433214,0.10469314079422383,277
5092,0.1925287356321839,0.7011494252873564,0.10632183908045977,348
5093,0.203601108033241,0.6869806094182825,0.10941828254847645,722
5094,0.31316725978647686,0.5836298932384342,0.10320284697508897,281
5095,0.304029304029304,0.6153846153846154,0.08058608058608059,273
5096,0.21663442940038685,0.7001934235976789,0.08317214700193423,1034
5097,0.2031967352491073,0.7019214419316443,0.09488182281924842,5881
5098,0.22535211267605634,0.7183098591549296,0.056338028169014086,71
5099,0.19305019305019305,0.6602316602316602,0.14671814671814673,518
5100,0.21739130434782608,0.7061923583662714,0.0764163372859025,759
5101,0.17995444191343962,0.6981776765375854,0.12186788154897495,878
5103,0.22391857506361323,0.7022900763358778,0.0737913486005089,393
5104,0.25,0.7,0.05,80
5105,0.3055555555555556,0.6555555555555556,0.03888888888888889,180
5106,0.2175,0.6875,0.095,400
5107,0.15254237288135594,0.7203389830508474,0.1271186440677966,118
5108,0.21052631578947367,0.6722488038277512,0.11722488038277512,1254
5109,0.18604651162790697,0.686046511627907,0.12790697674418605,602
5110,0.23121387283236994,0.653179190751445,0.11560693641618497,173
5111,0.2,0.6512820512820513,0.14871794871794872,195
5112,0.19358533791523483,0.699885452462772,0.10652920962199312,1746
5113,0.24078091106290672,0.6616052060737527,0.09761388286334056,461
5114,0.16470588235294117,0.7764705882352941,0.058823529411764705,170
5115,0.2276176024279211,0.6828528072837633,0.08952959028831563,659
5116,0.2260596546310832,0.6813186813186813,0.09262166405023547,637
5117,0.23664825046040516,0.6726519337016574,0.09069981583793739,2172
5118,0.1859702245773404,0.7249558415341912,0.08907393388846833,3963
5119,0.2866666666666667,0.6,0.11333333333333333,300
5120,0.22954545454545455,0.7227272727272728,0.04772727272727273,440
5121,0.2071611253196931,0.7092924126172208,0.08354646206308611,1173
6001,0.19420089748015187,0.6704867103900587,0.13531239212978943,14485
6002,0.16942148760330578,0.71900826446281,0.1115702479338843,242
6003,0.17807096117934626,0.6777293637177949,0.1441996751028588,65867
6004,0.21468926553672316,0.672316384180791,0.11299435028248588,531
6005,0.26545454545454544,0.64,0.09454545454545454,550
6007,0.23648648648648649,0.6655405405405406,0.09797297297297297,296
6008,0.19615384615384615,0.7461538461538462,0.057692307692307696,260
6009,0.18932655654383734,0.6687844133841593,0.14188903007200337,4722
6010,0.18840579710144928,0.714975845410628,0.0966183574879227,207
6011,0.22718253968253968,0.7043650793650794,0.06845238095238096,1008
6012,0.173421926910299,0.7109634551495017,0.11561461794019934,1505
6013,0.20634920634920634,0.695906432748538,0.09774436090225563,1197
6014,0.21774193548387097,0.6666666666666666,0.11559139784946236,372
6015,0.22344322344322345,0.6684981684981685,0.10805860805860806,546
6016,0.1724137931034483,0.7068965517241379,0.1206896551724138,116
6017,0.22342064714946072,0.6795069337442219,0.0970724191063174,1298
6018,0.15753887762001353,0.7045300878972278,0.13793103448275862,1479
6019,0.15594059405940594,0.7128712871287128,0.1311881188118812,404
6020,0.2199383350462487,0.71120246659815,0.06885919835560124,973
6021,0.17876424715056988,0.7156568686262748,0.10557888422315537,1667
6022,0.23122765196662692,0.6603098927294399,0.10846245530393325,839
6023,0.2564102564102564,0.6623931623931624,0.0811965811965812,234
6024,0.21865889212827988,0.6880466472303207,0.09329446064139942,343
6025,0.20572916666666666,0.6692708333333334,0.125,384
6026,0.1967654986522911,0.6981132075471698,0.10512129380053908,371
6027,0.229020979020979,0.6293706293706294,0.14160839160839161,572
6028,0.21763085399449036,0.699724517906336,0.08264462809917356,363
6029,0.17906137184115523,0.7104693140794224,0.11046931407942238,1385
6030,0.17826617826617827,0.6800976800976801,0.14163614163614163,819
6031,0.1724137931034483,0.6939655172413793,0.1336206896551724,232
6032,0.195906432748538,0.6491228070175439,0.15497076023391812,342
6033,0.13261163734776726,0.7374830852503383,0.12990527740189445,739
6034,0.2972972972972973,0.5945945945945946,0.10810810810810811,74
6035,0.1903409090909091,0.7073863636363636,0.10227272727272728,352
6036,0.2092130518234165,0.6871401151631478,0.1036468330134357,521
6037,0.17513513513513512,0.7091891891891892,0.11567567567567567,925
6038,0.16319444444444445,0.6875,0.14930555555555555,288
6039,0.17981952420016406,0.6807219031993437,0.13945857260049221,24380
6040,0.15289256198347106,0.7066115702479339,0.14049586776859505,726
6041,0.12222222222222222,0.7666666666666667,0.1111111111111111,90
6043,0.2019972764412165,0.6963231956423059,0.10167952791647752,2203
6044,0.19969278033794163,0.6866359447004609,0.11367127496159754,651
6045,0.22388059701492538,0.6268656716417911,0.14925373134328357,67
6046,0.17647058823529413,0.6895424836601307,0.13398692810457516,306
6047,0.19496487119437939,0.7002341920374707,0.10480093676814989,3416
6048,0.18095238095238095,0.6666666666666666,0.1523809523809524,105
6049,0.19030898876404495,0.711376404494382,0.09831460674157304,1424
6050,0.17971014492753623,0.7188405797101449,0.10144927536231885,345
6051,0.14653641207815277,0.6998223801065719,0.15364120781527532,1126
6052,0.18571428571428572,0.753061224489796,0.061224489795918366,490
6053,0.22088995470290435,0.6815880628830269,0.09752198241406874,3753
6054,0.18027210884353742,0.7142857142857143,0.1054421768707483,294
6055,0.3054187192118227,0.5812807881773399,0.11330049261083744,203
6056,0.15616438356164383,0.6246575342465753,0.2191780821917808,365
6057,0.2255892255892256,0.6498316498316499,0.12457912457912458,297
6058,0.1087866108786611,0.7364016736401674,0.15481171548117154,239
6059,0.22321428571428573,0.6825396825396826,0.09424603174603174,1008
6060,0.208955223880597,0.6656716417910448,0.1253731343283582,335
6061,0.162534435261708,0.6859504132231405,0.15151515151515152,726
6062,0.24786324786324787,0.6239316239316239,0.1282051282051282,234
6063,0.17402597402597403,0.6818181818181818,0.14415584415584415,770
6065,0.2706766917293233,0.6090225563909775,0.12030075187969924,133
6066,0.16883116883116883,0.7012987012987013,0.12987012987012986,154
6067,0.23044397463002114,0.7019027484143763,0.06765327695560254,473
6068,0.20872865275142316,0.6736242884250474,0.11764705882352941,1581
6069,0.19047619047619047,0.696969696969697,0.11255411255411256,231
6070,0.2190721649484536,0.6907216494845361,0.09020618556701031,388
6071,0.19195046439628483,0.6904024767801857,0.11764705882352941,323
6072,0.18733509234828497,0.6992084432717678,0.11345646437994723,379
6073,0.24127906976744187,0.685077519379845,0.07364341085271318,1032
6074,0.19917864476386038,0.6878850102669405,0.11293634496919917,487
6075,0.20337790288529206,0.712878254750176,0.08374384236453201,1421
6076,0.17435897435897435,0.6581196581196581,0.1675213675213675,1170
6077,0.20823244552058112,0.7106537530266344,0.0811138014527845,826
6078,0.15789473684210525,0.725328947368421,0.11677631578947369,608
6079,0.1961206896551724,0.6918103448275862,0.11206896551724138,464
6081,0.18551904623437046,0.6804303576621111,0.13405059610351847,3439
6082,0.2387218045112782,0.6785714285714286,0.08270676691729323,532
6083,0.2062780269058296,0.600896860986547,0.19282511210762332,223
6084,0.2,0.6529411764705882,0.14705882352941177,170
6085,0.19896640826873385,0.6589147286821705,0.1421188630490956,387
6086,0.1689497716894977,0.726027397260274,0.1050228310502283,219
6087,0.18979591836734694,0.7224489795918367,0.08775510204081632,490
6088,0.19745222929936307,0.7038216560509554,0.09872611464968153,628
6090,0.16666666666666666,0.7121212121212122,0.12121212121212122,66
6091,0.24820512820512822,0.6553846153846153,0.09641025641025641,975
6092,0.18743343982960597,0.7039403620873269,0.10862619808306709,939
6093,0.2153846153846154,0.7153846153846154,0.06923076923076923,130
6094,0.24810400866738894,0.6793066088840737,0.07258938244853738,923
6095,0.1613965744400527,0.6996047430830039,0.13899868247694336,1518
6096,0.25,0.6659090909090909,0.08409090909090909,440
6097,0.21251819505094613,0.7001455604075691,0.08733624454148471,687
6098,0.15,0.68125,0.16875,160
6099,0.15753424657534246,0.7671232876712328,0.07534246575342465,146
6100,0.23387096774193547,0.7016129032258065,0.06451612903225806,124
6101,0.13752913752913754,0.7296037296037297,0.13286713286713286,429
6102,0.16587677725118483,0.7251184834123223,0.10900473933649289,211
6103,0.2393617021276596,0.6063829787234043,0.15425531914893617,188
6104,0.2045929018789144,0.6764091858037579,0.11899791231732777,479
6105,0.18571428571428572,0.719047619047619,0.09523809523809523,210
6106,0.23577235772357724,0.6937669376693767,0.07046070460704607,369
6107,0.22274881516587677,0.6777251184834123,0.0995260663507109,211
6108,0.16736401673640167,0.6652719665271967,0.16736401673640167,239
6109,0.26398429833169773,0.6732090284592738,0.06280667320902845,1019
6110,0.17405063291139242,0.7246835443037974,0.10126582278481013,316
6111,0.18853974121996303,0.6487985212569316,0.16266173752310537,541
6112,0.18454935622317598,0.6888412017167382,0.12660944206008584,466
6113,0.19242273180458624,0.6999002991026919,0.10767696909272183,1003
6114,0.1853625170998632,0.6751025991792066,0.13953488372093023,20468
6115,0.236784140969163,0.6607929515418502,0.10242290748898679,908
6116,0.2948328267477204,0.6382978723404256,0.0668693009118541,329
6117,0.19760479041916168,0.7664670658682635,0.03592814371257485,167
6118,0.32608695652173914,0.5108695652173914,0.16304347826086957,92
6119,0.2553191489361702,0.6560283687943262,0.08865248226950355,282
6120,0.1963882618510158,0.6523702031602708,0.15124153498871332,443
6121,0.18243243243243243,0.683277027027027,0.13429054054054054,8288
6122,0.2176278563656148,0.6572361262241567,0.1251360174102285,919
6123,0.18455743879472694,0.6732580037664784,0.14218455743879474,1062
6124,0.20625,0.6625,0.13125,160
6125,0.28398058252427183,0.6480582524271845,0.06796116504854369,412
6126,0.25691699604743085,0.6561264822134387,0.08695652173913043,506
6127,0.1540785498489426,0.6626384692849949,0.18328298086606243,993
6128,0.21153846153846154,0.6787330316742082,0.10972850678733032,884
6129,0.13973799126637554,0.6855895196506551,0.17467248908296942,687
6131,0.13924050632911392,0.8143459915611815,0.046413502109704644,237
6132,0.19223520542781755,0.6973237843950245,0.11044101017715793,2653
6133,0.18008048289738432,0.721327967806841,0.09859154929577464,994
6134,0.2073490813648294,0.6745406824146981,0.11811023622047244,381
6135,0.13765182186234817,0.7651821862348178,0.09716599190283401,247
6136,0.20984455958549222,0.6865284974093264,0.10362694300518134,772
6137,0.1541501976284585,0.7312252964426877,0.11462450592885376,253
6138,0.1752425757130256,0.7159658923845927,0.10879153190238165,3401
6139,0.2566137566137566,0.6798941798941799,0.06349206349206349,378
6140,0.19851451721809588,0.7157326130992573,0.08575286968264687,1481
6141,0.211519364448858,0.6573982125124131,0.13108242303872888,1007
6142,0.23767605633802816,0.6663732394366197,0.09595070422535211,1136
6143,0.21021611001964635,0.68762278978389,0.10216110019646366,509
6144,0.2073170731707317,0.6960600375234521,0.09662288930581614,1066
6145,0.16728624535315986,0.6691449814126395,0.16356877323420074,269
6146,0.14423076923076922,0.75,0.10576923076923077,104
6147,0.17567567567567569,0.6828828828828829,0.14144144144144144,1110
6148,0.23976608187134502,0.631578947368421,0.1286549707602339,171
6149,0.13527851458885942,0.7029177718832891,0.16180371352785147,1131
6150,0.2536764705882353,0.6066176470588235,0.13970588235294118,272
6151,0.19776876267748478,0.7055442866801893,0.0966869506423259,2958
6152,0.21445221445221446,0.6666666666666666,0.11888111888111888,429
6153,0.16073354908306364,0.674217907227616,0.1650485436893204,927
6154,0.18432272876352904,0.6962938668415874,0.11938340439488357,3049
6155,0.171875,0.640625,0.1875,384
6156,0.20212765957446807,0.6879432624113475,0.1099290780141844,282
6157,0.1919191919191919,0.6666666666666666,0.1414141414141414,297
6158,0.17717003567181927,0.6611177170035671,0.16171224732461356,841
6159,0.1941031941031941,0.687960687960688,0.11793611793611794,407
6160,0.20751555768310195,0.6996170416467209,0.09286740067017712,4178
6161,0.20133481646273638,0.7052280311457174,0.09343715239154617,899
6162,0.17125171939477304,0.7145804676753783,0.11416781292984869,1454
6163,0.20098039215686275,0.7173202614379085,0.08169934640522876,1224
6164,0.21818181818181817,0.6848484848484848,0.09696969696969697,165
6165,0.2114047287899861,0.7190542420027817,0.06954102920723226,719
6166,0.1701388888888889,0.6875,0.1423611111111111,288
6167,0.16345062429057888,0.7383654937570943,0.0981838819523269,1762
6168,0.22292545710267228,0.6933895921237694,0.08368495077355836,1422
6169,0.18871103622577928,0.6647009267059815,0.14658803706823925,1187
6170,0.15418502202643172,0.6916299559471366,0.15418502202643172,454
6171,0.16862170087976538,0.6363636363636364,0.19501466275659823,682
6172,0.16463414634146342,0.7179878048780488,0.1173780487804878,656
6173,0.20355731225296442,0.7104743083003953,0.08596837944664032,1012
6174,0.17505235735812433,0.6748735761352608,0.1500740665066149,19577
6175,0.105,0.695,0.2,200
6176,0.21568627450980393,0.6509803921568628,0.13333333333333333,510
6177,0.19908803412517467,0.6955210708244466,0.10539089505037876,13597
6178,0.24966442953020135,0.6671140939597315,0.08322147651006712,745
6179,0.1591549295774648,0.6915492957746479,0.14929577464788732,710
6180,0.17146513115802944,0.7114523352527191,0.11708253358925144,1563
6181,0.1836644591611479,0.6909492273730684,0.12538631346578366,2265
6182,0.2125340599455041,0.7029972752043597,0.08446866485013624,367
6183,0.18882175226586104,0.6948640483383686,0.1163141993957704,662
6184,0.2,0.7,0.1,220
6185,0.1884498480243161,0.708966565349544,0.10258358662613981,1316
6186,0.17208413001912046,0.6883365200764818,0.13957934990439771,523
6187,0.14941176470588236,0.7517647058823529,0.0988235294117647,850
6188,0.19187358916478556,0.6580135440180587,0.15011286681715574,886
6189,0.05,0.76,0.19,100
6190,0.22727272727272727,0.6306818181818182,0.14204545454545456,528
6191,0.21863799283154123,0.6924731182795699,0.08888888888888889,1395
6192,0.20770519262981574,0.6934673366834171,0.09882747068676717,1194
6193,0.18104265402843603,0.6796208530805687,0.13933649289099526,1055
7001,0.22994652406417113,0.6951871657754011,0.0748663101604278,187
7002,0.21809744779582366,0.6774941995359629,0.10440835266821345,431
7003,0.1777905418341949,0.6496266513497989,0.17258280681600613,26115
7004,0.1947261663286004,0.6926977687626775,0.11257606490872211,986
7005,0.1899696048632219,0.6960486322188449,0.11398176291793313,658
7006,0.1625,0.7125,0.125,240
7007,0.17206290471785385,0.6817761332099908,0.1461609620721554,1081
7008,0.19402985074626866,0.6747512437810945,0.13121890547263682,1608
7009,0.24705882352941178,0.6,0.15294117647058825,85
7010,0.22950819672131148,0.6830601092896175,0.08743169398907104,183
7011,0.1660377358490566,0.7018867924528301,0.1320754716981132,795
7012,0.17621776504297995,0.666189111747851,0.15759312320916904,698
7013,0.1692047377326565,0.7021996615905245,0.12859560067681894,591
7014,0.19230769230769232,0.7171945701357466,0.09049773755656108,442
7015,0.157001414427157,0.7029702970297029,0.14002828854314003,707
7016,0.16666666666666666,0.6333333333333333,0.2,90
7017,0.25259515570934254,0.6833910034602076,0.06401384083044982,578
7018,0.13677811550151975,0.723404255319149,0.1398176291793313,329
7019,0.18304535637149028,0.6706263498920086,0.14632829373650108,1852
7020,0.1957822741521801,0.6899401538899972,0.11427757195782275,3509
7021,0.2084063047285464,0.649737302977233,0.14185639229422067,1142
7022,0.16814988290398125,0.653864168618267,0.17798594847775176,2135
7023,0.20560253699788583,0.6855179704016914,0.10887949260042283,1892
7024,0.20293398533007334,0.6454767726161369,0.15158924205378974,409
7025,0.2222222222222222,0.6842105263157895,0.0935672514619883,171
7026,0.2103825136612022,0.6775956284153005,0.11202185792349727,366
7027,0.18121790168745414,0.7057960381511372,0.11298606016140866,1363
7028,0.24705882352941178,0.6470588235294118,0.10588235294117647,340
7029,0.21082621082621084,0.5982905982905983,0.1908831908831909,351
7030,0.1533788914198937,0.6810933940774487,0.16552771450265755,1317
7031,0.16584440227703984,0.6986717267552183,0.13548387096774195,2635
7032,0.11570247933884298,0.6652892561983471,0.2190082644628099,242
7033,0.14150943396226415,0.6871069182389937,0.17138364779874213,636
7034,0.18842105263157893,0.7136842105263158,0.09789473684210526,950
7035,0.19,0.656,0.154,500
7036,0.18243243243243243,0.6790540540540541,0.13851351351351351,296
7037,0.23728813559322035,0.6986817325800376,0.064030131826742,1062
7038,0.1669626998223801,0.7371225577264654,0.09591474245115453,563
7039,0.10843373493975904,0.6746987951807228,0.21686746987951808,83
7040,0.1879746835443038,0.7113924050632912,0.10063291139240506,1580
7041,0.19465081723625557,0.6389301634472511,0.1664190193164933,673
7042,0.16516516516516516,0.7477477477477478,0.08708708708708708,333
7043,0.19654427645788336,0.7055435565154787,0.09791216702663787,1389
7044,0.20291616038882138,0.6816524908869988,0.11543134872417983,1646
7045,0.1864257382106655,0.6804759806081975,0.13309828118113706,2269
7046,0.17777777777777778,0.6888888888888889,0.13333333333333333,135
7047,0.17142857142857143,0.7771428571428571,0.05142857142857143,175
7048,0.24649859943977592,0.6666666666666666,0.08683473389355742,357
7049,0.1760204081632653,0.7151360544217688,0.10884353741496598,1176
7050,0.3006993006993007,0.6083916083916084,0.09090909090909091,143
7051,0.1650326797385621,0.7173202614379085,0.11764705882352941,612
7052,0.19934521644234268,0.6849763550381958,0.11567842851946163,2749
7053,0.16005121638924455,0.6927016645326505,0.147247119078105,781
7054,0.16802507836990596,0.6793103448275862,0.15266457680250783,3190
7055,0.2361111111111111,0.6805555555555556,0.08333333333333333,72
7056,0.24489795918367346,0.6394557823129252,0.11564625850340136,147
7057,0.14030612244897958,0.7193877551020408,0.14030612244897958,784
7058,0.1479028697571744,0.6924208977189109,0.15967623252391464,2718
7059,0.22569444444444445,0.65625,0.11805555555555555,288
7060,0.1489795918367347,0.7051020408163265,0.14591836734693878,980
7061,0.18992248062015504,0.6627906976744186,0.14728682170542637,258
7062,0.08783783783783784,0.7297297297297297,0.18243243243243243,148
7063,0.17394789579158318,0.6697394789579159,0.156312625250501,2495
7064,0.14068441064638784,0.7072243346007605,0.1520912547528517,263
7065,0.16050420168067228,0.6873949579831933,0.15210084033613444,3570
7066,0.15503875968992248,0.6851109329056402,0.15985030740443731,3741
7067,0.188470066518847,0.6829268292682927,0.1286031042128603,451
7068,0.20481927710843373,0.6867469879518072,0.10843373493975904,166
7069,0.16244725738396623,0.7130801687763713,0.12447257383966245,474
7070,0.15714285714285714,0.7214285714285714,0.12142857142857143,140
7071,0.15055555555555555,0.7377777777777778,0.11166666666666666,1800
7072,0.23372781065088757,0.6646942800788954,0.10157790927021697,1014
7073,0.17114427860696518,0.708457711442786,0.12039800995024875,2010
7074,0.1678391959798995,0.735678391959799,0.0964824120603015,995
8001,0.16037735849056603,0.7028301886792453,0.13679245283018868,212
8002,0.21485411140583555,0.6923076923076923,0.09283819628647215,377
8003,0.12598425196850394,0.7716535433070866,0.10236220472440945,127
8004,0.23684210526315788,0.631578947368421,0.13157894736842105,76
8005,0.18951612903225806,0.7056451612903226,0.10483870967741936,248
8006,0.20622568093385213,0.6809338521400778,0.11284046692607004,771
8007,0.21074380165289255,0.6859504132231405,0.10330578512396695,242
8008,0.17726675427069646,0.6889618922470434,0.13377135348226019,7610
8009,0.2808641975308642,0.6388888888888888,0.08024691358024691,324
8010,0.22240802675585283,0.6923076923076923,0.08528428093645485,598
8011,0.22978039635779324,0.7016604177825388,0.06855918585966791,3734
8012,0.2756756756756757,0.5891891891891892,0.13513513513513514,185
8014,0.1761006289308176,0.7232704402515723,0.10062893081761007,954
8015,0.31336405529953915,0.6036866359447005,0.08294930875576037,217
8016,0.24156545209176788,0.6491228070175439,0.10931174089068826,741
8017,0.17233294255568582,0.6764361078546307,0.15123094958968347,853
8018,0.2,0.7384615384615385,0.06153846153846154,195
8019,0.23529411764705882,0.6348039215686274,0.12990196078431374,408
8020,0.12753623188405797,0.7797101449275362,0.0927536231884058,345
8021,0.19094922737306844,0.6788079470198676,0.13024282560706402,906
8022,0.1761904761904762,0.7047619047619048,0.11904761904761904,420
8023,0.2571428571428571,0.7071428571428572,0.03571428571428571,140
8024,0.21100917431192662,0.6844036697247706,0.10458715596330276,545
8025,0.20481927710843373,0.7128514056224899,0.0823293172690763,498
8026,0.14686166971358927,0.7336989640463132,0.1194393662400975,1641
8027,0.18409356725146198,0.6919298245614035,0.1239766081871345,4275
8028,0.17493796526054592,0.7022332506203474,0.1228287841191067,806
8029,0.21232417950435364,0.6925653047555258,0.09511051574012057,1493
8030,0.18993839835728954,0.6540041067761807,0.15605749486652978,974
8031,0.15780273848444631,0.6868546272618392,0.15534263425371445,30893
8032,0.1927437641723356,0.7301587301587301,0.07709750566893424,441
8033,0.2094240837696335,0.6701570680628273,0.12041884816753927,191
8034,0.2013888888888889,0.6597222222222222,0.1388888888888889,144
8035,0.20207253886010362,0.6787564766839378,0.11917098445595854,386
8037,0.17,0.7,0.13,100
8038,0.23846153846153847,0.6615384615384615,0.1,130
8039,0.17024863042562158,0.7003792667509482,0.12937210282343026,2373
8040,0.2038664323374341,0.671353251318102,0.12478031634446397,569
8041,0.25559105431309903,0.6517571884984026,0.0926517571884984,313
8042,0.22291021671826625,0.6542827657378741,0.12280701754385964,969
8043,0.22053231939163498,0.6977186311787072,0.0817490494296578,526
8044,0.1734860883797054,0.7119476268412439,0.11456628477905073,611
8045,0.16470588235294117,0.7564705882352941,0.07882352941176471,1700
8046,0.20518867924528303,0.7169811320754716,0.07783018867924528,424
8047,0.2626582278481013,0.6360759493670886,0.10126582278481013,316
8048,0.22695035460992907,0.6903073286052009,0.08274231678486997,423
8049,0.2017167381974249,0.7424892703862661,0.055793991416309016,233
8050,0.22044276966556758,0.6895902025435704,0.08996702779086199,2123
8051,0.13186813186813187,0.7472527472527473,0.12087912087912088,182
8052,0.1919147045757441,0.7099067081297201,0.09817858729453577,2251
8053,0.19910514541387025,0.7281879194630873,0.07270693512304251,894
8054,0.1978021978021978,0.6747252747252748,0.12747252747252746,910
8055,0.177906738930361,0.6885417731874425,0.13355148788219653,39116
8056,0.1641123882503193,0.7292464878671775,0.10664112388250319,1566
8057,0.15228426395939088,0.700507614213198,0.14720812182741116,197
8058,0.21263482280431434,0.7226502311248074,0.06471494607087827,649
8059,0.2083457526080477,0.690213611525087,0.10144063586686537,10065
8060,0.22282608695652173,0.6902173913043478,0.08695652173913043,184
8061,0.21686746987951808,0.7188755020080321,0.0642570281124498,249
8062,0.21645997745208567,0.6640360766629086,0.11950394588500564,887
8063,0.19955609362389023,0.698547215496368,0.10189669087974172,4956
8064,0.24914675767918087,0.5392491467576792,0.21160409556313994,293
8065,0.20531018313161398,0.6962803371142513,0.09840947975413472,15781
8066,0.1881720430107527,0.7688172043010753,0.043010752688172046,186
8067,0.19817073170731708,0.7195121951219512,0.08231707317073171,328
8068,0.24316939890710382,0.6502732240437158,0.10655737704918032,366
9001,0.15827607745159275,0.6783260462211118,0.16339787632729544,8005
9002,0.18752819124943618,0.6886558412268832,0.12381596752368065,17736
9003,0.1433700335088559,0.634992819530876,0.22163714696026807,4178
9004,0.17987765195887023,0.6619809970063777,0.15814135103475205,7683
9005,0.21,0.678,0.112,1500
9006,0.17863490934944898,0.7109847138286527,0.11038037682189833,5626
9007,0.2638888888888889,0.6643518518518519,0.07175925925925926,432
9008,0.20574162679425836,0.6913875598086124,0.10287081339712918,418
9009,0.24061433447098976,0.6535836177474402,0.10580204778156997,586
9010,0.10173410404624278,0.6890173410404624,0.2092485549132948,865
9011,0.13662337662337662,0.7361038961038961,0.12727272727272726,1925
9012,0.22911283376399655,0.6930806775768016,0.07780648865920184,3483
9013,0.16081000595592615,0.6652769505658129,0.17391304347826086,1679
9014,0.23134328358208955,0.664179104477612,0.1044776119402985,268
9015,0.20315143824027074,0.6920473773265652,0.10480118443316414,9456
9016,0.1690245718540581,0.6999255398361877,0.13104988830975428,1343
9017,0.21094439541041482,0.6875551632833187,0.10150044130626655,1133
9018,0.18210862619808307,0.6797739002211846,0.13811747358073237,4069
9019,0.2159709618874773,0.6805807622504537,0.10344827586206896,551
9020,0.21052631578947367,0.6411483253588517,0.14832535885167464,209
9021,0.28440366972477066,0.6146788990825688,0.10091743119266056,109
9022,0.16006176016469378,0.6518270715388574,0.18811116829644878,3886
9023,0.20454545454545456,0.6958677685950413,0.09958677685950414,2420
9024,0.23651657595249875,0.6788718456209797,0.08461157842652152,4042
9025,0.15404040404040403,0.735479797979798,0.11047979797979798,1584
9026,0.19651741293532338,0.7089552238805971,0.0945273631840796,804
9027,0.21540656205420827,0.7118402282453637,0.07275320970042796,1402
9028,0.2013888888888889,0.75,0.04861111111111111,144
9029,0.16156366512258502,0.6731442774827703,0.16529205739464467,8851
9030,0.12027833001988071,0.7196819085487077,0.16003976143141152,1006
9031,0.17806451612903226,0.7187096774193549,0.1032258064516129,775
9032,0.22839506172839505,0.6728395061728395,0.09876543209876543,324
9033,0.16592920353982302,0.7042772861356932,0.12979351032448377,1356
9034,0.18429294145988917,0.6865815466152734,0.1291255119248374,8302
9035,0.14958448753462603,0.7479224376731302,0.10249307479224377,722
9036,0.26772616136919314,0.6552567237163814,0.07701711491442542,818
9037,0.18292682926829268,0.7195121951219512,0.0975609756097561,82
9038,0.21940237413016783,0.6565697912402784,0.12402783462955383,2443
9039,0.20256410256410257,0.6717948717948717,0.12564102564102564,390
9040,0.25528169014084506,0.6971830985915493,0.04753521126760563,568
9041,0.203125,0.7265625,0.0703125,128
9042,0.16974358974358975,0.6861538461538461,0.1441025641025641,1950
9043,0.23684210526315788,0.5986842105263158,0.16447368421052633,152
9044,0.18331053351573187,0.7017783857729138,0.11491108071135431,731
9045,0.18723404255319148,0.7080851063829787,0.1046808510638298,1175
9046,0.2751677852348993,0.6308724832214765,0.09395973154362416,298
9047,0.21407185628742514,0.6946107784431138,0.09131736526946108,668
9048,0.19963369963369965,0.7032967032967034,0.09706959706959707,546
9049,0.17838893898406974,0.6786895100691314,0.14292155094679893,6654
9050,0.21063394683026584,0.7116564417177914,0.07770961145194274,489
9051,0.22861842105263158,0.6776315789473685,0.09375,608
9052,0.19288389513108614,0.6906367041198502,0.11647940074906367,5340
9053,0.25806451612903225,0.6724565756823822,0.06947890818858561,403
9054,0.21533442088091354,0.6900489396411092,0.09461663947797716,613
9055,0.21621621621621623,0.6799431009957326,0.10384068278805121,1406
9056,0.16272541489815626,0.6599070268813582,0.17736755822048553,44529
9057,0.17609391675560299,0.6844539309854144,0.13945215225898258,2811
9058,0.20585625554569653,0.6743566992014197,0.11978704525288376,2254
9059,0.19561551433389546,0.7166947723440135,0.08768971332209106,593
9060,0.16793893129770993,0.7862595419847328,0.04580152671755725,131
9061,0.17889908256880735,0.7089704383282365,0.11213047910295616,1962
9062,0.1788659793814433,0.7051546391752578,0.11597938144329897,1940
9063,0.21626617375231053,0.722735674676525,0.06099815157116451,541
9064,0.19993642720915447,0.7031150667514304,0.09694850603941513,6292
9065,0.16276951108411783,0.6667678914869926,0.17046259742888956,9879
9066,0.22857142857142856,0.7,0.07142857142857142,280
9067,0.13884297520661157,0.7454545454545455,0.11570247933884298,605
9068,0.1721756290083868,0.7360631475086334,0.09176122348297977,2027
9069,0.22325581395348837,0.6976744186046512,0.07906976744186046,215
10001,0.1406374957157546,0.6508625614075174,0.208499942876728,8753
10002,0.16115485564304463,0.7228346456692913,0.11601049868766404,1905
10003,0.170995670995671,0.7397186147186147,0.08928571428571429,1848
10004,0.12481815536805353,0.6240907768402677,0.2510910677916788,3437
10005,0.23725212464589235,0.6770538243626062,0.08569405099150142,1412
10006,0.1958258180881216,0.6956969853130637,0.10847719659881473,3881
10007,0.10995692931340259,0.646567012921206,0.24347605776539144,3947
10008,0.1868640148011101,0.6891766882516188,0.12395929694727105,2162
10009,0.18360460500198492,0.7082175466454942,0.10817784835252084,5038
10010,0.18593519882179677,0.7135493372606775,0.10051546391752578,2716
10011,0.16597263533610945,0.7083085465000991,0.1257188181637914,5043
10012,0.171343537414966,0.7227891156462585,0.10586734693877552,2352
10013,0.1916317991631799,0.6912133891213389,0.11715481171548117,1195
10014,0.1900647948164147,0.7077033837293016,0.10223182145428365,2778
10015,0.1472753346080306,0.6488527724665392,0.2038718929254302,20920
10016,0.22442653440793553,0.6949783013019218,0.08059516429014259,1613
10017,0.15885224079278212,0.6994527436769709,0.141695015530247,6761
10018,0.1832595010491956,0.6847750058288645,0.13196549312193984,4289
10019,0.0962566844919786,0.7967914438502673,0.10695187165775401,187
10020,0.17149758454106281,0.6714975845410628,0.1570048309178744,414
10021,0.20821325648414984,0.7139769452449568,0.07780979827089338,1388
10022,0.3787878787878788,0.48484848484848486,0.13636363636363635,66
10023,0.25,0.6743421052631579,0.0756578947368421,304
10024,0.21287128712871287,0.7029702970297029,0.08415841584158416,202
10025,0.15770714309672082,0.6485694800040249,0.19372337689925428,447215
10026,0.4444444444444444,0.5185185185185185,0.037037037037037035,81
10027,0.1655813953488372,0.707906976744186,0.12651162790697673,1075
10028,0.17089201877934274,0.6703182055294732,0.15878977569118413,9585
10029,0.144617032672737,0.6834493840385646,0.17193358328869845,1867
10030,0.3072100313479624,0.6489028213166145,0.0438871473354232,319
10031,0.17827298050139276,0.7372330547818013,0.08449396471680594,1077
10032,0.18198944988696308,0.7072343632253203,0.11077618688771665,2654
10033,0.19989642672190575,0.6794407042982911,0.12066286897980322,1931
10034,0.2563600782778865,0.6634050880626223,0.08023483365949119,1022
10035,0.17545871559633028,0.7270642201834863,0.09747706422018348,2616
10036,0.20975883342680876,0.709478407178912,0.08076275939427931,1783
10037,0.1608863198458574,0.684971098265896,0.15414258188824662,2076
10038,0.3018867924528302,0.6666666666666666,0.031446540880503145,159
10039,0.16666666666666666,0.7516339869281046,0.08169934640522876,1530
10040,0.199502796768179,0.7184586699813549,0.08203853325046613,1609
10041,0.20063191153238547,0.7187993680884676,0.08056872037914692,633
10042,0.23118279569892472,0.6908602150537635,0.07795698924731183,372
10043,0.13393810032017076,0.5795090715048026,0.2865528281750267,1874
10044,0.15824915824915825,0.6868686868686869,0.15488215488215487,297
10045,0.20212765957446807,0.7340425531914894,0.06382978723404255,94
10046,0.15963841600513926,0.6833845730280366,0.1569770109668242,21793
10047,0.14609193834401854,0.6692129313872596,0.18469513026872186,7331
10048,0.29108635097493035,0.6615598885793872,0.04735376044568245,718
10049,0.17493556701030927,0.7065077319587629,0.11855670103092783,3104
10050,0.2641509433962264,0.7358490566037735,0.0,53
10051,0.21031138335885655,0.6712608473711077,0.11842776927003573,1959
10052,0.16666666666666666,0.6979166666666666,0.13541666666666666,384
10053,0.19979508196721313,0.7038934426229508,0.09631147540983606,1952
10054,0.1685255920550038,0.6663101604278074,0.1651642475171887,6545
10055,0.1939705538677261,0.6866090207992521,0.11942042533302173,4279
10056,0.28841607565011823,0.6524822695035462,0.0591016548463357,846
10057,0.18339100346020762,0.708044982698962,0.10856401384083045,2312
10058,0.19402202412165706,0.7035483307114141,0.10242964516692886,5721
10059,0.17621692734980265,0.6671539248647859,0.15662914778541148,13682
10060,0.1890595009596929,0.6362763915547025,0.1746641074856046,3126
10061,0.1670886075949367,0.6810126582278481,0.1518987341772152,395
10062,0.20255368543238536,0.6987811955890888,0.09866511897852583,1723
10063,0.2037914691943128,0.7203791469194313,0.07582938388625593,422
10064,0.1743886743886744,0.7136422136422137,0.11196911196911197,1554
10065,0.1574539363484087,0.7520938023450586,0.09045226130653267,597
10066,0.16556291390728478,0.7417218543046358,0.09271523178807947,302
10067,0.12770682953914492,0.642976124375347,0.22931704608550804,1801
11001,0.16990291262135923,0.6774878640776699,0.15260922330097088,3296
11002,0.1754479097544791,0.710019907100199,0.11453218314532183,7535
11003,0.217816091954023,0.6925287356321839,0.0896551724137931,1740
11004,0.18356317554975773,0.6904584420424897,0.12597838240775253,5366
11005,0.2046875,0.646875,0.1484375,640
11006,0.2695035460992908,0.6666666666666666,0.06382978723404255,705
11007,0.20878048780487804,0.7034146341463414,0.08780487804878048,1025
11008,0.2050314465408805,0.7018867924528301,0.0930817610062893,795
11009,0.21904761904761905,0.6952380952380952,0.08571428571428572,420
11010,0.22418136020151133,0.6926952141057935,0.08312342569269521,397
11011,0.20248813226387297,0.6768701915207072,0.12064167621541987,6109
11012,0.18181818181818182,0.7168560606060606,0.10132575757575757,1056
11013,0.1554698138901498,0.7387653200181571,0.10576486609169315,4406
11014,0.20739219712525667,0.6550308008213552,0.1375770020533881,487
11015,0.15895524561045918,0.6779547506041989,0.163090003785342,68686
11016,0.12647801248837517,0.6521854656569682,0.22133652185465658,7527
11017,0.1784222167608749,0.6959941017449005,0.12558368149422464,4069
11018,0.24050632911392406,0.6751054852320675,0.08438818565400844,474
11019,0.18073394495412845,0.6779816513761467,0.14128440366972478,1090
11020,0.19922986773815504,0.6676711870082036,0.13309894525364138,5973
11021,0.22877358490566038,0.6627358490566038,0.10849056603773585,424
11022,0.13958810068649885,0.6857360793287567,0.17467581998474446,2622
11023,0.17945780832378772,0.699885452462772,0.12065673921344025,2619
11024,0.16055846422338568,0.6614310645724258,0.17801047120418848,1146
11025,0.2342007434944238,0.6840148698884758,0.08178438661710037,538
11026,0.16636603302344943,0.7012626613015124,0.13237130567503816,7207
11027,0.15711358132025088,0.6711171831335776,0.17176923554617152,16103
11028,0.21937321937321938,0.6932573599240266,0.08736942070275404,1053
11029,0.25527569775357384,0.6712049012933968,0.07351940095302927,1469
11030,0.20801232665639446,0.6887519260400616,0.10323574730354391,649
11031,0.16568374493180982,0.7134168816807962,0.12089937338739402,5426
11032,0.2749326145552561,0.6549865229110512,0.07008086253369272,371
12001,0.20089285714285715,0.6071428571428571,0.19196428571428573,224
12002,0.20307529162248145,0.6638388123011665,0.13308589607635207,3772
12003,0.17784401390958768,0.6589667163437656,0.1631892697466468,4026
12004,0.2142174051641696,0.6840930825629582,0.10168951227287217,6274
12005,0.22506393861892582,0.6851378232452401,0.08979823813583404,3519
12006,0.18106508875739644,0.6458579881656805,0.17307692307692307,3380
12007,0.18691588785046728,0.680373831775701,0.13271028037383178,535
12008,0.1592920353982301,0.6371681415929203,0.20353982300884957,1243
12009,0.1950171821305842,0.6855670103092784,0.11941580756013746,1164
12010,0.1228813559322034,0.7521186440677966,0.125,472
12011,0.21721854304635763,0.6973509933774834,0.08543046357615894,1510
12012,0.2090313182811362,0.6693372177713037,0.12163146394756008,4119
12013,0.19735355817330966,0.6651605615620462,0.13748588026464417,6197
12014,0.20461095100864554,0.6620008233841087,0.13338822560724578,2429
12015,0.22484756097560976,0.6871189024390244,0.08803353658536585,2624
12016,0.1909722222222222,0.6099537037037037,0.19907407407407407,1728
12017,0.21313559322033898,0.6766949152542373,0.11016949152542373,2360
12018,0.19471947194719472,0.6749174917491749,0.13036303630363036,606
12019,0.20317725752508362,0.7081939799331104,0.08862876254180602,1196
12020,0.1377091377091377,0.7104247104247104,0.15186615186615188,777
12021,0.1501766784452297,0.7102473498233216,0.13957597173144876,566
12022,0.1975806451612903,0.7217741935483871,0.08064516129032258,744
12023,0.17163120567375886,0.6638297872340425,0.16453900709219857,705
12024,0.2057057057057057,0.6711711711711712,0.12312312312312312,666
12025,0.1712779973649539,0.6543697848045674,0.1743522178304787,2277
12026,0.18796650872979814,0.6435548776530149,0.168478613617187,61628
12027,0.20572916666666666,0.7152777777777778,0.07899305555555555,1152
12029,0.216696269982238,0.6923623445825933,0.09094138543516873,5630
12030,0.18288590604026847,0.6781879194630872,0.1389261744966443,2980
12031,0.22947253942359977,0.6677542142468733,0.10277324632952692,1839
12032,0.19445963185711682,0.6784217240750866,0.1271186440677966,10974
12033,0.18900414937759336,0.6887966804979253,0.12219917012448132,4820
12034,0.1761466505733253,0.696137598068799,0.1277157513578757,13256
12035,0.21695689409077934,0.6825578075934913,0.10048529831572937,3503
12036,0.2109181141439206,0.6754342431761786,0.11364764267990074,2015
12037,0.22914466737064415,0.6631467793030623,0.10770855332629356,947
12038,0.1924348145427837,0.5684906353286816,0.2390745501285347,2723
12039,0.19003260363297625,0.692361434559851,0.1176059618071728,4294
12040,0.20743775606681375,0.681437125748503,0.11112511818468326,15865
12041,0.20843672456575682,0.6823821339950372,0.10918114143920596,403
12042,0.18886679920477137,0.6486793524566884,0.16245384833854018,10563
12043,0.13924050632911392,0.6278481012658228,0.23291139240506328,395
12044,0.20724346076458752,0.6851106639839034,0.10764587525150905,994
12045,0.15984251968503937,0.721259842519685,0.1188976377952756,1270
12046,0.21020371371912747,0.6764016585541734,0.11339462772669912,5547
12047,0.21966413867822318,0.6541170097508126,0.12621885157096424,3692
12048,0.20676139147476727,0.6881430671239589,0.10509554140127389,4082
12049,0.1597222222222222,0.6614583333333334,0.17881944444444445,576
12050,0.20078209277238404,0.6746224379719525,0.12459546925566344,7416
12051,0.20140949554896143,0.689540059347181,0.10905044510385757,2696
12052,0.19625334522747548,0.7163247100802854,0.08742194469223907,1121
12053,0.22225519287833828,0.6753709198813056,0.10237388724035608,3370
12054,0.1466372657111356,0.6868798235942668,0.16648291069459759,907
12055,0.15635655138821236,0.6293229420360448,0.2143205065757428,2053
12056,0.24415584415584415,0.6857142857142857,0.07012987012987013,385
12057,0.2144469525959368,0.6817155756207675,0.1038374717832957,443
12058,0.20353559483994266,0.6966077400860009,0.09985666507405638,2093
12059,0.2309148264984227,0.7047318611987382,0.06435331230283911,1585
12060,0.20107719928186715,0.698982645122681,0.09994015559545183,1671
12061,0.15151515151515152,0.7171717171717171,0.13131313131313133,99
12062,0.2086996760758908,0.6973623322535863,0.0939379916705229,2161
12063,0.1855123674911661,0.7385159010600707,0.07597173144876325,1132
12064,0.18940754039497307,0.6552962298025135,0.15529622980251345,2228
12065,0.1951501154734411,0.6974595842956121,0.10739030023094688,866
12066,0.10476190476190476,0.7333333333333333,0.1619047619047619,105
12067,0.21284424127550453,0.6725387445646115,0.11461701415988404,8969
12068,0.22081829121540314,0.6963497793822704,0.08283192940232652,4986
12069,0.1641025641025641,0.7871794871794872,0.04871794871794872,390
12070,0.1804827967462553,0.640455945455024,0.17906125779872062,37987
12071,0.16575342465753426,0.6123287671232877,0.2219178082191781,730
12072,0.2048880433191863,0.6209571198595053,0.17415483682130836,6833
12073,0.19208037825059102,0.6578014184397163,0.15011820330969267,3384
12074,0.1715145436308927,0.7011033099297894,0.12738214643931794,1994
12075,0.17197125256673512,0.6916067761806981,0.13642197125256675,7792
12076,0.19820589491670226,0.6817599316531396,0.12003417343015806,2341
12077,0.20141342756183744,0.6875315497223624,0.1110550227158001,1981
12078,0.21727172717271728,0.6817931793179318,0.10093509350935094,3636
12079,0.19435684647302903,0.6934439834024896,0.11219917012448133,6025
12080,0.17448405253283303,0.7198248905565978,0.10569105691056911,1599
12081,0.2077028885832187,0.7207702888583218,0.07152682255845942,727
12082,0.17829457364341086,0.6886304909560723,0.1330749354005168,774
12083,0.18204839617332583,0.6647439504783342,0.1532076533483399,7108
12084,0.1883134865688175,0.6452506230960953,0.16643589033508724,3611
12085,0.1978249611600207,0.6688244432936302,0.13335059554634904,3862
12086,0.2046246436490339,0.7111181501425404,0.08425720620842572,3157
12087,0.19147925245486222,0.6658219828951536,0.14269876464998416,6314
12088,0.1713515594917212,0.6907970735463997,0.13785136696187908,2597
12089,0.21130360692984948,0.6776483953422323,0.11104799772791821,3521
12090,0.22600950118764845,0.6856294536817102,0.08836104513064133,8420
12091,0.16666666666666666,0.6584507042253521,0.17488262910798122,852
12092,0.19094138543516873,0.6797291296625222,0.12932948490230906,9008
12093,0.11608961303462322,0.6018329938900203,0.2820773930753564,982
12095,0.25227272727272726,0.6272727272727273,0.12045454545454545,880
12096,0.19163156930965025,0.6748763962644204,0.13349203442592933,10922
12097,0.2156319290465632,0.700110864745011,0.08425720620842572,1804
12098,0.1875,0.6814516129032258,0.1310483870967742,5952
12099,0.1981981981981982,0.6936936936936937,0.10810810810810811,222
12100,0.15846994535519127,0.6939890710382514,0.14754098360655737,183
12101,0.18576779026217227,0.7063670411985019,0.10786516853932585,1335
12102,0.2083758937691522,0.7088866189989785,0.08273748723186926,979
12103,0.15891032917139614,0.7400681044267877,0.10102156640181612,881
12104,0.18887262079062958,0.6793557833089312,0.13177159590043924,1366
12105,0.19579751671442217,0.6781279847182426,0.12607449856733524,3141
12106,0.21566401816118047,0.6833144154370034,0.10102156640181612,3524
12107,0.1943217665615142,0.6977917981072556,0.10788643533123028,3170
12108,0.18343894318547954,0.6609386746858554,0.15562238212866503,9311
12109,0.18665120900960583,0.6856575024842663,0.12769128850612785,6038
12110,0.1284246575342466,0.7226027397260274,0.14897260273972604,584
12113,0.2297142857142857,0.6668571428571428,0.10342857142857143,1750
12114,0.18870266914959652,0.685909373060211,0.12538795779019243,1611
12115,0.21808510638297873,0.6808510638297872,0.10106382978723404,564
12116,0.15428571428571428,0.6034285714285714,0.2422857142857143,875
12117,0.20399251403618215,0.7117903930131004,0.0842170929507174,1603
12118,0.22016357870138542,0.6757636454682023,0.10407277583041229,11982
12119,0.15424488652283552,0.6206220229756234,0.22513309050154104,28552
12120,0.17195345988977342,0.6663808940600122,0.16166564605021433,8165
12121,0.19852695011717442,0.6886508202209575,0.1128222296618681,2987
12122,0.21219633118492812,0.6839365394149727,0.10386712940009915,4034
12123,0.20010615711252655,0.6855474673946012,0.11434637549287231,13188
12124,0.20837063563115488,0.6609221128021486,0.13070725156669652,4468
12125,0.15337657382678366,0.6879053796260969,0.1587180465471194,2621
12126,0.21511017838405036,0.6699895068205667,0.114900314795383,1906
12127,0.18074524940617578,0.6619655581947743,0.15728919239904987,13472
12128,0.15825846579129232,0.7021423635107118,0.13959917069799585,2894
12129,0.12280701754385964,0.7894736842105263,0.08771929824561403,114
12130,0.18626339004410838,0.6942659105229994,0.11947069943289225,7935
12131,0.1690871369294606,0.7219917012448133,0.10892116182572614,964
12132,0.18303811057434247,0.7090713902308106,0.10789049919484701,1863
12133,0.16087475975274013,0.6165394005506207,0.22258583969663914,57753
12134,0.19506462984723855,0.6645123384253819,0.14042303172737955,5106
12136,0.20246270423869286,0.6604309732417712,0.13710632251953586,4223
12137,0.17922848664688426,0.6824925816023739,0.13827893175074185,5055
12138,0.20563035495716034,0.6878824969400245,0.10648714810281518,6536
12139,0.22758620689655173,0.6666666666666666,0.10574712643678161,3045
12140,0.16216216216216217,0.7255717255717256,0.11226611226611227,481
12141,0.21155729676787463,0.6856023506366308,0.10284035259549461,1021
12142,0.19480519480519481,0.6660482374768089,0.1391465677179963,1617
12143,0.1885245901639344,0.6426229508196721,0.16885245901639345,1830
13003,0.20025375343624444,0.6673715373229012,0.13237470924085432,4729
13004,0.2125158831003812,0.6515247776365947,0.13595933926302414,3148
13005,0.20981087470449172,0.683806146572104,0.10638297872340426,1692
13006,0.2193158953722334,0.6488933601609658,0.1317907444668008,994
13007,0.19845004151674508,0.6844727373373928,0.11707722114586216,3613
13009,0.18962962962962962,0.6718518518518518,0.1385185185185185,1350
13010,0.19300991131977047,0.6612762997739523,0.14571378890627718,5751
13011,0.21915285451197053,0.6279926335174953,0.15285451197053407,543
13012,0.22341540073336827,0.6555788370874803,0.12100576217915139,3818
13013,0.21232080588919022,0.6819062378922898,0.10577295621851995,2581
13015,0.22650602409638554,0.7253012048192771,0.04819277108433735,415
13021,0.24154589371980675,0.7246376811594203,0.033816425120772944,207
13022,0.2198581560283688,0.67430441898527,0.10583742498636116,1833
13023,0.20488423723437996,0.6856961623850302,0.10941960038058991,3153
13024,0.19061032863849764,0.711737089201878,0.09765258215962441,1065
13025,0.1712707182320442,0.7513812154696132,0.07734806629834254,181
13026,0.15474642392717816,0.6657997399219766,0.17945383615084526,769
13028,0.19741100323624594,0.6852211434735707,0.11736785329018339,4635
13029,0.21367521367521367,0.6666666666666666,0.11965811965811966,1638
13030,0.1417004048582996,0.7165991902834008,0.1417004048582996,247
13032,0.14489112227805695,0.6457286432160804,0.20938023450586266,1194
13034,0.18623919308357348,0.7064121037463977,0.10734870317002881,2776
13035,0.19179845531445383,0.6776388378080177,0.1305627068775285,5438
13036,0.18156078570164572,0.6722703946204212,0.1461688196779331,5651
13037,0.18478260869565216,0.6739130434782609,0.14130434782608695,368
13040,0.17028985507246377,0.6217391304347826,0.20797101449275363,1380
13041,0.19803549887988972,0.6584180596243322,0.14354644149577805,29015
13042,0.18919624217118997,0.6722338204592901,0.13856993736951984,3832
13043,0.18323828415571536,0.6583188693280436,0.15844284651624102,4033
13044,0.18223760092272204,0.6205305651672434,0.1972318339100346,867
13045,0.19225449515905949,0.6749654218533887,0.13278008298755187,2169
13046,0.16490683229813666,0.6540372670807454,0.181055900621118,3220
13047,0.23539421440726035,0.706182643221781,0.058423142370958595,1763
13048,0.18790953286831535,0.6880152187698161,0.12407524836186852,4731
13052,0.1926530612244898,0.7093877551020408,0.09795918367346938,1225
13053,0.17581823099810656,0.6610765485528807,0.1631052204490127,3697
13055,0.1816631130063966,0.6695095948827292,0.1488272921108742,2345
13058,0.14771519659936239,0.7364505844845909,0.11583421891604676,941
13059,0.18739635157545606,0.6583747927031509,0.15422885572139303,603
13062,0.3235294117647059,0.6568627450980392,0.0196078431372549,102
13063,0.2193877551020408,0.6862244897959183,0.09438775510204081,392
13064,0.20620358235037134,0.6799184505606524,0.11387796708897627,6867
13065,0.17661795407098121,0.637160751565762,0.1862212943632568,4790
13068,0.20931716656030633,0.6796426292278238,0.11104020421186982,1567
13071,0.25219941348973607,0.7008797653958945,0.0469208211143695,341
13074,0.20797720797720798,0.6866096866096866,0.10541310541310542,351
13075,0.15527207820918007,0.6251658014967167,0.21956212029410319,61067
13077,0.2255813953488372,0.6930232558139535,0.08139534883720931,430
13083,0.3183673469387755,0.6244897959183674,0.05714285714285714,490
13084,0.2007255139056832,0.6618299072954453,0.13744457879887143,2481
13085,0.25170068027210885,0.6802721088435374,0.06802721088435375,147
13087,0.16523605150214593,0.7532188841201717,0.0815450643776824,466
13089,0.1883289124668435,0.6693191865605659,0.14235190097259062,1131
13090,0.22402597402597402,0.6749188311688312,0.1010551948051948,2464
13092,0.4879518072289157,0.4939759036144578,0.018072289156626505,166
13095,0.18827084864820715,0.6638078902229846,0.1479212611288083,12243
13097,0.18886576482830386,0.659729448491155,0.1514047866805411,1922
13098,0.19441210710128057,0.6821885913853318,0.12339930151338765,859
13099,0.20047814207650272,0.6956967213114754,0.10382513661202186,2928
13100,0.20245937637241984,0.678963548528766,0.11857707509881422,2277
13101,0.2326975476839237,0.6509536784741144,0.11634877384196185,3670
13102,0.18827734095782703,0.6696211579699786,0.14210150107219444,6995
13106,0.33976833976833976,0.6293436293436293,0.03088803088803089,518
13107,0.20050125313283207,0.6766917293233082,0.12280701754385964,798
13110,0.20867469879518072,0.6491566265060241,0.14216867469879518,2075
13111,0.20813953488372092,0.713953488372093,0.07790697674418605,860
13113,0.2264957264957265,0.6367521367521367,0.13675213675213677,468
13114,0.18114203454894434,0.685700575815739,0.1331573896353167,4168
13118,0.18790181180596144,0.6661309175920515,0.14596727060198714,6844
13119,0.17304747320061256,0.6477794793261868,0.17917304747320062,653
13120,0.2063953488372093,0.7063953488372093,0.0872093023255814,344
13121,0.18552278820375334,0.682573726541555,0.1319034852546917,1865
13123,0.24324324324324326,0.7087087087087087,0.04804804804804805,333
13126,0.21244209133024486,0.6724023825281271,0.11515552614162806,1511
13128,0.18212542245587682,0.7097258730754787,0.10814870446864439,2663
13129,0.18363636363636363,0.6870454545454545,0.1293181818181818,4400
13130,0.20149253731343283,0.7388059701492538,0.05970149253731343,134
13131,0.1923828125,0.6770833333333334,0.13053385416666666,3072
13133,0.18387873636492422,0.6666666666666666,0.14945459696840913,7059
13134,0.16736401673640167,0.6687587168758717,0.16387726638772665,1434
13135,0.17804154302670624,0.6993076162215628,0.12265084075173097,2022
13136,0.19161225514816674,0.6574585635359116,0.15092918131592165,3982
13137,0.19712865819988956,0.6791827719491993,0.1236885698509111,1811
13138,0.2108843537414966,0.6808510638297872,0.10826458242871617,6909
13139,0.156312625250501,0.7054108216432866,0.13827655310621242,499
13143,0.18894967177242888,0.6674507658643326,0.1435995623632385,18280
13144,0.19955156950672645,0.6582959641255606,0.142152466367713,2230
13145,0.1740804106073567,0.6749358426005133,0.15098374679213003,2338
13147,0.21327967806841047,0.676391683433937,0.11032863849765258,2982
13152,0.16896551724137931,0.6482758620689655,0.18275862068965518,1160
13153,0.1852976913730255,0.6664641555285541,0.14823815309842042,1646
13154,0.1646112600536193,0.67828418230563,0.15710455764075068,3730
13155,0.16477272727272727,0.7556818181818182,0.07954545454545454,176
13157,0.15177610333692143,0.6641550053821313,0.18406889128094725,1858
13159,0.18285901210336933,0.6810598626104023,0.13608112528622832,6114
13160,0.24796747967479674,0.6883468834688347,0.06368563685636856,738
13161,0.18959537572254334,0.7052023121387283,0.10520231213872833,865
13163,0.19460227272727273,0.7035984848484849,0.10179924242424243,2112
13165,0.1927000122895416,0.6900577608455205,0.11724222686493793,8137
13169,0.184472049689441,0.7074534161490683,0.10807453416149068,1610
13170,0.19226856561546288,0.6719226856561547,0.1358087487283825,1966
13178,0.2631578947368421,0.6090225563909775,0.12781954887218044,133
13183,0.24969097651421507,0.646477132262052,0.103831891223733,809
13184,0.21621621621621623,0.6432432432432432,0.14054054054054055,185
13185,0.21955128205128205,0.7147435897435898,0.06570512820512821,624
13186,0.1898238747553816,0.7103718199608611,0.09980430528375733,511
13187,0.34806629834254144,0.585635359116022,0.06629834254143646,181
13188,0.21831215379602475,0.6656891495601173,0.11599869664385794,3069
13189,0.18888888888888888,0.7178451178451178,0.09326599326599326,2970
13192,0.16407355021216408,0.6647807637906648,0.17114568599717114,707
13193,0.19477911646586346,0.6626506024096386,0.142570281124498,996
13195,0.1581196581196581,0.717948717948718,0.12393162393162394,234
13197,0.19410977242302543,0.6639892904953146,0.14190093708165996,747
13199,0.18507157464212678,0.6952965235173824,0.1196319018404908,978
13201,0.1915928434948758,0.6710092061837762,0.1373979503213479,5757
13202,0.19461883408071748,0.6708520179372197,0.13452914798206278,4460
13203,0.2400990099009901,0.6113861386138614,0.1485148514851485,404
13204,0.22135922330097088,0.7281553398058253,0.05048543689320388,515
13206,0.16773250502466655,0.6504659236250685,0.18180157135026492,5473
13207,0.28488372093023256,0.6918604651162791,0.023255813953488372,172
13211,0.216260162601626,0.7252032520325203,0.05853658536585366,615
13212,0.17691962281095644,0.7157611136057477,0.10731926358329591,2227
13216,0.23497267759562843,0.7103825136612022,0.0546448087431694,915
13217,0.1744421906693712,0.6977687626774848,0.12778904665314403,493
13218,0.2719298245614035,0.6776315789473685,0.05043859649122807,456
13222,0.17113603120429058,0.674061433447099,0.15480253534861044,4102
13223,0.16178194607268465,0.6846424384525205,0.15357561547479484,853
13226,0.24096385542168675,0.6445783132530121,0.1144578313253012,166
13227,0.19398280802292264,0.67378223495702,0.1322349570200573,6980
13228,0.19405876654827253,0.6638682596060704,0.1420729738456571,3097
13229,0.17746182201158506,0.7124802527646129,0.110057925223802,1899
13232,0.20489844683393071,0.6756272401433692,0.11947431302270012,1674
13233,0.3974358974358974,0.6025641025641025,0.0,78
13234,0.22062084257206208,0.6851441241685144,0.0942350332594235,902
13236,0.21333333333333335,0.7466666666666667,0.04,150
13238,0.18540344514959203,0.7116953762466002,0.10290117860380779,2206
13239,0.23498233215547704,0.6749116607773852,0.09010600706713781,566
13242,0.20359281437125748,0.6729873586161012,0.12341982701264138,3006
13245,0.1921905785420025,0.6582482536270822,0.14956116783091528,5583
13246,0.14925373134328357,0.746268656716418,0.1044776119402985,134
13248,0.2155237377543331,0.7015825169555389,0.0828937452901281,1327
13249,0.2129032258064516,0.67,0.11709677419354839,3100
13250,0.1807145334720777,0.6926812348248352,0.12660423170308707,2883
13251,0.18551042810098792,0.6824917672886938,0.13199780461031832,3644
13252,0.18518518518518517,0.7029043431921129,0.11191047162270183,3753
13253,0.18947881149537263,0.7053093034583536,0.10521188504627374,2053
13254,0.1963265306122449,0.6873469387755102,0.11632653061224489,2450
13255,0.20185922974767595,0.700199203187251,0.09794156706507304,3012
14001,0.29098360655737704,0.6762295081967213,0.03278688524590164,244
14002,0.20041580041580043,0.7130977130977131,0.08648648648648649,2405
14003,0.255,0.635,0.11,400
14004,0.17721518987341772,0.6928270042194092,0.12995780590717299,1185
14005,0.18355481727574752,0.7084717607973422,0.1079734219269103,2408
14006,0.21782178217821782,0.7524752475247525,0.0297029702970297,101
14007,0.19232,0.69792,0.10976,3125
14008,0.2024070021881838,0.700218818380744,0.09737417943107221,914
14009,0.1482521847690387,0.6981897627965044,0.15355805243445692,3204
14010,0.22162162162162163,0.7317567567567568,0.046621621621621624,1480
14011,0.20551378446115287,0.6954887218045113,0.09899749373433583,798
14012,0.15448275862068966,0.7503448275862069,0.09517241379310344,725
14013,0.24141315014720313,0.6938174681059862,0.0647693817468106,1019
14014,0.23717948717948717,0.7029914529914529,0.05982905982905983,468
14015,0.2107051826677995,0.6864910790144435,0.102803738317757,1177
14016,0.22807017543859648,0.7076023391812866,0.06432748538011696,342
14017,0.16404886561954624,0.7399650959860384,0.09598603839441536,573
14018,0.1650735294117647,0.69375,0.1411764705882353,5440
14019,0.2193029490616622,0.7002680965147453,0.08042895442359249,1865
14020,0.2213459516298633,0.6861198738170347,0.09253417455310199,1902
14021,0.2749003984063745,0.6812749003984063,0.043824701195219126,251
14022,0.22093023255813954,0.6837209302325581,0.09534883720930233,860
14023,0.20113314447592068,0.7157695939565628,0.08309726156751653,1059
14024,0.1811753230919288,0.7081199707388441,0.11070470616922702,4101
14025,0.14835164835164835,0.760989010989011,0.09065934065934066,364
14026,0.21354812061131764,0.6575795125981,0.1288723667905824,2421
14027,0.21876145108098205,0.6801026016855991,0.10113594723341883,2729
14028,0.22772277227722773,0.6881188118811881,0.08415841584158416,404
14029,0.184070796460177,0.7469026548672566,0.06902654867256637,565
14030,0.1834862385321101,0.7293577981651376,0.0871559633027523,436
14031,0.2013888888888889,0.7013888888888888,0.09722222222222222,144
14032,0.1726822363765039,0.7558386411889597,0.07147912243453644,1413
14033,0.17004405286343613,0.7632892804698972,0.06666666666666667,3405
14034,0.1729150726855394,0.6977811782708493,0.12930374904361133,1307
14035,0.14928909952606634,0.7037914691943128,0.14691943127962084,422
14036,0.2535496957403651,0.6815415821501014,0.06490872210953347,986
14037,0.1377866400797607,0.7750747756729811,0.08713858424725822,5015
14038,0.17805383022774326,0.7308488612836439,0.09109730848861283,483
14039,0.1926605504587156,0.7339449541284404,0.07339449541284404,545
14040,0.16584766584766586,0.742014742014742,0.09213759213759214,814
14041,0.26224328593996843,0.6872037914691943,0.05055292259083728,633
14043,0.17466561762391816,0.7537372147915028,0.07159716758457907,1271
14044,0.18578281726995202,0.6929786306149149,0.12123855211513301,2293
14045,0.17261194838989483,0.6694134229643283,0.15797462864577685,9223
14046,0.18697956093868282,0.7214231642694928,0.09159727479182438,1321
14047,0.2903225806451613,0.6774193548387096,0.03225806451612903,31
14048,0.20463320463320464,0.7104247104247104,0.08494208494208494,1036
14049,0.19536631183469005,0.7332498434564809,0.07138384470882905,1597
14050,0.15311355311355312,0.7531135531135531,0.09377289377289377,1365
14051,0.17902995720399428,0.6918687589158345,0.1291012838801712,1402
14052,0.16070445789763346,0.7028068244358833,0.1364887176664832,1817
14053,0.17063492063492064,0.751984126984127,0.07738095238095238,504
14054,0.17797443461160276,0.7413962635201573,0.08062930186823992,2034
14055,0.25120772946859904,0.7053140096618358,0.043478260869565216,207
14056,0.1882640586797066,0.7457212713936431,0.06601466992665037,409
14057,0.19338924518993586,0.7340897878638382,0.07252096694622595,2027
14058,0.26717557251908397,0.6717557251908397,0.061068702290076333,262
14059,0.17344173441734417,0.7100271002710027,0.11653116531165311,369
14060,0.1922102596580114,0.7156428119062698,0.09214692843571881,3158
14061,0.15912846563437175,0.6486933104841177,0.19217822388151048,16339
14062,0.3088235294117647,0.6176470588235294,0.07352941176470588,68
14063,0.20173913043478262,0.7226086956521739,0.07565217391304348,3450
14064,0.3693181818181818,0.5681818181818182,0.0625,176
14065,0.22759226713532513,0.6769185705916813,0.09548916227299356,3414
14066,0.17660922079835029,0.674178818677272,0.14921196052437766,6789
14067,0.2192513368983957,0.6987522281639929,0.08199643493761141,561
14068,0.16533864541832669,0.7410358565737052,0.09362549800796813,502
14069,0.17346938775510204,0.750728862973761,0.07580174927113703,2058
14070,0.1728395061728395,0.6985055230669266,0.1286549707602339,1539
14071,0.16155548529876698,0.7208346506481189,0.11760986405311413,3163
14072,0.17674418604651163,0.7413237924865832,0.08193202146690519,2795
14073,0.16221662468513853,0.7551637279596978,0.08261964735516372,1985
14074,0.1870286576168929,0.751131221719457,0.06184012066365008,663
14075,0.22886866059817945,0.6853055916775033,0.0858257477243173,769
14076,0.19875776397515527,0.7515527950310559,0.049689440993788817,161
14077,0.18020679468242246,0.7769571639586411,0.04283604135893648,677
14078,0.1819349315068493,0.7226027397260274,0.0954623287671233,2336
15002,0.18221230201313474,0.6581963342919689,0.15959136369489635,23297
15005,0.16959907701182578,0.7032016152293049,0.12719930775886934,3467
15007,0.18620689655172415,0.6973630831643002,0.11643002028397566,4930
15009,0.13645466473309853,0.6349009046336579,0.22864443063324355,14481
15010,0.16372767857142856,0.7050223214285715,0.13125,8960
15011,0.13714537703954138,0.6200205791562546,0.24283404380420404,6803
15012,0.17185208059908902,0.6960549679610901,0.1320929514398209,12953
15014,0.16114950891233176,0.7224445252819207,0.11640596580574754,2749
15015,0.10157494248805521,0.5652096973986905,0.3332153601132543,5651
15016,0.1754325259515571,0.6678200692041523,0.15674740484429064,2890
15019,0.23604960141718334,0.6572187776793623,0.10673162090345438,2258
15022,0.19746497665110074,0.7078052034689793,0.09472981987991995,1499
15024,0.15357669616519173,0.7057522123893806,0.14067109144542772,5424
15026,0.18255776114546046,0.6999674585095997,0.1174747803449398,3073
15027,0.17372850077507934,0.6885657341108733,0.1377057651140474,27094
15032,0.17021930723508916,0.6591514654642344,0.17062922730067637,19516
15035,0.1493212669683258,0.7579185520361991,0.09276018099547512,1768
15036,0.14523953911461493,0.6667172023448554,0.1880432585405296,19788
15038,0.2044182621502209,0.6927835051546392,0.10279823269513991,3395
15040,0.15023255813953487,0.68015503875969,0.1696124031007752,6450
15041,0.18960244648318042,0.6873088685015291,0.12308868501529052,10464
15042,0.16989737742303307,0.7263397947548461,0.10376282782212087,877
15044,0.17840557275541796,0.6871130030959752,0.1344814241486068,5168
15046,0.1961121254430244,0.6828482440124584,0.12103963054451723,9311
15050,0.17064032697547685,0.6958446866485014,0.1335149863760218,2936
15051,0.16614710590614204,0.6864099755666021,0.14744291852725588,11869
15055,0.18082481494536481,0.699682763482552,0.11949242157208319,2837
15058,0.16279069767441862,0.7126070991432069,0.12460220318237454,4085
15059,0.16727196535829025,0.6874563486520464,0.14527168598966336,14318
15060,0.14649310277831748,0.6441616475616864,0.20934524965999612,10294
15061,0.15367965367965367,0.6875901875901876,0.15873015873015872,1386
15062,0.19400730202694197,0.6787108145536951,0.12728188341936297,7943
15070,0.159536990437846,0.5858077503774535,0.25465525918470056,25831
15071,0.1761334028139656,0.6654507556018759,0.15841584158415842,3838
15072,0.19078473722102232,0.6775557955363571,0.1316594672426206,11112
15074,0.18553621689930497,0.6808547303119077,0.1336090527887874,17409
15076,0.1618633657753,0.6942265898138524,0.1439100444108476,10583
15077,0.1903399528778189,0.6834399192191182,0.12622012790306295,53478
15078,0.16481431282190295,0.693412849010572,0.14177283816752506,3689
15081,0.1907195179584121,0.6625118147448015,0.1467686672967864,33856
15082,0.14632501685772084,0.7127444369521241,0.1409305461901551,1483
15085,0.1739162219460487,0.6772424884860004,0.14884128956795087,13679
15086,0.1793984562150652,0.6866515837104072,0.13394996007452756,15028
15087,0.16242548554579836,0.6860457662970323,0.1515287481571694,15601
15093,0.1893370856785491,0.6711616635397123,0.13950125078173858,25584
15096,0.18540170369133122,0.6859863036579255,0.12861199265074327,5987
15097,0.10927649354548184,0.6130291203842689,0.27769438607024916,3331
15098,0.1716600321251484,0.6525595362804665,0.17578043159438508,14319
15099,0.18660081597595018,0.6821988404552287,0.13120034356882113,4657
15101,0.16999556147359077,0.704837993786063,0.12516644474034622,2253
15103,0.1747713746552475,0.6778922920598055,0.14733633328494702,6889
15105,0.1829660931683268,0.677834792232619,0.13919911459905424,19878
15106,0.1557427258805513,0.6572741194486983,0.18698315467075038,6530
15108,0.14605380594160397,0.6562539844447278,0.19769220961366823,15686
15110,0.16210247349823323,0.7270318021201413,0.11086572438162544,2264
15112,0.1558219178082192,0.7226027397260274,0.12157534246575342,1168
15113,0.18335399876007438,0.6793242405455673,0.13732176069435834,6452
15114,0.1782608695652174,0.6700352526439483,0.1517038777908343,8510
15115,0.18654935878317924,0.6899791231732777,0.1234715180435431,6706
15116,0.17629471977298064,0.6743184351880004,0.14938684503901895,19734
15118,0.1491241912576929,0.6414932708131382,0.20938253792916883,44359
15122,0.170003393281303,0.7058025110281643,0.12419409569053275,2947
15125,0.1759000929985386,0.6868606350471635,0.13723927195429786,7527
15130,0.17554823949556386,0.6568271859829251,0.16762457452151108,17921
15131,0.20104136534567543,0.6789123517500724,0.12004628290425225,6914
15134,0.18354567048153747,0.6899157849276614,0.12653854459080113,4631
15136,0.15406562054208273,0.7093437945791726,0.13659058487874465,2804
15139,0.1753290966863368,0.6821379936450295,0.1425329096686337,8812
15140,0.17188324911380948,0.6496719209593483,0.17844482992684216,13259
15142,0.1762114537444934,0.6820249873618834,0.14176355889362316,13847
15144,0.19646730709637433,0.6811279826464208,0.12240471025720484,3227
15146,0.13248903124817105,0.5640750686197972,0.30343590013203176,1008091
15150,0.2064516129032258,0.6683870967741935,0.12516129032258064,775
15151,0.15910249872514023,0.7173210946795853,0.12357640659527452,5883
15154,0.17422995532565247,0.6890822164746454,0.13668782819970218,12759
15155,0.20594059405940593,0.6633663366336634,0.1306930693069307,505
15157,0.1562582345191041,0.677536231884058,0.16620553359683796,15180
15158,0.15193457061969173,0.7124882038376849,0.13557722554262347,3179
15159,0.16224216076218667,0.654703542688003,0.18305429654981037,10811
15164,0.162596599690881,0.7285935085007728,0.10880989180834622,3235
15165,0.22362052274927396,0.6476282671829623,0.1287512100677638,1033
15166,0.1768567677113661,0.6815379345778386,0.14160529771079522,35034
15167,0.1941564561734213,0.672478793590952,0.13336475023562677,4244
15168,0.1747907199234633,0.6701267639320737,0.15508251614446306,20905
15169,0.19493297257409914,0.6945025212151027,0.11056450621079818,8131
15170,0.17786421499292787,0.6762140499764262,0.14592173503064593,8484
15171,0.14578689255461436,0.6484618814088274,0.20575122603655818,17944
15172,0.16125168438388982,0.7092379098667465,0.12951040574936368,6679
15173,0.15803290164508224,0.7219110955547777,0.12005600280014,11428
15175,0.19080156637097417,0.6814512906577159,0.12774714297130985,25026
15176,0.1659777424483307,0.6966613672496026,0.13736089030206677,6290
15177,0.15964429388100784,0.7194579716282025,0.12089773449078975,4723
15178,0.17573221757322174,0.6908414690841469,0.13342631334263133,6453
15179,0.17300590841949778,0.6750369276218612,0.15195716395864106,5416
15181,0.1770407678418702,0.6924831321866388,0.130476099971491,10523
15182,0.17235080760900764,0.6556376066591864,0.17201158573180597,38323
15183,0.19966442953020133,0.7016219239373602,0.09871364653243848,3576
15184,0.16809839906286606,0.6852791878172588,0.14662241311987506,5122
15185,0.1498371335504886,0.6665679597275689,0.18359490672194256,3377
15188,0.17947505320406715,0.7004019862851738,0.12012296051075905,4229
15189,0.19433101128993513,0.6903332075083216,0.11533578120174325,29141
15191,0.18359161349134,0.6838650865998177,0.1325432999088423,5485
15192,0.13401109057301294,0.5903209544614351,0.275667954965552,23804
15194,0.17697185889813713,0.6924296472453428,0.13059849385652,5046
15195,0.18005698005698006,0.6806623931623932,0.13928062678062678,28080
15200,0.1704514363885089,0.6916552667578659,0.13789329685362517,3655
15201,0.16846581615963363,0.693490350016356,0.13804383382401048,6114
15202,0.1712977099236641,0.7083969465648855,0.12030534351145038,3275
15204,0.1685844550586192,0.7066869300911854,0.1247286148501954,9212
15205,0.13592375906097068,0.6125768112742392,0.25149942966479005,27177
15206,0.18722565048667217,0.7021439022838603,0.11063044722946752,15719
15209,0.16619885018599934,0.6543118025025364,0.17948934731146432,59140
15210,0.18623939679547596,0.6923656927426955,0.12139491046182846,5305
15211,0.1563210702341137,0.697257525083612,0.14642140468227424,14950
15213,0.1886941106952925,0.7011030135907032,0.11020287571400433,10154
15219,0.1700939324701701,0.6968773800456969,0.13302868748413302,3939
15220,0.160874009711219,0.6969077434193713,0.14221824686940965,15652
15221,0.17663880334359877,0.690937087549494,0.13242410910690716,9092
15222,0.15418502202643172,0.7173274596182085,0.12848751835535976,2724
15224,0.1700274977085243,0.7176901924839597,0.11228230980751604,4364
15226,0.20461982675649662,0.6758421559191531,0.11953801732435033,5195
15229,0.1527536231884058,0.682463768115942,0.16478260869565217,6900
15230,0.17336428260554185,0.6828666763383142,0.1437690410561439,6893
15236,0.161090458488228,0.7079719124328789,0.13093762907889303,2421
15237,0.17512953367875647,0.6848260547742413,0.14004441154700223,6755
15242,0.167488860598345,0.6467218332272437,0.1857893061744112,12568
15243,0.16632078268603617,0.6940409131337089,0.13963830418025497,6746
15244,0.14290657439446366,0.7103806228373702,0.1467128027681661,2890
15247,0.15398810744310026,0.7270863235595653,0.11892556899733443,4877
15248,0.19713491554415224,0.6844130853110969,0.11845199914475091,4677
15249,0.21135326913329955,0.658388241256969,0.13025848960973138,3946
15250,0.19254658385093168,0.7045252883762201,0.10292812777284827,7889
15251,0.14468995010691377,0.719648372535044,0.1356616773580423,4209
16001,0.18444165621079048,0.7415307402760352,0.0740276035131744,1594
16002,0.2129783693843594,0.718801996672213,0.06821963394342762,601
16003,0.20259651520327981,0.6902972326614281,0.10710625213529211,5854
16004,0.18297743907039915,0.6983324530295028,0.1186901079000981,13253
16005,0.2243482420473571,0.6680220043051901,0.10762975364745277,4181
16006,0.18656873032528856,0.7026232948583421,0.11080797481636936,4765
16007,0.1967718965107999,0.698314740090197,0.10491336339900309,4213
16008,0.17660066338325459,0.6800683485777466,0.1433309880389989,9949
16009,0.17577464788732394,0.7245070422535211,0.09971830985915493,1775
16010,0.22609877661984595,0.6927956502038967,0.08110557317625736,2207
16011,0.1831914309255699,0.7146388354847569,0.10216973358967317,3641
16012,0.22261623325453112,0.6966115051221434,0.08077226162332546,2538
16013,0.17724733367191467,0.7252412392077197,0.09751142712036567,1969
16014,0.2206896551724138,0.7655172413793103,0.013793103448275862,145
16015,0.2018140589569161,0.6689342403628118,0.1292517006802721,441
16016,0.18695494186046513,0.6898619186046512,0.12318313953488372,5504
16017,0.28975265017667845,0.6325088339222615,0.07773851590106007,283
16018,0.18903768296480847,0.69884771099346,0.11211460604173155,3211
16019,0.24173553719008264,0.6446280991735537,0.11363636363636363,484
16020,0.2162341982701264,0.7029274783765802,0.08083832335329341,3006
16021,0.18374558303886926,0.714487632508834,0.10176678445229682,1415
16022,0.2383838383838384,0.694949494949495,0.06666666666666667,495
16023,0.2203872437357631,0.6697038724373576,0.10990888382687927,1756
16024,0.14284119577593712,0.6013819740572883,0.25577683016677455,89582
16025,0.21119324181626187,0.7106652587117213,0.0781414994720169,947
16026,0.1826086956521739,0.7152173913043478,0.10217391304347827,460
16027,0.3148148148148148,0.5925925925925926,0.09259259259259259,54
16028,0.19035087719298247,0.7263157894736842,0.08333333333333333,4560
16029,0.18930905695611577,0.7103174603174603,0.10037348272642391,4284
16030,0.17774427847060437,0.7030286419076333,0.11922707962176236,7297
16031,0.21190223166843783,0.6828905419766206,0.10520722635494155,4705
16032,0.21125,0.6975,0.09125,800
16033,0.19257221458046767,0.7235213204951857,0.08390646492434663,727
16034,0.2111650485436893,0.7068500539374326,0.08198489751887811,3708
16035,0.18613138686131386,0.7518248175182481,0.06204379562043796,548
16036,0.16046966731898238,0.7397260273972602,0.09980430528375733,511
16037,0.1923449612403101,0.7109173126614987,0.09673772609819122,6192
16038,0.22143579373104147,0.6638018200202225,0.1147623862487361,5934
16040,0.18899413622011726,0.6959855660802887,0.11502029769959404,4434
16041,0.20987654320987653,0.6666666666666666,0.12345679012345678,81
16042,0.18168242906918866,0.7033349925335988,0.11498257839721254,4018
16043,0.21516541898092248,0.693552282057474,0.09128229896160348,4141
16044,0.25,0.6650259067357513,0.0849740932642487,3860
16046,0.23298340670504572,0.6789705384354894,0.08804605485946496,5906
16047,0.18947368421052632,0.692822966507177,0.11770334928229666,3135
16048,0.17882352941176471,0.7529411764705882,0.06823529411764706,425
16049,0.20871862615587847,0.6931968295904888,0.09808454425363276,3028
16050,0.2026875699888018,0.671892497200448,0.12541993281075028,893
16051,0.19505264917265586,0.6931305365201405,0.11181681430720375,5983
16052,0.2072192513368984,0.7081105169340464,0.08467023172905526,2244
16053,0.20609703735508803,0.6763417775869471,0.1175611850579648,11645
16055,0.22098616957306072,0.6803968731208659,0.09861695730607337,3326
16056,0.24369747899159663,0.6680672268907563,0.08823529411764706,238
16057,0.20916991309559485,0.6994306263110578,0.09139946059334732,3337
16058,0.1945080091533181,0.6975591151792525,0.10793287566742944,2622
16059,0.18816649466804267,0.695906432748538,0.11592707258341933,2907
16060,0.23430447271235125,0.6758309396799344,0.0898645876077144,2437
16061,0.24050632911392406,0.7088607594936709,0.05063291139240506,79
16062,0.22173495957242703,0.68699465533781,0.09127038508976291,7297
16063,0.21037463976945245,0.7055715658021133,0.08405379442843419,2082
16064,0.18953722334004025,0.7187122736418511,0.09175050301810865,2485
16065,0.16597077244258873,0.7056367432150313,0.12839248434237996,958
16066,0.1989795918367347,0.688265306122449,0.11275510204081633,1960
16067,0.21778140293637846,0.6900489396411092,0.09216965742251224,1226
16068,0.2037940379403794,0.6888888888888889,0.1073170731707317,1845
16069,0.1961792799412197,0.6748714180749449,0.12894930198383542,2722
16070,0.1878768644874643,0.7223103776578864,0.08981275785464932,3151
16071,0.21035058430717862,0.6819699499165276,0.10767946577629382,1198
16072,0.19230769230769232,0.7226495726495726,0.08504273504273505,2340
16073,0.192046783625731,0.7134502923976608,0.09450292397660819,4275
16074,0.21621621621621623,0.687195392113425,0.09658839167035889,4514
16075,0.19486788617886178,0.7215447154471545,0.08358739837398374,3936
16076,0.21793507184672697,0.7019691325172964,0.08009579563597659,3758
16077,0.17055348258706468,0.6951181592039801,0.13432835820895522,6432
16078,0.1983273596176822,0.7658303464755077,0.035842293906810034,837
16079,0.22300556586270873,0.6826221397649969,0.09437229437229437,8085
16080,0.20870265914585012,0.7010475423045931,0.09024979854955681,1241
16081,0.20382775119617225,0.7007974481658692,0.09537480063795853,3135
16082,0.18949044585987262,0.7213375796178344,0.08917197452229299,628
16083,0.212298682284041,0.7386530014641288,0.04904831625183016,1366
16084,0.20736352094794752,0.6931866271688532,0.09944985188319933,2363
16085,0.25874125874125875,0.6526806526806527,0.08857808857808858,429
16086,0.2012656274116376,0.696558110819571,0.10217626176879148,6479
16087,0.2549222797927461,0.6683937823834197,0.0766839378238342,2895
16088,0.21041837571780148,0.7075471698113207,0.08203445447087777,2438
16089,0.17750533049040512,0.666133617626155,0.15636105188343993,5628
16090,0.23809523809523808,0.7248677248677249,0.037037037037037035,189
16091,0.1779884149552396,0.6942835410449945,0.12772804399976595,17091
16092,0.21783625730994152,0.7178362573099415,0.06432748538011696,684
16093,0.20838471023427868,0.699547883271681,0.09206740649404029,2433
16094,0.21495327102803738,0.6930265995686556,0.09202012940330698,1391
16096,0.1841025641025641,0.704957264957265,0.11094017094017095,5850
16097,0.25477707006369427,0.6719745222929936,0.0732484076433121,942
16098,0.22561797752808987,0.6993258426966292,0.0750561797752809,2225
16099,0.1702857142857143,0.7085714285714285,0.12114285714285715,875
16100,0.22082585278276481,0.6786355475763016,0.10053859964093358,2228
16101,0.21769352290679306,0.6957345971563981,0.08657187993680884,3165
16102,0.20785219399538107,0.7344110854503464,0.057736720554272515,433
16103,0.19285714285714287,0.6785714285714286,0.12857142857142856,140
16104,0.21668137687555164,0.7171226831421006,0.06619593998234775,2266
16105,0.19321039396479464,0.7103939647946353,0.09639564124056998,2386
16106,0.3184713375796178,0.6178343949044586,0.06369426751592357,157
16107,0.22790055248618785,0.669889502762431,0.10220994475138122,724
16108,0.23481279444582198,0.6823704438383338,0.08281676171584429,4033
16109,0.2563619227144204,0.6738925541941565,0.06974552309142319,1061
16110,0.24297520661157024,0.6578512396694215,0.09917355371900827,605
16111,0.22257217847769029,0.6973753280839895,0.08005249343832022,3810
16113,0.22535885167464115,0.710287081339713,0.06435406698564593,4180
16114,0.24648820567187915,0.6620726212562947,0.09143917307182613,3773
16115,0.14186923721709974,0.6391450125733446,0.21898575020955574,4772
16116,0.2221269296740995,0.7349914236706689,0.04288164665523156,1166
16117,0.19781374816060543,0.7002312381753206,0.101955013664074,4757
16118,0.20385050962627407,0.7044167610419027,0.09173272933182333,883
16119,0.20689655172413793,0.6945812807881774,0.09852216748768473,609
16120,0.21333838575217887,0.6972338006820765,0.0894278135657446,5278
16121,0.19285714285714287,0.7857142857142857,0.02142857142857143,140
16122,0.2595078299776286,0.6621923937360179,0.07829977628635347,447
16123,0.16363044892648015,0.7186076772934288,0.11776187378009109,3074
16124,0.2595532039976484,0.6457965902410346,0.09465020576131687,3402
16125,0.1794871794871795,0.7645687645687645,0.055944055944055944,429
16126,0.20548961424332343,0.69473293768546,0.09977744807121662,2696
16127,0.20260223048327136,0.7379182156133829,0.05947955390334572,538
16128,0.1842790213430505,0.6478396668401875,0.1678813118167621,3842
16129,0.21251892983341747,0.6940938919737506,0.0933871781928319,1981
16130,0.2241112828438949,0.6646058732612056,0.11128284389489954,647
16131,0.20690883190883191,0.7118945868945868,0.0811965811965812,2808
16132,0.2110912343470483,0.6827668455575432,0.10614192009540847,5031
16133,0.21993543179983857,0.6902071563088512,0.08985741189131019,7434
16134,0.23880597014925373,0.7313432835820896,0.029850746268656716,134
16135,0.20111214087117701,0.7140871177015755,0.08480074142724744,2158
16136,0.12179487179487179,0.7948717948717948,0.08333333333333333,156
16137,0.19069767441860466,0.7,0.10930232558139535,860
16139,0.2016057091882248,0.7140945584299733,0.08429973238180197,2242
16140,0.2188381274675691,0.7021996615905245,0.07896221094190638,1773
16141,0.231335952848723,0.6866404715127702,0.08202357563850687,2036
16142,0.22646230841413825,0.6840788238974038,0.08945886768845793,3197
16143,0.1585081585081585,0.6487358795051102,0.19275596198673123,5577
16144,0.19738651994497936,0.692457588262265,0.11015589179275562,8724
16145,0.26869806094182824,0.6509695290858726,0.08033240997229917,361
16146,0.21483375959079284,0.7212276214833759,0.0639386189258312,782
16147,0.25210084033613445,0.6470588235294118,0.10084033613445378,119
16148,0.26269315673289184,0.673289183222958,0.0640176600441501,453
16149,0.1893063583815029,0.7109826589595376,0.09971098265895954,692
16150,0.1952,0.7016,0.1032,1250
16151,0.3162393162393162,0.6581196581196581,0.02564102564102564,117
16152,0.19941192194600374,0.7193263833199679,0.08126169473402833,3741
16153,0.19758108851017042,0.6992853216052777,0.10313358988455196,9095
16154,0.25067567567567567,0.65,0.09932432432432432,1480
16155,0.19392284055991807,0.6882895186070331,0.11778764083304882,2929
16156,0.19852489244007376,0.6994468346650277,0.10202827289489859,3254
16157,0.22128174123337363,0.7051995163240629,0.07351874244256348,4135
16158,0.20602526724975703,0.7055393586005831,0.08843537414965986,2058
16159,0.2898550724637681,0.6376811594202898,0.07246376811594203,276
16160,0.15964626483593206,0.7130556202001397,0.12729811496392832,4297
16161,0.2404870624048706,0.7070015220700152,0.05251141552511415,1314
16162,0.2386138613861386,0.6712871287128713,0.0900990099009901,1010
16163,0.18766404199475065,0.7349081364829396,0.07742782152230972,762
16164,0.15705128205128205,0.7467948717948718,0.09615384615384616,936
16165,0.21994134897360704,0.6744868035190615,0.10557184750733138,341
16166,0.3055555555555556,0.5972222222222222,0.09722222222222222,72
16167,0.23201438848920863,0.6879496402877698,0.08003597122302158,1112
16168,0.21068032187271396,0.7022677395757132,0.08705193855157278,1367
16169,0.19591275299665947,0.6490469640400864,0.1550402829632541,5089
16170,0.19409882687522217,0.6766204526602678,0.12928072046451,8439
16171,0.20333190944041007,0.6932934643314823,0.10337462622810764,2341
16172,0.2047071702244116,0.6997810618500274,0.09551176792556103,3654
16173,0.21405563689604684,0.6814055636896047,0.10453879941434846,3415
16174,0.2016075016744809,0.679839249832552,0.11855324849296718,1493
16175,0.1943127962085308,0.7097156398104265,0.09597156398104266,844
16176,0.20255681818181817,0.6778409090909091,0.11960227272727272,3520
16177,0.23854796888504753,0.7070008643042351,0.05445116681071737,1157
16178,0.17902066486972149,0.6424079065588499,0.17857142857142858,4452
16179,0.17891373801916932,0.7124600638977636,0.10862619808306709,939
16180,0.22354694485842028,0.6289120715350224,0.14754098360655737,671
16182,0.19344262295081968,0.7129326047358834,0.0936247723132969,2745
16183,0.21548539967942018,0.6640880897623528,0.12042651055822705,14349
16184,0.19825072886297376,0.6967930029154519,0.10495626822157435,343
16185,0.2028985507246377,0.6972624798711755,0.0998389694041868,621
16186,0.24691358024691357,0.7021604938271605,0.05092592592592592,648
16187,0.1927710843373494,0.678380187416332,0.1288487282463186,2988
16188,0.21509648127128264,0.7116912599318955,0.07321225879682179,3524
16189,0.16606498194945848,0.7287605294825511,0.10517448856799037,4155
16190,0.21748693978553754,0.6818806708825955,0.10063238933186693,3637
16191,0.2907268170426065,0.6791979949874687,0.03007518796992481,399
16193,0.17143416927899688,0.6726097178683386,0.15595611285266459,5104
16194,0.18201487491548343,0.6719405003380663,0.1460446247464503,7395
16195,0.19042553191489361,0.7180851063829787,0.09148936170212765,940
16196,0.22984562607204118,0.710691823899371,0.05946255002858777,1749
16197,0.20844327176781002,0.6992084432717678,0.09234828496042216,1516
16198,0.17528150134048257,0.6761930294906167,0.1485254691689008,18650
16199,0.1977401129943503,0.714375392341494,0.08788449466415568,1593
16200,0.19817073170731708,0.6829268292682927,0.11890243902439024,1312
16201,0.18265682656826568,0.6900369003690037,0.12730627306273062,542
16202,0.20211960635881907,0.6869038607115822,0.11097653292959879,6605
16203,0.18089816571790007,0.6992409867172675,0.11986084756483238,3162
16204,0.2199213630406291,0.6754914809960681,0.10458715596330276,3815
16205,0.2042857142857143,0.7071428571428572,0.08857142857142856,700
16206,0.21357035553329995,0.6982974461692539,0.08813219829744617,3994
16207,0.18063790635861787,0.679922306276835,0.13943978736454712,9782
16208,0.19397590361445782,0.7397590361445783,0.06626506024096386,830
16209,0.21140573919360697,0.7119505993461678,0.07664366146022521,2753
16210,0.19630484988452657,0.7090069284064665,0.09468822170900693,433
16211,0.2330779054916986,0.6762452107279694,0.09067688378033206,1566
16212,0.20430424528301888,0.7149174528301887,0.08077830188679246,3392
16213,0.17810428238666906,0.7222719942662605,0.09962372334707041,5581
16214,0.17711381487756045,0.6527029108270445,0.17018327429539504,6493
16215,0.20990712074303405,0.7126934984520124,0.07739938080495357,1615
16216,0.18157033805888767,0.6957470010905126,0.12268266085059978,1834
16217,0.2297979797979798,0.6868686868686869,0.08333333333333333,792
16218,0.20105587329520458,0.6833846605074058,0.11555946619738965,6819
16219,0.17478280240588104,0.6413455112497215,0.1838716863443974,22445
16220,0.18880587564898063,0.6669621375205774,0.14423198683044194,7897
16221,0.22008113590263692,0.7099391480730223,0.06997971602434078,986
16222,0.2040873854827343,0.7016208597603947,0.09429175475687103,7095
16223,0.18900804289544235,0.7694369973190348,0.04155495978552279,746
16224,0.1828499369482976,0.6904161412358134,0.12673392181588902,3172
16225,0.21634615384615385,0.7259615384615384,0.057692307692307696,416
16226,0.21359223300970873,0.7669902912621359,0.019417475728155338,103
16227,0.17088607594936708,0.6708860759493671,0.15822784810126583,158
16229,0.2097560975609756,0.7707317073170732,0.01951219512195122,205
16230,0.31446540880503143,0.6352201257861635,0.050314465408805034,159
16232,0.23205277454404347,0.6786961583236322,0.0892510671323244,5154
16233,0.21446939825132866,0.6828390193725355,0.10269158237613578,5833
16234,0.2492736780941313,0.6687972109238814,0.08192911098198721,3442
16235,0.2202753441802253,0.6958698372966208,0.08385481852315395,799
16236,0.2521276595744681,0.6510638297872341,0.09680851063829787,940
16237,0.21212121212121213,0.7599067599067599,0.027972027972027972,429
16238,0.20789548423743254,0.6864527122976427,0.10565180346492474,3521
16239,0.2070520705207052,0.6773267732677327,0.11562115621156212,4878
16240,0.18890920170627665,0.6910420475319927,0.12004875076173065,4923
16241,0.21158129175946547,0.6792873051224945,0.1091314031180401,1347
16242,0.22259311314125088,0.6834153197470133,0.09399156711173577,5692
16243,0.18485915492957747,0.727112676056338,0.0880281690140845,1136
16244,0.19230769230769232,0.7181243414120126,0.08956796628029505,1898
16245,0.19318541996830427,0.6801901743264659,0.1266244057052298,6310
16246,0.19768680566123878,0.7053720894840968,0.09694110485466444,6571
16247,0.22998544395924309,0.7016011644832606,0.06841339155749636,687
16248,0.19498069498069498,0.7084942084942085,0.09652509652509653,518
16249,0.21739130434782608,0.7260869565217392,0.05652173913043478,230
16250,0.20939916716240334,0.7144556811421773,0.0761451516954194,1681
16251,0.20803949224259521,0.7080394922425952,0.08392101551480959,1418
16252,0.21767241379310345,0.704382183908046,0.07794540229885058,2784
16253,0.239041311888994,0.6982024597918638,0.06275622831914222,3171
17001,0.228544776119403,0.6958955223880597,0.07555970149253731,1072
17002,0.2285236147266642,0.686500557828189,0.0849758274451469,5378
17003,0.2279874213836478,0.7130503144654088,0.0589622641509434,1272
17004,0.2431350114416476,0.6762013729977117,0.08066361556064074,1748
17005,0.27076923076923076,0.6492307692307693,0.08,325
17006,0.21601804850535816,0.6954314720812182,0.08855047941342357,1773
17007,0.20847784200385355,0.71252408477842,0.0789980732177264,2595
17008,0.20164271047227927,0.6973305954825462,0.10102669404517454,2435
17009,0.21845846290537538,0.6728120835184362,0.10872945357618836,9004
17010,0.23001355013550134,0.6971544715447154,0.07283197831978319,2952
17011,0.23045267489711935,0.696061140505585,0.07348618459729571,1701
17012,0.2115621156211562,0.7060270602706027,0.08241082410824108,813
17013,0.19714964370546317,0.7090261282660333,0.09382422802850356,1684
17014,0.20115922263893624,0.7004205023298102,0.09842027503125356,8799
17015,0.23189926547743966,0.6930745015739769,0.07502623294858342,1906
17016,0.19649122807017544,0.7035087719298245,0.1,1140
17017,0.20561282932416952,0.6849942726231386,0.10939289805269187,1746
17018,0.21370252041178558,0.6673766418175364,0.11892083777067802,2817
17019,0.228486646884273,0.6864490603363007,0.08506429277942631,1011
17020,0.20505078232226187,0.7178149876475433,0.0771342300301949,3643
17021,0.21792725612539948,0.6702176228884492,0.11185512098615127,6571
17022,0.2046659597030753,0.6914103923647932,0.10392364793213149,1886
17023,0.19728315054835494,0.6626370887337986,0.14007976071784647,8024
17024,0.2733957219251337,0.6697860962566845,0.056818181818181816,1496
17025,0.1659978110178767,0.6873403867201752,0.1466618022619482,5482
17026,0.21833333333333332,0.7158333333333333,0.06583333333333333,1200
17027,0.1566265060240964,0.7228915662650602,0.12048192771084337,498
17028,0.1902439024390244,0.6622668579626972,0.14748923959827834,3485
17029,0.16901427881630682,0.6200041387873353,0.21098158239635786,144970
17030,0.21129326047358835,0.692167577413479,0.0965391621129326,549
17031,0.16894087069525665,0.7270955165692008,0.10396361273554255,1539
17032,0.20714285714285716,0.71484375,0.07801339285714286,8960
17033,0.1935361216730038,0.6958174904942965,0.11064638783269962,2630
17034,0.22099728629579377,0.6886024423337856,0.09040027137042063,5896
17035,0.22423887587822014,0.664519906323185,0.11124121779859485,1708
17036,0.3273381294964029,0.6294964028776978,0.04316546762589928,278
17037,0.20391807658058772,0.6800237459186702,0.11605817750074206,3369
17038,0.202569024066145,0.7181455780304149,0.07928539790344014,6773
17039,0.23042754025541365,0.6812881732370905,0.08828428650749584,9005
17040,0.18339736094872222,0.699181560046768,0.11742107900450977,5987
17041,0.22629213483146068,0.7038202247191011,0.0698876404494382,4450
17042,0.17647794025746782,0.7022872140982377,0.12123484564429446,8001
17043,0.21264028352037803,0.6862374483165977,0.10112226816302422,8465
17044,0.21852152721364745,0.7262388302193339,0.05523964256701868,1231
17045,0.22735311456081744,0.6936529770092356,0.07899390842994694,5089
17046,0.2172615184944841,0.6851395197923427,0.09759896171317327,7705
17047,0.19656019656019655,0.7002457002457002,0.10319410319410319,814
17048,0.18607837763770896,0.6314058646204439,0.18251575774184708,3649
17049,0.1755424063116371,0.7317554240631163,0.09270216962524655,507
17050,0.20721412125863392,0.7083653108211819,0.0844205679201842,1303
17051,0.1990521327014218,0.7203791469194313,0.08056872037914692,633
17052,0.21127890858685344,0.6687094185452689,0.12001167286787773,13707
17053,0.23336457357075913,0.6569821930646673,0.10965323336457357,1067
17054,0.23429951690821257,0.7125603864734299,0.05314009661835749,414
17055,0.21036428937916882,0.70702924576706,0.08260646485377117,1949
17056,0.20783867295495204,0.6921450642380875,0.10001626280696048,6149
17057,0.1786743515850144,0.6273775216138329,0.19394812680115273,3470
17058,0.2325886990801577,0.7109067017082786,0.056504599211563734,1522
17059,0.21494102228047182,0.6964987829994383,0.08856019472008987,5341
17060,0.18703703703703703,0.7385185185185185,0.07444444444444444,2700
17061,0.1807094391479859,0.6707893154685218,0.14850124538349221,11643
17062,0.20219821868485882,0.692249384119765,0.10555239719537617,5277
17063,0.19786808794137242,0.7161892071952032,0.08594270486342438,1501
17064,0.20673076923076922,0.7182692307692308,0.075,1040
17065,0.19067275601616018,0.6835587563674688,0.125768487616371,11386
17066,0.19402985074626866,0.7087064676616915,0.0972636815920398,4020
17067,0.16525344763324637,0.6412131941856131,0.1935333581811405,21464
17068,0.18586698337292162,0.7042755344418052,0.10985748218527316,3368
17069,0.20528266913809082,0.6875193080012357,0.10719802286067347,6474
17070,0.18775510204081633,0.6963265306122449,0.11591836734693878,3675
17071,0.22897526501766785,0.7137809187279152,0.05724381625441696,1415
17072,0.20927357032457497,0.6775888717156106,0.11313755795981453,6470
17073,0.22924782738987115,0.6724602936769554,0.09829187893317351,3337
17074,0.16161616161616163,0.6565656565656566,0.18181818181818182,2079
17075,0.2127659574468085,0.691972920696325,0.09526112185686654,8272
17076,0.20530406950160038,0.6767261088248743,0.11796982167352538,2187
17077,0.1781512605042017,0.7012885154061624,0.12056022408963585,8925
17078,0.20238002644473826,0.6962744030489227,0.10134557050633895,12857
17079,0.18939883645765998,0.7175177763413058,0.09308338720103426,1547
17080,0.21481481481481482,0.6925925925925925,0.09259259259259259,3510
17081,0.20243281005999836,0.6507766910495603,0.14679049889044135,12167
17082,0.17748618784530387,0.7237569060773481,0.09875690607734806,1448
17083,0.17407407407407408,0.7333333333333333,0.09259259259259259,270
17084,0.19230769230769232,0.7788461538461539,0.028846153846153848,104
17085,0.17527701827601094,0.6649877680241761,0.15973521369981292,6949
17086,0.24182776801405975,0.6917398945518454,0.0664323374340949,2845
17087,0.2641509433962264,0.692722371967655,0.0431266846361186,371
17088,0.202758069351454,0.7008094333966224,0.09643249725192365,10007
17089,0.21675392670157068,0.6952879581151833,0.08795811518324607,955
17090,0.19616026711185308,0.7003338898163606,0.10350584307178631,1198
17091,0.20405819295558958,0.6944869831546707,0.10145482388973966,2612
17092,0.18401441323396936,0.6847105069199901,0.13127507984604045,12211
17093,0.18004866180048662,0.7372262773722628,0.0827250608272506,411
17094,0.15517241379310345,0.7306034482758621,0.11422413793103449,464
17095,0.3152542372881356,0.6101694915254238,0.07457627118644068,295
17096,0.23423651557356293,0.6913775639402381,0.07438592048619903,15796
17097,0.20245398773006135,0.7321063394683026,0.065439672801636,978
17098,0.4752475247524752,0.49504950495049505,0.0297029702970297,101
17099,0.20208768267223381,0.7144050104384133,0.08350730688935282,2395
17100,0.22988505747126436,0.6508620689655172,0.11925287356321838,1392
17101,0.2191424859246427,0.6942399307059333,0.08661758336942399,2309
17102,0.17830045523520485,0.6874051593323217,0.13429438543247343,3954
17103,0.20732962734198065,0.6700638254066296,0.12260654725138975,9714
17104,0.21602101116217992,0.7028890347997374,0.08108995403808274,3046
17105,0.26171875,0.6953125,0.04296875,512
17106,0.1793103448275862,0.7094827586206897,0.11120689655172414,2320
17107,0.199933869723355,0.6907307395569271,0.10933539071971785,9073
17108,0.24526813880126183,0.693217665615142,0.061514195583596214,1268
17109,0.14875621890547264,0.6915422885572139,0.15970149253731344,2010
17110,0.22716627634660422,0.711943793911007,0.06088992974238876,427
17111,0.2237048665620094,0.7056514913657771,0.0706436420722135,1274
17112,0.17729024607174623,0.6735843462792767,0.14912540764897717,3373
17113,0.19808132562956504,0.6972092009157309,0.10470947345470402,18346
17114,0.19920205186662868,0.707324023938444,0.09347392419492732,3509
17115,0.2337228714524207,0.7195325542570952,0.04674457429048414,599
17116,0.20223010643689812,0.6933603649265079,0.10440952863659402,1973
17117,0.21661012690036438,0.6828747330066591,0.1005151400929765,7959
17118,0.16198704103671707,0.7213822894168467,0.11663066954643629,1389
17119,0.2436128103634401,0.6617488305145736,0.09463835912198633,2779
17120,0.1993939393939394,0.6990909090909091,0.10151515151515152,3300
17121,0.2371946414499606,0.6824271079590228,0.08037825059101655,1269
17122,0.20021037868162692,0.717391304347826,0.08239831697054699,2852
17123,0.21235365361324182,0.6568429551877271,0.1308033911990311,2477
17124,0.14866760168302945,0.7924263674614306,0.05890603085553997,713
17125,0.19070187316632814,0.6837057097720605,0.12559241706161137,8862
17126,0.18959537572254334,0.7265895953757225,0.0838150289017341,1730
17127,0.1998014888337469,0.7034243176178661,0.0967741935483871,10075
17128,0.2119514472455649,0.7142857142857143,0.07376283846872082,1071
17129,0.1732394366197183,0.6369014084507042,0.18985915492957747,3550
17130,0.21116138763197587,0.6693061840120663,0.11953242835595777,2652
17131,0.19117647058823528,0.7573529411764706,0.051470588235294115,136
17132,0.21885087153001936,0.6946417043253712,0.08650742414460942,1549
17133,0.2007125890736342,0.6798938102556937,0.11939360067067208,14314
17134,0.16250678241996744,0.7107976125881714,0.12669560499186108,3686
17135,0.19068736141906872,0.7117516629711752,0.0975609756097561,451
17136,0.2020594521080241,0.66407616087041,0.13386438702156597,5147
17137,0.22018828451882846,0.698744769874477,0.08106694560669456,1912
17138,0.18685897435897436,0.7211538461538461,0.0919871794871795,3120
17139,0.31363636363636366,0.6136363636363636,0.07272727272727272,440
17140,0.27802690582959644,0.6614349775784754,0.06053811659192825,446
17141,0.21389396709323583,0.7431444241316271,0.04296160877513711,1094
17142,0.18520727706531465,0.7286012526096033,0.08619147032508202,3353
17143,0.1938259109311741,0.6825236167341431,0.12365047233468286,5928
17144,0.21605603448275862,0.7117456896551724,0.07219827586206896,1856
17145,0.16440281030444964,0.7007025761124122,0.13489461358313817,2135
17146,0.2239845261121857,0.6901353965183752,0.08588007736943908,2585
17147,0.19247197010144154,0.6906033101975441,0.11692471970101441,3746
17148,0.1609517144856543,0.7228831350594822,0.11616515045486354,1429
17149,0.22918258212375858,0.6634835752482812,0.10733384262796028,5236
17150,0.24704907848415822,0.662870159453303,0.09008076206253883,4829
17151,0.20996978851963746,0.68202416918429,0.10800604229607251,2648
17152,0.25824175824175827,0.6528471528471529,0.08891108891108891,2002
17153,0.23026926648096566,0.6982358402971216,0.07149489322191271,1077
17155,0.19617727368199958,0.7204368830077714,0.08338584331022894,4761
17156,0.2123046875,0.6734375,0.1142578125,5120
17157,0.24807395993836673,0.7057010785824345,0.046224961479198766,649
17158,0.1933128362797848,0.6756341275941583,0.13105303612605687,2602
17159,0.2078822000866176,0.7109138155045475,0.08120398440883499,4618
17160,0.2297476759628154,0.6737494466578132,0.09650287737937141,2259
17161,0.1872522110399512,0.6849649283318084,0.12778286062824032,9837
17162,0.22143078352431092,0.7030040260142459,0.07556519046144317,3229
17163,0.16904561992723202,0.6908760145535964,0.14007836551917158,7146
17164,0.18408408408408408,0.7078078078078078,0.10810810810810811,3330
17165,0.1951472111259062,0.6934457760023672,0.1114070128717266,6759
17166,0.2125734961555857,0.6792552389567315,0.10817126488768279,13266
17167,0.22774015550539253,0.6960120391271633,0.07624780536744419,3987
17168,0.19816643159379407,0.7069816643159379,0.09485190409026799,2836
17169,0.1939487975174554,0.6838634600465477,0.1221877424359969,2578
17170,0.1739023490345591,0.6381748862378551,0.1879227647275858,8131
17171,0.16376042456406367,0.6618650492797574,0.17437452615617893,2638
17172,0.21043956043956044,0.7093406593406594,0.08021978021978023,1820
17173,0.1969872537659328,0.6674391657010429,0.13557358053302435,3452
17174,0.20428987921699293,0.6931486880466472,0.10256143273635986,9604
17175,0.2597809076682316,0.6823161189358372,0.057902973395931145,639
17176,0.20974155069582506,0.7037773359840954,0.08648111332007952,1006
17177,0.2618825722273998,0.6784715750232991,0.05964585274930102,1073
17178,0.23744493392070484,0.698237885462555,0.06431718061674009,2270
17179,0.16951837769328262,0.6988276299112801,0.13165399239543726,6312
17180,0.15723270440251572,0.6827393431167016,0.16002795248078266,1431
17181,0.16851441241685144,0.7439024390243902,0.08758314855875832,902
17182,0.1836734693877551,0.6917663617171006,0.12456016889514426,1421
17183,0.2505567928730512,0.6792873051224945,0.07015590200445435,898
17184,0.1896551724137931,0.7,0.1103448275862069,870
17185,0.2062904717853839,0.7049028677150786,0.08880666049953746,1081
17186,0.20644444444444446,0.7006666666666667,0.09288888888888888,4500
17187,0.18428500083236224,0.6948560013317796,0.12085899783585817,6007
17188,0.2190791453505868,0.6876316581402347,0.09328919650917845,9969
17189,0.19301361752516283,0.7252812314979278,0.08170515097690942,1689
17190,0.2413240790176188,0.689001601708489,0.06967431927389216,3746
17191,0.17902813299232737,0.7519181585677749,0.06905370843989769,391
17192,0.2438148443735036,0.6799680766161214,0.0762170790103751,2506
17193,0.2077798861480076,0.7115749525616698,0.08064516129032258,1054
17194,0.29936305732484075,0.5605095541401274,0.14012738853503184,157
17195,0.20863787375415282,0.6805647840531561,0.11079734219269104,6020
17196,0.22199170124481327,0.6936376210235131,0.08437067773167359,2892
17197,0.21694007365249415,0.7154335453632407,0.06762638098426516,2987
17198,0.12917398945518455,0.7521968365553603,0.11862917398945519,1138
17199,0.2065556711758585,0.6866545265348595,0.106789802289282,7688
17200,0.21174004192872117,0.7180293501048218,0.07023060796645703,954
17201,0.18664818664818664,0.7027027027027027,0.11064911064911065,4329
17202,0.21484375,0.68359375,0.1015625,512
17203,0.20277169948942378,0.7221006564551422,0.07512764405543398,1371
17204,0.22789685197588747,0.6890488948425988,0.08305425318151373,5972
17205,0.21957040572792363,0.6957040572792362,0.08472553699284009,838
17206,0.20134818288393905,0.6887456037514654,0.10990621336459555,3412
18001,0.18729096989966554,0.6839464882943144,0.12876254180602006,598
18002,0.17415730337078653,0.6404494382022472,0.1853932584269663,178
18003,0.2584745762711864,0.6800847457627118,0.0614406779661017,472
18004,0.18670172802404209,0.6919609316303531,0.12133734034560481,2662
18005,0.21012006861063465,0.6963979416809606,0.09348198970840481,1166
18006,0.1774193548387097,0.7225806451612903,0.1,310
18007,0.17142857142857143,0.7409523809523809,0.08761904761904762,525
18008,0.1937984496124031,0.6945736434108527,0.11162790697674418,645
18009,0.17167721518987342,0.7365506329113924,0.09177215189873418,1264
18011,0.1774193548387097,0.7155425219941349,0.10703812316715543,682
18012,0.1384297520661157,0.7582644628099173,0.10330578512396695,484
18013,0.19629390217625511,0.6854126265890972,0.1182934712346477,4641
18014,0.16473988439306358,0.6941233140655106,0.14113680154142583,2076
18015,0.14023457419683835,0.6308006119326874,0.22896481387047424,1961
18016,0.16731517509727625,0.703307392996109,0.1293774319066148,1028
18017,0.17701863354037267,0.7204968944099379,0.10248447204968944,322
18018,0.21571428571428572,0.6914285714285714,0.09285714285714286,700
18019,0.16019159127195318,0.7243214475784993,0.11548696114954764,1879
18020,0.14512922465208747,0.7673956262425448,0.0874751491053678,503
18021,0.3157894736842105,0.6041189931350115,0.08009153318077804,437
18022,0.24798387096774194,0.657258064516129,0.09475806451612903,496
18023,0.20360219263899765,0.6675802662490211,0.1288175411119812,2554
18024,0.19556250888920496,0.6760062580002845,0.1284312331105106,7031
18025,0.1511627906976744,0.5697674418604651,0.27906976744186046,86
18026,0.21319199057714958,0.6595995288574794,0.127208480565371,849
18027,0.21739130434782608,0.6767485822306238,0.10586011342155009,1058
18029,0.18662674650698602,0.6906187624750499,0.12275449101796407,1002
18030,0.19394512771996217,0.6773888363292336,0.12866603595080417,1057
18031,0.14697406340057637,0.7752161383285303,0.07780979827089338,347
18032,0.22815533980582525,0.6699029126213593,0.10194174757281553,618
18033,0.2426470588235294,0.6623303167420814,0.09502262443438914,1768
18034,0.1803382329698119,0.725936462778568,0.09372530425162004,6327
18035,0.22785559281909648,0.669560071019925,0.10258433616097849,5069
18036,0.2491349480968858,0.6141868512110726,0.13667820069204153,578
18037,0.1892434276540237,0.6664659843467791,0.14429058799919728,4983
18038,0.20639147802929428,0.6671105193075899,0.12649800266311584,751
18039,0.23477157360406092,0.6878172588832487,0.07741116751269035,788
18040,0.23658536585365852,0.6585365853658537,0.1048780487804878,410
18041,0.17577664176169877,0.6675186787259143,0.15670467951238695,5086
18042,0.14207650273224043,0.7486338797814208,0.1092896174863388,183
18043,0.17523809523809525,0.7307936507936508,0.09396825396825396,1575
18044,0.19548872180451127,0.7593984962406015,0.045112781954887216,133
18045,0.2403846153846154,0.7115384615384616,0.04807692307692308,520
18046,0.1816569546491006,0.6488472257410691,0.16949581960983026,3947
18047,0.2313860252004582,0.6872852233676976,0.08132875143184422,873
18048,0.18556338028169014,0.7295774647887324,0.08485915492957746,2840
18049,0.2197483059051307,0.6795740561471443,0.10067763794772508,1033
18050,0.20300566642030057,0.7018970189701897,0.09509731460950974,4059
18051,0.19918144611186903,0.6630286493860846,0.1377899045020464,733
18052,0.19791666666666666,0.7361111111111112,0.06597222222222222,1152
18053,0.20197418375094914,0.6993166287015945,0.09870918754745633,1317
18054,0.19210053859964094,0.703770197486535,0.10412926391382406,557
18057,0.2074468085106383,0.6715425531914894,0.12101063829787234,752
18058,0.24372759856630824,0.6953405017921147,0.06093189964157706,279
18059,0.1214574898785425,0.7773279352226721,0.10121457489878542,247
18060,0.15325561558146147,0.6676144441285187,0.1791299402900199,3517
18061,0.20629266844761057,0.6987236568714752,0.09498367468091422,3369
18062,0.24540682414698162,0.6666666666666666,0.08792650918635171,762
18063,0.18282988871224165,0.7233704292527822,0.09379968203497616,629
18064,0.1595744680851064,0.7021276595744681,0.13829787234042554,282
18065,0.2746987951807229,0.6469879518072289,0.0783132530120482,830
18066,0.34375,0.5625,0.09375,128
18067,0.21333333333333335,0.6866666666666666,0.1,150
18068,0.2146092865232163,0.6858720271800679,0.09951868629671574,7064
18069,0.20261984392419174,0.677257525083612,0.12012263099219621,7176
18071,0.19318181818181818,0.7367424242424242,0.07007575757575757,1056
18072,0.18131723956966675,0.6872212017843086,0.13146155864602466,3811
18073,0.14527938342967245,0.6751445086705202,0.17957610789980732,2595
18074,0.1872146118721461,0.5844748858447488,0.228310502283105,219
18075,0.23278850916295196,0.6740960871718673,0.09311540366518078,2019
18076,0.20653188180404355,0.6793157076205287,0.11415241057542769,3215
18077,0.23113207547169812,0.660377358490566,0.10849056603773585,1060
18078,0.19048662867163524,0.6970626918018413,0.11245067952652346,4562
18079,0.2644927536231884,0.6811594202898551,0.05434782608695652,276
18080,0.1952054794520548,0.7123287671232876,0.09246575342465753,876
18081,0.18551150269211944,0.7063142437591777,0.10817425354870289,2043
18082,0.16831683168316833,0.7623762376237624,0.06930693069306931,101
18083,0.23027989821882952,0.6711195928753181,0.09860050890585242,1572
18084,0.21029572836801752,0.6845564074479737,0.10514786418400876,1826
18085,0.19384615384615383,0.7038461538461539,0.10230769230769231,1300
18086,0.18439306358381502,0.6907514450867052,0.12485549132947976,1730
18087,0.1791421362489487,0.7182506307821699,0.10260723296888141,1189
18088,0.19609120521172638,0.7144408251900108,0.08946796959826275,4605
18089,0.2837370242214533,0.615916955017301,0.10034602076124567,289
18090,0.2442159383033419,0.6632390745501285,0.09254498714652956,778
18091,0.25069637883008355,0.6601671309192201,0.08913649025069638,359
18092,0.1576036866359447,0.7133640552995392,0.12903225806451613,1085
18093,0.1900519673348181,0.6971046770601337,0.11284335560504825,2694
18094,0.20741758241758243,0.6840659340659341,0.10851648351648352,728
18095,0.19725557461406518,0.6638078902229846,0.13893653516295026,1166
18096,0.1843220338983051,0.6885593220338984,0.1271186440677966,472
18097,0.2,0.71875,0.08125,320
18098,0.15920398009950248,0.7114427860696517,0.12935323383084577,201
18099,0.18867924528301888,0.7148846960167715,0.09643605870020965,477
18100,0.1579778830963665,0.7156398104265402,0.1263823064770932,1266
18101,0.1891304347826087,0.6739130434782609,0.13695652173913042,460
18102,0.19429768628165422,0.6730734195664055,0.13262889415194024,10978
18103,0.18660287081339713,0.7320574162679426,0.08133971291866028,209
18104,0.2572614107883817,0.6742738589211619,0.06846473029045644,482
18105,0.2631578947368421,0.6015037593984962,0.13533834586466165,133
18106,0.19540229885057472,0.7394636015325671,0.06513409961685823,783
18107,0.23780945236309078,0.6511627906976745,0.1110277569392348,1333
18108,0.2289156626506024,0.6987951807228916,0.07228915662650602,249
18109,0.21669106881405564,0.6903367496339677,0.09297218155197658,1366
18110,0.1419606226934677,0.5485285026507559,0.3095108746557764,53381
18111,0.18578352180936994,0.6623586429725363,0.1518578352180937,619
18112,0.2408026755852843,0.6705685618729097,0.08862876254180602,598
18113,0.23878326996197718,0.6783269961977186,0.08288973384030418,1315
18114,0.2001044932079415,0.7147335423197492,0.0851619644723093,1914
18115,0.2363919129082426,0.6772939346811819,0.08631415241057543,1286
18116,0.21714285714285714,0.6647619047619048,0.1180952380952381,525
18117,0.15220949263502456,0.734860883797054,0.11292962356792144,611
18118,0.16111611161116113,0.7497749774977498,0.0891089108910891,1111
18119,0.26101694915254237,0.6542372881355932,0.0847457627118644,295
18120,0.19818652849740934,0.667098445595855,0.13471502590673576,772
18121,0.1616248919619706,0.7035436473638721,0.1348314606741573,1157
18122,0.15774719673802243,0.6827217125382263,0.15953109072375127,3924
18123,0.22982774252039892,0.6645512239347234,0.1056210335448776,4412
18124,0.20654911838790932,0.6523929471032746,0.14105793450881612,397
18125,0.3157894736842105,0.5789473684210527,0.10526315789473684,38
18126,0.12568306010928962,0.6721311475409836,0.20218579234972678,183
18127,0.10087719298245613,0.7697368421052632,0.12938596491228072,456
18128,0.27165354330708663,0.6122047244094488,0.11614173228346457,508
18129,0.1449814126394052,0.7351301115241635,0.11988847583643122,1076
18130,0.25952380952380955,0.6595238095238095,0.08095238095238096,420
18131,0.22118380062305296,0.6542056074766355,0.12461059190031153,642
18133,0.2607449856733524,0.664756446991404,0.07449856733524356,349
18134,0.21584158415841584,0.6554455445544555,0.12871287128712872,505
18135,0.136275146009085,0.6242699545749514,0.23945489941596365,3082
18136,0.23529411764705882,0.6978609625668449,0.06684491978609626,748
18137,0.14541666666666667,0.633125,0.22145833333333334,4800
18138,0.22085561497326203,0.682620320855615,0.096524064171123,3740
18139,0.20363890832750176,0.7249825052484254,0.07137858642407278,1429
18140,0.20619469026548673,0.679646017699115,0.11415929203539824,1130
18141,0.16137931034482758,0.6744827586206896,0.16413793103448276,725
18142,0.2757731958762887,0.6134020618556701,0.11082474226804123,388
18143,0.20950801547816472,0.681592039800995,0.10889994472084025,1809
18144,0.21964285714285714,0.7214285714285714,0.05892857142857143,560
18145,0.23587223587223588,0.6658476658476659,0.09828009828009827,407
18146,0.21129170230966637,0.6954662104362703,0.0932420872540633,1169
18147,0.20657276995305165,0.702660406885759,0.09076682316118936,639
18148,0.16129032258064516,0.7225806451612903,0.11612903225806452,155
18149,0.20770877944325483,0.702355460385439,0.08993576017130621,467
18150,0.1645085969008703,0.7096157928253025,0.1258756102738272,4711
18151,0.1859122401847575,0.6443418013856813,0.1697459584295612,866
18152,0.21994884910485935,0.6930946291560103,0.08695652173913043,391
18153,0.17869931847060183,0.6766778329675407,0.14462284856185745,8657
18154,0.22448979591836735,0.7052154195011338,0.07029478458049887,441
18155,0.19412724306688417,0.699021207177814,0.1068515497553018,1226
18156,0.23511904761904762,0.6785714285714286,0.08630952380952381,336
18157,0.1723027375201288,0.7359098228663447,0.09178743961352658,621
18158,0.25098039215686274,0.6666666666666666,0.08235294117647059,255
18159,0.1250701065619742,0.5440269209197981,0.3309029725182277,1783
18160,0.17222222222222222,0.7388888888888889,0.08888888888888889,2520
18161,0.1967741935483871,0.6790322580645162,0.12419354838709677,620
18162,0.1424731182795699,0.6245519713261649,0.23297491039426524,3348
18163,0.15304347826086956,0.697391304347826,0.14956521739130435,1725
18164,0.2017970797454137,0.7004867090977163,0.09771621115687008,2671
18165,0.1884892086330935,0.720863309352518,0.09064748201438849,695
18166,0.2800829875518672,0.6473029045643154,0.07261410788381743,482
18167,0.3262411347517731,0.6382978723404256,0.03546099290780142,141
18168,0.21049046321525886,0.7098092643051771,0.07970027247956403,1468
18169,0.18826619964973731,0.6690017513134852,0.14273204903677758,1142
18171,0.19019375247133255,0.6868327402135231,0.12297350731514432,2529
18172,0.2463768115942029,0.6086956521739131,0.14492753623188406,69
18173,0.1813186813186813,0.6973795435333897,0.12130177514792899,2366
18174,0.23076923076923078,0.7,0.06923076923076923,260
18175,0.22373949579831934,0.6995798319327731,0.07668067226890757,952
18176,0.18471470220741357,0.7074135776759684,0.10787172011661808,4802
18177,0.2038648207376261,0.6520766701706515,0.1440585090917224,44711
18178,0.1346153846153846,0.7115384615384616,0.15384615384615385,52
18179,0.2421602787456446,0.6289198606271778,0.1289198606271777,574
18180,0.1892116182572614,0.7095435684647303,0.1012448132780083,2410
18181,0.1912464319695528,0.7174119885823026,0.09134157944814462,1051
18182,0.17263289469115656,0.6609492725947016,0.16641783271414187,28801
18183,0.08064516129032258,0.7580645161290323,0.16129032258064516,124
18184,0.20416124837451236,0.6671001300390117,0.12873862158647595,769
18185,0.16448445171849427,0.7324058919803601,0.10310965630114566,1222
18186,0.21810699588477367,0.6982167352537723,0.08367626886145405,729
18187,0.2519893899204244,0.6896551724137931,0.058355437665782495,377
18188,0.2118380062305296,0.6947040498442367,0.09345794392523364,321
18189,0.21974248927038625,0.6849785407725322,0.09527896995708154,1165
18190,0.21539141972578504,0.6895179124281291,0.0950906678460858,2261
18191,0.19967266775777415,0.6759410801963993,0.12438625204582651,611
18192,0.20083030617540218,0.6953814218993254,0.10378827192527244,1927
18193,0.21147356580427445,0.6636670416197975,0.12485939257592801,889
19001,0.2737819025522042,0.6276102088167054,0.09860788863109049,862
19002,0.1829312207418077,0.7248829672308247,0.09218581202736767,2777
19003,0.2327127659574468,0.6715425531914894,0.09574468085106383,1504
19004,0.18222222222222223,0.7088888888888889,0.10888888888888888,450
19005,0.2283464566929134,0.6806950855281021,0.09095845777898452,3683
19006,0.18744313011828936,0.6660600545950864,0.1464968152866242,1099
19007,0.25980392156862747,0.6740196078431373,0.0661764705882353,408
19009,0.25418060200668896,0.6767001114827201,0.06911928651059086,897
19010,0.2202835332606325,0.7088331515812432,0.07088331515812432,917
19011,0.1797520661157025,0.6797520661157025,0.14049586776859505,484
19012,0.19386503067484662,0.6466257668711657,0.15950920245398773,1630
19013,0.22167487684729065,0.6945812807881774,0.08374384236453201,406
19014,0.2533783783783784,0.6891891891891891,0.057432432432432436,296
19015,0.20195627157652474,0.7151898734177216,0.08285385500575373,1738
19016,0.2272572402044293,0.6732538330494038,0.09948892674616695,2935
19017,0.19834710743801653,0.7257700976709242,0.07588279489105935,1331
19018,0.2099767981438515,0.7041763341067285,0.08584686774941995,862
19019,0.1977077363896848,0.7306590257879656,0.07163323782234957,349
19020,0.2035685320356853,0.7120843471208435,0.08434712084347121,1233
19021,0.18686685962373373,0.6721237337192475,0.1410094066570188,11056
19022,0.22104404567699837,0.6998368678629691,0.07911908646003263,1226
19023,0.19721577726218098,0.6890951276102089,0.1136890951276102,431
19024,0.1743119266055046,0.7033639143730887,0.12232415902140673,327
19025,0.20934930024527484,0.6671475977492425,0.12350310200548262,6931
19026,0.18416686418582603,0.6909220194358853,0.1249111163782887,4219
19027,0.3018867924528302,0.6132075471698113,0.08490566037735849,212
19028,0.20218579234972678,0.6857923497267759,0.11202185792349727,366
19029,0.20673076923076922,0.7271634615384616,0.06610576923076923,1664
19030,0.24357034795763993,0.6565809379727685,0.09984871406959153,661
19031,0.2511792452830189,0.6580188679245284,0.09080188679245282,848
19032,0.16897856242118536,0.7200504413619168,0.11097099621689786,793
19033,0.2659019812304484,0.6538060479666319,0.08029197080291971,959
19034,0.21379897785349233,0.7001703577512777,0.08603066439522998,1174
19035,0.1727350360996817,0.6312398105737133,0.19602515332660508,25762
19036,0.17035790874805887,0.6322191821341419,0.1974229091177993,54092
19037,0.18491484184914841,0.681265206812652,0.13381995133819952,1233
19038,0.2411504424778761,0.668141592920354,0.09070796460176991,452
19039,0.2268041237113402,0.7044673539518901,0.06872852233676977,291
19040,0.24299065420560748,0.5887850467289719,0.16822429906542055,214
19041,0.19381289601192694,0.7215803205367126,0.08460678345136041,2683
19043,0.2408256880733945,0.6685779816513762,0.09059633027522936,872
19044,0.24900662251655628,0.6701986754966888,0.08079470198675497,755
19045,0.25232198142414863,0.6780185758513931,0.0696594427244582,646
19046,0.22309337134711332,0.699215965787598,0.07769066286528867,1403
19047,0.2371007371007371,0.671990171990172,0.09090909090909091,814
19048,0.15187376725838264,0.7189349112426036,0.1291913214990138,1014
19049,0.2178649237472767,0.7124183006535948,0.06971677559912855,459
19050,0.23425925925925925,0.6675925925925926,0.09814814814814815,1080
19051,0.23064894448788115,0.6841282251759186,0.08522283033620015,1279
19052,0.23693556570268898,0.6722475900558093,0.09081684424150177,1971
19053,0.2497096399535424,0.6492450638792102,0.10104529616724739,861
19054,0.19959946595460615,0.6935914552736983,0.1068090787716956,1498
19055,0.1808662541646835,0.6987148976677773,0.12041884816753927,2101
19056,0.17222222222222222,0.6666666666666666,0.16111111111111112,1260
19057,0.1774982529699511,0.710691823899371,0.11180992313067785,1431
19058,0.1974921630094044,0.7216300940438871,0.08087774294670846,1595
19059,0.21593406593406594,0.6802197802197802,0.10384615384615385,1820
19060,0.20810313075506445,0.7053406998158379,0.0865561694290976,543
19061,0.2408026755852843,0.677257525083612,0.08193979933110368,598
19062,0.22360953461975028,0.6515323496027242,0.12485811577752554,4405
19063,0.19465081723625557,0.6760772659732541,0.12927191679049035,673
19064,0.2943432406519655,0.6308724832214765,0.07478427612655801,2086
19065,0.25588536335721596,0.6663254861821903,0.07778915046059365,977
19066,0.2112375533428165,0.7172830725462305,0.07147937411095306,2812
19067,0.20861961274203622,0.6955028107432855,0.09587757651467832,6404
19068,0.18382352941176472,0.7038398692810458,0.11233660130718955,2448
19069,0.21396598030438674,0.7045658012533572,0.08146821844225605,1117
19070,0.20689655172413793,0.6574712643678161,0.135632183908046,435
19072,0.20032051282051283,0.6939102564102564,0.10576923076923077,1872
19073,0.2099236641221374,0.7264631043256997,0.06361323155216285,786
19074,0.2119205298013245,0.6898454746136865,0.09823399558498896,906
19075,0.19457013574660634,0.6832579185520362,0.12217194570135746,1105
19076,0.22778473091364204,0.663537755527743,0.10867751355861494,4794
19077,0.22211445198836083,0.6847720659553831,0.09311348205625607,1031
19078,0.18731117824773413,0.716012084592145,0.09667673716012085,662
19079,0.18914473684210525,0.7351973684210527,0.0756578947368421,1216
19080,0.256,0.6706666666666666,0.07333333333333333,750
19081,0.17183314198239572,0.6907768848067356,0.13738997321086874,2613
19082,0.1717171717171717,0.6691919191919192,0.1590909090909091,396
19083,0.19536903039073805,0.6837916063675832,0.12083936324167872,1382
19084,0.19663563612608198,0.6874081332680059,0.11595623060591213,6123
19085,0.22567645365572828,0.6845135290731146,0.08981001727115717,1737
19086,0.20851433536055602,0.7028670721112077,0.08861859252823631,2302
19087,0.21385176184690158,0.7193195625759417,0.06682867557715674,823
19088,0.26616446955430006,0.6434400502197113,0.0903954802259887,1593
19089,0.2414486921529175,0.6670020120724346,0.09154929577464789,994
19090,0.19926470588235295,0.6845588235294118,0.1161764705882353,1360
19091,0.18006430868167203,0.684887459807074,0.13504823151125403,311
19092,0.2576808721506442,0.6531219028741329,0.08919722497522299,1009
19093,0.264,0.6426666666666667,0.09333333333333334,375
19094,0.2006281900274833,0.7004318806438948,0.0989399293286219,2547
19095,0.17802108678021086,0.713300892133009,0.10867802108678021,2466
19096,0.22335766423357664,0.672992700729927,0.10364963503649635,685
19097,0.21365090650551014,0.6685033771773907,0.11784571631709918,5626
19098,0.2186747954436066,0.6645275148403658,0.1167976897160276,6233
19099,0.2669287898645697,0.6299694189602446,0.10310179117518567,2289
19100,0.19588550983899822,0.7101967799642218,0.09391771019677997,1118
19101,0.24520255863539445,0.6886993603411514,0.06609808102345416,469
19102,0.20833333333333334,0.6838235294117647,0.10784313725490197,4896
19103,0.21629213483146068,0.651685393258427,0.13202247191011235,1068
19104,0.22847682119205298,0.6622516556291391,0.10927152317880795,302
19105,0.1994459833795014,0.6842105263157895,0.11634349030470914,361
19106,0.26582278481012656,0.6265822784810127,0.10759493670886076,316
19107,0.2413127413127413,0.6576576576576577,0.10102960102960103,1554
19108,0.275,0.6568181818181819,0.06818181818181818,440
19109,0.19746465138956606,0.7089224768405655,0.09361287176986836,2051
19110,0.24860557768924302,0.6454183266932271,0.10597609561752988,1255
19111,0.22075471698113208,0.690566037735849,0.08867924528301886,2650
19112,0.20186803253992167,0.704127749322085,0.09400421813799337,3319
19113,0.24147727272727273,0.6683238636363636,0.09019886363636363,2816
19114,0.312,0.6373333333333333,0.050666666666666665,375
19115,0.311787072243346,0.6539923954372624,0.034220532319391636,263
19116,0.2141891891891892,0.6861486486486487,0.09966216216216216,2960
20001,0.22835394862036157,0.6941008563273073,0.07754519505233111,2102
20002,0.22580645161290322,0.657483040287969,0.11671050809912778,7223
20003,0.20571558176457247,0.6876842821501474,0.10660013608528011,4409
20007,0.21568627450980393,0.668954248366013,0.11535947712418301,3060
20008,0.23735909822866344,0.6830917874396135,0.07954911433172303,3105
20010,0.19805194805194806,0.7233766233766233,0.07857142857142857,1540
20011,0.23354908306364616,0.6914778856526429,0.0749730312837109,1854
20012,0.2295539033457249,0.6914498141263941,0.07899628252788105,1076
20013,0.23299748110831234,0.6775818639798489,0.08942065491183879,2382
20014,0.23295619379170293,0.6852335364084712,0.08181026979982593,3447
20015,0.2307430129516019,0.6797318791183822,0.0895251079300159,8802
20016,0.22033010217448257,0.6764474718365209,0.1032224259889966,3817
20017,0.19019537765070288,0.6916845365737432,0.11812008577555397,16788
20018,0.23280055594162613,0.6751216122307158,0.0920778318276581,2878
20019,0.23400936037441497,0.6859074362974519,0.08008320332813312,1923
20020,0.26823238566131025,0.6452410383189122,0.0865265760197775,809
20021,0.17843597616037565,0.6615495755824453,0.16001444825717898,11074
20022,0.23114754098360657,0.6795081967213115,0.08934426229508197,2440
20024,0.22527472527472528,0.6913919413919414,0.08333333333333333,2184
20025,0.26761433868974044,0.634734239802225,0.09765142150803462,1618
20026,0.21933835395373857,0.6779182356105433,0.10274341043571812,7436
20027,0.20877055599060299,0.6748629600626468,0.1163664839467502,6385
20028,0.2249941711354628,0.6901375612030777,0.08486826766145955,4289
20029,0.29038112522686027,0.6397459165154264,0.06987295825771325,1102
20030,0.16561902159059852,0.6109319486198415,0.22344902978956,36590
20031,0.23037402383888203,0.6779695848746403,0.0916563912864776,4866
20032,0.2286212914485166,0.6980802792321117,0.07329842931937172,573
20033,0.2206847613979067,0.6714564484654958,0.10785879013659748,5637
20034,0.22533783783783784,0.6891891891891891,0.08547297297297297,2960
20035,0.23693892568064753,0.6676477802305617,0.09541329408879078,4077
20036,0.195850622406639,0.6835408022130014,0.12060857538035961,3615
20037,0.1939532230462065,0.7199087278950371,0.08613804905875641,1753
20038,0.20238331678252233,0.6716981132075471,0.12591857000993048,5035
20039,0.2208398133748056,0.6732115085536547,0.10594867807153965,5144
20041,0.2208398133748056,0.6889580093312597,0.09020217729393468,1286
20042,0.21450030042058882,0.6603244542359303,0.12517524534348087,4993
20043,0.2288065843621399,0.6790123456790124,0.09218106995884774,1215
20044,0.23963133640552994,0.6284562211981567,0.13191244239631336,1736
20045,0.19472830494728305,0.6718572587185726,0.13341443633414438,12330
20046,0.2795031055900621,0.6335403726708074,0.08695652173913043,805
20047,0.2399710004833253,0.6563557274045433,0.10367327211213147,4138
20048,0.26082251082251084,0.6558441558441559,0.08333333333333333,924
20050,0.2404723564143854,0.6414385399892646,0.11808910359634997,1863
20051,0.21845386533665836,0.6768079800498753,0.10473815461346633,4010
20052,0.23991548213599692,0.6669227814060699,0.09316173645793316,5206
20053,0.22496506753609688,0.6837447601304145,0.09129017233348859,6441
20054,0.2177650429799427,0.676536134988857,0.10569882203120025,3141
20055,0.21817477233094362,0.67796938577795,0.10385584189110637,5161
20056,0.24634146341463414,0.6682926829268293,0.08536585365853659,1230
20057,0.18470483005366725,0.6906305903398927,0.12466457960644008,8944
20058,0.22105263157894736,0.6968421052631579,0.08210526315789474,950
20059,0.23570869224745497,0.6640563821456539,0.10023492560689115,1277
20060,0.2215973003374578,0.672665916760405,0.10573678290213723,889
20061,0.20118343195266272,0.6710755308040376,0.1277410372432997,5746
20062,0.21763085399449036,0.6988062442607897,0.08356290174471992,1089
20063,0.19635826771653545,0.6909448818897638,0.11269685039370078,2032
20064,0.2485207100591716,0.6443129520052597,0.1071663379355687,1521
20065,0.21172572355964295,0.6746010278604274,0.11367324857992968,14788
20066,0.20833333333333334,0.6762005649717514,0.11546610169491525,14160
20068,0.24525916561314792,0.6890012642225032,0.06573957016434892,1582
20070,0.21693504613714493,0.6730595259634522,0.11000542789940293,5527
20071,0.18940918236692886,0.6823669288458021,0.12822388878726906,10934
20072,0.20846509365117977,0.6747749939187545,0.11675991243006567,4111
20073,0.26791927627000695,0.6555323590814196,0.07654836464857341,1437
21001,0.17257318952234207,0.7542372881355932,0.07318952234206472,1298
21002,0.18222222222222223,0.7155555555555555,0.10222222222222223,900
21003,0.19471947194719472,0.7491749174917491,0.056105610561056105,303
21004,0.15817784501596907,0.7005379055303412,0.1412842494536897,11898
21005,0.15384615384615385,0.7720797720797721,0.07407407407407407,702
21006,0.17219641672196417,0.692435301924353,0.1353682813536828,3014
21007,0.2046783625730994,0.7105263157894737,0.0847953216374269,1368
21008,0.15276623923905847,0.6567936909276985,0.19044006983324302,83055
21009,0.2144082332761578,0.6963979416809606,0.08919382504288165,583
21010,0.18804347826086956,0.7086956521739131,0.10326086956521739,1840
21011,0.15670427120166133,0.673289554919459,0.17000617387887973,17817
21012,0.17778793418647165,0.7129798903107861,0.10923217550274222,2188
21013,0.1565537555228277,0.6882916053019146,0.15515463917525774,13580
21014,0.17901234567901234,0.7253086419753086,0.09567901234567901,324
21015,0.15513848948085365,0.7269562585136976,0.11790525200544877,6607
21016,0.15384615384615385,0.7580575848732274,0.08809626128061883,2327
21017,0.1766009306448039,0.7345446487923776,0.08885442056281852,4513
21018,0.22137404580152673,0.7113776808433298,0.06724827335514358,2751
21019,0.17345710847515902,0.7221935705690218,0.10434932095581916,5817
21020,0.17033773861967694,0.7349486049926579,0.0947136563876652,1362
21021,0.1937888198757764,0.6960662525879917,0.11014492753623188,2415
21022,0.1961758132604917,0.710951080208592,0.09287310653091632,4027
21023,0.17970797454137027,0.7412953949831523,0.07899663047547735,2671
21024,0.16274201988487702,0.7252747252747253,0.1119832548403977,1911
21025,0.16638078902229847,0.7392795883361921,0.09433962264150944,583
21026,0.1622839969947408,0.7182569496619083,0.11945905334335086,1331
21027,0.19384953322350357,0.7353102690829215,0.07084019769357495,1821
21028,0.14338100476714338,0.7403740374037404,0.11624495782911624,2727
21029,0.17421441774491683,0.7007855822550831,0.125,4328
21030,0.15584415584415584,0.7251780477586929,0.11897779639715124,2387
21031,0.17590027700831026,0.6945983379501385,0.12950138504155126,2888
21032,0.2120051085568327,0.6883780332056194,0.09961685823754789,783
21033,0.2015732546705998,0.7246804326450345,0.07374631268436578,2034
21034,0.17957610789980732,0.7140655105973025,0.10635838150289018,2595
21035,0.1588235294117647,0.6895424836601307,0.15163398692810456,1530
21036,0.16243654822335024,0.7385786802030457,0.09898477157360407,788
21037,0.1596503745986443,0.7574027827327863,0.08294684266856939,5606
21038,0.14399438070709436,0.7180988059002575,0.1379068133926481,4271
21039,0.18691588785046728,0.72803738317757,0.08504672897196262,2140
21040,0.1658270361041142,0.7121466554715925,0.12202630842429331,14292
21041,0.16470133384883046,0.7270442683162575,0.10825439783491204,10346
21042,0.20751457568559706,0.7074066076441373,0.0850788166702656,4631
21043,0.14068441064638784,0.7604562737642585,0.09885931558935361,263
21044,0.2021018593371059,0.713823767178658,0.08407437348423606,1237
21045,0.16292134831460675,0.7350187265917603,0.10205992509363296,1068
21046,0.15668316831683168,0.7517326732673267,0.09158415841584158,4040
21047,0.1801266825019794,0.7149643705463183,0.10490894695170229,2526
21048,0.14274225975070365,0.7551266586248492,0.10213108162444713,2487
21049,0.22813688212927757,0.7249683143219265,0.046894803548795945,789
21050,0.19606358819076458,0.7312641937925813,0.07267221801665405,1321
21051,0.15508607198748045,0.6808137715179968,0.1641001564945227,31950
21052,0.17056277056277055,0.741991341991342,0.08744588744588745,2310
21053,0.16105941302791696,0.725125268432355,0.11381531853972798,1397
21054,0.2350623768877216,0.7084701247537755,0.056467498358502954,1523
21055,0.17501346257404415,0.7038233710285406,0.12116316639741519,1857
21056,0.18073136427566808,0.7206399437412095,0.09862869198312237,5688
21057,0.1341216216216216,0.7300675675675675,0.1358108108108108,2960
21058,0.1696642685851319,0.7218225419664268,0.10851318944844125,1668
21059,0.15862280971411005,0.7402397786658469,0.10113741162004304,3253
21060,0.1484076433121019,0.7286624203821656,0.12292993630573248,3140
21061,0.14420382165605095,0.7396178343949045,0.11617834394904458,3925
21062,0.16976127320954906,0.7379899793692897,0.09224874742116121,3393
21063,0.1534954407294833,0.7226443768996961,0.12386018237082067,1316
21064,0.16863905325443787,0.7588757396449705,0.07248520710059171,676
21065,0.14285714285714285,0.7074829931972789,0.14965986394557823,147
21066,0.16555082166768106,0.7060255629945222,0.12842361533779673,1643
21067,0.17486160859654837,0.7342885053728427,0.09084988603060892,3071
21068,0.23146067415730337,0.7213483146067415,0.04719101123595506,445
21069,0.2,0.7631578947368421,0.03684210526315789,190
21070,0.18868442735512223,0.7357868717385334,0.0755287009063444,3641
21071,0.17163543441226575,0.7359454855195912,0.0924190800681431,2348
21072,0.15723964077516936,0.7225460847644557,0.12021427446037498,6347
21073,0.18457300275482094,0.7107438016528925,0.1046831955922865,1089
21074,0.1829907295445385,0.7259169689641274,0.09109230149133414,2481
21075,0.142,0.787,0.071,1000
21076,0.1774076755973932,0.71940622737147,0.10318609703113686,2762
21077,0.1613251710478934,0.7220021606049694,0.1166726683471372,2777
21079,0.17693261678379496,0.711864406779661,0.11120297643654403,2419
21080,0.18581560283687942,0.7404255319148936,0.07375886524822695,2820
21081,0.16465601565047278,0.729703293120313,0.10564069122921421,3067
21082,0.1905089408528198,0.7063273727647867,0.1031636863823934,1454
21083,0.214826624153049,0.7210043842168194,0.06416899163013152,2509
21084,0.21353746978243351,0.7292506043513296,0.057211925866236905,1241
21085,0.14897466827503017,0.7418576598311218,0.109167671893848,1658
21086,0.2148790176959191,0.7098230408089563,0.07529794149512459,5538
21087,0.1965128950236106,0.717035960770069,0.08645114420632037,2753
21088,0.22867513611615245,0.7377495462794919,0.03357531760435572,1102
21089,0.13434125269978403,0.7468682505399568,0.11879049676025918,2315
21091,0.21697203471552556,0.7068466730954677,0.07618129218900675,1037
21092,0.16984615384615384,0.7507692307692307,0.07938461538461539,1625
21093,0.16648291069459759,0.729721215939518,0.10379587336588439,6349
21094,0.1683704149128082,0.7378232110643416,0.09380637402285028,1663
21095,0.1727447216890595,0.7495201535508638,0.07773512476007678,1042
21096,0.167267483777938,0.7570295602018745,0.07570295602018745,1387
21097,0.1701405719825497,0.674503150751333,0.1553562772661173,4126
21098,0.19235836627140976,0.7078392621870883,0.09980237154150198,3036
21099,0.18761061946902655,0.720353982300885,0.0920353982300885,1695
21100,0.17780580075662042,0.7087011349306431,0.11349306431273644,793
21101,0.16379310344827586,0.7291288566243194,0.10707803992740472,2204
21102,0.21092757306226176,0.6772554002541296,0.11181702668360864,787
21103,0.18452380952380953,0.7351190476190477,0.08035714285714286,672
21104,0.19094138543516873,0.7304618117229129,0.07859680284191829,2252
21105,0.15296803652968036,0.7545662100456622,0.09246575342465753,876
21106,0.18089123867069487,0.7175226586102719,0.10158610271903323,2648
21107,0.18523206751054852,0.6962025316455697,0.11856540084388185,2370
21108,0.2061920808761584,0.7213563605728728,0.07245155855096883,4748
21109,0.17325056433408578,0.7579006772009029,0.06884875846501129,1772
21110,0.19342507645259938,0.7255351681957186,0.08103975535168195,2616
21111,0.1607188703465982,0.7021822849807445,0.13709884467265726,3895
21112,0.1614654002713704,0.751696065128901,0.08683853459972862,737
21113,0.13338473400154202,0.7733230531996916,0.09329221279876639,1297
21114,0.19660352710646636,0.7145656433703462,0.08883082952318747,1531
21115,0.14186217008797655,0.7245234604105572,0.13361436950146627,5456
21116,0.18936731107205623,0.7065026362038664,0.10413005272407733,2276
21117,0.18096135721017909,0.7276154571159283,0.09142318567389256,1061
21118,0.19732441471571907,0.745819397993311,0.056856187290969896,598
22001,0.1602525556223692,0.7103126879134095,0.12943475646422128,6652
22002,0.19427036705461057,0.6794986571172784,0.12623097582811102,1117
22003,0.13517786561264822,0.717391304347826,0.1474308300395257,2530
22005,0.1545372866127583,0.7151841868823001,0.1302785265049416,1113
22006,0.146077219515742,0.6927942994255799,0.1611284810586781,13753
22007,0.17278143618689246,0.7262464722483537,0.10097209156475384,3189
22009,0.16397395707740536,0.6706052568121533,0.16542078611044128,4147
22011,0.19204737732656516,0.7047377326565144,0.10321489001692047,1182
22013,0.15867689357622244,0.6826462128475551,0.15867689357622244,2086
22015,0.20218579234972678,0.7213114754098361,0.07650273224043716,366
22017,0.20473083197389885,0.7030995106035889,0.09216965742251224,1226
22018,0.11314984709480122,0.7798165137614679,0.10703363914373089,327
22021,0.2445759368836292,0.6923076923076923,0.0631163708086785,507
22022,0.1604511551755503,0.6981990176459887,0.14134982717846098,5497
22025,0.18071519795657726,0.6749680715197957,0.14431673052362706,3132
22026,0.296875,0.65625,0.046875,192
22029,0.16140350877192983,0.7070175438596491,0.13157894736842105,570
22032,0.1669793621013133,0.6735459662288931,0.15947467166979362,1066
22033,0.2,0.7024630541871921,0.09753694581280788,1015
22034,0.15387086411821393,0.6643109540636042,0.18181818181818182,3113
22035,0.13577732518669383,0.6809232858112695,0.18329938900203666,1473
22036,0.17163120567375886,0.6539007092198581,0.17446808510638298,705
22037,0.19162087912087913,0.6847527472527473,0.12362637362637363,1456
22038,0.18433931484502447,0.7194127243066885,0.09624796084828711,1226
22039,0.15837621497998858,0.7169811320754716,0.12464265294453973,1749
22040,0.21237113402061855,0.7072164948453609,0.08041237113402062,485
22042,0.2128205128205128,0.6564102564102564,0.13076923076923078,780
22043,0.14390243902439023,0.7317073170731707,0.12439024390243902,410
22045,0.234375,0.7291666666666666,0.036458333333333336,192
22047,0.17004680187207488,0.7072282891315652,0.12272490899635985,1923
22048,0.20388349514563106,0.6912621359223301,0.10485436893203884,1030
22049,0.1392857142857143,0.7345238095238096,0.1261904761904762,840
22050,0.14935064935064934,0.7164502164502164,0.1341991341991342,3234
22051,0.14285714285714285,0.7064116985376828,0.15073115860517436,889
22052,0.18181818181818182,0.6859504132231405,0.1322314049586777,484
22053,0.15935613682092556,0.7126760563380282,0.12796780684104628,2485
22054,0.11794871794871795,0.7897435897435897,0.09230769230769231,195
22058,0.1691449814126394,0.7137546468401487,0.1171003717472119,538
22059,0.2354948805460751,0.7030716723549488,0.06143344709897611,293
22060,0.2182410423452769,0.7263843648208469,0.05537459283387622,307
22061,0.16328502415458937,0.6624798711755233,0.1742351046698873,3105
22062,0.15171613331122533,0.6856242745813298,0.16265959210744488,6031
22064,0.1799761620977354,0.7497020262216925,0.07032181168057211,839
22068,0.10801393728222997,0.7630662020905923,0.1289198606271777,574
22071,0.19153225806451613,0.6270161290322581,0.1814516129032258,496
22074,0.17526690391459074,0.6806049822064056,0.14412811387900357,1124
22078,0.13673469387755102,0.7551020408163265,0.10816326530612246,490
22079,0.17612732095490716,0.6912466843501326,0.13262599469496023,3770
22081,0.1888745148771022,0.6390685640362225,0.17205692108667528,773
22083,0.1802030456852792,0.7220812182741116,0.09771573604060914,788
22085,0.25340599455040874,0.7057220708446866,0.04087193460490463,367
22087,0.15894538606403014,0.6888888888888889,0.15216572504708098,2655
22089,0.1717974180734856,0.7080436941410129,0.12015888778550149,1007
22090,0.2852112676056338,0.6443661971830986,0.07042253521126761,284
22091,0.18152866242038215,0.6751592356687898,0.14331210191082802,314
22092,0.15615305067218202,0.7166494312306101,0.12719751809720786,1934
22093,0.17333333333333334,0.6733333333333333,0.15333333333333332,600
22095,0.191167574107683,0.7114337568058077,0.09739866908650938,1653
22097,0.15384615384615385,0.7182952182952183,0.12785862785862787,962
22098,0.16587901701323252,0.6517013232514177,0.1824196597353497,2116
22102,0.11363636363636363,0.7371541501976284,0.1492094861660079,1012
22103,0.16324450269404397,0.6838502985291977,0.1529051987767584,6867
22104,0.16040738383195416,0.6696371737746658,0.16995544239338,6284
22106,0.2161214953271028,0.6904205607476636,0.09345794392523364,856
22108,0.18699186991869918,0.71869918699187,0.0943089430894309,615
22109,0.2706422018348624,0.6330275229357798,0.0963302752293578,218
22110,0.20042987641053198,0.6555615260612574,0.14400859752821063,1861
22112,0.05172413793103448,0.853448275862069,0.09482758620689655,116
22113,0.19839679358717435,0.685370741482966,0.11623246492985972,499
22114,0.13288590604026845,0.7570469798657719,0.11006711409395974,745
22115,0.15978593272171254,0.7262996941896025,0.11391437308868502,1308
22116,0.16440598690364827,0.6777362020579981,0.1578578110383536,4276
22117,0.15476829486491323,0.6958310967972804,0.1494006083378064,5589
22118,0.14402759810263044,0.7003018542475204,0.15567054764984908,2319
22120,0.15384615384615385,0.7241025641025641,0.12205128205128205,975
22123,0.14908109497493896,0.7131474103585658,0.1377714946664953,7781
22124,0.13569844789356986,0.729490022172949,0.13481152993348117,2255
22127,0.14936708860759493,0.6835443037974683,0.1670886075949367,1580
22128,0.1880907372400756,0.6720226843100189,0.13988657844990549,1058
22129,0.18160651920838183,0.7415599534342259,0.07683352735739232,859
22130,0.19937694704049844,0.7071651090342679,0.09345794392523364,642
22131,0.15797101449275364,0.6869565217391305,0.15507246376811595,690
22133,0.2112676056338028,0.6971830985915493,0.09154929577464789,142
22134,0.17585692995529062,0.7347242921013413,0.08941877794336811,671
22135,0.18766404199475065,0.699475065616798,0.11286089238845144,762
22136,0.16002570694087404,0.7448586118251928,0.09511568123393316,1556
22137,0.15315315315315314,0.6951951951951952,0.15165165165165165,666
22138,0.1021021021021021,0.7387387387387387,0.15915915915915915,333
22139,0.15412405853897496,0.6780968709815688,0.16777907047945625,16331
22142,0.14181818181818182,0.7363636363636363,0.12181818181818181,550
22143,0.15898012748406448,0.6846644169478815,0.156355455568054,2667
22144,0.16962843295638125,0.6742057081313947,0.156165858912224,1857
22147,0.15900026588673224,0.7117787822387663,0.12922095187450147,3761
22150,0.23172905525846701,0.6675579322638147,0.10071301247771836,1122
22153,0.1531185338456991,0.6789092521430683,0.16797221401123263,13532
22155,0.20443740095087162,0.6743264659270999,0.12123613312202852,1262
22156,0.17840172786177105,0.6958963282937365,0.12570194384449243,2315
22157,0.1359773371104816,0.7308781869688386,0.13314447592067988,353
22159,0.13850415512465375,0.7673130193905817,0.09418282548476455,361
22160,0.20108695652173914,0.687888198757764,0.1110248447204969,1288
22161,0.1484822545598209,0.6468690327253572,0.20464871271482188,30374
22162,0.1844380403458213,0.659942363112392,0.15561959654178675,347
22163,0.18958031837916064,0.7178002894356006,0.09261939218523878,691
22164,0.2,0.6909090909090909,0.10909090909090909,165
22165,0.17848970251716248,0.7437070938215103,0.07780320366132723,437
22167,0.1426671100764882,0.7176587961423345,0.13967409378117726,3007
22168,0.13561190738699008,0.6846747519294377,0.17971334068357223,907
22169,0.17504488330341114,0.677737881508079,0.14721723518850988,1114
22170,0.15,0.7064516129032258,0.1435483870967742,620
22171,0.1843100189035917,0.7060491493383743,0.10964083175803403,1058
22172,0.17247879359095195,0.7106503298774741,0.11687087653157399,1061
22173,0.17832167832167833,0.6363636363636364,0.1853146853146853,286
22176,0.14263074484944532,0.7622820919175911,0.09508716323296355,631
22177,0.20476190476190476,0.7126984126984127,0.08253968253968254,630
22179,0.16439688715953307,0.7169260700389105,0.11867704280155641,1028
22180,0.1629913710450623,0.6912751677852349,0.1457334611697028,1043
22181,0.19254658385093168,0.7065217391304348,0.10093167701863354,644
22182,0.1668460710441335,0.7158234660925726,0.11733046286329386,929
22183,0.1908831908831909,0.7113960113960114,0.09772079772079773,3510
22184,0.1331923890063425,0.7526427061310782,0.11416490486257928,473
22188,0.18181818181818182,0.674775928297055,0.14340588988476313,1562
22189,0.2012072434607646,0.7022132796780685,0.096579476861167,497
22190,0.142018779342723,0.6408450704225352,0.21713615023474178,852
22191,0.18169934640522875,0.6849673202614379,0.13333333333333333,1530
22193,0.1555944055944056,0.7412587412587412,0.10314685314685315,572
22195,0.13257575757575757,0.7556818181818182,0.11174242424242424,528
22196,0.16452991452991453,0.7264957264957265,0.10897435897435898,2340
22199,0.13906581740976645,0.7084217975937721,0.15251238499646144,2826
22200,0.179813401187447,0.741306191687871,0.07888040712468193,1179
22202,0.16404886561954624,0.7539267015706806,0.08202443280977312,573
22203,0.1532258064516129,0.6845878136200717,0.16218637992831542,1116
22205,0.13710014750236665,0.6158333883715298,0.2470664641261035,90846
22209,0.25440806045340053,0.672544080604534,0.07304785894206549,397
22210,0.18157661647475642,0.6988485385296723,0.1195748449955713,1129
22213,0.15348837209302327,0.7554817275747508,0.09102990033222591,1505
22216,0.17857142857142858,0.6428571428571429,0.17857142857142858,140
22222,0.16603902773022938,0.6617596713454297,0.17220130092434097,2921
22224,0.15368682684341342,0.6714995857497928,0.1748135874067937,2414
22226,0.16223776223776223,0.7181818181818181,0.11958041958041958,1430
22228,0.18670189343901364,0.6794363716424483,0.1338617349185381,2271
22229,0.16639286552452476,0.727059375733396,0.10654775874207932,4261
22230,0.17530903836891956,0.6999518381762723,0.12473912345480816,6229
22231,0.19634340222575516,0.7042925278219396,0.09936406995230525,1258
22232,0.20870425321463898,0.7002967359050445,0.09099901088031652,1011
22233,0.1574539363484087,0.7102177554438861,0.1323283082077052,1791
22234,0.18113522537562604,0.7020033388981636,0.11686143572621036,1198
22235,0.18359375,0.703125,0.11328125,1280
22236,0.13676507696189755,0.6664143325763311,0.1968205904617714,3963
22237,0.20140515222482436,0.7166276346604216,0.08196721311475409,427
22238,0.1967741935483871,0.7058064516129032,0.09741935483870967,1550
22239,0.15084745762711865,0.7152542372881356,0.13389830508474576,590
22240,0.16382505559673832,0.7197924388435878,0.11638250555967383,2698
22241,0.19864940911648846,0.7163759144625774,0.08497467642093416,1777
22242,0.1908450704225352,0.6746478873239437,0.13450704225352111,1420
22243,0.1531651173085436,0.6967684816290394,0.150066401062417,2259
22244,0.16798846431146358,0.6827685652487383,0.14924297043979812,1387
22245,0.1603336422613531,0.7059777571825765,0.13368860055607043,4316
22246,0.14903640256959313,0.7571734475374733,0.09379014989293362,2335
22247,0.16826503923278116,0.6591107236268526,0.17262423714036618,1147
22248,0.174819965234666,0.6741991556990315,0.15098087906630245,4027
22249,0.16956144159791575,0.6821537125488494,0.1482848458532349,4606
22250,0.15848068107400132,0.7236411263916176,0.11787819253438114,3054
22251,0.17049319727891157,0.7045068027210885,0.125,2352
22252,0.1833648393194707,0.7074669187145558,0.10916824196597354,2116
22253,0.16755602988260407,0.6843649946638207,0.14807897545357523,3748
22254,0.18438381937911572,0.6961429915333961,0.11947318908748825,2126
23001,0.16835916622127206,0.7177979690005345,0.11384286477819348,1871
23002,0.20707795313247251,0.6944045911047346,0.09851745576279292,4182
23003,0.2012951969778737,0.6465191581219644,0.1521856449001619,1853
23004,0.20982986767485823,0.6794791010291955,0.11069103129594624,4761
23005,0.19968635650810246,0.7192890747516989,0.08102456874019864,1913
23006,0.17862371888726208,0.6703879941434846,0.1509882869692533,5464
23007,0.21623731459797033,0.6842310694769711,0.09953161592505855,2562
23008,0.23809523809523808,0.6689708141321045,0.09293394777265745,1302
23009,0.2029449423815621,0.7151088348271447,0.08194622279129321,1562
23010,0.23569350145489815,0.6896217264791464,0.07468477206595538,1031
23011,0.20615498702261773,0.6989247311827957,0.09492028179458657,2697
23012,0.2171907040328093,0.692241968557758,0.09056732740943267,11704
23013,0.2072936660268714,0.7178502879078695,0.07485604606525911,1042
23014,0.19120553359683795,0.6872529644268774,0.12154150197628459,2024
23015,0.18738049713193117,0.6810179996044043,0.13160150326366454,15167
23016,0.19105087263275158,0.69494987003342,0.11399925733382844,5386
23017,0.19462292864389585,0.6865065945214744,0.11887047683462969,5914
23018,0.1982515928285672,0.6796562453696844,0.12209216180174841,6749
23019,0.2677736202057998,0.6550514499532273,0.07717492984097288,4276
23020,0.2568345323741007,0.6564748201438849,0.08669064748201438,2780
23021,0.18634361233480176,0.706057268722467,0.10759911894273128,9080
23022,0.18406148867313915,0.7047936893203883,0.1111448220064725,9888
23023,0.16122672508214678,0.7071193866374589,0.13165388828039432,4565
23024,0.20949957591178966,0.6743002544529262,0.11620016963528414,1179
23025,0.21906195531611472,0.6769133259388369,0.10402471874504833,12622
23026,0.17569700157811677,0.6948974224092583,0.12940557601262492,1901
23027,0.20976872068575125,0.6796053695617015,0.11062590975254731,6183
23028,0.19224853891110427,0.6751768686557982,0.13257459243309752,6502
23029,0.2465753424657534,0.6911581569115816,0.062266500622665005,803
23030,0.166776750330251,0.6889035667107001,0.14431968295904887,3028
23031,0.19754404698344902,0.7213027229044314,0.0811532301121196,1873
23032,0.21458625525946703,0.7187938288920056,0.06661991584852735,1426
23033,0.20126782884310618,0.6988906497622821,0.09984152139461172,631
23034,0.24537037037037038,0.6527777777777778,0.10185185185185185,216
23035,0.17886178861788618,0.6617886178861788,0.15934959349593497,3075
23036,0.17805255023183925,0.6782071097372488,0.1437403400309119,3235
23037,0.24299065420560748,0.6824955796918414,0.07451376610255114,3959
23038,0.216223035196165,0.6572473823640722,0.12652958243976284,7927
23039,0.17889221556886228,0.6948602794411177,0.12624750499001997,4008
23040,0.20683967451066637,0.6823180118759622,0.11084231361337145,9094
23041,0.20930232558139536,0.7070583435332517,0.08363933088535291,2451
23042,0.15598190609889254,0.6955233192949618,0.14849477460614569,6411
23043,0.19549697968149368,0.6796631887241442,0.12483983159436207,5463
23044,0.19636401198223324,0.6577316392934615,0.14590434872430533,19362
23045,0.1994750656167979,0.6899606299212598,0.11056430446194225,3048
23046,0.18647007805724197,0.6517779705117086,0.16175195143104942,2306
23047,0.19292929292929292,0.6464646464646465,0.1606060606060606,1980
23048,0.22952243125904487,0.6755426917510854,0.09493487698986976,3455
23049,0.20706106870229007,0.705470737913486,0.08746819338422392,3144
23050,0.21250389772372935,0.6647957592765825,0.12270034299968818,6414
23051,0.1811581676750216,0.7118409680207433,0.1070008643042351,5785
23052,0.16045368020304568,0.6495875634517766,0.18995875634517767,12608
23053,0.2037765538945712,0.6986624704956726,0.0975609756097561,6355
23054,0.22832167832167832,0.6863636363636364,0.08531468531468532,2860
23055,0.19854785478547854,0.7037623762376237,0.09768976897689768,7575
23056,0.2808988764044944,0.6659856996935649,0.05311542390194075,979
23057,0.19415807560137457,0.6881443298969072,0.11769759450171821,2328
23058,0.16077322017916076,0.684975640421185,0.15425113939965426,12726
23059,0.17410071942446043,0.6683453237410072,0.15755395683453238,8340
23060,0.21020481494789794,0.6753503413582465,0.11444484369385555,5566
23061,0.21605603448275862,0.6988146551724138,0.08512931034482758,1856
23062,0.1933372992266508,0.701368233194527,0.10529446757882213,1681
23063,0.2159214830970556,0.6866593965830607,0.09741912031988367,2751
23064,0.2326512455516014,0.6817170818505338,0.08563167259786476,4496
23065,0.23021210553543714,0.7046042421107087,0.06518365235385411,1933
23066,0.19896193771626297,0.7058823529411765,0.09515570934256055,1156
23067,0.21910828025477708,0.6968152866242038,0.0840764331210191,1570
23068,0.24913614374568072,0.6879751209398756,0.06288873531444368,2894
23069,0.19511088056023862,0.6699520165996629,0.13493710284009855,15422
23070,0.21988368872888397,0.6964829687067294,0.08363334256438659,3611
23071,0.20324447199834678,0.6676482744368671,0.1291072535647861,19356
23072,0.22299767364572948,0.6862745098039216,0.09072781655034895,3009
23073,0.18799212598425197,0.676509186351706,0.135498687664042,12192
23074,0.22317596566523606,0.6759656652360515,0.10085836909871244,466
23075,0.2231059020510674,0.6944328170782754,0.08246128087065718,2389
23076,0.16512267128168584,0.6623231192100173,0.17255420950829686,9823
23077,0.1865020948929906,0.6815762654286038,0.13192163967840562,8831
23078,0.20010504201680673,0.6775210084033614,0.12237394957983193,1904
23079,0.17478260869565218,0.6852173913043478,0.14,1150
23080,0.20773638968481375,0.7048710601719198,0.08739255014326648,698
23081,0.17685589519650655,0.665938864628821,0.1572052401746725,5496
23082,0.19339536580915892,0.6887429301222404,0.11786170406860062,10962
23083,0.17821111278421925,0.691537419063394,0.1302514681523867,13282
23084,0.23482849604221637,0.6772207563764292,0.08795074758135445,2274
23085,0.2537688442211055,0.6532663316582915,0.09296482412060302,1592
23086,0.18181818181818182,0.6816027574321413,0.13657906074967685,2321
23087,0.21316203460933403,0.6672784478238071,0.11955951756685894,3814
23088,0.22094763092269326,0.683291770573566,0.09576059850374065,2005
23089,0.17930442249892659,0.689051094890511,0.13164448261056247,11645
23090,0.22975206611570248,0.7173553719008264,0.05289256198347107,605
23091,0.16041962961263784,0.6247342906516187,0.21484607973574346,196173
23092,0.20169677066228792,0.7118226600985221,0.08648056923918993,3654
23093,0.2163616792249731,0.6926803013993541,0.09095801937567277,1858
23094,0.1926401257202724,0.6995809324253536,0.10777894185437402,7636
23095,0.19467818967477826,0.6988856038207869,0.10643620650443485,4397
23096,0.1842729135693334,0.6760557720898461,0.1396713143408205,24887
23097,0.17972778764054442,0.6999746386000507,0.12029757375940485,11829
23098,0.19392724147808652,0.707820108851332,0.09825264967058149,3491
24001,0.1950286806883365,0.7323135755258127,0.07265774378585087,1046
24002,0.21517331589274036,0.6945716154349247,0.09025506867233486,1529
24003,0.14743049705139005,0.7320977253580455,0.12047177759056445,1187
24004,0.1773996218440663,0.6952508063619175,0.12734957179401624,8991
24005,0.21302149178255372,0.6972187104930467,0.0897597977243995,1582
24006,0.1723959233028157,0.6678182760407669,0.15978580065641734,5789
24007,0.22291666666666668,0.6970833333333334,0.08,2400
24008,0.19389587073608616,0.698982645122681,0.10712148414123279,18381
24009,0.15877771120431397,0.7044138206510885,0.13680846814459757,5007
24010,0.2197092084006462,0.6882067851373183,0.09208400646203554,619
24012,0.17343882987107145,0.6328846578192479,0.19367651230968067,31723
24013,0.20345963756177923,0.6787479406919276,0.11779242174629324,4856
24014,0.19519704433497537,0.6848830049261084,0.11991995073891626,6496
24015,0.20465393794749404,0.6907319013524265,0.10461416070007955,5028
24016,0.2071336484744306,0.6923076923076923,0.1005586592178771,2327
24017,0.19246298788694483,0.7069313593539704,0.10060565275908478,2972
24018,0.17910966844423834,0.6756318108045444,0.14525852075121726,8626
24019,0.21023302938196556,0.6899696048632219,0.09979736575481256,1974
24020,0.2539349422875131,0.6495278069254984,0.09653725078698845,953
24021,0.1854080481383979,0.6894822615018177,0.1251096903597844,7977
24022,0.21036349574632637,0.6682134570765661,0.1214230471771075,1293
24024,0.18232871583676524,0.6978659678023212,0.11980531636091352,2671
24025,0.19679144385026737,0.6919786096256685,0.11122994652406418,2805
24026,0.17037438958220294,0.6910833785494664,0.13854223186833062,11058
24027,0.19314497452524318,0.715145900880037,0.09170912459471978,2159
24028,0.18671374972412272,0.7084528801589053,0.10483337011697197,4531
24029,0.2328396930061615,0.6873851475516161,0.07977515944222247,9251
24030,0.19402985074626866,0.7030365414307771,0.1029336078229542,1943
24032,0.1676841676841677,0.7305657305657306,0.10175010175010175,2457
24034,0.19979818365287588,0.6978360802780581,0.10236573606906604,8919
24035,0.17395963564922307,0.6599392748705126,0.16610108948026434,5599
24036,0.17975525721753594,0.675181180943329,0.14506356183913507,8417
24037,0.21766561514195584,0.7308096740273397,0.05152471083070452,951
24038,0.20288731712043406,0.6822982269159965,0.11481445596356943,10321
24039,0.22567783094098884,0.6985645933014354,0.07575757575757576,1254
24040,0.225,0.684375,0.090625,2880
24041,0.21584158415841584,0.7386138613861386,0.04554455445544554,505
24042,0.17121848739495799,0.7368697478991597,0.09191176470588236,1904
24043,0.23642943305186973,0.6562123039806996,0.10735826296743065,2487
24044,0.18914728682170542,0.7007751937984497,0.11007751937984496,645
24046,0.21433021806853583,0.6875389408099688,0.09813084112149532,3210
24047,0.19441460794844254,0.7189402076620122,0.08664518438954529,2793
24048,0.20235020661157024,0.690470041322314,0.1071797520661157,7744
24049,0.2358490566037736,0.6981132075471698,0.0660377358490566,106
24050,0.24025974025974026,0.6818181818181818,0.07792207792207792,154
24051,0.19948186528497408,0.6756947715496938,0.12482336316533207,4246
24052,0.1779960368743,0.6853622813819247,0.1366416817437753,11607
24053,0.20734812659148782,0.6907966533284831,0.1018552200800291,2749
24055,0.18734268248831357,0.7046026609133406,0.10805465659834591,11124
24056,0.18352907881703692,0.7055327578887788,0.11093816329418424,7067
24057,0.1868345523562633,0.6748449217665031,0.1383205258772336,10801
24060,0.21787827557058326,0.6836432797971259,0.09847844463229079,4732
24061,0.19122058144900783,0.702814951545916,0.10596446700507614,17336
24062,0.19716461013389341,0.7001837752690995,0.10265161459700708,3809
24063,0.2062904717853839,0.6970397779833487,0.09666975023126735,2162
24064,0.19801980198019803,0.6926732673267326,0.1093069306930693,2525
24065,0.19185185185185186,0.705925925925926,0.10222222222222223,1350
24066,0.16225165562913907,0.6594134342478714,0.1783349101229896,2114
24067,0.18699306886889838,0.6752691343459667,0.13773779678513492,6781
24068,0.2240608228980322,0.710644007155635,0.06529516994633273,2236
24070,0.1865525236311753,0.701087925807027,0.11235955056179775,5607
24071,0.2013129102844639,0.712472647702407,0.0862144420131291,2285
24072,0.2073310423825888,0.722794959908362,0.06987399770904926,873
24073,0.21657754010695188,0.6820855614973262,0.10133689839572192,3740
24074,0.18087135103417926,0.7099897315534692,0.10913891741235147,6817
24075,0.2350210970464135,0.6721518987341772,0.09282700421940929,2370
24076,0.303886925795053,0.6466431095406361,0.04946996466431095,566
24077,0.20547112462006079,0.6808510638297872,0.11367781155015197,1645
24078,0.19797038762269173,0.7080352686740975,0.09399434370321078,6011
24079,0.21119356833642547,0.7028447742733457,0.08596165739022882,3234
24080,0.19222903885480572,0.7382413087934561,0.06952965235173825,489
24081,0.18410041841004185,0.6564853556485356,0.1594142259414226,2390
24082,0.21197489135683245,0.712216320618059,0.07580878802510864,2071
24083,0.16544789762340037,0.7102376599634369,0.12431444241316271,4376
24084,0.19414070559108726,0.7286981638126676,0.0771611305962451,4847
24085,0.15088138631610398,0.7131759784881984,0.13594263519569763,3347
24086,0.1735608082348456,0.7072054898970644,0.11923370186808997,10492
24087,0.2024226365098893,0.691965553137125,0.10561181035298571,10567
24088,0.19369369369369369,0.7008675342008676,0.10543877210543877,5994
24089,0.166,0.698,0.136,500
24090,0.24904214559386972,0.6871008939974457,0.06385696040868455,783
24091,0.20632119364671908,0.6850633723728542,0.10861543398042676,6233
24094,0.2036036036036036,0.7171171171171171,0.07927927927927927,1110
24095,0.18533178114086146,0.6956926658905704,0.1189755529685681,4295
24096,0.19418181818181818,0.6876363636363636,0.11818181818181818,2750
24097,0.19114737883283878,0.6933728981206726,0.11547972304648862,4044
24098,0.19148936170212766,0.7130758107828961,0.09543482751497624,4841
24099,0.20051020408163264,0.710204081632653,0.08928571428571429,1960
24100,0.17478364160868828,0.6740200237569999,0.1511963346343119,29465
24101,0.19574780058651026,0.6876832844574781,0.11656891495601172,1364
24102,0.22671297758130723,0.6899273760656773,0.08335964635301547,3167
24103,0.16954762780433982,0.6912467819051121,0.139205590290548,5438
24104,0.17292585817281825,0.7285053265899064,0.09856881523727537,9293
24105,0.16922473672417657,0.6783553663455075,0.15241989693031593,17852
24106,0.13981042654028436,0.7345971563981043,0.12559241706161137,422
24107,0.17016057091882247,0.7384032114183765,0.09143621766280106,4484
24108,0.18175567270226908,0.6879440751776301,0.13030025212010085,8726
24110,0.20907967881408276,0.7012044471896233,0.08971587399629401,6476
24111,0.19998028779814706,0.667652276759314,0.13236743544253893,20292
24112,0.2495201535508637,0.690978886756238,0.05950095969289827,1042
24113,0.2401153212520593,0.7046952224052718,0.05518945634266886,2428
24115,0.17972350230414746,0.7419354838709677,0.07834101382488479,1736
24116,0.16291702720892223,0.6307806941640227,0.20630227862705508,83208
24117,0.20326936744847193,0.7043354655294953,0.0923951670220327,1407
24118,0.17797921733362812,0.724076940084015,0.09794384258235685,4523
24119,0.17325349301397205,0.704191616766467,0.12255489021956088,5010
24120,0.15609264853977844,0.7351460221550856,0.10876132930513595,993
24121,0.175,0.705,0.12,600
24122,0.1918469860896445,0.6715610510046368,0.1365919629057187,5176
24123,0.19438444924406048,0.6989200863930886,0.10669546436285098,2315
24124,0.2242577384712571,0.6818277532112024,0.09391450831754053,4749
24125,0.22435233160621762,0.6613989637305699,0.11424870466321244,3860
24126,0.18651142355008787,0.7126537785588752,0.1008347978910369,4552
24127,0.21310557266872024,0.6911229347521702,0.0957714925791095,3571
25001,0.16499112950916617,0.695150798344175,0.13985807214665877,3382
25002,0.23669201520912547,0.6634980988593155,0.09980988593155894,2104
25003,0.21858500527983105,0.6779303062302007,0.10348468848996832,947
25004,0.20073761854583771,0.70231822971549,0.09694415173867228,1898
25005,0.2143939393939394,0.703030303030303,0.08257575757575758,2640
25006,0.1625316277762159,0.6349100365476525,0.20255833567613157,28456
25007,0.12429378531073447,0.7401129943502824,0.13559322033898305,708
25008,0.18489583333333334,0.6803385416666666,0.134765625,1536
25010,0.22211253701875616,0.702862783810464,0.07502467917077986,1013
25011,0.21605703657780534,0.6779293242405455,0.1060136391816491,3226
25012,0.21930646672914714,0.6860356138706654,0.09465791940018745,1067
25013,0.3368055555555556,0.5763888888888888,0.08680555555555555,288
25014,0.2305194805194805,0.685064935064935,0.08441558441558442,308
25015,0.22408963585434175,0.6952380952380952,0.08067226890756303,1785
25016,0.14744525547445256,0.678415015641293,0.17413972888425444,4795
25017,0.2011173184357542,0.7150837988826816,0.08379888268156424,358
25018,0.1967640918580376,0.6936325678496869,0.10960334029227557,1916
25019,0.2181122448979592,0.6970663265306123,0.08482142857142858,1568
25021,0.18113579031563404,0.6558789146619086,0.1629852950224574,16253
25022,0.20870265914585012,0.7292506043513296,0.062046736502820304,2482
25023,0.2017353579175705,0.7212581344902386,0.0770065075921909,922
25025,0.2568627450980392,0.692156862745098,0.050980392156862744,510
25026,0.2518486298390605,0.6398434101783385,0.10830795998260113,2299
25027,0.21560130010834236,0.6890574214517876,0.09534127843986999,923
25029,0.1904208323645664,0.6591490351081144,0.15043013252731924,4301
25030,0.20198376916140667,0.6979260595130748,0.10009017132551848,1109
25032,0.14743589743589744,0.7521367521367521,0.10042735042735043,468
25033,0.17717996289424862,0.7244897959183674,0.09833024118738404,1078
25035,0.2102803738317757,0.7710280373831776,0.018691588785046728,214
25036,0.18386914833615342,0.6816130851663846,0.13451776649746192,3546
25037,0.20930232558139536,0.7043189368770764,0.08637873754152824,301
25039,0.18137254901960784,0.668954248366013,0.14967320261437908,3060
25040,0.19320494754971035,0.6881164866134335,0.11867856583685611,6387
25043,0.20112781954887218,0.6823308270676691,0.11654135338345864,532
25044,0.21691542288557214,0.6875621890547263,0.0955223880597015,1005
25045,0.1946624803767661,0.6993720565149136,0.10596546310832025,1274
25046,0.10749185667752444,0.749185667752443,0.14332247557003258,307
25047,0.24499599679743794,0.6973578863090473,0.057646116893514815,1249
25048,0.20872508461827755,0.6765701391500564,0.11470477623166604,5318
25049,0.24224806201550386,0.7034883720930233,0.05426356589147287,516
25050,0.20796019900497512,0.691044776119403,0.1009950248756219,2010
25051,0.13864491844416563,0.6882057716436637,0.17314930991217065,1594
25053,0.20390887588696627,0.6826839287937259,0.11340719531930786,8033
25054,0.21140142517814728,0.7315914489311164,0.057007125890736345,421
25055,0.20621761658031088,0.7062176165803109,0.08756476683937824,1930
25056,0.20922703358963982,0.6847430190206394,0.10602994738972076,2471
25057,0.15987460815047022,0.7366771159874608,0.10344827586206896,319
25058,0.22631094756209752,0.6605335786568537,0.11315547378104876,1087
25059,0.19855595667870035,0.7227436823104693,0.07870036101083032,1385
25060,0.23370577281191807,0.6620111731843575,0.1042830540037244,1074
25062,0.2236503856041131,0.6529562982005142,0.12339331619537275,389
25063,0.20767778477029578,0.670862177470107,0.12146003775959723,1589
25065,0.1982832618025751,0.6978540772532189,0.10386266094420601,1165
25066,0.18168812589413447,0.7324749642346209,0.08583690987124463,699
25067,0.2016925246826516,0.7009873060648801,0.09732016925246827,709
25069,0.23026315789473684,0.6447368421052632,0.125,152
25070,0.22091131000813669,0.6908055329536208,0.08828315703824248,2458
25071,0.20574047274481427,0.7192474674384949,0.07501205981669079,4146
25072,0.19016208066339993,0.6860158311345647,0.12382208820203543,5306
25073,0.2396234488660676,0.6722293538724861,0.08814719726144629,2337
25074,0.21218755701514322,0.6898376208721037,0.09797482211275314,10962
26001,0.1937762504772814,0.709049255441008,0.09717449408171058,5238
26002,0.19802590993214064,0.6915484268969772,0.11042566317088218,3242
26003,0.17706755528627688,0.705998182368979,0.11693426234474402,6602
26004,0.17674310864025944,0.6900625434329395,0.13319434792680102,4317
26005,0.21130003542330852,0.6797732908253631,0.10892667375132838,5646
26006,0.22826457551994545,0.6795090351176271,0.09222638936242755,5866
26007,0.21843575418994413,0.662290502793296,0.11927374301675978,3580
26008,0.18291070784761446,0.6714337219084244,0.14565557024396106,8321
26009,0.19510920681366914,0.6794858396906678,0.12540495349566308,9569
26010,0.16345578556898407,0.6578915878903913,0.17865262654062464,8357
26011,0.2165680473372781,0.6757396449704142,0.1076923076923077,1690
26012,0.1823921991767574,0.6464852335851017,0.1711225672381409,25023
26013,0.20420362514462012,0.6718087157732356,0.12398765908214424,5186
26014,0.1977220956719818,0.6929384965831435,0.10933940774487472,2195
26015,0.23986612123465972,0.6664187430271477,0.09371513573819264,2689
26016,0.19341408024224072,0.7153671461014383,0.09121877365632097,2642
26017,0.2235294117647059,0.6929411764705883,0.08352941176470588,2550
26018,0.2046875,0.6760416666666667,0.11927083333333334,1920
26019,0.22338568935427575,0.6878583894290701,0.0887559212166542,4011
26020,0.20179257362355954,0.6594110115236875,0.13879641485275288,3905
26021,0.1766230795623499,0.637413747093134,0.18596317334451604,26231
26022,0.21148092744951383,0.6856768885564697,0.10284218399401646,5348
26023,0.19864320542717828,0.6815772736909053,0.11977952088191647,4717
26025,0.2262854609929078,0.6830673758865248,0.09064716312056738,4512
26026,0.21421755725190839,0.6805025445292621,0.10527989821882952,6288
26027,0.21773612112472962,0.6777217015140591,0.10454217736121124,2774
26028,0.220311027332705,0.692507068803016,0.08718190386427899,4244
26029,0.19952550415183867,0.7043890865954923,0.09608540925266904,4215
26030,0.1988277727682597,0.6785392245266005,0.12263300270513977,2218
26031,0.2354613030170529,0.6661565369479667,0.09838216003498032,4574
26032,0.18733783082511676,0.703425012973534,0.10923715620134924,3854
26033,0.21206225680933852,0.6664504971897968,0.12148724600086468,4626
26034,0.20297029702970298,0.7158415841584158,0.08118811881188119,3030
26035,0.18830008931229533,0.7000595415302173,0.11164036915748735,6718
26036,0.21242273481079452,0.6992311171415649,0.08834614804764059,6633
26037,0.21694157114900756,0.6877271456527817,0.0953312831982108,3577
26038,0.2117136051562281,0.6810985007706319,0.10718789407313997,7137
26039,0.23745819397993312,0.6642655003859017,0.09827630563416516,3887
26040,0.21350731287639804,0.6826785202179524,0.10381416690564955,6974
26041,0.2120092378752887,0.6933025404157044,0.09468822170900693,2165
26042,0.21810028536485934,0.6836526701997554,0.09824704443538525,2453
26043,0.1688137541305493,0.6445093625784206,0.18667688329103013,20881
26044,0.2287721441661576,0.6695174098961515,0.1017104459376909,3274
26045,0.1884765625,0.7138671875,0.09765625,1024
26046,0.1867092706938987,0.6582322207349195,0.15505850857118184,23159
26047,0.20379436964504283,0.6842105263157895,0.11199510403916768,3268
26048,0.24868483978957437,0.6757532281205165,0.07556193208990913,2091
26049,0.20481777333999002,0.6759860209685472,0.1191962056914628,8012
26050,0.2260136491368928,0.6730228823765556,0.10096346848655159,4982
26051,0.19328230170252078,0.6492675201266992,0.15745017817078,15154
26052,0.21906754333532577,0.6817095038852361,0.09922295277943813,3346
26053,0.21739130434782608,0.6752717391304348,0.10733695652173914,2944
26055,0.17886482449589244,0.682536718944486,0.1385984565596216,16068
26056,0.21117238925458104,0.6902686354741149,0.09855897527130404,5621
26057,0.20470972254604802,0.6655397528561436,0.12975052459780834,8578
26058,0.20016420361247947,0.68752052545156,0.1123152709359606,6090
26059,0.17076271186440678,0.6655720338983051,0.16366525423728814,9440
26060,0.21072088724584104,0.7024029574861368,0.08687615526802218,541
26061,0.21052631578947367,0.6723057644110275,0.11716791979949874,1596
26062,0.18394122277617422,0.7006035161374967,0.11545526108632904,3811
26063,0.16622458001768348,0.6636122498191463,0.17016317016317017,12441
26064,0.20077648363838047,0.6805324459234608,0.11869107043815863,7212
26065,0.2243639167309175,0.6592135697764071,0.1164225134926754,1297
26066,0.18212355776252373,0.7100920110997517,0.10778443113772455,6847
26067,0.2045177045177045,0.7057387057387058,0.08974358974358974,1638
26068,0.17641932270916336,0.7202440239043825,0.10333665338645419,8032
26069,0.2253637112270107,0.6589806935675725,0.11565559520541678,10929
26070,0.21224232225494322,0.6949936895246108,0.09276398822044594,4754
26071,0.2160513643659711,0.6807918673087212,0.10315676832530765,9345
26072,0.21062654732431918,0.6733955437059608,0.11597790896972006,5251
26073,0.20630585898709036,0.6395233366434955,0.1541708043694141,4028
26074,0.22920517560073936,0.6765249537892791,0.09426987060998152,3787
26075,0.20186019473913674,0.6859468100566778,0.11219299520418544,6881
26076,0.2054576765134455,0.658762750033117,0.13577957345343755,7549
26077,0.21218487394957983,0.6995798319327731,0.08823529411764706,5236
26078,0.18809318377911993,0.7131147540983607,0.09879206212251941,2318
26079,0.23961218836565096,0.6641274238227147,0.09626038781163435,1444
26080,0.2341034103410341,0.6785478547854785,0.08734873487348735,4545
26081,0.19142419601837674,0.6531393568147014,0.1554364471669219,7836
26082,0.20449212202480724,0.6820873840652587,0.11342049390993407,8949
26083,0.20344629523262492,0.6909821941412981,0.10557151062607696,8705
26084,0.23130487435664548,0.6748410535876476,0.09385407205570694,3303
26085,0.20502628542120785,0.6929093473522246,0.1020643672265675,7799
26086,0.1566100524283427,0.6046526229868459,0.23873732458481148,63706
26087,0.2004908926495285,0.6846660638160444,0.11484304353442708,7741
26088,0.22749099639855944,0.681672669067627,0.09083633453381353,4998
26089,0.2067287870042055,0.6992661004370413,0.0940051125587532,12127
26090,0.2237263982899893,0.6683291770573566,0.10794442465265408,2807
26091,0.18981412639405204,0.6631970260223048,0.1469888475836431,13450
26092,0.195264610921342,0.6388563941790276,0.16587899489963034,21371
26093,0.21737978540204,0.6745264273413697,0.10809378725659027,7549
26094,0.18042813455657492,0.7324159021406728,0.0871559633027523,1308
26095,0.1977698811420169,0.6783482416370543,0.1238818772209288,8161
26096,0.20245522237874825,0.6852485409539143,0.1122962366673375,4969
27001,0.2215439856373429,0.681149012567325,0.09730700179533214,2785
27002,0.21969399764613573,0.6904668497449981,0.08983915260886623,5098
27003,0.2183377308707124,0.6985488126649076,0.08311345646437995,7580
27004,0.21315704611415673,0.6950446092658282,0.09179834462001504,9303
27005,0.21458287716225094,0.691153930370046,0.0942631924677031,9134
27006,0.2531607765057242,0.6535589845694375,0.09328023892483822,10045
27007,0.18159591020226717,0.707268281840409,0.11113580795732385,4499
27008,0.22101900022619317,0.6730095001130966,0.10597149966071025,35368
27009,0.214987714987715,0.6801801801801802,0.10483210483210484,2442
27010,0.2346263008514664,0.684484389782403,0.08088930936613056,2114
27011,0.23198976327575177,0.65361484325016,0.1143953934740883,7815
27012,0.198255917423029,0.6539419825591742,0.14780210001779676,11238
27013,0.24792420694060038,0.6754311262507984,0.07664466680860124,9394
27014,0.22164865300854977,0.6404258751411518,0.13792547185029844,6199
27015,0.20159744408945687,0.6840255591054313,0.11437699680511182,3130
27016,0.21107419712070874,0.6739756367663344,0.11495016611295682,4515
27017,0.22474105921438342,0.6740277506351378,0.1012311901504788,5117
27018,0.21283471837488457,0.6814404432132964,0.10572483841181902,2166
27019,0.20133327160779593,0.6848757001990649,0.1137910281931392,21601
27020,0.17217484008528786,0.6955528480048736,0.13227231190983857,13132
27021,0.19171837406610104,0.6743700139293403,0.1339116120045587,15794
27022,0.2174844653953289,0.6813799014356118,0.10113563316905935,4667
27023,0.21614889149852318,0.6707590477207217,0.11309206078075514,28101
27024,0.1919113734217019,0.634463741473562,0.17362488510473612,20671
27025,0.2258405831177992,0.6637667528803197,0.11039266400188102,8506
27026,0.19458026021380626,0.659070191431176,0.14634954835501782,12067
27027,0.18661296509397776,0.6952435749904105,0.11814345991561181,5214
27028,0.19450340744050945,0.6775779242542732,0.12791866830521728,8951
27029,0.1860697564311642,0.6429059918985743,0.17102425167026145,19009
27030,0.20774231678486998,0.7047872340425532,0.08747044917257683,3384
27031,0.2092400401740877,0.6878138600602611,0.10294609976565115,5974
27032,0.19879330073858317,0.6848018308540518,0.11640486840736503,9613
27033,0.17713096401879475,0.6590142221941913,0.16385481378701397,31711
27034,0.24834093737038573,0.664765657403567,0.08689340522604729,9644
27035,0.1856492936387581,0.705084204645223,0.10926650171601883,12529
27036,0.207710793020583,0.6972103228502768,0.09507888412914012,9571
27037,0.1978705159354009,0.6791482063741604,0.12298127769043876,13994
27038,0.19029814974594958,0.6721311475409836,0.13757070271306682,20862
27039,0.22022512708787217,0.6486928104575164,0.1310820624546115,5508
27040,0.23032407407407407,0.6620370370370371,0.1076388888888889,1728
27041,0.221119382409705,0.691204852495175,0.08767576509511993,3627
27042,0.18619871601444224,0.6294338601766781,0.1843674238088797,192214
27043,0.22668158299538527,0.6730527198993148,0.10026569710529996,7151
27044,0.22567722243418542,0.6937237695536055,0.08059900801220908,10484
28001,0.17653283947351014,0.638600436536808,0.18486672398968185,15119
28002,0.26143790849673204,0.6684095860566449,0.07015250544662309,2295
28003,0.17604870749703316,0.620762602548888,0.20318868995407874,19381
28004,0.24728434504792332,0.670926517571885,0.0817891373801917,3130
28005,0.20776419841840402,0.6319194823867721,0.16031631919482386,1391
28006,0.17076244486452427,0.7151858853182105,0.11405166981726528,1587
28007,0.21641371557054526,0.6832490163012929,0.10033726812816189,3558
28008,0.20793650793650795,0.6726190476190477,0.11944444444444445,2520
28009,0.18808510638297873,0.6370212765957447,0.1748936170212766,2350
28010,0.2229580573951435,0.6909492273730684,0.08609271523178808,453
28011,0.18181818181818182,0.6624356775300172,0.15574614065180103,2915
28012,0.23466666666666666,0.6549333333333334,0.1104,1875
28013,0.19029393753827312,0.6912124923453766,0.11849357011635027,6532
28014,0.1953307392996109,0.6964980544747081,0.10817120622568094,2570
28015,0.20361726954492415,0.6935044729677169,0.102878257487359,5142
28016,0.1865369716794353,0.6520616338125161,0.16140139450804855,11617
28017,0.19485729917023797,0.6863317224400474,0.11881097838971459,10967
28018,0.165374677002584,0.7157622739018088,0.11886304909560723,1935
28019,0.19132947976878611,0.6596531791907514,0.14901734104046244,8650
28020,0.19135654261704682,0.7075630252100841,0.10108043217286915,4165
28021,0.20681410639569636,0.7130902570233114,0.08009563658099222,1673
28022,0.21897810218978103,0.6578467153284672,0.12317518248175183,1096
28023,0.19271678384712457,0.7075896881197044,0.09969352803317108,5547
28026,0.2083580320094843,0.6962062833432128,0.0954356846473029,3374
28027,0.22793263646922182,0.6835075493612079,0.08855981416957026,3444
28028,0.21599402092675635,0.6768809167912307,0.10712506228201295,4014
28029,0.24685138539042822,0.7002518891687658,0.05289672544080604,1191
28030,0.20182604517059105,0.682123978856319,0.11604997597308986,4162
28031,0.23076923076923078,0.646978021978022,0.12225274725274725,1456
28032,0.18488009034743905,0.6536238623530193,0.16149604729954162,15053
28033,0.21533477321814254,0.7028077753779698,0.08185745140388768,4630
28034,0.21060462599756527,0.6644122818882727,0.12498309211416204,7393
28035,0.21556088462563283,0.6962430055955235,0.0881961097788436,3753
28036,0.20164059519267455,0.6970621900038153,0.10129721480351012,5242
28037,0.18393302744908638,0.6385736134589068,0.17749335909200675,12423
28038,0.21869669054930058,0.6755373592630501,0.10576595018764927,5862
28039,0.1961451247165533,0.6848072562358276,0.11904761904761904,5292
28040,0.2279523954836741,0.6545620994812328,0.11748550503509307,3277
28041,0.19203821656050957,0.7168789808917198,0.0910828025477707,3140
28042,0.22620519159456118,0.6919035846724351,0.08189122373300371,3236
28043,0.18494623655913978,0.7182795698924731,0.0967741935483871,1395
28044,0.1955282770714599,0.6628671635247698,0.14160455940377029,6843
28045,0.18060586104708595,0.6606848864010537,0.15870925255186039,6074
28046,0.19441894620892233,0.6948779144483201,0.11070313934275748,5447
28047,0.1994949494949495,0.7159090909090909,0.0845959595959596,2376
28048,0.1927927927927928,0.6944444444444444,0.11276276276276276,6660
28049,0.22740740740740742,0.6733333333333333,0.09925925925925926,1350
28050,0.17853817504655495,0.7083333333333334,0.11312849162011174,4296
28052,0.19100294985250738,0.7101769911504425,0.09882005899705015,1356
28053,0.22933467741935484,0.7026209677419355,0.06804435483870967,1984
28054,0.18782753692234397,0.6805621724630777,0.13161029061457838,8396
28055,0.19959019503680656,0.6390680731577749,0.16134173180541853,13177
28056,0.21032782129387873,0.6610095735422106,0.12866260516391065,6894
28057,0.19218390804597701,0.6391954022988505,0.1686206896551724,8700
28058,0.19267777517014786,0.616873973245717,0.19044825158413517,8522
28059,0.19288480154888674,0.7069215876089061,0.10019361084220717,4132
28060,0.15093615469740487,0.5575029904497508,0.2915608548528443,156331
28061,0.2123002084781098,0.6560111188325226,0.13168867268936763,2878
28062,0.23069207622868607,0.6880641925777332,0.08124373119358075,997
28063,0.21764705882352942,0.6707082833133253,0.11164465786314526,8330
28064,0.20971014492753623,0.6742028985507247,0.11608695652173913,6900
28065,0.20668184252811997,0.6582753079807178,0.1350428494911623,14936
28066,0.20041067761806983,0.6887063655030801,0.11088295687885011,2435
28067,0.21476510067114093,0.6672259507829977,0.1180089485458613,1788
28068,0.23088399850801938,0.6661693397985826,0.10294666169339799,2681
28069,0.18682099705553865,0.6343791247842421,0.1787998781602193,9849
28070,0.23233486943164364,0.651689708141321,0.11597542242703533,2604
28071,0.21954595791805095,0.6727574750830565,0.10769656699889259,3612
28072,0.18586555430771698,0.6363709289266806,0.17776351676560243,12466
28073,0.1907482993197279,0.6707482993197279,0.1385034013605442,3675
28075,0.1975900314939066,0.6845132137477749,0.1178967547583185,7303
28076,0.18859744201170606,0.7012789941469759,0.11012356384131801,4613
28077,0.20276019508145687,0.6820587319705302,0.11518107294801287,9637
28078,0.20496699151210312,0.689720213769255,0.10531279471864194,3181
28079,0.1981786643538595,0.6730268863833477,0.1287944492627927,2306
28080,0.2015065913370998,0.675894538606403,0.12259887005649718,5310
28082,0.20067014147431125,0.682241250930752,0.11708860759493671,5372
28083,0.21818181818181817,0.6754820936639119,0.10633608815426997,1815
28084,0.25084745762711863,0.6677966101694915,0.08135593220338982,1475
28085,0.18826437678896696,0.6623731459797033,0.1493624772313297,7686
28086,0.17565657755270286,0.6271934989989401,0.19714992344835708,16982
28087,0.23925529807882748,0.6730045553574965,0.08774014656367597,5049
28088,0.22494432071269488,0.6735602927139676,0.10149538657333758,3143
28089,0.17936816888755802,0.655637071417877,0.16499475969456506,6679
28090,0.1839258114374034,0.7104585265327151,0.1056156620298815,1941
28091,0.2071440494074445,0.6806876982139877,0.11216825237856785,5991
28092,0.19211054156451973,0.6735012257633163,0.13438823267216404,4487
28093,0.19241393965150871,0.7025074373140672,0.10507862303442414,9412
28094,0.20566462825877052,0.6832957837141937,0.11103958802703573,3107
28095,0.19315245478036175,0.7028423772609819,0.10400516795865633,1548
28096,0.18221960553429498,0.7144539299381808,0.10332646452752428,3397
28097,0.218442932728647,0.6477702191987906,0.13378684807256236,1323
28098,0.22948328267477203,0.6960486322188449,0.07446808510638298,658
28099,0.18193931939319394,0.6640016400164002,0.1540590405904059,9756
28100,0.19422122429685654,0.6489600567241787,0.1568187189789648,16924
28101,0.21391689205802802,0.6808458323088271,0.10523727563314482,4067
28102,0.2298636926889715,0.6629491945477075,0.10718711276332094,1614
28103,0.1941772809981804,0.6710423706784507,0.13478034832336885,7694
28104,0.21289018639119694,0.6900965641140804,0.09701324949472266,4453
28105,0.2279441117764471,0.6730538922155689,0.09900199600798404,2505
28106,0.18176409341067976,0.6923992265357727,0.12583668005354753,6723
28107,0.18256079027355623,0.7222644376899696,0.09517477203647416,5264
29001,0.19849955261890012,0.659508569068759,0.14199187831234084,14529
29002,0.24612464409996837,0.677000949066751,0.0768744068332806,3161
29003,0.21421520236920039,0.6762092793682132,0.10957551826258638,2026
29004,0.20015376729882112,0.6825986673500769,0.11724756535110199,7804
29005,0.27348643006263046,0.6294363256784968,0.09707724425887265,958
29006,0.2405857740585774,0.6856694560669456,0.07374476987447699,1912
29007,0.24234234234234234,0.6846846846846847,0.07297297297297298,1110
29008,0.20309477756286268,0.6847195357833655,0.11218568665377177,517
29009,0.22823413674372847,0.691096901131333,0.08066896212493851,2033
29010,0.234472049689441,0.687888198757764,0.07763975155279502,644
29011,0.22159548751007252,0.6986301369863014,0.07977437550362611,1241
29012,0.20310435931307794,0.6760237780713342,0.12087186261558784,3028
29013,0.23744769874476987,0.6574267782426778,0.1051255230125523,1912
29014,0.22345890410958905,0.7071917808219178,0.06934931506849315,1168
29015,0.21810089020771514,0.6735905044510386,0.1083086053412463,2696
29017,0.24867099822799762,0.6774955699940933,0.07383343177790903,1693
29018,0.25162581290645325,0.6603301650825413,0.0880440220110055,1999
29019,0.2549019607843137,0.6572258533042846,0.0878721859114016,1377
29021,0.26209223847019125,0.6456692913385826,0.0922384701912261,1778
29022,0.2258908139915005,0.6652500817260543,0.10885910428244525,3059
29023,0.23175182481751824,0.6724452554744526,0.09580291970802919,1096
29024,0.2406847935548842,0.6626384692849949,0.09667673716012085,1986
29025,0.2571059431524548,0.6304909560723514,0.1124031007751938,774
29026,0.2104810996563574,0.7036082474226805,0.0859106529209622,1164
29027,0.23841463414634145,0.6835365853658537,0.07804878048780488,1640
29028,0.19709794437726724,0.7085852478839177,0.094316807738815,827
29029,0.22462154942119322,0.6709706144256455,0.10440783615316118,8984
29030,0.24797843665768193,0.6884867154408933,0.06353484790142472,2597
29031,0.21536144578313254,0.7033132530120482,0.08132530120481928,2656
29032,0.2456538170823885,0.671201814058957,0.08314436885865457,1323
29033,0.18241398143091206,0.6800655379574003,0.1375204806116876,9155
29034,0.2302810516772439,0.6872166817769719,0.08250226654578423,1103
29035,0.2133676092544987,0.7077977720651243,0.07883461868037704,1167
29036,0.24008810572687225,0.6883259911894273,0.07158590308370044,908
29037,0.19754816112084064,0.6998248686514886,0.10262697022767076,2855
29038,0.18154761904761904,0.6815476190476191,0.13690476190476192,1680
29039,0.2688997749238713,0.682642658546273,0.04845756652985569,7553
29040,0.2378475695139028,0.6707341468293658,0.09141828365673135,4999
29041,0.16945193171608267,0.6371710948530356,0.19337697343088178,38955
29042,0.2502951593860685,0.6635182998819362,0.08618654073199528,847
29043,0.21755253399258342,0.6897404202719407,0.09270704573547589,809
29044,0.23061430010070494,0.6851292379993287,0.08425646189996643,2979
29045,0.2128794093519278,0.6747333880229697,0.11238720262510254,2438
29046,0.24150153053004672,0.6872885451909135,0.0712099242790398,6207
29047,0.27751196172248804,0.6272727272727273,0.09521531100478468,2090
29048,0.22378378378378377,0.6778378378378378,0.09837837837837837,3700
29049,0.22626931567328917,0.6401766004415012,0.1335540838852097,906
29050,0.21747448979591838,0.6779336734693877,0.10459183673469388,1568
29051,0.24516129032258063,0.682258064516129,0.07258064516129033,620
29052,0.23619515885022693,0.6818267776096822,0.08197806354009077,10576
30001,0.21599532983070635,0.6643315820198482,0.11967308814944541,1713
30002,0.1800878477306003,0.705710102489019,0.11420204978038068,683
30003,0.23505434782608695,0.6875,0.07744565217391304,736
30004,0.21216910312129594,0.6779928881864875,0.10983800869221652,2531
30005,0.17553516819571865,0.7339449541284404,0.09051987767584098,1635
30006,0.17451154529307283,0.6922735346358793,0.13321492007104796,2252
30007,0.18437025796661607,0.7063732928679818,0.10925644916540213,1318
30008,0.20495495495495494,0.6933183183183184,0.10172672672672672,2664
30009,0.23993038289408256,0.6412232720039781,0.11884634510193934,4022
30010,0.22729686670207117,0.6733935209771641,0.09930961232076474,1883
30011,0.22948539638386647,0.6780250347705146,0.09248956884561892,1438
30012,0.2,0.6948275862068966,0.10517241379310345,580
30013,0.18460019743336623,0.6943731490621915,0.12102665350444225,5065
30014,0.17490992466426467,0.6776940714051752,0.1473960039305601,3053
30015,0.2059064807219032,0.7005742411812962,0.09351927809680066,1219
30016,0.16143269393990833,0.6686470887794942,0.16992021728059753,5891
30018,0.22569938359412042,0.7050734945471787,0.06922712185870081,2109
30019,0.19728506787330316,0.6927601809954751,0.10995475113122172,2210
30020,0.2222222222222222,0.6833855799373041,0.0943921978404737,2871
30021,0.16579634464751958,0.737597911227154,0.09660574412532637,766
30022,0.18029739776951673,0.7360594795539034,0.08364312267657993,538
30023,0.16922325354176845,0.6931118710307768,0.1376648754274548,10235
30024,0.23272727272727273,0.6854545454545454,0.08181818181818182,550
30025,0.22580645161290322,0.6794354838709677,0.09475806451612903,496
30026,0.16620941929583904,0.6871284865112025,0.1466620941929584,8748
30027,0.18545718666774272,0.6712936808974256,0.14324913243483173,12391
30028,0.19792267743796885,0.6785920369301789,0.12348528563185228,1733
30029,0.23376623376623376,0.6857142857142857,0.08051948051948052,385
30030,0.1903420523138833,0.711066398390342,0.09859154929577464,2485
30031,0.19214501510574017,0.6797583081570997,0.12809667673716013,1655
30032,0.23564143853998926,0.6672034353193773,0.09715512614063339,1863
30033,0.2748091603053435,0.648854961832061,0.07633587786259542,131
30034,0.21978021978021978,0.7582417582417582,0.02197802197802198,91
30035,0.1984511132623427,0.7241045498547919,0.07744433688286544,1033
30036,0.1882673942701228,0.700318326512051,0.11141427921782629,2199
30037,0.19317463661259743,0.6572572150832104,0.14956814830419213,4747
30039,0.2635933806146572,0.6418439716312057,0.09456264775413711,846
30040,0.18202764976958524,0.7511520737327189,0.06682027649769585,434
30041,0.21170610211706103,0.6973848069738481,0.09090909090909091,803
30042,0.3333333333333333,0.6128364389233955,0.053830227743271224,483
30043,0.1885245901639344,0.6773580422903303,0.13411736754573533,8418
30044,0.22405133928571427,0.6858258928571429,0.09012276785714286,3584
30045,0.16666666666666666,0.7689393939393939,0.06439393939393939,264
30046,0.19499509322865555,0.6932286555446516,0.11177625122669284,10190
30047,0.25719424460431656,0.7032374100719424,0.039568345323741004,556
30048,0.21274373259052926,0.6887186629526463,0.09853760445682451,2872
30049,0.15434083601286175,0.7004287245444801,0.1452304394426581,5598
30051,0.23694779116465864,0.6767068273092369,0.08634538152610442,498
30052,0.20724233983286908,0.6757660167130919,0.116991643454039,1795
30053,0.19802828975567938,0.6860265752250322,0.11594513501928846,4666
30054,0.1531413612565445,0.7421465968586387,0.10471204188481675,764
30055,0.21820750908356884,0.6917642309245055,0.09002825999192572,4954
30056,0.275,0.66,0.065,1400
30057,0.17743454511207385,0.6462610661141458,0.17630438877378038,5309
30058,0.24951267056530213,0.6500974658869396,0.10038986354775828,2052
30059,0.207380073800738,0.6745387453874538,0.11808118081180811,1355
30060,0.16468725257323832,0.7046714172604909,0.13064133016627077,1263
30061,0.19651741293532338,0.6716417910447762,0.1318407960199005,402
30062,0.19502513892564172,0.6840433977242657,0.12093146335009261,3779
30063,0.19694576092680358,0.5897840968931016,0.2132701421800948,1899
30064,0.21973333333333334,0.6949333333333333,0.08533333333333333,1875
30065,0.20570866141732283,0.6948818897637795,0.09940944881889764,2032
30066,0.17044948820649755,0.7303070761014686,0.09924343569203382,2247
30067,0.2169092169092169,0.6985446985446986,0.08454608454608455,1443
30068,0.17438349270256667,0.6119778560644187,0.2136386512330146,3974
30069,0.2555205047318612,0.6737269040108157,0.07075259125732312,2219
30070,0.19405168210628962,0.6557776694295465,0.15017064846416384,4102
30071,0.21598535692495424,0.6985967053081147,0.08541793776693106,1639
30072,0.16098642283180936,0.6708229426433915,0.16819063452479913,7218
30073,0.23957219251336898,0.7096256684491978,0.05080213903743316,1870
30074,0.20597014925373133,0.6732491389207808,0.12078071182548794,4355
30075,0.23858140784524448,0.6856528747984955,0.07576571735626007,1861
30076,0.20512820512820512,0.7115384615384616,0.08333333333333333,1092
30077,0.20726714431934493,0.7139201637666326,0.07881269191402251,1954
30078,0.2074757511237284,0.6704518571090607,0.12207239176721078,4227
30079,0.20475737392959087,0.6584205518553758,0.1368220742150333,5255
30080,0.1507098653076083,0.6720058245358573,0.1772843101565344,2747
30081,0.236986301369863,0.6917808219178082,0.07123287671232877,730
30082,0.21434820647419073,0.6955380577427821,0.09011373578302712,1143
30083,0.17892390958293536,0.708691499522445,0.11238459089461955,3141
30084,0.22842639593908629,0.6954314720812182,0.07614213197969544,197
30085,0.17900172117039587,0.7211703958691911,0.09982788296041308,581
30086,0.21982758620689655,0.7212643678160919,0.05890804597701149,696
30087,0.19920844327176782,0.7018469656992085,0.09894459102902374,2274
30088,0.19675925925925927,0.7384259259259259,0.06481481481481481,432
30089,0.16338028169014085,0.7436619718309859,0.09295774647887324,355
30090,0.17895586652314316,0.6977933261571583,0.1232508073196986,3716
30091,0.17951517798645994,0.6861760209652763,0.13430880104826382,4579
30092,0.22363405336721728,0.7039390088945362,0.0724269377382465,787
30093,0.27467811158798283,0.6566523605150214,0.06866952789699571,233
30094,0.17365269461077845,0.7395209580838323,0.08682634730538923,334
30095,0.19017763845350052,0.6886102403343782,0.12121212121212122,1914
30097,0.19907100199071,0.7126741871267419,0.08825481088254811,1507
30098,0.20976491862567812,0.6699819168173599,0.12025316455696203,2212
30099,0.175,0.6779874213836478,0.1470125786163522,6360
30100,0.19850901525658807,0.6919209431345353,0.10957004160887657,5768
30101,0.21491322048425113,0.7019498607242339,0.08313691879151489,4667
30102,0.12684031710079274,0.7644394110985278,0.1087202718006795,883
30103,0.16325336454066705,0.7056758338209479,0.13107080163838503,1709
30104,0.22041503084688727,0.6758272574312956,0.10375771172181716,1783
30105,0.22245989304812835,0.6855614973262032,0.09197860962566845,935
30106,0.21517027863777088,0.663312693498452,0.12151702786377709,1292
30107,0.18849840255591055,0.744408945686901,0.0670926517571885,313
30108,0.27299703264094954,0.655786350148368,0.0712166172106825,337
30109,0.24094326725905674,0.6804511278195489,0.0786056049213944,2926
30110,0.21397379912663755,0.6885007278020379,0.0975254730713246,687
30111,0.13877551020408163,0.7795918367346939,0.08163265306122448,245
30112,0.21337579617834396,0.7016985138004246,0.08492569002123142,942
30113,0.20366598778004075,0.7311608961303462,0.06517311608961303,491
30114,0.2157511581733951,0.6915949702183984,0.09265387160820648,3022
30116,0.18186993026896256,0.6924718941226697,0.12565817560836773,7027
30117,0.15281030444964872,0.7271662763466042,0.12002341920374707,3416
30118,0.15596975558290838,0.6500791278354141,0.19395111658167752,11374
30120,0.21256038647342995,0.6748792270531401,0.11256038647342995,2070
30121,0.15443966607639767,0.6835314950670377,0.16202883885656463,7906
30122,0.20475319926873858,0.6959171237050579,0.09932967702620353,1641
30123,0.2262464722483537,0.6928504233301975,0.08090310442144873,2126
30124,0.23398001175778954,0.69782480893592,0.06819517930629042,1701
30126,0.15254237288135594,0.7324981577008106,0.11495946941783346,1357
30127,0.16941580756013747,0.6687285223367697,0.1618556701030928,5820
30128,0.25832656376929325,0.6165718927701056,0.12510154346060115,1231
30129,0.1368128596943838,0.6248991201958061,0.23828802010981015,75585
30130,0.2103303862261517,0.6891577477896697,0.10051186598417869,2149
30131,0.18130489335006272,0.7314930991217063,0.08720200752823086,1594
30132,0.20773638968481375,0.6991404011461319,0.09312320916905444,698
30133,0.19469026548672566,0.6926253687315634,0.11268436578171091,1695
30135,0.18048780487804877,0.6991869918699187,0.12032520325203253,615
30136,0.174496644295302,0.7046979865771812,0.12080536912751678,447
30137,0.20956399437412096,0.7067510548523207,0.08368495077355836,1422
30138,0.18285714285714286,0.7314285714285714,0.08571428571428572,875
30188,0.22088271352676747,0.6838986514098897,0.09521863506334287,4894
30189,0.18963922294172064,0.6901017576318224,0.12025901942645699,1081
30190,0.1966501240694789,0.695822994210091,0.10752688172043011,4836
30191,0.2046783625730994,0.7348927875243665,0.06042884990253411,513
31001,0.16526396327467482,0.7100229533282326,0.12471308339709258,1307
31002,0.1590715139102236,0.7127496159754224,0.128178870114354,5859
31003,0.12048192771084337,0.7469879518072289,0.13253012048192772,1079
31004,0.2191780821917808,0.6746575342465754,0.10616438356164383,292
31005,0.09151785714285714,0.7596726190476191,0.1488095238095238,1344
31006,0.14316330904414917,0.7513930561508787,0.10544363480497214,2333
31007,0.1250685482396812,0.6959748473659196,0.17895660439439914,27353
31008,0.12702439024390244,0.7118048780487805,0.16117073170731708,5125
31009,0.13591331269349846,0.7328173374613003,0.13126934984520125,6460
31010,0.11195928753180662,0.7896522476675149,0.09838846480067855,1179
31011,0.1919889502762431,0.6947513812154696,0.1132596685082873,724
31012,0.15049207217058502,0.7207490431930016,0.12875888463641333,21948
31013,0.1846435100548446,0.716636197440585,0.09872029250457039,547
31014,0.15524360033030554,0.7208918249380677,0.12386457473162675,1211
31015,0.16227319411160562,0.717904827114002,0.11982197877439234,2921
31016,0.12762958143569725,0.7396443287790068,0.13272608978529604,9222
31017,0.1290704558910598,0.7152161042036708,0.1557134399052694,1689
31018,0.15862971852498364,0.7484180667684922,0.09295221470652411,4583
31019,0.14359637774902975,0.7244501940491591,0.13195342820181113,773
31020,0.13173156586578294,0.7274233637116818,0.14084507042253522,1207
31021,0.16854678168546783,0.7146648971466489,0.11678832116788321,1507
31022,0.1185237757274663,0.759403832505323,0.12207239176721078,1409
31023,0.14269725797425853,0.7108748367841821,0.1464279052415594,5361
31024,0.13283089967027792,0.7550635892604804,0.11210551106924165,2123
31025,0.16732438831886345,0.7355958958168903,0.09707971586424625,1267
32001,0.09825815096025012,0.6900401965163019,0.21170165252344797,6717
32002,0.11812080536912752,0.7100671140939597,0.17181208053691274,745
32003,0.1385489931592639,0.738895847384141,0.12255515945659505,10379
32004,0.13309352517985612,0.7388912399492171,0.12801523487092678,4726
32005,0.09382716049382717,0.7253086419753086,0.1808641975308642,1620
32006,0.11232789595853604,0.6749912556838056,0.21268084835765844,157245
33001,0.20384615384615384,0.6608974358974359,0.13525641025641025,1560
33002,0.1969111969111969,0.7101489244346387,0.09293987865416437,3626
33003,0.2206896551724138,0.6744827586206896,0.10482758620689656,725
33004,0.2310185185185185,0.6842592592592592,0.08472222222222223,2160
33005,0.2192401533635413,0.6842105263157895,0.09654932032066922,2869
33006,0.1930198263149271,0.7060462067835491,0.10093396690152384,6103
33007,0.1807501129688206,0.6970176231360145,0.12223226389516494,4426
33008,0.20872765509989485,0.6903259726603576,0.10094637223974763,1902
33010,0.2155924570785252,0.6870250492541514,0.09738249366732339,3553
33011,0.19983150800336985,0.6771693344566133,0.12299915754001685,5935
33012,0.18896139206090268,0.6688417618270799,0.1421968461120174,3678
33013,0.1872085276482345,0.6975349766822119,0.11525649566955364,10507
33014,0.20199501246882792,0.6865336658354114,0.1114713216957606,4010
33015,0.24528301886792453,0.7169811320754716,0.03773584905660377,106
33016,0.260431654676259,0.6431654676258993,0.09640287769784173,695
33017,0.2778993435448578,0.6630196936542669,0.05908096280087528,457
33018,0.1934826883910387,0.686936281640966,0.11958102996799534,3437
33019,0.3010648596321394,0.6089060987415296,0.09002904162633107,1033
33020,0.31021194605009633,0.6001926782273603,0.08959537572254335,1038
33021,0.19166369789811186,0.6607588172426078,0.14757748485928038,11228
33022,0.1718562874251497,0.6622754491017964,0.1658682634730539,1670
33023,0.15852259692590043,0.6634549208534067,0.1780224822206928,4359
33024,0.1718203033838973,0.7036172695449242,0.12456242707117852,3428
33025,0.23522727272727273,0.6647727272727273,0.1,1760
33026,0.2077170418006431,0.7019292604501608,0.09035369774919615,3110
33027,0.21854636591478696,0.6729323308270677,0.10852130325814537,3990
33028,0.2669447340980188,0.6579770594369134,0.07507820646506778,959
33030,0.30687830687830686,0.6005291005291006,0.09259259259259259,378
33032,0.163417615646915,0.6429518111046774,0.19363057324840766,77715
33033,0.18952760387023335,0.6937962435970404,0.11667615253272624,1757
33034,0.21914893617021278,0.6340425531914894,0.14680851063829786,470
33035,0.1868636168076868,0.6902337587838807,0.12290262440843253,6973
33036,0.19466376259188675,0.7056901715219167,0.09964606588619657,3673
33037,0.1951219512195122,0.6862339809838777,0.11864406779661017,4838
33038,0.1736211901306241,0.6821480406386067,0.14423076923076922,5512
33039,0.1793549802544976,0.6964677490127249,0.12417727073277754,9116
33040,0.20692057594054808,0.6716209939619137,0.12145843009753832,4306
33041,0.2220447284345048,0.6661341853035144,0.11182108626198083,626
33042,0.2052606857679662,0.6961014560826679,0.0986378581493659,2129
33043,0.18976897689768976,0.6523652365236524,0.15786578657865788,1818
33044,0.21565217391304348,0.6747826086956522,0.10956521739130434,1725
33045,0.1900369003690037,0.7004920049200491,0.10947109471094711,3252
33046,0.20581484315225707,0.677123182861515,0.117061973986228,1307
33047,0.34375,0.609375,0.046875,64
33048,0.1751497005988024,0.7070858283433133,0.11776447105788423,2004
33049,0.24556335121749898,0.6421791167973586,0.11225753198514239,2423
34001,0.20270270270270271,0.6942567567567568,0.10304054054054054,1776
34002,0.27605019094380795,0.651936715766503,0.07201309328968904,1833
34003,0.22377887163953047,0.684967815221507,0.09125331313896251,2641
34004,0.21458209839952577,0.6680497925311203,0.11736810906935388,1687
34005,0.33751962323390894,0.6075353218210361,0.054945054945054944,637
34006,0.19916711931921058,0.665761361578852,0.13507151910193735,5523
34007,0.21697746697746698,0.6773504273504274,0.10567210567210568,5148
34008,0.21686746987951808,0.6727964489537096,0.11033608116677235,1577
34009,0.1835923382724973,0.6517889410914348,0.16461872063606794,11068
34010,0.18904403866809882,0.692496547491177,0.11845941384072425,6517
34011,0.22105263157894736,0.7076023391812866,0.07134502923976609,855
34012,0.2459016393442623,0.671448087431694,0.08265027322404371,1464
34013,0.18860796280151118,0.6737866899157222,0.13760534728276663,6882
34014,0.17733260966102532,0.6625548921892732,0.1601124981497015,20267
34015,0.21190565331336578,0.6742792961437664,0.11381505054286783,5342
34016,0.18622811168954093,0.7020823473734027,0.11168954093705631,4226
34017,0.2138058837155432,0.6666666666666666,0.11952744961779013,4317
34018,0.20141116100064144,0.6796664528543939,0.11892238614496473,7795
34019,0.17637836425398484,0.6814737392213222,0.14214789652469298,3827
34020,0.1968455042225534,0.6885245901639344,0.11462990561351218,8052
34022,0.2692828146143437,0.6657645466847091,0.06495263870094722,739
34023,0.1798484489699266,0.667653327018707,0.15249822401136634,8446
34024,0.23018181818181818,0.6752727272727272,0.09454545454545454,2750
34025,0.18107583954271717,0.6725528222925385,0.14637133816474432,9797
34026,0.23295454545454544,0.6977272727272728,0.06931818181818182,880
34027,0.15567024973076218,0.6000243838010282,0.2443053664682096,147639
34028,0.25679012345679014,0.6555555555555556,0.08765432098765433,810
34030,0.23458445040214476,0.6706881143878463,0.09472743521000894,2238
34031,0.1840231419670672,0.6704494882064975,0.14552736982643524,4494
34032,0.16708709506107275,0.693441317047265,0.13947158789166225,15064
34033,0.1880755064456722,0.6938305709023941,0.1180939226519337,4344
34035,0.24519940915805022,0.6765140324963073,0.07828655834564253,1354
34036,0.18758582806921176,0.712441636912936,0.09997253501785223,3641
34038,0.23640167364016737,0.6631799163179917,0.100418410041841,956
34039,0.20520581113801453,0.6955205811138014,0.09927360774818401,1652
34040,0.2036082474226804,0.7087628865979382,0.08762886597938144,776
34041,0.1717877094972067,0.723463687150838,0.10474860335195531,5728
34042,0.16675954304820284,0.6870994706046253,0.1461409863471719,7178
34044,0.27615062761506276,0.6192468619246861,0.10460251046025104,478
34045,0.19677093844601412,0.6826437941473259,0.12058526740665994,1982
34046,0.27416173570019725,0.6380670611439843,0.08777120315581854,1014
34049,0.20391822827938672,0.6800681431005111,0.11601362862010221,5870
34050,0.20654911838790932,0.7048698572628044,0.08858102434928632,2382
34051,0.1948078920041537,0.6914849428868121,0.11370716510903427,9630
35001,0.174559230657147,0.6205740929622614,0.20486667638059158,6863
35002,0.21632068718682892,0.6715819613457409,0.1120973514674302,6985
35003,0.2475442043222004,0.6774066797642436,0.075049115913556,2545
35004,0.20176376269374666,0.690807055050775,0.10742918225547836,7484
35005,0.20214943705220062,0.6821903787103377,0.11566018423746162,3908
35006,0.19729206963249515,0.7093810444874274,0.09332688588007737,4136
35008,0.19840425531914893,0.7134308510638298,0.08816489361702128,7520
35009,0.21626887481734047,0.6809547004383829,0.10277642474427667,4106
35010,0.20668380462724936,0.7053984575835476,0.08791773778920309,3890
35011,0.23084352865421764,0.6716033483580167,0.09755312298776561,3106
35012,0.20062562206739656,0.7068818427413621,0.09249253519124129,14066
35013,0.20611778158947971,0.6801029159519726,0.11377930245854774,3498
35014,0.1745962840770967,0.7193089077964925,0.10609480812641084,11518
35015,0.21388488055154722,0.6897546897546898,0.09636042969376303,6237
35016,0.1863160518444666,0.6833250249252243,0.13035892323030907,8024
35017,0.206943131163042,0.6789139538025125,0.1141429150344455,7403
35018,0.20318021201413428,0.6957597173144876,0.1010600706713781,2830
35020,0.19847815676049593,0.659181610174001,0.1423402330655031,18793
35021,0.21014950515898084,0.6906717203621815,0.09917877447883765,4749
35022,0.19815559233861432,0.6916528730196264,0.11019153464175928,4229
35023,0.19838056680161945,0.7146814404432132,0.08693799275516727,4693
35024,0.20011020295711268,0.6664523831389476,0.13343741390393976,10889
35026,0.21780121444550976,0.6741770533716842,0.108021732182806,6258
35027,0.18967280163599182,0.6710122699386503,0.13931492842535786,7824
35028,0.20931165964278547,0.6865342163355408,0.10415412402167369,9966
35029,0.20763447079236552,0.6876807403123193,0.10468478889531521,5187
35030,0.18985319085189253,0.6640367522221112,0.1461100569259962,10013
35032,0.20195295162006213,0.7033584849829857,0.09468856339695221,6759
35033,0.16820451368084682,0.6527501497902936,0.1790453365288596,125175
35034,0.2002643754130866,0.7054417272526988,0.09429389733421459,4539
35035,0.1887702376851533,0.7040992077161558,0.107130554598691,2903
35036,0.1918101525559818,0.6783834418770631,0.12980640556695514,11209
35037,0.19334312285854136,0.6898352096589982,0.11682166748246044,6129
35038,0.21442666081999562,0.6741942556456917,0.11137908353431265,4561
35039,0.20522702637600868,0.6706009875948452,0.12417198602914609,8303
35040,0.20119347703071144,0.6715880446525027,0.12721847831678584,19439
35041,0.2523133867982727,0.675817396668723,0.07186921653300432,3242
35042,0.239251040221914,0.6740638002773925,0.08668515950069348,1442
35043,0.20987280436099334,0.6798909751665657,0.11023622047244094,3302
35044,0.18037135278514588,0.7101174687381584,0.10951117847669571,2639
35045,0.2554517133956386,0.6645898234683282,0.07995846313603323,2889
35046,0.23531211750305997,0.6747246022031824,0.08996328029375765,3268
36001,0.20287487749101601,0.6742894478928455,0.12283567461613852,3061
36002,0.19473896121325995,0.7023218359951684,0.10293920279157161,7451
36003,0.20826345479493824,0.6641256289068456,0.1276109162982162,6559
36004,0.23330550918196996,0.6598497495826378,0.10684474123539232,2396
36005,0.1976057814310145,0.6607822585094059,0.14161196005957963,54381
36006,0.19859353023909987,0.676913803496082,0.12449266626481817,24885
36007,0.18770226537216828,0.6533718184203621,0.1589259162074696,11433
36008,0.2057387784260031,0.6696035242290749,0.12465769734492202,8399
36009,0.22167397660818713,0.6644736842105263,0.11385233918128655,5472
36010,0.21614708233413268,0.686810551558753,0.09704236610711431,6255
36011,0.19716599190283401,0.6894736842105263,0.11336032388663968,2470
36012,0.2109547827625874,0.6714450048668259,0.11760021237058667,11301
36013,0.22359709962168978,0.6739438839848676,0.10245901639344263,12688
36014,0.20342396777442096,0.6948640483383686,0.10171198388721048,993
36015,0.1857327455153542,0.6513757981149285,0.16289145636971725,26312
36016,0.23608316566063045,0.6894701542588867,0.0744466800804829,1491
36017,0.21030729833546735,0.689820742637644,0.0998719590268886,3124
36018,0.22472426470588236,0.6847426470588235,0.09053308823529412,2176
36019,0.207492795389049,0.6772334293948127,0.11527377521613832,13186
36020,0.21983303819883632,0.6830255502150265,0.09714141158613711,3953
36021,0.20367009477717282,0.6666666666666666,0.12966323855616052,4959
36022,0.20659293460753786,0.6450660367228606,0.14834102866960164,18626
36023,0.17342876473311256,0.6051632660328312,0.2214079692340562,140415
36024,0.2661498708010336,0.6304909560723514,0.10335917312661498,774
36025,0.2527536231884058,0.6707246376811594,0.07652173913043478,1725
36026,0.2526555386949924,0.661608497723824,0.08573596358118361,2636
36027,0.2017050157258732,0.6704188048336368,0.12787617944048998,12082
36028,0.2381948986265533,0.6799215173315892,0.08188358404185743,7645
36029,0.24240619416319237,0.6622989874925551,0.09529481834425253,1679
36030,0.20045407939065477,0.6730628387285778,0.12648308188076754,13654
36031,0.1939252336448598,0.7026869158878505,0.10338785046728972,1712
36032,0.2572549019607843,0.6556862745098039,0.08705882352941176,1275
36033,0.2083758937691522,0.6932243786176371,0.09839972761321075,2937
36034,0.1958011996572408,0.68337617823479,0.12082262210796915,4668
36035,0.20035149384885764,0.680140597539543,0.1195079086115993,569
36036,0.19299980225430097,0.68242040735614,0.12457979038955903,5057
36037,0.19605682096497673,0.6833210874357091,0.12062209159931422,8166
36038,0.22085201793721973,0.6752615844544095,0.1038863976083707,2676
36039,0.2080989876265467,0.6942632170978628,0.09763779527559055,4445
36040,0.20539288668320926,0.6713978494623656,0.12320926385442514,30225
36041,0.21250691754288878,0.6880188157166575,0.09947426674045379,7228
36042,0.20182648401826483,0.6983257229832572,0.09984779299847793,6570
36043,0.20174165457184326,0.6739235607160136,0.12433478471214321,2067
36044,0.19457468184862692,0.6910582719356999,0.11436704621567315,11944
36045,0.21762627312409064,0.66763666597381,0.11473706090209936,9622
36046,0.20606313157620584,0.6702781539743723,0.12365871444942181,19198
36047,0.2081701175153889,0.6911024062674874,0.10072747621712368,3574
37001,0.1972472207517205,0.668713605082054,0.13403917416622552,9445
37002,0.18132736370819066,0.6822491440611008,0.13642349223070846,7594
37003,0.20117907148120856,0.695099484156227,0.10372144436256447,5428
37005,0.1805966750170804,0.6920974721020269,0.12730585288089274,4391
37006,0.13919005997719874,0.5526427969532244,0.3081671430695769,302615
37007,0.20008233841086867,0.6949361877315767,0.10498147385755455,2429
37008,0.18203626613984336,0.6607634234107105,0.15720031044944613,14173
37009,0.18214556482183472,0.6779757391963609,0.13987869598180439,10552
37010,0.21704918032786885,0.6898360655737705,0.09311475409836066,1525
37011,0.17443700985682423,0.6121303690913016,0.21343262105187424,27798
37012,0.22466281310211947,0.6666666666666666,0.10867052023121387,2595
37013,0.2119460500963391,0.6981374438021837,0.0899165061014772,1557
37014,0.19753086419753085,0.684156378600823,0.1183127572016461,972
37015,0.19001919385796545,0.6898272552783109,0.1201535508637236,2605
37016,0.1901018922852984,0.6983988355167394,0.11149927219796216,3435
37017,0.18143374949657673,0.7080144985904149,0.11055175191300846,4966
37019,0.1736977895544244,0.6491876438184228,0.17711456662715291,14341
37020,0.19438298918387414,0.6498893805309734,0.1557276302851524,16272
37021,0.18007784573834298,0.625387242831043,0.19453491143061402,12589
37022,0.22014322014322013,0.6752136752136753,0.10464310464310464,4329
37024,0.18779432964920711,0.691494473810668,0.12071119654012494,10405
37025,0.18747530620308178,0.6807585934413275,0.13176610035559067,5062
37026,0.22813938198553582,0.6791584483892176,0.09270216962524655,1521
37027,0.20453333333333334,0.6946666666666667,0.1008,3750
37028,0.19154589371980676,0.6932367149758454,0.11521739130434783,4140
37030,0.165329541992485,0.6573575708337565,0.1773128871737585,9847
37031,0.1934931506849315,0.6955479452054795,0.11095890410958904,2920
37032,0.17203109707680092,0.6456152013738851,0.182353701549314,54153
37033,0.18943226531759416,0.7026419336706015,0.10792580101180438,1779
37034,0.1817116060961313,0.6861078546307151,0.13218053927315357,3412
37035,0.2056434373663959,0.6763574176998718,0.11799914493373237,7017
37036,0.1833169774288518,0.6739941118743866,0.14268891069676154,5095
37037,0.18743194898117904,0.6835433193342666,0.12902473168455436,12858
37038,0.1803584229390681,0.6923297491039426,0.12731182795698925,6975
37039,0.20439542074036934,0.6896465279518676,0.10595805130776302,11967
37040,0.18773047267851156,0.6875628561850486,0.12470667113643982,2983
37041,0.17819261773440814,0.6957997454391175,0.12600763682647434,4714
37042,0.1668636256204207,0.6802174426849444,0.15291893169463483,8462
37044,0.18887980376124286,0.6907195421095667,0.12040065412919052,4892
37045,0.222376457523598,0.6557468073292615,0.12187673514714048,3602
37046,0.18997312575294226,0.6470206653692893,0.1630062088777685,10791
37047,0.17954362022158632,0.6369506200014674,0.18350575977694622,13629
37048,0.1984240687679083,0.6522206303724928,0.14935530085959886,5584
37050,0.18125387957790193,0.7102731222842955,0.1084729981378026,6444
37051,0.1995035681042507,0.6990381632019858,0.10145826869376358,3223
37052,0.1835353820129687,0.6671835353820129,0.14928108260501832,7094
37053,0.18631495989986557,0.6550461267442399,0.1586389133558945,21571
37054,0.16737961618460814,0.6000156979710373,0.23260468584435462,25481
37055,0.1800977435790787,0.6887802849121347,0.13112197150878652,9617
37056,0.19411025318728678,0.6809121924941641,0.12497755431854911,5569
37057,0.17947602054138742,0.6507093741840021,0.1698146052746105,11489
37059,0.21374180981051885,0.6854967239242076,0.1007614662652736,5647
37060,0.17721011100708842,0.6481209041059248,0.17466898488698676,14954
37061,0.19056901128069012,0.6735235567352356,0.13590743198407432,24112
37062,0.1884113584036838,0.6734458940905602,0.13814274750575595,5212
38001,0.23073223518095468,0.6640014428279428,0.10526632199110256,16634
38003,0.23650432407828859,0.6500682749203459,0.1134274010013655,10985
38004,0.1907494808382103,0.6715876911459316,0.13766282801585802,26485
38005,0.2606256742179072,0.6478964401294498,0.09147788565264293,9270
38006,0.2374429223744292,0.6794982948962488,0.083058782729322,17301
38007,0.2432390425862605,0.6546471868200187,0.10211377059372086,12868
38008,0.1756368716167711,0.6015696241826896,0.22279350420053937,103082
38010,0.2898550724637681,0.6493688639551192,0.06077606358111267,2139
38011,0.24937965260545905,0.684863523573201,0.06575682382133995,4030
38012,0.2184336707511987,0.660628662759723,0.12093766648907832,1877
38014,0.2936879565461697,0.6501217456452519,0.056190297808578385,5339
38017,0.27042312526183493,0.6466275659824047,0.08294930875576037,4774
38018,0.21572852141125776,0.6746566119041206,0.1096148666846216,7426
38019,0.24115446285408873,0.6590058792089791,0.09983965793693213,9355
38022,0.22237084099648888,0.6503929108844675,0.12723624811904363,5981
38023,0.24387822634017206,0.642620780939775,0.11350099272005294,3022
38025,0.29034690799396684,0.6700603318250377,0.03959276018099547,2652
38027,0.264871093187383,0.6612415382399539,0.07388736857266312,6943
38028,0.23126394539965875,0.6617666360414752,0.10696941855886599,7619
38029,0.2867659360883386,0.6340973732641794,0.07913669064748201,5977
38030,0.24205623024455167,0.6566295125603061,0.10131425719514224,6011
39001,0.22685085257932225,0.6638247355924887,0.10932441182818908,9266
39002,0.20307951585720851,0.6590317144170369,0.13788876972575456,13054
39003,0.21303395399780942,0.6823658269441402,0.10460021905805038,1826
39004,0.21240926374006222,0.6776702385067405,0.10992049775319737,5786
39005,0.21918465227817746,0.6877697841726619,0.09304556354916067,2085
39006,0.19948397609994567,0.6715100488864747,0.12900597501357958,7364
39007,0.18353323846310227,0.6758284204106526,0.14063834112624518,24595
39008,0.22844767360625962,0.6828280005588934,0.088724325834847,7157
39009,0.2058269065981148,0.6675235646958012,0.12664952870608398,5835
39010,0.18139089563930716,0.6463138654365045,0.17229523892418835,45956
39011,0.23105212663895108,0.6667732651103294,0.10217460825071954,6254
39012,0.19186514322497586,0.6503057611844223,0.15782909559060188,24856
39013,0.20608575380359612,0.693197535521187,0.1007167106752169,7953
39014,0.17735023549290257,0.6589475058975259,0.16370225860957155,122509
39015,0.1860986547085202,0.692152466367713,0.12174887892376682,4460
39016,0.20652511651993785,0.6663904712584153,0.12708441222164682,9655
39017,0.1845184518451845,0.6872187218721872,0.12826282628262825,2222
39018,0.2136627906976744,0.6747093023255814,0.11162790697674418,3440
40001,0.20789473684210527,0.6905701754385964,0.10153508771929824,4560
40003,0.19177922682813228,0.6787377736376339,0.1294829995342338,8588
40004,0.17933545744196633,0.7319071461083295,0.08875739644970414,2197
40005,0.18947579031612646,0.6808723489395758,0.12965186074429771,4998
40007,0.19180011960927637,0.6334507276230978,0.17474915276762576,75245
40008,0.192316812900166,0.6700972255157696,0.1375859615840645,21085
40009,0.208067940552017,0.7151450813871196,0.07678697806086342,2826
40011,0.19935691318327975,0.702572347266881,0.09807073954983923,1244
40012,0.18319526109860323,0.637707928042143,0.17909681085925375,91498
40013,0.2059880239520958,0.6615768463073852,0.13243512974051896,10020
40014,0.24601867105985722,0.6452498627127952,0.10873146622734761,1821
40015,0.21580288870008496,0.6772666585750697,0.10693045272484525,8239
40016,0.20002759001241552,0.6905780107601048,0.10939439922747965,7249
40018,0.2131355165550932,0.6821060249683373,0.10475845847656957,5527
40019,0.21150635674842685,0.6765121356106331,0.11198150764094003,7787
40020,0.21421746608064207,0.6902350468182686,0.09554748710108923,5233
40022,0.20501007774258567,0.6956521739130435,0.09933774834437085,3473
40028,0.21052631578947367,0.6600877192982456,0.12938596491228072,1368
40031,0.24521739130434783,0.671304347826087,0.08347826086956522,575
40032,0.2203493095044679,0.6779041429731926,0.10174654752233957,4924
40033,0.23491027732463296,0.6769983686786297,0.08809135399673736,613
40036,0.1867835468644639,0.7134187457855697,0.09979770734996629,1483
40037,0.18508902077151335,0.7021513353115727,0.11275964391691394,2696
40041,0.21190068493150685,0.6806506849315068,0.1074486301369863,9344
40043,0.21477132262051915,0.680778739184178,0.10444993819530285,3236
40044,0.22491607609101083,0.6732562476687803,0.10182767624020887,2681
40045,0.20376383763837638,0.6781549815498155,0.11808118081180811,13550
40046,0.23397169025811823,0.6835970024979184,0.08243130724396336,2402
40049,0.25267665952890794,0.6670235546038544,0.08029978586723768,934
40050,0.24209078404401652,0.6643741403026134,0.09353507565337002,1454
41001,0.2103448275862069,0.6589341692789968,0.13072100313479623,3190
41002,0.2349570200573066,0.6747851002865329,0.09025787965616046,1396
41005,0.21832358674463936,0.6608187134502924,0.12085769980506822,513
41006,0.25307125307125306,0.6093366093366094,0.1375921375921376,407
41007,0.21176282563528848,0.6599009109797027,0.12833626338500878,6257
41008,0.2255266418835192,0.6456009913258984,0.1288723667905824,1614
41009,0.2107371794871795,0.6682692307692307,0.12099358974358974,1248
41010,0.20880802584594457,0.6770957320183643,0.11409624213569121,5881
41013,0.17732387952904444,0.6204601140527766,0.20221600641817905,46119
41014,0.19443990188062144,0.6423548650858545,0.16320523303352413,6115
41015,0.2064108092568636,0.6491303722869053,0.14445881845623113,6957
41016,0.28634361233480177,0.57856093979442,0.13509544787077826,681
41017,0.28708133971291866,0.5933014354066986,0.11961722488038277,209
41018,0.21274409044193218,0.6813977389516958,0.10585817060637205,973
41019,0.20471215825739053,0.6634807735052234,0.13180706823738608,4499
41020,0.1663961038961039,0.7002164502164502,0.1333874458874459,3696
41021,0.2255813953488372,0.627906976744186,0.14651162790697675,430
41022,0.23804878048780487,0.6682926829268293,0.09365853658536585,1025
41023,0.21771467207572684,0.6477349560513861,0.1345503718728871,1479
41025,0.24245374878286272,0.6397273612463485,0.11781888997078871,1027
41026,0.20843672456575682,0.6960297766749379,0.09553349875930521,806
41027,0.18734177215189873,0.6981012658227848,0.11455696202531646,1580
41028,0.2024561403508772,0.671578947368421,0.12596491228070175,2850
41029,0.21028980190755686,0.6641599413059428,0.12555025678650036,10904
41030,0.22899590163934427,0.6736680327868853,0.09733606557377049,1952
41031,0.25161290322580643,0.6494623655913978,0.0989247311827957,465
41034,0.2252663622526636,0.6712328767123288,0.1035007610350076,1971
41035,0.27505827505827507,0.6118881118881119,0.11305361305361306,858
41036,0.1920983672646644,0.700866760733723,0.10703487200161257,4961
41038,0.19497153700189754,0.6717267552182163,0.13330170777988615,2108
41041,0.18379446640316205,0.7035573122529645,0.11264822134387352,506
41043,0.23062057118316512,0.6506334550139575,0.1187459738028774,4657
41044,0.17440253617298002,0.6236384327751585,0.2019590310518615,73812
41045,0.23335081279496592,0.6811746198217095,0.0854745673833246,1907
41047,0.24484364604125083,0.6433799068529608,0.11177644710578842,1503
41048,0.26304347826086955,0.6521739130434783,0.08478260869565217,460
41049,0.22198581560283687,0.6546099290780142,0.12340425531914893,1410
41051,0.21541558815070463,0.6594765602530918,0.12510785159620363,3477
41054,0.24439918533604887,0.6566191446028513,0.0989816700610998,2455
41057,0.19232076112810056,0.672782874617737,0.13489636425416243,2943
41058,0.23302752293577983,0.6743119266055045,0.0926605504587156,1090
41061,0.23778071334214002,0.6459709379128138,0.11624834874504623,757
41064,0.1858974358974359,0.717948717948718,0.09615384615384616,624
41065,0.19155956929489407,0.7099687391455366,0.0984716915595693,5758
41066,0.19494163424124514,0.6494163424124514,0.1556420233463035,5140
41067,0.1730786972967986,0.5606605775440539,0.2662607251591475,10839
41068,0.19669514599568116,0.6937376772134072,0.10956717679091166,10651
41069,0.19482134780642243,0.6801221166892809,0.1250565355042967,8844
41070,0.24322326269098077,0.6584524396254312,0.09832429768358797,4058
41071,0.2028985507246377,0.6650259775772491,0.1320754716981132,3657
42001,0.20051635111876076,0.6477337923121056,0.15174985656913367,3486
42002,0.16433397683397682,0.620160338910339,0.21550568425568425,74592
42003,0.2511454753722795,0.6428980526918672,0.10595647193585338,3492
42004,0.22022022022022023,0.6576576576576577,0.12212212212212212,999
42005,0.2503113325031133,0.6195516811955168,0.13013698630136986,1606
42006,0.21530926900054417,0.6392163976056594,0.14547433339379648,5513
42007,0.17672183662573412,0.6828617191671116,0.1404164442071543,1873
42008,0.21022099447513812,0.6544198895027624,0.13535911602209943,3620
42010,0.20982822352685365,0.6605059070812496,0.12966586939189678,13797
42011,0.251810136765889,0.6596942880128721,0.08849557522123894,1243
42012,0.2358974358974359,0.6552268244575937,0.10887573964497041,2535
42013,0.2069377990430622,0.6742424242424242,0.11881977671451356,2508
42014,0.20773532152842497,0.6406337371854613,0.1516309412861137,10730
42015,0.2430573922242793,0.6492991272150225,0.10764348056069822,3781
42016,0.2650709219858156,0.5880614657210402,0.1468676122931442,3384
42017,0.1918780331471477,0.6330464243201172,0.1750755425327351,21842
42018,0.194689811010682,0.6318816762530813,0.17342851273623663,19472
42019,0.25114285714285717,0.6587142857142857,0.09014285714285715,7000
42020,0.22814814814814816,0.6644444444444444,0.10740740740740741,1350
42021,0.20087321578505457,0.6001343408900084,0.19899244332493704,29775
42022,0.20041109969167523,0.6514902363823227,0.14809866392600204,9730
42023,0.2332178432221741,0.6286271113035946,0.13815504547423127,4618
42024,0.21935483870967742,0.6425806451612903,0.13806451612903226,775
42025,0.1998407643312102,0.6230095541401274,0.17714968152866242,2512
42026,0.2635277582572031,0.6191145467322557,0.11735769501054111,1423
42027,0.18873277492569576,0.6521210483653067,0.15914617670899756,7402
42029,0.19926706367384334,0.657352267521759,0.14338066880439762,2183
42030,0.19305473808122425,0.651167353345105,0.1557779085736708,5097
42031,0.23785714285714285,0.635,0.12714285714285714,1400
42032,0.14387096774193547,0.6561290322580645,0.2,3100
42033,0.18774193548387097,0.6464516129032258,0.16580645161290322,1550
42034,0.20506407049678685,0.6298149074537268,0.16512102204948628,25987
42035,0.21876929409343487,0.6505453797077588,0.13068532619880635,4859
42036,0.255889520714866,0.6368805848903331,0.10722989439480098,2462
42037,0.25149700598802394,0.6387225548902196,0.10978043912175649,501
42038,0.1827924977671926,0.6597201548079785,0.1574873474248288,3359
42040,0.2223037417461482,0.6647101980924431,0.11298606016140866,1363
42041,0.22724379376193507,0.6053469127943985,0.16740929344366645,1571
42042,0.1996996996996997,0.6681681681681682,0.13213213213213212,666
42043,0.2532619605219137,0.6460354633656742,0.10070257611241218,2989
42044,0.2446029298380879,0.6391673091750193,0.11622976098689283,5188
42045,0.18976409899727584,0.6041847794586449,0.20605112154407929,34506
42046,0.2588149763722283,0.6335877862595419,0.10759723736822974,2751
42047,0.24874623871614845,0.6183550651955868,0.1328986960882648,1994
42048,0.18310291858678956,0.6159754224270353,0.20092165898617512,3255
42049,0.22865853658536586,0.6371951219512195,0.13414634146341464,1640
42050,0.21351111111111112,0.6824888888888889,0.104,5625
43002,0.2654320987654321,0.6,0.1345679012345679,1620
43003,0.2528035885933996,0.6337712271707786,0.11342518423582185,3121
43004,0.2027818448023426,0.6515373352855052,0.14568081991215226,1366
43005,0.22018348623853212,0.7431192660550459,0.03669724770642202,109
43006,0.17301324503311258,0.6357615894039735,0.1912251655629139,1208
43007,0.18386961972419558,0.5511909736732136,0.2649394066025909,4786
43008,0.23466666666666666,0.624,0.14133333333333334,375
43009,0.18135028761731758,0.651831668180442,0.1668180442022404,3303
43010,0.21164021164021163,0.7195767195767195,0.06878306878306878,189
43011,0.24085365853658536,0.6341463414634146,0.125,328
43012,0.2474171474573997,0.6331678518717295,0.1194150006708708,7453
43013,0.18778059730626587,0.6341661786713514,0.17805322402238272,30738
43014,0.2397336293007769,0.6137624861265261,0.146503884572697,901
43015,0.22593912805045244,0.6395210675441002,0.1345398044054474,10941
43016,0.25749674054758803,0.6466753585397653,0.09582790091264667,1534
43017,0.2606924643584521,0.6232179226069247,0.11608961303462322,491
43019,0.2177734375,0.6484375,0.1337890625,1024
43020,0.17692307692307693,0.658974358974359,0.1641025641025641,390
43021,0.27580372250423013,0.5905245346869712,0.13367174280879865,591
43022,0.270501138952164,0.6007972665148064,0.12870159453302962,1756
43023,0.18008717595778848,0.5785402943007898,0.24137252974142168,30513
43024,0.20449500554938957,0.6538568257491676,0.14164816870144284,7208
43025,0.2470131421744325,0.6024492234169654,0.15053763440860216,3348
43026,0.21858440575321725,0.6451551854655564,0.13626040878122633,5284
43027,0.26436781609195403,0.7241379310344828,0.011494252873563218,87
43028,0.22426057656308498,0.6447023586671659,0.13103706476974916,5342
43029,0.2334784329244163,0.6489908982983775,0.11753066877720618,2527
43030,0.23035645841318514,0.6151782292065926,0.15446531238022232,2609
43031,0.28085341180798234,0.6178039359941144,0.10134265219790325,5437
43032,0.2210953346855984,0.6430020283975659,0.1359026369168357,493
43033,0.2349979589059736,0.6553272554088991,0.10967478568512723,7349
43034,0.22432859399684044,0.6461295418641391,0.12954186413902052,633
43035,0.2640218878248974,0.6060191518467852,0.12995896032831739,731
43036,0.24084507042253522,0.65,0.10915492957746478,1420
43038,0.24089935760171305,0.6788008565310493,0.08029978586723768,934
43039,0.17024128686327078,0.6809651474530831,0.1487935656836461,746
43040,0.2802197802197802,0.5934065934065934,0.12637362637362637,182
43041,0.23062460831418424,0.6254439105911844,0.1439314810946313,4787
43042,0.16397280124846728,0.6566714970460372,0.17935570170549547,8971
43043,0.21358803699541878,0.6558043046071398,0.13060765839744143,11569
43044,0.2065700851442369,0.6252382767823104,0.16819163807345278,15738
43045,0.23219814241486067,0.6331269349845201,0.1346749226006192,646
43046,0.24789747697236683,0.604725670804966,0.1473768522226672,2497
43047,0.21702676555949693,0.6245297215951844,0.1584435128453187,9303
43048,0.24898373983739838,0.608739837398374,0.14227642276422764,984
43049,0.197098976109215,0.6343856655290102,0.16851535836177475,2344
43050,0.30718954248366015,0.5784313725490197,0.11437908496732026,306
43051,0.23738872403560832,0.6201780415430267,0.142433234421365,674
43052,0.20838794233289645,0.7064220183486238,0.08519003931847968,763
43053,0.20066311085483637,0.648335015136226,0.15100187400893758,13874
43054,0.25901125516455337,0.6253027496794415,0.11568599515600513,7019
43055,0.2180605438686506,0.668034889687019,0.11390456644433043,1949
43056,0.16370106761565836,0.6868327402135231,0.1494661921708185,281
43057,0.2131979695431472,0.6713197969543148,0.11548223350253807,788
43058,0.18181818181818182,0.7052785923753666,0.11290322580645161,682
44001,0.26578073089701,0.6421452301850973,0.09207403891789274,2107
44002,0.18689859363434494,0.6743153219837158,0.13878608438193932,2702
44005,0.24652241112828438,0.6483771251931993,0.10510046367851623,1294
44006,0.23832923832923833,0.6597051597051597,0.10196560196560196,814
44007,0.16987616450806634,0.6339184276300841,0.1962054078618496,35208
44010,0.25492772667542707,0.59526938239159,0.1498028909329829,761
44011,0.20267624020887728,0.6584530026109661,0.13887075718015665,6128
44012,0.20820969337289813,0.6493570722057369,0.142433234421365,2022
44013,0.2612244897959184,0.6215743440233236,0.11720116618075802,1715
44014,0.2021044992743106,0.6516690856313497,0.14622641509433962,2756
44015,0.2018884892086331,0.6951438848920863,0.10296762589928057,2224
44016,0.24281609195402298,0.617816091954023,0.13936781609195403,696
44017,0.21079380445304938,0.6285091965150048,0.1606969990319458,4132
44020,0.15902668759811617,0.6926216640502355,0.14835164835164835,6370
44021,0.25601750547045954,0.6673960612691466,0.07658643326039387,914
44023,0.180322219350392,0.6303092961144137,0.18936848453519428,11607
44027,0.19963592233009708,0.679004854368932,0.12135922330097088,1648
44029,0.21643612693246542,0.629780309194467,0.15378356387306755,1229
44031,0.19292410039310554,0.7033565164801935,0.10371938312670094,3307
44032,0.21825143586470963,0.6470963624760689,0.13465220165922145,1567
44034,0.25274725274725274,0.6153846153846154,0.13186813186813187,364
44036,0.25945241199478486,0.6029986962190352,0.13754889178617993,1534
44038,0.2344632768361582,0.6440677966101694,0.12146892655367232,354
44044,0.21428571428571427,0.6632653061224489,0.12244897959183673,392
44045,0.20078397212543553,0.6793336236933798,0.11988240418118466,9184
44054,0.20991646456480734,0.6416060361088656,0.14847749932632714,3711
44056,0.25196850393700787,0.6535433070866141,0.09448818897637795,127
44063,0.20019563090968373,0.6429735898271927,0.15683077926312358,3067
44064,0.2401685393258427,0.672752808988764,0.08707865168539326,1424
44065,0.26146788990825687,0.5886850152905199,0.14984709480122324,654
44066,0.16718794427068523,0.6270685243104919,0.20574353141882287,35170
44071,0.204233409610984,0.6735316552250191,0.12223493516399694,5244
44073,0.23812754409769335,0.6445047489823609,0.11736770691994572,1474
45001,0.19023827824750192,0.7001024852677428,0.10965923648475531,7806
45002,0.24384787472035793,0.639075316927666,0.11707680835197613,1341
45003,0.16879247742295875,0.6756819662973652,0.155525556279676,42964
45004,0.27714285714285714,0.61,0.11285714285714285,700
45005,0.23290203327171904,0.6580406654343808,0.10905730129390019,541
45006,0.22152261018889524,0.6691471093302804,0.10933028048082427,1747
45007,0.23122636412749864,0.6560417792184405,0.11273185665406087,5553
45008,0.18874560375146543,0.6723329425556858,0.13892145369284878,3412
45009,0.18050028425241615,0.7035247299602047,0.11597498578737919,3518
45010,0.17638231800087534,0.6781851149413309,0.1454325670577937,47981
45011,0.19212771813927884,0.6878612716763006,0.12001101018442059,7266
45012,0.21590281612368856,0.6824958586416344,0.10160132523467698,1811
45013,0.18386243386243387,0.7235449735449735,0.09259259259259259,1512
45014,0.20295335854493066,0.6564019448946515,0.14064469656041778,5553
45015,0.21711899791231734,0.708420320111343,0.0744606819763396,1437
45016,0.17554125219426564,0.7021650087770626,0.12229373902867174,3418
45017,0.3926302414231258,0.5374841168996188,0.0698856416772554,787
46001,0.22762645914396887,0.6899203261070965,0.08245321474893459,10794
46002,0.22607421875,0.69775390625,0.076171875,4096
46003,0.19574348921870624,0.6727807336880426,0.1314757770932512,7142
46004,0.21804360872174436,0.6935387077415484,0.08841768353670734,4999
46005,0.20324995746128977,0.6653054279394249,0.13144461459928536,23508
46006,0.24587039390088947,0.6372299872935197,0.11689961880559085,1574
46007,0.2165018250323796,0.6665489226421759,0.11694925232544448,33972
46008,0.3225,0.63,0.0475,400
46009,0.1950187969924812,0.6743421052631579,0.13063909774436092,4256
46010,0.26233359436178544,0.6366483946750195,0.10101801096319499,1277
46011,0.21209655546514783,0.7057228098725251,0.0821806346623271,3687
46013,0.17044167610419025,0.6442053605134013,0.18535296338240845,5298
46014,0.23227383863080683,0.6063569682151589,0.16136919315403422,409
46015,0.22350316102640386,0.6887318705838602,0.08776496838973596,2689
46017,0.16897406444592225,0.6430989662051871,0.18792696934889064,66164
46018,0.2023681377825619,0.6887228518964098,0.1089090103210283,15793
46019,0.2915782024062279,0.6454352441613588,0.0629865534324133,1413
46020,0.19041614123581338,0.6847414880201765,0.12484237074401008,793
46021,0.2057356608478803,0.6717581047381546,0.12250623441396509,3208
46022,0.2214199759326113,0.6927396710790212,0.08584035298836742,2493
46023,0.20830750154990701,0.6912585244885306,0.10043397396156231,1613
46024,0.19041533546325878,0.6635492303223932,0.14603543421434795,17215
46025,0.21505989731888192,0.6622932116371933,0.1226468910439247,1753
46026,0.2106948447006084,0.6924431636247198,0.09686199167467179,6246
46027,0.1938061938061938,0.6843156843156843,0.12187812187812187,1001
46028,0.2058759757155247,0.6922159583694709,0.10190806591500434,9224
46030,0.2670157068062827,0.6577820085673489,0.0752022846263684,2101
46031,0.24283559577677225,0.6968325791855203,0.06033182503770739,663
46033,0.16351348347079878,0.6695049020697628,0.16698161445943843,44981
46034,0.2689844464775846,0.6660567246111619,0.06495882891125343,1093
46035,0.2230769230769231,0.6813186813186813,0.0956043956043956,910
46036,0.26666666666666666,0.6462962962962963,0.08703703703703704,540
46037,0.23779724655819776,0.6958698372966208,0.06633291614518148,799
47002,0.2522634063297996,0.6629265650390777,0.0848100286311228,12923
47003,0.1992776381909548,0.6785489949748744,0.12217336683417085,6368
47005,0.2560262965668371,0.6590577063550036,0.08491599707815924,5476
47006,0.2544491525423729,0.6593220338983051,0.08622881355932203,4720
47007,0.20512820512820512,0.6796973518284993,0.11517444304329551,2379
47008,0.21026282853566958,0.6703021634185589,0.1194350080457715,5593
47009,0.24687915006640107,0.6602257636122177,0.09289508632138115,15060
47010,0.24842291193540247,0.6587181428210951,0.0928589452435024,7926
47011,0.18667582417582418,0.6484203296703297,0.16490384615384615,14560
47012,0.22319301032565528,0.6505884901436927,0.12621849953065203,13849
47013,0.21382804351065415,0.6824616301594397,0.10371032632990612,6711
47014,0.20434466900641413,0.6397192303037638,0.1559361006898221,66104
47016,0.22645988289286278,0.6784301313498972,0.09510998575724007,6319
47017,0.23694274189323694,0.6712766514746713,0.09178060663209178,19089
47018,0.23091603053435114,0.6860687022900763,0.08301526717557252,1048
47020,0.21795622146786844,0.6699051855320145,0.11213859300011705,8543
47021,0.1823632275793155,0.6857356982263303,0.13190107419435423,4003
47022,0.24193548387096775,0.674937965260546,0.08312655086848635,3224
47023,0.24155513065646908,0.691523263224984,0.06692160611854685,1569
47024,0.24417670682730924,0.6640963855421687,0.09172690763052209,6225
48001,0.19092519274848926,0.6164826005417795,0.1925922067097312,19196
48002,0.20872121509064184,0.6778539931406173,0.11342479176874082,8164
48004,0.19515028314215188,0.6646580514011906,0.14019166545665748,13774
48005,0.21659019736362975,0.6509358386133567,0.13247396402301362,13731
48006,0.2292031268230078,0.6703710185509275,0.10042585462606464,34284
48008,0.21618817018332756,0.648391560013836,0.1354202698028364,5782
48010,0.23753117206982544,0.6547693266832918,0.1076995012468828,12832
48011,0.2451232977548767,0.652926021347074,0.10195068089804932,8151
48012,0.23782186576614606,0.6473617560151963,0.11481637821865766,11845
48013,0.23838630806845965,0.6650366748166259,0.09657701711491443,4090
48014,0.2177738427911352,0.6242702598013447,0.15795589740752014,36143
48015,0.1889543304045573,0.5916771265810563,0.2193685430143864,10357
48017,0.15753275267910372,0.5792316752213805,0.2632355720995158,275092
48018,0.22894356005788713,0.6735166425470333,0.09753979739507959,3455
48019,0.23648117938493143,0.6574225122349103,0.1060963083801583,16551
48020,0.23175279701651572,0.6702184336707512,0.09802876931273309,3754
48021,0.18724158298877733,0.6695215593620791,0.14323685764914354,10158
48022,0.19542826165522226,0.6237802674376581,0.1807914709071196,11068
48024,0.22530717534451158,0.6582037879302152,0.11648903672527323,14731
48025,0.18979744936234058,0.6894223555888972,0.1207801950487622,1333
48026,0.2409071459135644,0.6670945656824989,0.09199828840393667,2337
48027,0.24563318777292575,0.6168122270742358,0.13755458515283842,2748
48028,0.22640780450111078,0.6504394861392833,0.12315270935960591,10353
48030,0.19810273488747604,0.6606115652437178,0.14128569986880612,9909
48031,0.21962095875139354,0.6722408026755853,0.10813823857302118,897
48032,0.20596205962059622,0.671239837398374,0.1227981029810298,5904
48033,0.21769286134921154,0.6386180723679906,0.14368906628279787,15283
48035,0.212729912875121,0.6556147144240078,0.13165537270087124,12396
48036,0.19513358778625955,0.6507633587786259,0.15410305343511452,6288
48037,0.21622613803230542,0.6773127753303965,0.10646108663729809,5448
48038,0.21555941297143758,0.6263216032823102,0.15811898374625216,12674
48039,0.19854721549636803,0.711864406779661,0.08958837772397095,826
48041,0.21931914443032613,0.6382359169843287,0.14244493858534518,37776
48043,0.19553823410831878,0.6263943018411504,0.17806746405053084,37205
48044,0.22277408516543715,0.6650354247315755,0.11219049010298736,13691
48046,0.1664141414141414,0.6252525252525253,0.20833333333333334,3960
48049,0.2174489965168353,0.6682700281970476,0.1142809752861171,6029
48050,0.2380995311936531,0.6308150018031013,0.13108546700324558,11092
48052,0.21289915001148632,0.6455892487939352,0.14151160119457845,17412
48053,0.2030490499337163,0.6758727353071144,0.12107821475916924,9052
48054,0.20673496076721884,0.6437445510026155,0.14952048823016564,9176
49001,0.21663987138263666,0.6816720257234726,0.10168810289389067,2488
49002,0.23142185423694164,0.6741285904119391,0.09444955535111929,9783
49003,0.16936984844456263,0.7168306301515555,0.11379952140388194,3761
49004,0.17580213903743316,0.6925133689839572,0.13168449197860962,2992
49005,0.1180327868852459,0.7278688524590164,0.1540983606557377,305
49006,0.23171087146604488,0.6629262605654328,0.1053628679685223,6862
49007,0.19972419040372819,0.6651291074230824,0.13514670217318941,21029
49008,0.19580596260737745,0.6999326259053394,0.10426141148728314,11874
49009,0.17193601547665963,0.6653351484971161,0.16272883602622434,111652
49010,0.1957040572792363,0.6801909307875895,0.12410501193317422,1676
49011,0.16593337523570081,0.7291011942174733,0.1049654305468259,1591
49012,0.1954872124302405,0.6737061870156984,0.1308066005540611,24907
49013,0.1597222222222222,0.7368055555555556,0.10347222222222222,2880
49014,0.17910770227935616,0.6921248784703468,0.12876741925029708,9257
49017,0.18924259055982437,0.6731064763995609,0.1376509330406147,22775
49018,0.20720188902007083,0.6597796143250688,0.1330184966548603,5082
49019,0.20512820512820512,0.6923076923076923,0.10256410256410256,351
49020,0.213882863340564,0.6928416485900217,0.09327548806941431,2305
49021,0.17519083969465649,0.7122137404580152,0.11259541984732824,2620
50001,0.20012995451591942,0.6658544509421702,0.13401559454191034,6156
50002,0.23196368848542762,0.6631629240324892,0.10487338748208314,4186
50003,0.17525549032398346,0.5859969558599696,0.23874755381604695,4599
50004,0.19599521166612255,0.6578517793013385,0.14615300903253892,9189
50005,0.2295973884657236,0.6470076169749728,0.1233949945593036,4595
50006,0.1908763505402161,0.6302521008403361,0.1788715486194478,833
50008,0.20257513386362933,0.6308768454610171,0.16654802067535363,32309
50009,0.23691085797889017,0.6757236910857979,0.08736545093531195,9569
50010,0.1998572448251249,0.6638115631691649,0.1363311920057102,1401
50011,0.2230610844200412,0.6602608098833219,0.11667810569663692,1457
50012,0.23785926660059464,0.643211100099108,0.11892963330029732,1009
50014,0.19492460463405664,0.6811327694005149,0.12394262596542846,2719
50015,0.21452894438138478,0.6401816118047673,0.1452894438138479,881
50016,0.2495049504950495,0.6405940594059406,0.1099009900990099,1010
50019,0.26833073322932915,0.6349453978159126,0.0967238689547582,1282
50020,0.17854928704277742,0.6788592684438933,0.1425914445133292,1613
50021,0.24577861163227016,0.6454033771106942,0.10881801125703565,533
50022,0.23767973454590144,0.6617918151652943,0.10052845028880422,8137
50023,0.24742268041237114,0.6474226804123712,0.10515463917525773,485
50024,0.22307920498368436,0.6449124888757045,0.1320083061406111,3371
50025,0.254333617504973,0.6214833759590793,0.12418300653594772,3519
50026,0.15215601366186876,0.5485026835813613,0.29934130275676996,65584
50027,0.249500998003992,0.6477045908183633,0.1027944111776447,4008
50028,0.22088243354343656,0.6544258701013976,0.1246916963551658,10947
50029,0.19166308551783412,0.6394976841904216,0.16883923029174425,20943
50030,0.20486985726280438,0.653232577665827,0.1418975650713686,1191
50031,0.18336192864370243,0.6075403633804056,0.20909770797589194,22731
50032,0.2352655833131215,0.637593984962406,0.12714043172447248,20615
50033,0.23593227212815573,0.6617661968974957,0.10230153097434858,9863
50034,0.18130539887187752,0.6865431103948428,0.13215149073327961,1241
50035,0.2405458901968955,0.6677778935305761,0.0916762162725284,9599
50036,0.2335181762168823,0.6601971657424522,0.10628465804066543,3246
50037,0.20217391304347826,0.6582379862700228,0.13958810068649885,8740
50038,0.19321979945885723,0.6501671176189718,0.15661308292217094,6283
50039,0.2006736623915015,0.6528047674569245,0.14652157015157405,7719
50040,0.21306657624053352,0.6655363400022607,0.12139708375720583,8847
50041,0.21521521521521522,0.6624124124124124,0.12237237237237238,3996
51001,0.19900966753124263,0.6698891770808771,0.13110115538788022,4241
51002,0.17954399354423975,0.6380123917771121,0.18244361467864811,73113
51003,0.22959183673469388,0.6352040816326531,0.13520408163265307,784
51004,0.19106560144030607,0.668504557218409,0.14042984134128503,8887
51005,0.22572212782642792,0.6757286629198798,0.09854920925369233,7651
51006,0.19351570415400202,0.6932624113475178,0.11322188449848024,3948
51007,0.2251655629139073,0.6783349101229896,0.09649952696310313,1057
51008,0.20419763882815917,0.6921731526016616,0.10362920857017928,2287
51010,0.24613003095975233,0.6630546955624355,0.09081527347781218,1938
51011,0.1983930778739184,0.6687268232385661,0.13288009888751545,1618
51012,0.19498148909913615,0.6741053064582476,0.1309132044426162,9724
51013,0.19384006781576715,0.700762927380616,0.10539700480361684,7078
51014,0.24848484848484848,0.6363636363636364,0.11515151515151516,660
51015,0.23119015047879618,0.6778385772913816,0.09097127222982217,1462
51016,0.21239069215947828,0.6733362976137542,0.11427301022676745,6747
51017,0.19323936786869242,0.6615412776862529,0.1452193544450546,16389
51018,0.21716339673506066,0.6763516549348509,0.10648494833008837,6677
51020,0.19830470666964087,0.6743252286415347,0.12737006468882445,4483
51021,0.22061620387980221,0.6565233929250666,0.12286040319513122,2629
51022,0.21551724137931033,0.6794670846394985,0.10501567398119123,2552
51023,0.2857142857142857,0.6174334140435835,0.09685230024213075,413
51024,0.20875179340028693,0.6549497847919655,0.13629842180774748,1394
51025,0.21068609593199758,0.6725865209471766,0.11672738312082574,6588
51026,0.20385412581928183,0.6605792392583049,0.1355666349224133,17851
51027,0.22118380062305296,0.6557632398753894,0.12305295950155763,642
51030,0.18626609442060085,0.6815450643776824,0.13218884120171673,2330
51031,0.19125311579424428,0.6650804441423068,0.1436664400634489,4413
51033,0.21304700162074555,0.6374392220421394,0.14951377633711507,12340
51034,0.18005977087829986,0.6579777519508551,0.16196247717084508,12046
51035,0.24836601307189543,0.6525054466230937,0.09912854030501089,918
51037,0.21101694915254238,0.6777542372881356,0.11122881355932203,4720
51038,0.22324966974900926,0.665785997357992,0.11096433289299867,757
51039,0.2044180679195516,0.6749093306956808,0.12067260138476756,9099
51040,0.21710788878541973,0.67194359451909,0.11094851669549022,7517
51041,0.19018259426132322,0.6751244960872659,0.13469290965141095,4217
51042,0.23028962188254223,0.661102172164119,0.1086082059533387,4972
52001,0.23691289054417547,0.6465963169873784,0.1164907924684461,4833
52002,0.20054517133956387,0.6468068535825545,0.1526479750778816,5136
52003,0.2381993006993007,0.6416083916083916,0.1201923076923077,2288
52004,0.2084063047285464,0.666199649737303,0.12539404553415062,2855
52005,0.20249653259361997,0.6421636615811374,0.1553398058252427,2163
52006,0.17409923213230952,0.6036621382161843,0.2222386296515062,6772
52007,0.2816982214572576,0.6075731497418244,0.11072862880091795,1743
52008,0.27121212121212124,0.6207070707070707,0.10808080808080808,1980
52009,0.20332480818414322,0.6463280964559737,0.15034709535988308,5474
52010,0.2054263565891473,0.6782945736434108,0.11627906976744186,1290
52011,0.23557377049180328,0.6270491803278688,0.13737704918032786,6100
52012,0.20182524511315286,0.643522229758895,0.15465252512795216,16217
52013,0.21135326913329955,0.6578813988849468,0.13076533198175366,1973
52015,0.234748517881048,0.6158921399885255,0.14935934213042648,10458
52016,0.17391879381034256,0.577436846977913,0.24864435921174446,7561
52017,0.20858146281875095,0.6318521911742251,0.15956634600702396,6549
52018,0.19982316534040673,0.6648983200707339,0.13527851458885942,1131
52019,0.19039735099337748,0.6600441501103753,0.14955849889624723,1812
52020,0.24721248805352022,0.6670914303918445,0.08569608155463523,3139
52021,0.2290467050543826,0.6263595649392194,0.14459373000639794,1563
52022,0.22572033508238976,0.6315934824634079,0.14268618245420234,21726
52023,0.200836820083682,0.6845188284518828,0.11464435146443515,1195
52024,0.24133811230585425,0.6917562724014337,0.06690561529271206,837
52025,0.21540656205420827,0.6490727532097005,0.1355206847360913,701
52026,0.23109133734624443,0.6267992672075373,0.14210939544621826,3821
52027,0.3068651778329198,0.5616211745244003,0.1315136476426799,1209
52028,0.20754716981132076,0.65068842427333,0.1417644059153493,5883
52030,0.23107569721115537,0.6543824701195219,0.1145418326693227,2008
52031,0.252820364477871,0.6170089673126988,0.13017066820943013,3457
52032,0.1626247875320198,0.5528476694357329,0.28452754303224725,41771
52033,0.23574310326027695,0.6267582597317631,0.13749863700795986,9171
52034,0.17966101694915254,0.6347118644067796,0.1856271186440678,7375
52035,0.2572237960339943,0.6290840415486307,0.11369216241737488,5295
52036,0.2311111111111111,0.6211111111111111,0.14777777777777779,900
52037,0.23357664233576642,0.6389142335766423,0.12750912408759124,4384
53001,0.21635220125786164,0.6616352201257861,0.1220125786163522,3180
53002,0.2472885032537961,0.6334056399132321,0.1193058568329718,1844
53003,0.23084447342680142,0.639060971633518,0.13009455493968047,3067
53004,0.19775910364145657,0.6649859943977591,0.13725490196078433,3570
53005,0.2934682612695492,0.6218951241950322,0.08463661453541858,1087
53006,0.22314478463933576,0.6279190451478983,0.14893617021276595,5781
53007,0.2778372591006424,0.6241970021413277,0.09796573875802998,1868
53008,0.261612620508326,0.6498685363716039,0.08851884312007012,2282
53009,0.1913914797075876,0.6698386690194101,0.13876985127300226,15868
53010,0.2167946413984643,0.6910635517072374,0.09214180689429832,6121
53011,0.1771395937015583,0.6575834217182018,0.16527698458023987,61285
53012,0.21829710144927536,0.6494565217391305,0.1322463768115942,1104
53013,0.25223214285714285,0.6402529761904762,0.10751488095238096,2688
53014,0.2462686567164179,0.6472515471423371,0.10647979614124499,5494
53015,0.23692602040816327,0.6340880102040817,0.1289859693877551,6272
53016,0.21449570330167345,0.6687019448213478,0.11680235187697874,8844
53017,0.2632821723730815,0.6505312868949232,0.08618654073199528,847
53018,0.1947074962386052,0.6747499778741481,0.13054252588724666,11299
53019,0.23031151557577878,0.6590829541477073,0.11060553027651382,2857
53020,0.2591093117408907,0.6518218623481782,0.08906882591093117,741
53021,0.248162890385793,0.6662584200857318,0.0855786895284752,6532
53022,0.21243781094527364,0.6691542288557214,0.11840796019900497,2010
53023,0.2527812113720643,0.6365883807169345,0.11063040791100123,3236
53024,0.20226648351648352,0.6953983516483516,0.10233516483516483,2912
53025,0.23537604456824512,0.6448467966573816,0.11977715877437325,718
53026,0.2654166666666667,0.6329166666666667,0.10166666666666667,2400
53027,0.27153762268266085,0.6750272628135223,0.05343511450381679,917
53028,0.2198492462311558,0.6758793969849246,0.10427135678391959,796
54001,0.1907609219789758,0.6385861703153631,0.1706529077056611,20738
54002,0.1982406534715677,0.6562362551052466,0.14552309142318567,15915
54003,0.20985740855548668,0.6624302541847489,0.1277123372597644,3226
54004,0.19439150558126872,0.6501497413558399,0.15545875306289136,3673
54005,0.1826381059751973,0.6888387824126269,0.12852311161217586,1774
54006,0.2165884194053208,0.6701095461658841,0.113302034428795,3195
54007,0.17338709677419356,0.7047491039426523,0.12186379928315412,2232
54008,0.222509702457956,0.6545924967658473,0.12289780077619664,2319
54009,0.2108837614279495,0.6555507183282543,0.13356552024379625,11485
54010,0.18447837150127228,0.7111959287531806,0.10432569974554708,786
54011,0.1981672394043528,0.6769759450171822,0.12485681557846506,2619
54012,0.2296769613063543,0.6423500177493787,0.12797302094426696,5634
54013,0.17602687835567707,0.664909911393656,0.15906321025066703,30359
54014,0.2185616713539574,0.6520691040578546,0.12936922458818803,2489
54015,0.17494030413472414,0.628628880231243,0.19643081563403292,15914
54016,0.25529411764705884,0.6505882352941177,0.09411764705882353,850
54017,0.199408950182944,0.657472558401351,0.14311849141570504,7106
54018,0.17875817788262763,0.6434078361748182,0.17783398594255417,41117
54019,0.20221169036334913,0.6866771985255398,0.1111111111111111,1899
54020,0.24115523465703972,0.5805054151624549,0.17833935018050542,1385
54021,0.22299779573842762,0.6653196179279941,0.11168258633357825,2722
54022,0.25225225225225223,0.6418918918918919,0.10585585585585586,4440
54023,0.2076674364896074,0.6529330254041571,0.13939953810623557,10825
54024,0.20525672886567542,0.6316077671538688,0.16313550398045576,23741
54025,0.23931623931623933,0.6346153846153846,0.12606837606837606,468
54026,0.19475927101278448,0.6705050321878684,0.1347356967993472,11029
54027,0.20395568443750464,0.6451780801546584,0.150866235407837,13449
54028,0.2064973861090366,0.6471247199402539,0.1463778939507095,2678
54029,0.23035230352303523,0.6440831074977417,0.12556458897922312,1107
54030,0.20734714003944774,0.6706114398422091,0.1220414201183432,4056
54031,0.1806615776081425,0.7684478371501272,0.05089058524173028,393
54032,0.17249417249417248,0.668997668997669,0.1585081585081585,858
54033,0.20550161812297735,0.6464401294498382,0.14805825242718446,1236
54034,0.21141253507951357,0.6751637043966323,0.11342376052385407,4276
54035,0.1863887185775598,0.7004904966278357,0.11312078479460454,3262
54036,0.1910569105691057,0.6287262872628726,0.1802168021680217,738
54037,0.21014492753623187,0.6634182908545727,0.12643678160919541,4002
54038,0.18828161185734135,0.6685965724872627,0.14312181565539603,4318
54039,0.1658002197549896,0.5959624120570051,0.2382373681880053,121954
54040,0.20271800679501698,0.6908267270668177,0.10645526613816535,2649
54041,0.19424920127795528,0.6971246006389776,0.10862619808306709,1565
54042,0.29411764705882354,0.6470588235294118,0.058823529411764705,85
54043,0.25103734439834025,0.6431535269709544,0.10580912863070539,482
54044,0.19150631902538995,0.6880337014687464,0.1204599795058636,8783
54045,0.22572178477690288,0.6824146981627297,0.09186351706036745,381
54046,0.2276923076923077,0.6984615384615385,0.07384615384615385,975
54047,0.14029850746268657,0.7492537313432835,0.11044776119402985,335
54048,0.23529411764705882,0.6858288770053476,0.07887700534759358,748
54049,0.21825396825396826,0.6609977324263039,0.12074829931972789,1764
54050,0.17615852707130597,0.672023716648463,0.15181775628023092,6409
54051,0.2012947530312243,0.6538502807682678,0.1448549662005079,27959
54052,0.22564059339177342,0.6145482130815914,0.1598111935266352,11864
54053,0.19271991911021233,0.6537917087967644,0.15348837209302327,4945
54054,0.21122994652406418,0.6677807486631016,0.12098930481283422,5984
54055,0.20852412821415992,0.6445931666079605,0.14688270517787955,2839
54056,0.19614356315320425,0.6634529692943368,0.1404034675524589,12343
54057,0.2421686746987952,0.6473895582329318,0.11044176706827309,2490
54058,0.1366906474820144,0.7410071942446043,0.1223021582733813,278
54059,0.22066198595787362,0.6800401203610833,0.09929789368104312,997
55001,0.22727272727272727,0.6381940207443563,0.1345332519829164,3278
55002,0.22734138972809667,0.6555891238670695,0.11706948640483383,1324
55003,0.17676767676767677,0.7171717171717171,0.10606060606060606,990
55004,0.1916188692496781,0.6537516095048578,0.1546295212454641,8543
55005,0.16806722689075632,0.7153361344537815,0.11659663865546219,1904
55006,0.2065378900445765,0.687964338781575,0.10549777117384844,1346
55007,0.2012226184411615,0.6719307182883342,0.12684666327050434,1963
55008,0.21455938697318008,0.6421455938697318,0.14329501915708812,1305
55009,0.23982999392835458,0.6357012750455373,0.12446873102610807,1647
55010,0.22838345864661655,0.6569548872180451,0.11466165413533834,2128
55011,0.2531831537708129,0.653281096963761,0.09353574926542606,2042
55012,0.2054794520547945,0.6910197869101978,0.1035007610350076,1314
55013,0.2111388196176226,0.6591853699085619,0.12967581047381546,1203
55014,0.18333333333333332,0.7181818181818181,0.09848484848484848,1320
55015,0.18693693693693694,0.68993993993994,0.12312312312312312,1332
55016,0.2530689329556185,0.6411709159584513,0.10576015108593012,1059
55017,0.2008498583569405,0.6762039660056657,0.12294617563739377,3530
55018,0.20512820512820512,0.6846153846153846,0.11025641025641025,1170
55019,0.1640625,0.7075892857142857,0.12834821428571427,896
55020,0.2852233676975945,0.5967926689576174,0.11798396334478808,873
55021,0.24,0.6209523809523809,0.13904761904761906,1050
55022,0.20208380181395696,0.6645678734727531,0.13334832471328986,13341
55023,0.19112469275227528,0.6253238557098253,0.18355145153789942,15053
55024,0.2309542902967121,0.6720128307939054,0.09703287890938252,1247
55025,0.2823834196891192,0.582901554404145,0.13471502590673576,386
55026,0.1978319783197832,0.6775067750677507,0.12466124661246612,738
55027,0.2413793103448276,0.6620689655172414,0.09655172413793103,145
55028,0.1706798866855524,0.6515580736543909,0.17776203966005666,1412
55029,0.17179125528913963,0.6465444287729196,0.18166431593794077,3545
55030,0.21076746849942726,0.6374570446735395,0.1517754868270332,1746
55031,0.1961251862891207,0.6760059612518629,0.12786885245901639,3355
55032,0.16046651406064172,0.6527616148957122,0.18677187104364618,78197
55033,0.21362586605080833,0.6518475750577367,0.13452655889145496,1732
56001,0.20426679744973025,0.6537518391368318,0.14198136341343795,4078
56002,0.250788643533123,0.6419558359621451,0.10725552050473186,634
56003,0.21513002364066194,0.6422379826635146,0.1426319936958235,2538
56004,0.1645021645021645,0.6911976911976911,0.1443001443001443,693
56005,0.17994100294985252,0.6856768272697477,0.13438216978039988,3051
56006,0.1735632183908046,0.7137931034482758,0.11264367816091954,870
56007,0.20164808531265146,0.6723218613669414,0.12603005332040718,2063
56008,0.203788144510698,0.6590669940371799,0.13714486145212207,2851
56009,0.19196428571428573,0.6723214285714286,0.1357142857142857,1120
56010,0.19217081850533807,0.6868327402135231,0.12099644128113879,562
56011,0.185024154589372,0.6739130434782609,0.14106280193236714,2070
56012,0.22604552673372155,0.6855479089465325,0.0884065643197459,3778
56013,0.18076027928626842,0.6508921644685803,0.16834755624515127,1289
56014,0.1744822661271126,0.6950726017614853,0.13044513211140205,4201
56015,0.20507343124165553,0.6750333778371161,0.1198931909212283,3745
56016,0.19111111111111112,0.6792592592592592,0.12962962962962962,1350
56017,0.19822672577580747,0.6789107029765674,0.12286257124762508,1579
56018,0.23309178743961353,0.6545893719806763,0.11231884057971014,1656
56019,0.20149253731343283,0.662046908315565,0.13646055437100213,938
56020,0.2488317757009346,0.6764018691588785,0.07476635514018691,856
56021,0.21129645888206028,0.6693981075017071,0.11930543361623257,10251
56022,0.20126926563916592,0.6881233000906618,0.11060743427017226,1103
56023,0.19208087615838249,0.7059814658803707,0.10193765796124685,2374
56024,0.18075911311537016,0.7157083803081549,0.103532506576475,5322
56025,0.1686478454680535,0.6901931649331352,0.1411589895988113,1346
56026,0.2537313432835821,0.6436567164179104,0.10261194029850747,1072
56027,0.2180409518539015,0.6784726065301605,0.10348644161593802,1807
56028,0.22629969418960244,0.6320081549439348,0.14169215086646278,981
56029,0.21598414795244386,0.6928665785997358,0.09114927344782034,1514
56030,0.23767051416579224,0.6453305351521511,0.11699895068205667,1906
56031,0.24440298507462688,0.6809701492537313,0.07462686567164178,1608
56032,0.22690437601296595,0.6645056726094003,0.1085899513776337,617
56033,0.22610015174506828,0.6555386949924128,0.11836115326251896,659
56034,0.20140903439701616,0.6605884790716949,0.13800248653128885,2413
56035,0.22840254622612913,0.6703546529251289,0.10124280084874204,6598
56036,0.1936064359055785,0.6380861649200804,0.16830739917434107,9447
56037,0.2158920539730135,0.7091454272863568,0.07496251874062969,1334
56038,0.16700542005420055,0.6832655826558266,0.1497289972899729,2952
56039,0.16823338735818477,0.70032414910859,0.13144246353322528,6170
56040,0.24847560975609756,0.6859756097560976,0.06554878048780488,656
56041,0.1523733546071001,0.7060231352213802,0.14160351017151973,2507
56042,0.1829248498620354,0.6421035546177568,0.17497159552020775,6161
56043,0.19633507853403143,0.6695026178010471,0.13416230366492146,1528
56044,0.2099056603773585,0.6674528301886793,0.12264150943396226,424
56045,0.16118247404539857,0.6968150624670069,0.14200246348759457,5683
56046,0.17162471395881007,0.6762013729977117,0.15217391304347827,874
56047,0.22273936170212766,0.6402925531914894,0.13696808510638298,1504
56048,0.1918825874252582,0.6801956876245697,0.12792172495017212,5519
56049,0.1596297132535561,0.6771280198690449,0.16324226687739896,4429
56050,0.17406432996690147,0.6755495204956293,0.15038614953746923,11783
56051,0.32905982905982906,0.5641025641025641,0.10683760683760683,234
56052,0.19399618254381398,0.6696165191740413,0.13638729828214471,5763
56053,0.1682600382409178,0.7036328871892925,0.12810707456978968,2092
56054,0.17873831775700935,0.6752336448598131,0.14602803738317757,1712
56055,0.20977976857036207,0.6618141097424413,0.12840612168719673,2679
56056,0.19959946595460615,0.6815754339118825,0.11882510013351134,1498
56057,0.17685896742071652,0.6816755060071437,0.14146552657213984,9239
56058,0.24276472591079332,0.6506639427987743,0.10657133129043242,2937
56059,0.16221845275159427,0.6318467781761965,0.20593476907220923,46573
56060,0.1570771001150748,0.6740506329113924,0.1688722669735328,3476
57001,0.26216216216216215,0.672972972972973,0.06486486486486487,370
57002,0.22778104767510302,0.6751030017657446,0.09711595055915244,1699
57003,0.1653363740022805,0.7143671607753705,0.12029646522234892,1754
57004,0.2484076433121019,0.6815286624203821,0.07006369426751592,157
57005,0.24186046511627907,0.6511627906976745,0.10697674418604651,430
57006,0.17026378896882494,0.7266187050359713,0.10311750599520383,417
57007,0.15852819807427784,0.71767537826685,0.12379642365887207,2908
57008,0.19970193740685543,0.6572280178837556,0.14307004470938897,671
57009,0.2207282913165266,0.6554621848739496,0.12380952380952381,1785
57010,0.19001751313485113,0.6830122591943958,0.12697022767075306,1142
57011,0.22105263157894736,0.7010526315789474,0.07789473684210527,475
57012,0.18562874251497005,0.651497005988024,0.162874251497006,835
57013,0.2097560975609756,0.7317073170731707,0.05853658536585366,205
57014,0.2,0.6548148148148148,0.1451851851851852,675
57015,0.18427230046948356,0.6960093896713615,0.11971830985915492,852
57016,0.18678717452119648,0.6795782225091457,0.13363460296965785,4647
57017,0.21428571428571427,0.672077922077922,0.11363636363636363,308
57018,0.18213058419243985,0.6804123711340206,0.13745704467353953,291
57019,0.21311475409836064,0.6639344262295082,0.12295081967213115,244
57020,0.1981981981981982,0.6306306306306306,0.17117117117117117,111
57021,0.2413793103448276,0.6551724137931034,0.10344827586206896,1102
57022,0.1592356687898089,0.7484076433121019,0.09235668789808917,314
57023,0.28125,0.6160714285714286,0.10267857142857142,224
57024,0.22380952380952382,0.6666666666666666,0.10952380952380952,420
57025,0.17575295463210064,0.670987418985894,0.15325962638200533,2623
57026,0.22911051212938005,0.6657681940700808,0.10512129380053908,371
57027,0.1775772074815137,0.6861678990865594,0.13625489343192693,9196
57028,0.18865866957470012,0.6815703380588877,0.1297709923664122,917
57029,0.1782178217821782,0.7008858780614904,0.12089630015633142,1919
57030,0.1336116910229645,0.7432150313152401,0.12317327766179541,479
57031,0.20985401459854014,0.625,0.16514598540145986,1096
57032,0.17120622568093385,0.7042801556420234,0.1245136186770428,257
57033,0.20126182965299685,0.6971608832807571,0.10157728706624605,1585
57034,0.2864583333333333,0.6015625,0.11197916666666667,384
57035,0.18793886823626602,0.7017761255679471,0.11028500619578686,2421
57036,0.26229508196721313,0.5901639344262295,0.14754098360655737,61
57037,0.19047619047619047,0.7738095238095238,0.03571428571428571,84
57038,0.1989389920424403,0.7320954907161804,0.06896551724137931,377
57039,0.21875,0.6640625,0.1171875,256
57040,0.20238095238095238,0.6870748299319728,0.11054421768707483,588
57041,0.22235722964763063,0.669501822600243,0.10814094775212636,823
57042,0.25,0.6586538461538461,0.09134615384615384,208
57043,0.19135802469135801,0.7366255144032922,0.0720164609053498,486
57044,0.1826783114992722,0.6877729257641921,0.12954876273653565,2748
57045,0.2798165137614679,0.6559633027522935,0.06422018348623854,218
57046,0.23809523809523808,0.6666666666666666,0.09523809523809523,147
57047,0.17567567567567569,0.706081081081081,0.11824324324324324,296
57048,0.18181818181818182,0.696969696969697,0.12121212121212122,132
57049,0.23689877961234745,0.6769562096195262,0.08614501076812635,1393
57050,0.22727272727272727,0.6597402597402597,0.11298701298701298,770
57051,0.21994342291371993,0.6944837340876945,0.08557284299858557,1414
57052,0.18796068796068796,0.6805896805896806,0.13144963144963145,814
57053,0.16153846153846155,0.6951923076923077,0.14326923076923076,4160
57054,0.18153364632237873,0.6687532603025561,0.1497130933750652,1917
57055,0.16572077185017026,0.7224744608399546,0.11180476730987514,1762
57056,0.18229166666666666,0.6901041666666666,0.12760416666666666,384
57057,0.2149321266968326,0.6923076923076923,0.09276018099547512,442
57058,0.2757201646090535,0.6419753086419753,0.0823045267489712,243
57059,0.1580940264146371,0.6321337695383497,0.20977220404701322,33012
57060,0.1982651796778191,0.6604708798017348,0.1412639405204461,807
57061,0.25396825396825395,0.6455026455026455,0.10052910052910052,378
57062,0.25,0.6586206896551724,0.09137931034482759,580
57063,0.1687116564417178,0.7361963190184049,0.0950920245398773,326
57064,0.17582417582417584,0.7165750915750916,0.10760073260073261,2184
57065,0.21390374331550802,0.6737967914438503,0.11229946524064172,748
57066,0.16954022988505746,0.7234195402298851,0.10704022988505747,1392
57067,0.16883116883116883,0.7229437229437229,0.10822510822510822,924
57068,0.19318181818181818,0.7002840909090909,0.10653409090909091,704
57069,0.19435396308360478,0.6916395222584147,0.11400651465798045,921
57070,0.2121559633027523,0.6479357798165137,0.13990825688073394,872
57071,0.17482517482517482,0.7342657342657343,0.09090909090909091,143
57072,0.2303370786516854,0.6573033707865169,0.11235955056179775,178
57073,0.2781954887218045,0.6390977443609023,0.08270676691729323,133
58001,0.15932914046121593,0.7159329140461216,0.12473794549266247,954
58002,0.19137931034482758,0.7267241379310345,0.08189655172413793,1160
58003,0.16122732564689976,0.6704472903443873,0.16832538400871297,26627
58004,0.1896681749622926,0.7085218702865762,0.10180995475113122,2652
58005,0.1568294065257874,0.678082746336329,0.16508784713788358,12351
58006,0.15065913370998116,0.7250470809792844,0.12429378531073447,531
58007,0.15586395416075277,0.6878515481259528,0.15628449771329445,38046
58008,0.1710079275198188,0.7066817667044167,0.12231030577576443,883
58009,0.15744127448589776,0.6693489392831017,0.17320978623100056,12303
58010,0.18479408658922913,0.7074973600844773,0.10770855332629356,947
58011,0.20369707811568277,0.6886106141920095,0.1076923076923077,8385
58012,0.22888759464181713,0.6773442050087362,0.0937682003494467,1717
58013,0.14269462051032017,0.6621160409556314,0.19518933853404843,12306
58014,0.18411552346570398,0.7545126353790613,0.061371841155234655,277
58015,0.14663049685893775,0.702598515134209,0.15077098800685323,7004
58016,0.1501468428781204,0.7110866372980911,0.13876651982378854,2724
58017,0.1826086956521739,0.7304347826086957,0.08695652173913043,230
58018,0.15423827556073405,0.703903291581707,0.14185843285755897,6866
58019,0.1619047619047619,0.7333333333333333,0.10476190476190476,210
58020,0.19874130506790327,0.6558463067240808,0.14541238820801589,3019
58021,0.22167487684729065,0.6724137931034483,0.10591133004926108,406
58022,0.15505226480836237,0.6743902439024391,0.17055749128919862,5740
58023,0.18758113370835136,0.6942881869320641,0.1181306793595846,4622
58024,0.13674905285946237,0.6958325816344939,0.16741836550604366,5543
58025,0.15331010452961671,0.6898954703832753,0.156794425087108,574
58026,0.18225205070842654,0.7060402684563758,0.11170768083519761,6705
58027,0.13466666666666666,0.7453333333333333,0.12,750
58028,0.15123456790123457,0.6975308641975309,0.15123456790123457,324
58029,0.1520439489416707,0.704152528679916,0.14380352237841332,24756
58030,0.17191283292978207,0.7106537530266344,0.11743341404358354,826
58031,0.19796954314720813,0.7284263959390863,0.07360406091370558,394
58032,0.1608728535813328,0.6868819854897896,0.15224516092887755,35699
58033,0.18316445830085737,0.6999220576773187,0.11691348402182385,1283
58034,0.14814036562303004,0.6817958954962527,0.17006373888071724,14277
58035,0.16046758767268862,0.6964222458377612,0.14311016648955013,2823
58036,0.15965406666018853,0.7085803128947624,0.13176562044504908,10291
58037,0.13522012578616352,0.7515723270440252,0.11320754716981132,318
58038,0.13593340175618657,0.655376895883225,0.20868970236058842,8769
58039,0.1491373801916933,0.6317571884984026,0.21910543130990415,15650
58040,0.1631778058007566,0.7263556116015133,0.11046658259773014,3965
58041,0.18328220858895705,0.6809815950920245,0.1357361963190184,1304
58042,0.19361759184768035,0.6843657817109144,0.12201662644140521,3729
58043,0.15740383378360992,0.6757365238646598,0.16685964235173034,15546
58044,0.19727047146401985,0.6774193548387096,0.12531017369727046,806
58045,0.24335378323108384,0.6155419222903885,0.1411042944785276,489
58046,0.13258232235701906,0.619945118428654,0.24747255921432698,13848
58047,0.1594402186210858,0.6984038572000487,0.14215592417886547,57451
58048,0.19391634980988592,0.6653992395437263,0.14068441064638784,263
58049,0.15214180206794684,0.7161496799606105,0.13170851797144265,4062
58050,0.1711044776119403,0.7096119402985075,0.11928358208955224,8375
58051,0.20384615384615384,0.725,0.07115384615384615,520
58052,0.1645021645021645,0.6872294372294372,0.14826839826839827,924
58053,0.1962457337883959,0.6518771331058021,0.15187713310580206,586
58054,0.13052837573385517,0.6743639921722113,0.19510763209393348,5110
58055,0.17547169811320754,0.6792452830188679,0.14528301886792452,530
58056,0.17830841330060254,0.7170274492300825,0.10466413746931488,4481
58057,0.14577183820428816,0.6819228648350579,0.17230529696065394,30829
58058,0.1647940074906367,0.7330123060460139,0.10219368646334938,1869
58059,0.15728855893984597,0.7087351696385208,0.13397627142163324,14413
58060,0.1385891023953672,0.7050539615688339,0.1563569360357989,7598
58061,0.17673888255416192,0.7126567844925884,0.11060433295324971,877
58062,0.16666666666666666,0.6919191919191919,0.1414141414141414,1386
58063,0.19077271440701954,0.6685536371355788,0.14067364845740163,3533
58064,0.1357776661644065,0.6099112673698309,0.2543110664657626,5973
58065,0.15849138870721605,0.6586730615507594,0.18283554974202457,27522
58066,0.19637223974763407,0.7200315457413249,0.083596214511041,1268
58067,0.19118522930315665,0.6843359142346634,0.12447885646217986,1679
58068,0.1470535873241944,0.6880897276126046,0.164856685063201,5617
58069,0.182548794489093,0.6946039035591275,0.12284730195177956,871
58070,0.1359375,0.65234375,0.21171875,1280
58071,0.14653902798232696,0.7245949926362297,0.12886597938144329,1358
58072,0.16636909592598603,0.6948222691121572,0.13880863496185683,30805
58073,0.1698904684222792,0.6891167560009321,0.14099277557678863,4291
58074,0.16036679266414672,0.7026459470810584,0.1369872602547949,14286
58075,0.17473213234428353,0.7005769457200047,0.12469092193571177,8493
58076,0.2518518518518518,0.6444444444444445,0.1037037037037037,135
58077,0.2026726057906459,0.6971046770601337,0.10022271714922049,449
58078,0.19886363636363635,0.7073863636363636,0.09375,1408
58079,0.1484547077508057,0.7041339175998702,0.14741137464932416,43131
58080,0.1868421052631579,0.6881578947368421,0.125,760
58081,0.16277622159975103,0.6697790227201992,0.1674447556800498,6426
58082,0.15301928548846033,0.7126146063863421,0.1343661081251976,6326
58083,0.1735357917570499,0.6919739696312365,0.13449023861171366,461
58084,0.2198581560283688,0.6737588652482269,0.10638297872340426,141
58085,0.22,0.692,0.088,250
58086,0.151673640167364,0.6794408520349943,0.1688855077976417,10516
58087,0.1834319526627219,0.7751479289940828,0.04142011834319527,169
58088,0.15443718786016136,0.7027788449225253,0.14278396721731335,7809
58089,0.16885245901639345,0.7524590163934426,0.07868852459016394,610
58090,0.1836283185840708,0.7278761061946902,0.08849557522123894,452
58091,0.13545441840965203,0.6086639441416541,0.25588163744869385,1932030
58092,0.17937219730941703,0.6860986547085202,0.13452914798206278,892
58093,0.12968782736224596,0.6601717997066834,0.2101403729310706,4773
58094,0.15283018867924528,0.7566037735849057,0.09056603773584905,530
58095,0.2054380664652568,0.6616314199395771,0.13293051359516617,993
58096,0.17585446527012127,0.7122381477398015,0.11190738699007717,1814
58097,0.14855158260320467,0.6582208540532007,0.1932275633435946,12669
58098,0.15416800772449307,0.728999034438365,0.11683295783714194,3107
58099,0.202726473175022,0.6855760773966578,0.11169744942832015,2274
58100,0.17490118577075098,0.7025691699604744,0.1225296442687747,2024
58101,0.14285714285714285,0.7619047619047619,0.09523809523809523,105
58102,0.18107748586631195,0.6607914865314267,0.1581310276022614,6014
58103,0.17353689567430025,0.6702290076335878,0.15623409669211197,5895
58104,0.15847614828760487,0.6795592347517927,0.16196461696060246,36119
58105,0.17198419933151018,0.7028258887876025,0.12518991188088727,3291
58106,0.17896174863387979,0.6734972677595629,0.14754098360655737,732
58107,0.145769622833843,0.6694699286442406,0.18476044852191642,3924
58108,0.30057803468208094,0.6763005780346821,0.023121387283236993,173
58109,0.2131979695431472,0.6548223350253807,0.1319796954314721,197
58110,0.17745682254317746,0.7048782951217049,0.11766488233511767,9901
58111,0.17660235350337494,0.6782151603846843,0.14518248611194073,33482
58112,0.195907705703091,0.6996081845885939,0.10448410970831519,2297
58113,0.1504424778761062,0.7522123893805309,0.09734513274336283,113
58114,0.16095920714980974,0.7166622422794443,0.12237855057074595,11301
58115,0.18421052631578946,0.7046783625730995,0.1111111111111111,8208
58116,0.15096679195567095,0.7042275351648778,0.1448056728794513,25807
58117,0.15737641606591143,0.73072219361483,0.1119013903192585,31072
58118,0.1500567536889898,0.6674233825198638,0.18251986379114643,26430
58119,0.16766955634880162,0.7192248852626211,0.11310555838857726,9805
58120,0.16245399233831592,0.7022271463982573,0.13531886126342674,53252
58122,0.16491056113697622,0.708600833129135,0.12648860573388876,20405
59001,0.19425966986942597,0.7006035969450604,0.10513673318551367,48708
59002,0.2684931506849315,0.6420091324200913,0.08949771689497717,1095
59003,0.2528473804100228,0.621867881548975,0.1252847380410023,439
59004,0.17727436174038116,0.6745774901114707,0.14814814814814814,2781
59005,0.21409727947238252,0.6859851607584502,0.09991755976916736,24260
59006,0.18212639001898562,0.6971792785462435,0.12069433143477082,7374
59007,0.20377076281193418,0.6615760056679525,0.13465323152011335,25406
59008,0.1630670825601137,0.6431871125676156,0.1937458048722707,25327
59009,0.1512508934953538,0.6375268048606147,0.21122230164403144,13990
59010,0.1666192373363688,0.671172453044963,0.1622083096186682,7028
59011,0.16505872010459166,0.6518945968487253,0.18304668304668303,88726
59012,0.22681524083393242,0.6556434219985622,0.1175413371675054,2782
59013,0.23273657289002558,0.6731457800511509,0.09411764705882353,1955
59014,0.16849355651014664,0.6722707747000445,0.1592356687898089,13502
59015,0.25593134780413934,0.6587582029278143,0.08531044926804644,3962
59016,0.21526957890594253,0.683982683982684,0.10074773711137347,2541
59017,0.22624174562159058,0.6881041247966313,0.08565412958177816,10449
59018,0.18156754627806224,0.7101220953131154,0.10831035840882237,2539
59019,0.21789428995966886,0.6599448100191042,0.12216090002122691,9422
59020,0.23444976076555024,0.680622009569378,0.08492822966507177,836
59021,0.22249134948096885,0.6536332179930796,0.12387543252595155,2890
59022,0.22766217870257038,0.7062423500611995,0.06609547123623011,817
59023,0.27111716621253407,0.6307901907356949,0.09809264305177112,734
59024,0.20672586985005095,0.6655262774785267,0.12774785267142233,13738
59025,0.22192209269263577,0.6553881148706284,0.12268979243673585,7034
59026,0.20609645131938126,0.6747042766151047,0.1191992720655141,4396
59027,0.19471550818195466,0.6541059900915779,0.1511785017264675,6661
59028,0.21781322698570954,0.6720505151213028,0.1101362578929877,15045
59029,0.23613344051446947,0.6788585209003215,0.085008038585209,4976
59030,0.1955574912891986,0.6193379790940766,0.18510452961672474,2296
59031,0.1875,0.7006302521008403,0.11186974789915967,1904
59032,0.20359185247060335,0.654404677761357,0.14200346976803957,31126
59033,0.12386156648451731,0.73224043715847,0.14389799635701275,549
60001,0.2328042328042328,0.671957671957672,0.09523809523809523,189
60002,0.18686868686868688,0.7095959595959596,0.10353535353535354,1188
60003,0.21449421803076232,0.6738520264960144,0.1116537554732233,17814
60004,0.1890547263681592,0.6594803758982863,0.15146489773355445,1809
60005,0.23494643516808275,0.680458071666051,0.08459549316586627,2707
60006,0.20477263128255666,0.6740109812755174,0.12121638744192595,14206
60007,0.18457214241099312,0.6711430356027482,0.14428482198625858,3202
60008,0.18357755045617916,0.6712745369090406,0.14514791263478022,3617
60009,0.2565130260521042,0.665998663994656,0.07748830995323981,1497
60010,0.19348184818481848,0.6280940594059405,0.17842409240924093,4848
60011,0.19626497533474277,0.6377730796335448,0.16596194503171247,2838
60012,0.18849840255591055,0.6798722044728435,0.131629392971246,1565
60013,0.26260504201680673,0.6428571428571429,0.09453781512605042,476
60014,0.25548559435222284,0.6571265025758443,0.08738790307193284,5241
60015,0.19733333333333333,0.6528,0.14986666666666668,1875
60016,0.21933085501858737,0.6514869888475836,0.129182156133829,1076
60017,0.2964426877470356,0.541501976284585,0.16205533596837945,253
60018,0.22343655130540377,0.6466302367941712,0.129933211900425,1647
60019,0.16795809705207568,0.6236959438985326,0.2083459590493918,23101
60020,0.20120259019426456,0.6711378353376504,0.1276595744680851,2162
60021,0.21851851851851853,0.6759259259259259,0.10555555555555556,540
60022,0.20207667731629392,0.6625399361022364,0.13538338658146964,2504
60023,0.2202439828552588,0.6775469831849654,0.1022090339597758,3033
60024,0.2033710203232295,0.6726087258098079,0.12402025386696261,14417
60025,0.18312453942520265,0.6851510685335298,0.1317243920412675,5428
60026,0.18117088607594936,0.6524920886075949,0.1663370253164557,5056
60027,0.20840787119856888,0.7021466905187835,0.08944543828264759,1118
60028,0.2054794520547945,0.738013698630137,0.05650684931506849,584
60029,0.2349137931034483,0.6422413793103449,0.12284482758620689,464
60030,0.16666666666666666,0.685404339250493,0.14792899408284024,1014
60031,0.20016680567139283,0.6868223519599667,0.11301084236864054,2398
60032,0.1896551724137931,0.7155172413793104,0.09482758620689655,348
60033,0.2000744324525493,0.6754000744324525,0.12452549311499814,13435
60034,0.28150134048257375,0.6568364611260054,0.06166219839142091,373
60035,0.1756876663708962,0.678793256433008,0.14551907719609583,6762
60036,0.17180616740088106,0.6541850220264317,0.17400881057268722,1816
60037,0.20799059929494712,0.6745005875440658,0.11750881316098707,851
60038,0.1717294862677368,0.6427579667445562,0.185512546987707,29529
60039,0.3052147239263804,0.6280674846625767,0.06671779141104295,1304
60040,0.16527942925089179,0.6753864447086801,0.15933412604042807,841
60041,0.21374045801526717,0.6590330788804071,0.1272264631043257,1572
60042,0.22450980392156863,0.6754901960784314,0.1,1020
60043,0.19029508196721312,0.6355409836065574,0.17416393442622952,7625
60044,0.22470467385721624,0.6533127889060092,0.12198253723677452,7788
60045,0.20958646616541354,0.6903195488721805,0.10009398496240601,2128
60046,0.21920668058455114,0.6697665591193774,0.11102676029607136,5269
60047,0.25513513513513514,0.652972972972973,0.0918918918918919,925
60048,0.1961155850307911,0.693983893889152,0.10990052108005685,2111
60049,0.22821969696969696,0.6581439393939394,0.11363636363636363,1056
60050,0.2629582806573957,0.6144121365360303,0.12262958280657396,791
60051,0.20021822149481724,0.6819421713038735,0.11783960720130933,1833
60052,0.1843166918809884,0.6916288451840645,0.12405446293494705,3966
60053,0.21184738955823293,0.6894243641231593,0.09872824631860777,2988
60054,0.24015247776365947,0.6385006353240152,0.12134688691232529,1574
60055,0.28312089609887986,0.6292004634994206,0.0876786404016995,2589
60056,0.18528106508875739,0.6688856015779092,0.14583333333333334,8112
60057,0.22535211267605634,0.617157490396927,0.15749039692701663,781
60058,0.24554853532452614,0.6467547386559449,0.10769672601952901,3482
60059,0.20751633986928106,0.6503267973856209,0.14215686274509803,612
60060,0.18056174765938476,0.6872492197949175,0.13218903254569772,4486
60061,0.30275229357798167,0.6009174311926605,0.0963302752293578,218
60062,0.16174298375184637,0.6750369276218612,0.16322008862629248,1354
60063,0.19714722363728987,0.6444218033622007,0.15843097300050943,1963
60064,0.23143267848586488,0.6588404408241495,0.10972688068998562,2087
60065,0.17823343848580442,0.6545741324921136,0.167192429022082,634
60066,0.21993127147766323,0.6632302405498282,0.11683848797250859,873
60067,0.16184971098265896,0.671345995045417,0.16680429397192403,1211
60068,0.21533613445378152,0.6483718487394958,0.13629201680672268,3808
60069,0.22321428571428573,0.6540178571428571,0.12276785714285714,896
60070,0.20736434108527133,0.665374677002584,0.12726098191214472,1548
60071,0.2235294117647059,0.6731457800511509,0.10332480818414322,1955
60072,0.23062015503875968,0.6666666666666666,0.10271317829457365,516
60073,0.23769430051813473,0.6839378238341969,0.0783678756476684,1544
60074,0.19253775540420492,0.6363044122001776,0.1711578323956174,16885
60075,0.24250499666888742,0.6842105263157895,0.07328447701532312,1501
60076,0.19436345966958213,0.6935536119209589,0.11208292840945902,3087
60077,0.35842293906810035,0.5842293906810035,0.05734767025089606,279
60078,0.24407582938388625,0.6895734597156398,0.06635071090047394,844
60079,0.2133826703669442,0.6179463459759482,0.16867098365710761,3243
60080,0.17647058823529413,0.7240484429065744,0.09948096885813149,1156
60081,0.2385834109972041,0.6877912395153775,0.07362534948741846,1073
60082,0.2679312388855957,0.6034380557202134,0.12863070539419086,1687
60083,0.2268760907504363,0.6684118673647469,0.10471204188481675,573
60084,0.2469879518072289,0.6676706827309237,0.0853413654618474,996
60085,0.2277888050813815,0.6643906312028582,0.10782056371576022,12595
60086,0.2364341085271318,0.625968992248062,0.1375968992248062,516
60087,0.19744744744744744,0.7057057057057057,0.09684684684684684,1332
60088,0.26901408450704223,0.6070422535211267,0.12394366197183099,710
60089,0.22772898368883313,0.671267252195734,0.10100376411543287,1594
60090,0.2203548085901027,0.7189542483660131,0.06069094304388422,1071
60091,0.19047619047619047,0.7333333333333333,0.0761904761904762,210
61001,0.229404309252218,0.670468948035488,0.10012674271229405,789
61002,0.20876232201533407,0.6795180722891566,0.11171960569550932,4565
61003,0.2270861833105335,0.6590287277701778,0.11388508891928864,2924
61004,0.2191427650660651,0.676442152755398,0.1044150821785369,3103
61005,0.1922139374820763,0.6236377975336966,0.18414826498422712,27896
61006,0.22263588979895757,0.6545048399106478,0.12285927029039465,1343
61007,0.20457209847596716,0.6767291910902696,0.11869871043376319,3412
61008,0.19352014010507881,0.6628721541155866,0.1436077057793345,1142
61009,0.20343663700521633,0.6462104940165695,0.15035286897821418,3259
61010,0.19102450546206082,0.6781812813699439,0.13079421316799528,3387
61011,0.1682008368200837,0.7280334728033473,0.10376569037656903,1195
61012,0.20205026455026456,0.689484126984127,0.10846560846560846,3024
61013,0.18152350081037277,0.6733297316765712,0.145146767513056,5553
61014,0.1910569105691057,0.6636178861788617,0.14532520325203252,984
61015,0.17490423245818928,0.6758852658133234,0.14921050172848735,10703
61016,0.2160919540229885,0.6796934865900384,0.10421455938697317,3915
61017,0.24010382868267358,0.6565001081548778,0.10339606316244862,4623
61018,0.18194288564658936,0.6479610924055369,0.1700960219478738,8019
61019,0.22483836726816558,0.669207758371128,0.10595387436070636,10363
61020,0.231809401159047,0.6739643700364886,0.09422622880446448,4659
61021,0.19135932560590094,0.6657534246575343,0.1428872497365648,4745
61022,0.14710995685862077,0.6044729668820158,0.2484170762593634,46591
61023,0.21956087824351297,0.6626746506986028,0.11776447105788423,1002
61024,0.2562962962962963,0.6370370370370371,0.10666666666666667,675
61025,0.1640530759951749,0.6960193003618818,0.1399276236429433,829
61026,0.21846846846846846,0.6608108108108108,0.12072072072072072,2220
61027,0.24587741132545116,0.6752489110143124,0.07887367766023647,12856
61028,0.23909123692751533,0.6794085827623513,0.08150018031013342,2773
61029,0.18278253773969808,0.7066503467972256,0.1105671154630763,4902
61030,0.22743682310469315,0.6859205776173285,0.08664259927797834,277
61031,0.2469733656174334,0.6452784503631961,0.10774818401937046,826
61032,0.21862449799196787,0.6543674698795181,0.12700803212851405,3984
61033,0.17990275526742303,0.6790923824959482,0.14100486223662884,1234
61034,0.23552894211576847,0.6427145708582834,0.1217564870259481,501
61035,0.21311475409836064,0.6437158469945355,0.1431693989071038,915
61036,0.20634920634920634,0.6959972394755003,0.09765355417529331,2898
61037,0.2159116520171287,0.6846968672526482,0.09939148073022312,4437
61038,0.2638190954773869,0.6381909547738693,0.09798994974874371,398
61039,0.19216823785351705,0.6997824510514866,0.10804931109499638,1379
61040,0.18906605922551253,0.6355353075170843,0.17539863325740318,439
61041,0.25632295719844356,0.6391050583657587,0.10457198443579767,2056
61042,0.21637122002085507,0.6952554744525548,0.0883733055265902,3836
61043,0.1890007745933385,0.704570100697134,0.10642912470952749,6455
61044,0.23059866962305986,0.6851441241685144,0.08425720620842572,451
61045,0.2584745762711864,0.635593220338983,0.1059322033898305,708
61046,0.19921456622634773,0.670474830417708,0.1303106033559443,8403
61047,0.21163925537682993,0.7124525573829749,0.0759081872401952,5533
61048,0.2084749150509694,0.6860883469918049,0.10543673795722566,20012
61049,0.18094175407275162,0.6963624191028788,0.12269582682436957,22405
61050,0.21235521235521235,0.6671814671814672,0.12046332046332046,1295
61051,0.21498204207285787,0.698306824012314,0.08671113391482811,1949
61052,0.23581457972687056,0.6542924921459256,0.10989292812720394,15597
61053,0.20275895845237124,0.7196963513182597,0.07754469022936904,12251
61054,0.20065229722064662,0.6678956324446965,0.13145207033465683,7052
61055,0.21212121212121213,0.6729559748427673,0.11492281303602059,1749
61056,0.2185672514619883,0.6535087719298246,0.12792397660818713,1368
61057,0.17898832684824903,0.6658365758754864,0.15517509727626458,6425
61058,0.19955489614243324,0.6899109792284867,0.11053412462908012,2696
61059,0.1706239646604086,0.6935394809497515,0.13583655438983988,1811
61060,0.2189568440561292,0.6380725443473656,0.14297061159650518,3777
61061,0.22256410256410256,0.6707692307692308,0.10666666666666667,975
61062,0.17811764705882352,0.7098823529411765,0.112,4250
61063,0.26028921023359286,0.628476084538376,0.11123470522803114,899
61064,0.23794871794871794,0.6615384615384615,0.10051282051282051,975
61065,0.21203438395415472,0.6762177650429799,0.11174785100286533,1047
61066,0.2,0.6834437086092715,0.11655629139072848,755
61067,0.17984782107447544,0.6951810006917224,0.12497117823380217,4337
61068,0.21951219512195122,0.6738675958188153,0.10662020905923345,1435
61069,0.2115669797330697,0.6604053386060307,0.12802768166089964,2023
61070,0.20469798657718122,0.6673058485139022,0.12799616490891658,2086
61071,0.18886679920477137,0.7137176938369781,0.09741550695825049,503
61072,0.21843003412969283,0.6996587030716723,0.08191126279863481,293
61073,0.25316455696202533,0.6421940928270042,0.10464135021097046,1185
61074,0.23326167076167076,0.6620085995085995,0.10472972972972973,6512
61075,0.23208722741433022,0.6781931464174454,0.08971962616822429,9630
61076,0.25,0.6793103448275862,0.0706896551724138,580
61077,0.21734153670052941,0.6740592359421949,0.10859922735727572,6989
61078,0.17659352142110762,0.6588296760710554,0.164576802507837,13398
61079,0.16981132075471697,0.7049742710120068,0.12521440823327615,583
61080,0.1718875502008032,0.6875502008032128,0.14056224899598393,1245
61081,0.18093530554310475,0.6865381742118631,0.13252652024503211,6693
61082,0.20177079436338696,0.6611796982167353,0.1370495074198778,8019
61083,0.18286316899551805,0.6355918797785394,0.18154495122594252,18965
61084,0.21008403361344538,0.7044817927170869,0.08543417366946779,1428
61085,0.18485523385300667,0.7063315303849825,0.10881323576201082,3143
61086,0.22857142857142856,0.6600732600732601,0.11135531135531136,1365
61087,0.20373782574361674,0.69018162674388,0.10608054751250329,7598
61088,0.20791311093871218,0.6734678044996121,0.11861908456167572,12890
61089,0.19852141769949988,0.6790606653620352,0.12241791693846488,4599
61090,0.21190629701268,0.6842897055663013,0.1038039974210187,4653
61091,0.1952712100139082,0.6835883171070932,0.12114047287899861,7190
61092,0.21138535031847133,0.6831210191082803,0.10549363057324841,7536
61093,0.22603978300180833,0.6292947558770343,0.14466546112115733,553
61094,0.1927677069706597,0.6854793496542703,0.12175294337507007,10702
61095,0.18314661471018023,0.6829030686799805,0.13395031660983925,4106
61096,0.30357142857142855,0.626984126984127,0.06944444444444445,504
61097,0.2065698041692988,0.6683512318382817,0.12507896399241947,1583
61098,0.20282648521329494,0.6741690656896101,0.123004449097095,3821
61099,0.2478806907378336,0.6582417582417582,0.09387755102040816,6370
61100,0.17424583520936515,0.6834759117514633,0.14227825303917155,4442
61101,0.2276384287742546,0.6753431140558448,0.09701845716990061,2113
61102,0.19121396352225928,0.7091586585605021,0.09962737791723868,5099
61103,0.3017699115044248,0.6035398230088496,0.09469026548672567,3390
61104,0.1955930359085963,0.691512513601741,0.11289445048966268,3676
62001,0.1853591700919945,0.6427872382070855,0.17185359170091993,5109
62002,0.199203187250996,0.6425725668753557,0.15822424587364825,1757
62003,0.22593320235756384,0.6741509963513893,0.09991580129104687,3563
62004,0.2003610108303249,0.6522262334536703,0.14741275571600482,1662
62005,0.18287243532560213,0.7145405887600357,0.10258697591436218,1121
62006,0.1782178217821782,0.6356435643564357,0.18613861386138614,505
62007,0.3267515923566879,0.5726114649681529,0.10063694267515924,1570
62008,0.16514282622808915,0.6224572603332612,0.21239991343864964,36968
62009,0.205158264947245,0.6846424384525205,0.11019929660023446,853
62010,0.21936056838365897,0.6865008880994672,0.0941385435168739,1126
62011,0.2324955116696589,0.6508078994614004,0.11669658886894076,1114
62012,0.17814726840855108,0.6633016627078385,0.15855106888361045,1684
62013,0.22304283604135894,0.6425406203840472,0.1344165435745938,677
62014,0.2466281310211946,0.6339113680154143,0.11946050096339114,1038
62015,0.30919540229885056,0.6080459770114942,0.08275862068965517,870
62016,0.235,0.6716666666666666,0.09333333333333334,600
62017,0.3088235294117647,0.6049019607843137,0.08627450980392157,1020
62018,0.23398692810457516,0.6627450980392157,0.10326797385620914,765
62019,0.18017456359102244,0.655860349127182,0.1639650872817955,1604
62020,0.3812785388127854,0.5365296803652968,0.0821917808219178,876
62021,0.21294851794071762,0.6536661466458659,0.13338533541341654,1282
62022,0.2060425953442298,0.6438831104507182,0.150074294205052,2019
62023,0.212109375,0.630859375,0.15703125,2560
62024,0.2546583850931677,0.6173913043478261,0.12795031055900621,1610
62025,0.24754901960784315,0.6256127450980392,0.12683823529411764,1632
62026,0.24922480620155038,0.6717054263565891,0.07906976744186046,2580
62027,0.21875,0.6584821428571429,0.12276785714285714,1792
62028,0.23424124513618677,0.666147859922179,0.09961089494163425,1285
62029,0.23907225691347012,0.639607493309545,0.12132024977698483,2242
62030,0.19003868471953578,0.6513539651837524,0.15860735009671179,2068
62031,0.25149700598802394,0.6516966067864272,0.0968063872255489,1002
62032,0.21232876712328766,0.7315068493150685,0.056164383561643834,730
62033,0.2982456140350877,0.6008771929824561,0.10087719298245613,684
62034,0.2409739714525609,0.6347607052896725,0.12426532325776658,1191
62035,0.1915367483296214,0.6681514476614699,0.1403118040089087,1347
62036,0.27184466019417475,0.6343042071197411,0.09385113268608414,309
62037,0.22793190416141235,0.6371374527112232,0.13493064312736444,3172
62038,0.22323117669315173,0.6712069617858494,0.10556186152099886,2643
62039,0.20651242502142245,0.6315338474721508,0.16195372750642673,1167
62040,0.208955223880597,0.6658374792703151,0.1252072968490879,2412
62041,0.25887445887445887,0.5774891774891775,0.16363636363636364,1155
62042,0.263671875,0.625,0.111328125,1024
62043,0.1911563780896783,0.6537076139609986,0.15513600794932306,8051
62044,0.2680876613629541,0.6076253377364155,0.12428700090063044,3331
62045,0.29008232065856526,0.6029008232065857,0.10701685613484908,2551
62046,0.2306149732620321,0.6844919786096256,0.08489304812834225,1496
62047,0.16651904340124005,0.7218777679362267,0.11160318866253321,1129
62048,0.1796157059314954,0.6591478696741855,0.16123642439431912,1197
62049,0.22848360655737704,0.6536885245901639,0.11782786885245902,976
62050,0.24057315233785823,0.6304675716440422,0.12895927601809956,1326
62051,0.3299492385786802,0.5710659898477157,0.09898477157360407,394
62052,0.213089802130898,0.6352105530187722,0.15169964485032977,1971
62053,0.19177253478523895,0.6727162734422263,0.1355111917725348,1653
62054,0.19461827284105132,0.6670838548185232,0.13829787234042554,1598
62055,0.2100456621004566,0.6358447488584474,0.1541095890410959,876
62056,0.24076281287246723,0.6221692491060786,0.13706793802145412,839
62057,0.26868808165716,0.6043230261182828,0.1269888922245572,3331
62058,0.1601537475976938,0.6278026905829597,0.21204356181934658,6244
62059,0.29521410579345087,0.6025188916876574,0.10226700251889169,1985
62060,0.18843683083511778,0.6879014989293362,0.12366167023554604,1868
62061,0.18811188811188811,0.6748251748251748,0.13706293706293707,1430
62062,0.24446142093200918,0.6317799847211611,0.12375859434682965,1309
62063,0.20260223048327136,0.6654275092936803,0.13197026022304834,538
62064,0.23008455718736093,0.6101468624833111,0.159768580329328,2247
62065,0.20298879202988793,0.6836861768368617,0.1133250311332503,803
62066,0.1821705426356589,0.6453488372093024,0.17248062015503876,516
62067,0.1580105633802817,0.6553697183098591,0.18661971830985916,2272
62068,0.20204498977505111,0.6826175869120654,0.11533742331288344,2445
62069,0.22113821138211381,0.6227642276422765,0.15609756097560976,615
62070,0.23177710843373495,0.6368975903614458,0.13132530120481928,6640
62071,0.15243445692883895,0.6940074906367041,0.15355805243445692,2670
62072,0.2156398104265403,0.6445497630331753,0.13981042654028436,422
62073,0.20536855560289732,0.6352790796761824,0.15935236472092032,2347
62074,0.16275597269624573,0.6401450511945392,0.197098976109215,4688
62075,0.24293193717277486,0.6858638743455497,0.0712041884816754,955
62076,0.22530009233610343,0.65466297322253,0.12003693444136658,2166
62077,0.226696083838941,0.63430777716492,0.138996138996139,1813
62078,0.26331360946745563,0.5739644970414202,0.16272189349112426,338
63001,0.21210707023567452,0.6824227474249142,0.10547018233941131,29999
63002,0.2430215214148732,0.6690460970239364,0.08793238156119043,28158
63003,0.22572402044293016,0.6607751277683135,0.1135008517887564,4696
63004,0.2155663362159882,0.6781269774309218,0.10630668635309007,4741
63005,0.22877446702406184,0.6868220920084778,0.08440344096746041,16042
63006,0.20420093807355041,0.6675956767045068,0.12820338522194277,14711
63007,0.1821984273046679,0.6968378785343818,0.1209636941609503,5977
63008,0.2336352256829394,0.6688756350784184,0.09748913923864222,13581
63009,0.1985378991919969,0.6883416698730281,0.113120430934975,5198
63010,0.21418110812789845,0.6764705882352942,0.10934830363680742,8194
63011,0.23493683187560738,0.6890184645286687,0.076044703595724,16464
63012,0.21047573282075924,0.6802819157456351,0.10924235143360564,6243
63013,0.20684143222506393,0.6656010230179028,0.12755754475703324,3128
63014,0.1925069748903946,0.6594260661618174,0.14806695894778796,5018
63015,0.17857142857142858,0.6785714285714286,0.14285714285714285,1484
63016,0.23074707125024005,0.6787017476473978,0.09055118110236221,10414
63017,0.19984136261167237,0.7045169908992235,0.09564164648910412,23954
63018,0.13846954711087975,0.6996356064549714,0.1618948464341489,1921
63019,0.1660892602404728,0.6873853678418586,0.14652537191766862,4907
63020,0.23796998298004024,0.677084945071948,0.08494507194801176,6463
63021,0.21003337280654538,0.6982452363010012,0.09172139089245344,9289
63022,0.25856531049250536,0.6622055674518201,0.07922912205567452,1868
63023,0.208526437750158,0.6893301032230883,0.10214345902675374,37976
63024,0.19503496307113372,0.6586817939285012,0.14628324300036508,35609
63025,0.20652980460054415,0.6856294830571358,0.10784071234232005,4043
63026,0.2035921585806593,0.6724345635746358,0.12397327784470485,9131
63027,0.2071379547014413,0.659025394646534,0.1338366506520247,7285
63028,0.19031639501438158,0.6538830297219559,0.1558005752636625,4172
63029,0.21796071094480823,0.6379794200187091,0.14405986903648269,1069
63030,0.23596539665010124,0.6926191790907418,0.071415424259157,5433
63031,0.17695818198751978,0.6749557604545031,0.1480860575579771,10737
63032,0.22594276202061592,0.6276330110762532,0.1464242269031308,15619
63033,0.22884990253411305,0.6835607537361923,0.08758934372969461,7695
63034,0.20339403562745,0.6860847847301477,0.1105211796424023,60459
63035,0.20023051802522893,0.6718960107575078,0.12787347121726325,15617
63036,0.23499770957398075,0.6535730645900137,0.1114292258360055,8732
63037,0.18772650398647017,0.6590964000966417,0.15317709591688813,12417
63038,0.1969439728353141,0.6584040747028862,0.14465195246179965,2945
63039,0.22544283413848631,0.6988727858293076,0.07568438003220612,3105
63040,0.18843683083511778,0.6349036402569593,0.1766595289079229,934
63041,0.1973469941647442,0.6834034468720315,0.11924955896322431,29476
63042,0.19351018474656562,0.6601136901942207,0.14637612505921363,4222
63043,0.18790664358622336,0.6567778905270698,0.15531546588670686,16753
63044,0.20825872873769025,0.6825201432408237,0.10922112802148612,8936
63045,0.2123234144875263,0.7053201082055907,0.08235647730688307,16635
63046,0.16922455573505654,0.6641760904684976,0.1665993537964459,4952
63047,0.2190448113207547,0.6647995283018868,0.11615566037735849,6784
63048,0.19368504292815183,0.6992769995481247,0.10703795752372346,17704
63049,0.20129443671935493,0.6401421326382104,0.15856343064243467,493342
63050,0.18903919528269164,0.6381745205886725,0.17278628412863584,20181
63051,0.2036278995103941,0.6571153383096556,0.13925676217995023,12459
63052,0.22217973231357552,0.6488527724665392,0.12896749521988526,10460
63053,0.16685233320955564,0.6675331105334819,0.1656145562569625,8079
63054,0.21063960639606397,0.7158671586715867,0.07349323493234933,3252
63055,0.2258438120450033,0.6765387160820648,0.09761747187293184,12088
63056,0.1773470273397946,0.68595399971069,0.1366989729495154,6913
63057,0.18651636678950792,0.6583134619553436,0.15517017125514848,23065
63058,0.2026794669723456,0.6485886230118928,0.14873191001576158,13958
63059,0.18441524903967205,0.6257787533490429,0.18980599761128505,30979
63060,0.2008502368516944,0.6661727195433014,0.13297704360500426,41165
63061,0.18412551915089986,0.6585140747577296,0.15736040609137056,6501
63062,0.22975855302448597,0.6928589710775531,0.07738247589796092,11721
63063,0.2037912451545807,0.6897040748794554,0.10650467996596388,21154
63064,0.23153840168080306,0.656952766321687,0.11150883199750992,25702
63065,0.21187759336099585,0.6867219917012448,0.10140041493775934,3856
63066,0.22811326206298757,0.6336318982952904,0.13825483964172205,6922
63067,0.18736462093862816,0.6539109506618532,0.15872442839951864,24930
63068,0.22854460093896714,0.6459467918622849,0.12550860719874804,15975
63069,0.18851674641148325,0.6354066985645933,0.17607655502392344,2090
63070,0.18540856031128405,0.6284046692607004,0.18618677042801557,5140
63071,0.16811183861263493,0.6512121748363121,0.1806759865510529,5651
63072,0.20190745319675027,0.6681031437654539,0.12998940303779583,14155
63073,0.24010717230008244,0.6727809837867545,0.08711184391316296,14556
63074,0.21798289969660753,0.6890686770249149,0.09294842327847752,10877
63075,0.1873103448275862,0.664,0.14868965517241378,3625
63076,0.20487335684514268,0.6542695308325318,0.14085711232232553,9357
63077,0.18281000532197977,0.6514103246407663,0.16577967003725386,3758
63078,0.18271221532091098,0.7101449275362319,0.10714285714285714,1932
63079,0.201483449573785,0.6734750359791875,0.12504151444702757,18066
63080,0.17417726252804785,0.6485602094240838,0.17726252804786835,10696
63081,0.23422354104846688,0.6763600395647873,0.0894164193867458,5055
63082,0.22483674848007207,0.6828417023192974,0.09232154920063049,8882
63083,0.19422358463454353,0.678082191780822,0.12769422358463453,20878
63084,0.21931584896085624,0.661199916960764,0.11948423407837981,43353
63085,0.18,0.7078048780487805,0.11219512195121951,2050
63086,0.19419713831478538,0.6649443561208267,0.14085850556438792,12580
63087,0.19925869120654396,0.6918456032719836,0.10889570552147239,15648
63088,0.2229798840777361,0.6624616433685646,0.11455847255369929,2933
63089,0.195864312267658,0.698497521685254,0.10563816604708798,12912
63090,0.21496913580246912,0.6896604938271605,0.09537037037037037,6480
63091,0.16928411176830513,0.6726493983275545,0.15806648990414032,4903
63092,0.21428571428571427,0.7060439560439561,0.07967032967032966,2548
64001,0.16373801916932906,0.6805111821086262,0.15575079872204473,2504
64002,0.1858813700918964,0.6950710108604845,0.11904761904761904,2394
64003,0.25908372827804105,0.631911532385466,0.10900473933649289,1266
64004,0.2295684113865932,0.6584022038567493,0.11202938475665748,1089
64005,0.22910326279283744,0.6284945856040767,0.14240215160308586,14129
64006,0.16484667165295439,0.6656694091249065,0.16948391922213912,6685
64007,0.21813031161473087,0.6650686424057529,0.11680104597951624,4589
64008,0.14701630049610206,0.6031467044649185,0.24983699503897944,35275
64009,0.18949435444280804,0.6971035837015218,0.1134020618556701,2037
64010,0.18230277185501065,0.6371712864250177,0.18052594171997158,2814
64011,0.23337134169517293,0.6278981375902699,0.13873052071455722,2631
64012,0.21199442119944212,0.6722454672245467,0.11576011157601115,1434
64013,0.3782608695652174,0.5173913043478261,0.10434782608695652,230
64014,0.2668428005284016,0.6129458388375165,0.1202113606340819,1514
64015,0.24393203883495146,0.6265169902912622,0.12955097087378642,3296
64016,0.22598870056497175,0.6680790960451978,0.1059322033898305,708
64017,0.2120092378752887,0.6452655889145497,0.14272517321016168,2165
64018,0.1953551912568306,0.6693989071038251,0.13524590163934427,1464
64019,0.23102310231023102,0.6435643564356436,0.1254125412541254,909
64020,0.2588011417697431,0.6355851569933397,0.10561370123691723,1051
64021,0.211340206185567,0.6718213058419243,0.11683848797250859,582
64022,0.2072192513368984,0.6818181818181818,0.11096256684491979,748
64023,0.2591125198098257,0.6164817749603804,0.12440570522979398,1262
64024,0.2197265625,0.6474609375,0.1328125,1024
64025,0.18342776203966005,0.6719192634560907,0.1446529745042493,5648
64026,0.17410161090458487,0.6716232961586122,0.15427509293680297,1614
64027,0.17337461300309598,0.6625386996904025,0.16408668730650156,323
64028,0.2055393586005831,0.7018950437317785,0.09256559766763849,1372
64029,0.20342857142857143,0.6777142857142857,0.11885714285714286,1750
64030,0.23576423576423577,0.6103896103896104,0.15384615384615385,1001
64031,0.2003610108303249,0.6823104693140795,0.11732851985559567,1108
64032,0.23264852859522486,0.6368684064408662,0.13048306496390893,1801
64033,0.21229637414608513,0.6195480819758277,0.16815554387808723,1903
64034,0.21918720852764823,0.6842105263157895,0.0966022651565623,3002
64035,0.21259198691741618,0.6672117743254292,0.12019623875715454,2446
64036,0.1982142857142857,0.6410714285714286,0.16071428571428573,2240
64037,0.3,0.6244444444444445,0.07555555555555556,450
64038,0.2083752768270586,0.6527078719549023,0.13891685121803907,4967
64039,0.18614357262103506,0.6502504173622704,0.1636060100166945,1198
64040,0.2679425837320574,0.6076555023923444,0.12440191387559808,1254
64041,0.18473380372033354,0.6382296343810134,0.177036561898653,1559
64042,0.19076923076923077,0.6697435897435897,0.13948717948717948,975
64043,0.18263205013428827,0.6235452103849597,0.19382273948075202,2234
64044,0.2063766683143846,0.6544735541275334,0.13914977755808206,4046
64045,0.16133518776077885,0.674547983310153,0.16411682892906815,719
64046,0.17853705486044275,0.6814244465832531,0.14003849855630413,2078
64047,0.14631782945736435,0.7160852713178295,0.1375968992248062,1032
64048,0.2599337748344371,0.6672185430463576,0.0728476821192053,1208
64049,0.14861427232561253,0.6332842415316642,0.21810148614272326,7469
64050,0.19708351745470615,0.6604065399911622,0.14250994255413169,4526
64051,0.2824427480916031,0.6374045801526718,0.08015267175572519,262
64052,0.24371859296482412,0.6340033500837521,0.12227805695142378,2388
64053,0.2206439393939394,0.6742424242424242,0.10511363636363637,2112
64054,0.14970405659015446,0.6717193590298831,0.17857658437996246,6927
64055,0.18357142857142858,0.7007142857142857,0.11571428571428571,1400
64056,0.2184873949579832,0.6326530612244898,0.148859543817527,833
64057,0.23095772922197264,0.6320196038390852,0.13702266693894222,4897
64058,0.25671321160042965,0.6605800214822771,0.08270676691729323,1862
64059,0.19714964370546317,0.6588479809976246,0.14400237529691212,3368
64060,0.24583333333333332,0.6833333333333333,0.07083333333333333,480
64063,0.28554641598119856,0.6227967097532315,0.09165687426556991,851
64064,0.18406889128094725,0.7395048439181916,0.07642626480086114,929
64065,0.18862733109140936,0.6630999694283094,0.14827269948028127,3271
64066,0.24113475177304963,0.6558417319895483,0.10302351623740201,2679
64067,0.16919393455706305,0.6664006384676776,0.16440542697525937,1253
64068,0.17873100983020554,0.6818588025022342,0.13941018766756033,1119
64069,0.21497584541062803,0.6280193236714976,0.1570048309178744,414
64070,0.2174757281553398,0.6284789644012945,0.1540453074433657,1545
64071,0.27325581395348836,0.686046511627907,0.040697674418604654,172
64072,0.20527156549520767,0.6230031948881789,0.17172523961661343,1252
64073,0.22916666666666666,0.680921052631579,0.08991228070175439,912
64074,0.18796992481203006,0.6871023713128976,0.1249277038750723,1729
64075,0.181140350877193,0.6842105263157895,0.13464912280701755,2280
64076,0.16956521739130434,0.6869565217391305,0.14347826086956522,1150
64077,0.19651741293532338,0.6782752902155887,0.1252072968490879,1206
64078,0.18550106609808104,0.7007818052594172,0.11371712864250177,1407
64079,0.22530329289428075,0.6395147313691508,0.13518197573656845,577
64080,0.1786703601108033,0.6348107109879964,0.18651892890120036,2166
64081,0.15495867768595042,0.6611570247933884,0.18388429752066116,484
64082,0.22872340425531915,0.6582446808510638,0.11303191489361702,752
64083,0.1822608695652174,0.6897391304347826,0.128,2875
64084,0.16524590163934427,0.7042622950819672,0.13049180327868853,1525
64085,0.18884892086330934,0.5971223021582733,0.21402877697841727,556
64086,0.20788177339901479,0.6295566502463055,0.1625615763546798,1015
64087,0.27537593984962405,0.6231203007518797,0.10150375939849623,1064
64088,0.25947187141216993,0.6452353616532721,0.09529276693455797,871
64089,0.17248255234297108,0.6360917248255235,0.1914257228315055,1003
64090,0.2462686567164179,0.625,0.1287313432835821,536
64091,0.23542600896860988,0.679372197309417,0.08520179372197309,446
64092,0.2350396539293439,0.6452775775054074,0.11968276856524873,2774
64093,0.2467866323907455,0.6015424164524421,0.15167095115681234,778
64095,0.19328956965718452,0.6790663749088257,0.1276440554339898,1371
64096,0.26425591098748263,0.631432545201669,0.1043115438108484,719
64097,0.2665847665847666,0.6253071253071253,0.10810810810810811,814
64098,0.24208566108007448,0.6536312849162011,0.1042830540037244,537
64099,0.23931237276634246,0.6471386564125763,0.1135489708210812,4421
64100,0.15466351829988192,0.6912632821723731,0.15407319952774498,1694
64101,0.21259175607001693,0.6730660643704122,0.11434217955957086,7084
64102,0.19210526315789472,0.6631578947368421,0.14473684210526316,380
64103,0.17587476979742173,0.6892265193370166,0.13489871086556168,2172
64104,0.20469973890339427,0.6475195822454308,0.14778067885117493,1915
64105,0.1813627254509018,0.6613226452905812,0.15731462925851702,998
64106,0.2359882005899705,0.6361848574237955,0.127826941986234,1017
64107,0.1697216564833673,0.6625933469110659,0.16768499660556688,1473
64108,0.2537037037037037,0.6166666666666667,0.12962962962962962,1080
64109,0.2236842105263158,0.6812865497076024,0.09502923976608187,1368
64110,0.18354430379746836,0.7139240506329114,0.10253164556962026,790
64111,0.22962962962962963,0.6814814814814815,0.08888888888888889,270
64112,0.272875816993464,0.5980392156862745,0.12908496732026145,612
64113,0.19408502772643252,0.6617375231053605,0.14417744916820702,541
64114,0.22986577181208054,0.616331096196868,0.15380313199105144,1788
64115,0.24114285714285713,0.6422857142857142,0.11657142857142858,875
64116,0.19273927392739273,0.6013201320132013,0.20594059405940593,1515
64117,0.1835334476843911,0.660377358490566,0.15608919382504288,583
64118,0.2481549815498155,0.6632841328413284,0.08856088560885608,1084
64119,0.2633973710819009,0.6425682507583418,0.09403437815975733,1978
64120,0.24285714285714285,0.6506493506493507,0.10649350649350649,770
64121,0.20161845730027547,0.6918044077134986,0.1065771349862259,11616
65001,0.20978260869565218,0.7195652173913043,0.07065217391304347,1840
65002,0.16448891211827074,0.6472037631598596,0.18830732472186965,13393
65003,0.23457658925639222,0.66385174759559,0.10157166314801783,4263
65004,0.23776223776223776,0.6870629370629371,0.07517482517482517,572
65005,0.2254259501965924,0.6566186107470511,0.11795543905635648,4578
65006,0.16855565242662016,0.6733507701249637,0.15809357744841615,3441
65007,0.186696030832374,0.6692026627959358,0.14410130637169027,19979
65008,0.23178137651821862,0.6417004048582996,0.12651821862348178,988
65009,0.21364764267990075,0.6364764267990074,0.1498759305210918,4030
65010,0.22715894868585731,0.6514392991239049,0.1214017521902378,1598
65011,0.19705340699815838,0.6574585635359116,0.14548802946593,543
65012,0.22544951590594745,0.6887966804979253,0.08575380359612725,1446
65013,0.1803022915650902,0.6349098000975134,0.1847879083373964,10255
65014,0.19144052073834156,0.6520864123769693,0.15647306688468915,31801
65015,0.2528957528957529,0.6312741312741312,0.11583011583011583,518
65016,0.18792341678939617,0.6727540500736378,0.13932253313696613,3395
65017,0.25260257195345986,0.6313533374157991,0.11604409063074096,3266
65018,0.22395833333333334,0.6712239583333334,0.10481770833333333,1536
65019,0.25731981981981983,0.643581081081081,0.0990990990990991,1776
65020,0.21621621621621623,0.661036036036036,0.12274774774774774,888
65021,0.2447104082068818,0.6426586877537935,0.11263090403932464,4679
65022,0.19764728757534514,0.6822866031499125,0.12006610927474237,10286
65023,0.2899628252788104,0.5241635687732342,0.18587360594795538,269
65024,0.2127329192546584,0.6801242236024845,0.10714285714285714,644
65025,0.21933443344334433,0.6581408140814081,0.12252475247524752,14544
65026,0.21961325966850828,0.6947513812154696,0.0856353591160221,724
65027,0.34120171673819744,0.6008583690987125,0.05793991416309013,932
65028,0.18797415004214668,0.6670413037370048,0.14498454622084855,3559
65029,0.2711993888464477,0.6157372039724981,0.11306340718105425,1309
65030,0.2697715289982425,0.6151142355008787,0.11511423550087874,1138
65031,0.18606701940035272,0.6631393298059964,0.15079365079365079,5670
65032,0.1969439728353141,0.6949632144878325,0.10809281267685342,1767
65033,0.28157894736842104,0.6368421052631579,0.08157894736842106,380
65034,0.16341756919374248,0.6927797833935018,0.14380264741275572,8310
65035,0.21140731556106634,0.6453812771233726,0.14321140731556106,1613
65036,0.1866977829638273,0.690781796966161,0.12252042007001167,857
65037,0.1934525752333703,0.6396631633918664,0.16688426137476337,30638
65038,0.20775862068965517,0.7,0.09224137931034483,1160
65039,0.20417961027958204,0.6777746399322225,0.11804574978819543,3541
65040,0.22072348252605764,0.65113427345187,0.12814224402207236,1631
65041,0.2681105302464526,0.6153846153846154,0.11650485436893204,1339
65042,0.25868263473053893,0.6479041916167665,0.09341317365269461,835
65043,0.2204433497536946,0.7130541871921182,0.0665024630541872,2436
65044,0.2290748898678414,0.6167400881057269,0.15418502202643172,454
65045,0.2469775474956822,0.5837651122625216,0.1692573402417962,579
65046,0.16464237516869096,0.6923076923076923,0.14304993252361672,2223
65047,0.21267893660531698,0.6468984321745058,0.14042263122017723,1467
65048,0.20618556701030927,0.6314432989690721,0.16237113402061856,388
65049,0.2,0.664,0.136,375
65050,0.21231711466485198,0.6502636951343994,0.13741919020074855,23512
65051,0.22196531791907514,0.6450867052023121,0.1329479768786127,865
65052,0.17729083665338646,0.649402390438247,0.17330677290836655,8534
65053,0.18629550321199143,0.7109207708779444,0.10278372591006424,467
65054,0.24195624195624196,0.6216216216216216,0.1364221364221364,777
65055,0.19561068702290077,0.678117048346056,0.12627226463104327,3144
65056,0.2056795131845842,0.6915483434753211,0.10277214334009466,7395
65057,0.19461444308445533,0.6793145654834761,0.12607099143206854,817
65058,0.22208883553421369,0.6506602641056423,0.12725090036014405,833
65059,0.1447562776957164,0.654357459379616,0.20088626292466766,677
65060,0.19865771812080538,0.6657718120805369,0.13557046979865772,745
65061,0.2222222222222222,0.6505050505050505,0.12727272727272726,990
65062,0.1925343811394892,0.6601178781925344,0.14734774066797643,509
65063,0.24604966139954854,0.6738148984198645,0.08013544018058691,886
65064,0.22695035460992907,0.7106382978723405,0.062411347517730496,705
65065,0.29321663019693656,0.5995623632385121,0.10722100656455143,457
65066,0.20176376269374666,0.6571352218065206,0.14110101549973275,3742
65067,0.20065043109968234,0.6548177280290425,0.14453184087127516,13222
65068,0.17621621621621622,0.6756756756756757,0.14810810810810812,1850
65069,0.17998317914213624,0.6156433978132885,0.2043734230445753,1189
65070,0.28349178910976663,0.6292134831460674,0.08729472774416594,1157
65071,0.1888633754305396,0.6607347876004592,0.15040183696900114,1742
65072,0.1640203714799281,0.7085080886758538,0.1274715398442181,6676
65073,0.22112211221122113,0.6806600660066007,0.09821782178217822,7575
65074,0.21288515406162464,0.6526610644257703,0.13445378151260504,357
65075,0.2807017543859649,0.6208576998050682,0.09844054580896686,1026
65076,0.2316096139839767,0.6671522214129643,0.101238164603059,4119
65077,0.27970297029702973,0.6287128712871287,0.09158415841584158,404
65078,0.18484769591252279,0.6477107896009224,0.16744151448655484,26887
65079,0.1890568447945497,0.6810020580512384,0.1299410971542119,14091
65080,0.20730897009966778,0.6445182724252492,0.14817275747508304,1505
65081,0.1980392156862745,0.6718954248366014,0.1300653594771242,1530
65082,0.20702448676725205,0.6856294830571358,0.10734603017561217,4043
65083,0.22566371681415928,0.666130329847144,0.1082059533386967,2486
65084,0.22693032015065914,0.7033898305084746,0.0696798493408663,1062
65085,0.30749014454664914,0.5650459921156373,0.12746386333771353,761
65086,0.2926267281105991,0.5967741935483871,0.11059907834101383,434
65087,0.21709295071740486,0.6553337492202121,0.12757330006238304,3206
65088,0.20575186596377681,0.667832350331437,0.12641578370478626,19159
65089,0.22751524390243902,0.6791158536585366,0.09336890243902439,2624
65090,0.1681442524417731,0.639969947407964,0.19188580015026296,6655
65091,0.2102127659574468,0.6553191489361702,0.13446808510638297,1175
65092,0.21875,0.6734375,0.1078125,640
65093,0.24407582938388625,0.6161137440758294,0.13981042654028436,422
65094,0.23224043715846995,0.6666666666666666,0.10109289617486339,732
65095,0.21889400921658986,0.630184331797235,0.15092165898617513,868
65096,0.21331236897274633,0.6210691823899371,0.16561844863731656,1908
65097,0.22968515742128937,0.6362818590704648,0.13403298350824588,3335
65098,0.22681067344345615,0.6130876747141042,0.16010165184243966,1574
65099,0.19345220347068998,0.6668853241099648,0.1396624724193452,16769
65100,0.19490586932447398,0.7006275378368402,0.10446659283868587,2709
65101,0.23938506588579794,0.6844802342606149,0.07613469985358712,1366
65102,0.2378606615059817,0.6403940886699507,0.12174524982406756,1421
65103,0.16569767441860464,0.7165697674418605,0.11773255813953488,688
65104,0.1944922547332186,0.6689615605278256,0.13654618473895583,1743
65105,0.30012610340479196,0.5687263556116016,0.13114754098360656,793
65106,0.2337140439932318,0.6404399323181049,0.1258460236886633,4728
65107,0.2397003745318352,0.6769662921348315,0.08333333333333333,1068
65108,0.1854432830042586,0.6562137049941928,0.1583430120015486,5166
65109,0.24114285714285713,0.6571428571428571,0.10171428571428572,875
65110,0.25,0.640625,0.109375,256
65111,0.24175824175824176,0.676923076923077,0.08131868131868132,455
65112,0.2047713717693837,0.7157057654075547,0.07952286282306163,503
65113,0.3374233128834356,0.5613496932515337,0.10122699386503067,326
65114,0.20279810037222437,0.6675651392632524,0.12963676036452318,7791
65115,0.18167202572347266,0.6905144694533762,0.12781350482315113,1244
65116,0.15896503265272383,0.580946869944142,0.2600880974031342,84679
65117,0.29512893982808025,0.6160458452722063,0.08882521489971347,349
65118,0.19443772672309553,0.6735187424425635,0.132043530834341,4135
65119,0.2266839378238342,0.6420552677029361,0.13126079447322972,2316
65120,0.26905352711804326,0.6100673520028359,0.12087912087912088,2821
65121,0.1357142857142857,0.7012987012987013,0.16298701298701299,1540
65122,0.21610169491525424,0.6769882659713168,0.10691003911342895,6136
65123,0.22151898734177214,0.6218354430379747,0.15664556962025317,632
65124,0.2603092783505155,0.6365979381443299,0.10309278350515463,388
65125,0.2003780718336484,0.6720226843100189,0.1275992438563327,1058
65126,0.21769383697813122,0.7067594433399602,0.07554671968190854,1006
65127,0.2495274102079395,0.6346880907372401,0.11578449905482041,2116
65128,0.2809278350515464,0.5567010309278351,0.16237113402061856,388
65129,0.1660919540229885,0.6683908045977012,0.16551724137931034,1740
65130,0.21067139200630045,0.6855680252018114,0.10376058279188817,5079
65131,0.3096774193548387,0.6096774193548387,0.08064516129032258,310
65132,0.2132872624469923,0.6942044919114182,0.09250824564158945,6367
65133,0.24775583482944344,0.6463195691202872,0.1059245960502693,1671
65134,0.1733457595526561,0.6542404473438956,0.1724137931034483,4292
65135,0.21927604797007372,0.6639344262295082,0.11678952580041808,18178
65136,0.2250814332247557,0.6553745928338762,0.11954397394136808,3070
65137,0.19027377521613834,0.6729827089337176,0.1367435158501441,27760
65138,0.20641282565130262,0.6743486973947895,0.11923847695390781,998
65139,0.2722772277227723,0.6287128712871287,0.09900990099009901,202
65140,0.20733249051833122,0.7016434892541087,0.09102402022756005,2373
65141,0.2127906976744186,0.6883720930232559,0.09883720930232558,860
65142,0.17987643424536628,0.6813768755516328,0.13874669020300087,5665
65143,0.20187353629976582,0.7044496487119438,0.0936768149882904,2135
65144,0.26422764227642276,0.6036585365853658,0.13211382113821138,492
65145,0.20970873786407768,0.6601941747572816,0.13009708737864079,515
65146,0.23452157598499063,0.6333124869710236,0.13216593704398583,4797
65147,0.15867768595041323,0.6950413223140496,0.14628099173553719,1210
65148,0.23809523809523808,0.6556776556776557,0.10622710622710622,819
65149,0.21228203184230476,0.6694465504169825,0.11827141774071266,1319
65150,0.2716417910447761,0.5970149253731343,0.13134328358208955,335
65151,0.24046692607003892,0.6712062256809338,0.08832684824902724,2570
65152,0.2055299539170507,0.6847926267281106,0.10967741935483871,1085
65153,0.20408163265306123,0.6173469387755102,0.17857142857142858,196
65154,0.17305545217714924,0.619464086341645,0.2074804614812058,5374
65155,0.23063063063063063,0.6837837837837838,0.08558558558558559,1110
65156,0.17902097902097902,0.6587412587412588,0.16223776223776223,2145
65157,0.18570488927866696,0.6584082438061829,0.1558868669151502,4561
65158,0.21079216459282987,0.6888012812615498,0.1004065541456203,8117
66001,0.236,0.668,0.096,250
66002,0.20465116279069767,0.6353488372093024,0.16,1075
66003,0.15843023255813954,0.6438953488372093,0.19767441860465115,688
66004,0.15234375,0.6796875,0.16796875,256
66005,0.23422459893048128,0.6406417112299465,0.12513368983957218,935
66006,0.16002739824795414,0.634810195032265,0.2051624067197808,27739
66007,0.2510460251046025,0.6587633658763365,0.0901906090190609,2151
66008,0.21145374449339208,0.6850220264317181,0.10352422907488987,454
66009,0.15703125,0.7046875,0.13828125,1280
66010,0.25430210325047803,0.6252390057361377,0.12045889101338432,523
66011,0.40476190476190477,0.48214285714285715,0.1130952380952381,168
66012,0.22686945500633712,0.6375158428390367,0.13561470215462612,789
66013,0.231651376146789,0.6938073394495413,0.07454128440366972,872
66014,0.2605042016806723,0.6218487394957983,0.11764705882352941,119
66015,0.16045380875202594,0.6596434359805511,0.17990275526742303,617
66016,0.2596401028277635,0.6426735218508998,0.09768637532133675,389
66017,0.2434915773353752,0.6600306278713629,0.09647779479326186,653
66018,0.27411167512690354,0.5329949238578681,0.19289340101522842,197
66019,0.24025974025974026,0.672077922077922,0.08766233766233766,616
66020,0.2611801242236025,0.6127329192546583,0.12608695652173912,3220
66021,0.2743362831858407,0.6526548672566371,0.07300884955752213,452
66022,0.164021164021164,0.6772486772486772,0.15873015873015872,189
66023,0.24812030075187969,0.6741854636591479,0.07769423558897243,399
66024,0.21875,0.6875,0.09375,64
66025,0.19253380364491476,0.6984126984126984,0.10905349794238683,3402
66026,0.2514124293785311,0.615819209039548,0.1327683615819209,354
66027,0.17543859649122806,0.6535087719298246,0.17105263157894737,228
66028,0.14414029084687768,0.6541916167664671,0.20166809238665526,4676
66029,0.25508607198748046,0.6901408450704225,0.054773082942097026,639
66030,0.1574074074074074,0.8055555555555556,0.037037037037037035,108
66031,0.3181126331811263,0.589041095890411,0.0928462709284627,657
66032,0.2199116934909557,0.6336704173194702,0.14641788918957413,7021
66033,0.22756706753006475,0.667900092506938,0.10453283996299723,1081
66034,0.23462783171521034,0.6925566343042071,0.07281553398058252,618
66035,0.13733905579399142,0.6609442060085837,0.2017167381974249,233
66036,0.1982026959560659,0.7044433349975038,0.09735396904643036,2003
66037,0.3604060913705584,0.5482233502538071,0.09137055837563451,197
66038,0.2247557003257329,0.6368078175895765,0.13843648208469056,614
66039,0.17960088691796008,0.6696230598669624,0.15077605321507762,902
66040,0.31690140845070425,0.6056338028169014,0.07746478873239436,142
66041,0.16689280868385345,0.7001356852103121,0.13297150610583447,737
66042,0.14590747330960854,0.701067615658363,0.15302491103202848,281
66043,0.20853080568720378,0.6445497630331753,0.14691943127962084,211
66044,0.16831683168316833,0.6514851485148515,0.1801980198019802,505
66045,0.21839080459770116,0.6264367816091954,0.15517241379310345,174
66046,0.20670826833073322,0.6786271450858035,0.11466458658346333,1282
66047,0.17480719794344474,0.6786632390745502,0.14652956298200515,389
66048,0.2028985507246377,0.6287094547964113,0.168391994478951,1449
66049,0.14721906479049895,0.6012621016736566,0.2515188335358445,51026
66050,0.2019047619047619,0.6619047619047619,0.1361904761904762,1050
66051,0.24545228008970846,0.6548716670819835,0.09967605282830799,4013
66052,0.18664643399089528,0.6798179059180577,0.13353566009104703,659
66053,0.1977329974811083,0.6696053736356004,0.13266162888329136,2382
66054,0.16312056737588654,0.6534954407294833,0.1833839918946302,987
66055,0.25757575757575757,0.6098484848484849,0.13257575757575757,264
66056,0.23890577507598784,0.6522796352583586,0.1088145896656535,1645
66057,0.24550898203592814,0.6778443113772455,0.07664670658682635,835
66058,0.19543147208121828,0.6954314720812182,0.10913705583756345,394
66059,0.1306884480746791,0.6686114352392065,0.20070011668611434,857
66060,0.20795107033639143,0.6850152905198776,0.10703363914373089,327
66061,0.25249169435215946,0.627906976744186,0.11960132890365449,301
66062,0.21660649819494585,0.7015643802647413,0.08182912154031288,831
66063,0.32075471698113206,0.5714285714285714,0.1078167115902965,371
66064,0.2242846094354215,0.6720804331013148,0.10363495746326373,1293
66065,0.16546762589928057,0.6279547790339157,0.2065775950668037,973
66066,0.20425029515938606,0.6434474616292798,0.15230224321133412,847
66067,0.19770114942528735,0.7011494252873564,0.10114942528735632,435
66068,0.1680892974392646,0.6822061720288903,0.14970453053184504,1523
66069,0.23112868439971243,0.6376707404744788,0.13120057512580877,2782
66070,0.17912218268090155,0.6868327402135231,0.13404507710557534,843
66071,0.18624641833810887,0.6561604584527221,0.15759312320916904,1047
66072,0.16284807895664435,0.6943954881917519,0.1427564328516038,2837
66073,0.1723202170963365,0.6865671641791045,0.14111261872455902,737
66074,0.19186046511627908,0.6976744186046512,0.11046511627906977,344
66075,0.18737864077669902,0.6671844660194175,0.1454368932038835,5150
66076,0.24177396280400573,0.6409155937052933,0.11731044349070101,699
66077,0.18158168574401665,0.6654526534859522,0.1529656607700312,1922
66078,0.19202898550724637,0.5942028985507246,0.213768115942029,552
66079,0.21108742004264391,0.6908315565031983,0.09808102345415778,469
66080,0.19349593495934958,0.7121951219512195,0.0943089430894309,615
66081,0.1497326203208556,0.6417112299465241,0.20855614973262032,374
66082,0.16180371352785147,0.6357206012378426,0.20247568523430592,1131
66083,0.17142857142857143,0.6628571428571428,0.1657142857142857,175
66084,0.14565587734241908,0.6746166950596252,0.1797274275979557,1174
66085,0.21821561338289963,0.6472118959107807,0.13457249070631971,2690
66086,0.39759036144578314,0.46987951807228917,0.13253012048192772,83
66087,0.16045627376425856,0.6828897338403042,0.15665399239543726,1315
66088,0.16511627906976745,0.6767441860465117,0.15813953488372093,430
66089,0.2519280205655527,0.6735218508997429,0.07455012853470437,778
66090,0.1795774647887324,0.6654929577464789,0.15492957746478872,284
66091,0.1782178217821782,0.5742574257425742,0.24752475247524752,101
66092,0.27980702963473464,0.6299104066161269,0.09028256374913853,1451
66093,0.25767790262172285,0.6352059925093633,0.10711610486891386,1335
66094,0.2345679012345679,0.6493827160493827,0.11604938271604938,405
66095,0.15674222051479061,0.6323472915866308,0.21091048789857855,2603
66096,0.19187600213789419,0.6616782469267771,0.1464457509353287,1871
66097,0.2869198312236287,0.6624472573839663,0.05063291139240506,237
66098,0.1609817722432774,0.6419418877458942,0.19707634001082838,16623
66099,0.1912925783893526,0.6663658921723438,0.14234152943830364,4433
66100,0.3347826086956522,0.5173913043478261,0.14782608695652175,230
66101,0.19009433962264152,0.6759433962264151,0.1339622641509434,2120
66102,0.24332271502082822,0.6522911051212938,0.10438617985787797,4081
66103,0.21377672209026127,0.6603325415676959,0.12589073634204276,421
66104,0.2891566265060241,0.5301204819277109,0.18072289156626506,83
66105,0.15819209039548024,0.6299435028248588,0.211864406779661,354
66106,0.24115755627009647,0.6511254019292605,0.10771704180064309,622
66107,0.19736842105263158,0.6907894736842105,0.1118421052631579,456
66108,0.18600953895071543,0.6406995230524642,0.17329093799682035,629
67001,0.19405423064358052,0.6615485135576609,0.1443972557987586,9183
67002,0.22166785459729152,0.6657163221667854,0.11261582323592302,1403
67003,0.23559322033898306,0.6711864406779661,0.09322033898305085,590
67004,0.20994548597261004,0.6382130035899481,0.15184151043744182,7521
67005,0.1811637672465507,0.7000599880023995,0.1187762447510498,1667
67006,0.20554455445544553,0.6817821782178218,0.11267326732673268,5050
67007,0.22230950510604872,0.6849960722702279,0.09269442262372349,1273
67008,0.1975806451612903,0.6897177419354839,0.1127016129032258,4960
67009,0.2175249807840123,0.6694850115295926,0.11299000768639508,1301
67010,0.2822822822822823,0.6516516516516516,0.06606606606606606,333
67011,0.18990291262135922,0.6974757281553398,0.11262135922330097,5150
67012,0.1884422110552764,0.6695979899497487,0.14195979899497488,796
67013,0.2120253164556962,0.6810126582278481,0.1069620253164557,1580
67014,0.22568093385214008,0.6955252918287937,0.07879377431906615,1028
67015,0.23067776456599287,0.683115338882283,0.08620689655172414,1682
67016,0.29380053908355797,0.6451033243486074,0.061096136567834684,1113
67017,0.22847202087561613,0.6793273412583357,0.09220063786604812,3449
67018,0.21672240802675585,0.6869565217391305,0.09632107023411371,1495
67019,0.22613960113960113,0.6666666666666666,0.1071937321937322,2808
67020,0.22658610271903323,0.6459214501510574,0.12749244712990937,1655
67021,0.20584988962472406,0.6746688741721855,0.11948123620309051,3624
67022,0.21171171171171171,0.6509009009009009,0.1373873873873874,444
67023,0.2233128834355828,0.6969325153374233,0.07975460122699386,815
67024,0.14492753623188406,0.6618357487922706,0.1932367149758454,207
67025,0.1918784691790827,0.6314928425357873,0.17662868828513,17115
67026,0.20045045045045046,0.6541184041184042,0.14543114543114544,3108
67027,0.2661764705882353,0.6397058823529411,0.09411764705882353,680
67028,0.21265479876160992,0.6805340557275542,0.10681114551083591,5168
67029,0.23175803402646503,0.6627599243856332,0.1054820415879017,2645
67030,0.2157586949830717,0.662357648507233,0.12188365650969529,6498
67031,0.20746551257776574,0.6524208817960508,0.14011360562618339,3697
67032,0.20829769033361847,0.6875534644995723,0.10414884516680924,4676
67033,0.19983277591973245,0.6906354515050167,0.10953177257525083,1196
67034,0.16908212560386474,0.6473429951690821,0.18357487922705315,207
67035,0.2167910447761194,0.6444029850746269,0.13880597014925372,10720
67036,0.2878787878787879,0.6464646464646465,0.06565656565656566,396
67037,0.18828944551487903,0.6431171055448512,0.16859344894026976,18684
67038,0.2107324147933285,0.6741116751269035,0.11515591007976794,6895
67039,0.2270926855030367,0.6490625825191444,0.12384473197781885,3787
67040,0.19966520970891843,0.6630707709476426,0.13726401934343904,10753
67041,0.15983574192529415,0.6229434836400011,0.21722077443470478,37989
67042,0.279491833030853,0.5707803992740472,0.14972776769509982,1102
67043,0.19016030956329463,0.6810392482034273,0.12880044223327805,1809
67044,0.1734423586318093,0.6601405044339514,0.16641713693423932,8683
67045,0.22066738428417654,0.6781485468245425,0.10118406889128095,929
67046,0.288135593220339,0.6468926553672316,0.06497175141242938,708
67047,0.19582819926069353,0.6910755148741419,0.11309628586516458,11362
68001,0.1986754966887417,0.7019867549668874,0.09933774834437085,302
68002,0.19959100204498978,0.685480572597137,0.1149284253578732,2445
68003,0.22206896551724137,0.6855172413793104,0.09241379310344827,725
68004,0.21182266009852216,0.6945812807881774,0.09359605911330049,203
68005,0.1934541203974284,0.6727060198714202,0.13383985973115137,1711
68006,0.1974035891561665,0.6827033218785796,0.11989308896525391,2619
68007,0.2180339985218034,0.6555801921655581,0.12638580931263857,1353
68008,0.2892768079800499,0.6184538653366584,0.09226932668329177,401
68009,0.18773946360153257,0.6877394636015326,0.12452107279693486,522
68010,0.25054704595185995,0.6695842450765864,0.07986870897155361,914
68011,0.18726741095162147,0.6759702286018076,0.13676236044657097,7524
68012,0.18959848560326792,0.6637441466573677,0.14665736773936436,10037
68013,0.2517162471395881,0.6601830663615561,0.08810068649885583,874
68014,0.24762726488352027,0.6643658326143227,0.08800690250215704,1159
68015,0.23123781676413255,0.6610623781676414,0.10769980506822611,4104
68016,0.2389937106918239,0.610062893081761,0.1509433962264151,159
68017,0.2358974358974359,0.6635897435897435,0.10051282051282051,975
68018,0.2544570502431118,0.6588330632090762,0.08670988654781199,1234
68019,0.2788177339901478,0.638423645320197,0.08275862068965517,1015
68020,0.22450080949811116,0.7075013491635186,0.06799784133837021,1853
68021,0.20253164556962025,0.685491723466407,0.11197663096397274,5135
68022,0.2033025948959897,0.675745228393738,0.12095217671027236,4663
68023,0.2573099415204678,0.6476608187134503,0.09502923976608187,684
68024,0.1676318280527869,0.6554373851550754,0.17693078679213764,35918
68025,0.20831429876656007,0.678391959798995,0.11329374143444496,2189
68026,0.1988543371522095,0.693126022913257,0.10801963993453355,1222
68027,0.20414654258452114,0.6491930733890917,0.1466603840263871,8489
68028,0.15786102346326303,0.5907926265094541,0.25134635002728284,84302
68029,0.17177914110429449,0.7423312883435583,0.08588957055214724,326
68030,0.19578059071729959,0.6744303797468354,0.129789029535865,5925
68031,0.2217438105489774,0.6856835306781486,0.09257265877287406,929
68032,0.2132132132132132,0.6906906906906907,0.0960960960960961,333
68033,0.17034242600116076,0.6790481717933836,0.1506094022054556,3446
68034,0.19629057187017002,0.6754250386398764,0.12828438948995363,647
68035,0.196415770609319,0.6695340501792114,0.13405017921146953,2790
68036,0.23478260869565218,0.6608695652173913,0.10434782608695652,230
68037,0.22018348623853212,0.6513761467889908,0.12844036697247707,218
68038,0.21149594694178334,0.686072218128224,0.10243183492999262,1357
68039,0.1997588424437299,0.6877009646302251,0.11254019292604502,2488
68040,0.2623762376237624,0.6089108910891089,0.12871287128712872,404
68041,0.17915183408141155,0.643089305061136,0.1777588608574524,12922
68042,0.18328530259365994,0.6789625360230548,0.1377521613832853,1735
68043,0.2038934426229508,0.6798155737704918,0.11629098360655737,1952
68044,0.20987654320987653,0.7231040564373897,0.06701940035273368,567
68045,0.27816901408450706,0.6408450704225352,0.08098591549295775,284
68046,0.2622601279317697,0.6673773987206824,0.07036247334754797,469
69001,0.20416864045476077,0.670772145902416,0.1250592136428233,2111
69002,0.2453580901856764,0.6478779840848806,0.10676392572944297,1508
69003,0.27895392278953923,0.6077210460772104,0.1133250311332503,803
69004,0.3148614609571788,0.5617128463476071,0.12342569269521411,794
69005,0.21516613076098606,0.6642550911039657,0.12057877813504823,7464
69006,0.2075812274368231,0.7003610108303249,0.09205776173285199,554
69007,0.2878228782287823,0.5867158671586716,0.12546125461254612,271
69008,0.2545045045045045,0.6128941441441441,0.13260135135135134,3552
69009,0.43103448275862066,0.5689655172413793,0.0,58
69010,0.23956043956043957,0.6406593406593407,0.11978021978021978,910
69011,0.35509138381201044,0.5535248041775457,0.09138381201044386,383
69012,0.2648401826484018,0.636986301369863,0.09817351598173515,438
69013,0.2152619589977221,0.6856492027334852,0.09908883826879271,878
69014,0.2938388625592417,0.6066350710900474,0.0995260663507109,633
69015,0.2265660722450846,0.6401463191586648,0.13328760859625058,4374
69016,0.21445113478462252,0.6489115331171839,0.13663733209819362,2159
69017,0.23328189300411523,0.6260288065843621,0.14068930041152264,3888
69018,0.22167648984937788,0.647675180091683,0.13064833005893908,3054
69019,0.24796747967479674,0.6422764227642277,0.10975609756097561,246
69020,0.37112488928255094,0.545615589016829,0.08325952170062002,1129
69021,0.2614601018675722,0.6179966044142614,0.12054329371816638,589
69022,0.17882839499178516,0.6133646818877118,0.20780692312050308,35302
69023,0.25943396226415094,0.6933962264150944,0.04716981132075472,212
69024,0.23116438356164384,0.613013698630137,0.1558219178082192,584
69025,0.33116883116883117,0.6233766233766234,0.045454545454545456,154
69026,0.2784090909090909,0.6193181818181818,0.10227272727272728,352
69027,0.262015503875969,0.592764857881137,0.14521963824289405,1935
69028,0.2527439024390244,0.651829268292683,0.09542682926829268,3280
69029,0.3080357142857143,0.6160714285714286,0.07589285714285714,224
69030,0.21129860601614087,0.6375641966250917,0.15113719735876743,1363
69031,0.2105798575788403,0.6266531027466938,0.16276703967446593,983
69032,0.2755102040816326,0.5932944606413995,0.13119533527696792,686
69033,0.209517514871117,0.6596166556510245,0.13086582947785855,4539
69034,0.34934497816593885,0.6026200873362445,0.048034934497816595,229
69035,0.1595443210156427,0.6190773067331671,0.2213783722511902,17644
69036,0.24468085106382978,0.6458966565349544,0.1094224924012158,658
69037,0.22834008097165992,0.6526315789473685,0.11902834008097166,1235
69038,0.2539936102236422,0.6230031948881789,0.12300319488817892,626
69039,0.24344569288389514,0.6554307116104869,0.10112359550561797,267
69040,0.232016210739615,0.6362715298885512,0.13171225937183384,987
69041,0.23208379272326352,0.6488423373759648,0.11907386990077178,1814
69042,0.2503008423586041,0.6305655836341757,0.11913357400722022,831
69043,0.20624303232998886,0.6268514094601051,0.16690555820990605,6279
69044,0.3519163763066202,0.5818815331010453,0.06620209059233449,287
69045,0.2469879518072289,0.6156626506024097,0.13734939759036144,830
69046,0.1858335686337784,0.6230486870235166,0.191117744342705,24791
69047,0.24896265560165975,0.6804979253112033,0.07053941908713693,482
69048,0.2880658436213992,0.6008230452674898,0.1111111111111111,243
69049,0.33260869565217394,0.6282608695652174,0.0391304347826087,460
69050,0.22934648581997533,0.6458076448828607,0.124845869297164,3244
69051,0.32727272727272727,0.6045454545454545,0.06818181818181818,660
69052,0.4519230769230769,0.5384615384615384,0.009615384615384616,104
69053,0.2,0.676923076923077,0.12307692307692308,65
69054,0.27111111111111114,0.6533333333333333,0.07555555555555556,450
69055,0.24313725490196078,0.6758169934640523,0.08104575163398693,1530
69056,0.20665499124343256,0.645067133683596,0.14827787507297138,1713
69057,0.21195652173913043,0.6692546583850931,0.1187888198757764,2576
69058,0.19226415094339622,0.6451572327044025,0.16257861635220125,15900
69059,0.2345360824742268,0.6607603092783505,0.10470360824742268,3104
69060,0.21541950113378686,0.6870748299319728,0.09750566893424037,882
69061,0.2681660899653979,0.6401384083044983,0.09169550173010381,578
69062,0.21649484536082475,0.6671575846833578,0.11634756995581738,679
69063,0.3611111111111111,0.5944444444444444,0.044444444444444446,180
69064,0.2792022792022792,0.6125356125356125,0.10826210826210826,351
69065,0.2097966728280961,0.6931608133086876,0.09704251386321626,1082
69066,0.23838630806845965,0.6466992665036675,0.11491442542787286,818
69067,0.25125628140703515,0.6214405360134003,0.1273031825795645,597
69068,0.26998112020138454,0.5903083700440529,0.13971050975456262,1589
69069,0.2,0.6761194029850747,0.12388059701492538,670
69070,0.27058823529411763,0.5843137254901961,0.1450980392156863,510
69071,0.21235955056179776,0.6494382022471911,0.13820224719101123,890
69072,0.24962852897473997,0.5976968796433878,0.15267459138187223,2692
69073,0.24715447154471545,0.6284552845528455,0.12439024390243902,1230
69074,0.2197488584474886,0.66837899543379,0.11187214611872145,1752
69075,0.21058965102286403,0.6750902527075813,0.11432009626955475,831
69076,0.3705263157894737,0.5747368421052632,0.05473684210526316,950
69077,0.22340425531914893,0.6170212765957447,0.1595744680851064,94
69078,0.35,0.4928571428571429,0.15714285714285714,140
69079,0.2647058823529412,0.6437908496732027,0.0915032679738562,612
69080,0.3197278911564626,0.5510204081632653,0.1292517006802721,147
69081,0.1756177251378395,0.6635695323667552,0.16081274249540534,9794
69082,0.18845500848896435,0.6876061120543294,0.12393887945670629,589
69083,0.2108340116924443,0.67475764079035,0.11440834751720565,13513
69084,0.16807909604519775,0.7055084745762712,0.12641242937853106,1416
69085,0.2655875299760192,0.6510791366906474,0.08333333333333333,1668
69086,0.1949037679587964,0.6587150989428029,0.14638113309840065,3689
69087,0.26406926406926406,0.6077922077922078,0.12813852813852813,2310
69088,0.498989898989899,0.4404040404040404,0.06060606060606061,495
69089,0.2581818181818182,0.5527272727272727,0.1890909090909091,275
69090,0.2373247033441208,0.6353829557713053,0.1272923408845739,2781
69091,0.22644098810612992,0.651875571820677,0.12168344007319305,2186
69092,0.2367549668874172,0.6771523178807947,0.08609271523178808,1208
69093,0.36764705882352944,0.5220588235294118,0.11029411764705882,544
69094,0.21476040573627142,0.6558237145855194,0.12941587967820917,2859
69095,0.26464435146443516,0.6213389121338913,0.11401673640167365,956
69096,0.16541978387364922,0.6749792186201163,0.1596009975062344,1203
69097,0.2518518518518518,0.6666666666666666,0.08148148148148149,270
69098,0.225140712945591,0.6575984990619137,0.11726078799249531,1066
69099,0.1859361367998604,0.6198569185133485,0.19420694468679114,28655
69100,0.23122238586156113,0.6701030927835051,0.09867452135493372,679
69101,0.2773993808049536,0.6136222910216719,0.10897832817337462,1615
69102,0.22409638554216868,0.6566265060240963,0.11927710843373494,830
69103,0.1978021978021978,0.6923076923076923,0.10989010989010989,91
69104,0.2815533980582524,0.6116504854368932,0.10679611650485436,103
70001,0.36504424778761063,0.5553097345132744,0.07964601769911504,452
70002,0.20783460282916214,0.6512513601741022,0.14091403699673558,1838
70003,0.1819934451513399,0.6502795450163871,0.16772700983227298,5187
70004,0.2206035379812695,0.6482830385015609,0.13111342351716962,961
70005,0.21125143513203215,0.6590126291618829,0.12973593570608496,871
70006,0.15577557755775578,0.6036003600360036,0.24062406240624062,33330
70007,0.20785219399538107,0.6859122401847575,0.10623556581986143,433
70008,0.21467889908256882,0.6470948012232416,0.1382262996941896,1635
70009,0.25380710659898476,0.6311336717428088,0.11505922165820642,591
70010,0.2088752869166029,0.6717674062739097,0.11935730680948738,5228
70011,0.2648870636550308,0.62217659137577,0.11293634496919917,1461
70012,0.296875,0.5755208333333334,0.12760416666666666,384
70013,0.36574074074074076,0.5231481481481481,0.1111111111111111,216
70014,0.27076923076923076,0.6246153846153846,0.10461538461538461,325
70015,0.30434782608695654,0.6108695652173913,0.08478260869565217,920
70016,0.23502994011976047,0.6392215568862275,0.12574850299401197,668
70017,0.2528225806451613,0.6548387096774193,0.09233870967741936,2480
70018,0.27817745803357313,0.6498800959232613,0.07194244604316546,417
70019,0.3651452282157676,0.5103734439834025,0.12448132780082988,241
70020,0.22306238185255198,0.6635160680529301,0.11342155009451796,529
70021,0.2681744749596123,0.6114701130856219,0.12035541195476575,1238
70022,0.26865671641791045,0.6597014925373135,0.07164179104477612,335
70023,0.14664867296446243,0.586144849302744,0.26720647773279355,2223
70024,0.28004410143329656,0.6372657111356119,0.08269018743109151,907
70025,0.29776422764227645,0.5863821138211383,0.11585365853658537,984
70026,0.2915194346289753,0.6254416961130742,0.08303886925795052,566
70027,0.3,0.6151515151515151,0.08484848484848485,660
70028,0.2087912087912088,0.684981684981685,0.10622710622710622,546
70029,0.2037525652301378,0.6473175021987687,0.14892993257109352,3411
70030,0.24940239043824702,0.6366533864541832,0.11394422310756971,1255
70031,0.18494623655913978,0.6479569892473118,0.16709677419354838,4650
70032,0.2655786350148368,0.5934718100890207,0.14094955489614244,674
70033,0.35053763440860214,0.5526881720430108,0.0967741935483871,465
70034,0.27741935483870966,0.6290322580645161,0.0935483870967742,310
70035,0.23770491803278687,0.6830601092896175,0.07923497267759563,366
70036,0.25777202072538863,0.633419689119171,0.10880829015544041,772
70037,0.24275862068965517,0.6537931034482759,0.10344827586206896,725
70038,0.170995670995671,0.6601731601731602,0.16883116883116883,1386
70039,0.3274336283185841,0.6371681415929203,0.035398230088495575,113
70040,0.305993690851735,0.580441640378549,0.11356466876971609,317
70041,0.22769640479360853,0.644474034620506,0.1278295605858855,751
70042,0.26865671641791045,0.6371986222732492,0.09414466130884042,871
70043,0.2908902691511387,0.5973084886128365,0.11180124223602485,966
70044,0.25882352941176473,0.5490196078431373,0.19215686274509805,255
70045,0.26126126126126126,0.6441441441441441,0.0945945945945946,222
70046,0.24614337568058076,0.6499546279491834,0.10390199637023594,4408
70047,0.2364217252396166,0.6357827476038339,0.12779552715654952,313
70048,0.32537960954446854,0.6095444685466378,0.0650759219088937,461
70049,0.16987740805604204,0.6392294220665499,0.19089316987740806,1142
70050,0.3083941605839416,0.5985401459854015,0.09306569343065693,1096
70051,0.21545380212591986,0.679067865903516,0.1054783319705642,2446
70052,0.25782227784730916,0.6132665832290363,0.12891113892365458,799
70053,0.20892018779342722,0.6901408450704225,0.10093896713615023,852
70054,0.3240223463687151,0.5698324022346368,0.10614525139664804,179
70055,0.22619808306709266,0.6619808306709265,0.11182108626198083,1565
70056,0.22580645161290322,0.6989247311827957,0.07526881720430108,93
70057,0.24857792946530147,0.6194539249146758,0.13196814562002276,3516
70058,0.2967581047381546,0.6059850374064838,0.09725685785536159,401
70059,0.1753398968588842,0.6647913736521331,0.15986872948898265,2133
70060,0.24634655532359082,0.6409185803757829,0.1127348643006263,479
70061,0.2266839378238342,0.6826424870466321,0.09067357512953368,772
70062,0.3333333333333333,0.6277056277056277,0.03896103896103896,462
70063,0.43884892086330934,0.4676258992805755,0.09352517985611511,139
70064,0.2891304347826087,0.6173913043478261,0.09347826086956522,460
70065,0.18340611353711792,0.6506550218340611,0.16593886462882096,916
70066,0.23136246786632392,0.6478149100257069,0.12082262210796915,389
70067,0.2510948905109489,0.621897810218978,0.12700729927007298,685
70068,0.18998527245949925,0.658321060382916,0.15169366715758467,679
70069,0.2024872448979592,0.6750637755102041,0.12244897959183673,3136
70070,0.20754716981132076,0.6861063464837049,0.10634648370497427,583
70071,0.20241691842900303,0.7069486404833837,0.09063444108761329,331
70072,0.24538745387453875,0.629520295202952,0.12509225092250922,2710
70073,0.2532188841201717,0.6781115879828327,0.06866952789699571,233
70074,0.28963153384747214,0.5861182519280206,0.12425021422450729,1167
70075,0.2317360565593087,0.6755695208169678,0.09269442262372349,1273
70076,0.25388026607538805,0.614190687361419,0.1319290465631929,902
70077,0.3739669421487603,0.5371900826446281,0.08884297520661157,484
70078,0.16172938350680544,0.6441597722622543,0.1941108442309403,22482
70079,0.2727272727272727,0.6238859180035651,0.10338680926916222,561
70080,0.24510932105868816,0.6340621403912543,0.12082853855005754,869
70081,0.30319975147561357,0.6026716371543958,0.09412861136999068,3219
70082,0.27740863787375414,0.6478405315614618,0.07475083056478406,602
70083,0.22381224957069262,0.6330852890669719,0.14310246136233543,1747
70084,0.19446883230904302,0.6611062335381914,0.14442493415276558,2278
71001,0.22553699284009546,0.6509546539379475,0.12350835322195704,1676
71002,0.25878594249201275,0.6501597444089456,0.09105431309904154,626
71003,0.2655367231638418,0.6384180790960452,0.096045197740113,885
71004,0.27460732984293196,0.6155759162303664,0.10981675392670157,7640
71005,0.24522292993630573,0.6616854483096521,0.09309162175404213,4082
71006,0.23122636412749864,0.6353322528363047,0.13344138303619665,1851
71007,0.2507836990595611,0.6399462606359158,0.10927004030452306,2233
71008,0.29676985195154776,0.610812023328847,0.0924181247196052,4458
71009,0.19773371104815865,0.7127478753541077,0.08951841359773371,1765
71010,0.24145785876993167,0.6915717539863325,0.06697038724373576,4390
71011,0.2792452830188679,0.620754716981132,0.1,530
71012,0.28744798890429957,0.6286407766990292,0.0839112343966713,2884
71013,0.26002055498458376,0.6413155190133607,0.0986639260020555,973
71014,0.2708860759493671,0.5924050632911393,0.13670886075949368,1185
71015,0.25035260930888575,0.6664315937940761,0.08321579689703808,1418
71016,0.29271070615034167,0.6127562642369021,0.09453302961275627,878
71017,0.2037037037037037,0.6724537037037037,0.12384259259259259,864
71018,0.30453108535300316,0.5911485774499473,0.10432033719704953,949
71019,0.31666666666666665,0.625,0.058333333333333334,120
71020,0.2589664763577807,0.6469916556873079,0.09404186795491143,34155
71021,0.2743445692883895,0.6451310861423221,0.08052434456928839,1068
71022,0.2334481438959051,0.6662839647914275,0.10026789131266743,2613
71023,0.234375,0.6897321428571429,0.07589285714285714,448
71024,0.19844341337210544,0.6447967670893113,0.15675981953858326,93538
71025,0.2782258064516129,0.6266801075268817,0.09509408602150538,2976
71026,0.15926892950391644,0.720626631853786,0.12010443864229765,383
71027,0.279322853688029,0.6094316807738815,0.11124546553808948,4135
71028,0.2163306966062771,0.6482776218423068,0.13539168155141618,19595
71029,0.23511281345382729,0.6392961876832844,0.12559099886288827,33418
71031,0.260370283571596,0.635106632294352,0.10452308413405202,4267
71032,0.20984455958549222,0.6800518134715026,0.11010362694300518,772
71033,0.25146597572616936,0.6099822719214509,0.13855175235237965,7333
71034,0.2150101419878296,0.6572008113590264,0.12778904665314403,493
71035,0.2659251769464105,0.6253791708796764,0.10869565217391304,1978
71036,0.2553744177714081,0.6688462916517377,0.07577929057685417,11164
71037,0.30917874396135264,0.5958132045088567,0.09500805152979067,621
71038,0.25810678021618083,0.6590239109073043,0.0828693088765149,3053
71039,0.2310850439882698,0.6533724340175953,0.1155425219941349,1705
71040,0.2881880024737168,0.6277056277056277,0.08410636982065553,1617
71041,0.24981949458483754,0.620216606498195,0.1299638989169675,1385
71042,0.23797678275290216,0.6791044776119403,0.08291873963515754,1206
71043,0.22701525054466232,0.665359477124183,0.10762527233115468,2295
71044,0.2818396226415094,0.6450471698113207,0.07311320754716981,848
71046,0.19431561422285645,0.6202283267927221,0.18545605898442144,16818
71047,0.23151750972762647,0.6195282101167315,0.14895428015564202,8224
71048,0.27182866556836904,0.6441515650741351,0.08401976935749589,607
71049,0.2921606998963969,0.5930701047542305,0.11476919534937263,8687
71050,0.27123363965469227,0.6424394319131161,0.08632692843219159,3591
71051,0.24703095809981318,0.6344408860421671,0.11852815585801975,29976
71052,0.27494615936826994,0.6209619526202441,0.104091888011486,1393
71053,0.2652982184353215,0.6475600309837335,0.087141750580945,2582
71054,0.27642679900744416,0.6598014888337469,0.06377171215880893,4030
71055,0.2438304721030043,0.6625536480686696,0.09361587982832618,3728
71056,0.2589084348218313,0.6162381596752368,0.12485340550293189,11085
71058,0.20184291355857834,0.6566476524791576,0.14150943396226415,4558
71059,0.2595359811246559,0.6289815178922532,0.11148250098309084,5086
71060,0.23425134536245648,0.6649783686820724,0.10077028595547113,9477
71061,0.2465753424657534,0.660958904109589,0.09246575342465753,292
71062,0.28888888888888886,0.6071111111111112,0.104,1125
71063,0.292817679558011,0.6464088397790055,0.06077348066298342,1991
71064,0.28559102674719583,0.6458153580672994,0.06859361518550475,2318
72001,0.2193224774643792,0.6195114858970631,0.16116603663855772,13756
72002,0.2181047197640118,0.6664823008849557,0.11541297935103245,10848
72003,0.2376237623762376,0.6386138613861386,0.12376237623762376,7676
72004,0.23235086279605188,0.6367594428867765,0.13088969431717157,43869
72006,0.2030902781061172,0.6063441480458813,0.19056557384800143,211502
72008,0.17803030303030304,0.7090909090909091,0.11287878787878788,1320
72010,0.21782693558880936,0.648145738451529,0.1340273259596617,7685
72011,0.22555109000121787,0.641791499208379,0.1326574107904031,32844
72012,0.18279852709100475,0.672277748553393,0.1449237243556023,7604
72014,0.2379585980733757,0.6527977044476327,0.1092436974789916,9758
72015,0.21963864886095838,0.6504320502749411,0.12992930086410054,12730
72016,0.19169682348210695,0.6794330518697226,0.1288701246481705,9948
72017,0.22013869232946504,0.6389753750353807,0.14088593263515425,14132
72018,0.17979962090441376,0.7208231789872732,0.09937720010831302,3693
72019,0.21520021792427133,0.6287115227458459,0.15608825932988288,18355
72020,0.22886913678884116,0.6479909451046972,0.1231399181064616,30039
72021,0.2194186628133163,0.6338576112932807,0.146723725893403,17993
72022,0.20076594491088526,0.6398585947856827,0.15937546030343203,13578
72023,0.21920698435794833,0.6502728264823572,0.13052018915969443,27490
72024,0.23310680856520066,0.662520836004616,0.10437235543018336,7799
72025,0.2401182848693938,0.6431739773287334,0.11670773780187284,10145
72027,0.21896441508629874,0.6707010441082463,0.11033454080545493,23465
72028,0.22708995979115407,0.6361399507891736,0.13677008941967234,16663
72029,0.24225323978126795,0.6063322430023221,0.1514145172164099,40049
72030,0.22515044615065366,0.6366169626182077,0.13823259123113865,33733
72031,0.24170333358192259,0.616600790513834,0.14169587590424343,13409
72032,0.20958726215346396,0.6498221444300153,0.1405905934165208,17711
72033,0.22950173446862188,0.6646956795963418,0.10580258593503626,12684
72034,0.20658342792281498,0.6969353007945517,0.09648127128263337,881
72035,0.23763617838388587,0.6358648796927658,0.12649894192334823,12759
72036,0.23620618129018875,0.627255756067206,0.13653806264260526,19284
72037,0.2523884103367267,0.63265465935787,0.11495693030540328,12770
72038,0.22719568083369954,0.6405298512147655,0.13227446795153494,15929
72039,0.2216506374412883,0.6385596063520466,0.13978975620666517,4471
72040,0.20819594912859163,0.6630554247134558,0.12874862615795257,6369
72041,0.22958236658932715,0.6618329466357309,0.108584686774942,17240
72043,0.20778617083091225,0.6619988378849506,0.13021499128413713,17210
72044,0.24205976320240558,0.6585228340537493,0.09941740274384514,5321
72046,0.2217965342449605,0.6422256277260403,0.13597783802899918,16966
72047,0.211978104540088,0.6526779006117849,0.1353439948481271,9317
72048,0.21337966985230233,0.642745438748914,0.14387489139878368,11510
73001,0.2751751313485114,0.6370402802101576,0.087784588441331,4568
73002,0.22435897435897437,0.6514719848053181,0.1241690408357075,4212
73003,0.21106360701509466,0.6619841200593316,0.12695227292557368,11461
73004,0.2358490566037736,0.6745865362217563,0.08956440717447006,8586
73005,0.2865934065934066,0.6501098901098901,0.0632967032967033,2275
73006,0.26862630966239814,0.6408614668218859,0.09051222351571594,3436
73007,0.22765390365988428,0.6767210557108496,0.09562504062926608,15383
73008,0.21694124507945764,0.6551003547650289,0.12795840015551344,20577
73009,0.23382634067813662,0.6413120032196398,0.12486165610222356,9939
73010,0.175485344499429,0.6855728968405025,0.13894175866006853,5254
73011,0.23784556720686367,0.6820781696854147,0.08007626310772165,6294
73012,0.24128632777389394,0.6432138220313592,0.11549985019474683,20026
73013,0.22113821138211381,0.6434115661911336,0.13545022242675256,32595
73014,0.2519328179152226,0.6358304452146094,0.11223673687016796,3751
73015,0.2296393319923282,0.6611311222341769,0.10922954577349488,21377
73016,0.23907527488018043,0.6757823512827742,0.08514237383704538,3547
73017,0.26404731727925645,0.6430080270384453,0.09294465568229827,2367
73018,0.241683638832315,0.6734555329260014,0.08486082824168364,1473
73019,0.24757418747056054,0.6439001413094677,0.10852567121997174,10615
73020,0.24154313949068795,0.6765488407449639,0.08190801976434815,5262
73021,0.24237472766884532,0.6635802469135802,0.09404502541757444,11016
73022,0.23568975386376645,0.653548941041786,0.11076130509444762,6988
73023,0.25942156003505695,0.6713409290096407,0.06923751095530237,1141
73024,0.21045135845749344,0.6815293602103418,0.10801928133216476,9128
73025,0.23177818362942054,0.6950024904532625,0.07321932591731695,6023
73026,0.2688983808483163,0.6398132512168472,0.09128836793483659,10067
73027,0.2052051365576834,0.6608003154628217,0.13399454797949492,116654
73028,0.2912362545818061,0.6204598467177608,0.08830389870043319,3001
73029,0.25862296815118274,0.6741112726311617,0.06726575921765561,7567
74001,0.2084288990825688,0.6612003058103976,0.13037079510703364,52320
74002,0.2536418166238218,0.6462724935732648,0.10008568980291345,11670
74003,0.2676151254211906,0.6187195806813928,0.1136652938974167,13355
74004,0.25525455394675384,0.6478281177020084,0.09691732835123774,4282
74005,0.23350369108461103,0.6404315729699035,0.1260647359454855,8805
74006,0.26645547342485043,0.6404435058078142,0.09310102076733545,5682
74007,0.23365167310636437,0.6630458555077641,0.10330247138587155,27434
74008,0.22022659406288425,0.6706481644124364,0.10912524152467944,22772
74009,0.23893711623967817,0.6566800762227398,0.10438280753758204,9446
74010,0.2516359975390122,0.6347111135969573,0.11365288886403042,17879
74011,0.22939936775553213,0.6637513171759747,0.10684931506849316,9490
74012,0.2279679194255339,0.6207218129254872,0.15131026764897884,21446
74013,0.274613788332949,0.6156329259857044,0.10975328568134655,4337
74014,0.25022163120567376,0.6724290780141844,0.07734929078014184,4512
74015,0.25779210809150926,0.6322739137110395,0.10993397819745125,6513
74016,0.26321672068849894,0.6288141276405499,0.10796915167095116,8947
74017,0.2497227063856758,0.6381714466803993,0.11210584693392489,12622
74018,0.2547008547008547,0.6547008547008547,0.0905982905982906,3510
74019,0.24657336603664695,0.6553166931178762,0.09810994084547685,6931
74020,0.2425228575856191,0.6737951340461801,0.08368200836820083,6453
75002,0.2347145022738757,0.6298635674583123,0.13542193026781202,3958
75003,0.23762646978397595,0.6420563303254033,0.12031719989062073,3657
75004,0.24331065759637188,0.6591836734693878,0.09750566893424037,4410
75005,0.21908560908254066,0.6262657256827248,0.15464866523473458,3259
75006,0.26247135554380396,0.6317644985016746,0.10576414595452142,5673
75007,0.2545952287837309,0.5858427845131013,0.15956198670316776,2557
75008,0.27052722558340536,0.6188418323249784,0.11063094209161625,1157
75009,0.32006125574272587,0.5625319040326697,0.11740684022460439,1959
75010,0.23628337187302922,0.587134748791255,0.17658187933571579,4757
75011,0.2253717472118959,0.6217472118959108,0.15288104089219332,6456
75012,0.32013769363166955,0.5826161790017211,0.0972461273666093,1162
75013,0.2631578947368421,0.617822966507177,0.11901913875598086,1672
75014,0.2434793460626482,0.631598652190191,0.12492200174716087,8013
75015,0.27102803738317754,0.6201869158878505,0.10878504672897196,2675
75016,0.24254857939149957,0.6335836494542076,0.12386777115429279,12917
75017,0.2474120082815735,0.6594202898550725,0.09316770186335403,1932
75018,0.2487407981402557,0.6358000774893452,0.11545912437039907,2581
75019,0.25034770514603616,0.6011126564673157,0.14853963838664813,3595
75020,0.17863565519721855,0.6370938736362547,0.18427047116652678,8341
75021,0.25237618809404705,0.6370685342671336,0.11055527763881941,3998
75022,0.26762930229663284,0.6162320283811539,0.11613866932221323,16067
75023,0.24901477832512314,0.6179802955665025,0.1330049261083744,4060
75024,0.2280652418447694,0.6355455568053994,0.13638920134983126,3556
75025,0.2535264963781929,0.6385817765916889,0.10789172703011818,2623
75026,0.2723816107846526,0.6140684410646388,0.11354994815070861,5786
75027,0.25071225071225073,0.5916429249762583,0.157644824311491,2106
75028,0.26892792247122954,0.6181102362204725,0.112961841308298,3302
75029,0.23301197779725388,0.6163014899211218,0.15068653228162432,17115
75030,0.21860951385258756,0.6684788290642969,0.11291165708311553,9565
75031,0.2091431269179322,0.6448186324651821,0.14603824061688567,12709
75032,0.24105011933174225,0.6420047732696897,0.11694510739856802,838
75033,0.2573426573426573,0.6580419580419581,0.08461538461538462,1430
75034,0.27296181630546956,0.6073271413828689,0.1197110423116615,3876
75035,0.17876787678767878,0.5744774477447745,0.24675467546754676,63630
75036,0.2214729370008873,0.6454303460514641,0.13309671694764863,5635
75037,0.278674861964788,0.6143348265444317,0.1069903114907803,9599
75038,0.22125084061869535,0.6497646267652992,0.12898453261600537,7435
75039,0.2020605550883095,0.6036585365853658,0.19428090832632464,9512
75040,0.28038924624773215,0.603331683984826,0.11627906976744186,6063
75041,0.2547085201793722,0.6071748878923767,0.13811659192825113,1115
75042,0.2679592690751848,0.6249128190821593,0.10712791184265588,7169
75043,0.23266311038161674,0.6442347148132951,0.12310217480508823,7311
75044,0.2613021847285313,0.6437378325762492,0.09495998269521956,4623
75045,0.24114896459585838,0.6232464929859719,0.13560454241816966,1497
75046,0.2525164113785558,0.6227571115973741,0.12472647702407003,2285
75047,0.3092259577795152,0.5918686473807663,0.09890539483971852,2558
75048,0.24255219329110955,0.6306591602158105,0.12678864649308,8526
75049,0.21940463065049615,0.6284454244762955,0.15214994487320838,1814
75050,0.3026431718061674,0.56784140969163,0.12951541850220263,2270
75051,0.23748862602365786,0.6342129208371247,0.12829845313921748,3297
75052,0.23140653271117037,0.6396057518331587,0.1289877154556709,21002
75053,0.2793062200956938,0.6270933014354066,0.09360047846889952,3344
75054,0.2613784135240572,0.6131339401820546,0.12548764629388817,1538
75055,0.2397590361445783,0.6018072289156626,0.15843373493975904,4980
75056,0.2235294117647059,0.6470588235294118,0.12941176470588237,1615
75057,0.22722029988465975,0.6253748558246828,0.14740484429065745,4335
75058,0.2777777777777778,0.5867446393762183,0.1354775828460039,1026
75059,0.23707108849121655,0.6351994746347069,0.1277294368740765,6091
75060,0.2785774767146486,0.6121930567315834,0.10922946655376799,1181
75061,0.21846230405573525,0.6235381935804927,0.15799950236377208,4019
75063,0.2698684962835906,0.6197827329902802,0.11034877072612921,6996
75064,0.2818048542107835,0.6369115491122332,0.08128359667698322,6139
75065,0.2687382297551789,0.6156308851224106,0.11563088512241054,5310
75066,0.288,0.6104615384615385,0.10153846153846154,3250
75067,0.2732793522267207,0.611336032388664,0.11538461538461539,988
75068,0.21191923152323075,0.6320329347186826,0.15604783375808665,5101
75069,0.24914043903729172,0.6329013488495107,0.11795821211319757,3781
75070,0.2605296343001261,0.6221941992433796,0.11727616645649433,3965
75071,0.2663736263736264,0.6162637362637363,0.11736263736263736,2275
75072,0.2568382012053778,0.5869262865090403,0.15623551228558183,2157
75073,0.24009957003847024,0.6358904729576828,0.12400995700384702,4419
75074,0.25943775100401606,0.6369477911646586,0.10361445783132531,1245
75075,0.23978617793050783,0.612065673921344,0.14814814814814814,2619
75076,0.2327209098862642,0.6202974628171478,0.14698162729658792,3429
75077,0.2411596049697356,0.6416056068811723,0.11723478814909206,3139
75078,0.23214285714285715,0.630275974025974,0.13758116883116883,2464
75079,0.25163915894189465,0.627289170246439,0.1210716708116663,8846
75080,0.2156229825693996,0.6294383473208521,0.1549386701097482,1549
75081,0.267786914551305,0.6528423310690025,0.07937075437969253,2797
75082,0.2914083259521701,0.5881310894596988,0.1204605845881311,1129
75083,0.21455979535280323,0.6760818588787039,0.10935834576849286,9382
75084,0.25224851252248515,0.6601632766016328,0.0875882108758821,7227
75085,0.24932423735358475,0.6245334019822371,0.12614236066417814,7769
75086,0.22417582417582418,0.6406593406593407,0.13516483516483516,1820
75087,0.23986449568353185,0.6357775106545732,0.12435799366189487,9151
75088,0.20046761343955663,0.6323172843782473,0.16721510218219604,11548
75089,0.23837379350687335,0.6452178999707516,0.11640830652237497,3419
75090,0.24843269821757835,0.6555623847572218,0.09600491702519975,8135
75091,0.2524768296580377,0.6430169383189518,0.10450623202301054,3129
75092,0.2772094035698737,0.6212451023073574,0.10154549412276882,9188
75093,0.269046128156961,0.6178250887079941,0.11312878313504487,4791
75094,0.23257575757575757,0.6356060606060606,0.1318181818181818,1320
75095,0.2228152101400934,0.6337558372248165,0.14342895263509006,1499
75096,0.26912018401380106,0.5945945945945946,0.13628522139160437,1739
75097,0.22925659472422064,0.6501199040767386,0.12062350119904076,4170
75098,0.27946828955797565,0.6229980781550288,0.09753363228699552,6244
76001,0.2832980972515856,0.6183932346723044,0.09830866807610994,946
76002,0.21175726927939317,0.6719342604298356,0.11630847029077118,1582
76003,0.18541666666666667,0.690625,0.12395833333333334,960
76004,0.2495201535508637,0.6612284069097889,0.0892514395393474,1042
76005,0.2809278350515464,0.6494845360824743,0.06958762886597938,388
76006,0.2253631723596388,0.6580290537887711,0.1166077738515901,2547
76007,0.2024505708716235,0.6630465051517683,0.13450292397660818,7182
76008,0.3100252737994945,0.586352148272957,0.10362257792754845,1187
76009,0.2271689497716895,0.6746575342465754,0.09817351598173515,876
76010,0.23323262839879155,0.6332326283987916,0.13353474320241693,1655
76011,0.23059866962305986,0.635809312638581,0.13359201773835921,1804
76012,0.2718808193668529,0.632836747361887,0.09528243327126008,3222
76013,0.24971580143993938,0.6377415687760515,0.1125426297840091,2639
76014,0.24545454545454545,0.6654545454545454,0.0890909090909091,550
76015,0.2611111111111111,0.6087301587301587,0.13015873015873017,1260
76016,0.3333333333333333,0.6098484848484849,0.056818181818181816,264
76017,0.18787878787878787,0.7575757575757576,0.05454545454545454,495
76018,0.2682038834951456,0.6067961165048543,0.125,824
76019,0.3888888888888889,0.5362318840579711,0.0748792270531401,414
76020,0.3978494623655914,0.45161290322580644,0.15053763440860216,186
76021,0.29411764705882354,0.5897832817337462,0.11609907120743033,646
76022,0.2066420664206642,0.6715867158671587,0.12177121771217712,1355
76023,0.26403326403326405,0.6444906444906445,0.09147609147609148,481
76024,0.2773109243697479,0.6285714285714286,0.09411764705882353,595
76025,0.24439461883408073,0.6345291479820628,0.1210762331838565,892
76026,0.33101529902642557,0.5897079276773296,0.07927677329624479,719
76027,0.26463104325699743,0.628498727735369,0.10687022900763359,393
76028,0.24775876120619397,0.654441727791361,0.097799511002445,1227
76029,0.2454810495626822,0.6396501457725947,0.11486880466472303,1715
76030,0.2692307692307692,0.5995475113122172,0.13122171945701358,884
76031,0.2727272727272727,0.5967365967365967,0.13053613053613053,429
76032,0.23230204509701102,0.6465652857891977,0.1211326691137913,1907
76033,0.2706222865412446,0.6577424023154848,0.07163531114327062,1382
76034,0.2687793427230047,0.6377151799687011,0.09350547730829421,2556
76035,0.22800718132854578,0.6319569120287253,0.1400359066427289,557
76036,0.2311614730878187,0.6456090651558074,0.12322946175637393,3530
76037,0.2377560106856634,0.6438112199465716,0.11843276936776491,1123
76038,0.293398533007335,0.6136919315403423,0.09290953545232274,409
76039,0.14281893554426317,0.646964428991709,0.2102166354640278,3739
76040,0.25661016949152543,0.5969491525423729,0.1464406779661017,2950
76041,0.22415370539798718,0.6267154620311071,0.14913083257090576,1093
76042,0.2334090909090909,0.63,0.1365909090909091,8800
76043,0.19972244709147682,0.6879842720018503,0.11229328090667283,8647
76044,0.17832890463537054,0.6607617360496014,0.16090935931502806,3387
76045,0.2680866691149468,0.5699596033786265,0.16195372750642673,2723
76046,0.19477693144722524,0.6433623503808488,0.16186071817192602,3676
76047,0.27755905511811024,0.6496062992125984,0.07283464566929133,1016
76048,0.1807654030579933,0.6846105129829005,0.13462408395910613,11053
76049,0.2664756446991404,0.6017191977077364,0.1318051575931232,349
76050,0.24299439551641314,0.6144915932746197,0.14251401120896717,2498
76051,0.2908530318602261,0.6361767728674204,0.07297019527235354,973
76052,0.2190132370637786,0.6341756919374247,0.14681107099879662,831
76053,0.2635838150289017,0.6251445086705202,0.11127167630057803,3460
76054,0.24493731918997108,0.6142719382835101,0.1407907425265188,1037
76055,0.2717391304347826,0.6141304347826086,0.11413043478260869,552
76056,0.2013507809202195,0.6504854368932039,0.1481637821865766,2369
76057,0.2033678756476684,0.6923575129533679,0.10427461139896373,3088
76058,0.21996996996996998,0.6066066066066066,0.17342342342342343,1332
76059,0.24858027878162106,0.637842023748064,0.11357769747031492,3874
76060,0.22504604051565377,0.627255985267035,0.14769797421731123,2715
76061,0.2891891891891892,0.6445945945945946,0.06621621621621622,740
76062,0.191353811149033,0.6511945392491467,0.15745164960182026,4395
76063,0.17407671403751057,0.6056265870717691,0.22029669889072037,44894
76064,0.22672064777327935,0.6856827383143173,0.08759661391240339,2717
76065,0.296969696969697,0.603030303030303,0.1,660
76066,0.18584070796460178,0.6476696165191741,0.16648967551622418,8475
76067,0.25780553077609275,0.6449598572702944,0.09723461195361284,1121
76068,0.22069345074298294,0.6373142542652724,0.14199229499174462,1817
76069,0.27502634351949423,0.6164383561643836,0.10853530031612224,949
76070,0.24500434404865334,0.6411815812337098,0.11381407471763684,2302
76071,0.2879188712522046,0.6256613756613757,0.08641975308641975,2268
76072,0.2590529247910863,0.6420612813370473,0.0988857938718663,718
76073,0.24528301886792453,0.597877358490566,0.15683962264150944,848
76074,0.2727272727272727,0.6146540027137042,0.11261872455902307,737
76075,0.29243353783231085,0.5848670756646217,0.12269938650306748,489
76076,0.29081885856079404,0.6124069478908188,0.0967741935483871,2015
76077,0.3394683026584867,0.5766871165644172,0.08384458077709611,489
76078,0.29060665362035226,0.598825831702544,0.11056751467710371,1022
76079,0.24913892078071181,0.6509758897818599,0.09988518943742825,871
76080,0.24238610621696452,0.6390636798389127,0.11855021394412282,3973
76081,0.21865596790371114,0.6609829488465396,0.12036108324974924,997
76082,0.2336448598130841,0.6299065420560748,0.13644859813084112,535
76083,0.24387177875549967,0.5895663104965431,0.16656191074795726,1591
76084,0.2613480055020633,0.6313617606602476,0.10729023383768914,727
76085,0.21960968727956737,0.6602398307077357,0.12015048201269692,4253
76086,0.21374865735767992,0.7046186895810956,0.08163265306122448,931
76087,0.2659279778393352,0.5512465373961218,0.18282548476454294,361
76088,0.25184275184275184,0.6486486486486487,0.09950859950859951,814
76089,0.19964935349550733,0.6699539776462854,0.13039666885820733,4563
76090,0.25697503671071953,0.6289769946157612,0.11404796867351934,2043
76091,0.22326269098077872,0.6047313947757516,0.1720059142434697,2029
76092,0.24504158669225848,0.6404350607805502,0.1145233525271913,1563
76093,0.2357142857142857,0.6309523809523809,0.13333333333333333,420
76094,0.2421758569299553,0.6147540983606558,0.14307004470938897,1342
76095,0.22445001392369812,0.6418824839877472,0.1336675020885547,7182
76096,0.25858250276854927,0.6472868217054264,0.09413067552602436,1806
76097,0.30410542321338063,0.6021287379624937,0.0937658388241257,1973
76098,0.20529197080291972,0.6633211678832117,0.13138686131386862,2192
76099,0.25165562913907286,0.673289183222958,0.07505518763796909,453
76100,0.2685546875,0.61669921875,0.11474609375,2048
77001,0.3059019118869493,0.6317539484621779,0.06234413965087282,1203
77002,0.33083832335329344,0.5718562874251497,0.09730538922155689,668
77003,0.2244332493702771,0.6602015113350126,0.11536523929471033,7940
77004,0.26024590163934425,0.6331967213114754,0.10655737704918032,488
77005,0.3333333333333333,0.5811965811965812,0.08547008547008547,234
77006,0.2580213903743315,0.6377005347593583,0.10427807486631016,748
77007,0.25970873786407767,0.6432038834951457,0.0970873786407767,412
77008,0.20944221655122128,0.6686110098432373,0.12194677360554138,5486
77009,0.23454833597464342,0.6735340729001584,0.0919175911251981,631
77010,0.2279874213836478,0.6965408805031447,0.07547169811320754,636
77011,0.1899355630561522,0.6775084381712182,0.13255599877262964,3259
77012,0.21413276231263384,0.6873661670235546,0.09850107066381156,1401
77013,0.25852176847789404,0.6226797165035437,0.11879851501856227,2963
77014,0.16778635410710882,0.6398894606441776,0.19232418524871356,41976
77015,0.22242990654205608,0.6722741433021807,0.10529595015576323,1605
77016,0.22161212387436854,0.6542938721721941,0.1240940039534373,4553
77017,0.22667940146450175,0.6588666029926775,0.11445399554282076,6282
77018,0.2091346153846154,0.6446678321678322,0.14619755244755245,4576
77019,0.3660377358490566,0.569811320754717,0.06415094339622641,265
77020,0.2060938342620888,0.6633111630415244,0.13059500269638685,11126
77021,0.19583853516437785,0.6601747815230962,0.143986683312526,12015
77022,0.2150870406189555,0.6967117988394584,0.08820116054158607,2585
77023,0.2793687901811806,0.6259497369959088,0.09468147282291058,1711
77024,0.22366863905325443,0.6834319526627219,0.09289940828402367,1690
77025,0.30718954248366015,0.5830065359477125,0.10980392156862745,765
77026,0.29989327641408753,0.6318036286019211,0.06830309498399147,937
77027,0.25291970802919705,0.6131386861313869,0.13394160583941606,2740
77028,0.22456244437852269,0.6211806585582913,0.154256897063186,3371
77029,0.24769276570407858,0.6516820482286395,0.10062518606728194,3359
77030,0.2470960929250264,0.6462513199577613,0.10665258711721225,947
77031,0.21058688147295743,0.706367472190257,0.08304564633678557,5214
78001,0.3006134969325153,0.6119631901840491,0.08742331288343558,652
78002,0.20909090909090908,0.6681818181818182,0.12272727272727273,1100
78003,0.2663312809731191,0.6045952845772639,0.12907343444961705,13318
78004,0.24740124740124741,0.6621621621621622,0.09043659043659044,962
78005,0.3403755868544601,0.57981220657277,0.07981220657276995,426
78006,0.39707673568818513,0.5261875761266748,0.07673568818514007,821
78007,0.2925170068027211,0.6292517006802721,0.0782312925170068,294
78008,0.20187793427230047,0.6901408450704225,0.107981220657277,426
78009,0.27594846098783105,0.6385110952040086,0.08554044380816034,2794
78010,0.20388239300715177,0.6424111703939153,0.1537064365989329,8809
78011,0.2634146341463415,0.5967479674796748,0.13983739837398373,1845
78012,0.21730382293762576,0.6398390342052314,0.14285714285714285,1491
78013,0.24078834618680378,0.6066838046272494,0.15252784918594686,1167
78014,0.22718446601941747,0.6524271844660194,0.1203883495145631,515
78015,0.26353149955634425,0.60301685891748,0.1334516415261757,5635
78016,0.26153846153846155,0.6641025641025641,0.07435897435897436,780
78017,0.27597292724196276,0.622673434856176,0.10135363790186125,5910
78018,0.2900523560209424,0.618848167539267,0.09109947643979058,955
78019,0.2800252844500632,0.6030341340075853,0.11694058154235146,1582
78020,0.28835774865073244,0.6322282189668466,0.07941403238242097,1297
78021,0.27447023208879917,0.6316851664984864,0.09384460141271443,991
78022,0.32976190476190476,0.6083333333333333,0.06190476190476191,840
78023,0.3025962399283796,0.6096687555953447,0.08773500447627573,1117
78024,0.28964059196617337,0.587737843551797,0.1226215644820296,473
78025,0.2439832192536984,0.6275115919629057,0.1285051887833959,4529
78026,0.1998945147679325,0.6260548523206751,0.17405063291139242,1896
78027,0.24705882352941178,0.6235294117647059,0.12941176470588237,170
78029,0.24846715328467153,0.6458394160583941,0.1056934306569343,10275
78030,0.21177223288547664,0.6621880998080614,0.12603966730646193,1563
78031,0.15066869815473166,0.5920094802776367,0.2573218215676316,5907
78032,0.27225130890052357,0.6387434554973822,0.08900523560209424,191
78033,0.20574424792612303,0.6237282829863828,0.17052746908749414,12778
78034,0.2364620938628159,0.6359807460890493,0.12755716004813478,1662
78035,0.1858974358974359,0.6378205128205128,0.1762820512820513,312
78036,0.32360742705570295,0.5795755968169761,0.09681697612732096,1508
78037,0.19737592698231604,0.638904734740445,0.16371933827723903,1753
78038,0.31216931216931215,0.6102292768959435,0.07760141093474426,567
78039,0.2876712328767123,0.6164383561643836,0.0958904109589041,803
78040,0.28140794223826715,0.6028880866425993,0.11570397111913358,5540
78041,0.29116117850953205,0.5805892547660312,0.12824956672443674,577
78042,0.23671497584541062,0.6847826086956522,0.0785024154589372,828
78043,0.21664275466284075,0.6800573888091822,0.10329985652797705,697
78045,0.17287081934601517,0.5808777819221683,0.24625139873181648,40215
78046,0.2808683853459973,0.6431478968792401,0.07598371777476255,737
78047,0.2533529845246868,0.643183492999263,0.1034635224760501,6785
78048,0.20777233782129742,0.6202570379436965,0.17197062423500611,3268
78049,0.19810576164167323,0.6318074191002367,0.17008681925808997,2534
78050,0.26353790613718414,0.6101083032490975,0.1263537906137184,554
78051,0.2652482269503546,0.6151300236406619,0.11962174940898346,2115
78052,0.23535911602209944,0.6342541436464089,0.13038674033149172,905
78053,0.1452991452991453,0.6524216524216524,0.2022792022792023,702
78054,0.28515007898894157,0.65086887835703,0.06398104265402843,1266
78055,0.29464788732394365,0.5847887323943662,0.12056338028169014,1775
78056,0.24720357941834453,0.6426174496644296,0.11017897091722595,1788
78057,0.23169750603378922,0.6323411102172164,0.13596138374899436,1243
78058,0.21731820092475831,0.6544766708701135,0.1282051282051282,4758
78059,0.1957894736842105,0.6821052631578948,0.12210526315789473,950
78060,0.28312412831241285,0.6122733612273361,0.10460251046025104,1434
78061,0.2134423251589464,0.6557674841053588,0.1307901907356948,1101
78062,0.22582697201017812,0.6634860050890585,0.11068702290076336,1572
78063,0.323921568627451,0.5780392156862745,0.09803921568627451,1275
78064,0.3314500941619586,0.6195856873822976,0.04896421845574388,531
78065,0.1687170474516696,0.6467486818980668,0.18453427065026362,569
78066,0.26174791392182695,0.6411945542380325,0.09705753184014053,2277
78067,0.2701458173445894,0.634689178818112,0.09516500383729855,1303
78068,0.2889929742388759,0.6112412177985949,0.09976580796252928,2135
78069,0.21080720480320214,0.6504336224149433,0.13875917278185457,1499
78070,0.2684720229555237,0.6282281205164992,0.10329985652797705,5576
78071,0.2897727272727273,0.6022727272727273,0.10795454545454546,704
78072,0.278,0.602,0.12,500
78073,0.2911737943585077,0.6151046405823476,0.09372156505914468,1099
78074,0.24770114942528734,0.6224137931034482,0.12988505747126436,1740
78075,0.20675105485232068,0.660759493670886,0.13248945147679325,1185
78076,0.16973415132924335,0.6359918200408998,0.19427402862985685,1956
78077,0.16877880184331798,0.6682027649769585,0.1630184331797235,1736
78078,0.21783876500857632,0.6415094339622641,0.14065180102915953,583
78079,0.16700127760540245,0.6402628216827888,0.1927359007118087,5479
78080,0.3012512030798845,0.5996150144369586,0.09913378248315688,1039
78081,0.20443432810655876,0.6286460967796325,0.1669195751138088,11862
78082,0.24085106382978724,0.6417021276595745,0.1174468085106383,1175
78083,0.27575401488444967,0.6102624363493929,0.11398354876615746,2553
78084,0.24624157594608606,0.6355624675997926,0.1181959564541213,1929
78085,0.23220973782771537,0.6566791510611736,0.1111111111111111,801
78086,0.2926829268292683,0.6300813008130082,0.07723577235772358,246
78087,0.3160961398397669,0.5484340859431901,0.13546977421704298,1373
78088,0.2743823146944083,0.6410923276983095,0.08452535760728218,769
78089,0.3285340314136126,0.5589005235602095,0.112565445026178,764
78090,0.21645021645021645,0.6406926406926406,0.14285714285714285,231
78091,0.1909229762164521,0.6312459087933668,0.17783111499018112,9166
78092,0.27294685990338163,0.6207729468599034,0.10628019323671498,414
78093,0.22790697674418606,0.6868217054263566,0.08527131782945736,1290
78094,0.2160919540229885,0.6551724137931034,0.12873563218390804,870
78096,0.27056277056277056,0.6385281385281385,0.09090909090909091,462
78097,0.14302461899179367,0.6694021101992966,0.18757327080890973,853
78098,0.18639455782312925,0.6925170068027211,0.12108843537414966,735
78099,0.293213828425096,0.6030729833546735,0.10371318822023047,781
78100,0.32495164410058025,0.5880077369439072,0.08704061895551257,517
78101,0.18341232227488152,0.6635071090047393,0.15308056872037915,4220
78102,0.146883900150779,0.5511392192997152,0.3019768805495058,23876
78103,0.26255506607929513,0.6511013215859031,0.08634361233480176,2270
78104,0.24899295065458207,0.6356998992950654,0.11530715005035247,3972
78105,0.20236686390532543,0.6464497041420119,0.15118343195266273,3380
78106,0.2579505300353357,0.6474283470749902,0.09462112288967413,2547
78107,0.25139664804469275,0.601755786113328,0.14684756584197925,1253
78109,0.25675675675675674,0.652027027027027,0.09121621621621621,592
78110,0.18949648077964265,0.6437466161342718,0.16675690308608554,1847
78111,0.2814285714285714,0.5514285714285714,0.16714285714285715,700
78112,0.3101851851851852,0.59375,0.09606481481481481,864
78113,0.2725,0.61,0.1175,400
78114,0.27705827937095284,0.5670675300647549,0.15587419056429233,2162
78115,0.2838633686690224,0.6372202591283863,0.07891637220259129,849
78116,0.2183377308707124,0.6477572559366754,0.13390501319261214,1516
78117,0.22035928143712574,0.6131736526946108,0.1664670658682635,835
78118,0.29220138203356366,0.5942744323790721,0.11352418558736427,1013
78119,0.20376175548589343,0.6514308827990697,0.14480736171503691,9889
78120,0.3634085213032581,0.5914786967418546,0.045112781954887216,399
78121,0.29408686551543695,0.6326530612244898,0.07326007326007326,1911
78122,0.22774947557686545,0.6367995205274198,0.1354510038957147,3337
78123,0.2559840425531915,0.6371897163120568,0.10682624113475177,4512
78124,0.24880382775119617,0.645933014354067,0.10526315789473684,627
78125,0.20371867421180276,0.6806790622473726,0.11560226354082458,1237
78126,0.25787965616045844,0.6246418338108882,0.1174785100286533,349
78127,0.21314310419368784,0.6359706009511457,0.15088629485516644,2313
78128,0.2531017369727047,0.652605459057072,0.09429280397022333,1209
78129,0.330945558739255,0.5916905444126075,0.07736389684813753,698
78130,0.2840409956076135,0.623718887262079,0.09224011713030747,683
78131,0.23950381679389313,0.6679389312977099,0.09255725190839695,1048
78132,0.21850460908159783,0.6650734038921133,0.11642198702628884,2929
78133,0.2991563919532771,0.5963659961064244,0.1044776119402985,1541
78134,0.20645792563600782,0.6389432485322897,0.15459882583170254,1022
78135,0.23786407766990292,0.651294498381877,0.11084142394822007,1236
78136,0.2902698282910875,0.60670482420278,0.10302534750613246,2446
78137,0.37066246056782337,0.5788643533123028,0.050473186119873815,634
78138,0.20614439324116743,0.6706605222734255,0.12319508448540707,6510
78139,0.2503364737550471,0.6567967698519516,0.09286675639300135,743
78140,0.25872093023255816,0.6337209302325582,0.10755813953488372,344
78142,0.2503681885125184,0.6173294059891998,0.1323024054982818,4074
78143,0.19106699751861042,0.6607585962424672,0.14817440623892236,2821
78145,0.3083403538331929,0.6217354675652906,0.06992417860151642,1187
78146,0.29064039408866993,0.60623973727422,0.10311986863711002,3045
78147,0.3526570048309179,0.5942028985507246,0.05314009661835749,414
78148,0.23065531284709367,0.6260644205849686,0.1432802665679378,2701
78149,0.22022838499184338,0.6696574225122349,0.11011419249592169,3678
78150,0.20454545454545456,0.6181818181818182,0.17727272727272728,5500
78152,0.30303030303030304,0.5798898071625345,0.11707988980716254,726
78153,0.32053625837903715,0.6093845216331505,0.07007921998781232,1641
78154,0.2448352875488554,0.6490787269681743,0.10608598548297041,3582
78155,0.19832041343669252,0.665374677002584,0.13630490956072353,1548
78156,0.17838736492103074,0.6621778886118038,0.15943474646716543,6015
78157,0.24540347822482017,0.6286922455071202,0.1259042762680596,48243
79002,0.3133208255159475,0.5647279549718575,0.12195121951219512,533
79003,0.3050345508390918,0.6150049358341559,0.07996051332675222,1013
79004,0.28484848484848485,0.5878787878787879,0.12727272727272726,495
79005,0.33858267716535434,0.5669291338582677,0.09448818897637795,508
79007,0.18152866242038215,0.7197452229299363,0.09872611464968153,314
79008,0.24503968253968253,0.6324404761904762,0.12251984126984126,2016
79009,0.3078730904817861,0.6251468860164512,0.06698002350176263,851
79011,0.19788554355320617,0.6515743507239715,0.15054010572282234,4351
79012,0.23882633913340157,0.6451722961446605,0.11600136472193791,2931
79017,0.25745257452574527,0.6522131887985546,0.09033423667570009,1107
79018,0.2923336141533277,0.5973041280539174,0.11036225779275484,1187
79020,0.2899896800825593,0.6140350877192983,0.09597523219814241,969
79023,0.17761098329121563,0.6177912722060875,0.2045977445026968,53026
79024,0.24571428571428572,0.6571428571428571,0.09714285714285714,350
79025,0.3013698630136986,0.634703196347032,0.0639269406392694,219
79027,0.2882273342354533,0.6603518267929634,0.05142083897158322,739
79029,0.2819775797643001,0.6070709974130497,0.11095142282265019,3479
79030,0.23712948517940718,0.6817472698907956,0.0811232449297972,641
79033,0.28027681660899656,0.6124567474048442,0.10726643598615918,867
79034,0.26417910447761195,0.6014925373134329,0.13432835820895522,1340
79036,0.22548342541436464,0.6415745856353591,0.13294198895027623,2896
79039,0.25963072714839297,0.6311830408023706,0.10918623204923639,4387
79042,0.20257234726688103,0.6539023677287343,0.1435252850043847,3421
79043,0.20756756756756756,0.6545945945945946,0.13783783783783785,1850
79047,0.21470099667774087,0.6602990033222591,0.125,2408
79048,0.2617554858934169,0.6418495297805643,0.09639498432601881,1276
79052,0.23646723646723647,0.6609686609686609,0.10256410256410256,351
79055,0.3,0.5909090909090909,0.10909090909090909,330
79056,0.25916666666666666,0.6475,0.09333333333333334,1200
79058,0.2847259180415114,0.6109632783395423,0.10431080361894625,1879
79059,0.2635933806146572,0.5723995271867612,0.16400709219858156,3384
79060,0.23184452778724854,0.625980225025571,0.14217524718718036,2933
79061,0.2759407069555302,0.6115545419992399,0.11250475104522994,2631
79063,0.21717171717171718,0.6616161616161617,0.12121212121212122,990
79065,0.24433249370277077,0.6448362720403022,0.11083123425692695,397
79068,0.27212681638044917,0.6261558784676354,0.10171730515191546,757
79069,0.26999316473000684,0.6138072453861928,0.11619958988380041,2926
79071,0.3320610687022901,0.5992366412213741,0.06870229007633588,262
79072,0.23236514522821577,0.6113416320885201,0.15629322268326418,1446
79073,0.2718808193668529,0.6461824953445066,0.08193668528864059,537
79074,0.3265582655826558,0.5555555555555556,0.11788617886178862,738
79077,0.28378378378378377,0.6351351351351351,0.08108108108108109,444
79080,0.20163934426229507,0.5672131147540984,0.23114754098360657,1220
79081,0.20243902439024392,0.6113821138211382,0.1861788617886179,3690
79083,0.2733050847457627,0.6377118644067796,0.08898305084745763,472
79087,0.2313200498132005,0.6575342465753424,0.11114570361145704,3212
79088,0.28664495114006516,0.6058631921824105,0.10749185667752444,307
79089,0.2854785478547855,0.6155115511551155,0.09900990099009901,606
79092,0.25333333333333335,0.6083333333333333,0.13833333333333334,1200
79094,0.23222060957910015,0.6052249637155298,0.1625544267053701,689
79095,0.26851851851851855,0.6521164021164021,0.07936507936507936,1512
79096,0.21415034744156664,0.6531901452937461,0.1326595072646873,1583
79099,0.3020833333333333,0.6097756410256411,0.08814102564102565,1248
79108,0.21040723981900453,0.6380090497737556,0.1515837104072398,442
79110,0.20969337289812068,0.6627101879327398,0.12759643916913946,1011
79114,0.26879626022594466,0.6283599532528243,0.10284378652123101,2567
79115,0.26867119301648884,0.6159068865179438,0.11542192046556742,1031
79116,0.24125874125874125,0.6468531468531469,0.11188811188811189,858
79117,0.2666157372039725,0.6195569136745608,0.11382734912146678,1309
79118,0.23246329526916804,0.6402936378466558,0.1272430668841762,1226
79122,0.26141450313339304,0.630259623992838,0.10832587287376902,1117
79123,0.18066635382449553,0.6410136086344439,0.17832003754106054,2131
79126,0.29411764705882354,0.6143790849673203,0.0915032679738562,306
79127,0.23789473684210527,0.6183157894736843,0.14378947368421052,4750
79129,0.24270884824518044,0.6584280771131982,0.09886307464162135,2023
79130,0.23939712583245706,0.6449351559761655,0.1156677181913775,2853
79131,0.19685414680648236,0.6329837940896091,0.1701620591039085,2098
79133,0.19812583668005354,0.6700133868808568,0.1318607764390897,2988
79134,0.2796780684104628,0.6720321931589537,0.0482897384305835,497
79137,0.16063310321602964,0.5867991244317226,0.25256777235224787,5939
79138,0.19155672823218997,0.6443271767810026,0.16411609498680738,1895
79139,0.2837259100642398,0.5931477516059958,0.12312633832976445,934
79142,0.19573283858998144,0.62152133580705,0.18274582560296845,2156
79143,0.19373401534526855,0.6093350383631714,0.1969309462915601,1564
79146,0.21947965310206805,0.657104736490994,0.12341561040693796,1499
79147,0.2590412111017662,0.6349873843566022,0.10597140454163162,2378
79148,0.2621664050235479,0.6624803767660911,0.07535321821036106,637
79151,0.31917098445595854,0.5699481865284974,0.11088082901554404,965
79157,0.2665985699693565,0.6414708886618999,0.09193054136874361,979
79160,0.21808510638297873,0.6284586954350215,0.1534561981819998,40044
80001,0.17683881064162754,0.7183098591549296,0.10485133020344288,1917
80002,0.2993421052631579,0.6381578947368421,0.0625,304
80003,0.22696115765422697,0.6610814927646611,0.11195734958111196,1313
80004,0.23642533936651583,0.667420814479638,0.09615384615384616,884
80005,0.22041192745158317,0.6495542576083615,0.13003381494005534,3253
80006,0.26884779516358465,0.5945945945945946,0.13655761024182078,703
80007,0.23619293078055964,0.6625552282768777,0.1012518409425626,5432
80008,0.2725090036014406,0.6572629051620649,0.0702280912364946,1666
80009,0.20092790863668808,0.6406138472519629,0.15845824411134904,2802
80010,0.1466992665036675,0.7506112469437652,0.10268948655256724,818
80011,0.21863799283154123,0.6164874551971327,0.16487455197132617,279
80012,0.2173307812771881,0.6180615973551418,0.1646076213676701,5747
80013,0.18815052041633307,0.6381104883907126,0.17373899119295436,2498
80014,0.2559576345984113,0.6218005295675199,0.12224183583406885,2266
80015,0.2531969309462916,0.6432225063938619,0.10358056265984655,782
80016,0.2909441233140655,0.6107899807321773,0.09826589595375723,519
80017,0.29473684210526313,0.6,0.10526315789473684,475
80018,0.1830723340790455,0.6539895600298284,0.16293810589112603,2682
80019,0.3215686274509804,0.6039215686274509,0.07450980392156863,255
80020,0.3582089552238806,0.5764925373134329,0.06529850746268656,536
80021,0.20485175202156333,0.6253369272237197,0.16981132075471697,371
80022,0.4737903225806452,0.47681451612903225,0.04939516129032258,992
80023,0.2472981563890655,0.6719643992371265,0.080737444373808,1573
80024,0.2698744769874477,0.5543933054393305,0.17573221757322174,478
80025,0.2636067218459995,0.6175068974166039,0.11888638073739653,3987
80026,0.30917874396135264,0.6183574879227053,0.07246376811594203,414
80027,0.23161764705882354,0.664390756302521,0.10399159663865547,3808
80028,0.23358244553983146,0.6229925266338051,0.1434250278263635,6289
80029,0.2478405315614618,0.6192691029900332,0.132890365448505,3010
80030,0.3121495327102804,0.5738317757009346,0.11401869158878504,535
80031,0.18488593155893537,0.6592205323193916,0.155893536121673,2104
80032,0.29605263157894735,0.6456766917293233,0.05827067669172932,1064
80033,0.23574144486692014,0.6064638783269962,0.15779467680608364,526
80034,0.2822719449225473,0.6402753872633391,0.0774526678141136,581
80035,0.25588536335721596,0.6519959058341863,0.09211873080859775,977
80036,0.24890006285355123,0.6310496543054682,0.12005028284098052,1591
80037,0.25650557620817843,0.6815365551425031,0.061957868649318466,807
80038,0.2153964292570551,0.6746976387022461,0.10990593204069879,10418
80039,0.22733535409203637,0.6616147699090659,0.11104987599889776,3629
80040,0.27186198691255203,0.6680547293277811,0.060083283759666865,1681
80041,0.3333333333333333,0.6056338028169014,0.06103286384976526,213
80042,0.2872305140961857,0.6424543946932006,0.07031509121061359,3015
80043,0.19809281627463446,0.6183089637635092,0.18359821996185632,7865
80044,0.2960172228202368,0.6243272335844995,0.07965554359526372,1858
80045,0.24570637119113573,0.6373961218836565,0.11689750692520776,3610
80046,0.26200873362445415,0.6244541484716157,0.11353711790393013,916
80047,0.2764505119453925,0.6348122866894198,0.08873720136518772,293
80048,0.2670250896057348,0.6308243727598566,0.10215053763440861,558
80049,0.25646687697160886,0.6621451104100946,0.08138801261829653,3170
80050,0.20216383307573416,0.619629057187017,0.17820710973724885,6470
80051,0.2526645768025078,0.6332288401253918,0.11410658307210031,1595
80052,0.2052505966587112,0.6854415274463007,0.10930787589498807,2095
80053,0.25752139111233785,0.6544300303615788,0.08804857852608336,3623
80054,0.22681805893484724,0.6396323330629899,0.13354960800216276,3699
80055,0.25947432762836187,0.6262224938875306,0.11430317848410758,3272
80056,0.23955223880597015,0.6268656716417911,0.1335820895522388,1340
80057,0.18738455855190247,0.6400997414111562,0.17251570003694125,10828
80058,0.3216374269005848,0.5818713450292398,0.09649122807017543,342
80059,0.33434190620272314,0.6081694402420574,0.057488653555219364,661
80060,0.258498023715415,0.6940711462450593,0.04743083003952569,2530
80061,0.19600519649236764,0.6826891848002599,0.12130561870737253,6158
80062,0.3029045643153527,0.6016597510373444,0.0954356846473029,723
80063,0.17642056583762505,0.6228035811540336,0.2007758530083414,104659
80064,0.24339106654512307,0.6335460346399271,0.12306289881494986,1097
80065,0.238230289279637,0.670259028171677,0.09151068254868595,5289
80066,0.30158730158730157,0.626984126984127,0.07142857142857142,252
80067,0.18318089430894308,0.6316056910569106,0.18521341463414634,3936
80068,0.27289048473967686,0.6193895870736086,0.10771992818671454,557
80069,0.24561000803397223,0.6583266383564789,0.09606335360954894,8713
80070,0.24456521739130435,0.6177536231884058,0.13768115942028986,552
80071,0.26255020080321284,0.6400602409638554,0.09738955823293173,1992
80072,0.2196969696969697,0.6818181818181818,0.09848484848484848,264
80073,0.26881720430107525,0.6027830487033523,0.1283997469955724,1581
80074,0.2656185353744311,0.6884567645841952,0.045924700041373605,2417
80075,0.3184979137691238,0.6119610570236439,0.06954102920723226,719
80076,0.3269230769230769,0.5741758241758241,0.0989010989010989,364
80077,0.2608294930875576,0.6645161290322581,0.07465437788018434,1085
80078,0.25908372827804105,0.6224328593996841,0.11848341232227488,633
80079,0.25707547169811323,0.6179245283018868,0.125,424
80080,0.30845771144278605,0.6169154228855721,0.07462686567164178,201
80081,0.26661454261141515,0.6239249413604379,0.10946051602814699,2558
80082,0.28734321550741165,0.5974914481185861,0.11516533637400228,877
80083,0.2185792349726776,0.6297814207650273,0.15163934426229508,732
80084,0.2824561403508772,0.643859649122807,0.07368421052631578,570
80085,0.21450564488539173,0.6616489907629148,0.12384536435169347,2923
80086,0.22751637879690292,0.6801667659321025,0.09231685527099463,1679
80087,0.26714801444043323,0.6462093862815884,0.08664259927797834,554
80088,0.20675728920409772,0.6445035460992907,0.1487391646966115,10152
80089,0.23715415019762845,0.6885375494071146,0.07430830039525692,1265
80090,0.42105263157894735,0.5,0.07894736842105263,152
80091,0.2962962962962963,0.6097883597883598,0.09391534391534391,756
80092,0.2168141592920354,0.6978508217446271,0.08533501896333755,1582
80093,0.2358412567176519,0.6520256304257958,0.1121331128565523,9676
80094,0.25163398692810457,0.6601307189542484,0.08823529411764706,306
80095,0.2570621468926554,0.6151129943502824,0.12782485875706215,1416
80096,0.1756304683479156,0.6378023674729799,0.1865671641791045,7772
80097,0.2407903549899531,0.6426657736101808,0.11654387139986604,2986
81001,0.23108419640092215,0.6331073873997867,0.13580841619929118,29063
81002,0.23306666666666667,0.6789333333333334,0.088,1875
81003,0.254601226993865,0.6323737612081171,0.11302501179801794,4238
81004,0.26561175473297544,0.6087877931619101,0.12560045210511445,7078
81005,0.2158449579384517,0.637951229900969,0.1462038121605793,9391
81006,0.23580616544688401,0.632401862940785,0.1317919716123309,18036
81007,0.24977751409077426,0.6710175022248591,0.07920498368436665,3371
81008,0.19873188405797101,0.6617149758454106,0.13955314009661834,16560
81009,0.21028466483011937,0.6737067646158555,0.1160085705540251,3267
81010,0.22425373134328358,0.6529850746268657,0.12276119402985075,2680
81011,0.24180902863745152,0.635429561772716,0.12276140958983246,48468
81012,0.23363308723188356,0.6547464921795724,0.11162042058854403,28579
81013,0.23194139194139193,0.6744322344322344,0.09362637362637363,6825
81014,0.2253662452337949,0.6841260284968894,0.09050772626931568,4983
81015,0.2322018624211475,0.6254130369480324,0.14238510063082008,6658
81016,0.24918389553862894,0.6398258977149075,0.11099020674646355,919
81017,0.22769516728624536,0.6589219330855018,0.11338289962825279,1076
81018,0.25190839694656486,0.6153846153846154,0.13270698766881972,6812
81019,0.2220873786407767,0.6586771844660194,0.11923543689320389,3296
81020,0.21329479768786128,0.6823699421965318,0.10433526011560694,3460
81021,0.21474627728784154,0.6571924244614717,0.1280612982506867,34585
81022,0.22453195610071014,0.6624919302775985,0.11297611362169141,7745
81023,0.270509977827051,0.6119733924611973,0.11751662971175167,1353
81024,0.27056323060573856,0.6342189160467587,0.09521785334750266,4705
81025,0.25,0.6600760456273764,0.08992395437262357,5260
82001,0.2788416627744045,0.6520317608594115,0.06912657636618402,2141
82002,0.2793522267206478,0.6275303643724697,0.0931174089068826,1235
82003,0.3153034300791557,0.600263852242744,0.08443271767810026,758
82004,0.2035541195476575,0.6468093699515347,0.14963651050080776,4952
82005,0.2057866184448463,0.6792043399638337,0.11500904159132007,5530
82006,0.23715270141485228,0.649695770104831,0.11315152848031669,27282
82007,0.26773198766470424,0.6467619848612279,0.08550602747406784,3567
82008,0.28079242032730406,0.6270456503014643,0.0921619293712317,1161
82009,0.26316735574330397,0.6722991191802984,0.06453352507639763,5563
82010,0.2423920736022647,0.6539278131634819,0.10368011323425336,2826
82011,0.2578302315024966,0.6740807989105765,0.06808896958692692,2203
82012,0.26965065502183405,0.6266375545851528,0.1037117903930131,916
82013,0.24953983697081253,0.663160662634762,0.08729950039442545,3803
82014,0.30501851090086385,0.6048951048951049,0.09008638420403127,4862
82015,0.28329297820823246,0.6198547215496368,0.09685230024213075,2478
82016,0.2973856209150327,0.6503267973856209,0.05228758169934641,306
82017,0.19008434478502365,0.6821641637523144,0.12775149146266201,4861
82018,0.29347826086956524,0.6508152173913043,0.05570652173913043,736
82019,0.2579582875960483,0.6470911086717892,0.09495060373216246,1822
82020,0.23179470088318613,0.6782202966172305,0.0899850024995834,6001
82021,0.2165105214107029,0.6976014126649336,0.08588806592436357,20387
82022,0.22079052759881596,0.6162284520285565,0.16298102037262754,5743
82023,0.22651140532780348,0.6729940979422555,0.10049449672994099,6269
82024,0.2420091324200913,0.6488584474885845,0.1091324200913242,2190
82025,0.28645294725956566,0.6240951396070321,0.08945191313340227,1934
82026,0.21150592216582065,0.7106598984771574,0.077834179357022,591
82027,0.19455980066445183,0.6265573089700996,0.1788828903654485,9632
82028,0.25773195876288657,0.6647821749251746,0.07748586631193881,3007
82029,0.24915254237288137,0.651412429378531,0.09943502824858758,1770
82030,0.2640795078088026,0.632749645054425,0.10317084713677237,2113
82031,0.19304666056724612,0.6991460811222934,0.10780725831046051,6558
82032,0.25933280381254964,0.6497220015885623,0.090945194598888,2518
82033,0.2702702702702703,0.6356356356356356,0.0940940940940941,999
82034,0.24271988174427198,0.6492239467849223,0.10805617147080562,6765
82035,0.22318145483613108,0.6976818545163869,0.07913669064748201,6255
82036,0.2952187640956247,0.5723951285520974,0.13238610735227785,4434
82037,0.2396694214876033,0.6296018031555222,0.13072877535687452,1331
82038,0.22418136020151133,0.6977329974811083,0.07808564231738035,1191
82039,0.2391653290529695,0.6436597110754414,0.11717495987158909,1246
82040,0.20833333333333334,0.7068965517241379,0.08477011494252873,696
82041,0.29497568881685576,0.6304700162074555,0.07455429497568881,617
82042,0.26900584795321636,0.6296296296296297,0.10136452241715399,1026
82043,0.2121056681200308,0.6714542190305206,0.11644011284944858,3899
82044,0.21016949152542372,0.6580508474576271,0.13177966101694916,2360
82045,0.2702702702702703,0.63488016318205,0.09484956654767976,3922
82046,0.26308615049073064,0.6289531079607416,0.1079607415485278,3668
82047,0.2515188335358445,0.6597812879708383,0.08869987849331713,1646
82048,0.24056764685815651,0.6806986422869619,0.07873371085488162,14657
82049,0.2060635696821516,0.6855745721271393,0.10836185819070905,20450
82050,0.20997857361493724,0.6899295990205081,0.10009182736455463,3267
82051,0.28892215568862273,0.6052894211576846,0.10578842315369262,2004
82052,0.27279752704791344,0.6406491499227203,0.0865533230293663,1294
82053,0.20412668855822355,0.6294649577128713,0.16640835372890522,358738
82054,0.2302651538134822,0.6488683939081367,0.12086645227838116,16481
82055,0.2383747178329571,0.6519187358916478,0.10970654627539503,2215
82056,0.22432859399684044,0.6303317535545023,0.14533965244865718,1899
82057,0.22556390977443608,0.641122035858878,0.13331405436668595,3458
82058,0.27285714285714285,0.6042857142857143,0.12285714285714286,2100
82059,0.24338624338624337,0.6426166426166426,0.113997113997114,2079
82060,0.23425958494548013,0.6654941962715442,0.10024621878297572,2843
82061,0.2676822633297062,0.6605005440696409,0.07181719260065289,919
82062,0.2417503586800574,0.6649928263988523,0.09325681492109039,1394
82063,0.25237592397043296,0.6765223512847589,0.07110172474480816,2841
82064,0.28095238095238095,0.6560090702947846,0.06303854875283446,4410
82065,0.35321969696969696,0.5795454545454546,0.06723484848484848,1056
82066,0.2003257328990228,0.6905537459283387,0.10912052117263844,614
82067,0.23039867109634551,0.643687707641196,0.12591362126245847,6020
82068,0.27591136526090065,0.6576125804145818,0.06647605432451752,1399
82069,0.3391003460207612,0.6124567474048442,0.04844290657439446,289
82070,0.23191005035524592,0.6404083603504174,0.12768158929433676,14497
82071,0.22725960150158822,0.6749927808258736,0.09774761767253826,6926
82072,0.23298097251585623,0.6689217758985201,0.09809725158562368,2365
82073,0.23614209713403123,0.6552256735884675,0.10863222927750128,5827
82074,0.266065388951522,0.6133032694475761,0.12063134160090191,1774
82075,0.22738095238095238,0.6678571428571428,0.10476190476190476,840
82076,0.28477751756440284,0.6159250585480094,0.09929742388758782,2135
82077,0.24561403508771928,0.6736842105263158,0.08070175438596491,1140
82078,0.29221226740179185,0.6326671261199173,0.07512060647829083,1451
82079,0.24506273867975994,0.6861974904528096,0.06873977086743044,9165
82080,0.2585181179015684,0.644131963223364,0.09734991887506761,1849
82081,0.3316708229426434,0.6309226932668329,0.03740648379052369,401
82082,0.24891461649782923,0.6410998552821997,0.10998552821997105,691
83001,0.2811808118081181,0.6140221402214022,0.1047970479704797,1355
83002,0.24429223744292236,0.6757990867579908,0.07990867579908675,438
83003,0.1784068466096116,0.6668861092824226,0.15470704410796576,1519
83004,0.2792321116928447,0.6579406631762653,0.06282722513089005,573
83005,0.19477415434474377,0.6400243062588616,0.16520153939639456,24685
83006,0.28296703296703296,0.6401098901098901,0.07692307692307693,364
83007,0.20272952853598014,0.6672456575682382,0.13002481389578163,4030
83008,0.2687007874015748,0.6432086614173228,0.08809055118110236,2032
83009,0.1783625730994152,0.6486896252978124,0.17294780160277237,9234
83010,0.21578947368421053,0.687828947368421,0.09638157894736842,3040
83011,0.23440453686200377,0.667296786389414,0.09829867674858223,2116
83012,0.23105360443622922,0.7097966728280961,0.059149722735674676,541
83013,0.3064327485380117,0.5824561403508772,0.1111111111111111,855
83014,0.2365432098765432,0.6439506172839506,0.11950617283950617,2025
83015,0.21805555555555556,0.6986111111111111,0.08333333333333333,720
83016,0.2458204334365325,0.6557275541795665,0.09845201238390093,1615
83017,0.22665808113329042,0.686413393432067,0.08692852543464263,1553
83018,0.2711267605633803,0.647887323943662,0.08098591549295775,284
83019,0.2403846153846154,0.6549145299145299,0.1047008547008547,1872
83020,0.263681592039801,0.6238805970149254,0.11243781094527364,1005
83021,0.21084337349397592,0.7156626506024096,0.07349397590361446,830
83022,0.1853932584269663,0.7247191011235955,0.0898876404494382,356
83023,0.2733516483516483,0.6373626373626373,0.08928571428571429,728
83024,0.21920289855072464,0.6920289855072463,0.08876811594202899,552
83025,0.21227722772277227,0.6677227722772278,0.12,2525
83026,0.2888402625820569,0.6170678336980306,0.09409190371991247,457
83027,0.15819477434679335,0.6612826603325416,0.18052256532066507,2105
83028,0.18767069840031214,0.6589933671478736,0.1533359344518143,2563
83029,0.2131057268722467,0.7120044052863436,0.07488986784140969,1816
83030,0.2236842105263158,0.6798245614035088,0.09649122807017543,1824
83031,0.21074380165289255,0.6983471074380165,0.09090909090909091,242
83032,0.18964062763624093,0.6740340813227602,0.13632529104099883,5927
83033,0.1970069700697007,0.6549815498154982,0.14801148011480114,4878
83034,0.22899159663865545,0.6859243697478992,0.08508403361344538,952
83035,0.2584053794428434,0.6666666666666666,0.07492795389048991,1041
83036,0.18651211801896733,0.7038988408851422,0.1095890410958904,949
83037,0.15644820295983086,0.7082452431289641,0.13530655391120508,473
83038,0.149468085106383,0.7287234042553191,0.12180851063829787,1880
83039,0.23777961888980945,0.6462303231151616,0.115990057995029,1207
83040,0.3231850117096019,0.550351288056206,0.12646370023419204,427
83041,0.1667468719923003,0.7124639076034649,0.12078922040423484,8312
83042,0.1728643216080402,0.7055276381909548,0.12160804020100502,995
83043,0.1572052401746725,0.6943231441048034,0.14847161572052403,687
83044,0.2163355408388521,0.7284768211920529,0.05518763796909492,453
83045,0.22606382978723405,0.6702127659574468,0.10372340425531915,376
83046,0.2629399585921325,0.6231884057971014,0.11387163561076605,966
83047,0.22598870056497175,0.6624293785310734,0.1115819209039548,1416
83048,0.16843712957052978,0.6414470684781618,0.19011580195130848,131604
83049,0.17908163265306123,0.6508673469387755,0.17005102040816328,19600
83050,0.23216444981862153,0.6674727932285369,0.1003627569528416,827
83051,0.21234939759036145,0.6897590361445783,0.09789156626506024,664
83052,0.19630252100840337,0.6547899159663866,0.14890756302521008,2975
83053,0.2297872340425532,0.6702127659574468,0.1,470
83054,0.2236842105263158,0.6674641148325359,0.10885167464114832,1672
83055,0.2185792349726776,0.7076502732240437,0.07377049180327869,366
83056,0.2195845697329377,0.6745796241345203,0.10583580613254204,1011
83057,0.2446524064171123,0.6510695187165776,0.10427807486631016,1496
83058,0.23801065719360567,0.6607460035523979,0.10124333925399645,563
83059,0.25363825363825365,0.604989604989605,0.14137214137214138,481
83060,0.24464710547184773,0.6518636003172086,0.10348929421094369,2522
83061,0.17053264604810997,0.6585051546391752,0.17096219931271478,2328
83062,0.24356223175965666,0.6791845493562232,0.07725321888412018,932
83063,0.23109243697478993,0.6491596638655462,0.11974789915966387,1428
83064,0.1953929539295393,0.7043360433604337,0.1002710027100271,3690
83065,0.16666666666666666,0.680327868852459,0.15300546448087432,732
83066,0.17957338279619756,0.6540690934384419,0.16635752376536053,8626
83067,0.23653395784543327,0.6885245901639344,0.07494145199063232,854
83068,0.19853211009174312,0.6609174311926606,0.14055045871559632,2725
83069,0.2184873949579832,0.6400560224089635,0.14145658263305322,714
83070,0.27044025157232704,0.6289308176100629,0.10062893081761007,477
83071,0.19047619047619047,0.6587301587301587,0.15079365079365079,126
83072,0.1646294881588999,0.6413292589763178,0.19404125286478227,2618
83073,0.20401854714064915,0.7217928902627512,0.07418856259659969,647
83074,0.2644230769230769,0.65625,0.07932692307692307,416
83075,0.22127659574468084,0.6531914893617021,0.125531914893617,1410
83076,0.16893018822968786,0.6869192280200143,0.14415058375029782,4197
83077,0.20898666042593025,0.6934238240112334,0.09758951556283642,4273
83078,0.26935886761032474,0.6552872606161532,0.07535387177352207,2402
83079,0.27452316076294275,0.6137602179836512,0.11171662125340599,1468
83080,0.27557160048134777,0.6101083032490975,0.11432009626955475,1662
83081,0.21924050632911393,0.670379746835443,0.11037974683544304,1975
83082,0.3117178612059158,0.6143344709897611,0.07394766780432309,879
83083,0.19747235387045814,0.7187993680884676,0.08372827804107424,633
83084,0.19583751253761283,0.6341524573721163,0.17001003009027083,7976
83085,0.1798076923076923,0.6461538461538462,0.17403846153846153,1040
83086,0.2388677942699344,0.6910597169485675,0.0700724887814981,2897
83087,0.1588785046728972,0.6261682242990654,0.21495327102803738,642
83088,0.2571428571428571,0.6483870967741936,0.0944700460829493,2170
83089,0.16068294239668102,0.6596457635232168,0.17967129408010213,6267
83090,0.2640883977900553,0.6497237569060773,0.0861878453038674,905
83091,0.1948288419519301,0.668244719592134,0.1369264384559359,2746
83092,0.2241452089489236,0.6661038412832418,0.10975094976783453,2369
83093,0.1842355175688509,0.6970560303893637,0.11870845204178537,1053
83094,0.17159763313609466,0.7235841081994928,0.10481825866441251,1183
83095,0.20437158469945355,0.6704918032786885,0.1251366120218579,1830
83096,0.17651075452372825,0.6756572208945032,0.14783202458176853,2929
83097,0.16255668934240364,0.6910430839002267,0.1464002267573696,7056
83098,0.19771607702642185,0.6894312583967757,0.11285266457680251,4466
83099,0.28230662343677626,0.6442797591477536,0.07341361741547013,4318
83100,0.2491349480968858,0.6366782006920415,0.11418685121107267,578
83101,0.22743870631194574,0.6384976525821596,0.13406364110589464,1917
83102,0.20670391061452514,0.6955307262569832,0.09776536312849161,716
83103,0.202275600505689,0.6750948166877371,0.12262958280657396,791
83104,0.17811069496462756,0.6853932584269663,0.13649604660840617,2403
83105,0.17655038759689923,0.6773255813953488,0.14612403100775193,5160
83106,0.21675392670157068,0.6707853403141362,0.1124607329842932,4775
83107,0.23295944779982744,0.635605406960023,0.13143514524014954,3477
83108,0.17183377308707123,0.6929419525065963,0.13522427440633245,3032
84001,0.18500719424460432,0.6292374100719424,0.18575539568345323,34750
84002,0.2679337829552422,0.5708154506437768,0.161250766400981,1631
84003,0.21070001737015806,0.6593712002779225,0.1299287823519194,5757
84004,0.21363853123509777,0.6394849785407726,0.1468764902241297,2097
84005,0.2536723163841808,0.6169491525423729,0.12937853107344632,1770
84006,0.23355704697986576,0.6697986577181209,0.09664429530201342,745
84007,0.27415026833631484,0.6055456171735242,0.120304114490161,2236
84008,0.27347611202635913,0.6392092257001647,0.08731466227347612,1214
84009,0.2484707253131372,0.6268569764054762,0.12467229828138654,3433
84010,0.2482708409173644,0.6405169275573352,0.11121223152530033,5494
84011,0.24311657879320445,0.6467486818980668,0.11013473930872876,18777
84012,0.2488938053097345,0.6457964601769911,0.10530973451327434,4520
84013,0.3089480048367594,0.6203143893591294,0.07073760580411124,1654
84014,0.24236983842010773,0.6368940754039497,0.12073608617594254,2228
84015,0.22480237154150198,0.641798418972332,0.13339920948616601,2024
84016,0.22752293577981653,0.6623853211009174,0.11009174311926606,545
84017,0.2188007390403673,0.6627848384748894,0.11841442248474329,17861
84018,0.22430471584038694,0.6269649334945586,0.1487303506650544,3308
84019,0.23730964467005075,0.6395939086294417,0.12309644670050761,788
84020,0.25249169435215946,0.6848964988499873,0.0626118067978533,3913
84021,0.2640400633655271,0.6346772957228269,0.10128264091164597,19569
84022,0.21764220939818632,0.686727122835944,0.09563066776586975,1213
84023,0.26458216489063374,0.6184800897363993,0.1169377453729669,7132
84024,0.2496732026143791,0.6745098039215687,0.07581699346405228,1530
84025,0.25618374558303886,0.6266195524146054,0.11719670200235571,1698
84026,0.28007761966364814,0.5944372574385511,0.12548512289780078,4638
84027,0.2969737279680745,0.6204689058862654,0.08255736614566013,12028
84028,0.26463400442220414,0.6450599325032003,0.0903060630745956,8593
84029,0.2358574610244989,0.6478841870824054,0.11625835189309577,4490
84030,0.2190917277756336,0.6450533899395343,0.1358548822848321,7773
84031,0.26118398923646147,0.6246215943491423,0.11419441641439623,5946
84032,0.22922102124487514,0.6667909057025717,0.10398807305255311,2683
84033,0.22343850611719254,0.639407598197038,0.13715389568576947,10871
84034,0.24108953926398147,0.6493769921761808,0.10953346855983773,3451
84035,0.2764976958525346,0.6379928315412187,0.0855094726062468,1953
84036,0.2569368582040638,0.6253004151190736,0.11776272667686258,4577
84037,0.21666666666666667,0.6533333333333333,0.13,1500
84038,0.2534118276692534,0.6411560074926411,0.10543216483810543,3737
84039,0.27710843373493976,0.6035049288061336,0.11938663745892661,913
84040,0.24186046511627907,0.627906976744186,0.13023255813953488,2795
84041,0.2390552995391705,0.6162771560236998,0.1446675444371297,24304
84042,0.249098774333093,0.6683489545782264,0.0825522710886806,2774
84043,0.25339366515837103,0.6515837104072398,0.09502262443438914,884
85001,0.20679886685552407,0.6940509915014165,0.09915014164305949,706
85002,0.26944444444444443,0.6666666666666666,0.06388888888888888,360
85003,0.24839319470699434,0.6370510396975425,0.11455576559546314,2645
85004,0.20332904426862322,0.6429490513866455,0.1537219043447313,36527
85005,0.23214285714285715,0.6699134199134199,0.09794372294372294,1848
85006,0.21920503738685557,0.6682408500590319,0.11255411255411256,2541
85007,0.2456847519659726,0.6505761907117068,0.1037390573223206,40438
85008,0.2786026200873362,0.674235807860262,0.04716157205240175,1145
85009,0.19824116857952004,0.6965270532121032,0.10523177820837681,6709
85010,0.24114583333333334,0.6197916666666666,0.1390625,1920
85011,0.19338159255429163,0.6990692864529473,0.10754912099276112,967
85012,0.2171992342806656,0.6252392872920042,0.1575614784273303,6791
85013,0.2884243128145567,0.6332171893147502,0.07835849787069299,12915
85014,0.26661264181523503,0.626418152350081,0.10696920583468396,1234
85015,0.25710442239784764,0.6539431646208173,0.08895241298133513,5947
85016,0.21830075302350346,0.6578687152962653,0.12383053168023123,13147
85017,0.2764916856863384,0.6361265079882621,0.08738180632539941,3067
85018,0.23221816137194265,0.6452066348046106,0.12257520382344672,3557
85019,0.21899801587301587,0.6949404761904762,0.08606150793650794,4032
85020,0.21175278622087132,0.6251266464032421,0.16312056737588654,987
85021,0.2782037239868565,0.6467688937568455,0.07502738225629792,1826
85022,0.28431372549019607,0.6154684095860566,0.10021786492374728,918
86001,0.2258563535911602,0.6651933701657459,0.10895027624309392,4525
86002,0.24525547445255474,0.6448905109489051,0.10985401459854015,2740
86003,0.23231989424983476,0.663251817580965,0.10442828816920026,3026
86004,0.2633376013657704,0.6436192915066155,0.09304310712761417,7029
86005,0.19653804543815362,0.6743598990263253,0.1291020555355211,2773
86006,0.2265214124718257,0.7013523666416228,0.07212622088655146,2662
86007,0.24450811843361986,0.6746259153135944,0.08086596625278573,3141
86008,0.2621127879269261,0.659253375694996,0.07863383637807785,1259
86009,0.17319942611190817,0.646025824964132,0.18077474892395984,17425
86010,0.2739602169981917,0.629746835443038,0.09629294755877034,2212
86011,0.22759094028826354,0.650926561427591,0.12148249828414551,7285
86012,0.226,0.6458823529411765,0.12811764705882353,8500
86013,0.20090293453724606,0.677765237020316,0.12133182844243792,1772
86014,0.1846190781049936,0.6869398207426376,0.12844110115236876,12496
86015,0.2767536509456548,0.62748384007661,0.09576250897773522,4177
86016,0.25232087598190905,0.6638895501071174,0.08378957391097358,4201
86017,0.2540983606557377,0.6270491803278688,0.11885245901639344,488
86018,0.29283489096573206,0.5879196953963309,0.119245413637937,5778
86019,0.2435049598488427,0.6721776098252243,0.08431743032593292,4234
86020,0.23938879456706283,0.6526315789473685,0.10797962648556876,2945
87001,0.17766990291262136,0.6519417475728155,0.1703883495145631,2060
87002,0.14319620253164558,0.6276371308016878,0.22916666666666666,11376
87003,0.17355483522420315,0.7114397622906538,0.11500540248514317,14808
87004,0.18010109071561586,0.6530992285182229,0.16679968076616122,30072
87005,0.16759493670886075,0.7044050632911393,0.128,9875
87006,0.2793263980688545,0.6403816311282258,0.08029197080291971,17399
87007,0.19882686084142395,0.7028047464940669,0.09836839266450917,14832
87008,0.2567249495628783,0.6428211163416274,0.10045393409549429,11896
87009,0.24653473977857204,0.6628890244965565,0.09057623572487142,11471
87010,0.2404001290738948,0.6779606324620845,0.08163923846402066,3099
87011,0.2058570198105082,0.6564743037611255,0.13766867642836636,20898
87012,0.1826381059751973,0.7328072153325818,0.08455467869222097,2661
87013,0.2648401826484018,0.684516396845164,0.0506434205064342,2409
87014,0.21524663677130046,0.6935724962630793,0.09118086696562033,2007
87015,0.20204339129096785,0.6418587474996154,0.15609786120941682,162475
87016,0.22033278478698118,0.6756262570853904,0.10404095812762845,5469
87017,0.19108836744882676,0.6528956565152272,0.15601597603594608,16024
87018,0.2408493992735401,0.6452919810002794,0.1138586197261805,7158
87019,0.1785855393125247,0.6696299222968524,0.15178453839062295,15186
87020,0.24481327800829875,0.6822762299940723,0.07291049199762893,1687
87021,0.16138412329165455,0.7202675196277988,0.11834835708054667,3439
87022,0.27755466309683174,0.643908969210174,0.0785363676929942,2241
87023,0.18732649366324683,0.6931804465902233,0.11949305974652988,8285
87024,0.16535258189894503,0.7012215435868961,0.1334258745141588,18010
87025,0.24805396990140113,0.6613907628437986,0.0905552672548002,3854
87026,0.17638483965014579,0.6924198250728864,0.13119533527696792,686
87027,0.2853195164075993,0.6276338514680484,0.08704663212435233,2895
87028,0.281055900621118,0.6211180124223602,0.09782608695652174,2576
87029,0.2082639255677894,0.709868768536952,0.0818673058952586,24613
87030,0.1818044886278054,0.7138123211327007,0.1043831902394939,6639
87031,0.16091190792386012,0.6733067729083665,0.16578131916777336,4518
87032,0.24133412745681954,0.6973198332340679,0.06134603930911257,8395
87033,0.2379836820421682,0.6630584053639228,0.09895791259390904,24758
87034,0.15326251896813353,0.6930080541613167,0.15372942687054977,8567
87035,0.19002079002079003,0.6956340956340956,0.11434511434511435,2405
87036,0.26073428749222155,0.6789047915370255,0.060360920970752956,1607
87037,0.22054054054054054,0.707027027027027,0.07243243243243243,5550
87038,0.22315606433850166,0.6867120707143892,0.09013186494710912,6901
87039,0.1886996161228407,0.6777831094049904,0.1335172744721689,8336
87040,0.26741871267418715,0.635036496350365,0.09754479097544791,1507
87041,0.15988889680222207,0.6505946869881063,0.18951641620967166,14041
87042,0.12545430071342037,0.6061381074168798,0.2684075918696998,7429
87043,0.2385904101675332,0.6672443674176777,0.09416522241478914,1731
87044,0.18542600896860986,0.7118834080717489,0.10269058295964126,4460
87045,0.11878088962108732,0.6026359143327842,0.2785831960461285,6070
87046,0.18413021363173956,0.6897253306205493,0.12614445574771108,983
87047,0.21046108081308876,0.6978185423896877,0.0917203767972236,4034
87048,0.20715166461159062,0.6757090012330457,0.11713933415536375,4866
87049,0.23282681099084096,0.6744379683597003,0.09273522064945879,9608
87050,0.1605143721633888,0.6467473524962178,0.19273827534039334,6610
87051,0.14098549769281477,0.654663810151615,0.2043506921555702,12136
87052,0.16383573425069878,0.6607181251343797,0.17544614061492153,4651
87053,0.1584855403348554,0.6474505327245054,0.19406392694063926,5256
87054,0.2391240011837822,0.653151820065108,0.10772417875110979,3379
87055,0.17596011816838997,0.689807976366322,0.13423190546528804,5416
87056,0.24554455445544554,0.697029702970297,0.05742574257425743,2525
87057,0.2700675168792198,0.6890472618154538,0.04088522130532633,2666
87058,0.1718625099920064,0.6634692246203038,0.16466826538768986,2502
88001,0.2602434679334917,0.6713182897862233,0.06843824228028504,6736
88002,0.244347983360463,0.6616024597576415,0.09404955688189547,5529
88003,0.23627998685507723,0.6575199912367181,0.10620002190820463,18258
88004,0.23670340201245807,0.663632007666507,0.09966459032103497,2087
88005,0.20239103831309424,0.6729737362327026,0.12463522545420315,10623
88006,0.20152915668150176,0.6584788314504165,0.13999201186808172,35052
88007,0.2325925925925926,0.6790123456790124,0.08839506172839506,2025
88008,0.22607430234548878,0.679763739085773,0.09416195856873823,11682
88009,0.19297212406753042,0.643031016882607,0.16399685904986258,50940
88010,0.232427366447985,0.6597938144329897,0.1077788191190253,7469
88011,0.23313966735019367,0.6489519252677147,0.11790840738209159,17556
88012,0.25674513597764165,0.6504622164893046,0.09279264753305386,37212
89001,0.18513683831472813,0.6811307166006482,0.1337324450846237,22216
89002,0.21104651162790697,0.6513953488372093,0.13755813953488372,17200
89003,0.23383458646616542,0.662406015037594,0.1037593984962406,1330
89004,0.20634920634920634,0.6955266955266955,0.09812409812409813,693
89005,0.21810905452726362,0.6578289144572286,0.12406203101550775,3998
89006,0.20316850696111377,0.6610657705232837,0.13576572251560248,10415
89007,0.20355731225296442,0.7213438735177866,0.07509881422924901,506
89008,0.2534451767525464,0.689035350509287,0.057519472738166565,1669
89009,0.20722574273722327,0.6759937453707514,0.11678051189202535,12151
89010,0.26867506916692285,0.6667691361819859,0.0645557946510913,6506
89011,0.2430371618910025,0.6532627016614495,0.10370013644754796,12459
89012,0.21355367665898028,0.7006149116064566,0.08583141173456316,7806
89013,0.2168710296941941,0.657039444526518,0.12608952577928792,13538
89014,0.2320110701107011,0.6827337023370234,0.08525522755227552,13008
89015,0.19450392576730907,0.6575660242683797,0.1479300499643112,5604
89016,0.223151582103685,0.6577763749704095,0.11907204292590547,12673
89017,0.1787014647433225,0.6657077739792657,0.1555907612774118,71958
89018,0.2051685393258427,0.6889887640449438,0.10584269662921349,4450
89019,0.21493624772313297,0.6950819672131148,0.08998178506375228,5490
89020,0.24,0.7009090909090909,0.05909090909090909,2200
89021,0.20955064511345098,0.7168915912798458,0.07355776360670324,6743
90001,0.19731800766283525,0.6618773946360154,0.14080459770114942,1044
90002,0.31528384279475985,0.6323144104803493,0.05240174672489083,1145
90003,0.18546382527425181,0.6524044675703443,0.16213170715540384,30173
90004,0.2,0.6275862068965518,0.1724137931034483,435
90005,0.26779026217228463,0.6666666666666666,0.06554307116104868,534
90006,0.18931886930218003,0.7024095128820278,0.10827161781579221,9587
90007,0.3228346456692913,0.6089238845144357,0.06824146981627296,381
90008,0.1968225948808473,0.6954986760812003,0.10767872903795234,1133
90009,0.21686135093956324,0.6988318943626206,0.08430675469781615,1969
90010,0.25704225352112675,0.6654929577464789,0.07746478873239436,284
90011,0.250386398763524,0.6599690880989181,0.08964451313755796,647
90012,0.21164510166358594,0.7005545286506469,0.0878003696857671,2164
90013,0.2548758865248227,0.6675531914893617,0.0775709219858156,2256
90014,0.2647058823529412,0.6415441176470589,0.09375,544
90015,0.20359281437125748,0.6586826347305389,0.1377245508982036,167
90016,0.20474137931034483,0.7004310344827587,0.09482758620689655,464
90017,0.26373626373626374,0.6804395604395604,0.05582417582417582,2275
90018,0.2427652733118971,0.6237942122186495,0.13344051446945338,622
90019,0.24203821656050956,0.6656050955414012,0.09235668789808917,314
90020,0.2233502538071066,0.6903553299492385,0.08629441624365482,591
90021,0.1830621301775148,0.7148668639053254,0.10207100591715976,2704
90022,0.23057644110275688,0.656641604010025,0.11278195488721804,399
90023,0.232455060329968,0.6808667815808914,0.0866781580891406,4061
90024,0.22073578595317725,0.6655518394648829,0.11371237458193979,299
90025,0.25164938737040526,0.6795475966069745,0.06880301602262016,1061
90026,0.17692307692307693,0.7241758241758242,0.0989010989010989,910
90027,0.23049001814882034,0.6715063520871143,0.09800362976406533,551
90028,0.22180451127819548,0.7255639097744361,0.05263157894736842,266
90029,0.2523461939520334,0.656934306569343,0.09071949947862357,959
90030,0.27323943661971833,0.6450704225352113,0.08169014084507042,355
90031,0.23550087873462214,0.6660808435852372,0.0984182776801406,569
90032,0.25071225071225073,0.6723646723646723,0.07692307692307693,351
90033,0.2507667328161645,0.666065307595165,0.08316795958867039,5543
90034,0.23166666666666666,0.71,0.058333333333333334,600
90035,0.17074750615364684,0.7077341624562767,0.12151833139007644,7719
90036,0.255044390637611,0.6844229217110573,0.06053268765133172,1239
90037,0.2554831061055127,0.6716064018968583,0.07291049199762893,1687
90038,0.34196891191709844,0.6062176165803109,0.05181347150259067,386
90039,0.229607250755287,0.6948640483383686,0.0755287009063444,331
90040,0.25882352941176473,0.6941176470588235,0.047058823529411764,85
90041,0.24040767386091128,0.6942446043165468,0.06534772182254196,1668
90042,0.2805628847845207,0.6552330694810906,0.06420404573438875,1137
90043,0.19961977186311788,0.7091254752851711,0.09125475285171103,526
90044,0.24956063268892795,0.6502636203866432,0.10017574692442882,569
90045,0.2875586854460094,0.6220657276995305,0.0903755868544601,852
90046,0.240990990990991,0.6897522522522522,0.06925675675675676,1776
90047,0.18562714818221426,0.6794064965871133,0.1349663552306724,41314
90048,0.20767244559203246,0.6938399114717816,0.0984876429361859,2711
90049,0.2307017543859649,0.6868421052631579,0.0824561403508772,2280
90050,0.22865701447828257,0.6829755366949576,0.08836744882675986,2003
90051,0.23654430030361578,0.6737510350538228,0.08970466464256141,3623
90052,0.19389379250470265,0.6770366083055998,0.12906959918969757,6911
90053,0.2853881278538813,0.634703196347032,0.07990867579908675,438
90054,0.18391199724991406,0.7002406325197662,0.1158473702303197,2909
90055,0.2157920549288867,0.6655223148602256,0.1186856302108877,2039
90056,0.25627817128139085,0.6445589182227945,0.09916291049581455,1553
90057,0.21406727828746178,0.6666666666666666,0.11926605504587157,2943
90058,0.22370317002881845,0.6778818443804034,0.0984149855907781,13880
90059,0.22002262443438914,0.6990950226244343,0.08088235294117647,1768
90060,0.20449897750511248,0.7096114519427403,0.08588957055214724,489
90061,0.24024024024024024,0.6756756756756757,0.08408408408408409,333
90062,0.22722283205268934,0.6212952799121844,0.15148188803512624,911
90063,0.1805668016194332,0.7130904183535762,0.10634278002699055,3705
90064,0.16969314429986404,0.6308992037288794,0.19940765197125657,82384
90065,0.2508250825082508,0.6402640264026402,0.10891089108910891,909
90066,0.45098039215686275,0.5,0.049019607843137254,102
90067,0.23893999123959703,0.6819973718791065,0.07906263688129654,4566
90068,0.22807017543859648,0.6771929824561403,0.09473684210526316,570
90069,0.22213887698242607,0.6854907843977711,0.09237033861980283,9332
90070,0.18694583911975216,0.6709753231492362,0.14207883773101165,9361
90071,0.20515463917525772,0.661340206185567,0.13350515463917526,1940
90072,0.16124837451235371,0.6866059817945384,0.15214564369310793,1538
90073,0.2480127186009539,0.6804451510333863,0.07154213036565978,629
90074,0.21731123388581952,0.6666666666666666,0.11602209944751381,1629
90075,0.29158512720156554,0.6457925636007827,0.06262230919765166,1022
90076,0.22741433021806853,0.6910695742471443,0.08151609553478713,1926
90077,0.23570381231671556,0.6818181818181818,0.08247800586510264,2728
90078,0.2680878552971576,0.6563307493540051,0.0755813953488372,1548
90079,0.2276206322795341,0.7041597337770382,0.06821963394342762,3005
90080,0.23272490221642764,0.682529335071708,0.0847457627118644,1534
90081,0.23402674591381872,0.6842496285289748,0.08172362555720654,1346
90082,0.2270363951473137,0.7105719237435009,0.06239168110918544,1154
90083,0.21686046511627907,0.6709302325581395,0.11220930232558139,1720
90084,0.18469347910972275,0.7192502928543538,0.09605622803592347,2561
90085,0.28128128128128127,0.6686686686686687,0.05005005005005005,999
90086,0.21867881548974943,0.6856492027334852,0.09567198177676538,439
90087,0.2692713833157339,0.6684266103484688,0.06230200633579725,947
90088,0.2153209109730849,0.7349896480331263,0.049689440993788817,483
90089,0.17571059431524547,0.6658053402239449,0.15848406546080965,1161
90090,0.260233918128655,0.6871345029239766,0.05263157894736842,1368
90091,0.19551199380964662,0.6920299200412691,0.11245808614908434,3877
90092,0.16763485477178422,0.7065006915629323,0.12586445366528354,3615
91001,0.18181818181818182,0.7297979797979798,0.08838383838383838,792
91002,0.2059186189889026,0.6683107274969173,0.12577065351418001,1622
91003,0.19859154929577466,0.6859154929577465,0.11549295774647887,710
91004,0.22263450834879406,0.6697588126159555,0.10760667903525047,539
91005,0.22974963181148747,0.6579528718703976,0.11229749631811488,2716
91006,0.26414342629482074,0.6139442231075697,0.12191235059760956,2510
91007,0.20194647201946472,0.7226277372262774,0.07542579075425791,411
91008,0.20334261838440112,0.6991643454038997,0.09749303621169916,359
91009,0.25870380289234063,0.6025709694697375,0.1387252276379218,1867
91010,0.2549476135040745,0.6519208381839348,0.09313154831199069,1718
91011,0.26479514415781485,0.6646433990895296,0.07056145675265554,1318
91012,0.20748663101604278,0.6716577540106952,0.12085561497326203,935
91016,0.24765100671140938,0.6523489932885906,0.1,1490
91017,0.21669842369651826,0.6750389745366361,0.10826260176684566,5773
91018,0.29310344827586204,0.6305418719211823,0.07635467980295567,406
91019,0.225201072386059,0.675603217158177,0.09919571045576407,373
91024,0.2395098403267731,0.6487189008540661,0.1117712588191608,2693
91025,0.2606837606837607,0.6858974358974359,0.053418803418803416,468
91026,0.23675675675675675,0.6918918918918919,0.07135135135135136,925
91027,0.2455128205128205,0.7019230769230769,0.052564102564102565,1560
91028,0.20552486187845304,0.6734806629834255,0.12099447513812155,1810
91031,0.17009132420091325,0.7168949771689498,0.11301369863013698,876
91032,0.2273714699493121,0.666183924692252,0.10644460535843592,1381
91033,0.2712975098296199,0.6625163826998689,0.06618610747051114,1526
91035,0.21835748792270532,0.6483091787439613,0.13333333333333333,2070
91037,0.20261256253474152,0.6536964980544747,0.14369093941078376,3598
91038,0.30327868852459017,0.6010928961748634,0.09562841530054644,366
91039,0.24555555555555555,0.6644444444444444,0.09,900
91040,0.27358490566037735,0.6886792452830188,0.03773584905660377,318
91041,0.3126064735945486,0.606473594548552,0.08091993185689948,1174
91042,0.20642515379357484,0.6780587833219412,0.11551606288448393,1463
91043,0.23145071982281284,0.6777408637873754,0.09080841638981174,903
91044,0.17916666666666667,0.6898148148148148,0.1310185185185185,6480
91046,0.24806201550387597,0.6815245478036176,0.07041343669250646,1548
91047,0.24291115311909262,0.6729678638941399,0.08412098298676748,1058
91050,0.4072164948453608,0.5567010309278351,0.03608247422680412,194
91051,0.1602963955289488,0.6420228576213003,0.1976807468497509,23887
91055,0.21283634759594178,0.6976179973533304,0.08954565505072784,4534
91056,0.27293844367015097,0.627177700348432,0.09988385598141696,861
91057,0.254416961130742,0.6643109540636042,0.0812720848056537,566
91058,0.23333333333333334,0.7033333333333334,0.06333333333333334,300
91059,0.24603174603174602,0.6607142857142857,0.09325396825396826,504
91060,0.23022847100175747,0.6836555360281195,0.08611599297012303,569
91061,0.2266805627931214,0.658676393955185,0.1146430432516936,1919
91062,0.2644400785854617,0.6762278978388998,0.05933202357563851,2545
91063,0.2368881118881119,0.6665209790209791,0.09659090909090909,4576
91064,0.27856025039123633,0.6604068857589984,0.06103286384976526,1278
91066,0.2950138504155125,0.6121883656509696,0.09279778393351801,722
91067,0.27039784221173296,0.6089008766014835,0.12070128118678354,1483
91068,0.33098591549295775,0.5985915492957746,0.07042253521126761,142
91069,0.2593320235756385,0.6522593320235757,0.08840864440078586,509
91070,0.2070365358592693,0.713125845737483,0.07983761840324763,1478
91071,0.234533702677747,0.6703601108033241,0.0951061865189289,1083
91072,0.23844884488448845,0.683993399339934,0.07755775577557755,1212
91073,0.21244019138755982,0.6655502392344498,0.12200956937799043,2090
91077,0.3174030658250676,0.5924256086564472,0.09017132551848513,1109
91083,0.25739005046863733,0.6214852198990627,0.12112472963229992,1387
91084,0.2158894645941278,0.687392055267703,0.09671848013816926,1158
91085,0.21495202558635396,0.6745735607675906,0.11047441364605544,7504
91086,0.16885553470919323,0.6979362101313321,0.13320825515947468,1066
91088,0.2224025974025974,0.7191558441558441,0.05844155844155844,616
91089,0.24228896103896103,0.679788961038961,0.07792207792207792,2464
91090,0.2157303370786517,0.6808988764044944,0.10337078651685393,445
91091,0.19817073170731708,0.7317073170731707,0.0701219512195122,328
91093,0.20871559633027523,0.6873088685015291,0.10397553516819572,1308
91094,0.2713178294573643,0.6636851520572451,0.06499701848539058,1677
91095,0.20201368271589001,0.6519943203820834,0.14599199690202658,7747
91097,0.29931972789115646,0.6476190476190476,0.053061224489795916,735
91098,0.1949390815370197,0.6644798500468604,0.14058106841611998,1067
91099,0.23057644110275688,0.6616541353383458,0.10776942355889724,798
91100,0.23563218390804597,0.6637931034482759,0.10057471264367816,348
91101,0.22180273714016047,0.6375648890986314,0.14063237376120813,2119
91103,0.1863536316947909,0.6918561995597946,0.12179016874541453,1363
91104,0.2052401746724891,0.6637554585152838,0.13100436681222707,229
92003,0.18870531691198558,0.6967858215680385,0.11450886151997597,16645
92009,0.14784010377421478,0.577148688992112,0.2750112072336732,104843
92011,0.1680081855388813,0.6961118690313779,0.1358799454297408,14660
92015,0.17449537823052255,0.7125070741369552,0.11299754763252216,5301
92037,0.21674458138546537,0.7025074373140672,0.0807479813004675,4706
92050,0.22,0.6835416666666667,0.09645833333333333,4800
92051,0.16481198958987706,0.6756483891232163,0.15953962128690657,44572
92066,0.23117338003502627,0.698482194979568,0.07034442498540572,3426
92068,0.15292818841341604,0.6642834612553885,0.18278835033119545,19022
92074,0.17089614423149763,0.6923717900159079,0.1367320657525945,13201
92075,0.20604651162790696,0.6665116279069767,0.12744186046511627,4300
92080,0.1762295081967213,0.7100409836065574,0.11372950819672131,10736
92090,0.21827976964517926,0.6879063719115734,0.09381385844324726,5383
92099,0.2137126185266229,0.7104303428154631,0.07585703865791393,1371
92105,0.17768544543565928,0.6784797751435904,0.14383477942075035,8183
92108,0.15930032797126348,0.6676557863501483,0.17304388567858817,6403
92109,0.16707616707616707,0.6805896805896806,0.15233415233415235,13024
93001,0.248868778280543,0.6380090497737556,0.11312217194570136,221
93002,0.20396039603960395,0.7039603960396039,0.09207920792079208,1010
93004,0.17927889411429385,0.6849080803762292,0.135813025509477,7017
93005,0.18895599654874892,0.6998274374460742,0.11121656600517688,11590
93006,0.2914572864321608,0.6030150753768844,0.10552763819095477,199
93007,0.2039895165987187,0.6972917880023296,0.09871869539895166,6868
93008,0.16100365917407214,0.6900156821745949,0.14898065865133298,1913
93009,0.22612126245847175,0.665282392026578,0.10859634551495016,4816
93010,0.179405180684362,0.698273105212664,0.1223217141029741,6254
93011,0.1894150417827298,0.7089136490250696,0.10167130919220056,718
93012,0.21280133000831256,0.6982543640897756,0.0889443059019119,1203
93013,0.18950131233595802,0.6981627296587927,0.11233595800524934,3810
93014,0.2824675324675325,0.6558441558441559,0.06168831168831169,308
93015,0.25526315789473686,0.6789473684210526,0.06578947368421052,760
93016,0.2804878048780488,0.6615853658536586,0.057926829268292686,328
93017,0.16941615263233395,0.6804619136422321,0.15012193372543395,13942
93018,0.1950187969924812,0.6649436090225563,0.1400375939849624,2128
93019,0.1774193548387097,0.7290322580645161,0.0935483870967742,310
93020,0.1950596252129472,0.712947189097104,0.0919931856899489,1174
93021,0.18857589984350548,0.6882405544377376,0.12318354571875699,8946
93022,0.19001474615546662,0.6838002949231093,0.12618495892142406,9494
93024,0.16421052631578947,0.7178947368421053,0.11789473684210526,475
93025,0.1806736985369173,0.6943404786208461,0.12498582284223658,8817
93026,0.2111111111111111,0.6904761904761905,0.09841269841269841,1260
93027,0.2,0.6970326409495549,0.1029673590504451,3370
93028,0.24249422632794457,0.6836027713625866,0.07390300230946882,2165
93029,0.21728524133124238,0.6922808851716327,0.09043387349712494,5739
93030,0.2193877551020408,0.6964285714285714,0.08418367346938775,1176
93031,0.18772419290554004,0.680350737345556,0.13192506974890394,2509
93032,0.1829934924078091,0.6688069414316703,0.1481995661605206,11525
93033,0.14935244561800579,0.6378725009430404,0.21277505343895387,39765
93034,0.22203756024596974,0.6870533488449393,0.09090909090909091,6017
93035,0.21081307627829002,0.7288348700754401,0.06035205364626991,2386
93036,0.15807481751824817,0.6797445255474452,0.16218065693430658,4384
93037,0.17709437963944857,0.6686770943796394,0.154228525980912,15088
93038,0.21112767014406358,0.6962245404868356,0.09264778936910084,4026
93039,0.20187793427230047,0.6776212832550861,0.12050078247261346,1278
93040,0.19100431300061615,0.6811460258780037,0.12784966112138016,3246
93041,0.1654316732724453,0.683525762536619,0.15104256419093573,11606
93042,0.20347826086956522,0.7008695652173913,0.09565217391304348,1725
93043,0.1982369823698237,0.7006970069700696,0.1010660106601066,4878
93044,0.17740027953983442,0.6818621653585636,0.140737555101602,9301
93045,0.3127413127413127,0.640926640926641,0.04633204633204633,259
93046,0.17684887459807075,0.7138263665594855,0.10932475884244373,311
93047,0.1950856291883842,0.7021593447505584,0.10275502606105734,1343
93049,0.17781402936378465,0.7226753670473083,0.09951060358890701,613
93050,0.2198443579766537,0.6867704280155642,0.0933852140077821,1028
93051,0.19879703886489822,0.6926280074028378,0.10857495373226403,6484
93052,0.18814432989690721,0.7465635738831615,0.06529209621993128,1164
93053,0.19553599497013519,0.693806978937441,0.11065702609242377,3181
94001,0.2108843537414966,0.6292517006802721,0.1598639455782313,294
94002,0.1926027397260274,0.6301369863013698,0.17726027397260274,3650
94003,0.34647302904564314,0.5912863070539419,0.06224066390041494,482
94004,0.38976377952755903,0.5354330708661418,0.07480314960629922,508
94005,0.20105820105820105,0.6649029982363316,0.13403880070546736,567
94006,0.25292397660818716,0.5847953216374269,0.16228070175438597,684
94007,0.18256410256410258,0.6707692307692308,0.14666666666666667,975
94008,0.20466321243523317,0.6567357512953368,0.13860103626943004,772
94009,0.2217573221757322,0.5774058577405857,0.200836820083682,239
94010,0.19477234401349072,0.6602023608768971,0.14502529510961215,1186
94011,0.29523809523809524,0.6285714285714286,0.0761904761904762,105
94012,0.18950437317784258,0.6909620991253644,0.119533527696793,343
94013,0.2608695652173913,0.6304347826086957,0.10869565217391304,92
94014,0.24539170506912442,0.6474654377880185,0.10714285714285714,868
94015,0.287292817679558,0.580110497237569,0.13259668508287292,181
94016,0.2677165354330709,0.6393700787401575,0.09291338582677165,635
94017,0.13440860215053763,0.6774193548387096,0.1881720430107527,930
94018,0.3888888888888889,0.5,0.1111111111111111,126
94019,0.21445221445221446,0.5734265734265734,0.21212121212121213,429
94020,0.3032128514056225,0.5502008032128514,0.1465863453815261,498
94021,0.22399392558845863,0.6408504176157934,0.13515565679574792,1317
94022,0.24397744746283956,0.6360840594566889,0.11993849308047155,1951
94023,0.1663696188648204,0.6132437619961613,0.22038661913901836,14588
94024,0.252465483234714,0.6666666666666666,0.08086785009861933,507
94025,0.2465753424657534,0.6136986301369863,0.13972602739726028,730
94026,0.2871517027863777,0.6168730650154799,0.09597523219814241,1292
94027,0.30985915492957744,0.5422535211267606,0.14788732394366197,710
94028,0.2139189960068454,0.6371933827723902,0.1488876212207644,1753
94029,0.2413793103448276,0.5676392572944297,0.1909814323607427,377
94030,0.19646365422396855,0.6358873608382449,0.16764898493778652,1527
94031,0.15129151291512916,0.6134686346863468,0.235239852398524,1084
94032,0.2245557350565428,0.6478190630048465,0.12762520193861066,619
94033,0.2562814070351759,0.5477386934673367,0.19597989949748743,199
94034,0.22740524781341107,0.6005830903790087,0.17201166180758018,343
94035,0.21951219512195122,0.6754221388367729,0.1050656660412758,533
94036,0.16030534351145037,0.6793893129770993,0.16030534351145037,262
94037,0.3135011441647597,0.6064073226544623,0.08009153318077804,437
94038,0.19477286869943994,0.641568139390168,0.16365899191039204,1607
94039,0.20076726342711,0.6483375959079284,0.15089514066496162,782
94040,0.2396825396825397,0.6587301587301587,0.10158730158730159,630
94041,0.18087855297157623,0.6821705426356589,0.13695090439276486,387
94042,0.19254658385093168,0.6559006211180124,0.1515527950310559,805
94043,0.22340425531914893,0.6702127659574468,0.10638297872340426,376
94044,0.21846153846153846,0.6235897435897436,0.15794871794871795,975
94045,0.2578616352201258,0.6415094339622641,0.10062893081761007,477
94046,0.26618705035971224,0.6438848920863309,0.08992805755395683,278
94047,0.34183673469387754,0.5357142857142857,0.12244897959183673,196
94048,0.231651376146789,0.6605504587155964,0.10779816513761468,436
94049,0.28272251308900526,0.5881326352530541,0.12914485165794065,573
94050,0.26666666666666666,0.6303030303030303,0.10303030303030303,1485
94051,0.1867704280155642,0.6595330739299611,0.15369649805447472,514
94052,0.18405405405405406,0.6195945945945946,0.19635135135135134,7400
95001,0.1980593607305936,0.7003424657534246,0.10159817351598173,1752
95002,0.2593856655290102,0.6757679180887372,0.06484641638225255,293
95003,0.20652173913043478,0.7010869565217391,0.09239130434782608,184
95004,0.21235955056179776,0.6943820224719102,0.09325842696629214,890
95005,0.26591760299625467,0.6853932584269663,0.04868913857677903,267
95006,0.20948309366498252,0.6949086669257676,0.09560823940924991,2573
95007,0.23826714801444043,0.648014440433213,0.11371841155234658,554
95008,0.3318777292576419,0.5895196506550219,0.07860262008733625,229
95009,0.24489795918367346,0.7091836734693877,0.04591836734693878,196
95010,0.2647058823529412,0.6764705882352942,0.058823529411764705,68
95011,0.22755227552275523,0.6937269372693727,0.07872078720787208,813
95012,0.26730310262529833,0.6801909307875895,0.05250596658711217,419
95013,0.2818627450980392,0.6544117647058824,0.06372549019607843,408
95014,0.33663366336633666,0.6534653465346535,0.009900990099009901,101
95015,0.2547642928786359,0.6870611835506519,0.058174523570712136,997
95016,0.2897196261682243,0.6728971962616822,0.037383177570093455,107
95017,0.23391089108910892,0.6670792079207921,0.09900990099009901,808
95018,0.24194880264244426,0.6584640792733278,0.0995871180842279,6055
95019,0.22118380062305296,0.6583592938733126,0.12045690550363447,1926
95020,0.23027375201288244,0.714975845410628,0.05475040257648953,621
95021,0.2064876177188699,0.6787582839204743,0.11475409836065574,2867
95022,0.22641509433962265,0.6761006289308176,0.09748427672955975,318
95023,0.27345309381237526,0.6447105788423154,0.08183632734530938,501
95024,0.27485380116959063,0.6510721247563352,0.07407407407407407,513
95025,0.22926192031352058,0.6949706074461136,0.07576747224036577,3062
95026,0.2823179791976226,0.6597325408618128,0.05794947994056464,673
95027,0.2631016042780749,0.6663101604278074,0.07058823529411765,935
95028,0.2591240875912409,0.7153284671532847,0.025547445255474453,274
95029,0.26704545454545453,0.634469696969697,0.09848484848484848,2640
95030,0.24210526315789474,0.7094736842105264,0.04842105263157895,475
95031,0.22085889570552147,0.684487291849255,0.09465381244522349,1141
95032,0.27358490566037735,0.6367924528301887,0.08962264150943396,424
95033,0.17992177314211213,0.7249022164276402,0.09517601043024772,767
95034,0.2701863354037267,0.6614906832298136,0.06832298136645963,322
95035,0.22270742358078602,0.6873362445414847,0.08995633187772925,1145
95036,0.32160804020100503,0.6130653266331658,0.06532663316582915,199
95037,0.21558441558441557,0.7350649350649351,0.04935064935064935,770
95038,0.1585931700074239,0.6481069042316259,0.19329992576095026,21552
95039,0.26226226226226224,0.6536536536536537,0.08408408408408409,999
95040,0.32338308457711445,0.6218905472636815,0.05472636815920398,201
95041,0.21235795454545456,0.6931818181818182,0.09446022727272728,1408
95042,0.3161290322580645,0.6516129032258065,0.03225806451612903,155
95043,0.2593639575971731,0.6692579505300353,0.07137809187279152,1415
95044,0.35526315789473684,0.5745614035087719,0.07017543859649122,456
95045,0.29305631492618917,0.6293056314926189,0.07763805358119191,1829
95046,0.2940013183915623,0.6552406064601186,0.05075807514831905,1517
95047,0.1887332908975175,0.7043284532145131,0.10693825588796944,3142
95048,0.2627450980392157,0.6549019607843137,0.08235294117647059,255
95049,0.21478648820905036,0.6819630337794774,0.10325047801147227,1569
95050,0.21352941176470588,0.6829411764705883,0.10352941176470588,1700
95051,0.23582995951417005,0.6022267206477733,0.16194331983805668,988
95052,0.2398286937901499,0.6381156316916489,0.12205567451820129,1401
95053,0.29431438127090304,0.596989966555184,0.10869565217391304,1196
95054,0.20714285714285716,0.6857142857142857,0.10714285714285714,280
95055,0.2636363636363636,0.5909090909090909,0.14545454545454545,110
95056,0.18896321070234115,0.7090301003344481,0.1020066889632107,598
95057,0.226691042047532,0.6910420475319927,0.08226691042047532,547
95058,0.2102803738317757,0.6495327102803738,0.14018691588785046,214
95059,0.22454484153742413,0.6884693189480782,0.08698583951449763,1483
95060,0.24213836477987422,0.6415094339622641,0.11635220125786164,318
95061,0.24503311258278146,0.7350993377483444,0.019867549668874173,151
95062,0.22419685577580314,0.6924128503075871,0.08339029391660971,1463
95063,0.28888888888888886,0.6370370370370371,0.07407407407407407,270
95064,0.23711340206185566,0.6494845360824743,0.1134020618556701,97
95065,0.24883864973676062,0.6721895323629606,0.07897181790027873,6458
95066,0.2440119760479042,0.6901197604790419,0.0658682634730539,668
95067,0.22842639593908629,0.6675126903553299,0.10406091370558376,788
95068,0.21505376344086022,0.7598566308243727,0.025089605734767026,279
95069,0.23638539796529023,0.6959904248952723,0.06762417713943747,1671
95070,0.2611336032388664,0.6497975708502024,0.08906882591093117,494
95071,0.30412371134020616,0.654639175257732,0.041237113402061855,194
95072,0.2633079847908745,0.6844106463878327,0.05228136882129278,1052
95073,0.3065326633165829,0.6180904522613065,0.07537688442211055,199
95074,0.2332065906210393,0.6907477820025348,0.07604562737642585,789
95075,0.22119815668202766,0.7235023041474654,0.055299539170506916,651
95076,0.30158730158730157,0.6428571428571429,0.05555555555555555,252
95077,0.23786407766990292,0.6844660194174758,0.07766990291262135,206
95078,0.32941176470588235,0.5882352941176471,0.08235294117647059,85
95079,0.19159896968496137,0.6875371507826431,0.12086387953239548,5047
95080,0.18466898954703834,0.7142857142857143,0.10104529616724739,287
95082,0.21105527638190955,0.6867671691792295,0.10217755443886097,1194
95083,0.2,0.6790697674418604,0.12093023255813953,430
95084,0.21367521367521367,0.5897435897435898,0.19658119658119658,117
95085,0.3730407523510972,0.6018808777429467,0.025078369905956112,319
95086,0.36885245901639346,0.5409836065573771,0.09016393442622951,122
95087,0.23589001447178004,0.6541244573082489,0.10998552821997105,691
95088,0.17543859649122806,0.7192982456140351,0.10526315789473684,171
96001,0.3,0.6541666666666667,0.04583333333333333,240
96002,0.22967309304274938,0.6689019279128248,0.10142497904442582,2386
96003,0.2163677130044843,0.679372197309417,0.10426008968609865,892
96004,0.18272495755517826,0.6488600533592045,0.16841498908561728,32984
96005,0.21671388101983002,0.6813031161473088,0.10198300283286119,706
96006,0.2579185520361991,0.6365007541478129,0.10558069381598793,663
96007,0.2381554011370815,0.6885660138976627,0.07327858496525584,1583
96008,0.205607476635514,0.7102803738317757,0.08411214953271028,107
96009,0.16666666666666666,0.7439024390243902,0.08943089430894309,246
96010,0.2041942604856512,0.6876379690949227,0.10816777041942605,906
96012,0.21669535283993116,0.6697074010327022,0.11359724612736662,5810
96013,0.24183006535947713,0.6470588235294118,0.1111111111111111,153
96014,0.18181818181818182,0.696969696969697,0.12121212121212122,297
96015,0.21243523316062177,0.7063903281519862,0.08117443868739206,579
96016,0.20545924013279232,0.6894135005533014,0.1051272593139063,2711
96018,0.21487603305785125,0.6868686868686869,0.09825528007346189,2178
96019,0.24870081662954716,0.6533036377134372,0.09799554565701558,1347
96020,0.23383309248554912,0.6697073699421965,0.09645953757225434,11072
96021,0.2694023193577163,0.6583407671721677,0.07225691347011597,1121
96023,0.20118343195266272,0.7189349112426036,0.07988165680473373,338
96024,0.23933209647495363,0.6530612244897959,0.10760667903525047,539
96025,0.19518072289156627,0.7228915662650602,0.0819277108433735,415
96026,0.21943159286186384,0.670522141440846,0.11004626569729015,3026
96027,0.19230769230769232,0.6923076923076923,0.11538461538461539,78
96028,0.21686746987951808,0.6746987951807228,0.10843373493975904,1162
96030,0.17073170731707318,0.6097560975609756,0.21951219512195122,246
96031,0.24074074074074073,0.6412037037037037,0.11805555555555555,432
96032,0.21011673151750973,0.6926070038910506,0.09727626459143969,1542
96033,0.22248803827751196,0.6602870813397129,0.11722488038277512,418
96034,0.23300970873786409,0.662621359223301,0.10436893203883495,412
96035,0.2270818754373688,0.6903428971308607,0.08257522743177047,2858
96037,0.23942307692307693,0.6817307692307693,0.07884615384615384,1040
96038,0.20869565217391303,0.5978260869565217,0.1934782608695652,460
96039,0.23202170963364993,0.6743554952510177,0.09362279511533243,737
96040,0.22447622214832058,0.6671100764881942,0.1084137013634852,3007
96041,0.2145214521452145,0.6482791136256483,0.1371994342291372,2121
96042,0.20138288677614521,0.6750216076058773,0.12359550561797752,1157
96043,0.192,0.712,0.096,375
96044,0.11347517730496454,0.7872340425531915,0.09929078014184398,141
96046,0.17105263157894737,0.6453634085213033,0.18358395989974938,1596
96047,0.22439191503939707,0.6680369989722508,0.10757108598835217,2919
96048,0.23351351351351352,0.6875675675675675,0.07891891891891892,925
96049,0.2029621503017005,0.6708721886999451,0.12616566099835436,1823
96050,0.2559748427672956,0.6396226415094339,0.10440251572327044,1590
96053,0.1792279411764706,0.6829044117647058,0.13786764705882354,1088
96054,0.2236024844720497,0.6708074534161491,0.10559006211180125,644
96055,0.21739130434782608,0.6956521739130435,0.08695652173913043,69
96056,0.18853820598006646,0.6827242524916943,0.1287375415282392,1204
96057,0.182648401826484,0.7442922374429224,0.0730593607305936,438
96058,0.23789764868603042,0.6687413554633471,0.09336099585062241,1446
96059,0.21073170731707316,0.686829268292683,0.1024390243902439,2050
96063,0.2062062062062062,0.6626626626626627,0.13113113113113112,999
96064,0.1875,0.643581081081081,0.16891891891891891,592
96065,0.24348958333333334,0.66015625,0.09635416666666667,768
96066,0.1609353507565337,0.7028885832187071,0.1361760660247593,727
96067,0.2222222222222222,0.7004830917874396,0.07729468599033816,207
96068,0.22566612289287658,0.6731919521479065,0.10114192495921696,1839
96069,0.18012422360248448,0.7701863354037267,0.049689440993788817,161
96071,0.2218782249742002,0.6558307533539731,0.12229102167182662,1938
96072,0.1901840490797546,0.7361963190184049,0.0736196319018405,163
96074,0.24400564174894218,0.6741889985895627,0.08180535966149506,709
96075,0.24307692307692308,0.6646153846153846,0.09230769230769231,325
96076,0.23991275899672845,0.6717557251908397,0.08833151581243184,917
96077,0.22726522528470045,0.6641359960389503,0.10859877867634923,6059
96078,0.22433460076045628,0.7186311787072244,0.057034220532319393,263
96079,0.32857142857142857,0.65,0.02142857142857143,140
96080,0.1842843779232928,0.6735266604303087,0.1421889616463985,1069
96081,0.2182410423452769,0.6840390879478827,0.09771986970684039,307
96082,0.20634920634920634,0.7244897959183674,0.0691609977324263,882
96083,0.20233463035019456,0.6977950713359273,0.09987029831387809,771
96085,0.22744721689059502,0.663147792706334,0.10940499040307101,2084
96086,0.13959390862944163,0.7208121827411168,0.13959390862944163,394
96087,0.2304785894206549,0.6719143576826196,0.09760705289672544,1588
96088,0.26128266033254155,0.6550818852356545,0.08363545443180398,7999
97001,0.15606242496998798,0.6874749899959984,0.1564625850340136,2499
97002,0.20219360991893182,0.6909871244635193,0.10681926561754888,2097
97003,0.2044522554188635,0.6760398359695372,0.1195079086115993,1707
97004,0.15827814569536425,0.7142384105960264,0.12748344370860928,3020
97005,0.24235560588901472,0.6551528878822197,0.10249150622876557,1766
97006,0.18331562167906482,0.6912858660998937,0.12539851222104145,3764
97007,0.1910891089108911,0.6792079207920793,0.1297029702970297,1010
97008,0.17765567765567766,0.6802197802197802,0.14212454212454212,2730
97009,0.18966218966218967,0.6800976800976801,0.13024013024013023,2457
97010,0.2021628116551517,0.6629618504055271,0.1348753379393211,3329
97011,0.2271880819366853,0.6657355679702048,0.10707635009310987,2148
97012,0.16402378592666006,0.6895441030723488,0.14643211100099107,4036
97013,0.2068796550372403,0.6793414347314779,0.11377891023128185,10204
97014,0.2107843137254902,0.6509803921568628,0.13823529411764707,1020
97015,0.21450151057401812,0.716012084592145,0.06948640483383686,662
97016,0.1845376452753916,0.6614451743304699,0.15401718039413845,9895
97017,0.2037735849056604,0.6924528301886792,0.10377358490566038,3180
97018,0.2097560975609756,0.7097560975609756,0.08048780487804878,410
97019,0.19129979035639413,0.6745283018867925,0.13417190775681342,1908
97020,0.17763623496107572,0.6426043878273178,0.1797593772116065,2826
97021,0.20632279534109818,0.6844148641153632,0.10926234054353855,1803
97022,0.1784320681092586,0.6949272791770131,0.12664065271372826,2819
97023,0.15792944279591165,0.7037586547972304,0.1383119024068579,6066
97024,0.16463414634146342,0.6996951219512195,0.13567073170731708,1312
97025,0.19666666666666666,0.7322222222222222,0.07111111111111111,900
97026,0.20546385885031304,0.6821286283437678,0.11240751280591918,3514
97027,0.23039215686274508,0.6911764705882353,0.0784313725490196,204
97028,0.19285714285714287,0.6992063492063492,0.10793650793650794,1260
97029,0.1314708299096138,0.7247329498767461,0.1437962202136401,1217
97030,0.1993041749502982,0.68389662027833,0.11679920477137178,2012
97031,0.1933262711864407,0.7018008474576272,0.1048728813559322,1888
97032,0.14393939393939395,0.75,0.10606060606060606,264
97033,0.15842696629213482,0.6876404494382022,0.15393258426966291,890
97034,0.19962335216572505,0.7306967984934086,0.0696798493408663,531
97035,0.21477663230240548,0.711340206185567,0.07388316151202749,582
97036,0.19607843137254902,0.6497948016415869,0.1541267669858641,6579
97037,0.20589812332439678,0.7061662198391421,0.08793565683646112,1865
97038,0.18421052631578946,0.6912955465587044,0.12449392712550607,1976
97039,0.17454545454545456,0.6566233766233767,0.16883116883116883,1925
97040,0.21247429746401644,0.6888279643591501,0.09869773817683344,1459
97042,0.16184048392517084,0.623977820096337,0.2141816959784922,35708
97043,0.15439856373429084,0.7217235188509874,0.12387791741472172,1671
97044,0.16246270680770275,0.6880933007865473,0.14944399240574993,3687
97045,0.1681557115507339,0.6522016592214422,0.17964262922782387,3134
97046,0.1798103319191415,0.6714499625655104,0.14873970551534815,8014
97047,0.1870748299319728,0.7346938775510204,0.0782312925170068,294
97048,0.1772646536412078,0.6380106571936057,0.1847246891651865,11260
97049,0.18356164383561643,0.6719939117199392,0.14444444444444443,6570
97050,0.1953125,0.6614583333333334,0.14322916666666666,384
97051,0.2170693686671863,0.6979734996102884,0.08495713172252534,2566
97052,0.18892988929889298,0.7055350553505535,0.1055350553505535,1355
97053,0.15292353823088456,0.6276861569215393,0.2193903048475762,2001
97054,0.19981060606060605,0.6714015151515151,0.12878787878787878,3168
97055,0.18518518518518517,0.7407407407407407,0.07407407407407407,27
97056,0.24072672218016655,0.6725965177895533,0.08667676003028009,2642
97057,0.19148936170212766,0.6640695235241235,0.14444111477374888,6674
97058,0.1771636675235647,0.6595972579263067,0.16323907455012854,4668
97059,0.21341925701288855,0.6808188021228203,0.10576194086429112,5276
97060,0.17227319062181448,0.6768603465851172,0.15086646279306828,981
97061,0.17190542420027816,0.6756606397774687,0.15243393602225314,3595
97062,0.203012912482066,0.6495695839311334,0.14741750358680059,2788
97063,0.32945736434108525,0.6627906976744186,0.007751937984496124,258
97064,0.21238938053097345,0.7699115044247787,0.017699115044247787,113
97065,0.2124567474048443,0.7044982698961938,0.08304498269896193,1445
97067,0.2391304347826087,0.644927536231884,0.11594202898550725,690
97068,0.1750778816199377,0.6884735202492211,0.13644859813084112,1605
97069,0.23361650485436894,0.7075242718446602,0.058859223300970875,1648
97070,0.22111801242236026,0.6975155279503106,0.08136645962732919,1610
97071,0.18019197207678883,0.6747382198952879,0.1450698080279232,4584
97072,0.18334087822544137,0.6976007243096424,0.11905839746491625,2209
97074,0.16122961104140526,0.6913425345043914,0.14742785445420326,1594
97075,0.20422535211267606,0.6936619718309859,0.10211267605633803,1704
97076,0.16213592233009708,0.6800970873786408,0.15776699029126215,2060
97077,0.11009174311926606,0.8440366972477065,0.045871559633027525,109
97078,0.21461897356143078,0.656298600311042,0.1290824261275272,1286
97079,0.1686746987951807,0.7686746987951807,0.06265060240963856,415
97082,0.214453125,0.664453125,0.12109375,2560
97083,0.2111326703856415,0.6526800873150619,0.13618724229929663,8246
97084,0.16379310344827586,0.6775862068965517,0.15862068965517243,580
97086,0.20920303605313093,0.6641366223908919,0.12666034155597722,2108
97090,0.21793275217932753,0.661892901618929,0.12017434620174346,1606
97091,0.1611339956384783,0.7196510782650836,0.11921492609643809,4127
97092,0.20082815734989648,0.6752440106477373,0.12392783200236616,3381
97093,0.22337662337662337,0.7220779220779221,0.05454545454545454,385
98001,0.25462962962962965,0.6435185185185185,0.10185185185185185,216
98002,0.2523489932885906,0.6483221476510067,0.09932885906040269,745
98003,0.18760195758564438,0.6965742251223491,0.11582381729200653,1226
98004,0.1760744066709429,0.7084669660038486,0.11545862732520847,3118
98005,0.1771132834962622,0.7251293847038528,0.097757331799885,1739
98006,0.23773394031360648,0.6535154274152757,0.10875063227111785,1977
98008,0.1623284429720776,0.750591575958353,0.08707998106956934,2113
98009,0.1671745755333043,0.7087505441880714,0.12407488027862429,2297
98010,0.18566078116639914,0.6902978419832353,0.12404137685036562,11214
98011,0.2425531914893617,0.6731914893617021,0.08425531914893616,1175
98012,0.18570057581573896,0.746641074856046,0.06765834932821498,2084
98013,0.19817578772802655,0.6965174129353234,0.10530679933665009,1206
98014,0.23097112860892388,0.6535433070866141,0.11548556430446194,3429
98015,0.15421455938697318,0.7255747126436781,0.12021072796934866,2088
98017,0.20793346129238643,0.6922584772872681,0.09980806142034548,1563
98018,0.19561128526645769,0.7210031347962382,0.08338557993730407,1595
98019,0.18384474167322318,0.6628201765888626,0.15333508173791416,11439
98020,0.16485507246376813,0.7475845410628019,0.08756038647342995,1656
98021,0.17407757805108798,0.663197729422895,0.16272469252601704,2114
98022,0.18990384615384615,0.6826923076923077,0.12740384615384615,832
98023,0.25170068027210885,0.6870748299319728,0.061224489795918366,147
98024,0.19162790697674417,0.7311627906976744,0.07720930232558139,1075
98025,0.22286821705426357,0.7034883720930233,0.07364341085271318,1548
98026,0.18738951090159103,0.6876841484973483,0.1249263406010607,1697
98027,0.1558974358974359,0.7261538461538461,0.11794871794871795,975
98028,0.19831223628691982,0.6967299578059072,0.10495780590717299,1896
98029,0.1972049689440994,0.6951345755693582,0.10766045548654245,1932
98030,0.22719734660033167,0.6876727473742399,0.08512990602542841,1809
98031,0.15633899931048956,0.6338399736187307,0.20982102707077974,33357
98032,0.21357955605297518,0.6955791829882485,0.09084126095877634,5361
98033,0.3076923076923077,0.5846153846153846,0.1076923076923077,65
98034,0.18089430894308944,0.7083333333333334,0.11077235772357724,984
98035,0.21311475409836064,0.6755823986194995,0.11130284728213978,2318
98036,0.1979734996102884,0.7069368667186282,0.0950896336710834,1283
98037,0.18656952803294266,0.7199873297434273,0.09344314222363002,3157
98038,0.23011363636363635,0.6619318181818182,0.10795454545454546,352
98039,0.16110183639398998,0.7562604340567612,0.08263772954924875,1198
98040,0.1830649970184854,0.6964818127608825,0.12045319022063208,1677
98041,0.20668108627733717,0.7048786349435232,0.08844027877913962,4161
98042,0.19503790489317713,0.6884906960716747,0.11647139903514818,1451
98043,0.19794721407624633,0.6994134897360704,0.10263929618768329,1364
98044,0.2101661779081134,0.696969696969697,0.09286412512218964,1023
98045,0.15469613259668508,0.7371744277821626,0.10812943962115233,1267
98046,0.201417004048583,0.7191295546558705,0.07945344129554656,1976
98047,0.17991329479768786,0.703757225433526,0.11632947976878613,1384
98048,0.18660458452722062,0.6919770773638968,0.12141833810888251,2792
98049,0.1883495145631068,0.7064077669902913,0.10524271844660193,2575
98050,0.20100557437971364,0.6922067985572193,0.106787627063067,9149
98051,0.2199288256227758,0.6854092526690392,0.09466192170818505,1405
98052,0.18162692847124826,0.7180925666199158,0.1002805049088359,1426
98053,0.2660060975609756,0.6524390243902439,0.08155487804878049,1312
98054,0.22093444404201376,0.6827236508511408,0.09634190510684534,2761
98055,0.18103092783505154,0.7022680412371134,0.11670103092783506,2425
98056,0.18841933224375437,0.7142190053700677,0.09736166238617791,4283
98057,0.20266272189349113,0.6997041420118343,0.09763313609467456,676
98058,0.2045662100456621,0.708675799086758,0.0867579908675799,1095
98059,0.1635012386457473,0.7630057803468208,0.07349298100743187,1211
98060,0.18174603174603174,0.703968253968254,0.11428571428571428,1260
98061,0.16942225524800297,0.725246145272153,0.10533159947984395,5383
98062,0.24044734389561975,0.6635601118359739,0.09599254426840634,1073
99001,0.18245310629240388,0.6849141944924837,0.13263269921511242,15034
99002,0.16583747927031509,0.6679481380973918,0.16621438263229307,13266
99003,0.17965887555274795,0.7013265950726468,0.11901452937460517,7915
99004,0.21052631578947367,0.6854345165238678,0.10403916768665851,817
99005,0.1820406626506024,0.672816265060241,0.14514307228915663,10624
99006,0.17073170731707318,0.6819512195121952,0.1473170731707317,1025
99008,0.18385385975250443,0.6982911019446081,0.11785503830288745,1697
99009,0.17762237762237762,0.7202797202797203,0.1020979020979021,715
99011,0.16482072461047495,0.7058381828421251,0.12934109254740003,5327
99013,0.18632697947214077,0.6552785923753666,0.15839442815249266,27280
99014,0.16665514081706748,0.6398143185629571,0.19353054061997546,115682
99015,0.1814655172413793,0.7051724137931035,0.11336206896551725,2320
99016,0.16544204787864422,0.7212609623133444,0.11329698980801138,4219
99017,0.18664101154480484,0.6739967014843321,0.13936228697086311,7276
99018,0.19350818893899835,0.6609897934963209,0.14550201756468076,16852
99020,0.1929081767663403,0.6816618152950517,0.1254300079386081,7558
99021,0.2682119205298013,0.6357615894039735,0.09602649006622517,302
99022,0.20993589743589744,0.6923076923076923,0.09775641025641026,624
99023,0.19240081951946358,0.6815049357422239,0.12609424473831254,5369
99024,0.19943019943019943,0.6823361823361823,0.11823361823361823,2106
99025,0.22587917042380523,0.6767357980162308,0.09738503155996393,2218
99026,0.2430080795525171,0.6674953387197017,0.08949658172778123,1609
99027,0.19444444444444445,0.6856060606060606,0.11994949494949494,792
99028,0.2001569858712716,0.6944008372579801,0.1054421768707483,3822
99029,0.17120622568093385,0.7206635265205816,0.10813024779848454,4883
99030,0.2661955241460542,0.6325088339222615,0.10129564193168433,849
99031,0.20527306967984935,0.7269303201506592,0.06779661016949153,1062
100001,0.26103729104157736,0.6609515645092156,0.07801114444920702,2333
100002,0.21705925653294075,0.6818181818181818,0.10112256164887744,10868
100003,0.2727208229868748,0.6456899609790706,0.08158921603405463,14095
100004,0.23498589278516727,0.6470509203278249,0.11796318688700792,7443
100005,0.23060047510413934,0.6504081454114765,0.11899137948438415,148599
100006,0.22852660478493922,0.6671460321610668,0.10432736305399398,7649
100007,0.2562607944732297,0.665587219343696,0.07815198618307427,4632
101001,0.29290206648697215,0.6154537286612758,0.09164420485175202,1113
101002,0.19076305220883535,0.6887550200803213,0.12048192771084337,996
101003,0.43953488372093025,0.4697674418604651,0.09069767441860466,430
101004,0.29842931937172773,0.5909685863874345,0.1106020942408377,1528
101005,0.18696397941680962,0.6672384219554031,0.1457975986277873,583
101006,0.22807017543859648,0.6388888888888888,0.13304093567251463,684
101007,0.3254511512134412,0.5899191039203485,0.08462974486621033,1607
101008,0.27129167229045753,0.6222162235119449,0.10649210419759751,7409
101009,0.23177399756986633,0.6309234507897934,0.13730255164034022,3292
101010,0.20542600762282046,0.6361753848924102,0.15839860748476936,33321
101011,0.2492179353493222,0.6058394160583942,0.14494264859228362,1918
101012,0.3338795575583777,0.5958623514952888,0.07025809094633347,4882
101013,0.29548834903321763,0.6408031730292514,0.06370847793753098,8068
101014,0.2949238578680203,0.6208121827411167,0.08426395939086294,1970
101015,0.30690797858781543,0.600050981391792,0.09304104002039255,3923
101016,0.28415300546448086,0.6215846994535519,0.0942622950819672,732
101017,0.2453250986447075,0.6563733058843713,0.09830159547092125,5829
101018,0.24703087885985747,0.6323040380047505,0.12066508313539193,2105
101019,0.2642345721104671,0.6222297988407773,0.11353562904875554,2933
101020,0.22403924775143091,0.6467702371218316,0.12919051512673754,1223
101021,0.318,0.586,0.096,500
101022,0.2874896437448219,0.5865782932891467,0.1259320629660315,1207
101023,0.29972375690607733,0.5939226519337016,0.106353591160221,724
101024,0.23192019950124687,0.6664588528678305,0.10162094763092269,1604
101025,0.2377560106856634,0.6280795488275452,0.13416444048679133,3369
101026,0.29835390946502055,0.6152263374485597,0.08641975308641975,486
101027,0.24489795918367346,0.6569484936831875,0.09815354713313897,1029
102001,0.318084345961401,0.6147248034310222,0.06719085060757685,1399
102002,0.17233809001097694,0.7321624588364435,0.09549945115257959,911
102003,0.21434528773978315,0.6755629691409508,0.11009174311926606,2398
102004,0.22532188841201717,0.6266094420600858,0.148068669527897,466
102005,0.24732824427480915,0.6396946564885496,0.11297709923664122,655
102006,0.27040816326530615,0.6489795918367347,0.08061224489795918,1960
102007,0.22294654498044328,0.6584093872229465,0.11864406779661017,767
102008,0.2929936305732484,0.6695859872611465,0.037420382165605094,1256
102009,0.22064777327935223,0.6106612685560054,0.16869095816464239,1482
102010,0.2894333843797856,0.6569678407350689,0.05359877488514548,1306
102011,0.2624965093549288,0.6168667969840826,0.12063669366098854,3581
102012,0.22646536412078153,0.6616341030195382,0.11190053285968028,1126
102013,0.21445497630331753,0.6670616113744076,0.11848341232227488,844
102014,0.2517985611510791,0.6354916067146283,0.11270983213429256,1251
102015,0.2574162679425837,0.661244019138756,0.08133971291866028,1045
102016,0.24344569288389514,0.6831460674157304,0.07340823970037454,1335
102017,0.17724458204334365,0.6729876160990712,0.14976780185758515,2584
102018,0.30422535211267604,0.5802816901408451,0.11549295774647887,1065
102019,0.22566371681415928,0.655850540806293,0.11848574237954769,2034
102020,0.18598195697432338,0.6877168632893824,0.12630117973629423,1441
102021,0.23741007194244604,0.6754881808838643,0.08710174717368963,3892
102022,0.2781954887218045,0.6466165413533834,0.07518796992481203,399
102023,0.19494584837545126,0.6787003610108303,0.1263537906137184,1108
102024,0.338006230529595,0.6355140186915887,0.0264797507788162,642
102025,0.23831242873432154,0.6339794754846066,0.12770809578107184,3508
102026,0.1878048780487805,0.6646341463414634,0.1475609756097561,820
102027,0.2068095838587642,0.6478112051882544,0.14537921095298145,5551
102028,0.3398876404494382,0.5814606741573034,0.07865168539325842,712
102029,0.30983606557377047,0.5901639344262295,0.1,610
102030,0.19531953195319532,0.6543654365436543,0.15031503150315031,3333
102031,0.23792357606344627,0.6676279740447008,0.09444844989185291,2774
102032,0.24854368932038834,0.643883495145631,0.10757281553398058,2575
102033,0.27093954843408596,0.6314639475600874,0.09759650400582666,1373
102034,0.2668711656441718,0.647239263803681,0.08588957055214724,1630
102035,0.27251461988304093,0.6070175438596491,0.12046783625730995,855
102036,0.1961093585699264,0.6393270241850684,0.16456361724500526,1902
102037,0.19136281355055598,0.6834755624515128,0.1251616239979312,3867
102038,0.27564102564102566,0.5849358974358975,0.13942307692307693,624
102039,0.18543046357615894,0.7152317880794702,0.09933774834437085,755
102040,0.17852062588904694,0.6834992887624467,0.1379800853485064,1406
102041,0.22346368715083798,0.6070763500931099,0.16945996275605213,537
102042,0.23439099283520984,0.5905834186284544,0.1750255885363357,977
102043,0.21423862887277523,0.6255767963085036,0.16018457481872117,1517
102044,0.19011105235325224,0.6485986250661026,0.16129032258064516,3782
102045,0.2402464065708419,0.6694045174537988,0.09034907597535935,487
102046,0.2632331902718169,0.5951359084406295,0.14163090128755365,699
102047,0.17372277630775493,0.6282821086912274,0.1979951150010177,19652
102048,0.20123203285420946,0.6139630390143738,0.18480492813141683,487
102049,0.23220640569395018,0.6895017793594306,0.07829181494661921,1124
102050,0.20880913539967375,0.7234910277324633,0.06769983686786298,1226
103001,0.35135135135135137,0.5765765765765766,0.07207207207207207,333
103002,0.2588996763754045,0.6731391585760518,0.06796116504854369,309
103003,0.14415675297410777,0.6682995101469559,0.18754373687893633,1429
103004,0.23163841807909605,0.7231638418079096,0.04519774011299435,177
103005,0.1875,0.7375,0.075,80
103006,0.2542134831460674,0.625,0.12078651685393259,712
103007,0.3569482288828338,0.5694822888283378,0.07356948228882834,367
103008,0.18827415359207267,0.6834571979080649,0.12826864849986236,3633
103009,0.18490566037735848,0.6886792452830188,0.12641509433962264,530
103010,0.15363881401617252,0.6442048517520216,0.20215633423180593,371
103011,0.2626070409134158,0.6612749762131304,0.07611798287345385,1051
103012,0.3141025641025641,0.6025641025641025,0.08333333333333333,156
103013,0.17750439367311072,0.7012302284710018,0.12126537785588752,569
103014,0.30580357142857145,0.6339285714285714,0.060267857142857144,448
103015,0.23503902862098872,0.6895056374674762,0.07545533391153512,1153
103016,0.20085470085470086,0.6581196581196581,0.14102564102564102,936
103017,0.19178885630498535,0.7140762463343109,0.09413489736070381,3410
103018,0.17293233082706766,0.7744360902255639,0.05263157894736842,133
103019,0.19739363740896895,0.713683403602913,0.08892295898811806,2609
103021,0.2868525896414343,0.6215139442231076,0.09163346613545817,251
103022,0.25892857142857145,0.6607142857142857,0.08035714285714286,448
103023,0.1941544885177453,0.6680584551148225,0.13778705636743216,479
103024,0.2326923076923077,0.6634615384615384,0.10384615384615385,520
103025,0.21918658801614405,0.6823967711890717,0.09841664079478422,3221
103026,0.21829710144927536,0.6721014492753623,0.10960144927536232,1104
103028,0.18416390664715396,0.6696449202803666,0.1461911730724794,12983
103029,0.2594752186588921,0.6559766763848397,0.08454810495626822,686
103031,0.19390581717451524,0.6980609418282548,0.10803324099722991,361
103032,0.30344827586206896,0.6275862068965518,0.06896551724137931,145
103033,0.1617391304347826,0.6695652173913044,0.16869565217391305,1725
103034,0.13383838383838384,0.7247474747474747,0.1414141414141414,792
103035,0.24459673168160254,0.6770339131962748,0.07836935512212265,5691
103036,0.271523178807947,0.7019867549668874,0.026490066225165563,151
103037,0.30985915492957744,0.6619718309859155,0.028169014084507043,71
103038,0.3701657458563536,0.6022099447513812,0.027624309392265192,181
103039,0.17972350230414746,0.695852534562212,0.12442396313364056,434
103040,0.20394736842105263,0.7368421052631579,0.05921052631578947,304
103041,0.23561346362649294,0.6872964169381107,0.07709011943539631,921
103042,0.23311132254995243,0.6660323501427212,0.10085632730732635,1051
103043,0.31521739130434784,0.5869565217391305,0.09782608695652174,92
103044,0.19686520376175548,0.6557993730407523,0.14733542319749215,1595
103045,0.2112676056338028,0.704225352112676,0.08450704225352113,284
103046,0.29882604055496265,0.6200640341515475,0.08110992529348986,937
103047,0.2671232876712329,0.636986301369863,0.0958904109589041,292
103048,0.167192429022082,0.7239747634069401,0.10883280757097792,634
103049,0.1874062968515742,0.7031484257871065,0.10944527736131934,667
103050,0.1999646861481416,0.6897678114240311,0.11026750242782732,11327
103051,0.20413847990449663,0.6947871070433744,0.10107441305212893,2513
103052,0.20642768850432633,0.6823238566131026,0.11124845488257108,809
103053,0.22559241706161137,0.7004739336492891,0.07393364928909953,1055
103054,0.23790776152980878,0.7092238470191226,0.052868391451068614,1778
103055,0.1724137931034483,0.6810344827586207,0.14655172413793102,580
103056,0.20657276995305165,0.6807511737089202,0.11267605633802817,426
103057,0.23423423423423423,0.7033957033957033,0.062370062370062374,1443
103058,0.24468085106382978,0.675531914893617,0.0797872340425532,188
103059,0.24914675767918087,0.6313993174061433,0.11945392491467577,293
103060,0.210989010989011,0.7252747252747253,0.06373626373626373,455
103061,0.18948521358159912,0.7009857612267251,0.10952902519167579,913
103062,0.23319327731092437,0.6607142857142857,0.10609243697478991,952
103064,0.17300167691447735,0.6908887646730016,0.13610955841252095,3578
103065,0.21535181236673773,0.7142857142857143,0.07036247334754797,469
103066,0.2012779552715655,0.7284345047923323,0.07028753993610223,313
103067,0.2608695652173913,0.6594202898550725,0.07971014492753623,138
103068,0.22708505367464904,0.6928158546655656,0.08009909165978531,1211
103069,0.2946107784431138,0.6526946107784432,0.05269461077844311,835
103070,0.2361963190184049,0.696319018404908,0.06748466257668712,326
103071,0.26836363636363636,0.672,0.05963636363636363,1375
103072,0.17908367429522054,0.6703385639134931,0.15057776179128637,22241
103074,0.14637002341920374,0.6838407494145199,0.16978922716627634,854
103075,0.21866143448877262,0.6917375190756486,0.08960104643557881,4587
103076,0.21761658031088082,0.6735751295336787,0.10880829015544041,193
103077,0.1990632318501171,0.697111631537861,0.10382513661202186,1281
103078,0.2420091324200913,0.6484018264840182,0.1095890410958904,219
103079,0.24347826086956523,0.7072463768115942,0.04927536231884058,345
108001,0.17020171413730412,0.6811531469136871,0.14864513894900874,11551
108002,0.17579617834394903,0.6910828025477707,0.13312101910828025,1570
108003,0.16250520183104453,0.6987099459009571,0.13878485226799833,4806
108004,0.16676566676566676,0.6534006534006535,0.17983367983367984,13468
108005,0.18737711364530082,0.6879669681478568,0.12465591820684231,5086
108006,0.18840317919075145,0.6741329479768786,0.13746387283236994,5536
108007,0.15393738140417457,0.700545540796964,0.14551707779886147,8432
108008,0.16768634209392502,0.6795346833261525,0.15277897457992246,11605
108009,0.1612482331194955,0.6498858323366316,0.18886593454387302,9197
108010,0.17557686057848554,0.6888202794930127,0.1356028599285018,12308
108011,0.18468271334792122,0.6899343544857768,0.12538293216630197,4570
108012,0.18319288929931896,0.6615106391165493,0.15529647158413173,25989
108013,0.16791277258566978,0.6934579439252336,0.13862928348909656,3210
108014,0.16750629722921914,0.6700251889168766,0.1624685138539043,1588
108015,0.18019591464803705,0.660186802338826,0.1596172830131369,13169
108016,0.163859649122807,0.6754385964912281,0.1607017543859649,5700
108017,0.1745799853907962,0.6902848794740687,0.13513513513513514,5476
108018,0.19158110882956877,0.684394250513347,0.12402464065708418,4870
108019,0.19194958756682126,0.6825149573406025,0.12553545509257621,28247
108020,0.17901628872564676,0.7099968061322262,0.11098690514212711,6262
108021,0.1842282444032991,0.6641137855579868,0.15165797003871404,11882
108022,0.13684676705048715,0.6944198405668733,0.1687333923826395,2258
108023,0.18123546994354034,0.6757887744935237,0.1429757555629359,30110
108024,0.19403691433980122,0.671241520744597,0.13472156491560183,19017
108025,0.20658103114552173,0.6947035016716523,0.09871546718282598,5683
108026,0.14876563000961845,0.6705674895799936,0.18066688041038795,6238
108027,0.20937172352609082,0.702596983627712,0.08803129284619728,24798
108028,0.16687951055804698,0.6583410056131389,0.17477948382881411,33671
108029,0.20061063218390804,0.664691091954023,0.13469827586206898,5568
108030,0.1888550333997422,0.6721551623110278,0.13898980428923005,17066
108031,0.1892991239048811,0.6983729662077597,0.1123279098873592,3196
108032,0.18142444658325313,0.7001924927815207,0.11838306063522618,4156
108033,0.1509894190939756,0.6125718303978552,0.23643875050816918,91013
108034,0.1905369361011249,0.6868259306505856,0.12263713324828945,17246
108035,0.18977448991767093,0.6804080658632622,0.12981744421906694,16762
108036,0.1682125846076711,0.689395838556029,0.14239157683629983,3989
108037,0.19571865443425077,0.6656472986748216,0.13863404689092762,2943
108038,0.1584194977843427,0.7038404726735599,0.1377400295420975,2708
108039,0.1709858727024153,0.648063193073067,0.1809509342245177,32915
108040,0.18634848218985786,0.6746797683804177,0.1389717494297245,17097
108041,0.1785483870967742,0.6809677419354838,0.14048387096774193,6200
108042,0.1752046074568051,0.6908153986056381,0.13397999393755683,3299
108043,0.18346774193548387,0.6777295285359801,0.13880272952853598,6448
108044,0.1654232055569848,0.6654232055569849,0.16915358888603035,7774
108045,0.19963139004753128,0.6697060820642158,0.13066252788825297,10309
108046,0.1474493361285814,0.6008036338225018,0.25174703004891685,5724
108047,0.20739549839228297,0.6855305466237942,0.10707395498392283,3110
108048,0.18821096173733196,0.6928645294725957,0.1189245087900724,6769
108049,0.17016512734396866,0.6396119040955313,0.19022296856050006,10719
108050,0.16300525001274274,0.6490137111983282,0.1879810387889291,19619
108051,0.17773715214300223,0.7117611212675198,0.11050172658947796,4923
108052,0.1931106471816284,0.6941544885177453,0.1127348643006263,3832
108053,0.2053030303030303,0.6828282828282828,0.11186868686868687,7920
108054,0.21404109589041095,0.6686643835616438,0.1172945205479452,11680
108055,0.16863207547169812,0.7104952830188679,0.12087264150943396,3392
109001,0.18655266226195102,0.6541002720559658,0.15934706568208318,2573
109002,0.17889018238261545,0.6670547147846333,0.15405510283275126,2577
109003,0.25229357798165136,0.6261467889908257,0.12155963302752294,436
109004,0.20122365737593473,0.6587355540448674,0.14004078857919783,1471
109005,0.24946785866326096,0.6257982120051085,0.12473392933163048,2349
109006,0.19914731291372154,0.6177867534313175,0.1830659336549609,26739
109007,0.26906474820143883,0.6115107913669064,0.11942446043165468,695
109008,0.2225445503522586,0.6332366348943225,0.14421881475341897,2413
109009,0.19912948857453755,0.6137105549510338,0.18715995647442873,919
109010,0.2471264367816092,0.6293103448275862,0.1235632183908046,1044
109011,0.2929936305732484,0.6130573248407644,0.09394904458598727,628
109012,0.26490066225165565,0.6247240618101545,0.11037527593818984,453
109013,0.24224137931034484,0.6301724137931034,0.12758620689655173,1160
109014,0.27598566308243727,0.6021505376344086,0.12186379928315412,279
109015,0.22897196261682243,0.6436915887850467,0.12733644859813084,856
109016,0.24733096085409254,0.6352313167259787,0.11743772241992882,562
109017,0.22934443288241416,0.6428720083246618,0.12778355879292405,4805
109018,0.27185185185185184,0.6348148148148148,0.09333333333333334,9450
109019,0.16725978647686832,0.6832740213523132,0.1494661921708185,281
109020,0.23356401384083045,0.629757785467128,0.13667820069204153,578
109021,0.19433198380566802,0.6639676113360324,0.1417004048582996,247
109022,0.2410656270305393,0.6166341780376868,0.14230019493177387,1539
109023,0.2706766917293233,0.6205899363794101,0.10873337189126663,1729
109024,0.24855491329479767,0.6475688541312479,0.10387623257395444,5882
109025,0.25742574257425743,0.6006600660066007,0.1419141914191419,303
109026,0.2626641651031895,0.5853658536585366,0.15196998123827393,533
109027,0.2658788774002954,0.6026587887740029,0.13146233382570163,677
109028,0.21779859484777517,0.6276346604215457,0.15456674473067916,427
109029,0.20344827586206896,0.6672413793103448,0.12931034482758622,580
109030,0.1686626746506986,0.6931137724550899,0.13822355289421157,2004
109031,0.19308700834326578,0.6841477949940405,0.12276519666269368,1678
109032,0.23514644351464434,0.6510460251046025,0.11380753138075314,1195
109033,0.17477293947882183,0.5878957643663526,0.23733129615482557,11781
109034,0.2306739879414298,0.6402347114556417,0.1290913006029285,18576
109035,0.20958512160228898,0.6459227467811158,0.14449213161659513,1398
109036,0.24229543039319873,0.6269925611052072,0.13071200850159406,941
109037,0.2529531568228106,0.6417107942973523,0.10533604887983707,12275
109038,0.22051597051597052,0.6431203931203932,0.13636363636363635,1628
109039,0.17424242424242425,0.696969696969697,0.12878787878787878,264
109040,0.31805929919137466,0.5673854447439353,0.11455525606469003,1484
110001,0.272207731796056,0.6358380542588009,0.09195421394514312,60193
110002,0.24194136332864657,0.6343106111892239,0.12374802548212953,57609
110003,0.2458639044741764,0.6324557617608977,0.12168033376492592,34755
110004,0.2542274052478134,0.6464139941690962,0.09935860058309037,17150
110005,0.26435657398351264,0.6329467654044991,0.10269666061198826,7157
110006,0.2375813953488372,0.6647441860465116,0.09767441860465116,5375
110007,0.28936697454381616,0.625366073439964,0.08526695201621987,8878
110008,0.20977596741344195,0.6860997963340122,0.10412423625254583,3928
110009,0.22789848566469145,0.6420961273717604,0.13000538696354821,33414
110010,0.2827069457659372,0.6221455756422455,0.09514747859181731,8408
111001,0.2396049896049896,0.6876299376299376,0.07276507276507277,3848
111002,0.25609756097560976,0.6951219512195121,0.04878048780487805,328
111003,0.23847695390781562,0.7394789579158316,0.022044088176352707,499
111004,0.20798898071625344,0.7479338842975206,0.0440771349862259,726
111005,0.22317073170731708,0.6963414634146341,0.08048780487804878,820
111006,0.24089635854341737,0.6918767507002801,0.06722689075630252,714
111007,0.2878888153540701,0.6730641958967571,0.039046988749172735,1511
111008,0.2157068062827225,0.6727748691099477,0.11151832460732984,1910
111009,0.21418709009319986,0.6836957772408239,0.1021171326659763,17382
111010,0.191027496382055,0.6987457790641582,0.11022672455378678,4146
111011,0.20033528918692373,0.7175188600167645,0.08214585079631181,1193
111012,0.2741652021089631,0.6695957820738138,0.056239015817223195,569
111013,0.27226363279717536,0.6563358179678305,0.07140054923499412,2549
111014,0.19176066699362432,0.7039398397907471,0.10429949321562858,6117
111015,0.27657735522904064,0.6560069144338807,0.06741573033707865,1157
111016,0.22511848341232227,0.688783570300158,0.08609794628751975,3798
111017,0.18880597014925374,0.7283582089552239,0.08283582089552238,1340
111018,0.24793956043956045,0.7135989010989011,0.038461538461538464,1456
111019,0.25066666666666665,0.704,0.04533333333333334,375
111020,0.25176470588235295,0.6776470588235294,0.07058823529411765,425
111021,0.2299168975069252,0.6831024930747922,0.08698060941828255,1805
111022,0.25365853658536586,0.6907317073170731,0.055609756097560976,1025
111023,0.28431372549019607,0.6509803921568628,0.06470588235294118,510
111024,0.2168141592920354,0.7168141592920354,0.06637168141592921,226
111025,0.2587601078167116,0.6846361185983828,0.05660377358490566,742
111026,0.2807017543859649,0.6710526315789473,0.04824561403508772,456
111027,0.2550761421319797,0.6611675126903553,0.08375634517766498,788
111028,0.25841816758026626,0.6671887235708692,0.07439310884886452,1277
111029,0.24822695035460993,0.7375886524822695,0.014184397163120567,282
111030,0.22412125120928733,0.708803611738149,0.06707513705256368,3101
111031,0.22968197879858657,0.6910651186269561,0.07925290257445734,3962
111032,0.25,0.6888111888111889,0.06118881118881119,572
111033,0.2517527087316762,0.6749521988527725,0.07329509241555131,1569
111034,0.2254335260115607,0.6864849986237269,0.08808147536471236,7266
111035,0.1988331944279081,0.6818073580188118,0.11935944755328015,16798
111036,0.19376026272577998,0.685823754789272,0.120415982484948,1827
111037,0.3484848484848485,0.6439393939393939,0.007575757575757576,132
111038,0.22504230118443316,0.682741116751269,0.0922165820642978,1182
111039,0.2264006139677667,0.7006907137375288,0.07290867229470453,1303
111040,0.3137724550898204,0.6287425149700598,0.05748502994011976,835
111041,0.2375085557837098,0.6899383983572895,0.07255304585900069,2922
111042,0.19936034115138593,0.7022921108742004,0.09834754797441364,3752
111043,0.22313203684749233,0.7175025588536336,0.0593654042988741,977
111044,0.270994332818135,0.6682122617207625,0.060793405461102526,1941
111045,0.2744755244755245,0.6451048951048951,0.08041958041958042,572
111046,0.2395693135935397,0.6998654104979811,0.06056527590847914,743
111047,0.23660130718954248,0.6882352941176471,0.07516339869281045,1530
111048,0.2801693719124912,0.6760762173606211,0.043754410726887794,1417
111049,0.28365878725590954,0.6557040082219938,0.06063720452209661,973
111050,0.2264017033356991,0.7040454222853088,0.0695528743789922,1409
111051,0.25295109612141653,0.684654300168634,0.06239460370994941,593
111052,0.21442246330567966,0.7121888959795788,0.07338864071474155,1567
111053,0.2942643391521197,0.655860349127182,0.04987531172069826,401
111054,0.30445246690734057,0.6438026474127557,0.05174488567990373,831
111055,0.2401129943502825,0.7019774011299436,0.05790960451977401,708
111056,0.2950191570881226,0.6647509578544061,0.040229885057471264,522
111057,0.21754807692307693,0.7055288461538461,0.07692307692307693,3328
111058,0.24315068493150685,0.6386986301369864,0.11815068493150685,584
111059,0.24339622641509434,0.6789308176100629,0.07767295597484276,3180
111060,0.2373046875,0.6806640625,0.08203125,1024
111061,0.24407252440725244,0.700139470013947,0.05578800557880056,717
111062,0.22390261895979344,0.6848026558465511,0.09129472519365547,5422
111063,0.23942888522789676,0.6814936847885777,0.07907742998352553,3642
111064,0.23694779116465864,0.7068273092369478,0.05622489959839357,498
111065,0.20135158551377577,0.6818575636804713,0.1167908508057529,5771
111066,0.24298282362798493,0.6820276497695853,0.07498952660242983,2387
111067,0.20816031774688573,0.682253114280556,0.10958656797255822,5539
111068,0.28705882352941176,0.6588235294117647,0.05411764705882353,2125
111069,0.21751152073732719,0.7013824884792627,0.08110599078341015,1085
111070,0.23399558498896247,0.6909492273730684,0.07505518763796909,1812
111071,0.22745548535324525,0.6707352096496266,0.10180930499712809,6964
111072,0.22165952473704714,0.6754966887417219,0.10284378652123101,2567
111073,0.27309782608695654,0.657608695652174,0.06929347826086957,736
111074,0.23173803526448364,0.698992443324937,0.06926952141057935,794
111075,0.19223237597911227,0.7154046997389034,0.09236292428198434,3064
111076,0.21420118343195266,0.6834319526627219,0.10236686390532544,1690
111077,0.24902170046246888,0.6778726431874778,0.07310565635005337,5622
111078,0.2122610415293342,0.6931443638760711,0.0945945945945946,3034
111079,0.26,0.67,0.07,400
111080,0.4387755102040816,0.5408163265306123,0.02040816326530612,98
111081,0.2134387351778656,0.696969696969697,0.08959156785243742,759
111082,0.23157894736842105,0.6807017543859649,0.08771929824561403,570
111083,0.22838137472283815,0.6895787139689579,0.082039911308204,451
111084,0.2423580786026201,0.6777292576419214,0.07991266375545851,2290
111085,0.24545454545454545,0.7151515151515152,0.03939393939393939,660
111086,0.27550130775937226,0.6660854402789886,0.05841325196163906,1147
111087,0.2071366405570061,0.7336814621409922,0.05918189730200174,1149
111088,0.20287769784172663,0.7424460431654676,0.05467625899280575,695
111089,0.24589490968801314,0.6822660098522167,0.07183908045977011,2436
111090,0.2511278195488722,0.681203007518797,0.06766917293233082,665
111091,0.3190271816881259,0.6123032904148784,0.06866952789699571,699
111092,0.20469798657718122,0.7315436241610739,0.06375838926174497,298
111093,0.22669826224328593,0.6868088467614534,0.08649289099526067,2532
111094,0.2956989247311828,0.6209677419354839,0.08333333333333333,372
111095,0.24155844155844156,0.6874458874458874,0.070995670995671,1155
111096,0.22155049786628733,0.6953532479848269,0.08309625414888573,8436
111097,0.2806372549019608,0.6513480392156863,0.06801470588235294,1632
111098,0.2573496155585708,0.6671189507010402,0.07553143374038897,2211
111099,0.2988165680473373,0.6671597633136095,0.034023668639053255,676
111100,0.25339366515837103,0.6900452488687783,0.05656108597285068,442
111101,0.2728476821192053,0.6980132450331126,0.02913907284768212,755
111102,0.2301829268292683,0.7195121951219512,0.05030487804878049,656
111103,0.2305020524155352,0.6956109883170193,0.07388695926744553,3167
111104,0.29195088676671216,0.6480218281036835,0.06002728512960437,733
111105,0.20947901591895804,0.7022431259044862,0.08827785817655572,2764
111106,0.251226922178079,0.6711848562748306,0.07758822154709044,4279
111107,0.21176470588235294,0.6804953560371517,0.10773993808049535,1615
