Codice.comune,quota_istruzione_0_Base,quota_istruzione_1_Medio,quota_istruzione_2_Alto
1001,0.17526205450733753,0.6955974842767295,0.12914046121593292
1002,0.18518518518518517,0.7228101116990006,0.09200470311581423
1003,0.16856492027334852,0.7266514806378133,0.10478359908883828
1004,0.1861219195849546,0.7042801556420234,0.10959792477302205
1006,0.14442382318204824,0.6868567572127552,0.16871941960519657
1007,0.1724137931034483,0.75,0.07758620689655173
1008,0.18878961239313494,0.6860577232114161,0.125152664395449
1009,0.18398727465535525,0.6765641569459173,0.13944856839872746
1010,0.1714922048997773,0.6971046770601337,0.13140311804008908
1011,0.18490566037735848,0.6930817610062893,0.1220125786163522
1012,0.15690168818272096,0.7169811320754716,0.12611717974180736
1013,0.16146598668856427,0.6755985824185323,0.16293543089290344
1014,0.15883859948761742,0.7292912040990607,0.11187019641332195
1015,0.20708446866485014,0.6811989100817438,0.11171662125340599
1016,0.18146987112504354,0.7067223963775688,0.11180773249738767
1017,0.16901408450704225,0.7203219315895373,0.11066398390342053
1018,0.13119863984131483,0.6174553697931425,0.25134599036554267
1019,0.18181818181818182,0.7171717171717171,0.10101010101010101
1020,0.15284441398217957,0.6984235777930089,0.1487320082248115
1021,0.18639455782312925,0.7224489795918367,0.09115646258503401
1022,0.14200976971388696,0.6870202372644801,0.17096999302163293
1023,0.17647058823529413,0.6944971537001897,0.12903225806451613
1024,0.19586181640625,0.697998046875,0.10614013671875
1025,0.22442455242966752,0.6921355498721228,0.08343989769820973
1026,0.22287968441814596,0.6844181459566075,0.09270216962524655
1027,0.18473282442748093,0.6712468193384223,0.1440203562340967
1028,0.18280749885688158,0.7144032921810699,0.10278920896204846
1029,0.2015065913370998,0.7062146892655368,0.09227871939736347
1030,0.17585380467345715,0.7156980227681247,0.10844817255841821
1031,0.2136986301369863,0.6945205479452055,0.09178082191780822
1032,0.18691125433812594,0.7149231531978185,0.09816559246405553
1033,0.2051009564293305,0.7109458023379384,0.08395324123273114
1034,0.18395989974937343,0.7206766917293234,0.09536340852130326
1035,0.19175837040505736,0.6946850854600796,0.11355654413486303
1036,0.18181818181818182,0.7245989304812834,0.09358288770053476
1037,0.1471264367816092,0.6942528735632184,0.15862068965517243
1038,0.1637301787062673,0.7053863579159325,0.13088346337780016
1039,0.22984441301272984,0.6881188118811881,0.08203677510608204
1040,0.16917562724014337,0.7326164874551971,0.0982078853046595
1041,0.21882542236524538,0.671761866452132,0.10941271118262269
1042,0.15033301617507136,0.6860133206470028,0.1636536631779258
1043,0.20498988536749832,0.7154416722859069,0.07956844234659474
1044,0.1821582195623714,0.6899195810734992,0.1279221993641294
1045,0.16106466473298073,0.688278450776318,0.15065688449070125
1046,0.17475104400899455,0.7131384516543527,0.11211050433665275
1047,0.16998844598497978,0.712738301559792,0.1172732524552282
1048,0.19530261969286358,0.6699186991869919,0.13477868112014454
1049,0.21405492730210016,0.6995153473344103,0.0864297253634895
1050,0.17132867132867133,0.7019230769230769,0.12674825174825174
1051,0.17142306209024297,0.6934053220208253,0.13517161588893173
1052,0.20955882352941177,0.7573529411764706,0.03308823529411765
1053,0.1642096642096642,0.6683046683046683,0.16748566748566748
1054,0.17625899280575538,0.7158273381294964,0.1079136690647482
1055,0.16805845511482254,0.7098121085594989,0.12212943632567849
1056,0.21627906976744185,0.6941860465116279,0.08953488372093023
1057,0.22693997071742314,0.6939970717423133,0.07906295754026355
1058,0.19803270917278976,0.6878407205498933,0.1141265702773169
1059,0.19776519210163784,0.6961579672432266,0.10607684065513547
1060,0.17339397384877772,0.6696986924388857,0.15690733371233656
1061,0.15774647887323945,0.6746478873239437,0.1676056338028169
1062,0.1624203821656051,0.7091295116772823,0.12845010615711253
1063,0.1810918774966711,0.711521892378789,0.10738623012453984
1064,0.1336544250451535,0.6508127633955448,0.21553281155930162
1065,0.19517003449975356,0.7175948743223263,0.08723509117792015
1066,0.1780821917808219,0.7113345117101193,0.11058329650905876
1067,0.18652849740932642,0.7357512953367875,0.07772020725388601
1068,0.14610659139963472,0.6689357463058276,0.1849576622945376
1069,0.2126022126022126,0.684944684944685,0.10245310245310245
1070,0.22786328203078154,0.6801918848690786,0.09194483310013991
1071,0.21935096153846154,0.6971153846153846,0.08353365384615384
1072,0.16428571428571428,0.7377551020408163,0.09795918367346938
1073,0.1437908496732026,0.7320261437908496,0.12418300653594772
1074,0.1404109589041096,0.7191780821917808,0.1404109589041096
1075,0.23780487804878048,0.6676829268292683,0.09451219512195122
1076,0.17718120805369128,0.7167785234899329,0.10604026845637583
1077,0.16339522546419097,0.6509283819628647,0.1856763925729443
1078,0.18140048333681416,0.6574275740668915,0.16117194259629442
1079,0.16037735849056603,0.7452830188679245,0.09433962264150944
1080,0.20722891566265061,0.6975903614457831,0.09518072289156626
1081,0.19047619047619047,0.7183673469387755,0.09115646258503401
1082,0.18867152328722273,0.6761070639273143,0.13522141278546287
1083,0.20414201183431951,0.6863905325443787,0.10946745562130178
1084,0.1872146118721461,0.680365296803653,0.1324200913242009
1085,0.10476190476190476,0.7206349206349206,0.1746031746031746
1086,0.1808740299900811,0.689130054262209,0.1299959157477099
1087,0.09473684210526316,0.7473684210526316,0.15789473684210525
1088,0.17243920412675018,0.705232129697863,0.12232866617538689
1089,0.1671583087512291,0.7259914782038676,0.10685021304490332
1090,0.16507292997840745,0.6880315515797824,0.14689551844181026
1091,0.17288135593220338,0.7220338983050848,0.10508474576271186
1092,0.13693693693693693,0.7297297297297297,0.13333333333333333
1093,0.1791616766467066,0.6977245508982036,0.12311377245508982
1094,0.1807145334720777,0.723551855705862,0.09573361082206035
1095,0.22327790973871733,0.6864608076009501,0.09026128266033254
1096,0.16609783845278725,0.732650739476678,0.1012514220705347
1097,0.16612021857923498,0.7023224043715847,0.13155737704918033
1098,0.2057622504537205,0.6965744101633394,0.09766333938294011
1099,0.1729404690318701,0.7039085989176188,0.12315093205051113
1100,0.13852813852813853,0.7142857142857143,0.1471861471861472
1101,0.21285140562248997,0.6960473472838723,0.0911012470936377
1102,0.21576354679802956,0.7,0.08423645320197044
1103,0.17849462365591398,0.6752688172043011,0.14623655913978495
1104,0.145083932853717,0.7114308553157475,0.14348521183053556
1105,0.17158931082981715,0.7130801687763713,0.11533052039381153
1106,0.19876660341555977,0.7001897533206831,0.10104364326375712
1107,0.23988055739880557,0.6785003317850034,0.08161911081619111
1108,0.17735849056603772,0.7622641509433963,0.06037735849056604
1109,0.22559366754617413,0.6926121372031663,0.08179419525065963
1110,0.18809252938945772,0.6897990140310959,0.12210845657944634
1111,0.24242424242424243,0.6848484848484848,0.07272727272727272
1112,0.18052854364489188,0.6836746367692483,0.13579681958585973
1113,0.1796071094480823,0.7371375116931712,0.0832553788587465
1114,0.1657848324514991,0.708994708994709,0.12522045855379188
1115,0.17130537044296354,0.7103096824774598,0.11838494707957664
1116,0.15825809877854488,0.7103027084439724,0.13143919277748273
1117,0.14930015552099535,0.7418351477449455,0.1088646967340591
1118,0.21666666666666667,0.6777777777777778,0.10555555555555556
1119,0.1924731182795699,0.6903225806451613,0.11720430107526882
1120,0.1857011016900271,0.6864509430697352,0.12784795524023765
1121,0.2564102564102564,0.6666666666666666,0.07692307692307693
1122,0.20303030303030303,0.7348484848484849,0.06212121212121212
1123,0.18803418803418803,0.7094017094017094,0.10256410256410256
1124,0.19023136246786632,0.6735218508997429,0.13624678663239073
1125,0.15055326331582897,0.6528507126781695,0.1965960240060015
1126,0.1770392749244713,0.7045317220543806,0.11842900302114803
1127,0.17871810827629123,0.7080273802115744,0.1132545115121344
1128,0.1616753472222222,0.7048611111111112,0.13346354166666666
1129,0.18437025796661607,0.7101669195751138,0.1054628224582701
1130,0.18994264372415634,0.7128851540616247,0.09717220221421902
1131,0.23976608187134502,0.7017543859649122,0.05847953216374269
1132,0.1896858328393598,0.7160640189685833,0.0942501481920569
1133,0.18337408312958436,0.7408312958435208,0.07579462102689487
1134,0.2422360248447205,0.6801242236024845,0.07763975155279502
1135,0.1724137931034483,0.7139208173690932,0.1136653895274585
1136,0.19367588932806323,0.7015810276679841,0.10474308300395258
1137,0.1750465549348231,0.6936685288640596,0.13128491620111732
1139,0.20922301304863583,0.6881672597864769,0.10260972716488731
1140,0.22494432071269488,0.6681514476614699,0.10690423162583519
1141,0.17913385826771652,0.734251968503937,0.08661417322834646
1142,0.20571955719557194,0.7103321033210332,0.08394833948339483
1143,0.1658291457286432,0.6658291457286433,0.16834170854271358
1144,0.16488925348646433,0.6841673502871206,0.1509433962264151
1145,0.18181818181818182,0.7454545454545455,0.07272727272727272
1146,0.18877980364656383,0.7133239831697055,0.09789621318373072
1147,0.22258064516129034,0.6806451612903226,0.0967741935483871
1148,0.1837837837837838,0.7016731016731017,0.11454311454311454
1149,0.16149870801033592,0.7390180878552972,0.09948320413436693
1150,0.19233971690258117,0.7227310574521232,0.08492922564529559
1152,0.19491525423728814,0.730225988700565,0.0748587570621469
1153,0.14905149051490515,0.7018970189701897,0.14905149051490515
1154,0.17470881863560733,0.718801996672213,0.1064891846921797
1155,0.20192307692307693,0.717948717948718,0.08012820512820513
1156,0.16904912260558394,0.6631073349025011,0.16784354249191497
1157,0.05263157894736842,0.7631578947368421,0.18421052631578946
1158,0.15351506456241032,0.6714490674318508,0.1750358680057389
1159,0.16195652173913044,0.7347826086956522,0.10326086956521739
1160,0.16085271317829458,0.7070413436692506,0.13210594315245477
1161,0.21326616288832914,0.7010915197313182,0.08564231738035265
1162,0.19119496855345913,0.7295597484276729,0.07924528301886792
1163,0.18734177215189873,0.7063291139240506,0.10632911392405063
1164,0.20761684939411426,0.6991113675706867,0.09327178303519908
1165,0.2523364485981308,0.7102803738317757,0.037383177570093455
1166,0.1842188488298545,0.702561669829222,0.11321948134092347
1167,0.17669172932330826,0.7218045112781954,0.10150375939849623
1168,0.19271120927664273,0.7153506350082827,0.09193815571507455
1169,0.21267893660531698,0.689161554192229,0.09815950920245399
1170,0.19330855018587362,0.6944237918215613,0.11226765799256505
1171,0.18864220612292593,0.6994157513437719,0.11194204253330217
1172,0.2002820874471086,0.6812411847672779,0.11847672778561354
1173,0.18062088428974601,0.6933207902163687,0.12605832549388524
1174,0.18433179723502305,0.7235023041474654,0.09216589861751152
1175,0.13160453808752026,0.7241491085899514,0.14424635332252836
1176,0.18297101449275363,0.7219202898550725,0.09510869565217392
1177,0.1624685138539043,0.7027707808564232,0.13476070528967254
1178,0.25526173772261196,0.6578521316783594,0.0868861305990286
1179,0.163727959697733,0.690176322418136,0.14609571788413098
1180,0.14365671641791045,0.6529850746268657,0.20335820895522388
1181,0.19318181818181818,0.6791958041958042,0.12762237762237763
1183,0.14202282983806744,0.5755242898858508,0.2824528802760818
1184,0.2131596984235778,0.7039067854694997,0.08293351610692255
1185,0.15831663326653306,0.7134268537074149,0.1282565130260521
1186,0.24778761061946902,0.6902654867256637,0.061946902654867256
1187,0.21720733427362482,0.6798307475317349,0.10296191819464035
1188,0.1681109185441941,0.7383015597920277,0.09358752166377816
1189,0.1651575770337615,0.691654383378957,0.14318803958728155
1190,0.1980604252144722,0.6971279373368147,0.10481163744871316
1191,0.17391041710713098,0.6684587272342868,0.15763085565858226
1192,0.1142457745583937,0.5675435252255687,0.3182107002160376
1193,0.1842703009653606,0.7047132311186826,0.11101646791595685
1194,0.17160537903129836,0.7139712007616328,0.1144234202070689
1195,0.19165580182529335,0.7134941329856584,0.09485006518904825
1196,0.12746710526315788,0.7006578947368421,0.171875
1197,0.19029414887968568,0.7036211107571413,0.10608474036317299
1198,0.21405049396267836,0.6992316136114161,0.0867178924259056
1199,0.19024558976132827,0.7194742303701142,0.09028017986855759
1200,0.1852216748768473,0.7133004926108374,0.10147783251231528
1201,0.14411764705882352,0.7235294117647059,0.1323529411764706
1202,0.18803418803418803,0.717948717948718,0.09401709401709402
1203,0.19072164948453607,0.6993127147766323,0.10996563573883161
1204,0.23333333333333334,0.6952380952380952,0.07142857142857142
1205,0.18739495798319328,0.6714285714285714,0.1411764705882353
1206,0.22931785195936139,0.7155297532656023,0.055152394775036286
1207,0.25,0.6782407407407407,0.07175925925925926
1208,0.0946372239747634,0.7255520504731862,0.17981072555205047
1209,0.21604938271604937,0.7037037037037037,0.08024691358024691
1210,0.23347547974413646,0.673773987206823,0.09275053304904052
1211,0.137409200968523,0.7106537530266344,0.15193704600484262
1212,0.3469387755102041,0.5714285714285714,0.08163265306122448
1213,0.18518518518518517,0.6611111111111111,0.1537037037037037
1214,0.1694606609180012,0.6933747522896471,0.13716458679235177
1215,0.19289805269186713,0.6877434135166094,0.11935853379152349
1216,0.21806451612903227,0.7002150537634408,0.08172043010752689
1217,0.1878782562933076,0.6809051837558109,0.1312165599508815
1218,0.1448181194234729,0.7165408373369938,0.1386410432395333
1219,0.1758596711603598,0.6713398084385724,0.15280052040106773
1220,0.16491963661774983,0.7092941998602376,0.12578616352201258
1221,0.1694373401534527,0.7480818414322251,0.08248081841432225
1222,0.16254036598493002,0.6770721205597416,0.1603875134553283
1223,0.1752411575562701,0.7045819935691319,0.12017684887459808
1224,0.2642857142857143,0.675,0.060714285714285714
1225,0.2118398142774231,0.7121300058038306,0.07603017991874637
1226,0.17972350230414746,0.7419354838709677,0.07834101382488479
1227,0.2328767123287671,0.6863013698630137,0.08082191780821918
1228,0.14392165211837343,0.6533957845433255,0.20268256333830104
1229,0.15408388520971303,0.7249448123620309,0.12097130242825607
1230,0.1922043010752688,0.6908602150537635,0.11693548387096774
1231,0.19166666666666668,0.7083333333333334,0.1
1232,0.12321428571428572,0.7714285714285715,0.10535714285714286
1233,0.1313364055299539,0.6658986175115207,0.20276497695852536
1234,0.3380281690140845,0.6338028169014085,0.028169014084507043
1235,0.14634146341463414,0.6979913916786227,0.1556671449067432
1236,0.18153957093924644,0.7052460789616009,0.11321435009915269
1237,0.17716115261472787,0.6830309498399146,0.13980789754535752
1238,0.2028985507246377,0.7188405797101449,0.0782608695652174
1239,0.15682281059063136,0.7637474541751528,0.07942973523421588
1240,0.16904549509366637,0.7210080285459411,0.10994647636039251
1241,0.17274305555555555,0.6825810185185185,0.14467592592592593
1242,0.209375,0.6925,0.098125
1243,0.1564396493594066,0.7076871207012811,0.1358732299393122
1244,0.17476948868398995,0.6990779547359598,0.12615255658005028
1245,0.19956616052060738,0.6973969631236443,0.10303687635574837
1246,0.20236920039486672,0.6952945047713064,0.10233629483382692
1247,0.17585301837270342,0.6955380577427821,0.12860892388451445
1248,0.16775553213909378,0.7047418335089568,0.12750263435194942
1249,0.15880171184022823,0.6702425106990014,0.17095577746077034
1250,0.15979381443298968,0.6840942562592047,0.1561119293078056
1251,0.21610169491525424,0.6991525423728814,0.0847457627118644
1252,0.16485753052917232,0.6919945725915875,0.14314789687924015
1253,0.1771788990825688,0.7110091743119266,0.11181192660550458
1254,0.18956780923994038,0.656929955290611,0.15350223546944858
1255,0.18432748538011695,0.7157894736842105,0.09988304093567252
1256,0.2038400841662283,0.7051551814834298,0.09100473435034193
1257,0.19491612637645364,0.7059792116908511,0.09910466193269528
1258,0.18220338983050846,0.6610169491525424,0.15677966101694915
1259,0.12903225806451613,0.6965725806451613,0.1743951612903226
1260,0.20112471055243136,0.7181607674495534,0.08071452199801522
1261,0.17918313570487485,0.6903820816864296,0.13043478260869565
1262,0.14484272128749084,0.7051938551572787,0.14996342355523043
1263,0.11314285714285714,0.696,0.19085714285714286
1264,0.17218543046357615,0.7218543046357616,0.10596026490066225
1265,0.19724738756690377,0.7060404550615167,0.09671215737157951
1266,0.18942101501072195,0.7083631165117942,0.10221586847748391
1267,0.23908045977011494,0.6816091954022988,0.07931034482758621
1268,0.236,0.7,0.064
1269,0.17654256248907535,0.7058206607236497,0.11763677678727495
1270,0.19362349991044242,0.7058928891277091,0.10048361096184846
1271,0.18696883852691218,0.7280453257790368,0.08498583569405099
1272,0.16144233643669187,0.629255660654619,0.2093020029086891
1273,0.19194823867721064,0.696980589503954,0.11107117181883537
1274,0.140625,0.7135416666666666,0.14583333333333334
1275,0.1682502896871379,0.6794901506373117,0.1522595596755504
1276,0.1684003373629463,0.7059319651391622,0.12566769749789147
1278,0.2251655629139073,0.7185430463576159,0.056291390728476824
1279,0.1782608695652174,0.7130434782608696,0.10869565217391304
1280,0.1691220988900101,0.6836528758829465,0.1472250252270434
1281,0.18562874251497005,0.7125748502994012,0.10179640718562874
1282,0.16489361702127658,0.7127659574468085,0.12234042553191489
1283,0.18252730109204368,0.7355694227769111,0.08190327613104524
1284,0.15766854687080312,0.7300564061240935,0.1122750470051034
1285,0.17136659436008678,0.7093275488069414,0.1193058568329718
1286,0.17059639389736478,0.7212205270457698,0.10818307905686546
1287,0.20747188973521943,0.6891548784911136,0.10337323177366703
1288,0.19047619047619047,0.75,0.05952380952380952
1289,0.18546365914786966,0.7380952380952381,0.07644110275689223
1290,0.19321533923303835,0.6976401179941003,0.10914454277286136
1291,0.2302158273381295,0.7110311750599521,0.05875299760191847
1292,0.17733473242392445,0.7062893494228751,0.11637591815320042
1293,0.21007838745800672,0.6947368421052632,0.09518477043673013
1294,0.18646734854445318,0.6947285601888277,0.11880409126671912
1295,0.15202231520223153,0.7238493723849372,0.12412831241283125
1296,0.18907563025210083,0.6890756302521008,0.12184873949579832
1298,0.10893246187363835,0.690631808278867,0.20043572984749455
1299,0.21442085347908346,0.697708639899096,0.08787050662182047
1300,0.21408516612073,0.7065980346279832,0.07931679925128685
1301,0.19982238010657194,0.69449378330373,0.10568383658969804
1302,0.13729696598222493,0.6638063132087036,0.19889672080907142
1303,0.16634872186188476,0.7035482640213659,0.13010301411674932
1304,0.19808306709265175,0.6773162939297125,0.12460063897763578
1305,0.1875335840945728,0.7130574959699086,0.09940891993551854
1306,0.21142284569138275,0.7104208416833667,0.0781563126252505
1307,0.19447453954496208,0.710184182015168,0.09534127843986999
1308,0.19407265774378585,0.6945506692160612,0.11137667304015296
1309,0.1769834978741803,0.6798299344238669,0.14318656770195287
1310,0.1893939393939394,0.7159090909090909,0.0946969696969697
1311,0.17253521126760563,0.7262323943661971,0.10123239436619719
1312,0.16142557651991615,0.7044025157232704,0.13417190775681342
1313,0.19190871369294607,0.7365145228215768,0.07157676348547717
1314,0.1769186957140823,0.7132991599031753,0.10978214438274242
1315,0.17703835407670815,0.7183134366268733,0.10464820929641859
1316,0.16965456930476608,0.7345867949278531,0.09575863576738085
1317,0.1476109215017065,0.7389078498293515,0.11348122866894197
1318,0.1772679874869656,0.7309697601668405,0.09176225234619395
2002,0.15453194650817237,0.7161961367013373,0.12927191679049035
2003,0.2508591065292096,0.6804123711340206,0.06872852233676977
2004,0.2253941201533873,0.668086919471666,0.10651896037494674
2006,0.2573248407643312,0.6611464968152866,0.08152866242038216
2007,0.19051262433052793,0.7130833970925784,0.09640397857689365
2008,0.25,0.67,0.08
2009,0.28502415458937197,0.642512077294686,0.07246376811594203
2011,0.2337962962962963,0.6834490740740741,0.08275462962962964
2014,0.35064935064935066,0.6168831168831169,0.032467532467532464
2015,0.19895287958115182,0.6896715849595431,0.11137553545930509
2016,0.21833419733886297,0.6588906168999482,0.12277518576118887
2017,0.2125,0.6697115384615384,0.11778846153846154
2021,0.19106699751861042,0.6910669975186104,0.11786600496277916
2025,0.18407960199004975,0.6766169154228856,0.13930348258706468
2029,0.2714285714285714,0.5857142857142857,0.14285714285714285
2030,0.20301507537688443,0.7236180904522613,0.07336683417085427
2031,0.16600790513833993,0.6729249011857708,0.16106719367588934
2032,0.2024623803009576,0.6949384404924761,0.10259917920656635
2033,0.19617224880382775,0.7320574162679426,0.07177033492822966
2035,0.25925925925925924,0.6777777777777778,0.06296296296296296
2041,0.2,0.7,0.1
2042,0.1871577899452464,0.7038327526132404,0.10900945744151319
2043,0.19555555555555557,0.7066666666666667,0.09777777777777778
2045,0.18518518518518517,0.6419753086419753,0.1728395061728395
2047,0.24615384615384617,0.66993006993007,0.08391608391608392
2048,0.2277992277992278,0.6988416988416989,0.07335907335907337
2049,0.20942261987977073,0.7104711309939885,0.08010624912624074
2052,0.2443820224719101,0.6825842696629213,0.07303370786516854
2054,0.21936148300720906,0.6848609680741503,0.09577754891864057
2057,0.31521739130434784,0.6304347826086957,0.05434782608695652
2058,0.2012012012012012,0.7287287287287287,0.07007007007007007
2059,0.23516483516483516,0.701098901098901,0.06373626373626373
2061,0.22186629526462395,0.6878830083565459,0.09025069637883008
2062,0.28083989501312334,0.6587926509186351,0.06036745406824147
2065,0.27936507936507937,0.6507936507936508,0.06984126984126984
2066,0.18633540372670807,0.6614906832298136,0.15217391304347827
2067,0.22899159663865545,0.7184873949579832,0.052521008403361345
2068,0.2162883845126836,0.6862483311081442,0.09746328437917223
2070,0.18700787401574803,0.702755905511811,0.11023622047244094
2071,0.21274961597542244,0.6976446492575524,0.08960573476702509
2072,0.19485791610284167,0.7144790257104194,0.09066305818673884
2078,0.16470588235294117,0.6823529411764706,0.15294117647058825
2079,0.20247295208655333,0.6754250386398764,0.12210200927357033
2082,0.24400564174894218,0.6614950634696756,0.09449929478138223
2088,0.23119015047879618,0.6853625170998632,0.08344733242134063
2089,0.25728155339805825,0.6601941747572816,0.0825242718446602
2090,0.21509433962264152,0.7066037735849057,0.07830188679245283
2091,0.2007042253521127,0.6830985915492958,0.11619718309859155
2093,0.1907563025210084,0.7109243697478992,0.09831932773109243
2096,0.17142857142857143,0.7428571428571429,0.08571428571428572
2097,0.14285714285714285,0.7657142857142857,0.09142857142857143
2102,0.2184557438794727,0.6930320150659134,0.08851224105461393
2104,0.22188449848024316,0.6732522796352584,0.10486322188449848
2107,0.24217234691050152,0.6602937101690219,0.09753394292047658
2108,0.18888888888888888,0.725,0.08611111111111111
2110,0.22033898305084745,0.6271186440677966,0.15254237288135594
2113,0.28346456692913385,0.6456692913385826,0.07086614173228346
2115,0.2222222222222222,0.7209876543209877,0.056790123456790124
2116,0.18717586044318718,0.710985384252711,0.10183875530410184
2118,0.2205029013539652,0.6963249516441006,0.08317214700193423
2121,0.1952662721893491,0.6863905325443787,0.11834319526627218
2122,0.21871345029239767,0.7005847953216374,0.08070175438596491
2126,0.23404255319148937,0.6595744680851063,0.10638297872340426
2127,0.20833333333333334,0.65625,0.13541666666666666
2128,0.20394922425952045,0.6961918194640339,0.0998589562764457
2131,0.21423384168482207,0.7022512708787219,0.08351488743645606
2133,0.20206643996861104,0.6848025111169239,0.11313104891446508
2134,0.27808988764044945,0.6544943820224719,0.06741573033707865
2135,0.16761363636363635,0.6846590909090909,0.14772727272727273
2137,0.24050915587315766,0.6766413577489951,0.08284948637784725
2142,0.19413919413919414,0.6913919413919414,0.11446886446886446
2147,0.19656786271450857,0.7129485179407177,0.0904836193447738
2148,0.22250557857825948,0.6766018489002231,0.10089257252151737
2150,0.2068519715578539,0.6968325791855203,0.09631544925662573
2152,0.2545961002785515,0.6763231197771588,0.0690807799442897
2156,0.20320855614973263,0.6789915966386555,0.11779984721161192
2158,0.179412114720933,0.6599785790789003,0.1606093062001666
2163,0.2587601078167116,0.6765498652291105,0.0646900269541779
2164,0.2326221610461115,0.6751548520302821,0.09222298692360634
2166,0.20422535211267606,0.6971830985915493,0.09859154929577464
2170,0.2198581560283688,0.6595744680851063,0.12056737588652482
2171,0.21500559910414332,0.6741321388577828,0.11086226203807391
3001,0.16342141863699583,0.6794158553546592,0.1571627260083449
3002,0.17484276729559747,0.6616352201257861,0.16352201257861634
3006,0.23173173173173173,0.6796796796796797,0.08858858858858859
3008,0.18414700615121077,0.638012925328973,0.17784006851981624
3012,0.21732954545454544,0.6477272727272727,0.13494318181818182
3016,0.20782648611429883,0.6832683038788157,0.10890521000688547
3018,0.2033898305084746,0.688135593220339,0.10847457627118644
3019,0.19052044609665428,0.7156133828996283,0.09386617100371747
3021,0.2071846282372598,0.6240601503759399,0.16875522138680032
3022,0.1877890841813136,0.6993524514338575,0.11285846438482887
3023,0.23574144486692014,0.6692015209125475,0.09505703422053231
3024,0.19014261956357406,0.6666834652018344,0.14317391523459155
3025,0.21272114574557707,0.701558550968829,0.08572030328559394
3026,0.19962121212121212,0.6897727272727273,0.11060606060606061
3027,0.2153846153846154,0.6807692307692308,0.10384615384615385
3030,0.19948849104859334,0.6815856777493606,0.11892583120204604
3032,0.19053850025163563,0.6984398590840463,0.11102164066431806
3036,0.22106631989596878,0.6649328131772865,0.11400086692674469
3037,0.21782178217821782,0.6886688668866887,0.09350935093509351
3039,0.20381406436233612,0.6877234803337307,0.10846245530393325
3040,0.21408647140864714,0.6868898186889819,0.09902370990237098
3041,0.23304562268803947,0.6905055487053021,0.07644882860665844
3042,0.2152777777777778,0.7013888888888888,0.08333333333333333
3043,0.18657042869641294,0.6913823272090989,0.1220472440944882
3044,0.26243093922651933,0.6602209944751382,0.07734806629834254
3045,0.22405876951331496,0.6877869605142333,0.0881542699724518
3047,0.20181968569065342,0.6807278742762614,0.11745244003308519
3049,0.2260152078951626,0.6795016987542469,0.09448309335059052
3051,0.16326530612244897,0.7020408163265306,0.1346938775510204
3052,0.1896853146853147,0.6949300699300699,0.11538461538461539
3055,0.22192513368983957,0.6697860962566845,0.10828877005347594
3058,0.18835758835758837,0.6972972972972973,0.11434511434511435
3060,0.2511144130757801,0.6924219910846954,0.05646359583952452
3062,0.16021639617145236,0.7124427798585102,0.12734082397003746
3065,0.21561338289962825,0.6718003186404673,0.11258629845990441
3066,0.20212331563903635,0.69416088199265,0.1037158023683136
3068,0.19294938917975568,0.6807678883071553,0.126282722513089
3069,0.17445482866043613,0.6939252336448598,0.13161993769470404
3070,0.22691611345805673,0.6765238382619191,0.09656004828002414
3073,0.20156739811912225,0.6952978056426332,0.10313479623824451
3076,0.23050259965337955,0.6791835162719045,0.09031388407471597
3077,0.20496397117694154,0.7045636509207366,0.09047237790232186
3079,0.2144595910418695,0.6801363193768257,0.10540408958130477
3082,0.19356435643564357,0.6861386138613862,0.12029702970297029
3083,0.27011494252873564,0.657088122605364,0.07279693486590039
3084,0.16617502458210423,0.6671583087512291,0.16666666666666666
3088,0.19854881266490765,0.6860158311345647,0.11543535620052771
3090,0.2009132420091324,0.680365296803653,0.1187214611872146
3091,0.2345343303874915,0.6702923181509177,0.09517335146159075
3093,0.20187793427230047,0.6647887323943662,0.13333333333333333
3095,0.15048975957257346,0.7021371326803205,0.14737310774710596
3097,0.19837691614066727,0.6898106402164111,0.11181244364292155
3098,0.2503209242618742,0.6213093709884467,0.12836970474967907
3100,0.21041023378914867,0.7071018967798853,0.08248786943096603
3103,0.15808170515097691,0.6939017169923032,0.14801657785671996
3104,0.20522875816993463,0.6692810457516339,0.12549019607843137
3106,0.1717609561752988,0.6460982735723771,0.18214077025232403
3108,0.22006250476408262,0.6582056559188962,0.12173183931702111
3109,0.1815519765739385,0.6676427525622255,0.15080527086383602
3112,0.17153284671532848,0.656934306569343,0.17153284671532848
3114,0.18815855494229805,0.6803813346713498,0.13146011038635222
3115,0.21577726218097448,0.6589327146171694,0.12529002320185614
3116,0.15602836879432624,0.6824271079590228,0.16154452324665092
3119,0.16870748299319727,0.7238095238095238,0.10748299319727891
3120,0.2894736842105263,0.6578947368421053,0.05263157894736842
3121,0.19413549039433772,0.7189079878665319,0.08695652173913043
3122,0.2093156986774008,0.6889016676250719,0.10178263369752731
3129,0.23642533936651583,0.6606334841628959,0.10294117647058823
3130,0.20884235020360675,0.6832460732984293,0.10791157649796393
3131,0.19440641502053588,0.694895364756503,0.11069822022296108
3133,0.2397163120567376,0.6936170212765957,0.06666666666666667
3134,0.2168141592920354,0.696165191740413,0.08702064896755163
3135,0.197136563876652,0.6965859030837004,0.10627753303964757
3138,0.1859582542694497,0.715370018975332,0.09867172675521822
3139,0.22213438735177865,0.675098814229249,0.10276679841897234
3140,0.22054380664652568,0.6737160120845922,0.10574018126888217
3141,0.2205736894164194,0.6864490603363007,0.09297725024727992
3143,0.19267139479905437,0.6867612293144209,0.12056737588652482
3144,0.22273781902552203,0.7146171693735499,0.06264501160092807
3146,0.20048602673147023,0.6950182260024301,0.10449574726609964
3149,0.20356492880847876,0.6869714163365807,0.10946365485494058
3153,0.18607181719260066,0.7094668117519043,0.1044613710554951
3154,0.22620332398014245,0.693718972587956,0.08007770343190157
3158,0.2112750263435195,0.6875658587987356,0.101159114857745
3159,0.20933165195460277,0.6809583858764187,0.10970996216897856
3164,0.19322709163346613,0.7131474103585658,0.09362549800796813
3166,0.19107761254838052,0.6840497046241597,0.12487268282745977
4001,0.14864864864864866,0.75,0.10135135135135136
4002,0.245,0.705,0.05
4003,0.1892423406017113,0.6526704388628208,0.15808722053546784
4004,0.25821596244131456,0.6150234741784038,0.1267605633802817
4005,0.14814814814814814,0.8148148148148148,0.037037037037037035
4006,0.18421052631578946,0.7236842105263158,0.09210526315789473
4007,0.2127659574468085,0.7021276595744681,0.0851063829787234
4008,0.20394736842105263,0.7160087719298246,0.0800438596491228
4009,0.24477064220183486,0.6730275229357798,0.08220183486238532
4010,0.21175278622087132,0.6899696048632219,0.09827760891590678
4011,0.1945945945945946,0.654054054054054,0.15135135135135136
4012,0.23529411764705882,0.6789458357600466,0.08576004659289459
4013,0.16531604538087522,0.6774716369529984,0.15721231766612642
4014,0.2282793867120954,0.6916524701873935,0.08006814310051108
4015,0.26570048309178745,0.6859903381642513,0.04830917874396135
4016,0.2060333761232349,0.6813222079589217,0.11264441591784338
4017,0.20430107526881722,0.7311827956989247,0.06451612903225806
4018,0.22580645161290322,0.6709677419354839,0.1032258064516129
4019,0.21405180113128908,0.6868115510568622,0.09913664781184876
4020,0.25635103926096997,0.6674364896073903,0.07621247113163972
4021,0.24074074074074073,0.6296296296296297,0.12962962962962962
4022,0.18143459915611815,0.6919831223628692,0.12658227848101267
4023,0.2872340425531915,0.5957446808510638,0.11702127659574468
4024,0.17134831460674158,0.7303370786516854,0.09831460674157304
4025,0.17128178335074887,0.6910484151863462,0.13766980146290492
4026,0.22839506172839505,0.691358024691358,0.08024691358024691
4027,0.22295081967213115,0.6721311475409836,0.10491803278688525
4028,0.18517276081851727,0.6935032986693503,0.1213239405121324
4029,0.1947598574210855,0.6740895895344137,0.1311505530445008
4030,0.14634146341463414,0.7247386759581882,0.1289198606271777
4031,0.15384615384615385,0.6410256410256411,0.20512820512820512
4032,0.19291338582677164,0.7440944881889764,0.06299212598425197
4033,0.2595338983050847,0.676906779661017,0.0635593220338983
4034,0.20440386680988185,0.6875402792696026,0.10805585392051557
4035,0.22965641952983726,0.6799276672694394,0.09041591320072333
4037,0.21491658488714427,0.6930323846908734,0.09205103042198233
4038,0.22666666666666666,0.6933333333333334,0.08
4039,0.2111111111111111,0.6888888888888889,0.1
4040,0.1918706993118899,0.6857097135541687,0.12241958713394142
4041,0.22266187050359712,0.6935251798561151,0.08381294964028776
4042,0.2669811320754717,0.6641509433962264,0.06886792452830189
4043,0.19955654101995565,0.6982015274698201,0.10224193151022419
4044,0.24375,0.65625,0.1
4045,0.21396054628224584,0.7109256449165402,0.07511380880121396
4046,0.19215686274509805,0.7102941176470589,0.09754901960784314
4047,0.27611940298507465,0.6716417910447762,0.05223880597014925
4049,0.18989405052974734,0.7139364303178484,0.09616951915240424
4050,0.24324324324324326,0.6891891891891891,0.06756756756756757
4051,0.20303383897316218,0.704784130688448,0.09218203033838973
4052,0.22388059701492538,0.746268656716418,0.029850746268656716
4053,0.21568627450980393,0.7647058823529411,0.0196078431372549
4054,0.26804123711340205,0.6804123711340206,0.05154639175257732
4055,0.17274167987321712,0.6957210776545166,0.13153724247226625
4056,0.27522935779816515,0.63564875491481,0.0891218872870249
4057,0.2175925925925926,0.7037037037037037,0.0787037037037037
4058,0.29853181076672103,0.6166394779771615,0.08482871125611746
4059,0.20326530612244897,0.6806122448979591,0.11612244897959184
4060,0.21794871794871795,0.6923076923076923,0.08974358974358974
4061,0.22458703939008895,0.6880559085133418,0.08735705209656926
4062,0.19936034115138593,0.7105543710021321,0.09008528784648187
4063,0.2236503856041131,0.6889460154241646,0.08740359897172237
4064,0.18220610198421164,0.680819287390655,0.13697461062513336
4065,0.20955165692007796,0.7110136452241715,0.07943469785575048
4066,0.19695216049382716,0.6925154320987654,0.11053240740740741
4067,0.19698200812536273,0.6879860708067325,0.11503192106790482
4068,0.21452244652003616,0.6878577884905092,0.09761976498945465
4069,0.25,0.6686046511627907,0.08139534883720931
4070,0.29333333333333333,0.6666666666666666,0.04
4071,0.23910171730515192,0.6988110964332893,0.062087186261558784
4072,0.20818595250126326,0.6851945426983325,0.10661950480040425
4073,0.20494186046511628,0.688468992248062,0.1065891472868217
4074,0.2669039145907473,0.638196915776987,0.09489916963226572
4075,0.2287495897604201,0.6944535608795537,0.07679684936002626
4076,0.1977077363896848,0.7249283667621776,0.07736389684813753
4077,0.19594594594594594,0.6824324324324325,0.12162162162162163
4078,0.16596451899663742,0.6557608317551115,0.17827464924825107
4079,0.21961009174311927,0.6989678899082569,0.08142201834862385
4080,0.18236352729454108,0.6946610677864428,0.12297540491901619
4081,0.20619282195636876,0.6795683790757683,0.114238798967863
4082,0.208955223880597,0.6780832678711705,0.11296150824823252
4083,0.2564102564102564,0.6666666666666666,0.07692307692307693
4084,0.20220082530949107,0.6822558459422283,0.1155433287482806
4085,0.2562841530054645,0.6792349726775956,0.06448087431693988
4086,0.21962025316455697,0.6911392405063291,0.08924050632911393
4087,0.23933649289099526,0.6919431279620853,0.06872037914691943
4088,0.21660649819494585,0.703971119133574,0.07942238267148015
4089,0.199230975587946,0.669856031476348,0.130912992935706
4090,0.1965065502183406,0.6681222707423581,0.13537117903930132
4091,0.1783819628647215,0.7108753315649867,0.11074270557029178
4092,0.24193548387096775,0.6491935483870968,0.10887096774193548
4093,0.20593692022263452,0.6716141001855288,0.12244897959183673
4094,0.19753086419753085,0.7314814814814815,0.07098765432098765
4095,0.19840983014094687,0.7076255872786411,0.093964582580412
4096,0.22023809523809523,0.6930272108843537,0.08673469387755102
4097,0.21074380165289255,0.731404958677686,0.05785123966942149
4098,0.24603174603174602,0.6746031746031746,0.07936507936507936
4099,0.1919922817173179,0.688374336710082,0.1196333815726001
4100,0.1922222222222222,0.7083333333333334,0.09944444444444445
4101,0.19017094017094016,0.6800976800976801,0.12973137973137974
4102,0.30303030303030304,0.6212121212121212,0.07575757575757576
4103,0.421875,0.546875,0.03125
4104,0.23911382734912145,0.680672268907563,0.08021390374331551
4105,0.17422721798474508,0.6904857486953031,0.13528703331995182
4106,0.24146341463414633,0.6707317073170732,0.08780487804878048
4107,0.1893063583815029,0.7182080924855492,0.09248554913294797
4108,0.24432576769025366,0.6795727636849133,0.07610146862483311
4109,0.2653061224489796,0.6530612244897959,0.08163265306122448
4110,0.18446601941747573,0.6609410007468259,0.15459297983569828
4111,0.23204419889502761,0.7348066298342542,0.03314917127071823
4112,0.2558139534883721,0.6744186046511628,0.06976744186046512
4113,0.2069838056680162,0.6897773279352226,0.10323886639676114
4114,0.22093023255813954,0.6941354903943378,0.08493427704752275
4115,0.27442650807136787,0.6465590484282073,0.0790144435004248
4116,0.19474899019042125,0.6754183496826313,0.1298326601269475
4117,0.2137301318904295,0.6946229286438959,0.09164693946567468
4118,0.21080669710806696,0.6963470319634704,0.0928462709284627
4119,0.18518518518518517,0.7407407407407407,0.07407407407407407
4120,0.31527093596059114,0.6108374384236454,0.07389162561576355
4121,0.25770308123249297,0.6932773109243697,0.049019607843137254
4122,0.23076923076923078,0.6666666666666666,0.10256410256410256
4123,0.22705314009661837,0.7053140096618358,0.06763285024154589
4124,0.23628691983122363,0.679324894514768,0.08438818565400844
4125,0.2425828970331588,0.6771378708551483,0.08027923211169284
4126,0.17900172117039587,0.6867469879518072,0.1342512908777969
4127,0.2894736842105263,0.7105263157894737,0.0
4128,0.22213114754098362,0.6721311475409836,0.10573770491803279
4129,0.1947565543071161,0.7284644194756554,0.07677902621722846
4130,0.1804448381064856,0.6645507331955516,0.1550044286979628
4131,0.2329246935201401,0.6637478108581436,0.10332749562171628
4132,0.20659340659340658,0.6664835164835164,0.12692307692307692
4133,0.2140212864414623,0.6938917167977788,0.0920869967607589
4134,0.23847695390781562,0.6953907815631263,0.06613226452905811
4135,0.23229813664596274,0.6832298136645962,0.084472049689441
4136,0.19545454545454546,0.7015151515151515,0.10303030303030303
4137,0.1951219512195122,0.7095343680709535,0.09534368070953436
4138,0.215,0.705,0.08
4139,0.22083333333333333,0.6791666666666667,0.1
4140,0.22376237623762377,0.6818481848184819,0.09438943894389439
4141,0.21559633027522937,0.7018348623853211,0.08256880733944955
4142,0.18565400843881857,0.7177684013127051,0.09657759024847633
4143,0.21670606776989756,0.6958234830575256,0.08747044917257683
4144,0.22076502732240438,0.6918032786885245,0.08743169398907104
4145,0.22193548387096773,0.6748387096774193,0.1032258064516129
4146,0.2659698025551684,0.6794425087108014,0.0545876887340302
4147,0.21245306633291614,0.7071339173967459,0.08041301627033792
4148,0.21498054474708173,0.6809338521400778,0.10408560311284047
4149,0.23714285714285716,0.6542857142857142,0.10857142857142857
4150,0.22822822822822822,0.7027027027027027,0.06906906906906907
4151,0.23155505107832008,0.6685584562996595,0.09988649262202043
4152,0.2038073908174692,0.683090705487122,0.11310190369540873
4153,0.19571045576407506,0.7345844504021448,0.06970509383378017
4154,0.2235294117647059,0.7294117647058823,0.047058823529411764
4155,0.19370629370629372,0.7132867132867133,0.09300699300699301
4156,0.25,0.5375,0.2125
4157,0.2376,0.6956,0.0668
4158,0.21880650994575046,0.6726943942133815,0.10849909584086799
4159,0.3082706766917293,0.6203007518796992,0.07142857142857142
4160,0.25806451612903225,0.6075268817204301,0.13440860215053763
4161,0.24497991967871485,0.6867469879518072,0.06827309236947791
4162,0.16666666666666666,0.7549019607843137,0.0784313725490196
4163,0.20449615460461448,0.6681127982646421,0.12739104713074345
4164,0.25675675675675674,0.6621621621621622,0.08108108108108109
4165,0.21620227038183695,0.6873065015479877,0.09649122807017543
4166,0.23486973947895792,0.6661322645290582,0.09899799599198397
4167,0.2638888888888889,0.6111111111111112,0.125
4168,0.16111111111111112,0.6976190476190476,0.14126984126984127
4169,0.22697368421052633,0.6896929824561403,0.08333333333333333
4170,0.1948094612352168,0.7020367936925098,0.10315374507227333
4171,0.26756496631376325,0.6525505293551492,0.07988450433108758
4172,0.2247191011235955,0.6685393258426966,0.10674157303370786
4173,0.22807017543859648,0.7017543859649122,0.07017543859649122
4174,0.19767441860465115,0.7267441860465116,0.0755813953488372
4175,0.21369294605809128,0.6804979253112033,0.10580912863070539
4176,0.2065275548421616,0.700374531835206,0.09309791332263243
4177,0.20772946859903382,0.7342995169082126,0.057971014492753624
4178,0.23737373737373738,0.6944444444444444,0.06818181818181818
4179,0.20082931749411634,0.6853076319623445,0.11386305054353917
4180,0.2378001549186677,0.6633100955331784,0.09888974954815388
4181,0.23983315954118875,0.6923879040667362,0.06777893639207508
4182,0.24299065420560748,0.7009345794392523,0.056074766355140186
4183,0.3684210526315789,0.6,0.031578947368421054
4184,0.23863636363636365,0.5795454545454546,0.18181818181818182
4185,0.21968190854870775,0.6908548707753479,0.08946322067594434
4186,0.23296703296703297,0.6527472527472528,0.11428571428571428
4187,0.1774982529699511,0.7085953878406709,0.11390635918937805
4188,0.3387096774193548,0.6129032258064516,0.04838709677419355
4189,0.22206896551724137,0.6931034482758621,0.08482758620689655
4190,0.22973670624677336,0.6886938564790914,0.08156943727413526
4191,0.2,0.6577777777777778,0.14222222222222222
4192,0.21215830273357814,0.7123623011015912,0.07547939616483068
4193,0.23333333333333334,0.6933333333333334,0.07333333333333333
4194,0.1700996677740864,0.6843853820598007,0.14551495016611296
4195,0.1989389920424403,0.7108753315649867,0.09018567639257294
4196,0.2002200220022002,0.6688668866886689,0.13091309130913092
4197,0.21671018276762402,0.7101827676240209,0.0731070496083551
4198,0.2621951219512195,0.6585365853658537,0.07926829268292683
4199,0.1419068736141907,0.7671840354767184,0.09090909090909091
4200,0.174496644295302,0.7315436241610739,0.09395973154362416
4201,0.19840566873339238,0.6705048715677591,0.13108945969884853
4202,0.22072072072072071,0.7207207207207207,0.05855855855855856
4203,0.18572135609997525,0.6603563474387528,0.15392229646127195
4204,0.2839506172839506,0.654320987654321,0.06172839506172839
4205,0.1989071038251366,0.7103825136612022,0.0907103825136612
4206,0.20945945945945946,0.722972972972973,0.06756756756756757
4207,0.2233502538071066,0.6624365482233503,0.11421319796954314
4208,0.22138500179404377,0.6950125583064227,0.08360243989953355
4209,0.2569060773480663,0.6869244935543278,0.056169429097605895
4210,0.23072289156626505,0.6837349397590361,0.0855421686746988
4211,0.201301720130172,0.7024639702463971,0.09623430962343096
4212,0.20279456193353473,0.7099697885196374,0.08723564954682779
4213,0.22901612006670372,0.679544191217343,0.0914396887159533
4214,0.24719101123595505,0.6565008025682183,0.09630818619582665
4215,0.18639023405972557,0.6528954802259888,0.16071428571428573
4216,0.2754491017964072,0.6347305389221557,0.08982035928143713
4217,0.24271356783919598,0.6708542713567839,0.0864321608040201
4218,0.19186046511627908,0.7209302325581395,0.0872093023255814
4219,0.18596491228070175,0.7578947368421053,0.056140350877192984
4220,0.2017738359201774,0.6984478935698448,0.09977827050997783
4221,0.2255892255892256,0.7239057239057239,0.050505050505050504
4222,0.21836313617606604,0.6930880330123796,0.08854883081155433
4223,0.19674732249107496,0.7021023403411345,0.10115033716779057
4224,0.13978494623655913,0.6989247311827957,0.16129032258064516
4225,0.20636550308008214,0.704312114989733,0.08932238193018481
4226,0.16883116883116883,0.7467532467532467,0.08441558441558442
4227,0.22657952069716775,0.6971677559912854,0.07625272331154684
4228,0.23580786026200873,0.6710334788937409,0.09315866084425037
4229,0.3829787234042553,0.574468085106383,0.0425531914893617
4230,0.1797752808988764,0.702247191011236,0.11797752808988764
4231,0.2568493150684932,0.6472602739726028,0.0958904109589041
4232,0.22776679841897232,0.6704545454545454,0.10177865612648221
4233,0.22037914691943128,0.6789099526066351,0.10071090047393365
4234,0.19547872340425532,0.6981382978723404,0.10638297872340426
4235,0.3469387755102041,0.5816326530612245,0.07142857142857142
4237,0.20670391061452514,0.7023144453312051,0.09098164405426976
4238,0.1833976833976834,0.6602316602316602,0.15637065637065636
4239,0.23585810162991372,0.6797698945349953,0.08437200383509108
4240,0.21033085752869682,0.687204591492235,0.1024645509790682
4241,0.2065167508031207,0.7026158788435062,0.09086737035337311
4242,0.17316745124411567,0.6698049764626766,0.1570275722932078
4243,0.17231404958677685,0.6636363636363637,0.1640495867768595
4244,0.2420771286750668,0.67430316914853,0.0836197021764032
4245,0.2016775396085741,0.6857409133271202,0.11258154706430569
4246,0.24962630792227206,0.6965620328849028,0.053811659192825115
4247,0.18837535014005602,0.7142857142857143,0.09733893557422969
4248,0.27017543859649124,0.656140350877193,0.07368421052631578
4249,0.28774928774928776,0.6324786324786325,0.07977207977207977
4250,0.25902335456475584,0.6878980891719745,0.05307855626326964
5001,0.2199025748086291,0.6854558107167711,0.09464161447459986
5002,0.17012448132780084,0.6701244813278008,0.15975103734439833
5003,0.20666666666666667,0.6666666666666666,0.12666666666666668
5004,0.1974169741697417,0.6918819188191881,0.11070110701107011
5005,0.18496142087640122,0.6695588877565876,0.14547969136701122
5006,0.16847826086956522,0.7146739130434783,0.11684782608695653
5007,0.2123629112662014,0.7038883349950149,0.08374875373878365
5008,0.1986754966887417,0.6821192052980133,0.11920529801324503
5009,0.1732283464566929,0.6929133858267716,0.13385826771653545
5010,0.19148936170212766,0.6808510638297872,0.1276595744680851
5011,0.24670184696569922,0.6596306068601583,0.09366754617414248
5012,0.19347919347919348,0.7018447018447018,0.10467610467610468
5013,0.17297650130548303,0.720626631853786,0.10639686684073107
5014,0.23628318584070795,0.6778761061946903,0.08584070796460178
5015,0.24250936329588016,0.6638576779026217,0.09363295880149813
5016,0.21243523316062177,0.6709844559585493,0.11658031088082901
5017,0.22092779177162047,0.6913308144416457,0.08774139378673383
5018,0.1824175824175824,0.7186813186813187,0.0989010989010989
5019,0.2041522491349481,0.6816608996539792,0.11418685121107267
5020,0.2602739726027397,0.6592465753424658,0.08047945205479452
5021,0.22244094488188976,0.718503937007874,0.05905511811023622
5022,0.21765913757700206,0.6828982106189498,0.09944265180404811
5023,0.2047970479704797,0.7029520295202952,0.09225092250922509
5024,0.24861878453038674,0.6740331491712708,0.07734806629834254
5025,0.17165991902834007,0.7129554655870445,0.11538461538461539
5026,0.1660377358490566,0.720754716981132,0.11320754716981132
5027,0.2158273381294964,0.7338129496402878,0.050359712230215826
5028,0.19612448620082207,0.7128596594245449,0.091015854374633
5029,0.2270967741935484,0.6903225806451613,0.08258064516129032
5030,0.23124042879019907,0.678407350689127,0.0903522205206738
5031,0.20420624151967434,0.689280868385346,0.10651289009497965
5032,0.2430167597765363,0.6564245810055865,0.1005586592178771
5033,0.19142419601837674,0.7075038284839203,0.10107197549770292
5034,0.2826603325415677,0.6270783847980997,0.09026128266033254
5035,0.20388349514563106,0.6699029126213593,0.1262135922330097
5036,0.19395017793594305,0.7206405693950177,0.08540925266903915
5037,0.2745664739884393,0.653179190751445,0.07225433526011561
5038,0.18666666666666668,0.6577777777777778,0.15555555555555556
5039,0.23514851485148514,0.6435643564356436,0.12128712871287128
5040,0.2052401746724891,0.7030567685589519,0.09170305676855896
5041,0.22556390977443608,0.6428571428571429,0.13157894736842105
5042,0.19018867924528302,0.7041509433962264,0.10566037735849057
5044,0.2122905027932961,0.664804469273743,0.12290502793296089
5045,0.22666666666666666,0.64,0.13333333333333333
5046,0.1935483870967742,0.7217741935483871,0.0846774193548387
5047,0.1879432624113475,0.7145390070921985,0.0975177304964539
5048,0.19960861056751467,0.6908023483365949,0.1095890410958904
5049,0.15289256198347106,0.7293388429752066,0.11776859504132231
5050,0.21922714420358153,0.6859566446748351,0.09481621112158341
5051,0.21770334928229665,0.6818181818181818,0.10047846889952153
5052,0.16666666666666666,0.7333333333333333,0.1
5053,0.21928571428571428,0.7071428571428572,0.07357142857142857
5054,0.22384937238493724,0.6903765690376569,0.08577405857740586
5055,0.2187938288920056,0.6900420757363254,0.091164095371669
5056,0.2654690618762475,0.6347305389221557,0.0998003992015968
5057,0.19593345656192238,0.6635859519408502,0.14048059149722736
5058,0.21462893753336892,0.6930058729311266,0.09236518953550454
5059,0.23018042646254783,0.6697648988518315,0.10005467468562056
5060,0.24381625441696114,0.6325088339222615,0.12367491166077739
5061,0.17647058823529413,0.7285067873303167,0.09502262443438914
5062,0.1589041095890411,0.6958904109589041,0.14520547945205478
5063,0.2653927813163482,0.6411889596602972,0.09341825902335456
5064,0.24324324324324326,0.6648648648648648,0.0918918918918919
5065,0.23678646934460887,0.6670190274841438,0.09619450317124736
5066,0.2199295420231505,0.704579768495219,0.0754906894816306
5067,0.18681318681318682,0.7175824175824176,0.0956043956043956
5068,0.23515151515151514,0.6436363636363637,0.12121212121212122
5069,0.18396946564885497,0.7026717557251908,0.1133587786259542
5070,0.18170731707317073,0.6878048780487804,0.13048780487804879
5071,0.19482120838471023,0.6806411837237978,0.12453760789149199
5072,0.26101694915254237,0.6779661016949152,0.061016949152542375
5073,0.18814139110604333,0.7023945267958951,0.10946408209806158
5074,0.21791044776119403,0.7029850746268657,0.0791044776119403
5075,0.2349869451697128,0.6875543951261966,0.07745865970409051
5076,0.21368322399250234,0.6883786316776007,0.0979381443298969
5077,0.19959677419354838,0.688508064516129,0.11189516129032258
5079,0.21022727272727273,0.7102272727272727,0.07954545454545454
5080,0.2116323498195712,0.6753343239227341,0.11303332625769476
5081,0.31343283582089554,0.582089552238806,0.1044776119402985
5082,0.16748768472906403,0.6921182266009852,0.14039408866995073
5083,0.22911694510739858,0.6610978520286396,0.10978520286396182
5084,0.19291338582677164,0.702755905511811,0.10433070866141732
5085,0.14356435643564355,0.7475247524752475,0.10891089108910891
5086,0.22342342342342342,0.6756756756756757,0.1009009009009009
5087,0.1997792494481236,0.6699779249448123,0.13024282560706402
5088,0.2642857142857143,0.6357142857142857,0.1
5089,0.17391304347826086,0.7167119565217391,0.109375
5090,0.20285714285714285,0.6785714285714286,0.11857142857142858
5091,0.19142857142857142,0.6771428571428572,0.13142857142857142
5092,0.215962441314554,0.6948356807511737,0.0892018779342723
5093,0.19560185185185186,0.6851851851851852,0.11921296296296297
5094,0.2934472934472934,0.6068376068376068,0.09971509971509972
5095,0.28440366972477066,0.6269113149847095,0.08868501529051988
5096,0.21400472069236823,0.6970889063729347,0.0889063729346971
5097,0.2036837859639688,0.7019360043022318,0.0943802097337994
5098,0.22916666666666666,0.6666666666666666,0.10416666666666667
5099,0.17363344051446947,0.6672025723472669,0.15916398713826366
5100,0.21948608137044967,0.6873661670235546,0.09314775160599571
5101,0.18413855970829535,0.7110300820419325,0.1048313582497721
5103,0.20081967213114754,0.7151639344262295,0.08401639344262295
5104,0.27450980392156865,0.6862745098039216,0.0392156862745098
5105,0.3056768558951965,0.6550218340611353,0.039301310043668124
5106,0.2202729044834308,0.6530214424951267,0.1267056530214425
5107,0.12878787878787878,0.7272727272727273,0.14393939393939395
5108,0.21142857142857144,0.6780952380952381,0.11047619047619048
5109,0.19806094182825484,0.6814404432132964,0.12049861495844875
5110,0.2107843137254902,0.696078431372549,0.09313725490196079
5111,0.2196078431372549,0.6392156862745098,0.1411764705882353
5112,0.18865375956776226,0.710040522287258,0.10130571814497974
5113,0.24642857142857144,0.6607142857142857,0.09285714285714286
5114,0.18025751072961374,0.7510729613733905,0.06866952789699571
5115,0.2385542168674699,0.6698795180722892,0.09156626506024096
5116,0.21744791666666666,0.6848958333333334,0.09765625
5117,0.23700472555434388,0.6713922210105416,0.0916030534351145
5118,0.1946190102120974,0.7119010212097407,0.09347996857816182
5119,0.21971830985915494,0.6816901408450704,0.09859154929577464
5120,0.2428842504743833,0.6907020872865275,0.06641366223908918
5121,0.20222376650451704,0.7025712300208478,0.09520500347463516
6001,0.19281118260483693,0.6713445751053916,0.13584424228977146
6002,0.2185430463576159,0.6887417218543046,0.09271523178807947
6003,0.1767887443438914,0.6780495852187028,0.14516167043740574
6004,0.1985611510791367,0.6805755395683454,0.12086330935251799
6005,0.2448377581120944,0.6563421828908554,0.09882005899705015
6007,0.19638242894056848,0.6950904392764858,0.10852713178294573
6008,0.20658682634730538,0.7245508982035929,0.0688622754491018
6009,0.17743891873158898,0.6848033269797262,0.1377577542886848
6010,0.19838056680161945,0.659919028340081,0.1417004048582996
6011,0.22157190635451504,0.7040133779264214,0.07441471571906355
6012,0.18572195383789586,0.7063875469672571,0.10789049919484701
6013,0.1977135171486214,0.7074646940147948,0.09482178883658372
6014,0.1843220338983051,0.684322033898305,0.13135593220338984
6015,0.20592592592592593,0.7007407407407408,0.09333333333333334
6016,0.19736842105263158,0.6710526315789473,0.13157894736842105
6017,0.21441228588304784,0.6839929119905493,0.10159480212640283
6018,0.16777777777777778,0.7033333333333334,0.1288888888888889
6019,0.16764132553606237,0.7251461988304093,0.10721247563352826
6020,0.21982414068745004,0.7082334132693845,0.07194244604316546
6021,0.19536423841059603,0.7019867549668874,0.10264900662251655
6022,0.2263779527559055,0.6742125984251969,0.09940944881889764
6023,0.24503311258278146,0.6721854304635762,0.08278145695364239
6024,0.23471882640586797,0.6748166259168704,0.09046454767726161
6025,0.203125,0.6629464285714286,0.13392857142857142
6026,0.19068736141906872,0.6895787139689579,0.1197339246119734
6027,0.19971671388101983,0.6345609065155807,0.16572237960339944
6028,0.2334096109839817,0.6567505720823799,0.10983981693363844
6029,0.1749703440094899,0.7052194543297746,0.11981020166073547
6030,0.17839922854387658,0.7000964320154291,0.12150433944069432
6031,0.18811881188118812,0.7161716171617162,0.09570957095709572
6032,0.1970074812967581,0.6159600997506235,0.18703241895261846
6033,0.14609286523216308,0.739524348810872,0.1143827859569649
6034,0.3023255813953488,0.5581395348837209,0.13953488372093023
6035,0.18082788671023964,0.7276688453159041,0.0915032679738562
6036,0.21021897810218979,0.6817518248175183,0.10802919708029197
6037,0.18996415770609318,0.6989247311827957,0.1111111111111111
6038,0.15193370165745856,0.7292817679558011,0.11878453038674033
6039,0.1788259135778257,0.679904556448977,0.14126952997319736
6040,0.15938864628820962,0.7063318777292577,0.13427947598253276
6041,0.13157894736842105,0.7368421052631579,0.13157894736842105
6043,0.20022753128555176,0.7023132347364429,0.09745923397800531
6044,0.20853658536585365,0.6829268292682927,0.10853658536585366
6045,0.21686746987951808,0.6144578313253012,0.1686746987951807
6046,0.1741424802110818,0.7203166226912929,0.10554089709762533
6047,0.19956405909421168,0.6929038508113344,0.10753209009445386
6048,0.1984732824427481,0.6412213740458015,0.16030534351145037
6049,0.19117647058823528,0.7047511312217195,0.10407239819004525
6050,0.1596244131455399,0.7323943661971831,0.107981220657277
6051,0.14868804664723032,0.6865889212827988,0.16472303206997085
6052,0.18537414965986396,0.7380952380952381,0.07653061224489796
6053,0.21994773519163763,0.6851045296167247,0.09494773519163763
6054,0.2037037037037037,0.7195767195767195,0.07671957671957672
6055,0.2637795275590551,0.5984251968503937,0.1377952755905512
6056,0.1419068736141907,0.647450110864745,0.2106430155210643
6057,0.24473684210526317,0.6263157894736842,0.12894736842105264
6058,0.12056737588652482,0.74822695035461,0.13120567375886524
6059,0.22132471728594508,0.6736672051696284,0.1050080775444265
6060,0.19477434679334918,0.6864608076009501,0.1187648456057007
6061,0.17555555555555555,0.6833333333333333,0.1411111111111111
6062,0.21498371335504887,0.6710097719869706,0.11400651465798045
6063,0.16614420062695925,0.6896551724137931,0.14420062695924765
6065,0.24242424242424243,0.6545454545454545,0.10303030303030303
6066,0.1907514450867052,0.6763005780346821,0.1329479768786127
6067,0.20774647887323944,0.7112676056338029,0.08098591549295775
6068,0.22084367245657568,0.6719602977667494,0.10719602977667494
6069,0.1643835616438356,0.708904109589041,0.1267123287671233
6070,0.18816067653276955,0.6849894291754757,0.12684989429175475
6071,0.19294117647058823,0.7035294117647058,0.10352941176470588
6072,0.1752808988764045,0.7056179775280899,0.11910112359550562
6073,0.228218966846569,0.6831148804934464,0.08866615265998458
6074,0.17706576728499157,0.7234401349072512,0.09949409780775717
6075,0.18891402714932126,0.7166289592760181,0.09445701357466063
6076,0.1676933607118412,0.6872005475701575,0.14510609171800137
6077,0.21138211382113822,0.7164634146341463,0.07215447154471545
6078,0.16861219195849547,0.695201037613489,0.13618677042801555
6079,0.19932432432432431,0.7111486486486487,0.08952702702702703
6081,0.19114496548440849,0.6676981671030707,0.14115686741252084
6082,0.2192,0.6976,0.0832
6083,0.16607773851590105,0.657243816254417,0.17667844522968199
6084,0.16666666666666666,0.6944444444444444,0.1388888888888889
6085,0.16268980477223427,0.6876355748373102,0.14967462039045554
6086,0.18681318681318682,0.7326007326007326,0.08058608058608059
6087,0.18106312292358803,0.7275747508305648,0.09136212624584718
6088,0.18911917098445596,0.7046632124352331,0.10621761658031088
6090,0.1794871794871795,0.7307692307692307,0.08974358974358974
6091,0.23083264633140974,0.6727122835943941,0.09645507007419621
6092,0.1837248322147651,0.7088926174496645,0.10738255033557047
6093,0.21839080459770116,0.7068965517241379,0.07471264367816093
6094,0.23043478260869565,0.6765217391304348,0.09304347826086956
6095,0.1549738219895288,0.7162303664921466,0.12879581151832462
6096,0.23333333333333334,0.6851851851851852,0.08148148148148149
6097,0.21064552661381652,0.695356738391846,0.09399773499433749
6098,0.16042780748663102,0.6844919786096256,0.15508021390374332
6099,0.19047619047619047,0.7037037037037037,0.10582010582010581
6100,0.271523178807947,0.6821192052980133,0.046357615894039736
6101,0.15517241379310345,0.7068965517241379,0.13793103448275862
6102,0.15918367346938775,0.7428571428571429,0.09795918367346938
6103,0.20179372197309417,0.6502242152466368,0.14798206278026907
6104,0.2006861063464837,0.6792452830188679,0.12006861063464837
6105,0.17985611510791366,0.7410071942446043,0.07913669064748201
6106,0.22964509394572025,0.6638830897703549,0.10647181628392484
6107,0.23018867924528302,0.6452830188679245,0.12452830188679245
6108,0.18211920529801323,0.6456953642384106,0.17218543046357615
6109,0.2574803149606299,0.6834645669291338,0.05905511811023622
6110,0.17506631299734748,0.7161803713527851,0.10875331564986737
6111,0.17925925925925926,0.6696296296296296,0.1511111111111111
6112,0.18024263431542462,0.7036395147313691,0.11611785095320624
6113,0.2111650485436893,0.686084142394822,0.10275080906148867
6114,0.18742950488117927,0.6710357434561083,0.14153475166271245
6115,0.23030303030303031,0.6718614718614718,0.09783549783549783
6116,0.2694300518134715,0.655440414507772,0.07512953367875648
6117,0.20982142857142858,0.6830357142857143,0.10714285714285714
6118,0.23423423423423423,0.6126126126126126,0.15315315315315314
6119,0.21750663129973474,0.6525198938992043,0.129973474801061
6120,0.2125,0.6482142857142857,0.1392857142857143
6121,0.18465881436776016,0.6844154579966903,0.1309257276355495
6122,0.23266022827041263,0.6479367866549605,0.11940298507462686
6123,0.18244274809160305,0.6816793893129771,0.13587786259541984
6124,0.19270833333333334,0.640625,0.16666666666666666
6125,0.28884462151394424,0.6454183266932271,0.06573705179282868
6126,0.22296173044925124,0.6738768718801996,0.10316139767054909
6127,0.16432700247729148,0.652353426919901,0.1833195706028076
6128,0.2128623188405797,0.6757246376811594,0.11141304347826086
6129,0.1444043321299639,0.6534296028880866,0.20216606498194944
6131,0.20333333333333334,0.73,0.06666666666666667
6132,0.2022332506203474,0.6913771712158809,0.10638957816377172
6133,0.18775181305398872,0.7268331990330379,0.0854149879129734
6134,0.22857142857142856,0.6628571428571428,0.10857142857142857
6135,0.1554054054054054,0.7297297297297297,0.11486486486486487
6136,0.2139917695473251,0.6862139917695473,0.09979423868312758
6137,0.18466898954703834,0.6968641114982579,0.11846689895470383
6138,0.18817710786622704,0.7023080546396608,0.1095148374941121
6139,0.22125813449023862,0.6919739696312365,0.08676789587852494
6140,0.2089305402425579,0.6929437706725469,0.09812568908489526
6141,0.19326383319967924,0.6872493985565357,0.11948676824378508
6142,0.22759601706970128,0.670697012802276,0.10170697012802275
6143,0.22664359861591696,0.6747404844290658,0.0986159169550173
6144,0.21196063588190764,0.6911430734292203,0.09689629068887207
6145,0.13838120104438642,0.7180156657963447,0.14360313315926893
6146,0.16806722689075632,0.7478991596638656,0.08403361344537816
6147,0.17720588235294119,0.6926470588235294,0.13014705882352942
6148,0.22115384615384615,0.6442307692307693,0.1346153846153846
6149,0.14756446991404013,0.6926934097421203,0.15974212034383956
6150,0.2331288343558282,0.6503067484662577,0.1165644171779141
6151,0.19814915623298857,0.7112139357648339,0.09063690800217747
6152,0.210727969348659,0.6647509578544061,0.12452107279693486
6153,0.1608888888888889,0.6835555555555556,0.15555555555555556
6154,0.19748559455212153,0.6822943949711892,0.12022001047668937
6155,0.17131474103585656,0.6733067729083665,0.1553784860557769
6156,0.1908831908831909,0.6866096866096866,0.1225071225071225
6157,0.1967654986522911,0.6711590296495957,0.1320754716981132
6158,0.1699530516431925,0.6713615023474179,0.15868544600938966
6159,0.21267893660531698,0.6666666666666666,0.12065439672801637
6160,0.21348314606741572,0.6868668263031866,0.09965002762939767
6161,0.21711711711711712,0.6918918918918919,0.09099099099099099
6162,0.16750139120756816,0.7150806900389538,0.11741791875347801
6163,0.2012153950033761,0.7022282241728561,0.09655638082376772
6164,0.22631578947368422,0.6736842105263158,0.1
6165,0.226457399103139,0.7062780269058296,0.06726457399103139
6166,0.18823529411764706,0.6705882352941176,0.1411764705882353
6167,0.16536875858909758,0.7292716445258818,0.10535959688502061
6168,0.2175379426644182,0.68690275435638,0.0955593029792018
6169,0.18131101813110181,0.6792189679218968,0.1394700139470014
6170,0.16202090592334495,0.6777003484320557,0.1602787456445993
6171,0.1609870740305523,0.645123384253819,0.19388954171562867
6172,0.1633416458852868,0.7094763092269327,0.12718204488778054
6173,0.2057877813504823,0.7057877813504824,0.08842443729903537
6174,0.1738408584733752,0.6775055679287305,0.1486535735978943
6175,0.12757201646090535,0.6748971193415638,0.19753086419753085
6176,0.2,0.6573643410852713,0.14263565891472868
6177,0.19707516817782977,0.6965779467680608,0.10634688505410939
6178,0.21624588364434688,0.6915477497255763,0.09220636663007684
6179,0.17706013363028952,0.6748329621380846,0.14810690423162584
6180,0.1662324127149557,0.7123501823866597,0.12141740489838458
6181,0.1904928346731912,0.693813351974834,0.11569381335197483
6182,0.20394736842105263,0.6820175438596491,0.11403508771929824
6183,0.2014475271411339,0.6767189384800965,0.1218335343787696
6184,0.22602739726027396,0.6678082191780822,0.10616438356164383
6185,0.18243243243243243,0.7303439803439803,0.08722358722358722
6186,0.18471337579617833,0.6831210191082803,0.1321656050955414
6187,0.17346938775510204,0.7179962894248608,0.10853432282003711
6188,0.19343065693430658,0.6596715328467153,0.1468978102189781
6189,0.10077519379844961,0.7209302325581395,0.17829457364341086
6190,0.209375,0.653125,0.1375
6191,0.19522144522144522,0.7045454545454546,0.10023310023310024
6192,0.21494102228047182,0.7024901703800787,0.08256880733944955
6193,0.19081551860649248,0.6864608076009501,0.1227236737925574
7001,0.27450980392156865,0.6323529411764706,0.09313725490196079
7002,0.19405940594059407,0.689108910891089,0.11683168316831684
7003,0.1773225008830802,0.6466073664943323,0.17607013262258758
7004,0.18961038961038962,0.7047619047619048,0.10562770562770563
7005,0.19663648124191463,0.6817593790426908,0.12160413971539456
7006,0.20577617328519857,0.6823104693140795,0.11191335740072202
7007,0.1791767554479419,0.6715092816787732,0.1493139628732849
7008,0.20482546201232033,0.6683778234086243,0.12679671457905545
7009,0.18811881188118812,0.6732673267326733,0.13861386138613863
7010,0.23786407766990292,0.6893203883495146,0.07281553398058252
7011,0.1723744292237443,0.6986301369863014,0.12899543378995434
7012,0.1674937965260546,0.6774193548387096,0.15508684863523572
7013,0.1943620178041543,0.6706231454005934,0.13501483679525222
7014,0.18199608610567514,0.726027397260274,0.09197651663405088
7015,0.18369829683698297,0.6885644768856448,0.12773722627737227
7016,0.16346153846153846,0.7019230769230769,0.1346153846153846
7017,0.22385861561119294,0.6936671575846833,0.08247422680412371
7018,0.14763231197771587,0.724233983286908,0.12813370473537605
7019,0.17395223073456512,0.6953582694907616,0.13068949977467328
7020,0.18545279383429672,0.6929190751445087,0.1216281310211946
7021,0.20623501199040767,0.6498800959232613,0.14388489208633093
7022,0.17419354838709677,0.65,0.17580645161290323
7023,0.19760213143872113,0.6882770870337478,0.11412078152753108
7024,0.20464135021097046,0.6624472573839663,0.13291139240506328
7025,0.2146341463414634,0.6926829268292682,0.09268292682926829
7026,0.175,0.6931818181818182,0.1318181818181818
7027,0.18414634146341463,0.7048780487804878,0.11097560975609756
7028,0.21052631578947367,0.6892230576441103,0.10025062656641603
7029,0.18204488778054864,0.6359102244389028,0.18204488778054864
7030,0.14659018483110262,0.6857871255576801,0.16762268961121735
7031,0.17442602040816327,0.6938775510204082,0.13169642857142858
7032,0.13486842105263158,0.6546052631578947,0.21052631578947367
7033,0.13829787234042554,0.6875,0.17420212765957446
7034,0.18878504672897195,0.7018691588785047,0.10934579439252337
7035,0.20134228187919462,0.6661073825503355,0.1325503355704698
7036,0.18487394957983194,0.6834733893557423,0.13165266106442577
7037,0.23496391339214115,0.7008821170809943,0.06415396952686447
7038,0.1661676646706587,0.7230538922155688,0.11077844311377245
7039,0.14563106796116504,0.7378640776699029,0.11650485436893204
7040,0.18439337252805987,0.6884019241047569,0.1272047033671833
7041,0.15963060686015831,0.6767810026385225,0.16358839050131926
7042,0.2176039119804401,0.687041564792176,0.09535452322738386
7043,0.18395657418576597,0.7201447527141134,0.09589867310012062
7044,0.1909704203425013,0.6865594187856772,0.12247016087182148
7045,0.18001443001443002,0.689033189033189,0.13095238095238096
7046,0.18055555555555555,0.6527777777777778,0.16666666666666666
7047,0.17346938775510204,0.7551020408163265,0.07142857142857142
7048,0.23076923076923078,0.6713286713286714,0.0979020979020979
7049,0.1660727013542409,0.714183891660727,0.11974340698503208
7050,0.2787878787878788,0.6060606060606061,0.11515151515151516
7051,0.16778523489932887,0.72751677852349,0.10469798657718121
7052,0.1927927927927928,0.6807807807807807,0.12642642642642643
7053,0.1778265642151482,0.672886937431394,0.14928649835345773
7054,0.16275346851654215,0.6800960512273212,0.1571504802561366
7055,0.21518987341772153,0.6835443037974683,0.10126582278481013
7056,0.2236024844720497,0.6770186335403726,0.09937888198757763
7057,0.15128755364806867,0.7006437768240343,0.148068669527897
7058,0.15004631058968818,0.6832355665328805,0.16671812287743132
7059,0.18840579710144928,0.7217391304347827,0.08985507246376812
7060,0.16707616707616707,0.6863226863226863,0.1466011466011466
7061,0.1891891891891892,0.6452702702702703,0.16554054054054054
7062,0.12637362637362637,0.7087912087912088,0.16483516483516483
7063,0.17366476318441385,0.6711454484380248,0.1551897883775613
7064,0.1640378548895899,0.7129337539432177,0.12302839116719243
7065,0.16140602582496413,0.6886657101865137,0.14992826398852224
7066,0.15649628462058096,0.6831794640846656,0.16032425129475344
7067,0.17288801571709234,0.6699410609037328,0.15717092337917485
7068,0.15217391304347827,0.7391304347826086,0.10869565217391304
7069,0.17173524150268335,0.7012522361359571,0.12701252236135957
7070,0.1625,0.70625,0.13125
7071,0.1437591063623118,0.7314230208839242,0.12481787275376396
7072,0.2267106347897774,0.6685902720527618,0.10469909315746084
7073,0.1933884297520661,0.6962809917355371,0.1103305785123967
7074,0.16985845129059118,0.7077435470441299,0.12239800166527894
8001,0.1786743515850144,0.6829971181556196,0.138328530259366
8002,0.19830508474576272,0.7033898305084746,0.09830508474576272
8003,0.2318840579710145,0.6884057971014492,0.07971014492753623
8004,0.2767857142857143,0.5892857142857143,0.13392857142857142
8005,0.22429906542056074,0.6947040498442367,0.08099688473520249
8006,0.21182266009852216,0.6817733990147783,0.10640394088669951
8007,0.20833333333333334,0.6583333333333333,0.13333333333333333
8008,0.1784818067754078,0.6875784190715182,0.13393977415307404
8009,0.2538860103626943,0.6502590673575129,0.09585492227979274
8010,0.21733505821474774,0.6946959896507116,0.08796895213454076
8011,0.2076833073322933,0.7160686427457098,0.07624804992199688
8012,0.22672064777327935,0.6639676113360324,0.10931174089068826
8014,0.19165247018739354,0.7095400340715503,0.09880749574105621
8015,0.29296875,0.6171875,0.08984375
8016,0.23518164435946462,0.6701720841300192,0.09464627151051626
8017,0.18448438978240303,0.6982024597918638,0.1173131504257332
8018,0.18604651162790697,0.7248062015503876,0.08914728682170543
8019,0.20967741935483872,0.6702508960573477,0.12007168458781362
8020,0.15767634854771784,0.7634854771784232,0.07883817427385892
8021,0.1911231884057971,0.6847826086956522,0.12409420289855072
8022,0.18430034129692832,0.6945392491467577,0.12116040955631399
8023,0.3176470588235294,0.6411764705882353,0.041176470588235294
8024,0.1926729986431479,0.7001356852103121,0.10719131614654002
8025,0.18691588785046728,0.705607476635514,0.10747663551401869
8026,0.15450236966824646,0.7274881516587678,0.11800947867298578
8027,0.1848091746568904,0.6916713667982703,0.12351945854483926
8028,0.18400770712909442,0.7013487475915221,0.11464354527938343
8029,0.2107375815353738,0.6949322629202208,0.09433015554440542
8030,0.1884904086738949,0.6630525437864887,0.14845704753961636
8031,0.15744485995573532,0.6876796662341957,0.15487547381006894
8032,0.22523961661341854,0.6884984025559105,0.08626198083067092
8033,0.1791044776119403,0.7014925373134329,0.11940298507462686
8034,0.1761006289308176,0.6918238993710691,0.1320754716981132
8035,0.18274111675126903,0.7021996615905245,0.11505922165820642
8037,0.21551724137931033,0.6724137931034483,0.11206896551724138
8038,0.21052631578947367,0.6894736842105263,0.1
8039,0.17808672624958624,0.6898378020523006,0.1320754716981132
8040,0.1977329974811083,0.6838790931989924,0.11838790931989925
8041,0.2132701421800948,0.6848341232227488,0.1018957345971564
8042,0.2111650485436893,0.6820388349514563,0.10679611650485436
8043,0.2096551724137931,0.7158620689655173,0.07448275862068965
8044,0.20151133501259447,0.6826196473551638,0.11586901763224182
8045,0.171875,0.7311580882352942,0.09696691176470588
8046,0.18940609951845908,0.7174959871589085,0.09309791332263243
8047,0.23974082073434125,0.6457883369330454,0.11447084233261338
8048,0.222007722007722,0.7084942084942085,0.0694980694980695
8049,0.1919191919191919,0.7306397306397306,0.07744107744107744
8050,0.2216338880484115,0.6800302571860817,0.09833585476550681
8051,0.16728624535315986,0.724907063197026,0.10780669144981413
8052,0.19259791591807401,0.7078692058929213,0.09953287818900466
8053,0.2120954003407155,0.712947189097104,0.07495741056218058
8054,0.1944922547332186,0.6669535283993115,0.13855421686746988
8055,0.17896885757745576,0.6864142182371308,0.1346169241854135
8056,0.1772020725388601,0.7062176165803109,0.11658031088082901
8057,0.17735849056603772,0.690566037735849,0.1320754716981132
8058,0.2165948275862069,0.7219827586206896,0.061422413793103446
8059,0.20755600655686518,0.6949496526422606,0.09749434080087425
8060,0.24774774774774774,0.6801801801801802,0.07207207207207207
8061,0.22413793103448276,0.6867816091954023,0.08908045977011494
8062,0.19746835443037974,0.6953586497890295,0.10717299578059072
8063,0.20181009844395045,0.6933947284852334,0.10479517307081614
8064,0.19263456090651557,0.6118980169971672,0.1954674220963173
8065,0.21087582427788612,0.6903037057676233,0.09882046995449058
8066,0.2094017094017094,0.7307692307692307,0.05982905982905983
8067,0.21497584541062803,0.6932367149758454,0.09178743961352658
8068,0.24686192468619247,0.6527196652719666,0.100418410041841
9001,0.15436380577699554,0.6824723056216999,0.16316388860130449
9002,0.19094882535057367,0.6853487525040977,0.12370242214532871
9003,0.14422884576915382,0.6397279455891178,0.21604320864172835
9004,0.18358437022484173,0.6567343374808994,0.1596812922942589
9005,0.21319520174482007,0.6810250817884406,0.10577971646673937
9006,0.18130352736246189,0.7080853534620409,0.11061111917549717
9007,0.25457875457875456,0.6758241758241759,0.0695970695970696
9008,0.208,0.672,0.12
9009,0.21910112359550563,0.672752808988764,0.10814606741573034
9010,0.11553398058252427,0.6572815533980583,0.22718446601941747
9011,0.14489710205795883,0.7295254094918102,0.125577488450231
9012,0.22303640943439432,0.6956720861002977,0.08129150446530799
9013,0.14685314685314685,0.6823176823176823,0.17082917082917082
9014,0.21686746987951808,0.6867469879518072,0.0963855421686747
9015,0.20016849199663017,0.6927548441449031,0.10707666385846672
9016,0.16687344913151364,0.6991315136476427,0.13399503722084366
9017,0.22700296735905046,0.6839762611275965,0.08902077151335312
9018,0.1898658121369918,0.6751452032845985,0.13498898457840977
9019,0.2446043165467626,0.6489208633093525,0.10647482014388489
9020,0.2054794520547945,0.6541095890410958,0.1404109589041096
9021,0.28125,0.625,0.09375
9022,0.15673241852487135,0.6663807890222985,0.17688679245283018
9023,0.2104752667313288,0.6909149692854833,0.09860976398318784
9024,0.2130952380952381,0.691468253968254,0.09543650793650793
9025,0.16624685138539042,0.7133501259445844,0.12040302267002519
9026,0.16733466933867736,0.7284569138276553,0.10420841683366733
9027,0.21485714285714286,0.7131428571428572,0.072
9028,0.2,0.7380952380952381,0.06190476190476191
9029,0.15975103734439833,0.6825726141078838,0.15767634854771784
9030,0.1310951239008793,0.7138289368505196,0.1550759392486011
9031,0.19429778247096094,0.7043294614572334,0.10137275607180571
9032,0.2467866323907455,0.6786632390745502,0.07455012853470437
9033,0.17372353673723537,0.6924034869240349,0.13387297633872977
9034,0.18331374853113983,0.6903642773207991,0.1263219741480611
9035,0.15332581736189402,0.7373167981961668,0.10935738444193913
9036,0.26706231454005935,0.6607319485657764,0.0722057368941642
9037,0.20430107526881722,0.7419354838709677,0.053763440860215055
9038,0.21813315490130478,0.6567413850786216,0.1251254600200736
9039,0.19271948608137046,0.7130620985010707,0.09421841541755889
9040,0.23593964334705075,0.6968449931412894,0.06721536351165981
9041,0.23170731707317074,0.6829268292682927,0.08536585365853659
9042,0.16944801026957637,0.6944801026957638,0.13607188703465983
9043,0.21428571428571427,0.6428571428571429,0.14285714285714285
9044,0.19004524886877827,0.6923076923076923,0.11764705882352941
9045,0.17511832319134552,0.7227856659905342,0.10209601081812035
9046,0.25829383886255924,0.6469194312796208,0.0947867298578199
9047,0.23149236192714454,0.6839012925969448,0.0846063454759107
9048,0.18579234972677597,0.7131147540983607,0.10109289617486339
9049,0.18371475534201542,0.6770767480085979,0.13920849664938678
9050,0.20819112627986347,0.6979522184300341,0.09385665529010238
9051,0.1951530612244898,0.7028061224489796,0.10204081632653061
9052,0.19080459770114944,0.6902681992337165,0.1189272030651341
9053,0.22941176470588234,0.6803921568627451,0.09019607843137255
9054,0.20512820512820512,0.7122507122507122,0.08262108262108261
9055,0.2031063321385902,0.6977299880525687,0.0991636798088411
9056,0.16006175081729024,0.6619505993461678,0.17798764983654194
9057,0.17090691409757558,0.680035917390003,0.14905716851242143
9058,0.19992795389048992,0.678314121037464,0.12175792507204611
9059,0.1905940594059406,0.7326732673267327,0.07673267326732673
9060,0.17341040462427745,0.7225433526011561,0.10404624277456648
9061,0.1674098094852047,0.7146331576813945,0.1179570328334009
9062,0.1816631130063966,0.6950959488272921,0.1232409381663113
9063,0.21350078492935637,0.7189952904238619,0.06750392464678179
9064,0.19732704402515724,0.7020440251572327,0.10062893081761007
9065,0.16494070486053114,0.6679472189744446,0.16711207616502421
9066,0.18285714285714286,0.7257142857142858,0.09142857142857143
9067,0.14116094986807387,0.737467018469657,0.12137203166226913
9068,0.17137254901960786,0.7258823529411764,0.1027450980392157
9069,0.20522388059701493,0.7126865671641791,0.08208955223880597
10001,0.1372046683746086,0.6483537337508303,0.21444159787456116
10002,0.1694915254237288,0.7101694915254237,0.12033898305084746
10003,0.1746163417669017,0.7407714641227706,0.08461219411032767
10004,0.12530472940029255,0.6250609458800586,0.24963432471964894
10005,0.25143184421534936,0.6620847651775487,0.08648339060710195
10006,0.19503257328990228,0.6966612377850163,0.10830618892508144
10007,0.11034193413048038,0.644430459408433,0.24522760646108663
10008,0.1865049279757392,0.6830932524639879,0.13040181956027294
10009,0.1946645109135004,0.7036378334680679,0.10169765561843169
10010,0.18735763097949887,0.7138382687927107,0.09880410022779043
10011,0.17234788149092067,0.7045237336731444,0.12312838483593501
10012,0.17230873392010831,0.7149627623561273,0.11272850372376439
10013,0.2104909213180901,0.6745124411566913,0.11499663752521856
10014,0.18773503037315592,0.7081284350593,0.10413653456754411
10015,0.14839012558194123,0.6464535816282618,0.20515629278979697
10016,0.21883920076117983,0.6955280685061845,0.08563273073263558
10017,0.16050295857988164,0.6972386587771203,0.14225838264299803
10018,0.1798872180451128,0.6889097744360902,0.131203007518797
10019,0.15476190476190477,0.753968253968254,0.09126984126984126
10020,0.1746031746031746,0.6964285714285714,0.12896825396825398
10021,0.1867572156196944,0.7300509337860781,0.0831918505942275
10022,0.39436619718309857,0.5492957746478874,0.056338028169014086
10023,0.24444444444444444,0.6888888888888889,0.06666666666666667
10024,0.2564102564102564,0.6794871794871795,0.0641025641025641
10025,0.15737897458726807,0.6486564308514166,0.19396459456131543
10026,0.32608695652173914,0.6195652173913043,0.05434782608695652
10027,0.17517136329017516,0.7075399847677075,0.1172886519421173
10028,0.16833477135461605,0.6650560828300259,0.16660914581535807
10029,0.14741907261592302,0.6815398075240595,0.1710411198600175
10030,0.29455445544554454,0.6534653465346535,0.05198019801980198
10031,0.17935578330893118,0.739385065885798,0.08125915080527087
10032,0.1908116385911179,0.7050535987748852,0.10413476263399694
10033,0.19233937397034595,0.6906919275123559,0.11696869851729819
10034,0.2552881108679796,0.6666666666666666,0.07804522246535375
10035,0.1792082200060441,0.719250528860683,0.10154125113327289
10036,0.21631051024858264,0.7003924989097252,0.0832969908416921
10037,0.17747858017135862,0.6821705426356589,0.14035087719298245
10038,0.271356783919598,0.6984924623115578,0.03015075376884422
10039,0.16336116910229645,0.75,0.08663883089770355
10040,0.2094662638469285,0.7145015105740181,0.07603222557905337
10041,0.1980440097799511,0.7224938875305623,0.07946210268948656
10042,0.20416666666666666,0.71875,0.07708333333333334
10043,0.12831665941713788,0.5937364071335364,0.2779469334493258
10044,0.15819209039548024,0.6751412429378532,0.16666666666666666
10045,0.20909090909090908,0.7545454545454545,0.03636363636363636
10046,0.15644789340751858,0.6864087265273253,0.15714338006515613
10047,0.1439444817550929,0.6741661070069398,0.1818894112379673
10048,0.2857142857142857,0.6547619047619048,0.05952380952380952
10049,0.1786353181702019,0.7040633784819831,0.11730130334781498
10050,0.25,0.7321428571428571,0.017857142857142856
10051,0.21520033044196613,0.6637752994630318,0.12102437009500207
10052,0.19117647058823528,0.6974789915966386,0.11134453781512606
10053,0.188907422852377,0.7180984153461217,0.09299416180150125
10054,0.1663797343826857,0.6681013280865715,0.16551893753074273
10055,0.19844726377580005,0.6832039386479833,0.11834879757621662
10056,0.2638743455497382,0.675392670157068,0.060732984293193716
10057,0.1723896285914506,0.713384723195515,0.11422564821303434
10058,0.19546027742749053,0.7014151604315538,0.10312456214095558
10059,0.17400482509047044,0.6696622436670687,0.1563329312424608
10060,0.1841344890990281,0.6396112424481218,0.17625426845285003
10061,0.17094017094017094,0.7008547008547008,0.1282051282051282
10062,0.18981921979067554,0.708848715509039,0.10133206470028544
10063,0.18726591760299627,0.7490636704119851,0.06367041198501873
10064,0.1795,0.7145,0.106
10065,0.14917127071823205,0.7458563535911602,0.10497237569060773
10066,0.18873239436619718,0.7323943661971831,0.07887323943661972
10067,0.12936904221516116,0.6500226963231956,0.22060826146164322
11001,0.17,0.676829268292683,0.15317073170731707
11002,0.17211488250652743,0.7167624020887728,0.11112271540469974
11003,0.20893438808748255,0.7035830618892508,0.08748255002326663
11004,0.18137605492776426,0.7026176512659134,0.11600629380632241
11005,0.20278833967046894,0.6375158428390367,0.1596958174904943
11006,0.23781212841854935,0.6813317479191439,0.08085612366230678
11007,0.19735755573905864,0.7118084227910817,0.09083402146985962
11008,0.18588469184890655,0.7107355864811133,0.10337972166998012
11009,0.2145748987854251,0.6902834008097166,0.0951417004048583
11010,0.23922413793103448,0.6810344827586207,0.07974137931034483
11011,0.2040764331210191,0.6787261146496816,0.11719745222929936
11012,0.18524458700882118,0.7032878909382518,0.11146752205292702
11013,0.16881757935123823,0.7261946285315661,0.10498779211719568
11014,0.22105263157894736,0.6649122807017543,0.11403508771929824
11015,0.15626891382280367,0.6804786070114996,0.16325247916569674
11016,0.13010456796917996,0.6492019812878371,0.22069345074298294
11017,0.1796382849014428,0.6978256451940662,0.12253606990449095
11018,0.22678571428571428,0.6946428571428571,0.07857142857142857
11019,0.18118195956454122,0.6881804043545878,0.13063763608087092
11020,0.19050690055462402,0.6798658583774023,0.1296272410679737
11021,0.23232323232323232,0.6646464646464646,0.10303030303030303
11022,0.14353312302839116,0.6782334384858044,0.17823343848580442
11023,0.17471675611210494,0.7107930828861061,0.11449016100178891
11024,0.1620583717357911,0.674347158218126,0.16359447004608296
11025,0.2589703588143526,0.6661466458658346,0.0748829953198128
11026,0.16549373213107543,0.6949637123378052,0.1395425555311194
11027,0.15971131186174392,0.6694815396700707,0.1708071484681854
11028,0.21376518218623483,0.7036437246963563,0.0825910931174089
11029,0.24724318049912944,0.6784677887405688,0.0742890307603018
11030,0.17793103448275863,0.6993103448275862,0.12275862068965518
11031,0.17001319067858714,0.7074600615565001,0.12252674776491279
11032,0.2611607142857143,0.6696428571428571,0.06919642857142858
12001,0.17073170731707318,0.6666666666666666,0.16260162601626016
12002,0.1873956594323873,0.6796744574290484,0.13292988313856427
12003,0.17672413793103448,0.6637931034482759,0.15948275862068967
12004,0.21574407686428648,0.6878480183426138,0.09640790479309969
12005,0.21294834198060006,0.6952402436273404,0.09181141439205956
12006,0.17724745134383688,0.646663577386469,0.17608897126969417
12007,0.18053596614950634,0.7038081805359662,0.1156558533145275
12008,0.1521311475409836,0.6465573770491804,0.20131147540983607
12009,0.20215633423180593,0.6711590296495957,0.12668463611859837
12010,0.14125200642054575,0.7142857142857143,0.14446227929373998
12011,0.21129797326433808,0.6990081931867184,0.08969383354894352
12012,0.21003134796238246,0.665948275862069,0.12402037617554859
12013,0.191162109375,0.6754150390625,0.1334228515625
12014,0.21297225008358409,0.6680040120361084,0.1190237378803076
12015,0.22391469916222392,0.6829144452906829,0.09317085554709317
12016,0.17740384615384616,0.6264423076923077,0.19615384615384615
12017,0.21780175320296696,0.6689143627781524,0.11328388401888065
12018,0.19790301441677588,0.6815203145478375,0.12057667103538663
12019,0.20347394540942929,0.7028535980148883,0.09367245657568238
12020,0.14847161572052403,0.7056768558951965,0.14585152838427948
12021,0.16575342465753426,0.6945205479452055,0.13972602739726028
12022,0.1817391304347826,0.7234782608695652,0.09478260869565218
12023,0.16989737742303307,0.6704675028506272,0.15963511972633979
12024,0.19309701492537312,0.7042910447761194,0.10261194029850747
12025,0.18557058619493583,0.6458550121401319,0.16857440166493237
12026,0.1863659421703672,0.6465186456991975,0.16711541213043535
12027,0.21844410097887687,0.6986089644513137,0.08294693456980938
12029,0.21582834053225583,0.6951372439738052,0.08903441549393896
12030,0.18836944127708097,0.6766248574686431,0.13500570125427594
12031,0.21711635750421585,0.6829679595278246,0.09991568296795952
12032,0.19267935578330894,0.6774524158125915,0.12986822840409956
12033,0.19445810788653878,0.6899491719954091,0.11559272011805213
12034,0.1783783783783784,0.6909808685089583,0.13064075311266324
12035,0.2122767857142857,0.6868303571428571,0.10089285714285715
12036,0.2211273157272369,0.665746945210879,0.11312573906188411
12037,0.1931637519872814,0.705087440381558,0.10174880763116058
12038,0.17093023255813952,0.5904069767441861,0.23866279069767443
12039,0.1899886234357224,0.6888509670079636,0.12116040955631399
12040,0.20595208070617907,0.6810088272383354,0.1130390920554855
12041,0.20806451612903226,0.6903225806451613,0.10161290322580645
12042,0.18944241316270566,0.6485374771480804,0.1620201096892139
12043,0.14763779527559054,0.6358267716535433,0.21653543307086615
12044,0.18993506493506493,0.6948051948051948,0.11525974025974026
12045,0.16799091940976163,0.6975028376844495,0.1345062429057889
12046,0.20569889424440033,0.6851431811738021,0.10915792458179756
12047,0.21250528094634558,0.6649767638360794,0.12251795521757498
12048,0.2018842530282638,0.6819842338011921,0.11613151317054413
12049,0.17373461012311903,0.6621067031463749,0.16415868673050615
12050,0.20192006678493166,0.6693102368778044,0.1287696963372639
12051,0.19921436588103256,0.6899551066217733,0.11083052749719416
12052,0.20472008781558726,0.7058177826564215,0.08946212952799122
12053,0.21320973348783315,0.6757821552723059,0.11100811123986096
12054,0.16024518388791595,0.6760070052539404,0.1637478108581436
12055,0.15660809778456838,0.6157372039724981,0.22765469824293355
12056,0.2083916083916084,0.7146853146853147,0.07692307692307693
12057,0.2313167259786477,0.6530249110320284,0.11565836298932385
12058,0.18548876745598056,0.7164541590771099,0.09805707346690953
12059,0.22076541459957477,0.7065910701630049,0.07264351523742027
12060,0.18824850299401197,0.7092065868263473,0.10254491017964072
12061,0.23809523809523808,0.6802721088435374,0.08163265306122448
12062,0.19754723235001656,0.7129598939343719,0.08949287371561153
12063,0.2018348623853211,0.7024901703800787,0.09567496723460026
12064,0.1853523082263103,0.6740715029503644,0.14057618882332523
12065,0.17333333333333334,0.7244444444444444,0.10222222222222223
12066,0.11428571428571428,0.7714285714285715,0.11428571428571428
12067,0.21862099253403602,0.6710584101888449,0.11032059727711901
12068,0.21841680129240712,0.6946688206785138,0.08691437802907916
12069,0.1907790143084261,0.7567567567567568,0.05246422893481717
12070,0.17700194303195668,0.6421100500227376,0.1808880069453057
12071,0.1645021645021645,0.6222943722943723,0.2132034632034632
12072,0.19157401989467523,0.6319485078993563,0.1764774722059684
12073,0.1924715909090909,0.6555397727272727,0.15198863636363635
12074,0.1881821603312006,0.6921339856981558,0.11968385397064359
12075,0.18021844660194175,0.6834546925566343,0.13632686084142395
12076,0.18840993434199257,0.6862689123608335,0.12532115329717386
12077,0.21307506053268765,0.6848264729620662,0.10209846650524616
12078,0.21462882096069869,0.6792576419213974,0.10611353711790393
12079,0.19470076456630636,0.6981281307672027,0.10717110466649091
12080,0.17626784835056622,0.7154111275233875,0.10832102412604629
12081,0.2037037037037037,0.7222222222222222,0.07407407407407407
12082,0.18034447821681865,0.6636271529888551,0.15602836879432624
12083,0.18574265705027698,0.6640535172990488,0.1502038256506742
12084,0.19229200652528547,0.6419249592169658,0.1657830342577488
12085,0.19187358916478556,0.6739175046172788,0.13420890621793558
12086,0.2120283470599502,0.7017812679563302,0.0861903849837196
12087,0.18856493752366527,0.6646472295847532,0.14678783289158148
12088,0.1715468796214138,0.6959479443951494,0.13250517598343686
12089,0.2057870870222414,0.6860289354351112,0.10818397754264737
12090,0.22331473952916706,0.6846932022312565,0.09199205823957644
12091,0.16636363636363635,0.6463636363636364,0.18727272727272729
12092,0.1900259264907732,0.6836968125667225,0.1262772609425042
12093,0.13175122749590834,0.599836333878887,0.2684124386252046
12095,0.23076923076923078,0.6578249336870027,0.11140583554376658
12096,0.19229246403589811,0.6757951695921869,0.131912366371915
12097,0.21645962732919255,0.6990683229813665,0.084472049689441
12098,0.18599592114208022,0.6855200543847723,0.12848402447314752
12099,0.1564625850340136,0.717687074829932,0.12585034013605442
12100,0.14285714285714285,0.7,0.15714285714285714
12101,0.2036036036036036,0.6834834834834835,0.11291291291291292
12102,0.19827586206896552,0.7148541114058355,0.08687002652519894
12103,0.16093635698610095,0.7403072421360644,0.09875640087783467
12104,0.18409343715239154,0.6863181312569522,0.12958843159065628
12105,0.19835123657257056,0.6707469397951537,0.1309018236322758
12106,0.21563517915309446,0.6794788273615635,0.10488599348534201
12107,0.19669255825607618,0.6940616386870458,0.10924580305687798
12108,0.18416079711389796,0.6595945713794881,0.156244631506614
12109,0.18262897914379803,0.6919593852908892,0.12541163556531285
12110,0.14882506527415143,0.7101827676240209,0.1409921671018277
12113,0.2234678624813154,0.6696562032884903,0.10687593423019431
12114,0.17322097378277154,0.6989700374531835,0.12780898876404495
12115,0.22115384615384615,0.6923076923076923,0.08653846153846154
12116,0.16326530612244897,0.6156462585034014,0.22108843537414966
12117,0.21884057971014492,0.6902173913043478,0.09094202898550724
12118,0.21994508070457439,0.6753064094836246,0.10474850981180095
12119,0.15694754464285715,0.6213169642857143,0.22173549107142856
12120,0.16993528142773093,0.6639537164149834,0.16611100215728575
12121,0.1875166711122966,0.6913843691651107,0.12109895972259269
12122,0.21021140805743918,0.6854806541683287,0.10430793777423215
12123,0.19704373320302956,0.6859882726606401,0.11696799413633031
12124,0.20516499282639886,0.6712697274031564,0.12356527977044476
12125,0.1748375664500886,0.6630242173656231,0.16213821618428825
12126,0.20196413321947054,0.6763450042698548,0.12169086251067464
12127,0.17713171626813465,0.6594988244738804,0.163369459257985
12128,0.1889400921658986,0.6633233938736786,0.14773651396042287
12129,0.1574074074074074,0.7407407407407407,0.10185185185185185
12130,0.18498334847108688,0.6929054394994449,0.12211121202946816
12131,0.1757944557133198,0.711291413116971,0.11291413116970926
12132,0.18141980718667836,0.7072743207712533,0.11130587204206836
12133,0.16079364000815383,0.6164435686620915,0.2227627913297547
12134,0.20124113475177305,0.6643026004728132,0.13445626477541373
12136,0.20086237872799137,0.6591807402084082,0.13995688106360044
12137,0.1860258121940365,0.6788310339712209,0.13514315383474262
12138,0.2088998763906057,0.6788627935723115,0.11223733003708282
12139,0.2199050175511047,0.6710716498038406,0.10902333264505472
12140,0.16111111111111112,0.7074074074074074,0.13148148148148148
12141,0.22287822878228783,0.6892988929889299,0.08782287822878229
12142,0.1933069132540731,0.6693086745926905,0.13738441215323646
12143,0.18491184911849118,0.6408364083640836,0.17425174251742517
13003,0.1899159663865546,0.6721008403361345,0.13798319327731093
13004,0.2068700333247885,0.6539348884901307,0.13919507818508076
13005,0.18695652173913044,0.6877470355731226,0.12529644268774703
13006,0.18484596169858453,0.6835970024979184,0.1315570358034971
13007,0.1992960844698636,0.6836779586449626,0.11702595688517378
13009,0.1881851400730816,0.6699147381242387,0.14190012180267966
13010,0.18506674082313682,0.6630978865406006,0.1518353726362625
13011,0.1848341232227488,0.655608214849921,0.15955766192733017
13012,0.21823204419889503,0.655971100722482,0.12579685507862304
13013,0.2159297395517868,0.6804966686856451,0.10357359176256814
13015,0.19961612284069097,0.727447216890595,0.07293666026871401
13021,0.26282051282051283,0.6826923076923077,0.05448717948717949
13022,0.22462627852084974,0.6738788355625491,0.10149488591660111
13023,0.1966808701502579,0.6976900650370038,0.10562906481273829
13024,0.19017230376515634,0.6949585194639438,0.1148691767708998
13025,0.1797752808988764,0.704119850187266,0.11610486891385768
13026,0.174496644295302,0.6337488015340365,0.19175455417066156
13028,0.19488222335197425,0.6944585663446874,0.11065921030333842
13029,0.2152847152847153,0.6713286713286714,0.11338661338661339
13030,0.14733542319749215,0.6896551724137931,0.16300940438871472
13032,0.14951456310679612,0.6472491909385113,0.20323624595469256
13034,0.1933297180043384,0.7017353579175705,0.1049349240780911
13035,0.1878445024659124,0.676820423556716,0.13533507397737163
13036,0.1797492504769692,0.6783864813300627,0.1418642681929681
13037,0.1873589164785553,0.6568848758465011,0.15575620767494355
13040,0.16736905478627334,0.6116797110174593,0.2209512341962673
13041,0.19514799704279728,0.6609895676460119,0.14386243531119083
13042,0.19446192573945878,0.6687644220683868,0.1367736521921544
13043,0.18,0.6611764705882353,0.1588235294117647
13044,0.16619183285849953,0.6429249762583096,0.1908831908831909
13045,0.19551635428151415,0.6758544652701213,0.12862918044836458
13046,0.1686103012633625,0.6477162293488824,0.1836734693877551
13047,0.21505376344086022,0.7245924384321887,0.060353798126951096
13048,0.18506333278499754,0.6917256127652575,0.12321105444974502
13052,0.20039292730844793,0.6889325474787165,0.11067452521283562
13053,0.17465753424657535,0.6601027397260274,0.16523972602739725
13055,0.19022630370613317,0.6664480157428665,0.14332568055100034
13058,0.15638207945900254,0.7176669484361792,0.12595097210481826
13059,0.16926770708283315,0.7022809123649459,0.12845138055222088
13062,0.3050847457627119,0.672316384180791,0.022598870056497175
13063,0.19852941176470587,0.6966911764705882,0.10477941176470588
13064,0.2024582560296846,0.6786873840445269,0.1188543599257885
13065,0.1714002642007926,0.6340819022457067,0.19451783355350066
13068,0.19919719016557952,0.6859006522829905,0.11490215755143
13071,0.2504970178926441,0.6858846918489065,0.0636182902584493
13074,0.21627906976744185,0.6813953488372093,0.10232558139534884
13075,0.15617577959508558,0.6215449398533887,0.22227928055152582
13077,0.20843989769820973,0.7225063938618926,0.06905370843989769
13083,0.29185867895545314,0.6374807987711214,0.0706605222734255
13084,0.20627524075799938,0.6620068344206276,0.1317179248213731
13085,0.26540284360189575,0.6777251184834123,0.05687203791469194
13087,0.17028380634390652,0.7262103505843072,0.10350584307178631
13089,0.18394160583941604,0.6846715328467153,0.13138686131386862
13090,0.2119511389897656,0.6903268405414328,0.09772202046880159
13092,0.38839285714285715,0.59375,0.017857142857142856
13095,0.18712206791148914,0.6573858728154695,0.1554920592730414
13097,0.1870355078447564,0.6560693641618497,0.1568951279933939
13098,0.1880184331797235,0.6829493087557603,0.12903225806451613
13099,0.19735943546551332,0.6924652856817665,0.11017527885272024
13100,0.19358074222668004,0.6914075560013373,0.11501170177198261
13101,0.22406371071889797,0.6627206198880757,0.11321566939302626
13102,0.19103982300884956,0.6722345132743363,0.13672566371681416
13106,0.3435114503816794,0.6366412213740458,0.01984732824427481
13107,0.18717683557394002,0.703205791106515,0.10961737331954498
13110,0.20304182509505703,0.6543726235741445,0.14258555133079848
13111,0.2,0.7120967741935483,0.08790322580645162
13113,0.21052631578947367,0.6719298245614035,0.11754385964912281
13114,0.17939575905423155,0.6828673297053857,0.13773691124038281
13118,0.1860300200921877,0.6637513296300673,0.15021865027774495
13119,0.15676959619952494,0.6235154394299287,0.21971496437054633
13120,0.19047619047619047,0.7103174603174603,0.0992063492063492
13121,0.18861364624076488,0.6801390699695784,0.13124728378965667
13123,0.22565320665083136,0.7149643705463183,0.05938242280285035
13126,0.23651226158038147,0.649591280653951,0.11389645776566758
13128,0.18903483723586523,0.6993146773272416,0.11165048543689321
13129,0.18188353702372395,0.6739755571531273,0.1441409058231488
13130,0.24050632911392406,0.6962025316455697,0.06329113924050633
13131,0.1878956697898202,0.6801721954925297,0.13193213471765003
13133,0.18229854689564068,0.6682078379568472,0.1494936151475121
13134,0.16835016835016836,0.6683501683501684,0.1632996632996633
13135,0.17661003555906757,0.7020940339786645,0.12129593046226787
13136,0.1934517867837892,0.6604112597324815,0.1461369534837293
13137,0.18332624415142493,0.691620586984262,0.12505316886431306
13138,0.2148074369189907,0.6777335104028331,0.10745905267817618
13139,0.15855572998430142,0.7095761381475667,0.13186813186813187
13143,0.19119162087912087,0.6674965659340659,0.14131181318681318
13144,0.1962457337883959,0.6737201365187714,0.13003412969283276
13145,0.16327960756832516,0.6839523475823406,0.15276804484933426
13147,0.2144177449168207,0.6781093213625561,0.10747293372062318
13152,0.1816326530612245,0.6217687074829932,0.19659863945578232
13153,0.18236380424746076,0.6823638042474608,0.1352723915050785
13154,0.17038249130701574,0.6753937410513398,0.1542237676416445
13155,0.2112676056338028,0.7323943661971831,0.056338028169014086
13157,0.18197135636057288,0.6491154170176917,0.16891322662173547
13159,0.18666333041411234,0.6825972726135369,0.13073939697235082
13160,0.22732491389207807,0.6991963260619977,0.07347876004592423
13161,0.18982742960944596,0.7129881925522252,0.0971843778383288
13163,0.20566318926974664,0.698956780923994,0.09538002980625931
13165,0.19476931577493323,0.6841329772538908,0.12109770697117599
13169,0.18741450068399454,0.7104423164614683,0.10214318285453716
13170,0.1998398077693232,0.6663996796155387,0.13376051261513816
13178,0.21511627906976744,0.6976744186046512,0.0872093023255814
13183,0.2312435765673176,0.6587872559095581,0.10996916752312436
13184,0.22406639004149378,0.6763485477178424,0.0995850622406639
13185,0.2109375,0.6979166666666666,0.09114583333333333
13186,0.20689655172413793,0.6943573667711599,0.0987460815047022
13187,0.3422222222222222,0.5822222222222222,0.07555555555555556
13188,0.21443037974683543,0.6736708860759494,0.11189873417721519
13189,0.19256756756756757,0.7130630630630631,0.09436936936936936
13192,0.148664343786295,0.6875725900116144,0.16376306620209058
13193,0.1868484362469928,0.6599839615076183,0.15316760224538895
13195,0.17543859649122806,0.7333333333333333,0.0912280701754386
13197,0.15789473684210525,0.7157894736842105,0.12631578947368421
13199,0.1931216931216931,0.6990740740740741,0.1078042328042328
13201,0.19082719082719082,0.6688506688506689,0.14032214032214033
13202,0.19501929147667485,0.6706418800420905,0.13433882848123466
13203,0.27155172413793105,0.6012931034482759,0.1271551724137931
13204,0.2392502756339581,0.7133406835722161,0.047409040793825796
13206,0.16971530738550406,0.6448906615321138,0.18539403108238206
13207,0.33584905660377357,0.6075471698113207,0.05660377358490566
13211,0.2255729794933655,0.7249698431845597,0.04945717732207479
13212,0.17547425474254744,0.7069783197831978,0.11754742547425474
13216,0.21961805555555555,0.7170138888888888,0.06336805555555555
13217,0.18945634266886327,0.7116968698517299,0.09884678747940692
13218,0.2618629173989455,0.6783831282952548,0.05975395430579965
13222,0.17979002624671916,0.6719160104986877,0.14829396325459318
13223,0.15076335877862596,0.6822519083969466,0.16698473282442747
13226,0.2102803738317757,0.6682242990654206,0.12149532710280374
13227,0.19254870684744219,0.6666286886179789,0.140822604534579
13228,0.18823781927452243,0.6804035200686843,0.1313586606567933
13229,0.1896551724137931,0.7060755336617406,0.10426929392446634
13232,0.1954639175257732,0.6845360824742268,0.12
13233,0.42657342657342656,0.5664335664335665,0.006993006993006993
13234,0.22099039172209903,0.679970436067997,0.09903917220990392
13236,0.18461538461538463,0.7384615384615385,0.07692307692307693
13238,0.19654199011997178,0.6884262526464361,0.1150317572335921
13239,0.24212034383954154,0.670487106017192,0.08739255014326648
13242,0.20021074815595363,0.6825605900948367,0.11722866174920969
13245,0.1874659400544959,0.6610354223433242,0.15149863760217983
13246,0.18128654970760233,0.7076023391812866,0.1111111111111111
13248,0.21531701192718142,0.696798493408663,0.08788449466415568
13249,0.20166104334284973,0.6833636127692707,0.11497534388787957
13250,0.18759275749480558,0.6871475215197388,0.12525972098545562
13251,0.1896960126332412,0.6784445321752862,0.13185945519147257
13252,0.1933772022925069,0.6845680322649119,0.12205476544258119
13253,0.18265162200282087,0.7034555712270804,0.11389280677009873
13254,0.18780048076923078,0.6971153846153846,0.11508413461538461
13255,0.20743685687558466,0.6845182413470533,0.10804490177736202
14001,0.2711267605633803,0.704225352112676,0.02464788732394366
14002,0.1993648553281581,0.7085391672547636,0.09209597741707834
14003,0.23452157598499063,0.6885553470919324,0.07692307692307693
14004,0.16163793103448276,0.7176724137931034,0.1206896551724138
14005,0.18539513171057018,0.7109036345448483,0.10370123374458153
14006,0.21929824561403508,0.6929824561403509,0.08771929824561403
14007,0.18871391076115485,0.7026246719160105,0.10866141732283464
14008,0.2025862068965517,0.7103448275862069,0.08706896551724137
14009,0.1484079870480302,0.7018348623853211,0.14975715056664868
14010,0.2227668845315904,0.7260348583877996,0.05119825708061002
14011,0.2082912032355915,0.6966632962588474,0.09504550050556117
14012,0.1561771561771562,0.7354312354312355,0.10839160839160839
14013,0.2251968503937008,0.7023622047244095,0.07244094488188976
14014,0.22126929674099485,0.7186963979416809,0.060034305317324184
14015,0.21814404432132964,0.6814404432132964,0.10041551246537396
14016,0.23690773067331672,0.6708229426433915,0.09226932668329177
14017,0.18922651933701656,0.7320441988950276,0.0787292817679558
14018,0.16585437896913308,0.6914783636095112,0.14266725742135578
14019,0.23433979269941416,0.6854438936457864,0.08021631365479946
14020,0.21481806225339764,0.6869793950021921,0.09820254274441034
14021,0.2830188679245283,0.6729559748427673,0.0440251572327044
14022,0.22675521821631878,0.7001897533206831,0.0730550284629981
14023,0.19770992366412213,0.7244274809160305,0.07786259541984733
14024,0.19202969329947256,0.7044344598554405,0.10353584684508693
14025,0.16930022573363432,0.7404063205417607,0.09029345372460497
14026,0.21101219914276295,0.673260797889878,0.11572700296735905
14027,0.2130624092888244,0.6925979680696662,0.09433962264150944
14028,0.22291666666666668,0.7083333333333334,0.06875
14029,0.2053072625698324,0.7318435754189944,0.06284916201117319
14030,0.17829457364341086,0.7344961240310077,0.0872093023255814
14031,0.2129032258064516,0.7032258064516129,0.08387096774193549
14032,0.17883418222976796,0.7492925863044708,0.07187323146576118
14033,0.18432047186040795,0.7495699188989924,0.06610960924059965
14034,0.17191601049868765,0.7112860892388452,0.1167979002624672
14035,0.16363636363636364,0.694949494949495,0.1414141414141414
14036,0.24020016680567138,0.6947456213511259,0.06505421184320268
14037,0.14221928228873823,0.7691417231685133,0.08863899454274847
14038,0.18118466898954705,0.7334494773519163,0.08536585365853659
14039,0.19164265129682997,0.7219020172910663,0.08645533141210375
14040,0.161594963273872,0.751311647429171,0.08709338929695698
14041,0.24457142857142858,0.7085714285714285,0.046857142857142854
14043,0.1695626123427202,0.7459556620730977,0.08448172558418214
14044,0.18907260963335729,0.6768511861969806,0.13407620416966212
14045,0.1681011768838925,0.668540312664676,0.16335851045143157
14046,0.1863139735480161,0.7239792984473835,0.08970672800460035
14047,0.2727272727272727,0.696969696969697,0.030303030303030304
14048,0.21089494163424125,0.6980544747081712,0.09105058365758754
14049,0.20938628158844766,0.7178958225889633,0.07271789582258896
14050,0.1649659863945578,0.7448979591836735,0.09013605442176871
14051,0.18865671641791046,0.6907462686567164,0.12059701492537313
14052,0.1669811320754717,0.7009433962264151,0.1320754716981132
14053,0.1967479674796748,0.7121951219512195,0.0910569105691057
14054,0.17997043606799704,0.7402069475240207,0.07982261640798226
14055,0.2756183745583039,0.6855123674911661,0.038869257950530034
14056,0.20275590551181102,0.7165354330708661,0.08070866141732283
14057,0.18771075309104535,0.738478831022855,0.07381041588609966
14058,0.2289855072463768,0.7217391304347827,0.04927536231884058
14059,0.17972350230414746,0.6912442396313364,0.12903225806451613
14060,0.19438444924406048,0.7119330453563715,0.09368250539956803
14061,0.15577407967725668,0.6515380736258195,0.19268784669692385
14062,0.2972972972972973,0.6486486486486487,0.05405405405405406
14063,0.20397779833487512,0.7185476410730804,0.0774745605920444
14064,0.35789473684210527,0.5842105263157895,0.05789473684210526
14065,0.2190684133915575,0.6899563318777293,0.09097525473071325
14066,0.1707583859990277,0.6835196888672824,0.14572192513368984
14067,0.22475106685633,0.6870554765291608,0.08819345661450925
14068,0.18118466898954705,0.7247386759581882,0.09407665505226481
14069,0.17658498638661999,0.7378451964216258,0.08556981719175417
14070,0.15980758952431853,0.7006948156066275,0.13949759486905397
14071,0.16750596342433077,0.7293930559236682,0.10310098065200106
14072,0.1871064467766117,0.7292353823088455,0.08365817091454272
14073,0.18493150684931506,0.7328767123287672,0.0821917808219178
14074,0.22208436724565755,0.7146401985111662,0.06327543424317618
14075,0.22344689378757515,0.7074148296593187,0.06913827655310621
14076,0.21808510638297873,0.7180851063829787,0.06382978723404255
14077,0.20045045045045046,0.7466216216216216,0.05292792792792793
14078,0.18172004318100035,0.7204030226700252,0.09787693414897446
15002,0.18261826182618263,0.6565323198986566,0.16084941827516086
15005,0.16575840145322435,0.7059491371480472,0.12829246139872844
15007,0.18772042321256813,0.6963770439243347,0.11590253286309715
15009,0.13588926727452488,0.6288036910908492,0.23530704163462596
15010,0.1659839715048976,0.699020480854853,0.13499554764024932
15011,0.13111404879221247,0.6292512919120298,0.23963465929575772
15012,0.17181829558253034,0.6928419471905894,0.13533975722688024
15014,0.16524300441826215,0.7083946980854198,0.1263622974963181
15015,0.09793121977431489,0.5750940354648039,0.32697474476088123
15016,0.1622918430708439,0.6782387806943269,0.15946937623482924
15019,0.21446563512054695,0.6732637639438647,0.11227060093558834
15022,0.19607843137254902,0.703232644409115,0.10068892421833599
15024,0.15981322488326555,0.7016116885073053,0.13857508660942913
15026,0.18706157443491817,0.6832943621719927,0.12964406339308912
15027,0.1754723686548599,0.6870224486169519,0.13750518272818812
15032,0.1713289581624282,0.6605414273995078,0.16812961443806398
15035,0.16114790286975716,0.7320088300220751,0.10684326710816777
15036,0.14559187914635122,0.6657341539445288,0.18867396690911997
15038,0.21085594989561587,0.6838320575272558,0.10531199257712828
15040,0.14616072569311359,0.6715216558068225,0.1823176185000639
15041,0.19018123422803396,0.68624302209987,0.12357574367209605
15042,0.1703442188879082,0.7343336275375111,0.09532215357458076
15044,0.16965792299432428,0.6947384568185304,0.13560362018714528
15046,0.19904158822522677,0.6809002224884477,0.12005818928632551
15050,0.16297087897408497,0.705850921720545,0.13117819930537003
15051,0.16913639809773245,0.6825418705630988,0.1483217313391688
15055,0.17048826544375506,0.7081197734016725,0.12139196115457243
15058,0.17240038872691935,0.7072886297376093,0.12031098153547133
15059,0.1687917766668539,0.6852777621749143,0.14593046115823177
15060,0.14566437928883344,0.6444946974422957,0.20984092326887085
15061,0.15593220338983052,0.688135593220339,0.15593220338983052
15062,0.20352405464264503,0.6735299940605821,0.12294595129677291
15070,0.1591655459293779,0.5906233384418103,0.2502111156288118
15071,0.15952732644017725,0.6811563621017093,0.15931631145811354
15072,0.19793918432050728,0.6750972762645915,0.1269635394149013
15074,0.18377241126966704,0.6847786315404317,0.1314489571899012
15076,0.16474164133738603,0.691033434650456,0.14422492401215806
15077,0.1920760097776743,0.680610522639972,0.12731346758235362
15078,0.16454864154250656,0.6904031551270815,0.1450482033304119
15081,0.19095360764928404,0.6607718907377753,0.14827450161294065
15082,0.14895888948211425,0.7186332087560064,0.13240790176187933
15085,0.17508280550874541,0.6740077866232785,0.15090940786797605
15086,0.1801311790113582,0.681704260651629,0.13816456033701274
15087,0.16368206094879045,0.6896533668446958,0.14666457220651377
15093,0.18855587535977975,0.6703791765736453,0.1410649480665749
15096,0.17932212296374145,0.6964004203888597,0.12427745664739884
15097,0.11418002466091245,0.6081381011097411,0.2776818742293465
15098,0.17454731225520803,0.6522109326218993,0.17324175512289267
15099,0.18942505133470225,0.6822381930184805,0.12833675564681724
15101,0.17619893428063943,0.6969804618117229,0.12682060390763766
15103,0.17823992480319586,0.6717189519445423,0.15004112325226177
15105,0.18269192263025108,0.6794281366385007,0.13787994073124824
15106,0.15551181102362205,0.6578494094488189,0.18663877952755906
15108,0.15224949405842977,0.648643038762908,0.19910746717866223
15110,0.1638760242251514,0.7263982899893124,0.10972568578553615
15112,0.14907651715039577,0.7229551451187335,0.1279683377308707
15113,0.18980778958017197,0.6756449165402124,0.1345472938796156
15114,0.17983047582354075,0.6680793681371605,0.1520901560392988
15115,0.1826762246117085,0.6939068100358423,0.12341696535244923
15116,0.17875370431346724,0.668216990451103,0.1530293052354297
15118,0.14958110100320018,0.6419402394735896,0.20847865952321024
15122,0.17704385489983757,0.7057390362750406,0.11721710882512182
15125,0.17856763925729444,0.6826525198938992,0.13877984084880637
15130,0.1781647689216343,0.6507256083947309,0.17110962268363475
15131,0.19181084198385237,0.6863898500576702,0.12179930795847752
15134,0.18428372739916551,0.6889777468706537,0.1267385257301808
15136,0.15280634734058185,0.6973258889215398,0.14986776373787833
15139,0.17279151943462898,0.6894876325088339,0.13772084805653712
15140,0.17296113847837985,0.6483001885300735,0.17873867299154655
15142,0.18305421018848106,0.6760809943397328,0.14086479547178618
15144,0.18446102392590688,0.6966812451762284,0.11885773089786468
15146,0.13267969893138834,0.5641262739328643,0.30319402713574733
15150,0.20721649484536084,0.6814432989690722,0.11134020618556702
15151,0.16243315508021391,0.7155080213903743,0.12205882352941176
15154,0.17200631911532385,0.6937124802527647,0.13428120063191154
15155,0.20491803278688525,0.6786885245901639,0.11639344262295082
15157,0.15560121107266436,0.6766868512110726,0.16771193771626297
15158,0.15494978479196556,0.7116212338593975,0.133428981348637
15159,0.1607347000990778,0.6586388232604222,0.18062647664049997
15164,0.17464232856438086,0.7128761716822891,0.11248149975333005
15165,0.21586575133485889,0.6559877955758963,0.12814645308924486
15166,0.1788059769799318,0.6793437221116222,0.14185030090844603
15167,0.1874188161068844,0.689367229541659,0.12321395435145667
15168,0.17499125432425078,0.6722898122594939,0.1527189334162553
15169,0.1898354307841239,0.6919651500484028,0.11819941916747338
15170,0.17394997640396415,0.6773006134969325,0.14874941009910336
15171,0.14153694316091697,0.6453277107352743,0.21313534610380871
15172,0.16357804704205275,0.7058683772867664,0.1305535756711808
15173,0.16065303882562765,0.7223899025929483,0.11695705858142406
15175,0.18948131151500514,0.6816919268160135,0.12882676166898135
15176,0.167965257376421,0.6997062204623834,0.13232852216119556
15177,0.15824513485831343,0.7179924889040629,0.12376237623762376
15178,0.1733215770248142,0.6945459125834488,0.13213251039173698
15179,0.17640902975033637,0.6730452982508596,0.150545671998804
15181,0.17465283076453533,0.6945673737219594,0.13077979551350527
15182,0.16841320553780617,0.6575079872204472,0.17407880724174654
15183,0.20715249662618085,0.6963562753036437,0.09649122807017543
15184,0.1781235116685188,0.6797904429274488,0.14208604540403239
15185,0.14728501514798414,0.6676765322768585,0.1850384525751573
15188,0.17776523702031602,0.6973288186606471,0.12490594431903687
15189,0.19352222483844805,0.691625461109803,0.11485231405174895
15191,0.1802188054405677,0.6876108811354228,0.13217031342400945
15192,0.13042599083310866,0.5912307899703424,0.2783432191965489
15194,0.1833039576990867,0.6829033808684506,0.13379266143246274
15195,0.1802666071727369,0.6783423503820626,0.1413910424452005
15200,0.17203352448169387,0.6868107631230701,0.141155712395236
15201,0.17602172788411796,0.6845576823590274,0.13942058975685462
15202,0.16304347826086957,0.7207729468599033,0.11618357487922705
15204,0.1684410975504198,0.7018956115294729,0.12966329092010734
15205,0.13338065241179428,0.6142607872711678,0.25235856031703785
15206,0.18874305906108027,0.6982836951034831,0.11297324583543665
15209,0.1664184762007906,0.6514593599393512,0.18212216385985813
15210,0.181549815498155,0.6971217712177121,0.12132841328413284
15211,0.15385027597663575,0.6942821928085312,0.15186753121483307
15213,0.18686790104247705,0.7057725221720865,0.10735957678543644
15219,0.16545307443365695,0.7063106796116505,0.12823624595469255
15220,0.15893165431095765,0.6983852950137097,0.1426830506753326
15221,0.17811178111781117,0.6888668886688867,0.13302133021330212
15222,0.14733074858335818,0.7256188487921265,0.12705040262451536
15224,0.17386530014641288,0.7128477306002928,0.11328696925329429
15226,0.1981954427282459,0.6811439057959933,0.12066065147576081
15229,0.15915950777803575,0.6831901555607152,0.15765033666124914
15230,0.16752096924510718,0.690121155638397,0.1423578751164958
15236,0.16255678131083712,0.7060350421804024,0.13140817650876055
15237,0.17738905846442826,0.6877201220943884,0.13489081944118336
15242,0.17177835051546392,0.6445876288659794,0.18363402061855671
15243,0.17104801962846128,0.6908517350157729,0.13810024535576587
15244,0.1479933110367893,0.6995540691192865,0.1524526198439242
15247,0.15925984501027993,0.72323264273288,0.11750751225684011
15248,0.19878682842287695,0.687001733102253,0.11421143847487002
15249,0.20635245901639343,0.6752049180327869,0.11844262295081967
15250,0.202066269545793,0.6913626209977662,0.1065711094564408
15251,0.14721286943509165,0.7156752712308267,0.13711185933408154
16001,0.2041123370110331,0.7216649949849548,0.07422266800401203
16002,0.23614775725593667,0.7018469656992085,0.06200527704485488
16003,0.19476439790575917,0.7020942408376963,0.10314136125654451
16004,0.18564962074871544,0.6953144115488133,0.11903596770247125
16005,0.21655065738592422,0.6817478731631864,0.1017014694508894
16006,0.18860971524288106,0.7016750418760469,0.10971524288107203
16007,0.19711815561959653,0.6993275696445725,0.10355427473583093
16008,0.17796068403388204,0.6800383570401151,0.14200095892600287
16009,0.17679305619004113,0.7163088168113294,0.10689812699862951
16010,0.2310852447791852,0.6935980828483396,0.07531667237247518
16011,0.19036903690369036,0.7038703870387039,0.10576057605760576
16012,0.21629392971246006,0.7028753993610224,0.08083067092651758
16013,0.18199608610567514,0.7221135029354208,0.0958904109589041
16014,0.23780487804878048,0.7134146341463414,0.04878048780487805
16015,0.20222634508348794,0.6938775510204082,0.1038961038961039
16016,0.19264497878359266,0.6828854314002829,0.12446958981612447
16017,0.27450980392156865,0.6582633053221288,0.06722689075630252
16018,0.2035225048923679,0.6856653620352251,0.11081213307240705
16019,0.2178060413354531,0.6915739268680445,0.09062003179650238
16020,0.21403152008134216,0.702846975088968,0.08312150482968989
16021,0.16985253959584926,0.7274713271436374,0.10267613326051338
16022,0.23124042879019907,0.6967840735068913,0.07197549770290965
16023,0.217352810978309,0.683045595396193,0.099601593625498
16024,0.14348247282121201,0.5997362850274479,0.2567812421513401
16025,0.24015748031496062,0.6834645669291338,0.07637795275590552
16026,0.19614711033274956,0.7145359019264448,0.0893169877408056
16027,0.34782608695652173,0.5362318840579711,0.11594202898550725
16028,0.19935142515787677,0.7168458781362007,0.08380269670592251
16029,0.19011607456911714,0.7108688005627858,0.09901512486809708
16030,0.1741921444891742,0.7047111304537047,0.1210967250571211
16031,0.2049475753604194,0.6900393184796855,0.10501310615989515
16032,0.20613614573346117,0.6874400767018217,0.10642377756471716
16033,0.20089285714285715,0.7064732142857143,0.09263392857142858
16034,0.21904355251921434,0.7068744662681469,0.07408198121263877
16035,0.19440353460972018,0.7349042709867453,0.07069219440353461
16036,0.21462639109697934,0.7011128775834659,0.08426073131955485
16037,0.19781337401474702,0.7096364098652428,0.09255021612001017
16038,0.2182782537739698,0.6668026655786754,0.11491908064735482
16040,0.19349622709306505,0.6985267696730147,0.10797700323392023
16041,0.19444444444444445,0.7314814814814815,0.07407407407407407
16042,0.18385307059498757,0.69217524392577,0.1239716854792424
16043,0.213898916967509,0.6947653429602888,0.09133574007220216
16044,0.2450050454086781,0.6748738647830475,0.08012108980827447
16046,0.23624851602690938,0.6745811898166468,0.08917029415644374
16047,0.19873417721518988,0.6870886075949367,0.11417721518987342
16048,0.19736842105263158,0.7593984962406015,0.043233082706766915
16049,0.20096178182738547,0.6983042267780308,0.10073399139458365
16050,0.2111801242236025,0.6858917480035492,0.10292812777284827
16051,0.19812565997888068,0.6904699049630412,0.11140443505807814
16052,0.21144278606965175,0.6961620469083155,0.0923951670220327
16053,0.2020025535918285,0.6760970364894833,0.12190040991868827
16055,0.20530406950160038,0.6973022405121171,0.09739368998628258
16056,0.22382671480144403,0.7003610108303249,0.07581227436823104
16057,0.21790697674418605,0.687906976744186,0.0941860465116279
16058,0.19858757062146892,0.6988700564971752,0.10254237288135593
16059,0.1808964781216649,0.7067769477054429,0.11232657417289221
16060,0.22935461485079806,0.6821651630811936,0.08848022206800833
16061,0.2358490566037736,0.7075471698113207,0.05660377358490566
16062,0.22394469466848224,0.6868126112915052,0.08924269404001257
16063,0.2130570758405004,0.7025019546520719,0.08444096950742767
16064,0.17797412432944146,0.7343010413379615,0.08772483433259703
16065,0.17802385008517888,0.6890971039182283,0.13287904599659284
16066,0.19078415521422798,0.7085691188358932,0.10064672594987874
16067,0.22420634920634921,0.6964285714285714,0.07936507936507936
16068,0.19795221843003413,0.689419795221843,0.11262798634812286
16069,0.19213608477412158,0.6823759063022866,0.12548800892359174
16070,0.1962836953677048,0.7163046322952107,0.08741167233708454
16071,0.20602006688963212,0.7036789297658863,0.0903010033444816
16072,0.2039344262295082,0.7137704918032787,0.08229508196721312
16073,0.19931580842635938,0.6998559596687073,0.10082823190493338
16074,0.2146469049694856,0.6946817785527463,0.09067131647776809
16075,0.19721669980119283,0.7216699801192843,0.08111332007952286
16076,0.21762321314273522,0.7030083208875614,0.07936846596970344
16077,0.18504085480829666,0.6864864864864865,0.12847265870521685
16078,0.2097560975609756,0.7404878048780488,0.04975609756097561
16079,0.21643109540636044,0.6904201020808794,0.09314880251276011
16080,0.22119815668202766,0.6826859776168532,0.09611586570111916
16081,0.20089507707608156,0.7061163600198906,0.09298856290402785
16082,0.21212121212121213,0.7004662004662005,0.08741258741258741
16083,0.20771349862258953,0.734435261707989,0.05785123966942149
16084,0.19541734860883797,0.7076923076923077,0.09689034369885434
16085,0.22884615384615384,0.7019230769230769,0.06923076923076923
16086,0.20708775313404051,0.6903326904532304,0.10257955641272902
16087,0.2523560209424084,0.6693717277486911,0.07827225130890052
16088,0.21541318477251625,0.7031878675332714,0.08139894769421231
16089,0.17780959198282034,0.666284896206156,0.15590551181102363
16090,0.25961538461538464,0.7019230769230769,0.038461538461538464
16091,0.17909620182977543,0.6952684594769429,0.12563533869328158
16092,0.2045728038507822,0.7388688327316486,0.056558363417569195
16093,0.2069620253164557,0.7060126582278481,0.08702531645569621
16094,0.2104109589041096,0.7013698630136986,0.08821917808219178
16096,0.18208955223880596,0.7062415196743554,0.11166892808683854
16097,0.2391304347826087,0.6831103678929766,0.07775919732441472
16098,0.22616562282533054,0.7045929018789144,0.06924147529575504
16099,0.17314814814814813,0.7055555555555556,0.12129629629629629
16100,0.2100108813928183,0.6931447225244831,0.09684439608269858
16101,0.22966955706585424,0.6826810405437075,0.08764940239043825
16102,0.19887429643527205,0.7317073170731707,0.06941838649155722
16103,0.20121951219512196,0.676829268292683,0.12195121951219512
16104,0.21797593772116064,0.7137296532200991,0.06829440905874026
16105,0.19039896204995135,0.7158611741809925,0.09373986376905612
16106,0.2864321608040201,0.6231155778894473,0.09045226130653267
16107,0.2097669256381798,0.6936736958934517,0.09655937846836848
16108,0.23618192943096064,0.6803997552518866,0.08341831531715277
16109,0.23516320474777447,0.6899109792284867,0.07492581602373888
16110,0.2441430332922318,0.6658446362515413,0.09001233045622688
16111,0.21638062133391267,0.6980230284597002,0.08559635020638715
16113,0.2282010300124312,0.702894690108329,0.06890427987923992
16114,0.24343220338983051,0.6622881355932203,0.09427966101694915
16115,0.14103194103194103,0.6335790335790336,0.2253890253890254
16116,0.2260127931769723,0.7199715707178393,0.05401563610518834
16117,0.1948313475415338,0.7022990434636684,0.10286960899479779
16118,0.2022367194780988,0.7045666356011183,0.09319664492078285
16119,0.22208281053952322,0.6963613550815558,0.08155583437892096
16120,0.21555915721231766,0.6891115367614558,0.0953293060262266
16121,0.17964071856287425,0.7664670658682635,0.05389221556886228
16122,0.23924268502581755,0.6746987951807228,0.08605851979345955
16123,0.1675788376335679,0.7068021892103206,0.12561897315611154
16124,0.2556706114398422,0.6516272189349113,0.09270216962524655
16125,0.1946564885496183,0.732824427480916,0.07251908396946564
16126,0.2033062645011601,0.7006960556844548,0.09599767981438515
16127,0.22709163346613545,0.7078353253652059,0.0650730411686587
16128,0.17393144308082945,0.6523487092678798,0.17371984765129073
16129,0.21492770613520906,0.694021101992966,0.09105119187182494
16130,0.2079806529625151,0.6904474002418379,0.10157194679564692
16131,0.21461559358869872,0.7071447976093452,0.07823960880195599
16132,0.1996194704296813,0.6957348977326779,0.10464563183764072
16133,0.2292752734335071,0.6790350608197895,0.09168966574670347
16134,0.25625,0.70625,0.0375
16135,0.195095168374817,0.7163250366032211,0.08857979502196194
16136,0.13089005235602094,0.7801047120418848,0.08900523560209424
16137,0.18164794007490637,0.6956928838951311,0.12265917602996254
16139,0.20081411126187246,0.7055630936227951,0.09362279511533243
16140,0.21366405570060923,0.706266318537859,0.08006962576153177
16141,0.23131806233571162,0.6871948929778445,0.08148704468644385
16142,0.21885856079404467,0.6925558312655087,0.08858560794044665
16143,0.15774853801169592,0.6489766081871345,0.1932748538011696
16144,0.2039272030651341,0.6838122605363984,0.11226053639846743
16145,0.26247288503253796,0.6767895878524945,0.06073752711496746
16146,0.21199143468950749,0.7194860813704497,0.06852248394004283
16147,0.2318840579710145,0.6376811594202898,0.13043478260869565
16148,0.22509225092250923,0.7047970479704797,0.07011070110701106
16149,0.18830409356725147,0.712280701754386,0.09941520467836257
16150,0.1773462783171521,0.713915857605178,0.1087378640776699
16151,0.34265734265734266,0.6293706293706294,0.027972027972027972
16152,0.19654022509378907,0.7184243434764486,0.0850354314297624
16153,0.20026166593981684,0.7010902747492368,0.09864805931094636
16154,0.23742871954380507,0.6682218766200103,0.09434940383618455
16155,0.1986970684039088,0.6867535287730727,0.11454940282301845
16156,0.20014556040756915,0.7016011644832606,0.0982532751091703
16157,0.21875590848931745,0.7039137833238798,0.0773303081868028
16158,0.20176140912730184,0.7149719775820657,0.08326661329063251
16159,0.24695121951219512,0.6890243902439024,0.06402439024390244
16160,0.17285531370038412,0.7053228461679166,0.12182184013169929
16161,0.2531094527363184,0.6859452736318408,0.060945273631840796
16162,0.21896162528216703,0.6930022573363431,0.08803611738148984
16163,0.18087318087318088,0.737006237006237,0.08212058212058213
16164,0.16905187835420393,0.7298747763864043,0.10107334525939177
16165,0.17195767195767195,0.7195767195767195,0.10846560846560846
16166,0.25925925925925924,0.654320987654321,0.08641975308641975
16167,0.22330774598743894,0.6880669923237962,0.08862526168876483
16168,0.22249539028887522,0.6840811309157959,0.09342347879532882
16169,0.18749002712621668,0.649593106749641,0.16291686612414233
16170,0.19819648789748456,0.6758424299952539,0.1259610821072615
16171,0.2058920887123469,0.6908308507116848,0.10327706057596822
16172,0.20920593368237347,0.7070244328097731,0.08376963350785341
16173,0.20901932712956334,0.6855165831543785,0.10546408971605822
16174,0.19610091743119265,0.6817660550458715,0.12213302752293578
16175,0.19702970297029704,0.7178217821782178,0.08514851485148515
16176,0.19564729638770473,0.6793807493829931,0.12497195422930223
16177,0.2485474499677211,0.6985151710781149,0.05293737895416398
16178,0.17332848837209303,0.6495276162790697,0.1771438953488372
16179,0.1964436917866215,0.6900931414055885,0.11346316680779
16180,0.21927710843373494,0.6481927710843374,0.13253012048192772
16182,0.19091415830546266,0.7073578595317725,0.10172798216276477
16183,0.21456284879085835,0.6677650810523519,0.1176720701567898
16184,0.21553884711779447,0.6716791979949874,0.11278195488721804
16185,0.17224287484510534,0.7174721189591078,0.11028500619578686
16186,0.23529411764705882,0.7022809123649459,0.062424969987995196
16187,0.1837166270155961,0.6933650541897964,0.12291831879460745
16188,0.211534077957602,0.7150672441303852,0.07339867791201277
16189,0.18045540796963946,0.7091081593927894,0.11043643263757116
16190,0.2172928927116342,0.6785875961973744,0.10411951109099139
16191,0.23877551020408164,0.7204081632653061,0.04081632653061224
16193,0.16778523489932887,0.6757750079897731,0.15643975711089805
16194,0.18492176386913228,0.6704234598971441,0.1446547762337236
16195,0.19220055710306408,0.7260909935004642,0.08170844939647168
16196,0.2157473309608541,0.7130782918149466,0.0711743772241993
16197,0.19788359788359788,0.6925925925925925,0.10952380952380952
16198,0.1735866861113494,0.6759886763318178,0.1504246375568328
16199,0.19669592152813628,0.7165720185854414,0.0867320598864223
16200,0.19309927360774817,0.6888619854721549,0.11803874092009685
16201,0.19545454545454546,0.696969696969697,0.10757575757575757
16202,0.19783653846153845,0.6893028846153846,0.11286057692307692
16203,0.19276218611521417,0.6888232397833579,0.11841457410142787
16204,0.21352240032881217,0.6816687217427044,0.10480887792848335
16205,0.20620842572062084,0.6951219512195121,0.09866962305986696
16206,0.2115085536547434,0.7017884914463453,0.08670295489891135
16207,0.17804540646106273,0.6834567499389698,0.13849784359996745
16208,0.20710059171597633,0.7287968441814595,0.0641025641025641
16209,0.21725512528473803,0.7044419134396356,0.07830296127562643
16210,0.19731800766283525,0.7241379310344828,0.07854406130268199
16211,0.21532649757150565,0.6934700485698867,0.09120345385860766
16212,0.21439543559359228,0.7002413868773316,0.08536317752907614
16213,0.17844474761255116,0.721418826739427,0.10013642564802183
16214,0.17929482370592648,0.653788447111778,0.16691672918229558
16215,0.20766129032258066,0.7061491935483871,0.08618951612903226
16216,0.18330464716006883,0.689328743545611,0.12736660929432014
16217,0.2471264367816092,0.6829501915708812,0.06992337164750957
16218,0.20594170403587445,0.6678251121076233,0.12623318385650223
16219,0.1797357766886853,0.6367639747141132,0.18350024859720152
16220,0.18726443166038484,0.6683197778218607,0.1444157905177544
16221,0.2285263987391647,0.7037037037037037,0.0677698975571316
16222,0.20523629909030397,0.7010206345684491,0.09374306634124695
16223,0.20629750271444083,0.749185667752443,0.04451682953311618
16224,0.1830065359477124,0.6877828054298643,0.12921065862242334
16225,0.22889305816135083,0.7185741088180112,0.0525328330206379
16226,0.2,0.7416666666666667,0.058333333333333334
16227,0.19607843137254902,0.6715686274509803,0.1323529411764706
16229,0.24066390041493776,0.7302904564315352,0.029045643153526972
16230,0.3407821229050279,0.5977653631284916,0.061452513966480445
16232,0.23139891828680018,0.6864493495103056,0.08215173220289432
16233,0.21130912501674928,0.6839072758944125,0.10478359908883828
16234,0.23645557428365038,0.6799903684083795,0.08355405730797014
16235,0.21290944123314065,0.6965317919075145,0.0905587668593449
16236,0.22797089733225545,0.6839126919967664,0.08811641067097817
16237,0.24440298507462688,0.7164179104477612,0.03917910447761194
16238,0.20622935346861726,0.6859367626238791,0.10783388390750354
16239,0.20508226095455287,0.686105228864636,0.1088125101808112
16240,0.1807248496668292,0.6991711360312043,0.12010401430196652
16241,0.19484412470023982,0.6966426858513189,0.10851318944844125
16242,0.22298850574712645,0.6847870182555781,0.09222447599729547
16243,0.16138763197586728,0.7518853695324283,0.08672699849170437
16244,0.20494127176994734,0.7055488051842851,0.08950992304576752
16245,0.1973667711598746,0.6803761755485893,0.12225705329153605
16246,0.20709765479588038,0.7026926417669687,0.09020970343715101
16247,0.2290909090909091,0.6957575757575758,0.07515151515151515
16248,0.214170692431562,0.7053140096618358,0.08051529790660225
16249,0.2610294117647059,0.6691176470588235,0.06985294117647059
16250,0.19797887000459347,0.7230133210840606,0.07900780891134589
16251,0.20714285714285716,0.7038461538461539,0.08901098901098901
16252,0.21627647714604237,0.7051282051282052,0.07859531772575251
16253,0.23587096774193547,0.6936774193548387,0.07045161290322581
17001,0.22934472934472935,0.6994301994301995,0.07122507122507123
17002,0.22516158124154517,0.6817976852547722,0.09304073350368255
17003,0.21423905943827565,0.7217504898758981,0.06401045068582625
17004,0.23813827383642114,0.6696791685494804,0.0921825576140985
17005,0.25295508274231676,0.6737588652482269,0.07328605200945626
17006,0.21658986175115208,0.7032258064516129,0.08018433179723503
17007,0.1932440657334145,0.7255021302495435,0.08125380401704199
17008,0.18653350515463918,0.7045747422680413,0.10889175257731959
17009,0.22398818829251346,0.671790863296856,0.10422094841063054
17010,0.23870607919687675,0.6840490797546013,0.07724484104852203
17011,0.22764976958525346,0.691705069124424,0.08064516129032258
17012,0.21644612476370512,0.6975425330812854,0.08601134215500945
17013,0.20353159851301114,0.7072490706319703,0.08921933085501858
17014,0.1982141278401556,0.6981699230837238,0.1036159490761206
17015,0.21845425867507887,0.7066246056782335,0.0749211356466877
17016,0.19315068493150686,0.7143835616438357,0.09246575342465753
17017,0.2105028927458834,0.6858032932799288,0.10369381397418781
17018,0.21642429426860565,0.6683775306529798,0.1151981750784146
17019,0.24816326530612245,0.68,0.07183673469387755
17020,0.20665854648802273,0.7097036134794965,0.08363784003248072
17021,0.22124420126085406,0.6696800285476389,0.10907577019150708
17022,0.20178041543026706,0.6837643069097075,0.11445527766002543
17023,0.19259629814907453,0.6679339669834917,0.13946973486743372
17024,0.2555205047318612,0.6861198738170347,0.0583596214511041
17025,0.17762015055008687,0.6712507237984945,0.15112912565141864
17026,0.19736842105263158,0.7324561403508771,0.07017543859649122
17027,0.18138801261829654,0.694006309148265,0.12460567823343849
17028,0.20281170776676655,0.6602903894906661,0.1368979027425674
17029,0.16832623918714815,0.6211780859535906,0.2104956748592613
17030,0.21688500727802038,0.6870451237263464,0.09606986899563319
17031,0.18122489959839358,0.7223895582329317,0.0963855421686747
17032,0.20702230514799425,0.7122381477398015,0.08073954711220423
17033,0.17796357121528814,0.7040907733651837,0.11794565541952821
17034,0.21773360867320599,0.6930820856995353,0.08918430562725865
17035,0.21214910262310172,0.6829268292682927,0.10492406810860562
17036,0.34662576687116564,0.6257668711656442,0.027607361963190184
17037,0.19747013352073084,0.6896228624970719,0.11290700398219723
17038,0.21171740379092477,0.7074095347501436,0.08087306145893165
17039,0.23122263388346245,0.6791849107443584,0.08959245537217919
17040,0.18504502153203706,0.699203967114707,0.11575101135325591
17041,0.22126202511006032,0.711071253872493,0.0676667210174466
17042,0.1750172261049316,0.7077468254749483,0.11723594842012008
17043,0.20910450551504955,0.6870443073471677,0.10385118713778277
17044,0.22413793103448276,0.7228116710875332,0.05305039787798409
17045,0.22276639952508162,0.699020480854853,0.0782131196200653
17046,0.2147603705195328,0.6881796214256948,0.09706000805477245
17047,0.18842001962708538,0.689892051030422,0.12168792934249265
17048,0.1810989010989011,0.643956043956044,0.17494505494505494
17049,0.17455138662316477,0.7210440456769984,0.10440456769983687
17050,0.20538922155688621,0.7095808383233533,0.08502994011976048
17051,0.18041237113402062,0.7371134020618557,0.08247422680412371
17052,0.21824381926683717,0.663824950269963,0.11793123046319977
17053,0.24428044280442804,0.6472324723247233,0.10848708487084871
17054,0.21637426900584794,0.7076023391812866,0.07602339181286549
17055,0.20816491511721907,0.6988682295877122,0.09296685529506872
17056,0.21471098982882658,0.6814686182088812,0.10382039196229223
17057,0.18205492424242425,0.6223958333333334,0.19554924242424243
17058,0.23553934340802501,0.7087024491922876,0.055758207399687336
17059,0.2192513368983957,0.6847810377222142,0.09596762537939009
17060,0.19128065395095367,0.7411444141689373,0.06757493188010899
17061,0.1844888366627497,0.6645468998410174,0.1509642634962328
17062,0.2007233273056058,0.6880650994575045,0.1112115732368897
17063,0.20803123257110986,0.7172336865588399,0.0747350808700502
17064,0.19603356216628529,0.7299771167048055,0.07398932112890923
17065,0.19110926464478603,0.6847389558232931,0.12415177953192079
17066,0.20140105078809106,0.7079198287604592,0.0906791204514497
17067,0.1654320987654321,0.642933480744426,0.19163442049014187
17068,0.18707317073170732,0.7053658536585365,0.1075609756097561
17069,0.19773442416614223,0.6916299559471366,0.11063561988672121
17070,0.1941645675902603,0.6975230898404702,0.10831234256926953
17071,0.23567220139260847,0.7021960364220675,0.06213176218532405
17072,0.2102626756261454,0.6766035430665852,0.1131337813072694
17073,0.24045529997628645,0.6632677258714726,0.09627697415224093
17074,0.16800966962127317,0.6466559226430298,0.185334407735697
17075,0.21649092808967418,0.6884202526835755,0.09508881922675026
17076,0.2083494395052184,0.6768457672980286,0.11480479319675299
17077,0.18342088861187783,0.6935268453387944,0.12305226604932776
17078,0.20988088951475678,0.6918382913806255,0.09828081910461774
17079,0.2026275896917635,0.6998484082870137,0.09752400202122284
17080,0.22426631625054752,0.6852825229960579,0.09045116075339465
17081,0.1948136565024759,0.6576101120667188,0.1475762314308053
17082,0.1994269340974212,0.6991404011461319,0.101432664756447
17083,0.2125,0.703125,0.084375
17084,0.20155038759689922,0.7441860465116279,0.05426356589147287
17085,0.16822654187664987,0.6762658987281017,0.15550755939524838
17086,0.23623730625334047,0.692143238909674,0.07161945483698556
17087,0.22580645161290322,0.7268817204301076,0.047311827956989246
17088,0.20090207170705604,0.7014754223683205,0.0976225059246235
17089,0.22452830188679246,0.6971698113207547,0.07830188679245283
17090,0.2034233048057933,0.7024358130348913,0.09414088215931533
17091,0.19936617689426678,0.6949006050129646,0.10573321809276866
17092,0.1825632421270005,0.6897263810015488,0.1277103768714507
17093,0.17580340264650285,0.7145557655954632,0.10964083175803403
17094,0.1927710843373494,0.685025817555938,0.12220309810671257
17095,0.358600583090379,0.5860058309037901,0.05539358600583091
17096,0.2350230414746544,0.688689641354438,0.07628731717090763
17097,0.2139673105497771,0.7206537890044576,0.06537890044576523
17098,0.4811320754716981,0.46226415094339623,0.05660377358490566
17099,0.1991164405175134,0.7122120542757968,0.0886715052066898
17100,0.23564789502460362,0.6528157463094587,0.11153635866593767
17101,0.2191444600280505,0.6988078541374474,0.0820476858345021
17102,0.1726860074995066,0.6923228734951647,0.1349911190053286
17103,0.20661770773166102,0.6699397640069312,0.12344252826140771
17104,0.21656378600823045,0.7026748971193416,0.08076131687242798
17105,0.24193548387096775,0.7112903225806452,0.0467741935483871
17106,0.1817548746518106,0.7064763231197771,0.11176880222841226
17107,0.19537452537107353,0.6939937866758716,0.11063168795305488
17108,0.23922548407245472,0.68894440974391,0.07183010618363522
17109,0.16447908121410992,0.6706316652994257,0.16488925348646433
17110,0.22336065573770492,0.7069672131147541,0.06967213114754098
17111,0.23582474226804123,0.6900773195876289,0.0740979381443299
17112,0.1800046937338653,0.6749589298286787,0.14503637643745598
17113,0.1970148002180202,0.6948136346484424,0.10817156513353737
17114,0.20103314679294015,0.7122255703831253,0.08674128282393456
17115,0.2445054945054945,0.7032967032967034,0.0521978021978022
17116,0.20507655116841256,0.6917808219178082,0.1031426269137792
17117,0.20908088603788713,0.6913901974541445,0.09952891650796833
17118,0.1762749445676275,0.7028824833702882,0.12084257206208426
17119,0.23442302319083544,0.677004749930148,0.08857222687901649
17120,0.19683573755234993,0.698231735691019,0.10493252675663099
17121,0.22727272727272727,0.6973532796317606,0.07537399309551208
17122,0.20761703253107644,0.7098651150489289,0.08251785241999471
17123,0.21465076660988075,0.6671209540034072,0.1182282793867121
17124,0.1734806629834254,0.7558011049723757,0.0707182320441989
17125,0.19730627951722932,0.6792023788700368,0.12349134161273395
17126,0.2058303886925795,0.7031802120141343,0.09098939929328621
17127,0.19912867122361602,0.7020205813866146,0.0988507473897694
17128,0.20029455081001474,0.711340206185567,0.08836524300441827
17129,0.1621438263229308,0.6372682044323835,0.20058796924468567
17130,0.20364920541494996,0.6701000588581518,0.12625073572689818
17131,0.19393939393939394,0.7454545454545455,0.06060606060606061
17132,0.1967049425861208,0.7184223664503245,0.08487269096355467
17133,0.2025777681096367,0.6792473352186208,0.11817489667174244
17134,0.16862919351255276,0.7033992446123084,0.12797156187513886
17135,0.1895910780669145,0.7100371747211895,0.10037174721189591
17136,0.1934634448574969,0.6696096654275093,0.1369268897149938
17137,0.21789264413518886,0.6998011928429424,0.08230616302186879
17138,0.19750367107195302,0.7126774351443955,0.08981889378365149
17139,0.2729007633587786,0.6545801526717557,0.07251908396946564
17140,0.2902033271719039,0.6524953789279113,0.05730129390018484
17141,0.22378138847858198,0.7267355982274741,0.04948301329394387
17142,0.1851335656213705,0.7238095238095238,0.0910569105691057
17143,0.19361497179028486,0.6887298747763864,0.11765515343332875
17144,0.23424598000869187,0.6910039113428944,0.07475010864841374
17145,0.1804245283018868,0.6855345911949685,0.13404088050314467
17146,0.2299449753837243,0.6889661164205039,0.08108890819577179
17147,0.19376947040498443,0.6984423676012461,0.10778816199376948
17148,0.16257668711656442,0.7098159509202454,0.1276073619631902
17149,0.22677092916283348,0.6694265562710825,0.10380251456608403
17150,0.23735777496839444,0.6765170670037927,0.0861251580278129
17151,0.20354780517137702,0.6903187011425135,0.10613349368610944
17152,0.23472544470224285,0.6759474091260634,0.08932714617169374
17153,0.24760501105379515,0.683861459100958,0.06853352984524687
17155,0.19987136195529828,0.7121723749799003,0.08795626306480142
17156,0.2019822796215648,0.6858387145217,0.11217900585673525
17157,0.26618705035971224,0.6786570743405276,0.05515587529976019
17158,0.19395621338267036,0.685168054270737,0.12087573234659266
17159,0.21557719054242003,0.7023643949930459,0.08205841446453407
17160,0.22243966079582517,0.6787345075016308,0.09882583170254403
17161,0.19350145489815712,0.6774975751697381,0.12900096993210475
17162,0.21657936688681395,0.7121384650421316,0.07128216807105443
17163,0.17341617663375125,0.6832353267502497,0.1433484966159991
17164,0.18466391652511527,0.6988595001213298,0.11647658335355496
17165,0.1967080097368726,0.6916657007070824,0.11162628955604498
17166,0.20807025599816323,0.681552060613018,0.11037768338881873
17167,0.21890827236916152,0.7002438566873007,0.08084787094353779
17168,0.20373988277979346,0.7094613452414178,0.08679877197878873
17169,0.19449838187702265,0.6889967637540453,0.11650485436893204
17170,0.16947946319642132,0.6423342822285482,0.1881862545750305
17171,0.163020030816641,0.6644067796610169,0.17257318952234207
17172,0.20167364016736403,0.7100418410041841,0.08828451882845188
17173,0.19282613662325793,0.67854694996573,0.12862691341101212
17174,0.20522296132052228,0.6998439681366511,0.09493307054282664
17175,0.27413127413127414,0.6731016731016731,0.05276705276705277
17176,0.21152388172858225,0.714177407126611,0.07429871114480667
17177,0.257542310522443,0.6821192052980133,0.06033848417954378
17178,0.24500525762355416,0.6954083420960393,0.05958640028040659
17179,0.17521869695782738,0.6901684292988641,0.13461287374330852
17180,0.15,0.6755555555555556,0.17444444444444446
17181,0.170993733213966,0.7421665174574754,0.08683974932855863
17182,0.17410714285714285,0.6875,0.13839285714285715
17183,0.2517361111111111,0.6579861111111112,0.09027777777777778
17184,0.19089147286821706,0.7102713178294574,0.09883720930232558
17185,0.2131747483989021,0.6898444647758463,0.0969807868252516
17186,0.20057258336140116,0.7093297406534187,0.09009767598518019
17187,0.19189227100575115,0.6850890728012344,0.12301865619301444
17188,0.2137675445513326,0.6905062293013721,0.09572622614729538
17189,0.20689655172413793,0.7092838196286472,0.08381962864721486
17190,0.24021458374726803,0.6902443870454997,0.06954102920723226
17191,0.19008264462809918,0.737603305785124,0.07231404958677685
17192,0.2502192341420637,0.6758257819351067,0.07395498392282958
17193,0.20259938837920488,0.7209480122324159,0.0764525993883792
17194,0.3254437869822485,0.5680473372781065,0.10650887573964497
17195,0.2042450941129355,0.6865572019757041,0.1091977039113603
17196,0.2186421173762946,0.692174913693901,0.08918296892980437
17197,0.21006676938880328,0.70929635336415,0.08063687724704674
17198,0.14348462664714495,0.7349926793557833,0.12152269399707175
17199,0.2124579467835661,0.6813130798246508,0.10622897339178305
17200,0.2017336485421592,0.7194641449960599,0.07880220646178093
17201,0.1973563429410685,0.6901046447585827,0.11253901230034881
17202,0.22013651877133106,0.6928327645051194,0.08703071672354949
17203,0.2049586776859504,0.7090909090909091,0.0859504132231405
17204,0.2224858310267563,0.6985633320152893,0.07895083695795439
17205,0.22668004012036108,0.6930792377131394,0.0802407221664995
17206,0.1909007773205304,0.7027892089620484,0.10631001371742113
18001,0.199203187250996,0.6958831341301461,0.1049136786188579
18002,0.17370892018779344,0.6854460093896714,0.14084507042253522
18003,0.234251968503937,0.6948818897637795,0.07086614173228346
18004,0.18190072639225183,0.6979418886198547,0.12015738498789347
18005,0.2125874125874126,0.6944055944055944,0.09300699300699301
18006,0.20218579234972678,0.6939890710382514,0.10382513661202186
18007,0.1828665568369028,0.7248764415156508,0.09225700164744646
18008,0.19362745098039216,0.6850490196078431,0.1213235294117647
18009,0.17351318209687308,0.7308399754751687,0.0956468424279583
18011,0.17513513513513512,0.7167567567567568,0.10810810810810811
18012,0.167192429022082,0.7302839116719243,0.10252365930599369
18013,0.19750128358719835,0.6760225911346911,0.12647612527811056
18014,0.1762481089258699,0.6758698940998488,0.1478819969742814
18015,0.1352112676056338,0.63420523138833,0.23058350100603622
18016,0.168,0.7064,0.1256
18017,0.19948849104859334,0.7186700767263428,0.08184143222506395
18018,0.22956326987681971,0.6696528555431132,0.10078387458006718
18019,0.16863543788187374,0.7230142566191446,0.10835030549898167
18020,0.19095477386934673,0.7252931323283082,0.08375209380234507
18021,0.3287128712871287,0.5841584158415841,0.08712871287128712
18022,0.25877192982456143,0.6578947368421053,0.08333333333333333
18023,0.1995654872749845,0.6682184978274364,0.13221601489757914
18024,0.19494789306751245,0.6789759855006796,0.12607612143180788
18025,0.23232323232323232,0.5656565656565656,0.20202020202020202
18026,0.23162134944612287,0.6455186304128903,0.1228600201409869
18027,0.21296978629329402,0.686072218128224,0.10095799557848195
18029,0.1752241238793806,0.6903015484922576,0.13447432762836187
18030,0.19001490312965721,0.6646795827123696,0.1453055141579732
18031,0.16397228637413394,0.7482678983833718,0.08775981524249422
18032,0.189873417721519,0.7037974683544304,0.10632911392405063
18033,0.22737505628095453,0.6767221972084646,0.09590274651058082
18034,0.1783502600941293,0.7278919990091652,0.09375774089670548
18035,0.21419518377693283,0.6821926489226869,0.10361216730038023
18036,0.22271386430678466,0.640117994100295,0.13716814159292035
18037,0.1918680600914435,0.6636185499673416,0.1445133899412149
18038,0.22435897435897437,0.6517094017094017,0.12393162393162394
18039,0.213,0.708,0.079
18040,0.21584158415841584,0.6851485148514852,0.09900990099009901
18041,0.17224267648471267,0.6660797182647671,0.16167760525052025
18042,0.19823788546255505,0.6828193832599119,0.11894273127753303
18043,0.1727976766698935,0.7289448209099709,0.09825750242013553
18044,0.18497109826589594,0.7572254335260116,0.057803468208092484
18045,0.2375776397515528,0.6972049689440993,0.06521739130434782
18046,0.17896825396825397,0.6603174603174603,0.16071428571428573
18047,0.23430178069353327,0.6794751640112465,0.08622305529522024
18048,0.18790849673202614,0.7331154684095861,0.0789760348583878
18049,0.22982885085574573,0.6650366748166259,0.10513447432762836
18050,0.1998799519807923,0.7092837134853942,0.09083633453381353
18051,0.18687430478309233,0.6674082313681868,0.1457174638487208
18052,0.2097661623108666,0.7200825309491059,0.07015130674002751
18053,0.19785759294265912,0.702583490863264,0.09955891619407688
18054,0.20943134535367544,0.6879334257975035,0.10263522884882108
18057,0.1976112920738328,0.6699239956568946,0.13246471226927253
18058,0.21875,0.6988636363636364,0.08238636363636363
18059,0.17941176470588235,0.7382352941176471,0.08235294117647059
18060,0.14578232806588026,0.6777208991764968,0.17649677275762296
18061,0.21623529411764705,0.6884705882352942,0.09529411764705882
18062,0.21703853955375255,0.6825557809330629,0.10040567951318459
18063,0.20316622691292877,0.7097625329815304,0.0870712401055409
18064,0.17272727272727273,0.693939393939394,0.13333333333333333
18065,0.283495145631068,0.641747572815534,0.07475728155339806
18066,0.27710843373493976,0.6325301204819277,0.09036144578313253
18067,0.22797927461139897,0.6839378238341969,0.08808290155440414
18068,0.20908387667145542,0.6905735440380153,0.10034257929052934
18069,0.20834275378702238,0.6722812570653403,0.11937598914763735
18071,0.19090909090909092,0.7386363636363636,0.07045454545454545
18072,0.18972332015810275,0.6950280840441023,0.11524859579779488
18073,0.15722240419259745,0.6642646577137242,0.17851293809367835
18074,0.17857142857142858,0.6488095238095238,0.17261904761904762
18075,0.20987654320987653,0.6869772998805257,0.10314615690959777
18076,0.19290744466800805,0.693158953722334,0.11393360160965794
18077,0.2245508982035928,0.6684131736526946,0.10703592814371257
18078,0.18751066370926464,0.6981743729738953,0.11431496331684013
18079,0.2122905027932961,0.7150837988826816,0.07262569832402235
18080,0.2055813953488372,0.6976744186046512,0.09674418604651162
18081,0.1821660926138538,0.6934557979334098,0.12437810945273632
18082,0.25396825396825395,0.6507936507936508,0.09523809523809523
18083,0.22540343571056742,0.6824570536179073,0.09213951067152525
18084,0.20287331301697867,0.694819329560296,0.1023073574227253
18085,0.20475319926873858,0.7026203534430225,0.09262644728823888
18086,0.1846426986240568,0.690190856635597,0.12516644474034622
18087,0.17665816326530612,0.7161989795918368,0.10714285714285714
18088,0.21206926110063432,0.6900394308246186,0.09789130807474712
18089,0.27976190476190477,0.6339285714285714,0.08630952380952381
18090,0.25279187817258886,0.6700507614213198,0.07715736040609138
18091,0.21266968325791855,0.6742081447963801,0.11312217194570136
18092,0.18646734854445318,0.6978756884343037,0.11565696302124312
18093,0.18307783018867924,0.7178655660377359,0.09905660377358491
18094,0.2044334975369458,0.6822660098522167,0.11330049261083744
18095,0.1763456090651558,0.6763456090651558,0.14730878186968838
18096,0.18571428571428572,0.6795918367346939,0.1346938775510204
18097,0.18814432989690721,0.7087628865979382,0.10309278350515463
18098,0.15873015873015872,0.7023809523809523,0.1388888888888889
18099,0.20234113712374582,0.7006688963210702,0.09698996655518395
18100,0.1585445094217024,0.7102014294996751,0.13125406107862247
18101,0.16433566433566432,0.6958041958041958,0.13986013986013987
18102,0.19347156066124965,0.6747688428131129,0.13175959652563743
18103,0.18421052631578946,0.7481203007518797,0.06766917293233082
18104,0.2309941520467836,0.685672514619883,0.08333333333333333
18105,0.21686746987951808,0.6385542168674698,0.14457831325301204
18106,0.20812685827552033,0.7185332011892963,0.07333994053518335
18107,0.23522388059701493,0.6614925373134328,0.10328358208955224
18108,0.2026578073089701,0.707641196013289,0.08970099667774087
18109,0.2171658986175115,0.6877880184331797,0.09504608294930876
18110,0.1417289415046005,0.5509087326249412,0.30736232587045825
18111,0.18055555555555555,0.6736111111111112,0.14583333333333334
18112,0.24257425742574257,0.6695544554455446,0.08787128712871287
18113,0.2418106015485408,0.6730196545562835,0.0851697438951757
18114,0.20557636287973366,0.7070328755722014,0.08739076154806492
18115,0.21298046628859482,0.6824196597353497,0.10459987397605545
18116,0.20430107526881722,0.685099846390169,0.11059907834101383
18117,0.1671195652173913,0.7160326086956522,0.11684782608695653
18118,0.1670345842531273,0.7387785136129507,0.094186902133922
18119,0.21750663129973474,0.7002652519893899,0.08222811671087533
18120,0.19675456389452334,0.6734279918864098,0.12981744421906694
18121,0.16325088339222615,0.7060070671378091,0.13074204946996468
18122,0.1577639751552795,0.6875776397515528,0.1546583850931677
18123,0.22881982981871993,0.6679615242323345,0.10321864594894561
18124,0.19797979797979798,0.6727272727272727,0.1292929292929293
18125,0.22,0.62,0.16
18126,0.1461187214611872,0.680365296803653,0.1735159817351598
18127,0.10756302521008404,0.7630252100840336,0.12941176470588237
18128,0.2756183745583039,0.6307420494699647,0.09363957597173145
18129,0.14857142857142858,0.7392857142857143,0.11214285714285714
18130,0.2428842504743833,0.6641366223908919,0.09297912713472485
18131,0.21158690176322417,0.6700251889168766,0.11838790931989925
18133,0.2706422018348624,0.6720183486238532,0.05733944954128441
18134,0.23344370860927152,0.6506622516556292,0.11589403973509933
18135,0.1423592493297587,0.635656836461126,0.22198391420911529
18136,0.23553719008264462,0.6942148760330579,0.07024793388429752
18137,0.14902624894157493,0.6314987298899238,0.21947502116850126
18138,0.21667706383863589,0.6872530671657309,0.09606986899563319
18139,0.20687679083094557,0.7083094555873926,0.08481375358166189
18140,0.20233196159122085,0.6810699588477366,0.11659807956104253
18141,0.14923747276688454,0.6688453159041394,0.18191721132897604
18142,0.30454545454545456,0.5840909090909091,0.11136363636363636
18143,0.18506184586108468,0.7021883920076119,0.11274976213130353
18144,0.20860495436766624,0.7262059973924381,0.0651890482398957
18145,0.20710059171597633,0.7041420118343196,0.08875739644970414
18146,0.23264137437365784,0.6764495347172512,0.09090909090909091
18147,0.21631644004944375,0.7082818294190358,0.0754017305315204
18148,0.21243523316062177,0.694300518134715,0.09326424870466321
18149,0.22110552763819097,0.6901172529313233,0.08877721943048576
18150,0.17180094786729858,0.6995599187542315,0.12863913337846988
18151,0.18055555555555555,0.6564814814814814,0.16296296296296298
18152,0.224609375,0.69140625,0.083984375
18153,0.170931326434619,0.680997177798683,0.14807149576669804
18154,0.25760286225402507,0.6797853309481217,0.0626118067978533
18155,0.1877065432914739,0.6920026437541309,0.12029081295439524
18156,0.19873150105708245,0.7209302325581395,0.080338266384778
18157,0.17667844522968199,0.7361601884570083,0.08716136631330977
18158,0.238562091503268,0.6895424836601307,0.0718954248366013
18159,0.12286228622862286,0.536003600360036,0.34113411341134114
18160,0.17409033877038896,0.7396486825595985,0.08626097867001255
18161,0.20052424639580602,0.6933158584534731,0.10615989515072084
18162,0.1419512195121951,0.6221951219512195,0.23585365853658535
18163,0.15936626281453867,0.6985088536812675,0.14212488350419386
18164,0.2045121593905655,0.6903017872839144,0.10518605332552007
18165,0.17803837953091683,0.7281449893390192,0.09381663113006397
18166,0.24408014571949,0.668488160291439,0.08743169398907104
18167,0.2925531914893617,0.6542553191489362,0.05319148936170213
18168,0.22858617131062953,0.6965944272445821,0.07481940144478844
18169,0.1895424836601307,0.6702977487291213,0.140159767610748
18171,0.19847062912756344,0.6781369482099409,0.12339242266249566
18172,0.18681318681318682,0.6813186813186813,0.13186813186813187
18173,0.17768324607329844,0.7045157068062827,0.11780104712041885
18174,0.22832369942196531,0.7109826589595376,0.06069364161849711
18175,0.19823788546255505,0.7004405286343612,0.1013215859030837
18176,0.1799700049991668,0.7170471588068655,0.10298283619396767
18177,0.2067139643536944,0.6518255753590586,0.14146046028724693
18178,0.1724137931034483,0.7241379310344828,0.10344827586206896
18179,0.21448467966573817,0.66991643454039,0.11559888579387187
18180,0.1857465333763302,0.709771041599484,0.10448242502418574
18181,0.19176136363636365,0.7073863636363636,0.10085227272727272
18182,0.1719864081996435,0.6625445632798574,0.1654690285204991
18183,0.13333333333333333,0.7166666666666667,0.15
18184,0.21550741163055873,0.6636259977194983,0.12086659064994298
18185,0.16868236791852323,0.7224697644812221,0.10884786760025461
18186,0.20440251572327045,0.709643605870021,0.0859538784067086
18187,0.20044543429844097,0.688195991091314,0.111358574610245
18188,0.2328042328042328,0.6798941798941799,0.0873015873015873
18189,0.19868852459016392,0.6852459016393443,0.1160655737704918
18190,0.20284821118443905,0.6946856547412296,0.10246613407433136
18191,0.20707732634338138,0.6631716906946264,0.12975098296199214
18192,0.19357601713062098,0.7014989293361884,0.10492505353319058
18193,0.2250770811921891,0.6690647482014388,0.10585817060637205
19001,0.24761904761904763,0.6580952380952381,0.09428571428571429
19002,0.18854078464578042,0.7188823031329382,0.0925769122212814
19003,0.23845327604726102,0.6659505907626209,0.09559613319011816
19004,0.19931856899488926,0.7120954003407155,0.08858603066439523
19005,0.2185648452929559,0.6890498134737766,0.0923853412332675
19006,0.16348973607038123,0.6737536656891495,0.1627565982404692
19007,0.25475285171102663,0.6730038022813688,0.07224334600760456
19009,0.257479601087942,0.6627379873073436,0.07978241160471441
19010,0.20844099913867356,0.6985357450473729,0.09302325581395349
19011,0.18210361067503925,0.6860282574568289,0.13186813186813187
19012,0.18077115673510266,0.6805207811717576,0.1387080620931397
19013,0.19878296146044624,0.7322515212981744,0.06896551724137931
19014,0.2553763440860215,0.6666666666666666,0.07795698924731183
19015,0.2036602534021586,0.7151572031909902,0.08118254340685124
19016,0.242300987797792,0.6568855316676351,0.10081348053457292
19017,0.20201421800947866,0.7209715639810427,0.07701421800947868
19018,0.2129032258064516,0.7096774193548387,0.07741935483870968
19019,0.21748400852878466,0.7228144989339019,0.05970149253731343
19020,0.20357803824799506,0.6989512646514497,0.09747069710055521
19021,0.19440438419382752,0.6654167868474186,0.14017882895875397
19022,0.22348232154769845,0.695130086724483,0.08138759172781855
19023,0.21495327102803738,0.6822429906542056,0.102803738317757
19024,0.17882352941176471,0.7223529411764706,0.0988235294117647
19025,0.2043549138332557,0.6665114112715417,0.1291336748952026
19026,0.18479736280783401,0.6837308512701182,0.1314717859220477
19027,0.30324909747292417,0.5992779783393501,0.09747292418772563
19028,0.21505376344086022,0.6838709677419355,0.1010752688172043
19029,0.1962025316455696,0.7220058422590068,0.08179162609542356
19030,0.23748544819557627,0.6763678696158324,0.08614668218859138
19031,0.2555762081784387,0.6552044609665427,0.08921933085501858
19032,0.19384615384615383,0.7107692307692308,0.09538461538461539
19033,0.247557003257329,0.6653094462540716,0.08713355048859935
19034,0.21662125340599456,0.6811989100817438,0.10217983651226158
19035,0.1719251842055545,0.6316833553750236,0.19639146041942188
19036,0.16942073724350826,0.6354185581986562,0.1951607045578355
19037,0.2056782334384858,0.6839116719242903,0.11041009463722397
19038,0.2671232876712329,0.6506849315068494,0.0821917808219178
19039,0.23015873015873015,0.708994708994709,0.06084656084656084
19040,0.24363636363636362,0.5927272727272728,0.16363636363636364
19041,0.2026757756902932,0.708511243951039,0.0888129803586678
19043,0.2353463587921847,0.6696269982238011,0.09502664298401421
19044,0.25616291532690244,0.6613076098606645,0.08252947481243302
19045,0.264669163545568,0.6466916354556804,0.08863920099875156
19046,0.20774046670461013,0.6977803073420603,0.09447922595332954
19047,0.24420849420849422,0.666988416988417,0.0888030888030888
19048,0.15780866721177433,0.7031888798037612,0.13900245298446443
19049,0.21291448516579406,0.7260034904013961,0.06108202443280977
19050,0.24163027656477437,0.6652110625909753,0.09315866084425037
19051,0.22515723270440252,0.6842767295597484,0.09056603773584905
19052,0.22887612797374898,0.684577522559475,0.08654634946677604
19053,0.24401913875598086,0.6468899521531101,0.10909090909090909
19054,0.1979448350459708,0.7057869118442401,0.09626825310978908
19055,0.17500970120294917,0.7093519596429957,0.11563833915405511
19056,0.17945383615084526,0.6501950585175552,0.17035110533159947
19057,0.19224555735056542,0.7000538502961766,0.10770059235325795
19058,0.19429676172063798,0.7220879652005799,0.08361527307878203
19059,0.21103327495621715,0.6900175131348512,0.0989492119089317
19060,0.2183734939759036,0.677710843373494,0.10391566265060241
19061,0.214190093708166,0.6840696117804551,0.10174029451137885
19062,0.21875,0.6599049707602339,0.12134502923976608
19063,0.20023282887077998,0.69965075669383,0.10011641443538999
19064,0.2743221690590112,0.6475279106858054,0.07814992025518341
19065,0.2444620253164557,0.6693037974683544,0.08623417721518987
19066,0.20272572402044292,0.7208972174900624,0.07637705848949461
19067,0.21083102158967554,0.6900253286696418,0.09914364974068267
19068,0.18780567329638082,0.6951418324095207,0.11705249429409846
19069,0.21970233876683204,0.6938341601700921,0.08646350106307583
19070,0.24319419237749546,0.6551724137931034,0.10163339382940109
19072,0.19376867264191208,0.6884336320956039,0.117797695262484
19073,0.21032504780114722,0.7074569789674953,0.08221797323135756
19074,0.21913043478260869,0.6791304347826087,0.10173913043478261
19075,0.21736158578263842,0.6698564593301436,0.11278195488721804
19076,0.22563756122276643,0.6662725890896808,0.10808984968755278
19077,0.20524344569288389,0.7048689138576779,0.0898876404494382
19078,0.16526946107784432,0.7473053892215569,0.08742514970059881
19079,0.167601246105919,0.7426791277258566,0.08971962616822429
19080,0.24030172413793102,0.677801724137931,0.08189655172413793
19081,0.17854889589905362,0.679179810725552,0.14227129337539432
19082,0.15991902834008098,0.6963562753036437,0.1437246963562753
19083,0.20421299005266239,0.6775892334698654,0.1181977764774722
19084,0.20380650277557494,0.6793550092519165,0.11683848797250859
19085,0.23859817570811329,0.6749879980796928,0.08641382621219396
19086,0.20663701676359905,0.6992815600410537,0.09408142319534725
19087,0.21144967682363805,0.7202216066481995,0.06832871652816251
19088,0.24489795918367346,0.6561224489795918,0.09897959183673469
19089,0.2393092105263158,0.6702302631578947,0.09046052631578948
19090,0.18959537572254334,0.6878612716763006,0.12254335260115606
19091,0.1820580474934037,0.712401055408971,0.10554089709762533
19092,0.25735294117647056,0.6503267973856209,0.0923202614379085
19093,0.2781065088757396,0.6429980276134122,0.07889546351084813
19094,0.19002447980416157,0.708078335373317,0.10189718482252141
19095,0.1908501194947081,0.6947763741891431,0.11437350631614886
19096,0.21852731591448932,0.671021377672209,0.11045130641330166
19097,0.2122681883024251,0.6696148359486448,0.1181169757489301
19098,0.2124003984063745,0.6695717131474104,0.11802788844621515
19099,0.26519916142557654,0.6334730957372466,0.1013277428371768
19100,0.19971570717839374,0.7107320540156361,0.08955223880597014
19101,0.2603978300180832,0.6636528028933092,0.0759493670886076
19102,0.19958815143354983,0.6907967685727863,0.10961507999366386
19103,0.24189902034664656,0.6330067822155238,0.12509419743782968
19104,0.23036649214659685,0.6884816753926701,0.08115183246073299
19105,0.20758928571428573,0.6919642857142857,0.10044642857142858
19106,0.2702020202020202,0.6338383838383839,0.09595959595959595
19107,0.2423780487804878,0.663109756097561,0.09451219512195122
19108,0.2616822429906542,0.6710280373831776,0.06728971962616823
19109,0.1981495759444873,0.7135697764070933,0.08828064764841943
19110,0.2378167641325536,0.6549707602339181,0.10721247563352826
19111,0.21314440759722642,0.7060596924932168,0.08079589990955682
19112,0.19916142557651992,0.6981132075471698,0.10272536687631027
19113,0.24091293322062554,0.6590588898281206,0.10002817695125388
19114,0.2953020134228188,0.6442953020134228,0.06040268456375839
19115,0.2852664576802508,0.6520376175548589,0.06269592476489028
19116,0.22869471413160733,0.6696332254584682,0.10167206040992449
20001,0.21713842574641334,0.6948429623885227,0.08801861186506398
20002,0.2140297535020089,0.6714084048213704,0.1145618416766207
20003,0.20515653775322285,0.6856353591160221,0.10920810313075506
20007,0.21379492600422834,0.6664904862579282,0.11971458773784355
20008,0.2337992376111817,0.6836086404066074,0.08259212198221093
20010,0.2060106640814348,0.7169171110033932,0.07707222491517209
20011,0.24832775919732442,0.6826923076923077,0.06897993311036789
20012,0.2299349240780911,0.6970354302241504,0.0730296456977585
20013,0.21725888324873097,0.6879864636209814,0.09475465313028765
20014,0.2373713751169317,0.6751637043966323,0.08746492048643592
20015,0.22137605042016806,0.6860119047619048,0.09261204481792717
20016,0.21487774554496478,0.6831744716121011,0.10194778284293411
20017,0.18955070842654737,0.6869873228933632,0.12346196868008949
20018,0.23030992323002558,0.6806937731020757,0.08899630366789878
20019,0.2225020990764064,0.6922753988245172,0.0852225020990764
20020,0.24656188605108054,0.6571709233791748,0.0962671905697446
20021,0.1802249160216153,0.6600701036950489,0.15970498028333577
20022,0.2330925804333552,0.6766250820748523,0.09028233749179251
20024,0.2252448313384113,0.6906057308668843,0.0841494377947044
20025,0.2533062054933876,0.6429298067141404,0.10376398779247202
20026,0.22563331902103909,0.6747531129240018,0.0996135680549592
20027,0.20831259333001492,0.681184668989547,0.11050273768043803
20028,0.2378348824494259,0.6794240933114635,0.08274102423911063
20029,0.26292466765140327,0.6595273264401772,0.0775480059084195
20030,0.16614039349040563,0.6107271402389206,0.2231324662706737
20031,0.22985024398451961,0.6769308430085815,0.09321891300689887
20032,0.22299168975069253,0.6980609418282548,0.07894736842105263
20033,0.21983122362869198,0.6717299578059072,0.10843881856540084
20034,0.22095490716180372,0.6925729442970823,0.08647214854111406
20035,0.22957353527301713,0.6713830211239538,0.0990434436030291
20036,0.20822222222222223,0.6802222222222222,0.11155555555555556
20037,0.19815465729349738,0.718804920913884,0.08304042179261863
20038,0.20564385338955563,0.6629905935776841,0.1313655530327603
20039,0.2146734915464557,0.6834186443306964,0.10190786412284783
20041,0.2387218045112782,0.6791979949874687,0.08208020050125313
20042,0.2124772464007943,0.6670527883501572,0.12046996524904849
20043,0.22857142857142856,0.6812698412698412,0.09015873015873016
20044,0.219811320754717,0.6504716981132076,0.12971698113207547
20045,0.1903896103896104,0.6727922077922078,0.1368181818181818
20046,0.27382146439317956,0.6258776328986961,0.10030090270812438
20047,0.24316230784587742,0.6588141345577959,0.09802355759632661
20048,0.24314765694076038,0.6772767462422635,0.07957559681697612
20050,0.233201581027668,0.6517347386912604,0.11506368028107158
20051,0.21379454052927693,0.6790998124609293,0.1071056470097937
20052,0.2395162556934192,0.6624784042720276,0.09800534003455316
20053,0.22388059701492538,0.6803482587064676,0.09577114427860696
20054,0.2230609057782405,0.6668401874023946,0.11009890681936492
20055,0.22269705603038936,0.6760050648939537,0.10129787907565685
20056,0.2404881550610194,0.665470208183776,0.09404163675520459
20057,0.18728428701180744,0.6876475930971844,0.12506811989100816
20058,0.23539668700959024,0.6826503923278117,0.08195292066259809
20059,0.23390275952693823,0.664257555847569,0.10183968462549277
20060,0.26634146341463416,0.6331707317073171,0.10048780487804879
20061,0.202868240215118,0.6670152375261428,0.13011652225873918
20062,0.2529585798816568,0.6612426035502958,0.08579881656804733
20063,0.18937834499794154,0.6920543433511733,0.11856731165088513
20064,0.23218997361477572,0.666490765171504,0.10131926121372031
20065,0.21598373475132937,0.6724533416744864,0.11156292357418413
20066,0.21148696650090168,0.6722771736160446,0.11623585988305372
20068,0.2521918514698298,0.6740587931923672,0.073749355337803
20070,0.2210386151797603,0.6715490457168221,0.10741233910341766
20071,0.1901020632939276,0.6803730082972318,0.12952492840884058
20072,0.2127573677836092,0.6723859507468712,0.11485668146951958
20073,0.2617713004484305,0.6603139013452914,0.07791479820627803
21001,0.18033898305084745,0.7464406779661017,0.07322033898305084
21002,0.16774193548387098,0.7215053763440861,0.110752688172043
21003,0.2184873949579832,0.7198879551820728,0.06162464985994398
21004,0.15287716159809184,0.7056499701848539,0.14147286821705427
21005,0.17185385656292287,0.7496617050067659,0.07848443843031123
21006,0.16820418204182042,0.7004920049200491,0.13130381303813038
21007,0.20195439739413681,0.7140065146579805,0.08403908794788274
21008,0.1536729495669893,0.655934793683138,0.19039225674987265
21009,0.18932038834951456,0.7378640776699029,0.07281553398058252
21010,0.17913292043830395,0.727012863268223,0.09385421629347308
21011,0.15334888694468746,0.6782832701467872,0.16836784290852533
21012,0.1702724358974359,0.717948717948718,0.11177884615384616
21013,0.1563793995859213,0.6891174948240165,0.1545031055900621
21014,0.19241192411924118,0.7262872628726287,0.08130081300813008
21015,0.16228368987600492,0.7201253576781578,0.11759095244583731
21016,0.16042780748663102,0.7515425750719869,0.08802961744138214
21017,0.17428515852946896,0.7374051740906439,0.08830966737988719
21018,0.21493105087969566,0.7184973846885402,0.06657156443176415
21019,0.1746259153135944,0.7168099331423113,0.10856415154409424
21020,0.16524216524216523,0.7236467236467237,0.1111111111111111
21021,0.17929759704251386,0.7175600739371534,0.10314232902033271
21022,0.18542905692438402,0.7183517417162277,0.09621920135938827
21023,0.1775072092278116,0.7414290291573213,0.08106376161486703
21024,0.1618669314796425,0.7298907646474677,0.10824230387288977
21025,0.15676567656765678,0.740924092409241,0.10231023102310231
21026,0.16798732171156894,0.7083993660855784,0.12361331220285261
21027,0.17988929889298894,0.7467712177121771,0.07333948339483395
21028,0.14374185136897003,0.7434810951760105,0.11277705345501955
21029,0.17380808690404345,0.7024743512371756,0.12371756185878093
21030,0.16039156626506024,0.7168674698795181,0.12274096385542169
21031,0.17870257037943696,0.7010403916768666,0.12025703794369645
21032,0.18306878306878308,0.7142857142857143,0.10264550264550265
21033,0.21052631578947367,0.7203131796433232,0.06916050456720313
21034,0.1861092380310182,0.7228590694538098,0.09103169251517194
21035,0.163003663003663,0.6978021978021978,0.1391941391941392
21036,0.16626506024096385,0.7397590361445783,0.09397590361445783
21037,0.16570942352690918,0.7530312699425654,0.08125930653052542
21038,0.14335511982570806,0.7193899782135076,0.13725490196078433
21039,0.18873239436619718,0.7400402414486922,0.07122736418511066
21040,0.16583578593308906,0.7096522313652471,0.12451198270166376
21041,0.16465107945892682,0.7231031084833826,0.11224581205769059
21042,0.20229007633587787,0.7088331515812432,0.08887677208287895
21043,0.16556291390728478,0.7715231788079471,0.06291390728476821
21044,0.19133574007220217,0.7263537906137184,0.08231046931407943
21045,0.17682403433476396,0.7244635193133048,0.09871244635193133
21046,0.15565031982942432,0.7511727078891258,0.09317697228144989
21047,0.16958229203855765,0.7193859335951446,0.11103177436629776
21048,0.15667311411992263,0.732688588007737,0.11063829787234042
21049,0.21916010498687663,0.7454068241469817,0.03543307086614173
21050,0.19298245614035087,0.7381416504223521,0.06887589343729694
21051,0.15839699772148505,0.6785953625519368,0.1630076397265782
21052,0.16895499618611748,0.7410373760488177,0.09000762776506484
21053,0.17071569271175313,0.7091267235718975,0.12015758371634931
21054,0.2516519823788546,0.6938325991189427,0.054515418502202644
21055,0.16245293168370092,0.706831629908553,0.1307154384077461
21056,0.18285086112128984,0.7216929278123855,0.09545621106632467
21057,0.13677599441730634,0.7257501744591766,0.1374738311235171
21058,0.1453551912568306,0.7344262295081967,0.12021857923497267
21059,0.1519512870190977,0.7464710766675893,0.10157763631331304
21060,0.15369204350314825,0.7203777904979966,0.12593016599885518
21061,0.1517957985091484,0.7363903320533093,0.11181386943754236
21062,0.18013659647125782,0.7305065452475811,0.08935685828116106
21063,0.1440329218106996,0.7359396433470508,0.12002743484224966
21064,0.1921921921921922,0.7357357357357357,0.07207207207207207
21065,0.16304347826086957,0.717391304347826,0.11956521739130435
21066,0.16284275321768327,0.7179630665920537,0.11919418019026301
21067,0.16001200840588412,0.7505253677574302,0.08946262383668568
21068,0.24497991967871485,0.678714859437751,0.07630522088353414
21069,0.22268907563025211,0.7100840336134454,0.06722689075630252
21070,0.18419126616247866,0.7382288363015369,0.07757989753598439
21071,0.17417644831503218,0.746308216584627,0.07951533510034078
21072,0.15568697565671846,0.7219089533764269,0.12240407096685463
21073,0.18855761482675262,0.7187751813053989,0.0926672038678485
21074,0.17099182367579097,0.7412015641663704,0.08780661215783861
21075,0.1522707034728406,0.7658058771148709,0.0819234194122885
21076,0.18991097922848665,0.6985163204747774,0.11157270029673591
21077,0.1776485788113695,0.7093023255813954,0.11304909560723514
21079,0.18307301126044315,0.7108608790410461,0.10606610969851071
21080,0.19751552795031055,0.7282608695652174,0.07422360248447205
21081,0.1649957032368949,0.7295903752506445,0.10541392151246061
21082,0.18738170347003155,0.714826498422713,0.09779179810725552
21083,0.22394220846233232,0.7189542483660131,0.05710354317165463
21084,0.21859474804826118,0.7274662881476224,0.0539389638041164
21085,0.15657967795669073,0.7362576346474181,0.10716268739589117
21086,0.21285140562248997,0.7131603336422614,0.07398826073524868
21087,0.20474777448071216,0.7169881305637982,0.07826409495548961
21088,0.2358490566037736,0.720125786163522,0.0440251572327044
21089,0.1336405529953917,0.750733137829912,0.11562630917469627
21091,0.21758436944937834,0.7211367673179396,0.06127886323268206
21092,0.17036172695449242,0.7520420070011669,0.07759626604434072
21093,0.1734369480748852,0.7197103496997528,0.10685270222536206
21094,0.17305389221556886,0.7377245508982035,0.08922155688622754
21095,0.1795121951219512,0.7404878048780488,0.08
21096,0.1706700379266751,0.7414664981036663,0.08786346396965866
21097,0.1654275092936803,0.6756505576208178,0.15892193308550187
21098,0.1928734880679961,0.7126511932003923,0.09447531873161163
21099,0.1856421761076837,0.7296690970274817,0.08468872686483454
21100,0.16426193118756938,0.7314095449500555,0.10432852386237514
21101,0.17168141592920355,0.7176991150442478,0.11061946902654868
21102,0.20234291799787008,0.6869009584664537,0.11075612353567625
21103,0.1736111111111111,0.7546296296296297,0.07175925925925926
21104,0.19796158369266953,0.7267738141905136,0.07526460211681693
21105,0.14693446088794926,0.7674418604651163,0.08562367864693446
21106,0.17772346368715083,0.721717877094972,0.1005586592178771
21107,0.178117048346056,0.7110141766630316,0.1108687749909124
21108,0.19564414913252123,0.7336655592469546,0.07069029162052418
21109,0.17477130476649014,0.7554164660568127,0.06981222917669716
21110,0.18525963149078728,0.7380234505862646,0.07671691792294807
21111,0.1584451011593544,0.6994771538986133,0.1420777449420323
21112,0.1852704257767549,0.7364787111622555,0.07825086306098965
21113,0.14683368128044538,0.7508698677800975,0.1022964509394572
21114,0.20023148148148148,0.7152777777777778,0.08449074074074074
21115,0.14759036144578314,0.715440710209258,0.13696892834495877
21116,0.17880045265937383,0.7159562429271973,0.1052433044134289
21117,0.19230769230769232,0.7203525641025641,0.08733974358974358
21118,0.17790530846484937,0.7647058823529411,0.05738880918220947
22001,0.16047859874182804,0.7103737510793142,0.12914765017885776
22002,0.1925329428989751,0.6998535871156661,0.10761346998535871
22003,0.12855673637298595,0.7134041823791567,0.1580390812478574
22005,0.14245014245014245,0.7198480531813866,0.13770180436847104
22006,0.1499266862170088,0.6915322580645161,0.15854105571847507
22007,0.15924748277689454,0.7400635930047694,0.10068892421833599
22009,0.16485623003194888,0.6717784877529287,0.16336528221512248
22011,0.18859649122807018,0.7017543859649122,0.10964912280701754
22013,0.16806722689075632,0.6674669867947179,0.1644657863145258
22015,0.20047732696897375,0.7255369928400954,0.07398568019093078
22017,0.20070921985815604,0.6964539007092199,0.10283687943262411
22018,0.1307901907356948,0.7493188010899182,0.11989100817438691
22021,0.25165562913907286,0.6870860927152318,0.061258278145695365
22022,0.1620620466121315,0.6943972835314092,0.14354066985645933
22025,0.17718446601941748,0.6879719525350594,0.1348435814455232
22026,0.2597402597402597,0.6796536796536796,0.06060606060606061
22029,0.17584097859327216,0.7155963302752294,0.10856269113149847
22032,0.17425431711145997,0.6836734693877551,0.14207221350078492
22033,0.21834496510468593,0.6969092721834497,0.0847457627118644
22034,0.14261603375527426,0.6759493670886076,0.18143459915611815
22035,0.13480662983425415,0.6850828729281768,0.18011049723756906
22036,0.15535444947209653,0.7013574660633484,0.14328808446455504
22037,0.1788031723143475,0.6971881759192502,0.1240086517664023
22038,0.18717759764185704,0.7081798084008843,0.10464259395725865
22039,0.15880322209436135,0.7215189873417721,0.11967779056386652
22040,0.16058394160583941,0.7572992700729927,0.08211678832116788
22042,0.1927437641723356,0.6870748299319728,0.12018140589569161
22043,0.19665271966527198,0.6820083682008368,0.12133891213389121
22045,0.23255813953488372,0.7348837209302326,0.03255813953488372
22047,0.1583836507199257,0.7083139804923363,0.13330236878773805
22048,0.18123861566484517,0.7067395264116576,0.11202185792349727
22049,0.15045135406218657,0.724172517552658,0.12537612838515547
22050,0.15577487329954653,0.6983195518805014,0.14590557481995198
22051,0.1450381679389313,0.6975190839694656,0.15744274809160305
22052,0.1786407766990291,0.6757281553398058,0.14563106796116504
22053,0.15774548032612548,0.7210209145693016,0.12123360510457284
22054,0.12608695652173912,0.7565217391304347,0.11739130434782609
22058,0.17791411042944785,0.7085889570552147,0.11349693251533742
22059,0.22641509433962265,0.710691823899371,0.06289308176100629
22060,0.2268041237113402,0.711340206185567,0.061855670103092786
22061,0.16476518970549217,0.654550278588485,0.1806845317060228
22062,0.15255530129672007,0.6727688787185355,0.17467581998474446
22064,0.18895966029723993,0.7399150743099787,0.07112526539278131
22068,0.13538461538461538,0.7353846153846154,0.12923076923076923
22071,0.19270833333333334,0.640625,0.16666666666666666
22074,0.1742957746478873,0.6778169014084507,0.14788732394366197
22078,0.13736263736263737,0.7564102564102564,0.10622710622710622
22079,0.16827133479212253,0.7061269146608316,0.12560175054704595
22081,0.18757327080890973,0.6506447831184057,0.16178194607268465
22083,0.1743951612903226,0.7227822580645161,0.1028225806451613
22085,0.27586206896551724,0.6781609195402298,0.04597701149425287
22087,0.16246215943491424,0.6858392196434577,0.15169862092162797
22089,0.16929460580912864,0.7120331950207469,0.11867219917012448
22090,0.27899686520376177,0.6300940438871473,0.09090909090909091
22091,0.18181818181818182,0.7024793388429752,0.11570247933884298
22092,0.18229393807239425,0.6938508504143044,0.12385521151330135
22093,0.16442451420029897,0.6786248131539612,0.15695067264573992
22095,0.19208745445080688,0.7136907860489329,0.09422175950026028
22097,0.15083798882681565,0.729050279329609,0.12011173184357542
22098,0.16423213580734308,0.6569285432293723,0.17883932096328464
22102,0.135183527305282,0.7242614145031334,0.1405550581915846
22103,0.15773666506487266,0.690413262854397,0.15185007208073042
22104,0.16162821532749932,0.6740917528507028,0.16428003182179793
22106,0.2032520325203252,0.7018970189701897,0.0948509485094851
22108,0.20152091254752852,0.6932826362484157,0.10519645120405577
22109,0.25101214574898784,0.6437246963562753,0.10526315789473684
22110,0.2015318334131163,0.6701771182383915,0.12829104834849211
22112,0.08208955223880597,0.7985074626865671,0.11940298507462686
22113,0.17293233082706766,0.7086466165413534,0.11842105263157894
22114,0.13730255164034022,0.7484811664641555,0.11421628189550426
22115,0.1684856753069577,0.7169167803547067,0.1145975443383356
22116,0.16998011928429424,0.6699801192842942,0.16003976143141152
22117,0.159341466999853,0.6945465235925327,0.1461120094076143
22118,0.15627563576702214,0.7018047579983593,0.14191960623461855
22120,0.14313534566699124,0.7273612463485881,0.12950340798442064
22123,0.15448738767998269,0.7027173324672513,0.14279527985276605
22124,0.14900037721614484,0.6963410033949453,0.15465861938890985
22127,0.15568544102019127,0.6870350690754516,0.15727948990435706
22128,0.18302828618968386,0.6863560732113144,0.13061564059900166
22129,0.176056338028169,0.7364185110663984,0.0875251509054326
22130,0.19482288828337874,0.7016348773841962,0.10354223433242507
22131,0.15155440414507773,0.7137305699481865,0.13471502590673576
22133,0.20754716981132076,0.6729559748427673,0.11949685534591195
22134,0.14172185430463577,0.7470198675496689,0.11125827814569536
22135,0.2159468438538206,0.6832779623477298,0.10077519379844961
22136,0.16244849911712772,0.7345497351383167,0.10300176574455562
22137,0.1847672778561354,0.6755994358251057,0.13963328631875882
22138,0.12771739130434784,0.717391304347826,0.15489130434782608
22139,0.1556095339304691,0.678204544304438,0.16618592176509286
22142,0.17077175697865354,0.7175697865353038,0.1116584564860427
22143,0.1608710923779417,0.6831752722163681,0.1559536354056902
22144,0.1615759185480301,0.6790615316511731,0.1593625498007968
22147,0.14914772727272727,0.7253787878787878,0.12547348484848486
22150,0.20382165605095542,0.6815286624203821,0.11464968152866242
22153,0.1512281559330319,0.6852621288036173,0.16350971526335084
22155,0.18286151491966335,0.6962509563886764,0.12088752869166029
22156,0.17763649962602843,0.7011967090501122,0.1211667913238594
22157,0.14146341463414633,0.7365853658536585,0.12195121951219512
22159,0.14691943127962084,0.7227488151658767,0.13033175355450238
22160,0.19762062128222074,0.6847323198942499,0.11764705882352941
22161,0.14892517006802722,0.6481360544217687,0.2029387755102041
22162,0.1546134663341646,0.7281795511221946,0.1172069825436409
22163,0.19281914893617022,0.7047872340425532,0.1023936170212766
22164,0.2155688622754491,0.6706586826347305,0.11377245508982035
22165,0.205078125,0.703125,0.091796875
22167,0.1526633717737507,0.7075782537067545,0.13975837451949477
22168,0.1495601173020528,0.6920821114369502,0.15835777126099707
22169,0.17759237187127533,0.6781883194278904,0.14421930870083433
22170,0.17735334242837653,0.6957708049113234,0.12687585266030013
22171,0.18262987012987014,0.7142857142857143,0.10308441558441558
22172,0.1829916476841306,0.7031131359149583,0.11389521640091116
22173,0.1855072463768116,0.6550724637681159,0.15942028985507245
22176,0.134375,0.7703125,0.0953125
22177,0.19183673469387755,0.7238095238095238,0.08435374149659863
22179,0.15848406546080965,0.6968130921619293,0.14470284237726097
22180,0.14735945485519591,0.731686541737649,0.12095400340715502
22181,0.19448698315467075,0.7075038284839203,0.09800918836140889
22182,0.16041275797373358,0.7157598499061913,0.12382739212007504
22183,0.19604573606479275,0.697713196760362,0.10624106717484516
22184,0.16636528028933092,0.705244122965642,0.12839059674502712
22188,0.19232938522278623,0.6689227298364354,0.13874788494077833
22189,0.1891891891891892,0.7297297297297297,0.08108108108108109
22190,0.12945973496432212,0.6523955147808359,0.218144750254842
22191,0.1668496158068057,0.6948408342480791,0.13830954994511527
22193,0.1654357459379616,0.7370753323485968,0.09748892171344166
22195,0.14408233276157806,0.7324185248713551,0.1234991423670669
22196,0.16494464944649445,0.7225092250922509,0.11254612546125461
22199,0.15089820359281436,0.6913173652694611,0.15778443113772456
22200,0.1933115823817292,0.7267536704730831,0.0799347471451876
22202,0.17204301075268819,0.738863287250384,0.0890937019969278
22203,0.16406829992576094,0.6985894580549369,0.13734224201930215
22205,0.13539431945284852,0.6180758017492711,0.24652987879788033
22209,0.2108843537414966,0.6961451247165533,0.09297052154195011
22210,0.1838006230529595,0.7017133956386293,0.11448598130841121
22213,0.1590909090909091,0.7517942583732058,0.08911483253588516
22216,0.17391304347826086,0.6770186335403726,0.14906832298136646
22222,0.1570945945945946,0.6790540540540541,0.16385135135135134
22224,0.15748860049105576,0.6741494212556998,0.16836197825324448
22226,0.15384615384615385,0.7218461538461538,0.12430769230769231
22228,0.17539267015706805,0.6866118175018698,0.13799551234106208
22229,0.1651676206050695,0.722403924775143,0.11242845461978741
22230,0.17700112739571588,0.6936704783378966,0.1293283942663875
22231,0.18599862731640357,0.7000686341798216,0.11393273850377487
22232,0.22007366482504603,0.6869244935543278,0.09300184162062615
22233,0.1607235142118863,0.7126614987080103,0.12661498708010335
22234,0.1928895612708018,0.7049924357034796,0.1021180030257186
22235,0.18211920529801323,0.7185430463576159,0.09933774834437085
22236,0.138033552771289,0.6651093650456572,0.19685708218305373
22237,0.17805383022774326,0.7267080745341615,0.09523809523809523
22238,0.19878520154610713,0.6963003865267808,0.1049144119271121
22239,0.1552511415525114,0.6910197869101978,0.1537290715372907
22240,0.16705031239723775,0.7178559684314371,0.11509371917132523
22241,0.20717703349282296,0.7023923444976077,0.09043062200956938
22242,0.20364741641337386,0.6732522796352584,0.12310030395136778
22243,0.1588474325821943,0.7007757665312153,0.14037680088659032
22244,0.16819571865443425,0.7009174311926606,0.1308868501529052
22245,0.15527565558538095,0.7047284740863101,0.1399958703283089
22246,0.1685009487666034,0.7297912713472485,0.10170777988614801
22247,0.16258879242304658,0.6732438831886346,0.16416732438831885
22248,0.16127686209054873,0.6795326517838515,0.15919048612559983
22249,0.1662497157152604,0.6827382306117807,0.15101205367295883
22250,0.16327769347496207,0.716236722306525,0.1204855842185129
22251,0.17391304347826086,0.7006827164929932,0.12540424002874595
22252,0.18177874186550977,0.7145336225596529,0.10368763557483732
22253,0.1613588110403397,0.6994237185319988,0.1392174704276615
22254,0.18062934205149161,0.6939109113199836,0.12545974662852472
23001,0.17784781629896443,0.7113912651958577,0.11076091850517784
23002,0.21449096880131363,0.6986863711001642,0.08682266009852217
23003,0.2041814946619217,0.6565836298932385,0.13923487544483987
23004,0.21085271317829457,0.6782084409991387,0.11093884582256676
23005,0.20435153583617746,0.7094709897610921,0.08617747440273038
23006,0.18059381695745333,0.6723293541475359,0.14707682889501072
23007,0.20976915356306458,0.6851789896286383,0.1050518568082971
23008,0.21957186544342508,0.6996941896024464,0.08073394495412844
23009,0.21247982786444325,0.7014523937600861,0.08606777837547068
23010,0.22613458528951486,0.6979655712050078,0.07589984350547731
23011,0.2159709618874773,0.6805807622504537,0.10344827586206896
23012,0.2179019846091535,0.6879303361684893,0.09416767922235723
23013,0.2126482213438735,0.7241106719367589,0.06324110671936758
23014,0.19219088937093276,0.6898047722342733,0.11800433839479392
23015,0.18623949579831933,0.6836134453781513,0.13014705882352942
23016,0.18475894245723173,0.6972006220839814,0.11804043545878694
23017,0.18956953642384106,0.6937086092715232,0.11672185430463576
23018,0.19208045254556882,0.6868636077938404,0.12105593966059082
23019,0.258766859344894,0.6639691714836223,0.07726396917148362
23020,0.2573376815890898,0.6599466350429884,0.08271568336792173
23021,0.19272563987427033,0.6993264481365065,0.10794791198922317
23022,0.1855460820138043,0.6997157937474624,0.11473812423873325
23023,0.1703080229226361,0.7066618911174785,0.12303008595988539
23024,0.22055674518201285,0.6666666666666666,0.11277658815132048
23025,0.2195421624418003,0.6775737196068288,0.10288411795137092
23026,0.16422287390029325,0.7172182656053624,0.11855886049434436
23027,0.20543729161323415,0.6853039240830983,0.1092587843036676
23028,0.1912479740680713,0.680837800772971,0.12791422515895773
23029,0.2522982635342186,0.6751787538304392,0.07252298263534218
23030,0.16575342465753426,0.6895890410958904,0.14465753424657535
23031,0.21259163432514014,0.702457956015524,0.08495040965933592
23032,0.2235294117647059,0.7058823529411765,0.07058823529411765
23033,0.21360544217687075,0.6870748299319728,0.09931972789115646
23034,0.17647058823529413,0.7137254901960784,0.10980392156862745
23035,0.17843188330294346,0.6715290440218807,0.15003907267517583
23036,0.18660411780036487,0.6695334897054991,0.14386239249413604
23037,0.24695184955569333,0.6869187848729076,0.06612936557139905
23038,0.20345624434843765,0.670250175826384,0.12629357982517833
23039,0.19180672268907564,0.6848739495798319,0.12331932773109244
23040,0.20419044055747826,0.6878683004396221,0.10794125900289964
23041,0.21500672947510094,0.6975100942126514,0.08748317631224764
23042,0.15621436716077536,0.6931458254149246,0.15063980742430003
23043,0.18713086726764067,0.6829344109418714,0.12993472179048804
23044,0.1931399534194368,0.6605123861952149,0.1463476603853483
23045,0.18298125557869682,0.7045522166022017,0.11246652781910146
23046,0.18272539573296628,0.663799036476256,0.1534755677907777
23047,0.19324497648567765,0.635741769987174,0.17101325352714836
23048,0.23193556029376924,0.6687988628287136,0.09926557687751718
23049,0.21615384615384614,0.7,0.08384615384615385
23050,0.20872121509064184,0.6718520333170015,0.11942675159235669
23051,0.18516475940989935,0.7067420377774714,0.10809320281262925
23052,0.16369009379416677,0.649235513298214,0.18707439290761918
23053,0.20789507856122583,0.6987404233216465,0.09336449811712765
23054,0.2201545949040939,0.6925279129687947,0.08731749212711136
23055,0.20185564785845292,0.700614953069371,0.09752939907217607
23056,0.2701048951048951,0.6774475524475524,0.05244755244755245
23057,0.18011984490659147,0.7010927035600987,0.11878745153330983
23058,0.16127019776654813,0.6868176430220226,0.15191215921142928
23059,0.16656787196206282,0.6718039913060659,0.16162813673187118
23060,0.19722263258974737,0.6868075048013,0.11596986260895258
23061,0.22333044232437121,0.6886383347788378,0.08803122289679098
23062,0.20333988212180745,0.7023575638506876,0.09430255402750491
23063,0.21966161026837805,0.6831971995332555,0.0971411901983664
23064,0.23736822973464194,0.6757542711741185,0.08687749909123955
23065,0.24390243902439024,0.6825063078216989,0.07359125315391085
23066,0.20380434782608695,0.7072010869565217,0.08899456521739131
23067,0.21975180972078592,0.7016546018614271,0.07859358841778696
23068,0.24862358736598086,0.6902347145754854,0.061141698058533755
23069,0.19035910045591928,0.6758362788791558,0.13380462066492496
23070,0.22821760283060594,0.6910659000442282,0.08071649712516586
23071,0.20175925530552116,0.6692856227849182,0.1289551219095606
23072,0.2294647588765236,0.6815050344462109,0.0890302066772655
23073,0.18808885221098962,0.6749879650643009,0.13692318272470944
23074,0.2222222222222222,0.6930320150659134,0.0847457627118644
23075,0.23795932929004637,0.6799857295754549,0.08205494113449875
23076,0.17036056897122065,0.6584518690043004,0.171187562024479
23077,0.18989990900818926,0.6764331210191082,0.13366696997270244
23078,0.2019475021168501,0.6824724809483489,0.11558001693480102
23079,0.18796433878157504,0.6656760772659732,0.14635958395245172
23080,0.22639225181598063,0.7046004842615012,0.06900726392251816
23081,0.17674700621494618,0.6659087463998787,0.15734424738517508
23082,0.19622724928155627,0.684916365779972,0.11885638493847174
23083,0.1797317253261137,0.6921609648043318,0.12810730986955451
23084,0.22850844966936076,0.6910360029390155,0.0804555473916238
23085,0.2606490872210953,0.6511156186612576,0.08823529411764706
23086,0.17748296880602366,0.6751523843671566,0.14736464682681966
23087,0.2150585118127622,0.6639434753808788,0.12099801280635902
23088,0.2149420695165801,0.6987614862165401,0.08629644426687974
23089,0.18530063729564977,0.6883485730119147,0.12635078969243557
23090,0.23439667128987518,0.7087378640776699,0.056865464632454926
23091,0.1611906638273613,0.6234049866697966,0.2154043495028421
23092,0.2,0.719047619047619,0.08095238095238096
23093,0.23216601815823606,0.683960224816256,0.08387375702550799
23094,0.18907021687781833,0.7065707537041014,0.10435902941808031
23095,0.21233644859813083,0.6805607476635513,0.10710280373831775
23096,0.1805764329128815,0.6801189464740867,0.13930462061303184
23097,0.17805135420330637,0.7033415406260992,0.11860710517059445
23098,0.1939859823649107,0.7085688446755596,0.09744517295952973
24001,0.1955177743431221,0.7202472952086554,0.08423493044822257
24002,0.19088937093275488,0.7234273318872018,0.08568329718004339
24003,0.14458641560188298,0.7222595830531271,0.13315400134498992
24004,0.17312072892938496,0.7060592255125284,0.12082004555808656
24005,0.21594349142280525,0.7119071644803229,0.07214934409687185
24006,0.17384679318465163,0.6669898877960937,0.15916331901925473
24007,0.22042822042822044,0.6967356967356967,0.08283608283608283
24008,0.194056322187135,0.6935155945840723,0.11242808322879266
24009,0.15483002356109055,0.7096937058229552,0.13547627061595421
24010,0.24615384615384617,0.6653846153846154,0.08846153846153847
24012,0.1713916873386321,0.6357262188022073,0.19288209385916064
24013,0.19387417218543046,0.68658940397351,0.1195364238410596
24014,0.20283742331288343,0.6759969325153374,0.12116564417177914
24015,0.20783425056652638,0.6808028488183878,0.11136290061508579
24016,0.20823409322898945,0.6883293637291595,0.10343654304185097
24017,0.1875507442489851,0.712043301759134,0.10040595399188092
24018,0.17515410146989094,0.6821242294926505,0.1427216690374585
24019,0.20623398804440649,0.7006831767719898,0.09308283518360376
24020,0.23460898502495842,0.6630615640599001,0.10232945091514144
24021,0.18979531877387132,0.6925864264028988,0.11761825482322985
24022,0.19935691318327975,0.6842443729903537,0.11639871382636656
24024,0.17858229388500152,0.7048980833586858,0.11651962275631275
24025,0.19936799770180982,0.6952025280091928,0.10542947428899742
24026,0.1713996676060409,0.6941975576269962,0.13440277476696294
24027,0.1916729182295574,0.7153038259564891,0.09302325581395349
24028,0.1835978835978836,0.7042328042328042,0.11216931216931217
24029,0.22773987390966405,0.6960877450557043,0.07617238103463166
24030,0.18747318747318747,0.7082797082797083,0.10424710424710425
24032,0.1689666778862336,0.7324133288455066,0.09861999326825985
24034,0.19828934056838038,0.6962199944817438,0.10549066494987584
24035,0.16863190794146896,0.6706918596391533,0.16067623241937776
24036,0.18348448687350835,0.6726491646778043,0.14386634844868734
24037,0.21026072329688814,0.7224558452481077,0.0672834314550042
24038,0.20327432241892526,0.6796960676797744,0.11702960990130033
24039,0.22169811320754718,0.706199460916442,0.07210242587601078
24040,0.20616181975237546,0.6968039159228333,0.09703426432479124
24041,0.2202572347266881,0.7266881028938906,0.05305466237942122
24042,0.16869643662607126,0.7343256653134866,0.09697789806044203
24043,0.2130617523440026,0.690268347882315,0.09666989977368251
24044,0.18229166666666666,0.7161458333333334,0.1015625
24046,0.21520912547528517,0.6844106463878327,0.10038022813688213
24047,0.18836405529953917,0.7137096774193549,0.097926267281106
24048,0.19178371528144472,0.6972225155771464,0.11099376914140881
24049,0.2982456140350877,0.6052631578947368,0.09649122807017543
24050,0.25136612021857924,0.6775956284153005,0.07103825136612021
24051,0.1994983600231526,0.6723905074281304,0.12811113254871695
24052,0.1797729475287277,0.6844801329087636,0.13574691956250864
24053,0.20400238948626045,0.7025089605734767,0.09348864994026285
24055,0.19065544729849423,0.6994390315913788,0.10990552111012696
24056,0.18816771970132107,0.7025847214244687,0.10924755887421023
24057,0.1901684744980383,0.67282098622971,0.1370105392722517
24060,0.20613433858807403,0.6937971213159698,0.10006854009595613
24061,0.19198920729438035,0.7032471157424637,0.10476367696315593
24062,0.1973655323819978,0.697694840834248,0.10493962678375411
24063,0.19899923017705928,0.7013086989992302,0.09969207082371055
24064,0.20855956563398276,0.6898754391568189,0.10156499520919834
24065,0.18346409173204586,0.7175618587809294,0.09897404948702475
24066,0.15434699348908465,0.6664113366526235,0.17924166985829185
24067,0.1856735566642908,0.6720123544784985,0.14231408885721075
24068,0.22940968540120185,0.6988335100742312,0.07175680452456698
24070,0.1854895848094091,0.7045486750743942,0.10996174011619668
24071,0.19405594405594406,0.7111888111888112,0.09475524475524476
24072,0.22181484876260313,0.7057745187901008,0.07241063244729606
24073,0.2114298131247284,0.6840504128639722,0.10451977401129943
24074,0.18146718146718147,0.7027027027027027,0.11583011583011583
24075,0.2299540798304486,0.6863299187566231,0.08371600141292829
24076,0.29066265060240964,0.6596385542168675,0.04969879518072289
24077,0.20009930486593844,0.6911618669314796,0.10873882820258193
24078,0.1925112463614713,0.7118285260650966,0.09566022757343212
24079,0.2077173640691556,0.697569531445753,0.09471310448509146
24080,0.23134328358208955,0.6996268656716418,0.06902985074626866
24081,0.1704201680672269,0.6645378151260504,0.1650420168067227
24082,0.20247773906310493,0.7177700348432056,0.07975222609368951
24083,0.16926748668992106,0.7047916284193134,0.12594088489076555
24084,0.207094418362024,0.7129194922622153,0.07998608937576074
24085,0.14952307295694767,0.7169373549883991,0.13353957205465325
24086,0.1790829859795377,0.700189465706707,0.1207275483137552
24087,0.20261146969359745,0.6879590474070777,0.10942948289932487
24088,0.19653333333333334,0.6982666666666667,0.1052
24089,0.18864774624373956,0.669449081803005,0.1419031719532554
24090,0.24087591240875914,0.7017726798748697,0.05735140771637122
24091,0.20519889720362347,0.6854404621241958,0.10936064067218065
24094,0.2025405786873677,0.7163020465772759,0.08115737473535639
24095,0.1916779040647274,0.6894625313041803,0.11885956463109228
24096,0.183569064098706,0.6963587120072224,0.12007222389407163
24097,0.19286148854187793,0.6953964713039952,0.11174204015412695
24098,0.2051913914900608,0.7005092820765566,0.09429932643338262
24099,0.1927860696517413,0.7122719734660033,0.09494195688225539
24100,0.18051991520696195,0.6701160325783778,0.14936405221466026
24101,0.19845971563981044,0.6830568720379147,0.11848341232227488
24102,0.2221082328802257,0.6901769684534496,0.0877147986663247
24103,0.1769409712125618,0.6818842686827566,0.1411747601046816
24104,0.17876810980259256,0.721935101245446,0.09929678895196137
24105,0.17349441366154963,0.6719502225451903,0.15455536379326007
24106,0.1574468085106383,0.7319148936170212,0.11063829787234042
24107,0.16911225238444608,0.7325752017608217,0.0983125458547322
24108,0.1800587048248028,0.6929003852504128,0.12704090992478445
24110,0.21321695760598502,0.6933915211970075,0.09339152119700748
24111,0.19981710105166894,0.6697011264912499,0.1304817724570811
24112,0.2383093525179856,0.697841726618705,0.06384892086330936
24113,0.22383922383922383,0.7144837144837145,0.061677061677061676
24115,0.1866096866096866,0.7345679012345679,0.0788224121557455
24116,0.16298237949614097,0.6318334061453328,0.2051842143585263
24117,0.19748858447488585,0.7134703196347032,0.08904109589041095
24118,0.18523153942428036,0.7151796888968354,0.09958877167888432
24119,0.18238375900458415,0.6869679109364768,0.13064833005893908
24120,0.16666666666666666,0.7419871794871795,0.09134615384615384
24121,0.19346049046321526,0.7002724795640327,0.10626702997275204
24122,0.18996188055908514,0.6810673443456162,0.1289707750952986
24123,0.19442484121383205,0.7067748764996471,0.09880028228652082
24124,0.2171269758554803,0.6937641132534306,0.0891089108910891
24125,0.22350632359354558,0.6672481465329263,0.10924552987352813
24126,0.1905192690428804,0.7099692419033834,0.0995114890537362
24127,0.2026431718061674,0.7062369580338511,0.09111987015998145
25001,0.17024058577405857,0.6851464435146444,0.14461297071129708
25002,0.225250501002004,0.6725450901803607,0.10220440881763528
25003,0.22415458937198068,0.6695652173913044,0.10628019323671498
25004,0.22153406383992377,0.6827060505002382,0.09575988565983802
25005,0.20700100976102323,0.706496129249411,0.0865028609895658
25006,0.16248610652167383,0.6356454083931629,0.20186848508516328
25007,0.12307692307692308,0.7282051282051282,0.14871794871794872
25008,0.18440523619806487,0.6949345475241889,0.12066021627774616
25010,0.215200683176772,0.7087959009393681,0.07600341588385995
25011,0.2252448313384113,0.6651251360174102,0.10963003264417845
25012,0.2151793160967473,0.6897414512093412,0.0950792326939116
25013,0.28955223880597014,0.6,0.11044776119402985
25014,0.18694362017804153,0.7270029673590505,0.08605341246290801
25015,0.21719226856561547,0.6998982706002035,0.08290946083418108
25016,0.1446634436593529,0.6801785050204537,0.17515805132019338
25017,0.26570048309178745,0.6618357487922706,0.07246376811594203
25018,0.1941974730931212,0.6930276087973795,0.1127749181094993
25019,0.21601382488479262,0.6745391705069125,0.10944700460829493
25021,0.18168058455114822,0.6553235908141962,0.16299582463465553
25022,0.2125217391304348,0.7074782608695652,0.08
25023,0.19405940594059407,0.7168316831683168,0.0891089108910891
25025,0.24282982791587,0.6883365200764818,0.06883365200764818
25026,0.2512840774397471,0.6499407348873962,0.09877518767285658
25027,0.20138203356367226,0.7117472852912142,0.08687068114511352
25029,0.1817444219066937,0.6718052738336714,0.1464503042596349
25030,0.20324508966695132,0.7198975234842016,0.07685738684884715
25032,0.1544256120527307,0.7401129943502824,0.10546139359698682
25033,0.1985233798195242,0.7005742411812962,0.10090237899917966
25035,0.22924901185770752,0.7391304347826086,0.03162055335968379
25036,0.19852760736196318,0.6620858895705521,0.13938650306748465
25037,0.1908831908831909,0.7065527065527065,0.10256410256410256
25039,0.1783970123527722,0.663602413099684,0.15800057454754382
25040,0.18708031157668548,0.6944668278270212,0.11845286059629331
25043,0.19256756756756757,0.6891891891891891,0.11824324324324324
25044,0.20906567992599445,0.7030527289546716,0.08788159111933395
25045,0.20349227669576897,0.6917394224311618,0.10476830087306917
25046,0.11206896551724138,0.7528735632183908,0.13505747126436782
25047,0.25587828492392806,0.6742738589211619,0.0698478561549101
25048,0.20038659793814434,0.6826675257731959,0.1169458762886598
25049,0.2482758620689655,0.7017241379310345,0.05
25050,0.1928665785997358,0.71334214002642,0.09379128137384413
25051,0.14182021217197097,0.6800670016750419,0.17811278615298715
25053,0.19350718467269826,0.6917509313464609,0.11474188398084087
25054,0.1913978494623656,0.7247311827956989,0.08387096774193549
25055,0.21489077128845296,0.6914846188140883,0.09362460989745876
25056,0.21251310730513806,0.6945124082488641,0.0929744844459979
25057,0.18,0.7028571428571428,0.11714285714285715
25058,0.2310177705977383,0.6623586429725363,0.10662358642972536
25059,0.20012468827930174,0.7150872817955112,0.08478802992518704
25060,0.21929101401483925,0.6751854905193735,0.1055234954657873
25062,0.2202247191011236,0.6651685393258427,0.1146067415730337
25063,0.21452894438138478,0.6730987514188422,0.11237230419977298
25065,0.20435120435120435,0.696969696969697,0.09867909867909867
25066,0.18838709677419355,0.7161290322580646,0.09548387096774194
25067,0.20379746835443038,0.7050632911392405,0.09113924050632911
25069,0.24064171122994651,0.6310160427807486,0.12834224598930483
25070,0.22455295735900963,0.6891334250343879,0.08631361760660247
25071,0.21098445595854923,0.7160621761658031,0.07295336787564767
25072,0.19094583670169765,0.6879547291835085,0.12109943411479386
25073,0.23369362653745807,0.6645546030562803,0.10175177040626164
25074,0.21749802058590656,0.6817893903404593,0.1007125890736342
26001,0.1944965603502189,0.7107567229518449,0.0947467166979362
26002,0.19363395225464192,0.6971304557511454,0.10923559199421268
26003,0.1783901377810007,0.6971235194585449,0.12448634276045444
26004,0.17642739122452727,0.6926748668992105,0.13089774187626216
26005,0.20412457912457913,0.6944444444444444,0.10143097643097643
26006,0.22604625550660792,0.6774504405286343,0.0965033039647577
26007,0.21051418030896935,0.6652063638459765,0.12427945584505419
26008,0.18579599618684461,0.6734032411820782,0.14080076263107721
26009,0.19370479947403024,0.6849112426035503,0.12138395792241946
26010,0.16097514703092392,0.6527224435590969,0.18630240940997914
26011,0.21105288232491662,0.6841353025250119,0.10481181515007146
26012,0.17974617974617974,0.641932141932142,0.17832167832167833
26013,0.19431643625192013,0.6764976958525346,0.12918586789554531
26014,0.20232296740352193,0.6995129261895842,0.09816410640689396
26015,0.2292825768667643,0.6773060029282577,0.09341142020497804
26016,0.2033747779751332,0.7060390763765542,0.0905861456483126
26017,0.2270813087139618,0.6831875607385811,0.08973113054745707
26018,0.2068095838587642,0.6876839007986549,0.10550651534258092
26019,0.22438418546884703,0.6803974332436349,0.09521838128751811
26020,0.19788359788359788,0.6634920634920635,0.13862433862433862
26021,0.18023237703641404,0.6328692022552409,0.186898420708345
26022,0.21690097327359803,0.6874710335238684,0.0956279932025336
26023,0.1976864640883978,0.6838743093922652,0.11843922651933701
26025,0.23097679438747976,0.6749415362475265,0.09408166936499371
26026,0.21749107598164202,0.6755481896991331,0.10696073431922488
26027,0.20954907161803712,0.6728558797524314,0.11759504862953139
26028,0.22757569986669207,0.689202056751095,0.08322224338221292
26029,0.20872556118754526,0.6984069514844315,0.09286748732802318
26030,0.2069095005632745,0.6751783702591063,0.11791212917761923
26031,0.23712255772646537,0.6687388987566607,0.0941385435168739
26032,0.19962176927926034,0.7007774742592981,0.09960075646144148
26033,0.21617221418234442,0.676917510853835,0.10691027496382055
26034,0.21760128789911456,0.7019050174403005,0.08049369466058492
26035,0.18199256683850856,0.7091475842225153,0.10885984893897614
26036,0.20633419995272986,0.7076341290475066,0.08603167099976365
26037,0.21966341895482727,0.6866696191319752,0.09366696191319752
26038,0.20678733031674207,0.6860859728506787,0.10712669683257918
26039,0.24072110286320256,0.6634146341463415,0.09586426299045599
26040,0.20766363848124855,0.6912415560214302,0.10109480549732122
26041,0.22070744288872512,0.6930729550478998,0.08621960206337509
26042,0.22286492004083022,0.6668935011908812,0.11024157876828854
26043,0.17229690689880975,0.6395362274180502,0.1881668656831401
26044,0.22043144061492687,0.6788990825688074,0.10066947681626581
26045,0.20193861066235863,0.6962843295638126,0.10177705977382875
26046,0.1867582760774516,0.6600041640641265,0.15323755985842183
26047,0.20322029763356916,0.675286655281776,0.12149304708465479
26048,0.25427682737169516,0.666796267496112,0.07892690513219285
26049,0.20243362831858408,0.6780973451327433,0.11946902654867257
26050,0.22514715500327012,0.6790385873119686,0.09581425768476128
26051,0.19385950811766597,0.6514493918448266,0.15469110003750736
26052,0.2166021297192643,0.6894966118102613,0.09390125847047434
26053,0.2180598266703942,0.6762650265585687,0.10567514677103718
26055,0.18203309692671396,0.6791765169424744,0.13879038613081165
26056,0.2083394943072601,0.6903740943368327,0.10128641135590714
26057,0.20893597420543528,0.6689083371718102,0.12215568862275449
26058,0.20057720057720058,0.6843762298307753,0.11504656959202414
26059,0.17798947104537477,0.6568062170970168,0.16520431185760842
26060,0.23469387755102042,0.6749271137026239,0.09037900874635568
26061,0.1976630963972736,0.6976630963972736,0.10467380720545277
26062,0.19256110520722636,0.6860786397449522,0.12136025504782147
26063,0.16412578937296676,0.6695158512470498,0.16635835937998342
26064,0.19919099158193943,0.6860172734229802,0.11479173499508036
26065,0.2234499693063229,0.6623695518723143,0.1141804788213628
26066,0.18706212050443718,0.7077300326950023,0.10520784680056049
26067,0.19727547931382441,0.7013118062563067,0.10141271442986882
26068,0.17565546804904794,0.7207656265576712,0.10357890539328082
26069,0.21849294947121034,0.6667156286721504,0.11479142185663925
26070,0.2123015873015873,0.6937830687830688,0.09391534391534391
26071,0.21278392299248503,0.6835261335810183,0.10368994342649666
26072,0.2065698041692988,0.680669614655717,0.1127605811749842
26073,0.2075745033112583,0.6322433774834437,0.160182119205298
26074,0.22514683489232107,0.6834892321078965,0.09136393299978246
26075,0.20435610568912163,0.6854320399904784,0.1102118543203999
26076,0.20284349902322552,0.6667028434990232,0.13045365747775126
26077,0.20784666067684934,0.7091943695717281,0.08295896975142258
26078,0.19763694951664876,0.7074829931972789,0.09488005728607232
26079,0.24617196702002356,0.6625441696113075,0.09128386336866902
26080,0.23734233434002486,0.6718777758038728,0.09077988985610233
26081,0.19088438218691198,0.6533556345389923,0.15575998327409576
26082,0.1970243859494674,0.6942512545118408,0.10872435953869179
26083,0.20275735294117647,0.6933823529411764,0.10386029411764706
26084,0.23293880634600855,0.6698564593301436,0.0972047343238479
26085,0.21135582946049708,0.6890280864821176,0.09961608405738533
26086,0.15615607999289854,0.6031170346323091,0.24072688537479234
26087,0.20555734363265743,0.6764295676429568,0.11801308872438579
26088,0.21980830670926518,0.6912140575079873,0.0889776357827476
26089,0.20515015806111697,0.6991570073761855,0.09569283456269757
26090,0.2192827748383304,0.6775426219870664,0.10317460317460317
26091,0.18906372460360524,0.6631096641948514,0.1478266112015434
26092,0.19215060873624024,0.6444824769535961,0.16336691431016376
26093,0.21681558833028314,0.6741306922166003,0.1090537194531166
26094,0.18718905472636815,0.7213930348258707,0.0914179104477612
26095,0.1990309709291279,0.6782253467604028,0.12274368231046931
26096,0.2050065445026178,0.6807918848167539,0.11420157068062828
27001,0.22081218274111675,0.6920473773265652,0.08714043993231811
27002,0.2246868869775162,0.6889995473064735,0.08631356571601026
27003,0.21927444477941915,0.6954074967339966,0.08531805848658426
27004,0.21126644056580363,0.6979071883530482,0.09082637108114815
27005,0.22024429504781745,0.6893286620585172,0.09042704289366538
27006,0.25640400097584776,0.6543872489225014,0.0892087501016508
27007,0.18762055058741015,0.70541820094687,0.10696124846571979
27008,0.2204280802927803,0.6726405678163468,0.1069313518908728
27009,0.21502057613168724,0.6872427983539094,0.09773662551440329
27010,0.2290249433106576,0.6806500377928949,0.09032501889644746
27011,0.23009404388714733,0.6552769070010449,0.11462904911180773
27012,0.19958434857388563,0.6499211695571162,0.15049448186899814
27013,0.24787007454739085,0.6738551650692226,0.07827476038338659
27014,0.22005678884873517,0.6440371708828084,0.13590604026845637
27015,0.20522193211488252,0.6843342036553525,0.11044386422976502
27016,0.21853082318198597,0.6696197858988556,0.11184939091915837
27017,0.226576852418861,0.6667176974892836,0.10670545009185547
27018,0.21820303383897316,0.6748346946713341,0.10696227148969273
27019,0.19760286369303784,0.6817359128021558,0.12066122350480633
27020,0.17135091728951757,0.6970782630180987,0.1315708196923837
27021,0.19564781387886082,0.6727837946249499,0.13156839149618932
27022,0.2246900826446281,0.675275482093664,0.100034435261708
27023,0.21595832035563609,0.6701588470141858,0.11388283263017811
27024,0.18954736717920484,0.6373825160250108,0.17307011679578435
27025,0.2215909090909091,0.6686553030303031,0.10975378787878788
27026,0.18970207683630813,0.6630615088580718,0.14723641430562007
27027,0.19558457711442787,0.6845460199004975,0.11986940298507463
27028,0.19480862296524418,0.6722393312802464,0.13295204575450945
27029,0.18731249184747162,0.6452889256054611,0.16739858254706727
27030,0.203601108033241,0.7102954755309326,0.0861034164358264
27031,0.20908357968288094,0.6811341037355549,0.1097823165815641
27032,0.20182182851412334,0.6826007019889687,0.1155774694969079
27033,0.17882413482567863,0.6579441657017883,0.16323169947253313
27034,0.24046082949308756,0.6741013824884793,0.08543778801843319
27035,0.1890525796708377,0.7051716698514455,0.10577575047771683
27036,0.20808611629089677,0.6968130191557891,0.09510086455331412
27037,0.19967211261235795,0.674600033919385,0.1257278534682571
27038,0.19139826422372228,0.668235294117647,0.14036644165863066
27039,0.22967451035648867,0.6408341552768776,0.1294913343666338
27040,0.21435361216730037,0.6749049429657795,0.11074144486692016
27041,0.21213493321258772,0.7011546298392574,0.08671043694815486
27042,0.1856153098728402,0.6289552617126442,0.18542942841451565
27043,0.22600652883569097,0.671164309031556,0.10282916213275299
27044,0.22857370011130546,0.6927174431547146,0.07870885673397997
28001,0.17327257312420516,0.6471492157693938,0.17957821110640101
28002,0.24798115746971736,0.6742934051144011,0.07772543741588156
28003,0.1778259801915364,0.6205696979618565,0.20160432184660718
28004,0.24664131812420786,0.6831432192648923,0.07021546261089988
28005,0.21700879765395895,0.6181818181818182,0.16480938416422286
28006,0.17745197168857432,0.7123356926188069,0.1102123356926188
28007,0.21521837010355696,0.6834759117514633,0.10130571814497974
28008,0.21694279462331978,0.6808377618005627,0.10221944357611754
28009,0.1898515705902658,0.6227131515360718,0.1874352778736624
28010,0.23195876288659795,0.6872852233676976,0.08075601374570447
28011,0.1889013452914798,0.6631165919282511,0.14798206278026907
28012,0.22305986696230598,0.6718403547671841,0.10509977827050998
28013,0.191102985984156,0.6860450944546008,0.12285191956124314
28014,0.21384039900249377,0.682356608478803,0.10380299251870324
28015,0.19800935002262102,0.6971799125320465,0.10481073744533254
28016,0.19131439445426124,0.6496533913279869,0.1590322142177518
28017,0.19285714285714287,0.6854956268221575,0.12164723032069971
28018,0.16666666666666666,0.7134646962233169,0.11986863711001643
28019,0.18891114348142754,0.6640568099053168,0.14703204661325564
28020,0.20661947579873732,0.6929405012435431,0.10044002295771953
28021,0.20456754130223517,0.7031098153547133,0.0923226433430515
28022,0.20227111426543648,0.6912704045422285,0.10645848119233499
28023,0.19997106062798436,0.6936767472145855,0.10635219215743018
28026,0.21156986237462094,0.6899930020993702,0.09843713552600887
28027,0.2292817679558011,0.6860036832412523,0.0847145488029466
28028,0.20275862068965517,0.6896551724137931,0.10758620689655173
28029,0.24276169265033407,0.6926503340757239,0.0645879732739421
28030,0.19671201814058956,0.6965230536659108,0.10676492819349963
28031,0.22580645161290322,0.6457080371787862,0.12848551120831056
28032,0.18553610620416466,0.6502863872383705,0.1641775065574648
28033,0.21112817887011434,0.7088240314046765,0.08004778972520908
28034,0.20502092050209206,0.6681686514322498,0.1268104280656582
28035,0.22126857860581955,0.69646221477915,0.08226920661503036
28036,0.19849056603773585,0.6993207547169812,0.10218867924528302
28037,0.18703225379164182,0.6288495926882575,0.18411815352010066
28038,0.21318621441220542,0.6755210461789947,0.11129273940879988
28039,0.19566875095317982,0.6852219002592649,0.11910934878755529
28040,0.22153618177327736,0.6586811558409483,0.11978266238577427
28041,0.19408314205559807,0.7041571027799031,0.10175975516449885
28042,0.22321428571428573,0.6981177606177607,0.07866795366795366
28043,0.19395604395604396,0.7021978021978021,0.10384615384615385
28044,0.19872241579558653,0.6588850174216028,0.14239256678281068
28045,0.18135124456736468,0.6537600421440801,0.16488871328855526
28046,0.19033319033319032,0.6914056914056914,0.11826111826111826
28047,0.20463458110516933,0.7005347593582888,0.09483065953654189
28048,0.1974056603773585,0.6829009433962264,0.11969339622641509
28049,0.20012128562765313,0.6998180715585203,0.10006064281382657
28050,0.18606749684172533,0.7067316368886483,0.10720086626962642
28052,0.1941348973607038,0.7026392961876833,0.1032258064516129
28053,0.23358270989193683,0.6949293433083957,0.0714879467996675
28054,0.18358028142763955,0.6892181530146305,0.12720156555772993
28055,0.19950586781964175,0.6404570722668314,0.16003705991352687
28056,0.20779685264663805,0.6609442060085837,0.13125894134477825
28057,0.18904494382022471,0.6440074906367041,0.16694756554307116
28058,0.18562201628755967,0.6195825142750164,0.19479546943742396
28059,0.19587430113745904,0.6957779063042221,0.10834779255831888
28060,0.15272588205501894,0.5546184178566076,0.29265570008837344
28061,0.2054794520547945,0.6692351598173516,0.1252853881278539
28062,0.2392055267702936,0.689119170984456,0.07167530224525043
28063,0.2193135543920884,0.6671514446383556,0.11353500096955595
28064,0.20456108182443272,0.6856520742608297,0.10978684391473757
28065,0.20356913870485147,0.6596494977559307,0.13678136353921777
28066,0.1869340232858991,0.6898447606727037,0.12322121604139716
28067,0.20116487455197132,0.6778673835125448,0.12096774193548387
28068,0.22786304604486424,0.6717827626918536,0.10035419126328217
28069,0.18085360989230156,0.6399680893498205,0.17917830075787794
28070,0.21245421245421245,0.6718559218559218,0.1156898656898657
28071,0.21298354824366386,0.6820809248554913,0.10493552690084482
28072,0.18123873293844966,0.6370074684522277,0.1817537986093227
28073,0.20275289490932927,0.6637535503604981,0.1334935547301726
28075,0.19721030042918455,0.6889484978540773,0.1138412017167382
28076,0.19622964867180806,0.6952870608397601,0.10848329048843187
28077,0.19866237304929402,0.6792172405251424,0.12212038642556354
28078,0.2050125313283208,0.6839598997493734,0.11102756892230577
28079,0.18877911079745943,0.6944248412138321,0.11679604798870855
28080,0.19915061428788108,0.6754133171545579,0.12543606855756104
28082,0.21339403730356882,0.6770450873843442,0.10956087531208694
28083,0.2012063765618268,0.6945282205945713,0.10426540284360189
28084,0.24237382140876318,0.6744315030504714,0.08319467554076539
28085,0.18683237469186526,0.6651602300739523,0.1480073952341824
28086,0.1740182393448725,0.6272566536385632,0.1987251070165643
28087,0.23981191222570533,0.6702194357366771,0.08996865203761756
28088,0.2211340206185567,0.6737113402061856,0.10515463917525773
28089,0.1825063078216989,0.6518082422203533,0.16568544995794784
28090,0.18332658842573857,0.7159044921084581,0.10076891946580332
28091,0.20036548753426445,0.6838532828612452,0.11578122960449028
28092,0.1930159833217512,0.6723419041000694,0.1346421125781793
28093,0.1962286387743076,0.7027527569660745,0.10101860425961781
28094,0.2067319768902286,0.683747802059784,0.10952022104998745
28095,0.21510416666666668,0.6901041666666666,0.09479166666666666
28096,0.17641743844590016,0.71764174384459,0.10594081770950983
28097,0.20458772473651582,0.6658400495970241,0.12957222566646
28098,0.19855595667870035,0.7087845968712395,0.09265944645006016
28099,0.18381154222367135,0.6641669383762635,0.1520215194000652
28100,0.1895947272472304,0.6547936240826439,0.15561164867012575
28101,0.20421299005266239,0.6937780378388921,0.10200897210844548
28102,0.22693266832917705,0.6708229426433915,0.10224438902743142
28103,0.1909221902017291,0.6771305063812268,0.13194730341704405
28104,0.21529745042492918,0.6832507082152974,0.10145184135977336
28105,0.23314881146206448,0.660371214588082,0.10647997394985347
28106,0.1842828138062821,0.6886420637764242,0.12707512241729368
28107,0.19199021705900338,0.7094160807092632,0.09859370223173342
29001,0.20237087214225233,0.6563928873835733,0.14123624047417443
29002,0.24166009981612818,0.6853165221959548,0.073023377987917
29003,0.20933977455716588,0.6731078904991948,0.11755233494363929
29004,0.20327276591223037,0.6821804271597067,0.1145468069280629
29005,0.27882960413080893,0.6333907056798623,0.08777969018932874
29006,0.23370981754995657,0.6894005212858384,0.07688966116420504
29007,0.23240469208211142,0.6840175953079178,0.08357771260997067
29008,0.22955974842767296,0.6698113207547169,0.10062893081761007
29009,0.2438133874239351,0.6754563894523327,0.08073022312373225
29010,0.2400990099009901,0.6745049504950495,0.0853960396039604
29011,0.24641833810888253,0.6712034383954155,0.08237822349570201
29012,0.2065828204442066,0.6697886004816698,0.12362857907412363
29013,0.22522522522522523,0.6781326781326781,0.09664209664209664
29014,0.23071672354948805,0.6873720136518772,0.08191126279863481
29015,0.21951970443349753,0.6776477832512315,0.10283251231527094
29017,0.24270428015564202,0.6819066147859922,0.07538910505836575
29018,0.2498917280207882,0.6513642269380684,0.09874404504114336
29019,0.24833029751062538,0.6654523375834851,0.0862173649058895
29021,0.2622560685387911,0.6496906235126131,0.08805330794859591
29022,0.2223436219612128,0.6700355094236548,0.10762086861513248
29023,0.24353954581049334,0.6773688332028192,0.07909162098668755
29024,0.23054270088346657,0.663441312578881,0.1060159865376525
29025,0.25268817204301075,0.6376344086021506,0.10967741935483871
29026,0.23032490974729242,0.6808664259927798,0.0888086642599278
29027,0.233523611831863,0.6844836533471718,0.08199273482096522
29028,0.21878025169409487,0.6795740561471443,0.10164569215876089
29029,0.22795418567836856,0.6693360648105038,0.10270974951112767
29030,0.24782748632121018,0.6797553910524622,0.07241712262632764
29031,0.21690231362467866,0.7001928020565553,0.08290488431876607
29032,0.23372597644141352,0.6751394916305021,0.09113453192808431
29033,0.18601747815230962,0.6799536293918317,0.13402889245585875
29034,0.2350230414746544,0.6712749615975423,0.09370199692780339
29035,0.22340425531914893,0.6900709219858157,0.08652482269503546
29036,0.2492725509214355,0.6692531522793405,0.08147429679922405
29037,0.1940129906805987,0.698390285230161,0.10759672408924033
29038,0.1888454011741683,0.6790606653620352,0.13209393346379647
29039,0.2731577731577732,0.6755601755601756,0.05128205128205128
29040,0.23917105486665535,0.6764056395447596,0.08442330558858502
29041,0.17149666751033493,0.6355353075170843,0.19296802497258078
29042,0.23776223776223776,0.6813186813186813,0.08091908091908091
29043,0.21294363256784968,0.7004175365344467,0.08663883089770355
29044,0.23810864058542078,0.6771742189698846,0.08471714044469462
29045,0.22393162393162394,0.6663247863247863,0.10974358974358975
29046,0.24095263437998934,0.682410856838744,0.07663650878126663
29047,0.26058631921824105,0.6416938110749185,0.09771986970684039
29048,0.22258844210063722,0.6807295099978027,0.0966820479015601
29049,0.20934579439252338,0.6635514018691588,0.12710280373831775
29050,0.21871657754010695,0.681283422459893,0.1
29051,0.2603911980440098,0.6735941320293398,0.06601466992665037
29052,0.23356654109325747,0.6844775889905436,0.08195586991619896
30001,0.20213281628696073,0.6737760542898691,0.12409112942317015
30002,0.1692111959287532,0.7099236641221374,0.12086513994910941
30003,0.24971493728620298,0.6727480045610034,0.07753705815279362
30004,0.19986675549633579,0.6878747501665556,0.11225849433710859
30005,0.18583162217659138,0.7191991786447639,0.09496919917864477
30006,0.17504587155963303,0.6939449541284404,0.1310091743119266
30007,0.19912609238451934,0.6947565543071161,0.10611735330836454
30008,0.21259600614439325,0.6798771121351767,0.10752688172043011
30009,0.23113304544519844,0.6543286037425458,0.11453835081225582
30010,0.23468931604827895,0.6705409029950827,0.09476978095663835
30011,0.2327485380116959,0.6766081871345029,0.09064327485380116
30012,0.19970631424375918,0.7077826725403817,0.09251101321585903
30013,0.17950435365036838,0.7026121902210315,0.11788345612860013
30014,0.1728293618186798,0.6820049301561216,0.14516570802519857
30015,0.19680111265646733,0.7114047287899861,0.0917941585535466
30016,0.15886952942790505,0.6550967210865688,0.18603374948552615
30018,0.236903831118061,0.6966379984362784,0.06645817044566067
30019,0.19583333333333333,0.6871212121212121,0.11704545454545455
30020,0.22254169062679702,0.6863139735480162,0.09114433582518688
30021,0.18543799772468714,0.714448236632537,0.10011376564277588
30022,0.20358306188925082,0.7231270358306189,0.0732899022801303
30023,0.16666666666666666,0.6917376222011984,0.14159571113213498
30024,0.21221864951768488,0.6945337620578779,0.0932475884244373
30025,0.19761499148211242,0.7018739352640545,0.10051107325383304
30026,0.15965732087227413,0.6819509345794392,0.1583917445482866
30027,0.19107978038365078,0.6684064258116993,0.1405137938046499
30028,0.20224719101123595,0.6726917440156326,0.1250610649731314
30029,0.2191142191142191,0.6946386946386947,0.08624708624708624
30030,0.19610522719508028,0.7044755722582849,0.09941920054663478
30031,0.20627572016460904,0.6862139917695473,0.10751028806584362
30032,0.24242424242424243,0.662004662004662,0.09557109557109557
30033,0.3,0.6333333333333333,0.06666666666666667
30034,0.29292929292929293,0.6767676767676768,0.030303030303030304
30035,0.19490131578947367,0.7105263157894737,0.09457236842105263
30036,0.19574306347396428,0.6826301786393006,0.12162675788673508
30037,0.19502733204020456,0.6584376653147593,0.14653500264503616
30039,0.23586744639376217,0.6676413255360624,0.09649122807017543
30040,0.2125506072874494,0.728744939271255,0.058704453441295545
30041,0.20956719817767655,0.7004555808656037,0.08997722095671981
30042,0.2958015267175573,0.6526717557251909,0.05152671755725191
30043,0.18702136235388955,0.6778516727126159,0.13512696493349455
30044,0.21902552204176334,0.6890951276102089,0.09187935034802784
30045,0.22695035460992907,0.7021276595744681,0.07092198581560284
30046,0.19067282001457372,0.6952473483928426,0.1140798315925836
30047,0.2527821939586645,0.6883942766295708,0.058823529411764705
30048,0.22158107328332372,0.6806116560877091,0.0978072706289671
30049,0.16304347826086957,0.697360248447205,0.13959627329192548
30051,0.22552447552447552,0.6975524475524476,0.07692307692307693
30052,0.18805829807240246,0.6948754113775271,0.11706629055007052
30053,0.2010948905109489,0.6863138686131387,0.11259124087591241
30054,0.16056670602125148,0.731995277449823,0.10743801652892562
30055,0.21796835119959163,0.6879360217798196,0.09409562702058874
30056,0.2690233672857999,0.6542840023966447,0.07669263031755542
30057,0.18348480100282044,0.6407082419304293,0.17580695706675023
30058,0.24232365145228216,0.6489626556016598,0.1087136929460581
30059,0.1949481865284974,0.6794041450777202,0.12564766839378239
30060,0.16764132553606237,0.7056530214424951,0.1267056530214425
30061,0.19305856832971802,0.6919739696312365,0.11496746203904555
30062,0.191231548799295,0.6915620180656532,0.11720643313505177
30063,0.1853146853146853,0.5987762237762237,0.2159090909090909
30064,0.23251670378619155,0.6792873051224945,0.08819599109131403
30065,0.21161825726141079,0.6887966804979253,0.0995850622406639
30066,0.1763157894736842,0.7225563909774436,0.10112781954887218
30067,0.20380273321449793,0.7106357694592988,0.0855614973262032
30068,0.16491154170176917,0.6255265374894693,0.20956192080876157
30069,0.24185372918175235,0.6806661839246922,0.0774800868935554
30070,0.18624873609706774,0.6695652173913044,0.14418604651162792
30071,0.21903242955874536,0.6943115364167995,0.08665603402445508
30072,0.1571247552125331,0.6625964750604769,0.18027876972698997
30073,0.23238180196253344,0.7221231043710973,0.045495093666369314
30074,0.21184815950920247,0.6706288343558282,0.11752300613496933
30075,0.2361541869738591,0.687195392113425,0.076650420912716
30076,0.2,0.7144,0.0856
30077,0.21086398631308811,0.7065868263473054,0.0825491873396065
30078,0.20362704514094224,0.671003351074315,0.12536960378474277
30079,0.20318600655942526,0.6664063720131188,0.13040762142745588
30080,0.16284052647689012,0.672482399755127,0.16467707376798285
30081,0.22761194029850745,0.6840796019900498,0.08830845771144279
30082,0.21726408193123628,0.6912948061448427,0.091441111923921
30083,0.18954945347907226,0.6899493468408424,0.12050119968008531
30084,0.2109704641350211,0.7046413502109705,0.08438818565400844
30085,0.175,0.7147058823529412,0.11029411764705882
30086,0.23493234932349324,0.6937269372693727,0.07134071340713408
30087,0.19133034379671152,0.7055306427503737,0.1031390134529148
30088,0.21008403361344538,0.707983193277311,0.0819327731092437
30089,0.16745283018867924,0.714622641509434,0.1179245283018868
30090,0.17670682730923695,0.6979027219991075,0.1253904506916555
30091,0.17579097049413436,0.6864557412015642,0.13775328830430145
30092,0.2452193475815523,0.6839145106861643,0.07086614173228346
30093,0.27419354838709675,0.6491935483870968,0.07661290322580645
30094,0.17329545454545456,0.7556818181818182,0.07102272727272728
30095,0.1910913140311804,0.6864142538975501,0.12249443207126949
30097,0.1913613996719519,0.7162383816293056,0.09240021869874249
30098,0.2049429657794677,0.6897338403041825,0.10532319391634981
30099,0.17568470273881096,0.682565130260521,0.141750167000668
30100,0.19800528014080376,0.6950718685831622,0.10692285127603403
30101,0.21991919901633586,0.6892675215176532,0.0908132794660109
30102,0.14129353233830846,0.7432835820895523,0.1154228855721393
30103,0.15195586760280844,0.7211634904714143,0.12688064192577733
30104,0.23041261010662958,0.6666666666666666,0.10292072322670376
30105,0.20140105078809106,0.7031523642732049,0.09544658493870403
30106,0.20335700451904454,0.6701097482246611,0.1265332472562944
30107,0.19505494505494506,0.7225274725274725,0.08241758241758242
30108,0.28735632183908044,0.646551724137931,0.06609195402298851
30109,0.23541305603697285,0.6770652801848642,0.08752166377816291
30110,0.1919805589307412,0.7120291616038882,0.0959902794653706
30111,0.16161616161616163,0.7542087542087542,0.08417508417508418
30112,0.19686411149825783,0.7134146341463414,0.0897212543554007
30113,0.1889908256880734,0.7321100917431193,0.07889908256880734
30114,0.21801208127402527,0.6883580450302031,0.09362987369577155
30116,0.17776701380479534,0.6919350932429159,0.1302978929522887
30117,0.1548590992889123,0.7266262839083487,0.118514616802739
30118,0.15328894417209335,0.6491548986610083,0.19755615716689837
30120,0.21453692848769051,0.681516217272372,0.10394685423993748
30121,0.1565526145900581,0.6881859264041317,0.1552614590058102
30122,0.20359897172236505,0.6915167095115681,0.10488431876606684
30123,0.22428064643279463,0.6972802522664564,0.07843910130074892
30124,0.21389028686462003,0.7101157523905385,0.07599396074484147
30126,0.17051842598376016,0.7145534041224235,0.11492816989381636
30127,0.1690698331919706,0.6709075487701441,0.1600226180378852
30128,0.24013605442176872,0.6510204081632653,0.10884353741496598
30129,0.13575431811477828,0.6237204068478035,0.2405252750374182
30130,0.21709741550695824,0.6803180914512923,0.1025844930417495
30131,0.18211206896551724,0.7316810344827587,0.08620689655172414
30132,0.18898623279098872,0.7083854818523154,0.10262828535669587
30133,0.19774288518155053,0.7001962708537782,0.10206084396467124
30135,0.17066666666666666,0.716,0.11333333333333333
30136,0.1835564053537285,0.7151051625239006,0.10133843212237094
30137,0.1939655172413793,0.7222906403940886,0.08374384236453201
30138,0.18080149114631874,0.7166821994408201,0.10251630941286113
30188,0.21597938144329898,0.6926116838487972,0.09140893470790377
30189,0.20081632653061224,0.6808163265306122,0.11836734693877551
30190,0.20138771365713318,0.6911490946014555,0.1074631917414114
30191,0.21630094043887146,0.725705329153605,0.05799373040752351
31001,0.15690104166666666,0.70703125,0.13606770833333334
31002,0.15236838246077136,0.7213667693210148,0.12626484821821382
31003,0.13650546021840873,0.7129485179407177,0.15054602184087362
31004,0.19607843137254902,0.6928104575163399,0.1111111111111111
31005,0.10936517913262099,0.7479572595851666,0.14267756128221246
31006,0.1471004243281471,0.745049504950495,0.10785007072135785
31007,0.1218232393475787,0.6985396383866481,0.17963712226577316
31008,0.12278650183762112,0.7136652188439693,0.16354827931840962
31009,0.13823767178658045,0.7270277553220156,0.13473457289140395
31010,0.1339541547277937,0.7671919770773639,0.0988538681948424
31011,0.17307692307692307,0.7183257918552036,0.1085972850678733
31012,0.1528841820639928,0.7182664864052877,0.12884933153071954
31013,0.16792738275340394,0.735249621785174,0.09682299546142209
31014,0.13737796373779637,0.7329149232914923,0.1297071129707113
31015,0.15552961774146484,0.7274584184417858,0.11701196381674935
31016,0.13307400036185996,0.7300524696942283,0.1368735299439117
31017,0.12108055957549445,0.7240713941148095,0.1548480463096961
31018,0.1666078362160254,0.7375573596893752,0.09583480409459937
31019,0.14486638537271448,0.7130801687763713,0.1420534458509142
31020,0.1397318278052223,0.7219477769936485,0.13832039520112915
31021,0.17041800643086816,0.7245444801714899,0.10503751339764202
31022,0.13216957605985039,0.7468827930174564,0.12094763092269327
31023,0.14330079858030167,0.7156166814551908,0.14108251996450755
31024,0.13621013133208254,0.751219512195122,0.1125703564727955
31025,0.1684958037443512,0.7333763718528082,0.09812782440284054
32001,0.09813789632611977,0.6887267237040765,0.21313537996980372
32002,0.11042183622828784,0.6985111662531017,0.19106699751861042
32003,0.13380224094217716,0.7400834219350617,0.1261143371227611
32004,0.1327005397357156,0.7401823934487252,0.1271170668155593
32005,0.08663497094558902,0.728473322768093,0.184891706286318
32006,0.11250601250601251,0.676404254182032,0.21108973331195555
33001,0.19181034482758622,0.6761853448275862,0.1320043103448276
33002,0.19963159106608336,0.7025097858623072,0.09785862307160949
33003,0.23442808607021517,0.6625141562853907,0.10305775764439411
33004,0.23184917769755314,0.6831127156036904,0.08503810669875651
33005,0.225114854517611,0.6738131699846861,0.10107197549770292
33006,0.19838056680161945,0.7,0.10161943319838057
33007,0.18633652629676487,0.6927525754563528,0.12091089824688234
33008,0.19858156028368795,0.7056737588652482,0.09574468085106383
33010,0.21760110294117646,0.6886488970588235,0.09375
33011,0.19726452340665537,0.6803440496333897,0.12239142695995488
33012,0.18238847583643122,0.6796003717472119,0.13801115241635686
33013,0.1857365549493375,0.7011691348402183,0.11309431021044428
33014,0.1990241919089246,0.687741410855865,0.11323439723521041
33015,0.22608695652173913,0.7217391304347827,0.05217391304347826
33016,0.2584692597239649,0.6474278544542033,0.09410288582183186
33017,0.24855491329479767,0.6820809248554913,0.06936416184971098
33018,0.19938650306748465,0.6878244454931571,0.11278905143935819
33019,0.3090047393364929,0.6113744075829384,0.07962085308056872
33020,0.28110599078341014,0.6285714285714286,0.09032258064516129
33021,0.19092354386472032,0.6636074577251048,0.14546899841017488
33022,0.15965965965965967,0.6591591591591591,0.18118118118118118
33023,0.15743879472693031,0.6668549905838042,0.17570621468926553
33024,0.186810551558753,0.6908872901678657,0.1223021582733813
33025,0.23236309817464232,0.6650222002960039,0.10261470152935373
33026,0.21363761341765192,0.6961781688204565,0.09018421776189167
33027,0.22039265357821405,0.6717331644500739,0.10787418197171206
33028,0.28688524590163933,0.6358313817330211,0.07728337236533958
33030,0.29357798165137616,0.6261467889908257,0.08027522935779817
33032,0.16360332953057,0.6408395656399206,0.19555710482950944
33033,0.19579050416054822,0.688203622124327,0.11600587371512482
33034,0.2168458781362007,0.6541218637992832,0.12903225806451613
33035,0.18124328839040688,0.6932346975301277,0.12552201407946545
33036,0.1957720588235294,0.7035845588235294,0.10064338235294118
33037,0.2005,0.6825,0.117
33038,0.16878980891719744,0.6803154382772217,0.15089475280558082
33039,0.17305116528261452,0.7035449593713724,0.12340387534601303
33040,0.2077350181887804,0.6760482481332567,0.11621673367796286
33041,0.23451910408432147,0.6785243741765481,0.08695652173913043
33042,0.1915991156963891,0.7100221075902726,0.09837877671333825
33043,0.18622696411251213,0.6576139670223085,0.15615906886517944
33044,0.2188976377952756,0.6724409448818898,0.10866141732283464
33045,0.19218158890290038,0.705422446406053,0.10239596469104666
33046,0.1967520299812617,0.6908182386008744,0.11242973141786383
33047,0.37142857142857144,0.5714285714285714,0.05714285714285714
33048,0.18071768266320795,0.6969303934284479,0.12235192390834414
33049,0.24264178033022255,0.6503948312993539,0.10696338837042355
34001,0.20502306509482318,0.6955407483341876,0.09943618657098924
34002,0.26506639427987744,0.6593462717058223,0.0755873340143003
34003,0.22659113628790403,0.6827724091969344,0.09063645451516161
34004,0.21232876712328766,0.684404636459431,0.10326659641728135
34005,0.33534743202416917,0.5981873111782477,0.06646525679758308
34006,0.20263901979264845,0.6671379202010682,0.1302230600062834
34007,0.22449305444675074,0.6661344403640428,0.10937250518920645
34008,0.2078740157480315,0.6829396325459317,0.10918635170603674
34009,0.18664076509264793,0.6537656903765691,0.15959354453078303
34010,0.1862900280043833,0.7014489224400341,0.11226104955558261
34011,0.216,0.698,0.086
34012,0.2549609140108238,0.6656644618159951,0.079374624173181
34013,0.1899540148567386,0.6748024997052234,0.13524348543803796
34014,0.18244197780020183,0.6561453077699294,0.16141271442986882
34015,0.21301316808675447,0.6746707978311387,0.1123160340821069
34016,0.185156401787449,0.6986594132504371,0.11618418496211386
34017,0.2252516010978957,0.6587374199451053,0.11601097895699909
34018,0.20307692307692307,0.6824615384615385,0.11446153846153846
34019,0.1693099014144878,0.6903129018431204,0.14037719674239177
34020,0.19359725308018583,0.6947081397697434,0.1116946071500707
34022,0.2506172839506173,0.6864197530864198,0.06296296296296296
34023,0.18039937960449787,0.6695424583171772,0.15005816207832492
34024,0.22513252260679764,0.6828811973807296,0.09198628001247272
34025,0.1780048176758867,0.6748068776476451,0.14718830467646815
34026,0.23576423576423577,0.6873126873126874,0.07692307692307693
34027,0.15499903253448324,0.6007518589158858,0.24424910854963097
34028,0.2649945474372955,0.6477644492911668,0.08724100327153762
34030,0.23804226918798665,0.6588802373007044,0.10307749351130886
34031,0.18490847964138962,0.6705267090026149,0.14456481135599553
34032,0.1680350005401318,0.6953116560440747,0.13665334341579347
34033,0.18656437125748504,0.6893712574850299,0.12406437125748503
34035,0.23510971786833856,0.6858934169278997,0.07899686520376176
34036,0.18713185319438153,0.707068418667875,0.10579972813774355
34038,0.19742883379247014,0.6978879706152433,0.1046831955922865
34039,0.20761421319796955,0.6908629441624365,0.10152284263959391
34040,0.20870535714285715,0.7008928571428571,0.09040178571428571
34041,0.18070921985815602,0.708936170212766,0.11035460992907802
34042,0.17198905109489052,0.6784899635036497,0.14952098540145986
34044,0.26522593320235754,0.6404715127701375,0.09430255402750491
34045,0.20398009950248755,0.6849087893864013,0.1111111111111111
34046,0.2850595783684693,0.6516956920256646,0.06324472960586618
34049,0.2011866979439768,0.6864909617772872,0.11232234027873603
34050,0.20481927710843373,0.7077452667814114,0.08743545611015491
34051,0.19644820295983087,0.6868498942917548,0.11670190274841438
35001,0.17548340021889822,0.6249543962057643,0.19956220357533747
35002,0.21195960512878703,0.6737773743333711,0.11426302053784182
35003,0.2360372340425532,0.6831781914893617,0.08078457446808511
35004,0.20365840689141762,0.6905243007550782,0.1058172923535042
35005,0.19917184265010351,0.686128364389234,0.11469979296066253
35006,0.19907048799380325,0.7041053446940356,0.09682416731216112
35008,0.2035145075602779,0.7058643236616264,0.09062116877809563
35009,0.21492007104795738,0.6830471679494771,0.10203276100256561
35010,0.21434528773978315,0.6939115929941618,0.09174311926605505
35011,0.22228275674203216,0.6701171342958322,0.10760010896213566
35012,0.20305676855895197,0.7073661227304068,0.08957710871064123
35013,0.21255924170616114,0.6725118483412322,0.11492890995260663
35014,0.17742845058508389,0.7164105456083463,0.10616100380656986
35015,0.2183198250353789,0.6851923324327801,0.09648784253184099
35016,0.18720083246618105,0.682414151925078,0.13038501560874088
35017,0.21098997907719413,0.6730536284550159,0.1159563924677899
35018,0.21565217391304348,0.6889855072463769,0.0953623188405797
35020,0.1984825493171472,0.6574897030132235,0.1440277476696293
35021,0.21305500331345262,0.68870112657389,0.0982438701126574
35022,0.2072157159047979,0.6834151870041556,0.10936909709104647
35023,0.19681124635693467,0.7076975827190125,0.0954911709240528
35024,0.19415694046832563,0.6729061146590325,0.13293694487264185
35026,0.22050955414012738,0.678343949044586,0.10114649681528662
35027,0.2009132420091324,0.6665628891656289,0.1325238688252387
35028,0.21642995480955454,0.677453195610071,0.10611684958037443
35029,0.2112890922959573,0.6834477498093059,0.10526315789473684
35030,0.19486886183511726,0.6623090121741972,0.1428221259906855
35032,0.20906171958615768,0.6966345582114402,0.09430372220240218
35033,0.16703300904069268,0.6537140745554515,0.17925291640385582
35034,0.2152765267519366,0.6935687263556116,0.09115474689245182
35035,0.2023906547133931,0.687041564792176,0.11056778049443086
35036,0.19052485582889261,0.675231768742244,0.13424337542886342
35037,0.1951444781633461,0.6875577252935744,0.11729779654307956
35038,0.2076923076923077,0.6877622377622378,0.10454545454545454
35039,0.2054873925224616,0.6719157569316975,0.12259685054584098
35040,0.20062932662051605,0.6762324312985106,0.12313824208097336
35041,0.24528301886792453,0.6854484362884466,0.06926854484362885
35042,0.24641148325358853,0.6650717703349283,0.08851674641148326
35043,0.20526315789473684,0.6807017543859649,0.11403508771929824
35044,0.1832109798914778,0.7073092882221513,0.10947973188637089
35045,0.24774774774774774,0.6702702702702703,0.08198198198198198
35046,0.239555790586991,0.6708090957165521,0.0896351136964569
36001,0.20461699895068206,0.6783840503672612,0.11699895068205667
36002,0.1939179783702752,0.6992183317271656,0.10686368990255916
36003,0.2071698113207547,0.6670440251572327,0.12578616352201258
36004,0.22010688042752172,0.6743486973947895,0.10554442217768871
36005,0.19769670807359666,0.6603776432765309,0.14192564864987245
36006,0.19476048395029344,0.681858421587593,0.12338109446211351
36007,0.1902635748235633,0.6529598156416535,0.15677660953478323
36008,0.20865337870685463,0.6693242586290714,0.12202236266407389
36009,0.22059048493192596,0.6700321248279028,0.10937739024017133
36010,0.2211915338385158,0.6770316174549256,0.10177684870655866
36011,0.20050125313283207,0.6931614751163623,0.10633727175080558
36012,0.20689655172413793,0.6733477011494253,0.11975574712643679
36013,0.22340833546407568,0.6762336998210177,0.10035796471490667
36014,0.2122854561878952,0.6856368563685636,0.1020776874435411
36015,0.18385100970446908,0.6567632926101568,0.1593856976853742
36016,0.22865671641791044,0.697910447761194,0.07343283582089552
36017,0.20723336853220697,0.6863780359028511,0.10638859556494192
36018,0.23070834982192323,0.6778789077958053,0.09141274238227147
36019,0.20357366771159874,0.682884012539185,0.1135423197492163
36020,0.22174622603019176,0.6813545491636067,0.09689922480620156
36021,0.20146084593171396,0.6692712756922031,0.1292678783760829
36022,0.20354654279078077,0.6491870644988387,0.14726639271038056
36023,0.17284051364852498,0.6050234033003609,0.2221360830511142
36024,0.2698961937716263,0.6459054209919262,0.08419838523644751
36025,0.25,0.6658215010141988,0.08417849898580122
36026,0.24177631578947367,0.6713815789473684,0.0868421052631579
36027,0.20056764427625354,0.6754291120421678,0.1240032436815786
36028,0.23708595164554266,0.6735541591223773,0.08935988923208009
36029,0.23381294964028776,0.670606372045221,0.09558067831449127
36030,0.19702313348078188,0.6783429971905075,0.12463386932871062
36031,0.1843687374749499,0.7079158316633266,0.10771543086172344
36032,0.2749163879598662,0.6421404682274248,0.08294314381270904
36033,0.2064036592338479,0.7006861063464837,0.09291023441966838
36034,0.20153819262366718,0.6858940744625066,0.11256773291382625
36035,0.22647527910685805,0.6682615629984051,0.10526315789473684
36036,0.20151465261771484,0.6769838656568983,0.1215014817253869
36037,0.19913025889967637,0.6841626213592233,0.11670711974110032
36038,0.2290519877675841,0.6730886850152905,0.09785932721712538
36039,0.21124729632299927,0.6928622927180966,0.0958904109589041
36040,0.20446442824455915,0.670355983610919,0.1251795881445219
36041,0.21197150735294118,0.6879595588235294,0.10006893382352941
36042,0.19461567492766385,0.7036105170461693,0.10177380802616681
36043,0.20711835334476844,0.6788164665523156,0.11406518010291596
36044,0.20318669899549704,0.6809144440595775,0.11589885694492554
36045,0.2140127388535032,0.670488322717622,0.11549893842887474
36046,0.20297071842015663,0.6669645897173987,0.13006469186244468
36047,0.21628558096126924,0.6859542697153523,0.09776014932337844
37001,0.1946467749012725,0.6745941202281702,0.13075910487055725
37002,0.1830007716900011,0.6805203395436005,0.1364788887663984
37003,0.20474732006125573,0.6886676875957121,0.10658499234303216
37005,0.18494582778939364,0.6844706329595134,0.13058353925109295
37006,0.140484287249244,0.552111833578874,0.3074038791718821
37007,0.203125,0.6891622340425532,0.1077127659574468
37008,0.18491498499735248,0.6560569512266871,0.15902806377596046
37009,0.18043790954131372,0.6804379095413138,0.13912418091737255
37010,0.21083284799068142,0.6901572510192195,0.09900990099009901
37011,0.17507507507507508,0.610930930930931,0.213993993993994
37012,0.22483328040647824,0.6595744680851063,0.11559225150841537
37013,0.21337755666113875,0.6943062465450525,0.09231619679380873
37014,0.21561668145519078,0.6601597160603372,0.12422360248447205
37015,0.18693982074263765,0.6891805377720871,0.12387964148527529
37016,0.17977799227799227,0.6916023166023166,0.12861969111969113
37017,0.17661488143908421,0.7092395748160262,0.11414554374488961
37019,0.17015463318218813,0.6509126845715615,0.17893268224625045
37020,0.1915501740892792,0.6522891441043497,0.15616068180637116
37021,0.1802084042770551,0.6267111625689573,0.1930804331539876
37022,0.215197329668172,0.6895739249950913,0.0952287453367367
37024,0.18699705202772687,0.688391363237989,0.12461158473428412
37025,0.1810245429089112,0.6852248394004282,0.13375061769066052
37026,0.2195796460176991,0.6891592920353983,0.09126106194690266
37027,0.20539095566941412,0.6936957006014702,0.10091334372911562
37028,0.19937143979571795,0.6916126497741112,0.10901591043017089
37030,0.1601383484651967,0.6614785992217899,0.1783830523130134
37031,0.19583675705286224,0.6894001643385373,0.11476307860860038
37032,0.17259935054894077,0.6465285294572445,0.18087211999381475
37033,0.19603097773475314,0.681026137463698,0.12294288480154889
37034,0.1739343459088682,0.6954924056834885,0.1305732484076433
37035,0.20308788598574823,0.6866983372921616,0.11021377672209026
37036,0.18936772569990562,0.6745832022648631,0.1360490720352312
37037,0.19395629336618897,0.6837429479281499,0.12230075870566111
37038,0.18224924012158056,0.6916717325227963,0.1260790273556231
37039,0.20123924268502583,0.6928055077452668,0.10595524956970741
37040,0.19424054206662902,0.6998870694522868,0.10587238848108413
37041,0.17236614853195165,0.6984455958549223,0.12918825561312608
37042,0.16879795396419436,0.6820775132795593,0.14912453275624632
37044,0.1832188913079886,0.7023949087255066,0.11438619996650477
37045,0.21227080394922426,0.6741889985895627,0.11354019746121298
37046,0.18213430183138862,0.6512634263194498,0.16660227184916157
37047,0.18049666868564507,0.6387038158691702,0.18079951544518474
37048,0.19380664652567975,0.6560422960725075,0.1501510574018127
37050,0.18076285240464346,0.7048092868988391,0.11442786069651742
37051,0.19593067068575734,0.702838482793268,0.10123084652097462
37052,0.18044580728859536,0.6727208397216653,0.14683335298973935
37053,0.18403701561596297,0.6593021014073646,0.15666088297667244
37054,0.16506289204899996,0.6017931623370225,0.23314394561397747
37055,0.18248175182481752,0.6797767282095319,0.13774151996565048
37056,0.1884462737027782,0.6846979273849773,0.1268557989122446
37057,0.18168750898375738,0.6488428920511715,0.16946959896507116
37059,0.21364349935778507,0.6836021121735407,0.10275438846867418
37060,0.17896213183730716,0.6408415147265077,0.18019635343618515
37061,0.18976976839797177,0.6769562834041387,0.13327394819788954
37062,0.1855990068280571,0.6814090626939789,0.132991930477964
38001,0.23461870649799318,0.6596555403139766,0.10572575318803028
38003,0.23367276625066993,0.658219125641222,0.10810810810810811
38004,0.19456625065162061,0.671429885621416,0.1340038637269633
38005,0.26023282012767557,0.651990236575291,0.08777694329703342
38006,0.24008211199694468,0.6783787654556739,0.08153912254738149
38007,0.24434269029132658,0.6500763156148384,0.10558099409383502
38008,0.17738252515861755,0.6004876775782486,0.22212979726313387
38010,0.2928853754940711,0.641897233201581,0.06521739130434782
38011,0.25899441340782126,0.6755307262569833,0.06547486033519553
38012,0.2385834109972041,0.6416589002795899,0.11975768872320597
38014,0.2898222940226171,0.649919224555735,0.060258481421647817
38017,0.2730418943533698,0.6500910746812386,0.07686703096539162
38018,0.21395400265369305,0.6780185758513931,0.10802742149491376
38019,0.24244372990353696,0.6567753789618741,0.10078089113458888
38022,0.22352608511239927,0.649370846882511,0.12710306800508978
38023,0.25187536064627813,0.6312752452394691,0.11684939411425274
38025,0.29552955295529554,0.6636663666366637,0.0408040804080408
38027,0.26688303582573963,0.6590937460991138,0.07402321807514667
38028,0.22746080139372823,0.6676829268292683,0.10485627177700349
38029,0.27086526403789885,0.6522223770377595,0.07691235892434165
38030,0.2381895763486742,0.6662602864980189,0.09555013715330692
39001,0.22267355982274742,0.671251846381093,0.10607459379615952
39002,0.2068359375,0.654296875,0.1388671875
39003,0.20554797635288768,0.6844020009095043,0.110050022737608
39004,0.21616042465349455,0.6707460925980536,0.11309348274845178
39005,0.21416666666666667,0.69375,0.09208333333333334
39006,0.19434669088432285,0.6769213304574867,0.1287319786581905
39007,0.18328979802067621,0.6733012030462455,0.14340899893307826
39008,0.2316126084970306,0.6774783005938785,0.09090909090909091
39009,0.20685111989459815,0.6624213145952277,0.1307275655101742
39010,0.18348808673516107,0.6425654268080508,0.1739464864567881
39011,0.23089214380825565,0.6673768308921438,0.10173102529960053
39012,0.19345637583892616,0.6510738255033557,0.15546979865771812
39013,0.20790448744339235,0.6870111156854672,0.10508439687114039
39014,0.17647461525822883,0.6599622104167807,0.16356317432499043
39015,0.19142590866728798,0.6896551724137931,0.11891891891891893
39016,0.20464041248110942,0.6659258600764513,0.12943372744243933
39017,0.18429003021148035,0.6858006042296072,0.1299093655589124
39018,0.2238514173998045,0.6654447702834799,0.11070381231671554
40001,0.2038853262919653,0.6901169370049038,0.1059977367031309
40003,0.19523202197586578,0.6768370450309036,0.12793093299323066
40004,0.1801498127340824,0.7303370786516854,0.08951310861423221
40005,0.1915294924554184,0.6759259259259259,0.1325445816186557
40007,0.18942030758281717,0.6350706684310607,0.1755090239861221
40008,0.19452325151103983,0.6719296081575593,0.13354714033140086
40009,0.21785397576115872,0.6961276973100798,0.08601832692876145
40011,0.19986357435197818,0.6978171896316507,0.10231923601637108
40012,0.18433455455934605,0.6367251505053666,0.1789402949352873
40013,0.20988767729769617,0.6590145117651882,0.13109781093711567
40014,0.22613737734165923,0.6628010704727921,0.11106155218554861
40015,0.2143581423646319,0.6791725816264449,0.10646927600892314
40016,0.19542790152403283,0.6937866354044548,0.11078546307151231
40018,0.21367521367521367,0.6752136752136753,0.1111111111111111
40019,0.2127613002079457,0.6724307759658531,0.11480792382620116
40020,0.20644447954509557,0.692623598167746,0.10093192228715843
40022,0.20481927710843373,0.6938775510204082,0.1013031718711581
40028,0.21361058601134217,0.6509136735979836,0.13547574039067423
40031,0.25507246376811593,0.6536231884057971,0.09130434782608696
40032,0.21144619602467443,0.686771761480466,0.10178204249485949
40033,0.2225475841874085,0.6691068814055637,0.10834553440702782
40036,0.19282774838330394,0.69782480893592,0.10934744268077601
40037,0.18434504792332268,0.7057507987220447,0.10990415335463259
40041,0.20772989782318968,0.6819191470457574,0.11035095513105286
40043,0.214838537496664,0.6789431545236189,0.10621830797971711
40044,0.22023047375160051,0.6856594110115237,0.0941101152368758
40045,0.20482809070958302,0.6756888563764936,0.11948305291392343
40046,0.229253112033195,0.6839557399723375,0.0867911479944675
40049,0.25092936802973975,0.6524163568773235,0.09665427509293681
40050,0.24984912492456246,0.6698853349426674,0.08026554013277007
41001,0.21600204498977504,0.6618098159509203,0.1221881390593047
41002,0.23751522533495736,0.658952496954933,0.10353227771010962
41005,0.21637426900584794,0.6666666666666666,0.11695906432748537
41006,0.2755905511811024,0.6122047244094488,0.11220472440944881
41007,0.21133816743572842,0.661964403427818,0.12669742913645352
41008,0.22562240663900415,0.6550829875518672,0.11929460580912864
41009,0.210595160235448,0.6618705035971223,0.12753433616742968
41010,0.2056987788331072,0.6877883310719132,0.10651289009497965
41013,0.17667339538041052,0.6211793708354919,0.2021472337840976
41014,0.18973008558262014,0.6448979591836734,0.16537195523370637
41015,0.20499882656653368,0.6504341703825393,0.144567003050927
41016,0.2641277641277641,0.6068796068796068,0.128992628992629
41017,0.2595419847328244,0.6106870229007634,0.1297709923664122
41018,0.21416083916083917,0.6748251748251748,0.11101398601398602
41019,0.20528533129069323,0.6623898889314439,0.1323247797778629
41020,0.16290393979637008,0.7084993359893759,0.12859672421425408
41021,0.20488721804511278,0.6466165413533834,0.14849624060150377
41022,0.23100303951367782,0.6664133738601824,0.10258358662613981
41023,0.21067415730337077,0.6573033707865169,0.13202247191011235
41025,0.24210526315789474,0.6356275303643725,0.12226720647773279
41026,0.20319148936170212,0.6872340425531915,0.10957446808510639
41027,0.1970241149307337,0.6906105695228322,0.11236531554643407
41028,0.21325231481481483,0.6568287037037037,0.12991898148148148
41029,0.2088175751668291,0.6670165704431281,0.12416585439004274
41030,0.2430471584038694,0.6690850463522773,0.08786779524385328
41031,0.26057529610829105,0.6429780033840947,0.09644670050761421
41034,0.22147083685545224,0.6724429416737109,0.10608622147083685
41035,0.24114173228346455,0.6437007874015748,0.11515748031496063
41036,0.18469451371571072,0.7097880299251871,0.10551745635910224
41038,0.20789370847987496,0.6694021101992966,0.12270418132082844
41041,0.18330605564648117,0.7004909983633388,0.11620294599018004
41043,0.22125181950509462,0.6524745269286754,0.12627365356623
41044,0.17273679051946894,0.6251002405773858,0.20216296890314533
41045,0.23567134268537074,0.6765531062124248,0.0877755511022044
41047,0.24089935760171305,0.658458244111349,0.1006423982869379
41048,0.26666666666666666,0.6578947368421053,0.07543859649122807
41049,0.2136150234741784,0.6631455399061033,0.12323943661971831
41051,0.20899408284023668,0.6695857988165681,0.12142011834319527
41054,0.24011956160743939,0.6615742278312853,0.09830621056127532
41057,0.18569844789356985,0.6801552106430155,0.13414634146341464
41058,0.22559171597633135,0.6678994082840237,0.10650887573964497
41061,0.2519774011299435,0.6440677966101694,0.103954802259887
41064,0.2186287192755498,0.6830530401034929,0.09831824062095731
41065,0.1922654964344487,0.7081733406472847,0.0995611629182666
41066,0.19727997498827576,0.6529623260903549,0.1497576989213694
41067,0.17524029219530948,0.5606305267204921,0.26412918108419836
41068,0.1971605387695668,0.6966872952311612,0.10615216599927194
41069,0.20463251670378618,0.6757238307349666,0.11964365256124722
41070,0.23559883961873188,0.661831744716121,0.10256941566514712
41071,0.212161860049184,0.6592890677397719,0.12854907221104403
42001,0.1952662721893491,0.6538461538461539,0.15088757396449703
42002,0.1666811515480717,0.6149375339489408,0.2183813145029875
42003,0.2507936507936508,0.6466422466422467,0.10256410256410256
42004,0.24895572263993315,0.6357560568086884,0.11528822055137844
42005,0.26024590163934425,0.6162909836065574,0.12346311475409837
42006,0.21086068673423083,0.6407502647103313,0.1483890485554379
42007,0.18193548387096775,0.6761290322580645,0.14193548387096774
42008,0.20793825799338478,0.6584343991179713,0.1336273428886439
42010,0.20870529202403873,0.6657914697473598,0.12550323822860143
42011,0.23600809170600134,0.6614969656102495,0.10249494268374916
42012,0.23222016079158936,0.6484230055658627,0.11935683364254793
42013,0.1961266523209345,0.6778358438364587,0.1260375038426068
42014,0.2058274187523347,0.6410907732536422,0.15308180799402316
42015,0.23886910062333036,0.6467052537845058,0.11442564559216385
42016,0.2576271186440678,0.6031476997578693,0.13922518159806296
42017,0.19304551956864616,0.6314418809375344,0.17551259949381945
42018,0.1930400798270414,0.6358722767337436,0.17108764343921504
42019,0.25296158908699296,0.6467631925332057,0.10027521837980137
42020,0.21946564885496184,0.6673027989821882,0.11323155216284987
42021,0.1953640578129261,0.6054813198800109,0.199154622307063
42022,0.20261710285047507,0.6435239206534422,0.15385897649608268
42023,0.23035087719298245,0.6303508771929824,0.1392982456140351
42024,0.22446808510638297,0.6542553191489362,0.12127659574468085
42025,0.19266947778138177,0.6386636393123581,0.16866688290626014
42026,0.24653579676674364,0.621824480369515,0.13163972286374134
42027,0.18725447402880838,0.652226102138804,0.1605194238323876
42029,0.20938628158844766,0.6490974729241877,0.14151624548736463
42030,0.18690248565965584,0.6591778202676865,0.15391969407265774
42031,0.2213066509711595,0.633313713949382,0.1453796350794585
42032,0.14997202014549524,0.6491326245103526,0.2008953553441522
42033,0.1944739638682253,0.640807651434644,0.1647183846971307
42034,0.2052288803714437,0.629522295970833,0.16524882365772334
42035,0.22500422940280831,0.6423616985281678,0.13263407206902386
42036,0.2560646900269542,0.6401617250673854,0.10377358490566038
42037,0.2565359477124183,0.6225490196078431,0.12091503267973856
42038,0.18501060570351166,0.655668159321235,0.15932123497525336
42040,0.2337363270005757,0.6499712147380541,0.11629245826137018
42041,0.2140221402214022,0.6257248286768582,0.16025303110173958
42042,0.21776155717761558,0.6557177615571776,0.12652068126520682
42043,0.24645057594428074,0.6490758103402089,0.10447361371551031
42044,0.23299922898997688,0.6515034695451041,0.11549730146491904
42045,0.18715393133997785,0.6068660022148394,0.2059800664451827
42046,0.24630690382876091,0.6424479951763642,0.11124510099487489
42047,0.2432656444260257,0.6286779941980937,0.12805636137588064
42048,0.18105922254109053,0.6164883902948083,0.20245238716410122
42049,0.2410575427682737,0.6246759979263867,0.13426645930533956
42050,0.21275050827766484,0.6787685158292187,0.10848097589311646
43002,0.26735751295336785,0.5937823834196891,0.138860103626943
43003,0.2510649627263046,0.6235356762513312,0.1253993610223642
43004,0.2178508514386377,0.6435701702877276,0.13857897827363477
43005,0.19117647058823528,0.75,0.058823529411764705
43006,0.18122127380170716,0.6506894287590282,0.1680892974392646
43007,0.17405970652723898,0.5525383707201889,0.2734019227525721
43008,0.2647058823529412,0.5987394957983193,0.13655462184873948
43009,0.18962172647914646,0.6488845780795345,0.1614936954413191
43010,0.2149122807017544,0.7236842105263158,0.06140350877192982
43011,0.25980392156862747,0.6372549019607843,0.10294117647058823
43012,0.2478519497686715,0.6321877065432915,0.11996034368803701
43013,0.19148716891682985,0.6315572503349479,0.1769555807482222
43014,0.22789425706472197,0.6289881494986327,0.1431175934366454
43015,0.23048789408236414,0.6381391266183893,0.13137297929924657
43016,0.2383073496659243,0.660913140311804,0.10077951002227171
43017,0.2694214876033058,0.6181818181818182,0.11239669421487604
43019,0.2023121387283237,0.6540049545829892,0.14368290668868702
43020,0.20850202429149797,0.6518218623481782,0.1396761133603239
43021,0.2768777614138439,0.5891016200294551,0.13402061855670103
43022,0.2678227360308285,0.5953757225433526,0.13680154142581888
43023,0.17966370978419172,0.5786310075466702,0.2417052826691381
43024,0.20193192272309107,0.6591536338546458,0.1389144434222631
43025,0.25080147965474725,0.6054254007398274,0.1437731196054254
43026,0.21988139825218478,0.6448189762796505,0.1352996254681648
43027,0.27450980392156865,0.696078431372549,0.029411764705882353
43028,0.22605824076853798,0.6438006604623236,0.1301410987691384
43029,0.24254215304798962,0.642023346303502,0.11543450064850844
43030,0.23266856600189934,0.6182336182336182,0.14909781576448244
43031,0.27169048650209326,0.6230691497040566,0.10524036379385016
43032,0.22354694485842028,0.6289120715350224,0.14754098360655737
43033,0.23360386049572274,0.6534327703443737,0.11296336915990349
43034,0.21141374837872892,0.6588845654993515,0.1297016861219196
43035,0.24647122692725298,0.5971769815418024,0.1563517915309446
43036,0.246189917936694,0.6260257913247362,0.12778429073856976
43038,0.2278797996661102,0.6861435726210351,0.08597662771285476
43039,0.18210862619808307,0.6794462193823216,0.13844515441959532
43040,0.3059360730593607,0.589041095890411,0.1050228310502283
43041,0.22970432404717142,0.6298068706204067,0.1404888053324218
43042,0.16406731870649396,0.6558287073750991,0.1801039739184069
43043,0.21486691490828852,0.6482554130464764,0.13687767204523513
43044,0.2082255561303673,0.622814278323849,0.16896016554578375
43045,0.2559055118110236,0.60498687664042,0.13910761154855644
43046,0.24426450742240216,0.6174089068825911,0.13832658569500675
43047,0.21728637826242403,0.6319270647121916,0.15078655702538435
43048,0.25404944586530265,0.6121057118499573,0.13384484228473997
43049,0.1952066689822855,0.6394581451893019,0.16533518582841264
43050,0.2570694087403599,0.6169665809768637,0.12596401028277635
43051,0.2077922077922078,0.6446280991735537,0.14757969303423848
43052,0.20682730923694778,0.6977911646586346,0.09538152610441768
43053,0.20672822443098277,0.6414750338175617,0.15179674175145563
43054,0.24964772193518084,0.6284640676373885,0.12188821042743071
43055,0.2341717259323504,0.6387684301821336,0.12705984388551606
43056,0.1917808219178082,0.6547945205479452,0.15342465753424658
43057,0.20084566596194503,0.6638477801268499,0.13530655391120508
43058,0.20876585928489041,0.6770472895040369,0.11418685121107267
44001,0.26142975893599335,0.6417290108063175,0.0968412302576891
44002,0.19394812680115273,0.6682997118155619,0.1377521613832853
44005,0.2335216572504708,0.6654111738857501,0.10106716886377903
44006,0.24871531346351491,0.6557040082219938,0.09558067831449127
44007,0.16941257457549336,0.6304268012849931,0.20016062413951355
44010,0.26193001060445387,0.5949098621420997,0.14316012725344646
44011,0.20025889967637542,0.6631715210355987,0.13656957928802588
44012,0.2026359143327842,0.658154859967051,0.13920922570016475
44013,0.2512990080302315,0.6324988190836088,0.11620217288615967
44014,0.19126010176593833,0.6644717150553726,0.144268183178689
44015,0.20315364869820315,0.6916024935826917,0.10524385771910524
44016,0.23076923076923078,0.6298076923076923,0.13942307692307693
44017,0.20865749052463595,0.6297626171952923,0.1615798922800718
44020,0.1623068499817496,0.6839031512349434,0.15378999878330696
44021,0.24752475247524752,0.6624662466246625,0.09000900090009001
44023,0.17637518583592376,0.6349506690093256,0.18867414515475064
44027,0.20075400565504242,0.6734213006597549,0.12582469368520263
44029,0.2380327868852459,0.6196721311475409,0.1422950819672131
44031,0.19913001449975834,0.6906718221362977,0.11019816336394393
44032,0.2254209668658338,0.6328082563824009,0.14177077675176533
44034,0.2422907488986784,0.6343612334801763,0.12334801762114538
44036,0.26040554962646745,0.6045891141942369,0.13500533617929564
44038,0.25925925925925924,0.6273148148148148,0.11342592592592593
44044,0.238,0.652,0.11
44045,0.20816395663956638,0.6757283197831978,0.11610772357723577
44054,0.20756829377519032,0.6394984326018809,0.1529332736229288
44056,0.24074074074074073,0.6728395061728395,0.08641975308641975
44063,0.2072880908370742,0.6406126221283338,0.15209928703459202
44064,0.22442057659694742,0.6890898812888637,0.08648954211418881
44065,0.24362244897959184,0.6415816326530612,0.11479591836734694
44066,0.16860675785850168,0.62856689917565,0.20282634296584837
44071,0.19714964370546317,0.6781472684085511,0.12470308788598575
44073,0.22308546059933407,0.6542730299667037,0.12264150943396226
45001,0.19075663805150728,0.7012377720103813,0.1080055899381114
45002,0.23706377858002406,0.6438026474127557,0.11913357400722022
45003,0.16731216111541442,0.6779276107316387,0.154760228152947
45004,0.25858369098712447,0.621244635193133,0.12017167381974249
45005,0.225,0.653125,0.121875
45006,0.22147971360381863,0.6639618138424821,0.11455847255369929
45007,0.23282110756741084,0.6545375471151058,0.11264134531748334
45008,0.1966651439013248,0.6694837825491092,0.13385107354956602
45009,0.19137892123674113,0.6993906567366283,0.10923042202663055
45010,0.17492176023503864,0.6795363096378617,0.1455419301270997
45011,0.18487042283076277,0.6877557444129682,0.127373832756269
45012,0.21523027815777473,0.6817145462836297,0.10305517555859553
45013,0.18501759678230267,0.7174459527400704,0.09753645047762695
45014,0.19887572166514736,0.6511698571862655,0.14995442114858706
45015,0.2252448313384113,0.6882480957562568,0.08650707290533188
45016,0.17840699815837938,0.6968232044198895,0.12476979742173112
45017,0.3563096500530223,0.5779427359490986,0.06574761399787911
46001,0.22095119245701608,0.6955768164170827,0.08347199112590127
46002,0.23836336336336336,0.6826201201201201,0.07901651651651652
46003,0.19943977591036416,0.6763025210084034,0.12425770308123249
46004,0.22036061911600446,0.6893250359023456,0.09031434498164992
46005,0.2012323064113239,0.6687427144046628,0.13002497918401332
46006,0.23396613648024628,0.6562339661364802,0.10979989738327348
46007,0.21571987679766563,0.6659873555498946,0.11829276765243973
46008,0.2997946611909651,0.6324435318275154,0.06776180698151951
46009,0.20101925254813138,0.6740279350698377,0.12495281238203096
46010,0.2391304347826087,0.6677018633540373,0.09316770186335403
46011,0.22330499688990255,0.6947957702674684,0.08189923284262907
46013,0.17128236002408187,0.6392233594220349,0.1894942805538832
46014,0.23251417769376181,0.6502835538752363,0.11720226843100189
46015,0.22523584905660377,0.6901533018867925,0.08461084905660378
46017,0.16729864644331383,0.6435394067389844,0.18916194681770182
46018,0.20311052605918775,0.6898737262932085,0.10701574764760373
46019,0.27680090754395914,0.6551332955190017,0.06806579693703914
46020,0.21761658031088082,0.6735751295336787,0.10880829015544041
46021,0.2031941031941032,0.6678132678132678,0.128992628992629
46022,0.22408874801901743,0.6887480190174327,0.08716323296354993
46023,0.22018348623853212,0.6817962337035248,0.09802028005794303
46024,0.18763736263736264,0.6648351648351648,0.14752747252747253
46025,0.20819748486259898,0.6781555659059152,0.1136469492314858
46026,0.21300752807602122,0.6902381833888683,0.09675428853511045
46027,0.1923377638780297,0.6810007818608288,0.1266614542611415
46028,0.2001192707445902,0.6910887715113307,0.10879195774407906
46030,0.25226860254083483,0.6798548094373865,0.06787658802177858
46031,0.24969400244798043,0.6866585067319462,0.06364749082007344
46033,0.1674942072161536,0.6658478370703322,0.16665795571351416
46034,0.26878612716763006,0.666907514450867,0.06430635838150289
46035,0.2410791993037424,0.6562228024369017,0.10269799825935597
46036,0.2794759825327511,0.6521106259097526,0.06841339155749636
46037,0.24922118380062305,0.6770508826583593,0.07372793354101766
47002,0.2543585427437778,0.6621377900685343,0.08350366718768787
47003,0.20389057750759879,0.675258358662614,0.12085106382978723
47005,0.25844643372798154,0.6543459428241409,0.08720762344787757
47006,0.25840797701537943,0.6570897414230185,0.08450228156160217
47007,0.20824881676808654,0.6852603110209601,0.10649087221095335
47008,0.2093346298096958,0.6703708848451174,0.12029448534518683
47009,0.24166709597650818,0.6662717016124877,0.09206120241100407
47010,0.24693220679943673,0.6571112452222893,0.09595654797827399
47011,0.1864664015072221,0.6517165585095248,0.16181703998325309
47012,0.2200200423115466,0.6554392606613962,0.12454069702705713
47013,0.217502618410334,0.6779937158151984,0.1045036657744676
47014,0.2046208559085376,0.6394491252356971,0.15593001885576532
47016,0.23151869443429546,0.6745828766289125,0.09389842893679211
47017,0.2400596822324381,0.6650939591902573,0.09484635857730463
47018,0.2327773749093546,0.6932559825960841,0.07396664249456128
47020,0.2167749016738315,0.6694411414982164,0.11378395682795207
47021,0.1773417964993268,0.6882092710136565,0.13444893248701673
47022,0.2427301129536169,0.6741167988464312,0.08315308819995193
47023,0.2396694214876033,0.6815426997245179,0.07878787878787878
47024,0.23935808513531892,0.6682986536107711,0.09234326125390997
48001,0.19396207375015767,0.6145986629104823,0.19143926333936004
48002,0.21052110164454133,0.6789181692094314,0.11056072914602734
48004,0.19629651541146542,0.6673963201798497,0.13630716440868484
48005,0.21690714242950368,0.6481470394539903,0.13494581811650602
48006,0.23091633466135458,0.6669095048377917,0.10217416050085373
48008,0.21682448195416495,0.6432002195690957,0.1399752984767394
48010,0.2398108394001618,0.6490573081948852,0.11113185240495302
48011,0.25032194155522536,0.645567112431897,0.10411094601287767
48012,0.23711198293069036,0.6452612017344621,0.11762681533484755
48013,0.2225699198122433,0.6823782515157442,0.09505182867201252
48014,0.21249530708244077,0.630308517921424,0.15719617499613525
48015,0.18721390332841958,0.5911242144464272,0.22166188222515323
48017,0.1582183940344951,0.5786255793798454,0.26315602658565945
48018,0.23727598566308244,0.6712066905615293,0.09151732377538829
48019,0.24245562826608916,0.6529353608587166,0.1046090108751942
48020,0.2226431914419434,0.6697125027858257,0.10764430577223089
48021,0.19212925931850905,0.6670132778755399,0.14085746280595104
48022,0.19715297241481045,0.6239858386192654,0.17886118896592418
48024,0.22359433910715262,0.6576143380143161,0.11879132287853122
48025,0.18627450980392157,0.6810841983852365,0.13264129181084197
48026,0.22981366459627328,0.669345999269273,0.10084033613445378
48027,0.23149271844660194,0.6422936893203883,0.1262135922330097
48028,0.22219702124442428,0.6511680653209344,0.12663491343464126
48030,0.19838774687625957,0.6627166465135026,0.1388956066102378
48031,0.23696682464454977,0.6682464454976303,0.0947867298578199
48032,0.21067144629808354,0.6604163794292017,0.12891217427271473
48033,0.22026663856247036,0.6369816093165411,0.14275175212098856
48035,0.21167598491743597,0.6592120660512287,0.12911194903133533
48036,0.1891451491601905,0.6563048383053397,0.1545500125344698
48037,0.21306860275596384,0.6761001629871092,0.11083123425692695
48038,0.2172349579400244,0.6247351184742824,0.15802992358569318
48039,0.2,0.7124378109452736,0.08756218905472637
48041,0.21574952153624496,0.6406683439778079,0.14358213448594714
48043,0.19805023713332162,0.6244730370630599,0.17747672580361848
48044,0.22428896473265075,0.6638794084186576,0.11183162684869169
48046,0.16297662976629768,0.6137761377613776,0.22324723247232472
48049,0.21474019088016968,0.6672852598091198,0.1179745493107105
48050,0.24089881082658496,0.632888305245495,0.12621288392792004
48052,0.21252765486725664,0.6480918141592921,0.13938053097345132
48053,0.19858915974640592,0.680685775515671,0.12072506473792304
48054,0.20953406948559117,0.6446718735972709,0.14579405691713798
49001,0.21262234222072224,0.6874789065136686,0.09989875126560918
49002,0.22775530839231548,0.670963936636333,0.10128075497135153
49003,0.18470614930791923,0.7061493079192194,0.10914454277286136
49004,0.16955684007707128,0.6985962014863749,0.1318469584365538
49005,0.12087912087912088,0.728021978021978,0.1510989010989011
49006,0.23304050756466568,0.6652025378233285,0.10175695461200586
49007,0.19614664169119614,0.6662716464696663,0.1375817118391376
49008,0.19707981405093958,0.6975054016892556,0.10541478425980488
49009,0.17099054159556168,0.6667449685295601,0.16226448987487824
49010,0.1923474663908997,0.6856256463288521,0.12202688728024819
49011,0.17430167597765364,0.7094972067039106,0.11620111731843576
49012,0.19698007370446466,0.6740045005381078,0.12901542575742753
49013,0.15380116959064327,0.7397660818713451,0.1064327485380117
49014,0.16977393497252996,0.6921552733495452,0.13807079167792488
49017,0.19556806190643686,0.6650017587055926,0.13943017938797045
49018,0.21232765612327656,0.656609894566099,0.1310624493106245
49019,0.22121896162528218,0.6659142212189616,0.11286681715575621
49020,0.2232459248759745,0.6842664776754075,0.092487597448618
49021,0.169529262086514,0.7146946564885496,0.11577608142493638
50001,0.19974424552429668,0.667774936061381,0.13248081841432224
50002,0.22200993504012229,0.6671761559037065,0.1108139090561712
50003,0.17327907765344183,0.5868090878263819,0.23991183452017634
50004,0.2028923498202978,0.6523190142050317,0.14478863597467054
50005,0.23147208121827412,0.6465313028764805,0.12199661590524535
50006,0.19291338582677164,0.6377952755905512,0.16929133858267717
50008,0.20054337372571648,0.6298326601269475,0.16962396614733602
50009,0.24331893102896462,0.6656265002400384,0.09105456873099696
50010,0.2069767441860465,0.6843023255813954,0.10872093023255813
50011,0.23496143958868895,0.6519280205655527,0.11311053984575835
50012,0.22151394422310758,0.6629482071713148,0.11553784860557768
50014,0.20305739832708394,0.6746466685895587,0.12229593308335737
50015,0.21095890410958903,0.6337899543378995,0.1552511415525114
50016,0.24877250409165302,0.6481178396072013,0.10310965630114566
50019,0.2605905006418485,0.6456996148908858,0.09370988446726572
50020,0.17887394120577976,0.680119581464873,0.1410064773293473
50021,0.24431818181818182,0.6519886363636364,0.10369318181818182
50022,0.2401597817614965,0.661730319563523,0.09810989867498052
50023,0.23953098827470687,0.6817420435510888,0.07872696817420435
50024,0.2298253893345918,0.6493629070316187,0.12081170363378953
50025,0.25377920293174533,0.6216216216216216,0.12459917544663307
50026,0.15112116749871302,0.5490907349543273,0.29978809754695973
50027,0.24610837438423647,0.647487684729064,0.10640394088669951
50028,0.21891345282097777,0.652904665597322,0.12818188158170027
50029,0.19613922415384047,0.6334477540324069,0.17041302181375262
50030,0.2078804347826087,0.6630434782608695,0.12907608695652173
50031,0.18366783916132148,0.60673149872405,0.2096006621146286
50032,0.2353852109949671,0.6382888114595432,0.12632597754548974
50033,0.24151199637845178,0.6653840350082993,0.09310396861324884
50034,0.21159974506054813,0.6551943913320586,0.13320586360739325
50035,0.24128926968584252,0.6677274581803345,0.09098327213382293
50036,0.22973621103117506,0.6611510791366907,0.1091127098321343
50037,0.2044519935633828,0.6616306096906848,0.13391739674593242
50038,0.19630049075122688,0.6393607650685793,0.16433874418019379
50039,0.1996535296665223,0.6526634906886097,0.1476829796448679
50040,0.2149802890932983,0.66508979413053,0.11992991677617171
50041,0.2139755230951441,0.666008685353336,0.12001579155151994
51001,0.20586487021993263,0.6562314246086784,0.13790370517138895
51002,0.17710888638422947,0.6412738403058631,0.1816172733099074
51003,0.2613882863340564,0.6258134490238612,0.11279826464208242
51004,0.19046756071040233,0.6704421891989851,0.13909025009061254
51005,0.22721382289416847,0.67170626349892,0.10107991360691145
51006,0.1977124183006536,0.6850490196078431,0.11723856209150327
51007,0.2259577795152463,0.6653635652853792,0.10867865519937452
51008,0.21114683815648447,0.6845301893533404,0.10432297249017507
51010,0.239430724152365,0.663876098786103,0.09669317706153202
51011,0.21309823677581863,0.6685138539042821,0.11838790931989925
51012,0.19769357495881384,0.6728995057660626,0.12940691927512357
51013,0.19533100259388744,0.6939212811548437,0.11074771625126875
51014,0.22787878787878788,0.6581818181818182,0.11393939393939394
51015,0.22724734785036294,0.6672250139586823,0.10552763819095477
51016,0.21163441645369357,0.6755506875988804,0.11281489594742607
51017,0.1987294917967187,0.6591136454581833,0.14215686274509803
51018,0.21814762576398683,0.6793606017865539,0.10249177244945933
51020,0.20149799050054804,0.6726342710997443,0.12586773839970772
51021,0.2186323713927227,0.6480552070263488,0.1333124215809285
51022,0.21330418488444722,0.683635227982511,0.10306058713304185
51023,0.25349301397205587,0.6447105788423154,0.10179640718562874
51024,0.2077922077922078,0.6654298082869512,0.12677798392084105
51025,0.20667330677290838,0.673804780876494,0.11952191235059761
51026,0.20807564757551314,0.6547010845209286,0.1372232679035583
51027,0.19172932330827067,0.6929824561403509,0.11528822055137844
51030,0.19545131485429992,0.673773987206823,0.13077469793887705
51031,0.19778624569043732,0.6572309925603339,0.1449827617492288
51033,0.2108839176975835,0.6402794692647907,0.1488366130376258
51034,0.17892225652539995,0.6636261577322481,0.15745158574235196
51035,0.22814685314685315,0.6774475524475524,0.0944055944055944
51037,0.20638153428377462,0.6758316361167686,0.1177868295994569
51038,0.21841541755888652,0.6659528907922913,0.11563169164882227
51039,0.2030115622479161,0.6717755669086672,0.1252128708434167
51040,0.21130625686059276,0.6756311745334797,0.11306256860592755
51041,0.19093725793958172,0.6709914794732765,0.13807126258714175
51042,0.22297745358090185,0.6735742705570292,0.10344827586206896
52001,0.22846638655462184,0.6547619047619048,0.11677170868347339
52002,0.21004709576138147,0.640502354788069,0.14945054945054945
52003,0.21714285714285714,0.6596428571428572,0.12321428571428572
52004,0.2113446587964296,0.6490066225165563,0.13964871868701412
52005,0.20595333869670152,0.6383748994368463,0.15567176186645212
52006,0.16940021549144021,0.6072069915000599,0.22339279300849993
52007,0.2736172295643661,0.6172295643661282,0.10915320606950563
52008,0.26636098374322636,0.6165068778657774,0.11713213839099625
52009,0.2035466461063994,0.6471858134155744,0.1492675404780262
52010,0.21884686918784874,0.6639801611903285,0.11717296962182269
52011,0.23214285714285715,0.6358465608465609,0.13201058201058202
52012,0.20201115093588212,0.6483970529669454,0.14959179609717244
52013,0.20350291909924936,0.6651376146788991,0.13135946622185155
52015,0.23424994056581347,0.6174815754021713,0.1482684840320152
52016,0.17457387905764846,0.5815872326566063,0.2438388882857453
52017,0.20836381370397464,0.6266764203852719,0.16495976591075348
52018,0.22883135059482154,0.6536039188243526,0.11756473058082575
52019,0.19002695417789758,0.6536388140161725,0.15633423180592992
52020,0.2275658248253627,0.6778613648576034,0.09457281031703385
52021,0.23121387283236994,0.6232264844981608,0.14555964266946925
52022,0.22559099437148217,0.6327204502814259,0.14168855534709193
52023,0.21223021582733814,0.6798561151079137,0.1079136690647482
52024,0.2711864406779661,0.6590229312063809,0.06979062811565304
52025,0.20524515393386544,0.6545039908779932,0.1402508551881414
52026,0.23071993163853877,0.6278572954496903,0.141422772911771
52027,0.28512110726643597,0.5792387543252595,0.1356401384083045
52028,0.20555160142348755,0.6565124555160142,0.13793594306049822
52030,0.22564734895191121,0.6563912864775997,0.11796136457048911
52031,0.25095419847328243,0.6252385496183206,0.12380725190839695
52032,0.15928919553139853,0.553601155257827,0.28710964921077436
52033,0.23345409560837677,0.6328532296545021,0.13369267473712115
52034,0.17603404998362981,0.6369093091782168,0.18705664083815343
52035,0.2580497482069281,0.632229513200061,0.10972073859301083
52036,0.2532981530343008,0.5980650835532102,0.148636763412489
52037,0.23547169811320753,0.6377358490566037,0.12679245283018867
53001,0.20985492746373186,0.6663331665832917,0.12381190595297649
53002,0.24931880108991825,0.6403269754768393,0.11035422343324251
53003,0.22613882863340565,0.6550976138828634,0.11876355748373102
53004,0.20544278385010037,0.6613874637519518,0.13316975239794782
53005,0.2893481717011129,0.6279809220985691,0.08267090620031796
53006,0.2164508534432019,0.6355208946439082,0.14802825191288993
53007,0.27814864263462397,0.62572318647085,0.09612817089452604
53008,0.25062299750801,0.6536133855464578,0.09576361694553222
53009,0.19677088672475654,0.6627370579190159,0.14049205535622758
53010,0.22515265687930364,0.6827335325451475,0.09211381057554892
53011,0.1768384421157293,0.6566584245849523,0.1665031332993184
53012,0.2118380062305296,0.6635514018691588,0.12461059190031153
53013,0.25165772023997474,0.6311967161351437,0.11714556362488159
53014,0.23788940229542405,0.6498733045163213,0.11223729318825458
53015,0.23338545738858482,0.6411258795934324,0.1254886630179828
53016,0.21455601513684766,0.6700695238933381,0.11537446096981431
53017,0.25411334552102377,0.6361974405850092,0.10968921389396709
53018,0.19774884131538292,0.6704921650849702,0.13175899359964688
53019,0.22848837209302325,0.6552325581395348,0.11627906976744186
53020,0.26539753639417696,0.6416573348264277,0.0929451287793953
53021,0.2516379519534094,0.6571220577529726,0.09123999029361805
53022,0.21117223867964452,0.6652560304697418,0.12357173085061363
53023,0.2562764106388267,0.633855331841909,0.10986825751926423
53024,0.20384829894032347,0.6857222532069158,0.11042944785276074
53025,0.24890829694323144,0.6364628820960698,0.1146288209606987
53026,0.26870177792687017,0.637370010063737,0.09392821200939282
53027,0.24874791318864775,0.6803005008347245,0.0709515859766277
53028,0.2566560170394036,0.6379126730564431,0.10543130990415335
54001,0.18998193211086764,0.6394495060162226,0.1705685618729097
54002,0.1959266802443992,0.6573828920570265,0.14669042769857435
54003,0.19914400805639476,0.6656596173212488,0.1351963746223565
54004,0.18694096601073346,0.6605545617173524,0.15250447227191413
54005,0.19472247497725204,0.6656050955414012,0.13967242948134667
54006,0.21035101204201895,0.6707660773763772,0.1188829105816039
54007,0.18262411347517732,0.6978723404255319,0.11950354609929079
54008,0.2118380062305296,0.6711664935964001,0.11699550017307027
54009,0.21617220137364582,0.6440557955108688,0.13977200311548538
54010,0.2094017094017094,0.6923076923076923,0.09829059829059829
54011,0.1974342928660826,0.682415519399249,0.12015018773466833
54012,0.22054852920278528,0.6504192127326986,0.12903225806451613
54013,0.1751484900030674,0.6641476813251164,0.16070382867181618
54014,0.22390953150242326,0.6462035541195477,0.12988691437802907
54015,0.1754911416823189,0.6244987055180466,0.2000101527996345
54016,0.23925233644859814,0.6542056074766355,0.10654205607476636
54017,0.2034651772483757,0.6537102473498233,0.142824575401801
54018,0.17559627353202675,0.6467393405234064,0.17766438594456685
54019,0.21388216303470542,0.6642453591606134,0.12187247780468119
54020,0.22337363270005758,0.6108232584916523,0.16580310880829016
54021,0.20943952802359883,0.6790560471976401,0.11150442477876106
54022,0.2450380263401966,0.6458913003153404,0.10907067334446299
54023,0.2165902027527009,0.6501405949385822,0.1332692023087169
54024,0.20839121978327313,0.6321200333425951,0.1594887468741317
54025,0.2255772646536412,0.6447602131438721,0.12966252220248667
54026,0.1991484988622183,0.6671070982896572,0.1337444028481245
54027,0.20785412073178,0.6428699124009296,0.1492759668672904
54028,0.19911242603550297,0.6562130177514793,0.14467455621301775
54029,0.23161764705882354,0.6338235294117647,0.13455882352941176
54030,0.20185477505919494,0.6720599842146804,0.1260852407261247
54031,0.2154696132596685,0.716390423572744,0.06813996316758748
54032,0.18529130850047756,0.673352435530086,0.1413562559694365
54033,0.2008059100067159,0.6514439220953661,0.14775016789791806
54034,0.21497630331753553,0.6722274881516588,0.11279620853080569
54035,0.1938751472320377,0.6890459363957597,0.1170789163722026
54036,0.18,0.6477777777777778,0.17222222222222222
54037,0.22488516077491513,0.6550828839624525,0.12003195526263231
54038,0.1816122333396262,0.666981310175571,0.15140645648480272
54039,0.16797780640047558,0.5935004458535619,0.23852174774596255
54040,0.2213525360050094,0.6684408265497809,0.11020663744520977
54041,0.20329087048832273,0.6926751592356688,0.1040339702760085
54042,0.2736842105263158,0.6526315789473685,0.07368421052631578
54043,0.24960998439937598,0.6614664586583463,0.08892355694227769
54044,0.187768659632669,0.686400937866354,0.12583040250097693
54045,0.2275449101796407,0.6826347305389222,0.08982035928143713
54046,0.24668874172185432,0.679635761589404,0.07367549668874172
54047,0.16627634660421545,0.7236533957845434,0.11007025761124122
54048,0.24346917450365727,0.6750261233019854,0.08150470219435736
54049,0.22095150960658738,0.6537053979871912,0.1253430924062214
54050,0.1891304347826087,0.6639386189258312,0.14693094629156012
54051,0.20082671091316626,0.6528687450877653,0.1463045439990685
54052,0.21844333915848904,0.6230676166151364,0.15848904422637453
54053,0.19159335288367546,0.6433691756272402,0.1650374714890844
54054,0.21189689358889624,0.6659616655651025,0.12214144084600133
54055,0.21634615384615385,0.6445135746606335,0.13914027149321267
54056,0.1979173575645022,0.6602109172912383,0.14187172514425947
54057,0.24025115664243227,0.6606080634500991,0.0991407799074686
54058,0.22796352583586627,0.6717325227963525,0.10030395136778116
54059,0.23563696919233973,0.6627810158201499,0.1015820149875104
55001,0.21532934131736528,0.6586826347305389,0.1259880239520958
55002,0.232807570977918,0.656782334384858,0.11041009463722397
55003,0.19044006069802732,0.7094081942336874,0.10015174506828528
55004,0.19105653807385686,0.653899019518006,0.15504444240813708
55005,0.18114143920595532,0.696443341604632,0.12241521918941274
55006,0.198798470780994,0.6772255598033862,0.12397596941561988
55007,0.20829909613804437,0.6684470008216927,0.12325390304026294
55008,0.20457354758961682,0.6501854140914709,0.14524103831891225
55009,0.22562240663900415,0.6483402489626556,0.12603734439834025
55010,0.22672846658941676,0.6546929316338355,0.11857860177674778
55011,0.24849458048976314,0.6639903653151344,0.08751505419510237
55012,0.20634920634920634,0.6837154614932393,0.10993533215755438
55013,0.19852448021462105,0.6720321931589537,0.12944332662642521
55014,0.1877504293073841,0.7000572409845449,0.11219232970807098
55015,0.19256550883607557,0.6776355880560634,0.12979890310786105
55016,0.2483419307295505,0.6425939572586588,0.10906411201179071
55017,0.20798411998235553,0.6702690780767534,0.12174680194089105
55018,0.2028301886792453,0.6725067385444744,0.12466307277628032
55019,0.17866215071972905,0.6934801016088061,0.12785774767146485
55020,0.26522961574507964,0.6204311152764761,0.11433926897844424
55021,0.24574961360123648,0.6275115919629057,0.1267387944358578
55022,0.19457485654668752,0.6750710021445546,0.1303541413087579
55023,0.19126124670007003,0.6309466084801465,0.17779214481978342
55024,0.23671199011124847,0.6668726823238567,0.09641532756489493
55025,0.27896995708154504,0.592274678111588,0.12875536480686695
55026,0.19670442842430483,0.674562306900103,0.12873326467559218
55027,0.2602040816326531,0.6479591836734694,0.09183673469387756
55028,0.17250973845297718,0.6588759042849193,0.1686143572621035
55029,0.18802660753880265,0.6390243902439025,0.1729490022172949
55030,0.20009596928982726,0.654510556621881,0.14539347408829176
55031,0.18793024323083984,0.6776044056906838,0.13446535107847638
55032,0.16043067571191608,0.6553005095402219,0.18426881474786203
55033,0.20824003582624273,0.6681594267801164,0.12360053739364084
56001,0.20501002004008015,0.6460921843687375,0.14889779559118235
56002,0.24195624195624196,0.6640926640926641,0.09395109395109395
56003,0.20732445520581114,0.652542372881356,0.14013317191283292
56004,0.17395944503735325,0.6937033084311632,0.13233724653148346
56005,0.1804442408976414,0.6897183421112892,0.12983741699106938
56006,0.18930390492359933,0.6994906621392191,0.11120543293718166
56007,0.21567931890741399,0.6669031571479248,0.11741752394466123
56008,0.20548712206047032,0.6587346024636058,0.13577827547592386
56009,0.1855406269993602,0.6813819577735125,0.13307741522712732
56010,0.17894736842105263,0.7029239766081872,0.11812865497076024
56011,0.19313618108798833,0.6622855056589997,0.14457831325301204
56012,0.2272631800042008,0.6801092207519429,0.09262759924385633
56013,0.17886696371737745,0.6575429662635264,0.16359007001909612
56014,0.1766089732818014,0.6879516047723072,0.13543942194589145
56015,0.20477956324680677,0.669344870210136,0.12587556654305726
56016,0.19329608938547485,0.6815642458100558,0.12513966480446928
56017,0.18801207416990082,0.7015955153083225,0.11039241052177663
56018,0.23471307619943557,0.6632173095014111,0.10206961429915334
56019,0.21129032258064517,0.6661290322580645,0.12258064516129032
56020,0.25315227934044615,0.6585838991270611,0.08826382153249272
56021,0.2015311400786261,0.6737706048693013,0.12469825505207256
56022,0.20946915351506457,0.6822094691535151,0.10832137733142037
56023,0.19874664279319607,0.7033721277230678,0.0978812294837362
56024,0.18017184401850628,0.7118307997356246,0.10799735624586913
56025,0.18278427205100956,0.6838469713071201,0.13336875664187034
56026,0.2480974124809741,0.6445966514459666,0.10730593607305935
56027,0.22388663967611336,0.6748987854251012,0.10121457489878542
56028,0.24149108589951376,0.6312803889789304,0.1272285251215559
56029,0.2221662468513854,0.6765743073047858,0.10125944584382872
56030,0.2309666381522669,0.6449957228400343,0.12403763900769889
56031,0.23934108527131784,0.6729651162790697,0.0876937984496124
56032,0.22830440587449932,0.6568758344459279,0.11481975967957277
56033,0.22787878787878788,0.64,0.1321212121212121
56034,0.19713728041639558,0.6707872478854913,0.1320754716981132
56035,0.2286164283983523,0.6667070511267265,0.10467652047492125
56036,0.19649869109947643,0.6430791884816754,0.16042212041884818
56037,0.21964991530208922,0.6821005081874647,0.09824957651044608
56038,0.15966386554621848,0.7013399954576425,0.138996138996139
56039,0.17394301470588236,0.6901424632352942,0.13591452205882354
56040,0.25,0.6898148148148148,0.06018518518518518
56041,0.1522422165095687,0.7029420165666952,0.14481576692373607
56042,0.18505678421996413,0.6521219366407651,0.16282127913927077
56043,0.1922222222222222,0.67,0.13777777777777778
56044,0.228515625,0.6640625,0.107421875
56045,0.1689078798542164,0.6870679904486615,0.14402412969712203
56046,0.17894736842105263,0.6789473684210526,0.14210526315789473
56047,0.2231578947368421,0.6457894736842106,0.13105263157894737
56048,0.19392492372993766,0.6748905690409869,0.1311845072290755
56049,0.15161757605021728,0.6872686302913247,0.16111379365845807
56050,0.17604885820499203,0.6776420605416887,0.14630908125331918
56051,0.26714801444043323,0.6028880866425993,0.1299638989169675
56052,0.19072830578512398,0.6739411157024794,0.1353305785123967
56053,0.17572254335260115,0.692485549132948,0.13179190751445086
56054,0.20253718285214348,0.6430446194225722,0.15441819772528434
56055,0.20719502299161482,0.672166621585069,0.1206383554233162
56056,0.19852216748768473,0.6842364532019705,0.11724137931034483
56057,0.18011677197472606,0.6829560905382708,0.1369271374870031
56058,0.22332506203473945,0.6595533498759305,0.11712158808933003
56059,0.16090367218333307,0.6343246008672914,0.2047717269493755
56060,0.158167495854063,0.6762023217247097,0.1656301824212272
57001,0.26454033771106944,0.6641651031894934,0.07129455909943715
57002,0.2400921658986175,0.6622119815668203,0.09769585253456221
57003,0.16703786191536749,0.7153674832962138,0.11759465478841871
57004,0.2315270935960591,0.7044334975369458,0.06403940886699508
57005,0.24257425742574257,0.6518151815181518,0.10561056105610561
57006,0.19569120287253142,0.6822262118491921,0.12208258527827648
57007,0.1746987951807229,0.714859437751004,0.11044176706827309
57008,0.18100558659217877,0.6759776536312849,0.1430167597765363
57009,0.20885801128962223,0.6634824142422927,0.1276595744680851
57010,0.18998716302952504,0.6713735558408216,0.1386392811296534
57011,0.21044776119402986,0.6880597014925374,0.10149253731343283
57012,0.1811722912966252,0.6785079928952042,0.14031971580817051
57013,0.17578125,0.74609375,0.078125
57014,0.18510858324715615,0.671147880041365,0.1437435367114788
57015,0.19661921708185054,0.6850533807829181,0.11832740213523131
57016,0.17911184210526315,0.6904605263157895,0.13042763157894738
57017,0.233502538071066,0.682741116751269,0.08375634517766498
57018,0.2047244094488189,0.6640419947506562,0.13123359580052493
57019,0.2478386167146974,0.6714697406340058,0.08069164265129683
57020,0.17692307692307693,0.6846153846153846,0.13846153846153847
57021,0.22267206477732793,0.6666666666666666,0.1106612685560054
57022,0.19727891156462585,0.691609977324263,0.1111111111111111
57023,0.3106060606060606,0.571969696969697,0.11742424242424243
57024,0.24372759856630824,0.6505376344086021,0.1057347670250896
57025,0.17083946980854198,0.6754050073637703,0.15375552282768779
57026,0.22176591375770022,0.6652977412731006,0.11293634496919917
57027,0.1809880590025755,0.6813392648091782,0.1376726761882463
57028,0.20155709342560554,0.6825259515570934,0.11591695501730104
57029,0.17780840799448655,0.7084769124741558,0.11371467953135768
57030,0.13670133729569092,0.7265973254086181,0.13670133729569092
57031,0.20452937013446568,0.6532200990799717,0.14225053078556263
57032,0.20402298850574713,0.6350574712643678,0.16091954022988506
57033,0.19795719844357976,0.7076848249027238,0.0943579766536965
57034,0.3187022900763359,0.5877862595419847,0.09351145038167939
57035,0.19755725190839696,0.6934351145038168,0.10900763358778626
57036,0.3484848484848485,0.5,0.15151515151515152
57037,0.20909090909090908,0.7272727272727273,0.06363636363636363
57038,0.1995841995841996,0.6923076923076923,0.10810810810810811
57039,0.23958333333333334,0.6692708333333334,0.09114583333333333
57040,0.21957340025094102,0.6637390213299874,0.11668757841907151
57041,0.19839142091152814,0.675603217158177,0.1260053619302949
57042,0.2397003745318352,0.6441947565543071,0.11610486891385768
57043,0.21746031746031746,0.7063492063492064,0.0761904761904762
57044,0.18101199791340636,0.6888367240479917,0.130151278038602
57045,0.2563291139240506,0.6645569620253164,0.07911392405063292
57046,0.1956521739130435,0.7228260869565217,0.08152173913043478
57047,0.18983957219251338,0.6711229946524064,0.13903743315508021
57048,0.18243243243243243,0.668918918918919,0.14864864864864866
57049,0.2550408719346049,0.662125340599455,0.08283378746594006
57050,0.21132457027300303,0.6754297269969667,0.11324570273003033
57051,0.21217016693591814,0.6882067851373183,0.0996230479267636
57052,0.18586387434554974,0.6684118673647469,0.1457242582897033
57053,0.16799583911234398,0.6889736477115118,0.14303051317614424
57054,0.17379780386217342,0.6823173040514956,0.14388489208633093
57055,0.17571487774554498,0.7123912142561127,0.11189390799834231
57056,0.18395303326810175,0.6673189823874756,0.1487279843444227
57057,0.21467889908256882,0.7045871559633028,0.08073394495412844
57058,0.29900332225913623,0.6146179401993356,0.08637873754152824
57059,0.1580639899331205,0.6337240463262881,0.20821196374059142
57060,0.18572735590118938,0.6715462031107045,0.14272644098810613
57061,0.2204724409448819,0.6437007874015748,0.13582677165354332
57062,0.20954907161803712,0.6790450928381963,0.11140583554376658
57063,0.22317596566523606,0.6695278969957081,0.1072961373390558
57064,0.1756891398206576,0.7070740617734972,0.11723679840584524
57065,0.21676300578034682,0.674373795761079,0.10886319845857419
57066,0.169921875,0.71240234375,0.11767578125
57067,0.19679633867276888,0.6933638443935927,0.10983981693363844
57068,0.20553359683794467,0.700592885375494,0.09387351778656126
57069,0.17966903073286053,0.7052797478329393,0.11505122143420016
57070,0.222318339100346,0.6461937716262975,0.1314878892733564
57071,0.16355140186915887,0.7757009345794392,0.06074766355140187
57072,0.2081447963800905,0.6832579185520362,0.1085972850678733
57073,0.21794871794871795,0.6858974358974359,0.09615384615384616
58001,0.16779026217228465,0.7018726591760299,0.1303370786516854
58002,0.18467336683417085,0.7242462311557789,0.09108040201005026
58003,0.15998917162966975,0.6724417975094749,0.16756903086085545
58004,0.19230769230769232,0.707579185520362,0.1001131221719457
58005,0.15305835349727084,0.6825727308536379,0.16436891564909123
58006,0.17157490396927016,0.7221510883482715,0.10627400768245839
58007,0.1534664407279157,0.6875966993295514,0.15893685994253298
58008,0.1785109983079526,0.7055837563451777,0.11590524534686972
58009,0.15794117647058822,0.665235294117647,0.1768235294117647
58010,0.19349962207105065,0.6863189720332578,0.12018140589569161
58011,0.1984599507819322,0.6994522505358418,0.10208779868222592
58012,0.21810378462738977,0.6925477955520875,0.08934841982052283
58013,0.14298914298914298,0.6644144144144144,0.1925964425964426
58014,0.20199501246882792,0.7256857855361596,0.07231920199501247
58015,0.148,0.7005853658536585,0.15141463414634146
58016,0.15678184631253222,0.6980402269210934,0.14517792676637442
58017,0.1925287356321839,0.7155172413793104,0.09195402298850575
58018,0.14876454972432102,0.71125178680825,0.13998366346742905
58019,0.17905405405405406,0.7297297297297297,0.09121621621621621
58020,0.2010443864229765,0.6569190600522193,0.14203655352480418
58021,0.20684039087947884,0.7052117263843648,0.08794788273615635
58022,0.1537506209637357,0.6751117734724292,0.17113760556383506
58023,0.1688193283695487,0.6986780124601124,0.13250265917033885
58024,0.13554858934169278,0.6900313479623824,0.17442006269592478
58025,0.14,0.685,0.175
58026,0.1748286981056026,0.7140266021765417,0.1111446997178557
58027,0.168462291870715,0.7159647404505387,0.11557296767874632
58028,0.16183574879227053,0.6980676328502415,0.14009661835748793
58029,0.1525095976112612,0.7067538745912129,0.14073652779752596
58030,0.16006739679865206,0.7169334456613311,0.12299915754001685
58031,0.19320214669051877,0.7334525939177102,0.07334525939177101
58032,0.1582207904844505,0.6876884318341386,0.1540907776814108
58033,0.18299945858148348,0.6930157011369789,0.12398484028153763
58034,0.15494409233781625,0.6699129180192714,0.17514298964291236
58035,0.1658549089976929,0.6882850551140733,0.1458600358882338
58036,0.16029643861936457,0.7052768819048926,0.1344266794757428
58037,0.1550561797752809,0.7213483146067415,0.12359550561797752
58038,0.13751108960400032,0.6575530284700379,0.20493588192596177
58039,0.14866726849432224,0.6353874661471943,0.2159452653584834
58040,0.16875312969454181,0.7309297279252212,0.10031714238023702
58041,0.17809734513274336,0.6841814159292036,0.1377212389380531
58042,0.19164430816404754,0.6878114220007666,0.12054426983518589
58043,0.1612528463218551,0.6745666620196106,0.16418049165853432
58044,0.18881759853345553,0.692025664527956,0.11915673693858846
58045,0.22503961965134706,0.6434231378763867,0.13153724247226625
58046,0.12955889278426036,0.6222594317408822,0.24818167547485742
58047,0.15589749877390877,0.7028200098087297,0.14128249141736146
58048,0.22935779816513763,0.654434250764526,0.1162079510703364
58049,0.16091954022988506,0.714841108857336,0.1242393509127789
58050,0.17346003167458532,0.702592314745353,0.12394765358006168
58051,0.2069795427196149,0.717208182912154,0.07581227436823104
58052,0.16478555304740405,0.7027840481565086,0.13243039879608728
58053,0.18234610917537747,0.6794425087108014,0.13821138211382114
58054,0.12770083102493074,0.6817174515235457,0.19058171745152355
58055,0.1771117166212534,0.6920980926430518,0.1307901907356948
58056,0.1755901866995834,0.721956488196266,0.10245332510415059
58057,0.1453042218051365,0.6815946401843624,0.17310113801050106
58058,0.1556279406442273,0.738327904451683,0.10604415490408976
58059,0.16083077513430544,0.7057271680736761,0.13344205679201843
58060,0.1481952904809528,0.6976088735339576,0.15419583598508954
58061,0.184070796460177,0.7115044247787611,0.10442477876106195
58062,0.16944734098018768,0.6913451511991658,0.1392075078206465
58063,0.19153394803017604,0.6720452640402347,0.13642078792958928
58064,0.13477662370166438,0.6181954699036416,0.24702790639469402
58065,0.15503055636392496,0.6681393687663695,0.17683007486970556
58066,0.1878144214645053,0.7143655673560648,0.09782001117942984
58067,0.19419159081057652,0.683138274815778,0.12267013437364542
58068,0.1435068216270844,0.6937847397675594,0.16270843860535625
58069,0.17982799061767005,0.6966379984362784,0.1235340109460516
58070,0.15066964285714285,0.63671875,0.21261160714285715
58071,0.15842696629213482,0.7179775280898877,0.12359550561797752
58072,0.16618406985032075,0.6934693513898789,0.14034657875980042
58073,0.18006644518272424,0.6858803986710963,0.1340531561461794
58074,0.1626112176178538,0.6994543577643415,0.13793442461780464
58075,0.17373094320656726,0.7051432400737142,0.12112581671971855
58076,0.1990521327014218,0.7251184834123223,0.07582938388625593
58077,0.20542082738944364,0.6947218259629101,0.09985734664764621
58078,0.19952038369304556,0.7227817745803358,0.0776978417266187
58079,0.14976001085463272,0.702243856108275,0.1479961330370923
58080,0.1798695246971109,0.7017707362534948,0.11835973904939422
58081,0.16436332946513346,0.6732777719168689,0.16235889861799768
58082,0.15520376510856776,0.7009305808107819,0.14386565408065033
58083,0.1833810888252149,0.6819484240687679,0.1346704871060172
58084,0.15606936416184972,0.7514450867052023,0.09248554913294797
58085,0.2319277108433735,0.6626506024096386,0.10542168674698796
58086,0.15246441668220523,0.6865560320716018,0.16097955124619306
58087,0.20647773279352227,0.7246963562753036,0.06882591093117409
58088,0.1468437945791726,0.701765335235378,0.15139087018544936
58089,0.16874292185730463,0.7406568516421291,0.09060022650056625
58090,0.18360655737704917,0.7065573770491803,0.10983606557377049
58091,0.13548231386104959,0.6086400721003491,0.2558776140386014
58092,0.19732441471571907,0.6739130434782609,0.12876254180602006
58093,0.13649425287356323,0.6617816091954023,0.20172413793103447
58094,0.17048346055979643,0.7391857506361323,0.09033078880407125
58095,0.211340206185567,0.6774668630338734,0.11119293078055964
58096,0.17414860681114552,0.6981424148606811,0.12770897832817338
58097,0.14561101549053357,0.6710269650028686,0.1833620195065978
58098,0.14126637554585153,0.7231441048034934,0.13558951965065502
58099,0.20115818348064615,0.6885096007314843,0.11033221578786956
58100,0.1785591175456739,0.6987245777318166,0.12271630472250948
58101,0.16875,0.71875,0.1125
58102,0.18099869529118728,0.6579290712845451,0.16107223342426757
58103,0.17488789237668162,0.6701544593921276,0.15495764823119082
58104,0.15801389647903819,0.6780779139667421,0.16390818955421968
58105,0.18295125751168484,0.6937458268417538,0.12330291564656132
58106,0.18091451292246521,0.6709741550695825,0.1481113320079523
58107,0.13263812660080498,0.6748993779729235,0.1924624954262715
58108,0.24489795918367346,0.7061224489795919,0.04897959183673469
58109,0.21724137931034482,0.696551724137931,0.08620689655172414
58110,0.18178027934125496,0.7035647279549718,0.11465499270377319
58111,0.17778462170208398,0.6746740581049173,0.14754132019299868
58112,0.18638525564803804,0.7140309155766944,0.09958382877526754
58113,0.11180124223602485,0.7577639751552795,0.13043478260869565
58114,0.16487943598554416,0.7143788139107767,0.12074175010367913
58115,0.1867445111421758,0.7046295534906669,0.10862593536715731
58116,0.1508022521212762,0.7049245327905685,0.14427321508815522
58117,0.15868950900741788,0.7283203814906394,0.11299010950194277
58118,0.1448530233597854,0.6709511568123393,0.18419581982787528
58119,0.16773261811429752,0.7178323361529468,0.11443504573275566
58120,0.16072151318097191,0.702895226788268,0.1363832600307601
58122,0.16292551398719246,0.7098415908324908,0.12723289518031683
59001,0.19146873485215704,0.7009063000337843,0.10762496511405867
59002,0.2501807664497469,0.6550976138828634,0.09472161966738973
59003,0.22905027932960895,0.6554934823091247,0.1154562383612663
59004,0.18160681994316713,0.6804443296305864,0.13794885042624644
59005,0.21049818894364944,0.6882311026661124,0.1012707083902381
59006,0.1848026181223154,0.6953364696256903,0.11986091225199427
59007,0.20332442043167848,0.6612178515312732,0.13545772803704828
59008,0.16570134189700653,0.6407271476086707,0.19357151049432275
59009,0.14873845156410395,0.642606299638014,0.2086552487978821
59010,0.16526610644257703,0.676937441643324,0.15779645191409897
59011,0.16757722919196008,0.6496779306623499,0.18274484014569
59012,0.2218725413060582,0.6509310254392866,0.12719643325465513
59013,0.23110307414104883,0.6701627486437614,0.09873417721518987
59014,0.1704624246626487,0.6671822497199851,0.16235532561736626
59015,0.2616093583835519,0.6570365118752216,0.08135412974122652
59016,0.21836734693877552,0.6819241982507288,0.09970845481049563
59017,0.23000588062334607,0.686930314613349,0.08306380476330491
59018,0.18719532011699708,0.7029574260643484,0.10984725381865454
59019,0.22080979284369115,0.6590552416823603,0.12013496547394853
59020,0.21671258034894397,0.7015610651974288,0.08172635445362718
59021,0.22730759396573766,0.6471490667348504,0.12554333929941192
59022,0.228035538005923,0.6929911154985192,0.07897334649555775
59023,0.24467005076142131,0.6477157360406092,0.10761421319796954
59024,0.20145031038839753,0.6693402186452783,0.12920947096632424
59025,0.2215397649052208,0.6591125701577888,0.11934766493699037
59026,0.19905437352245864,0.6817966903073286,0.11914893617021277
59027,0.19674653770059353,0.6647614860408881,0.13849197625851836
59028,0.2196276571532614,0.6716282033774864,0.10874413946925213
59029,0.23592375366568916,0.6790322580645162,0.08504398826979472
59030,0.19917155678287884,0.6234035208836728,0.1774249223334484
59031,0.18472535741158766,0.6926260346124906,0.12264860797592174
59032,0.20065021071643588,0.6554846478025286,0.14386514148103552
59033,0.13834586466165413,0.7218045112781954,0.13984962406015036
60001,0.21839080459770116,0.6590038314176245,0.12260536398467432
60002,0.196011396011396,0.7042735042735043,0.09971509971509972
60003,0.21258042012247114,0.6752964886442911,0.11212309123323773
60004,0.20933165195460277,0.6460697772173182,0.14459857082807903
60005,0.2417524412773819,0.6719451042491422,0.08630245447347586
60006,0.20837214115699057,0.6713236055055366,0.12030425333747284
60007,0.19336188436830834,0.6625267665952891,0.14411134903640258
60008,0.1830708661417323,0.6675196850393701,0.14940944881889764
60009,0.24613152804642166,0.6634429400386848,0.09042553191489362
60010,0.19310344827586207,0.6289968652037617,0.1778996865203762
60011,0.18483044266114418,0.6526016049702303,0.16256795236862542
60012,0.18777679362267494,0.6811337466784765,0.13108945969884853
60013,0.22492401215805471,0.6793313069908815,0.09574468085106383
60014,0.25565552699228794,0.6546272493573265,0.0897172236503856
60015,0.2030940103133677,0.6493454978183261,0.14756049186830622
60016,0.23025879230258792,0.6396814863968149,0.1300597213005972
60017,0.279383429672447,0.5895953757225434,0.13102119460500963
60018,0.2215464813205908,0.6511728931364031,0.1272806255430061
60019,0.16297676123003635,0.6268360460500199,0.21018719271994382
60020,0.2105619498984428,0.6628300609343263,0.12660798916723087
60021,0.21793275217932753,0.6625155666251556,0.11955168119551682
60022,0.20336134453781513,0.6591036414565826,0.13753501400560225
60023,0.22796709753231492,0.6650998824911868,0.10693301997649823
60024,0.20188534788017992,0.6734615752703608,0.12465307684945928
60025,0.19177377892030847,0.6776349614395887,0.13059125964010282
60026,0.17229496898690558,0.6639558924879394,0.16374913852515507
60027,0.21852731591448932,0.6882422802850356,0.09323040380047506
60028,0.23261390887290168,0.6942446043165468,0.07314148681055156
60029,0.23578595317725753,0.657190635451505,0.10702341137123746
60030,0.18382861091914304,0.6516931582584657,0.16447823082239116
60031,0.20402040204020402,0.678067806780678,0.11791179117911792
60032,0.18580375782881003,0.7118997912317327,0.1022964509394572
60033,0.19675618186652485,0.6757245413453868,0.12751927678808828
60034,0.23577235772357724,0.6849593495934959,0.07926829268292683
60035,0.1700566156426924,0.6820088068777521,0.14793457747955546
60036,0.17360840794083301,0.6453873102374464,0.18100428182172051
60037,0.19793459552495696,0.6729776247848537,0.12908777969018934
60038,0.1719686040540871,0.638922170330342,0.18910922561557084
60039,0.2939618644067797,0.6435381355932204,0.0625
60040,0.17641921397379912,0.6672489082969433,0.15633187772925763
60041,0.21877890841813136,0.6665124884366328,0.1147086031452359
60042,0.21932299012693934,0.6629055007052186,0.11777150916784203
60043,0.18365955789268673,0.646314149381634,0.17002629272567923
60044,0.22404759790427137,0.6559808187549951,0.1199715833407335
60045,0.20761712167172228,0.6929558476575666,0.09942703067071115
60046,0.2194298067828672,0.6739629779759492,0.10660721524118362
60047,0.24234904880066171,0.6567411083540116,0.10090984284532671
60048,0.20055807464248343,0.6832926403906523,0.11614928496686432
60049,0.2381300219138057,0.631117604090577,0.13075237399561723
60050,0.251180358829084,0.6326723323890463,0.11614730878186968
60051,0.21129032258064517,0.6721774193548387,0.11653225806451613
60052,0.18932633420822398,0.6827646544181978,0.1279090113735783
60053,0.2205989773557341,0.674945215485756,0.10445580715850986
60054,0.21915367483296214,0.6623608017817372,0.11848552338530066
60055,0.2849462365591398,0.6352150537634409,0.07983870967741935
60056,0.18719723183391004,0.666955017301038,0.1458477508650519
60057,0.24346076458752516,0.5724346076458753,0.1841046277665996
60058,0.23765104939580242,0.6512613949544201,0.1110875556497774
60059,0.22637106184364061,0.6371061843640606,0.13652275379229872
60060,0.18854342165722163,0.673150559044264,0.13830601929851433
60061,0.2760942760942761,0.6127946127946128,0.1111111111111111
60062,0.16945373467112598,0.6727982162764772,0.15774804905239687
60063,0.19240415621640988,0.6499462558222859,0.15764958796130418
60064,0.2166724078539442,0.678608336203927,0.10471925594212883
60065,0.1814903846153846,0.6610576923076923,0.15745192307692307
60066,0.21859706362153344,0.6729200652528549,0.10848287112561175
60067,0.1675423234092236,0.6725043782837128,0.15995329830706362
60068,0.21610011206574523,0.6512887560702278,0.1326111318640269
60069,0.20330147697654213,0.6646394439617723,0.13205907906168549
60070,0.19689119170984457,0.687392055267703,0.1157167530224525
60071,0.2127886323268206,0.6905861456483127,0.09662522202486679
60072,0.22122571001494767,0.6651718983557549,0.11360239162929746
60073,0.2286096256684492,0.6925133689839572,0.07887700534759358
60074,0.1923159109363648,0.6375913500576947,0.17009273900594044
60075,0.25566037735849056,0.6731132075471699,0.07122641509433962
60076,0.19705340699815838,0.6894567219152854,0.11348987108655617
60077,0.35081967213114756,0.5737704918032787,0.07540983606557378
60078,0.22945484133441824,0.694060211554109,0.07648494711147275
60079,0.2169227241458381,0.6324237560192616,0.15065351983490025
60080,0.17657550535077288,0.7128418549346016,0.11058263971462545
60081,0.2125984251968504,0.7093175853018373,0.07808398950131233
60082,0.27034120734908135,0.6198600174978127,0.10979877515310586
60083,0.21983273596176822,0.6833930704898447,0.0967741935483871
60084,0.23076923076923078,0.6745562130177515,0.09467455621301775
60085,0.2281474233529028,0.6643292020004349,0.10752337464666231
60086,0.21965317919075145,0.6242774566473989,0.15606936416184972
60087,0.21156852527358,0.6789994788952579,0.10943199583116206
60088,0.2608695652173913,0.6133209990749307,0.12580943570767808
60089,0.22481937951551212,0.6812579685507862,0.09392265193370165
60090,0.2335718932986337,0.6896551724137931,0.07677293428757319
60091,0.21232876712328766,0.6986301369863014,0.08904109589041095
61001,0.214468085106383,0.6706382978723404,0.1148936170212766
61002,0.1976897207194034,0.6841643515133792,0.11814592776721743
61003,0.22717671908002815,0.6601736681530157,0.11264961276695612
61004,0.22382225879448672,0.6687924295412466,0.10738531166426661
61005,0.1905725790822369,0.6233123021598226,0.1861151187579405
61006,0.21709491347666493,0.6664918720503409,0.11641321447299423
61007,0.2046613255644574,0.682993445010925,0.11234522942461762
61008,0.20036429872495445,0.6697024893746205,0.129933211900425
61009,0.20322847682119205,0.6442466887417219,0.1525248344370861
61010,0.18985619898950643,0.6774193548387096,0.13272444617178392
61011,0.17829880043620502,0.707742639040349,0.11395856052344602
61012,0.2107264358615169,0.6896137682609566,0.09965979587752652
61013,0.18112049117421336,0.6810656726236158,0.1378138362021708
61014,0.1793357933579336,0.6686346863468635,0.15202952029520295
61015,0.17579023858544265,0.6751241370957975,0.14908562431875985
61016,0.20610096004955095,0.6839578816971198,0.1099411582533292
61017,0.2279648609077599,0.665592972181552,0.10644216691068814
61018,0.18000978314038807,0.6557149845100277,0.16427523234958422
61019,0.21887529556903465,0.6765703711319009,0.10455433329906445
61020,0.22548794489092996,0.6845005740528128,0.09001148105625717
61021,0.18439163744968187,0.6787430203869628,0.1368653421633554
61022,0.14813407200596396,0.6063644735495753,0.2455014544444607
61023,0.2276657060518732,0.6534582132564841,0.11887608069164265
61024,0.25370187561697927,0.6377097729516288,0.10858835143139191
61025,0.1670428893905192,0.7133182844243793,0.11963882618510158
61026,0.2111273792093704,0.6638360175695461,0.12503660322108345
61027,0.24559163807548073,0.6812415223809144,0.07316683954360488
61028,0.2322435174746336,0.6908680947012401,0.07688838782412627
61029,0.18875878220140516,0.7053864168618267,0.10585480093676815
61030,0.23119777158774374,0.6880222841225627,0.0807799442896936
61031,0.26118721461187216,0.6410958904109589,0.09771689497716896
61032,0.20794617109900673,0.656520346042935,0.1355334828580583
61033,0.18645889306824287,0.6813541106931758,0.1321869962385814
61034,0.21388101983002833,0.6515580736543909,0.13456090651558072
61035,0.21028396009209516,0.6577129700690714,0.13200306983883345
61036,0.20794392523364486,0.7016355140186916,0.09042056074766355
61037,0.21423330887747616,0.6870873074101247,0.09867938371239912
61038,0.20582120582120583,0.6943866943866944,0.0997920997920998
61039,0.19399896533885153,0.6927056389032592,0.11329539575788929
61040,0.20130932896890344,0.6268412438625205,0.1718494271685761
61041,0.253892596123292,0.6437877343501748,0.10231966952653321
61042,0.2221862871927555,0.6888745148771022,0.08893919793014231
61043,0.19652765348129586,0.7060139609808483,0.09745838553785574
61044,0.23404255319148937,0.679214402618658,0.0867430441898527
61045,0.24729064039408866,0.6443349753694582,0.10837438423645321
61046,0.19787026726057907,0.672466592427617,0.129663140311804
61047,0.2050561797752809,0.7111063094209161,0.08383751080380294
61048,0.20572886126421955,0.6848539931980767,0.10941714553770376
61049,0.1836055400411836,0.6916307015316916,0.12476375842712477
61050,0.22077922077922077,0.6540259740259741,0.1251948051948052
61051,0.2154774582889599,0.6915157969471069,0.09300674476393327
61052,0.240605548297856,0.6511181126565742,0.10827633904556981
61053,0.20544977292612807,0.7147618849214616,0.07978834215241032
61054,0.20511892918513158,0.6679931265261825,0.1268879442886859
61055,0.21428571428571427,0.6729910714285714,0.11272321428571429
61056,0.2228398180899444,0.6457806973218797,0.13137948458817586
61057,0.1819213703436178,0.663089464451553,0.15498916520482922
61058,0.20686367969494757,0.6737368922783603,0.11939942802669208
61059,0.180390654921486,0.6794331673688242,0.14017617770968976
61060,0.21059479553903346,0.6548327137546468,0.13457249070631971
61061,0.2191592005513439,0.6554100620261888,0.12543073742246727
61062,0.17764555886102848,0.698540869811588,0.12381357132738348
61063,0.2561162079510703,0.6460244648318043,0.09785932721712538
61064,0.23908375089477452,0.6535433070866141,0.1073729420186113
61065,0.212890625,0.689453125,0.09765625
61066,0.19982078853046595,0.6612903225806451,0.1388888888888889
61067,0.178881457236374,0.7037142450547886,0.11740429770883734
61068,0.2161119150988905,0.6676314520019295,0.11625663289917994
61069,0.2189369940161915,0.6645547342485041,0.11650827173530447
61070,0.2111883482290632,0.6709698775239987,0.1178417742469381
61071,0.2068527918781726,0.6928934010152284,0.10025380710659898
61072,0.22274881516587677,0.6777251184834123,0.0995260663507109
61073,0.24527112232030265,0.6298865069356873,0.12484237074401008
61074,0.23334712453454695,0.6580885395117915,0.10856433595366156
61075,0.23110053998457186,0.6781949087168938,0.09070455129853433
61076,0.2541371158392435,0.6666666666666666,0.07919621749408984
61077,0.21214432832405217,0.6808299641467694,0.10702570752917842
61078,0.17305363112252314,0.6632915071944189,0.16365486168305798
61079,0.1891891891891892,0.683046683046683,0.12776412776412777
61080,0.19604612850082373,0.6666666666666666,0.1372872048325096
61081,0.18499190210545258,0.6774338671945295,0.137574230700018
61082,0.20541864380835756,0.6638604010408694,0.130720955150773
61083,0.1811540282757221,0.6372184265710613,0.18162754515321652
61084,0.20952782462057334,0.7053119730185498,0.0851602023608769
61085,0.1869012707722385,0.7053763440860215,0.10772238514173998
61086,0.22012257405515834,0.6649642492339122,0.11491317671092952
61087,0.20751368140807572,0.6885815707735542,0.10390474781837006
61088,0.21336612936989743,0.668934477705673,0.11769939292442956
61089,0.19764812302125734,0.6871702095582692,0.1151816674204734
61090,0.20515097690941386,0.6872621162141589,0.1075869068764273
61091,0.19518791383008485,0.6866548540520376,0.11815723211787746
61092,0.1951127250718717,0.6939779089120895,0.11090936601603874
61093,0.2303595206391478,0.6191744340878829,0.15046604527296936
61094,0.19061551200662435,0.6834115373999448,0.12597295059343086
61095,0.18485675306957708,0.677012278308322,0.13813096862210095
61096,0.2803234501347709,0.6388140161725068,0.08086253369272237
61097,0.19288925214548427,0.6759297098487944,0.13118103800572128
61098,0.20500379075056863,0.6723275208491282,0.12266868840030326
61099,0.24323361823361822,0.6665776353276354,0.09018874643874644
61100,0.17311341410013137,0.6940592614216903,0.13282732447817835
61101,0.2252165543792108,0.6817452678857876,0.0930381777350016
61102,0.18871205028754848,0.7026882439481076,0.10859970576434398
61103,0.2875631313131313,0.616635101010101,0.09580176767676768
61104,0.19493243243243244,0.6918918918918919,0.11317567567567567
62001,0.1858112604818315,0.6446159989351791,0.1695727405829895
62002,0.19306731156791615,0.6533655783958081,0.15356711003627568
62003,0.23033481242436465,0.6607503025413474,0.10891488503428802
62004,0.21259163432514014,0.6511427339370418,0.13626563173781803
62005,0.17914586799778148,0.6999445368829729,0.1209095951192457
62006,0.19971056439942114,0.6208393632416788,0.17945007235890015
62007,0.3166501486620416,0.5857284440039643,0.09762140733399405
62008,0.1677213407191813,0.6202234531968829,0.21205520608393577
62009,0.20724980299448384,0.6792750197005516,0.11347517730496454
62010,0.22136986301369863,0.6695890410958905,0.10904109589041096
62011,0.24764468371467024,0.6278600269179004,0.12449528936742935
62012,0.18294243070362473,0.6473347547974414,0.1697228144989339
62013,0.23369565217391305,0.6260869565217392,0.14021739130434782
62014,0.27309782608695654,0.6120923913043478,0.11480978260869565
62015,0.30472103004291845,0.6197424892703862,0.07553648068669527
62016,0.25098554533508544,0.6465177398160316,0.10249671484888305
62017,0.31846635367762127,0.6048513302034428,0.07668231611893583
62018,0.23648648648648649,0.6563706563706564,0.10714285714285714
62019,0.18278615794143743,0.6574977817213842,0.15971606033717836
62020,0.3707070707070707,0.5434343434343434,0.08585858585858586
62021,0.21348940914158304,0.6510590858416946,0.1354515050167224
62022,0.19816272965879264,0.6515748031496063,0.15026246719160105
62023,0.20768553828102082,0.6318568495159871,0.16045761220299207
62024,0.2566328991799325,0.6116739025566812,0.1316931982633864
62025,0.24784276126558005,0.6208053691275168,0.13135186960690318
62026,0.24748040313549832,0.6741321388577828,0.07838745800671892
62027,0.21345146999597261,0.662102295610149,0.12444623439387838
62028,0.24962178517397882,0.6404437720625316,0.10993444276348967
62029,0.24184868629313075,0.638809749920861,0.11934156378600823
62030,0.17871621621621622,0.6652027027027027,0.15608108108108107
62031,0.24920382165605096,0.6393312101910829,0.11146496815286625
62032,0.19963369963369965,0.7188644688644689,0.0815018315018315
62033,0.2772384034519957,0.6127292340884574,0.11003236245954692
62034,0.217964824120603,0.6526381909547738,0.12939698492462312
62035,0.19337887545980031,0.6626379400945875,0.1439831844456122
62036,0.2736318407960199,0.6417910447761194,0.0845771144278607
62037,0.22843450479233227,0.6337288909173893,0.1378366042902784
62038,0.2180782180782181,0.6723646723646723,0.10955710955710955
62039,0.2012461059190031,0.6280373831775701,0.1707165109034268
62040,0.212486602357985,0.6572883172561629,0.1302250803858521
62041,0.24855907780979827,0.6073487031700289,0.1440922190201729
62042,0.2540792540792541,0.6239316239316239,0.12198912198912198
62043,0.19071434525297992,0.6596649162290573,0.14962073851796281
62044,0.2668997668997669,0.6027972027972028,0.1303030303030303
62045,0.2706921944035346,0.6203240058910162,0.10898379970544919
62046,0.2428040854224698,0.6731662024141133,0.0840297121634169
62047,0.1736111111111111,0.7110042735042735,0.11538461538461539
62048,0.17305585980284777,0.6522453450164294,0.1746987951807229
62049,0.23053892215568864,0.6414670658682635,0.1279940119760479
62050,0.24381828637147787,0.6342725704427832,0.12190914318573894
62051,0.3132780082987552,0.6078838174273858,0.07883817427385892
62052,0.20333333333333334,0.6574074074074074,0.13925925925925925
62053,0.20220264317180617,0.6607929515418502,0.1370044052863436
62054,0.20270270270270271,0.6574844074844075,0.1398128898128898
62055,0.205761316872428,0.6650205761316872,0.12921810699588476
62056,0.24472168905950095,0.6238003838771593,0.13147792706333974
62057,0.26443914081145586,0.5990453460620525,0.13651551312649166
62058,0.1570986972841687,0.6287259880768381,0.21417531463899314
62059,0.29355699580632866,0.6057948913457872,0.10064811284788411
62060,0.18680129823296068,0.6902271907681212,0.12297151099891813
62061,0.19211576846307385,0.6596806387225549,0.14820359281437126
62062,0.23552338530066816,0.6525612472160356,0.11191536748329621
62063,0.22622478386167147,0.622478386167147,0.15129682997118155
62064,0.23184357541899442,0.6141759776536313,0.1539804469273743
62065,0.18973418881759854,0.6773602199816682,0.13290559120073328
62066,0.19551681195516812,0.638854296388543,0.1656288916562889
62067,0.16326530612244897,0.650319829424307,0.18641486445324398
62068,0.19733185102834908,0.669816564758199,0.13285158421345192
62069,0.21691176470588236,0.6446078431372549,0.13848039215686275
62070,0.2270801033591731,0.644547803617571,0.1283720930232558
62071,0.15582726326742977,0.6852237252861603,0.15894901144641
62072,0.26655629139072845,0.6043046357615894,0.1291390728476821
62073,0.20308716707021793,0.6349878934624698,0.16192493946731235
62074,0.16435053885422576,0.633011911514464,0.20263754963131025
62075,0.2421758569299553,0.6833084947839047,0.07451564828614009
62076,0.21943159286186384,0.6652346331791144,0.11533377395902181
62077,0.20039138943248533,0.6555772994129159,0.14403131115459883
62078,0.2440087145969499,0.6318082788671024,0.12418300653594772
63001,0.2076109537299339,0.6898205854579792,0.10256846081208687
63002,0.2433113782022831,0.6713299128304365,0.08535870896728034
63003,0.2260806916426513,0.6644092219020173,0.10951008645533142
63004,0.2040943897483982,0.686044694483513,0.10986091576808876
63005,0.23432940939732366,0.6852802092765872,0.08039038132608914
63006,0.20866291612029947,0.6598282644558183,0.13150881942388223
63007,0.19338092147955874,0.6928401470906338,0.11377893142980748
63008,0.22732945091514142,0.6765806988352745,0.09608985024958402
63009,0.2031679683203168,0.6803431965680343,0.11648883511164888
63010,0.21173381245249118,0.6850252228595122,0.10324096468799668
63011,0.23628627402963145,0.6861148524550018,0.07759887351536672
63012,0.21471577828935717,0.6798299982291482,0.1054542234814946
63013,0.21190375685943436,0.6549176867876741,0.13317855635289153
63014,0.1829004329004329,0.6655844155844156,0.15151515151515152
63015,0.18222025652366208,0.6797877045555064,0.13799203892083148
63016,0.22606180544984017,0.6788958238189475,0.09504237073121226
63017,0.19547310860386238,0.7094898594863985,0.09503703190973904
63018,0.14370215727209465,0.6795407098121086,0.1767571329157968
63019,0.1722694936532292,0.6901938903612778,0.1375366159854931
63020,0.23598111488445292,0.6789530356994947,0.08506584941605234
63021,0.2112473825904876,0.6976368531259348,0.09111576428357762
63022,0.2525464349910126,0.6794487717195926,0.06800479328939485
63023,0.20960621837647578,0.6898731392535015,0.10052064237002273
63024,0.19537160658655986,0.6615144979630961,0.14311389545034406
63025,0.21498510004257132,0.6777352064708386,0.10727969348659004
63026,0.2024407296764762,0.6772389245534863,0.1203203457700375
63027,0.20232375294837074,0.6655018782213681,0.1321743688302612
63028,0.1871666143708817,0.6520238468779417,0.16080953875117665
63029,0.20902160101651843,0.6283354510800508,0.16264294790343076
63030,0.2360333914319787,0.688102008990001,0.07586459957802036
63031,0.17877129710235046,0.6798283795547817,0.1414003233428678
63032,0.22327586206896552,0.629047976011994,0.14767616191904048
63033,0.2284182678919521,0.6826093010303537,0.08897243107769423
63034,0.20314522103121124,0.6868702194693109,0.10998455949947789
63035,0.2009991867084931,0.6710816777041942,0.12791913558731266
63036,0.24511164374921154,0.6477860476851268,0.10710230856566166
63037,0.17928834625749326,0.6654017488863224,0.15530990485618434
63038,0.19067405355494,0.6613573407202216,0.14796860572483841
63039,0.23649873142442915,0.6817687567959405,0.0817325117796303
63040,0.19886363636363635,0.6342329545454546,0.1669034090909091
63041,0.19711158749858965,0.6852269735604949,0.11766143894091542
63042,0.18802208693189862,0.674217754495257,0.1377601585728444
63043,0.1863163410434913,0.6569353993562392,0.15674825960026947
63044,0.21354888375673595,0.677983063895304,0.10846805234795998
63045,0.21297248261263985,0.7046870275173873,0.08234048986997279
63046,0.16510603139630955,0.6670338749655742,0.16786009363811621
63047,0.22263367052023122,0.654353323699422,0.12301300578034682
63048,0.19339577710747738,0.6973805365931101,0.1092236862994126
63049,0.2019547650484341,0.6396217918797183,0.15842344307184755
63050,0.18651358344113841,0.6414294954721863,0.17205692108667528
63051,0.20307779456193353,0.6621506797583081,0.1347715256797583
63052,0.22389775493643493,0.6446443061942115,0.13145793886935353
63053,0.17052122885743873,0.661373835001726,0.16810493614083535
63054,0.21309928274820686,0.7114005285013213,0.07550018875047187
63055,0.219482741270001,0.6782228036630774,0.1022944550669216
63056,0.1833431678327573,0.6792548259293602,0.13740200623788248
63057,0.1901367910304559,0.6548425121302667,0.15502069683927738
63058,0.19813362185555855,0.6565233071860067,0.14534307095843477
63059,0.18215879775602964,0.6263257032881536,0.1915154989558167
63060,0.2058452834416312,0.6624607887071476,0.13169392785122117
63061,0.18461216809533765,0.6615095128580389,0.15387831904662347
63062,0.23094749977716375,0.6952936981905695,0.07375880203226669
63063,0.20385017561734187,0.6919323269968094,0.10421749738584873
63064,0.23461944008091068,0.6544942006842978,0.11088635923479159
63065,0.22128213472177025,0.6685649202733486,0.11015294500488122
63066,0.2204775022956841,0.641505968778696,0.13801652892561983
63067,0.19015448810292584,0.6515821370026328,0.15826337489444142
63068,0.22664226898444648,0.6496248856358646,0.12373284537968893
63069,0.16869398207426375,0.6350832266325224,0.19622279129321382
63070,0.18282890673255095,0.6248301420630018,0.1923409512044472
63071,0.17192331478045764,0.654669140383426,0.17340754483611626
63072,0.2008626001232286,0.6677757239679606,0.13136167590881084
63073,0.23861215379933043,0.6709614148997328,0.09042643130093674
63074,0.21931966607984554,0.6885115565903799,0.09216877732977455
63075,0.18249054007567939,0.6701066391468868,0.14740282077743377
63076,0.20117079889807163,0.6606749311294766,0.13815426997245178
63077,0.16956367506207876,0.6567931890741397,0.1736431358637815
63078,0.19089625970359916,0.7043048694424842,0.10479887085391673
63079,0.20306158320283788,0.6710875331564987,0.12585088364066344
63080,0.17324832030714385,0.6498697381050322,0.17688194158782394
63081,0.22109404746795278,0.6857469221982485,0.0931590303337987
63082,0.22943640517897942,0.6772023356181772,0.09336125920284336
63083,0.19966424780678002,0.6744286797357305,0.12590707245748944
63084,0.21729356509172654,0.6635756626925187,0.11913077221575476
63085,0.18155802861685214,0.7046104928457869,0.11383147853736089
63086,0.19644567415132488,0.665371927210812,0.13818239863786314
63087,0.20141743444365698,0.6895818568391212,0.10900070871722183
63088,0.22159672466734903,0.6640225179119754,0.11438075742067554
63089,0.19608016244371854,0.6998322592036726,0.10408757835260882
63090,0.21956542366448428,0.6785273745137109,0.10190720182180472
63091,0.17964222726127488,0.6598639455782312,0.16049382716049382
63092,0.2086114101184069,0.6977395048439182,0.09364908503767493
64001,0.17017259978425028,0.6731391585760518,0.15668824163969794
64002,0.19542395693135936,0.6890982503364738,0.11547779273216689
64003,0.24379652605459057,0.6457816377171216,0.11042183622828784
64004,0.2347645429362881,0.6544321329639889,0.11080332409972299
64005,0.22948679321080648,0.6266947875866224,0.14381841920257105
64006,0.1659517973856209,0.6704452614379085,0.1636029411764706
64007,0.21033791523482245,0.6629438717067583,0.12671821305841924
64008,0.14945899484275457,0.5999191020325614,0.25062190312468396
64009,0.18846153846153846,0.6891608391608391,0.12237762237762238
64010,0.1866540014248397,0.6459273331750178,0.1674186654001425
64011,0.23863978332831778,0.6220282876918447,0.13933192897983748
64012,0.20707547169811322,0.6759433962264151,0.1169811320754717
64013,0.40148698884758366,0.4944237918215613,0.10408921933085502
64014,0.25012165450121654,0.629683698296837,0.12019464720194648
64015,0.2357843137254902,0.634313725490196,0.12990196078431374
64016,0.20038722168441434,0.691190706679574,0.10842207163601161
64017,0.2228476821192053,0.6450331125827815,0.13211920529801324
64018,0.1938726663475347,0.6562948779320249,0.1498324557204404
64019,0.23399014778325122,0.6157635467980296,0.15024630541871922
64020,0.24165029469548133,0.6581532416502947,0.10019646365422397
64021,0.22528735632183908,0.6689655172413793,0.10574712643678161
64022,0.20361083249749248,0.6850551654964895,0.11133400200601805
64023,0.2512998266897747,0.6227614095898325,0.12593876372039284
64024,0.19789473684210526,0.6701754385964912,0.1319298245614035
64025,0.18416544297601567,0.666789035731767,0.14904552129221732
64026,0.1594142259414226,0.6794979079497908,0.16108786610878661
64027,0.18510158013544017,0.6523702031602708,0.16252821670428894
64028,0.21881390593047034,0.6717791411042945,0.10940695296523517
64029,0.20007328691828508,0.6877977281055332,0.11212898497618175
64030,0.23777961888980945,0.6114333057166529,0.1507870753935377
64031,0.18544600938967137,0.6919014084507042,0.12265258215962441
64032,0.23211243611584328,0.6350085178875639,0.13287904599659284
64033,0.21052631578947367,0.6264262053735737,0.16304747883695253
64034,0.21127348643006263,0.6897703549060543,0.09895615866388309
64035,0.21535637809727745,0.6598348118690731,0.12480881003364944
64036,0.1968810916179337,0.6364522417153996,0.16666666666666666
64037,0.33695652173913043,0.5797101449275363,0.08333333333333333
64038,0.19994449840432912,0.6550575829055085,0.14499791869016235
64039,0.17215041128084607,0.663337250293772,0.1645123384253819
64040,0.2539573296627667,0.6111493461803166,0.1348933241569167
64041,0.17311608961303462,0.6415478615071283,0.18533604887983707
64042,0.18754578754578755,0.6644688644688644,0.147985347985348
64043,0.18293869607525137,0.6334738890690885,0.18358741485566007
64044,0.2102517985611511,0.6512589928057554,0.13848920863309352
64045,0.17901828681424448,0.6737247353224254,0.1472569778633301
64046,0.18815331010452963,0.6637630662020906,0.1480836236933798
64047,0.16993906567366282,0.6797562626946513,0.15030467163168584
64048,0.26867469879518074,0.6493975903614457,0.0819277108433735
64049,0.14937034653920397,0.6419707693721849,0.20865888408861108
64050,0.19557312252964426,0.6510671936758893,0.1533596837944664
64051,0.2543859649122807,0.6374269005847953,0.10818713450292397
64052,0.252035065748278,0.6396368190356919,0.10832811521603006
64053,0.21312584573748308,0.6792963464140731,0.10757780784844384
64054,0.15669731728125888,0.66821499668215,0.17508768603659114
64055,0.1925373134328358,0.6756218905472637,0.1318407960199005
64056,0.20898100172711573,0.6295336787564767,0.1614853195164076
64057,0.22948438634713145,0.6341321713870733,0.1363834422657952
64058,0.25121163166397414,0.6587237479806138,0.09006462035541195
64059,0.20273684210526316,0.6578947368421053,0.13936842105263159
64060,0.23546511627906977,0.6729651162790697,0.09156976744186046
64063,0.3051948051948052,0.601113172541744,0.09369202226345083
64064,0.19493314567206194,0.7178043631245602,0.08726249120337791
64065,0.17314118629908104,0.6714703425229741,0.15538847117794485
64066,0.24829653856636685,0.6391387298991551,0.11256473153447806
64067,0.1781818181818182,0.6623376623376623,0.15948051948051947
64068,0.17520049352251696,0.6896977174583591,0.135101789019124
64069,0.24958402662229617,0.6139767054908486,0.13643926788685523
64070,0.22018802572983673,0.6378030677882236,0.14200890648193965
64071,0.26865671641791045,0.6455223880597015,0.08582089552238806
64072,0.20307529162248145,0.6240721102863203,0.1728525980911983
64073,0.2358974358974359,0.6644688644688644,0.09963369963369964
64074,0.19415609381007304,0.6766628219915417,0.12918108419838523
64075,0.18289434744007102,0.6691328795501628,0.1479727730097662
64076,0.1642512077294686,0.6908212560386473,0.14492753623188406
64077,0.1905615292712067,0.6839904420549582,0.12544802867383512
64078,0.18400369856680537,0.701340730466944,0.11465557096625058
64079,0.24032042723631508,0.6395193591455274,0.12016021361815754
64080,0.17930815614090764,0.6467788003808315,0.17391304347826086
64081,0.16011644832605532,0.6637554585152838,0.17612809315866085
64082,0.22063037249283668,0.6513849092645654,0.1279847182425979
64083,0.18967828418230562,0.6798480786416443,0.13047363717605004
64084,0.18265440210249673,0.6811213315812528,0.13622426631625054
64085,0.18696883852691218,0.6373937677053825,0.17563739376770537
64086,0.18544935805991442,0.6576319543509273,0.15691868758915833
64087,0.26750700280112044,0.6309523809523809,0.1015406162464986
64088,0.24226006191950464,0.653250773993808,0.1044891640866873
64089,0.193815987933635,0.6191553544494721,0.1870286576168929
64090,0.25666199158485276,0.5890603085553997,0.15427769985974754
64091,0.24071322436849926,0.6760772659732541,0.08320950965824665
64092,0.23263982707376385,0.6417184544717643,0.12564171845447175
64093,0.21066907775768534,0.6265822784810127,0.162748643761302
64095,0.20041109969167523,0.6603288797533402,0.13926002055498457
64096,0.2814122533748702,0.6199376947040498,0.09865005192107996
64097,0.2773938795656466,0.5972359328726555,0.12537018756169793
64098,0.20388349514563106,0.6726768377253814,0.12343966712898752
64099,0.23412382619767627,0.6617857711284418,0.10409040267388191
64100,0.15089216446858028,0.7009309542280838,0.14817688130333592
64101,0.21042797401904084,0.6761277693744995,0.11344425660645965
64102,0.2015810276679842,0.6462450592885376,0.15217391304347827
64103,0.17613805415055042,0.6798571853614995,0.14400476048795002
64104,0.19954303122619954,0.6443259710586443,0.15613099771515612
64105,0.17425320056899005,0.6692745376955903,0.15647226173541964
64106,0.22472727272727272,0.6589090909090909,0.11636363636363636
64107,0.18273866923818707,0.6634522661523626,0.15380906460945035
64108,0.2523364485981308,0.6240115025161754,0.12365204888569374
64109,0.2353573347662547,0.6716818914562064,0.09296077377753896
64110,0.19400352733686066,0.6948853615520282,0.1111111111111111
64111,0.24161073825503357,0.6823266219239373,0.07606263982102908
64112,0.269183922046285,0.6151035322777101,0.11571254567600488
64113,0.20689655172413793,0.6657824933687002,0.1273209549071618
64114,0.24294736842105263,0.6021052631578947,0.15494736842105264
64115,0.2532188841201717,0.6171673819742489,0.1296137339055794
64116,0.18561484918793503,0.6097447795823666,0.2046403712296984
64117,0.21251475796930341,0.641086186540732,0.14639905548996457
64118,0.24343506032647266,0.673527324343506,0.0830376153300213
64119,0.25052854122621565,0.6483439041578577,0.1011275546159267
64120,0.23429179978700745,0.6517571884984026,0.11395101171458999
64121,0.2050834084761046,0.6863728584310189,0.10854373309287646
65001,0.21048182586644126,0.7134404057480981,0.0760777683854607
65002,0.17002838029596595,0.644030002027164,0.18594161767687006
65003,0.23035745121740633,0.663270592298394,0.10637195648419961
65004,0.23725055432372505,0.6751662971175166,0.08758314855875832
65005,0.22253129346314326,0.6570854581981147,0.12038324833874207
65006,0.17705351244219336,0.67628275710196,0.14666373045584674
65007,0.18884078573274748,0.665966658051176,0.14519255621607652
65008,0.22642967542503864,0.6584234930448223,0.1151468315301391
65009,0.21035181433044758,0.6373181064652791,0.15233007920427336
65010,0.22181818181818183,0.6559090909090909,0.12227272727272727
65011,0.1901595744680851,0.6768617021276596,0.13297872340425532
65012,0.24089775561097257,0.6683291770573566,0.09077306733167083
65013,0.17264284792983361,0.6425899651747711,0.18476718689539534
65014,0.19038917531379843,0.6558767865300529,0.15373403815614872
65015,0.23269513991163476,0.625920471281296,0.14138438880706922
65016,0.1834392293502767,0.6790325886452142,0.13752818200450911
65017,0.24303970789593793,0.634185303514377,0.12277498858968508
65018,0.2174107142857143,0.6763392857142857,0.10625
65019,0.24979114452798662,0.639515455304929,0.11069340016708437
65020,0.21036585365853658,0.6577743902439024,0.13185975609756098
65021,0.23647388059701493,0.6506529850746269,0.11287313432835822
65022,0.2047463936714751,0.6795851891245097,0.11566841720401516
65023,0.25878594249201275,0.5718849840255591,0.16932907348242812
65024,0.2280130293159609,0.6482084690553745,0.1237785016286645
65025,0.21557205960875686,0.6605019173826513,0.12392602300859182
65026,0.2389558232931727,0.6556224899598394,0.10542168674698796
65027,0.3562753036437247,0.5732793522267207,0.07044534412955465
65028,0.1956390066626287,0.6616192206743388,0.1427417726630325
65029,0.271889400921659,0.6238479262672811,0.10426267281105991
65030,0.2823943661971831,0.6126760563380281,0.10492957746478873
65031,0.1882601141722512,0.6643087614792752,0.14743112434847358
65032,0.18954758190327614,0.6907176287051482,0.11973478939157567
65033,0.26371681415929205,0.6513274336283186,0.08495575221238938
65034,0.16702646517949948,0.6796194131286479,0.15335412169185256
65035,0.22185273159144894,0.6427553444180523,0.13539192399049882
65036,0.18661087866108786,0.7196652719665272,0.09372384937238494
65037,0.19380690639029916,0.6429740276087778,0.1632190660009231
65038,0.22108433734939759,0.6807228915662651,0.09819277108433735
65039,0.20911983032873807,0.6784729586426299,0.11240721102863202
65040,0.22565543071161048,0.6441947565543071,0.1301498127340824
65041,0.25395152792413067,0.619072708113804,0.12697576396206534
65042,0.252470799640611,0.6540880503144654,0.09344115004492363
65043,0.21567398119122258,0.7125391849529781,0.07178683385579937
65044,0.21739130434782608,0.6312399355877617,0.15136876006441224
65045,0.24566088117489987,0.6074766355140186,0.14686248331108145
65046,0.17379767827529022,0.6852404643449419,0.14096185737976782
65047,0.19550173010380623,0.676038062283737,0.12846020761245674
65048,0.2289156626506024,0.608433734939759,0.16265060240963855
65049,0.22879684418145957,0.6193293885601578,0.15187376725838264
65050,0.2107802074005604,0.6535428521909934,0.13567694040844622
65051,0.22756119673617406,0.6391659111514053,0.13327289211242066
65052,0.18397370686282183,0.641286485640504,0.17473980749667423
65053,0.17619783616692428,0.714064914992272,0.10973724884080371
65054,0.23832684824902725,0.6254863813229572,0.13618677042801555
65055,0.19253058596265293,0.6842670100880017,0.12320240394934535
65056,0.21764267064528162,0.6822081312942931,0.10014919806042522
65057,0.2180952380952381,0.6457142857142857,0.1361904761904762
65058,0.24522028262676643,0.6350789692435578,0.11970074812967581
65059,0.16080937167199147,0.6485623003194888,0.1906283280085197
65060,0.19499105545617174,0.6708407871198568,0.13416815742397137
65061,0.2357142857142857,0.6492063492063492,0.11507936507936507
65062,0.19622093023255813,0.6438953488372093,0.15988372093023256
65063,0.25573770491803277,0.6762295081967213,0.0680327868852459
65064,0.22422954303931988,0.7088204038257173,0.0669500531349628
65065,0.2879045996592845,0.5979557069846678,0.1141396933560477
65066,0.2031589338598223,0.6631786771964462,0.1336623889437315
65067,0.19446113782051283,0.6610576923076923,0.14448116987179488
65068,0.18533604887983707,0.6761710794297352,0.1384928716904277
65069,0.19092516205067767,0.6098998232174425,0.1991750147318798
65070,0.2775061124694376,0.632640586797066,0.08985330073349633
65071,0.1948376353039134,0.6594504579517069,0.14571190674437967
65072,0.16492589276832786,0.708445240226798,0.12662886700487416
65073,0.21414034156269357,0.6808247057782497,0.10503495265905673
65074,0.23694779116465864,0.6265060240963856,0.13654618473895583
65075,0.2843567251461988,0.6074561403508771,0.10818713450292397
65076,0.24136752136752138,0.6567521367521367,0.10188034188034188
65077,0.27288428324697755,0.6459412780656304,0.08117443868739206
65078,0.18556000485377988,0.6468389758524451,0.16760101929377502
65079,0.18926553672316385,0.6819755786404228,0.12875888463641333
65080,0.18869731800766285,0.6676245210727969,0.14367816091954022
65081,0.2008506616257089,0.666351606805293,0.1327977315689981
65082,0.21153846153846154,0.6887959866220735,0.09966555183946488
65083,0.2196769456681351,0.6669603524229075,0.11336270190895742
65084,0.23382749326145552,0.6805929919137467,0.08557951482479785
65085,0.2786016949152542,0.597457627118644,0.1239406779661017
65086,0.28422876949740034,0.6187175043327556,0.09705372616984402
65087,0.21639697950377562,0.6658036677454153,0.11779935275080906
65088,0.20175964176468733,0.669546844943395,0.12869351329191764
65089,0.23232908458864426,0.6741019698725377,0.09356894553881807
65090,0.17418906854478722,0.6367423866679893,0.18906854478722349
65091,0.21250758955676988,0.6618093503339405,0.12568306010928962
65092,0.21583652618135377,0.6768837803320562,0.10727969348659004
65093,0.20512820512820512,0.6794871794871795,0.11538461538461539
65094,0.2332657200811359,0.6724137931034483,0.09432048681541583
65095,0.22566371681415928,0.6345132743362832,0.13982300884955753
65096,0.22552824493316084,0.6226821905993963,0.15178956446744285
65097,0.21754532194207127,0.6443008960200042,0.13815378203792456
65098,0.2136627906976744,0.6206395348837209,0.16569767441860464
65099,0.20009246028410524,0.664074976884929,0.1358325628309658
65100,0.19715909090909092,0.6897727272727273,0.11306818181818182
65101,0.23875802997858672,0.6777301927194861,0.0835117773019272
65102,0.23191489361702128,0.6553191489361702,0.1127659574468085
65103,0.18781725888324874,0.6913705583756345,0.12081218274111676
65104,0.1812471960520413,0.6801256168685509,0.1386271870794078
65105,0.29227761485826004,0.5992179863147605,0.10850439882697947
65106,0.22894168466522677,0.6477938907744524,0.12326442456032088
65107,0.2427315753887762,0.6741041244083841,0.08316430020283976
65108,0.18344519015659955,0.6585881183196619,0.15796669152373852
65109,0.25349794238683127,0.6650205761316872,0.08148148148148149
65110,0.21568627450980393,0.6694677871148459,0.11484593837535013
65111,0.25118483412322273,0.6445497630331753,0.10426540284360189
65112,0.19390581717451524,0.721606648199446,0.08448753462603878
65113,0.3247058823529412,0.5694117647058824,0.10588235294117647
65114,0.2035124878651487,0.6665784132027182,0.1299090989321331
65115,0.18181818181818182,0.6895933014354066,0.12858851674641147
65116,0.15774265538605023,0.5823063087069482,0.2599510359070015
65117,0.2968421052631579,0.631578947368421,0.07157894736842105
65118,0.18888144675150703,0.681178834561286,0.12993971868720697
65119,0.23607038123167157,0.6442815249266862,0.11964809384164223
65120,0.27621346205417,0.61491016358273,0.10887637436310002
65121,0.1588508660752007,0.688212927756654,0.15293620616814532
65122,0.21488133418858243,0.6768227496258286,0.10829591618558905
65123,0.22386223862238622,0.6211562115621156,0.15498154981549817
65124,0.25769230769230766,0.6461538461538462,0.09615384615384616
65125,0.1943900848010437,0.6594911937377691,0.1461187214611872
65126,0.24900133155792276,0.677762982689747,0.07323568575233022
65127,0.2365117068204954,0.6450627757041059,0.11842551747539871
65128,0.26464646464646463,0.5656565656565656,0.1696969696969697
65129,0.1884522854851644,0.6355252606255012,0.1760224538893344
65130,0.21200148166440302,0.6816890974194345,0.1063094209161625
65131,0.29708222811671087,0.6153846153846154,0.08753315649867374
65132,0.2129572859186593,0.6908849376660535,0.09615777641528714
65133,0.2569134701159679,0.6360392506690455,0.10704727921498662
65134,0.17485885088010628,0.6557622052474261,0.16937894387246763
65135,0.22113223700638532,0.6656083901116541,0.11325937288196054
65136,0.2230983302411874,0.6607142857142857,0.1161873840445269
65137,0.188198269079465,0.676610093289873,0.13519163763066203
65138,0.21974063400576369,0.6613832853025937,0.11887608069164265
65139,0.2490974729241877,0.6425992779783394,0.10830324909747292
65140,0.20011702750146285,0.7012873025160913,0.09859566998244587
65141,0.22212389380530972,0.6743362831858407,0.10353982300884956
65142,0.1869285472400948,0.6724235240997856,0.14064792866011966
65143,0.22600834492350486,0.6794158553546592,0.09457579972183588
65144,0.26851851851851855,0.6111111111111112,0.12037037037037036
65145,0.22388059701492538,0.6322930800542741,0.14382632293080055
65146,0.24184943687018376,0.6292234736218139,0.12892708950800238
65147,0.16539140670982933,0.6768687463213655,0.1577398469688052
65148,0.21723518850987433,0.6840215439856373,0.09874326750448834
65149,0.22096774193548388,0.6596774193548387,0.11935483870967742
65150,0.2869757174392936,0.5960264900662252,0.11699779249448124
65151,0.23219978746014877,0.6798618490967057,0.0879383634431456
65152,0.1998631074606434,0.6933607118412046,0.10677618069815195
65153,0.25806451612903225,0.6082949308755761,0.1336405529953917
65154,0.163715644820296,0.6206395348837209,0.2156448202959831
65155,0.2278127183787561,0.6813417190775681,0.09084556254367575
65156,0.18127490039840638,0.649734395750332,0.1689907038512616
65157,0.1884648995048063,0.6586076318089135,0.1529274686862802
65158,0.218018018018018,0.682063882063882,0.09991809991809991
66001,0.2730627306273063,0.6236162361623616,0.1033210332103321
66002,0.2,0.6494296577946768,0.1505703422053232
66003,0.14702581369248036,0.6509539842873177,0.20202020202020202
66004,0.17064846416382254,0.6655290102389079,0.16382252559726962
66005,0.21324245374878287,0.6621226874391432,0.124634858812074
66006,0.15961134453781511,0.6366596638655462,0.20372899159663865
66007,0.24967105263157896,0.6671052631578948,0.08322368421052631
66008,0.2150170648464164,0.6535836177474402,0.13139931740614336
66009,0.1730395333765392,0.6966947504860661,0.13026571613739468
66010,0.24296296296296296,0.642962962962963,0.11407407407407408
66011,0.27941176470588236,0.5882352941176471,0.1323529411764706
66012,0.211340206185567,0.6628865979381443,0.12577319587628866
66013,0.25272727272727274,0.6709090909090909,0.07636363636363637
66014,0.20930232558139536,0.6821705426356589,0.10852713178294573
66015,0.17541436464088397,0.6408839779005525,0.18370165745856354
66016,0.27370689655172414,0.6443965517241379,0.08189655172413793
66017,0.23690205011389523,0.6605922551252847,0.10250569476082004
66018,0.2436548223350254,0.5685279187817259,0.18781725888324874
66019,0.2590286425902864,0.6338729763387297,0.10709838107098381
66020,0.25396825396825395,0.6218743205044575,0.12415742552728853
66021,0.22395833333333334,0.6857638888888888,0.09027777777777778
66022,0.17647058823529413,0.6813725490196079,0.14215686274509803
66023,0.2462962962962963,0.6703703703703704,0.08333333333333333
66024,0.1232876712328767,0.726027397260274,0.1506849315068493
66025,0.17787554996857322,0.7138068300858998,0.10831761994552692
66026,0.25707547169811323,0.5849056603773585,0.1580188679245283
66027,0.18085106382978725,0.6418439716312057,0.1773049645390071
66028,0.14721141374837873,0.6606679636835279,0.1921206225680934
66029,0.2648870636550308,0.6786447638603696,0.05646817248459959
66030,0.2,0.7333333333333333,0.06666666666666667
66031,0.2938271604938272,0.6037037037037037,0.10246913580246914
66032,0.21729628473306276,0.6433551878447289,0.13934852742220835
66033,0.22275862068965518,0.663448275862069,0.11379310344827587
66034,0.23441108545034642,0.6916859122401847,0.07390300230946882
66035,0.18705035971223022,0.6223021582733813,0.1906474820143885
66036,0.2083478260869565,0.6904347826086956,0.10121739130434783
66037,0.3137254901960784,0.6127450980392157,0.07352941176470588
66038,0.2064516129032258,0.6529032258064517,0.1406451612903226
66039,0.19831618334892423,0.6435921421889617,0.1580916744621141
66040,0.28125,0.625,0.09375
66041,0.17007534983853606,0.7018299246501615,0.12809472551130247
66042,0.16853932584269662,0.6797752808988764,0.15168539325842698
66043,0.20588235294117646,0.6470588235294118,0.14705882352941177
66044,0.19878603945371776,0.6084977238239757,0.19271623672230653
66045,0.18181818181818182,0.6545454545454545,0.16363636363636364
66046,0.23430702299564948,0.651336233685519,0.11435674331883157
66047,0.19387755102040816,0.6816326530612244,0.12448979591836734
66048,0.18888888888888888,0.6322751322751323,0.17883597883597885
66049,0.14350047362454774,0.6056493314905974,0.2508501948848549
66050,0.2135523613963039,0.6591375770020534,0.1273100616016427
66051,0.23941847626058152,0.6577107103422893,0.10287081339712918
66052,0.1880952380952381,0.6630952380952381,0.1488095238095238
66053,0.19683120048750763,0.6694088970140158,0.13375990249847655
66054,0.16116653875671527,0.639293937068304,0.1995395241749808
66055,0.21726190476190477,0.6636904761904762,0.11904761904761904
66056,0.2504816955684008,0.6401734104046243,0.10934489402697495
66057,0.2516077170418006,0.6720257234726688,0.07636655948553055
66058,0.20335429769392033,0.6771488469601677,0.11949685534591195
66059,0.1391304347826087,0.6589371980676328,0.20193236714975846
66060,0.20631067961165048,0.6868932038834952,0.10679611650485436
66061,0.20165745856353592,0.6657458563535912,0.13259668508287292
66062,0.21397756686798963,0.6937014667817084,0.09232096635030199
66063,0.31934731934731936,0.5641025641025641,0.11655011655011654
66064,0.21226993865030674,0.6815950920245398,0.10613496932515337
66065,0.18647166361974407,0.6261425959780622,0.18738574040219377
66066,0.20881226053639848,0.6484674329501916,0.14272030651340997
66067,0.19966996699669967,0.7029702970297029,0.09735973597359736
66068,0.15888324873096446,0.6878172588832487,0.1532994923857868
66069,0.2128022759601707,0.6554765291607397,0.13172119487908962
66070,0.19729206963249515,0.6373307543520309,0.1653771760154739
66071,0.1766109785202864,0.6722354813046937,0.1511535401750199
66072,0.16319796954314722,0.6923857868020304,0.14441624365482233
66073,0.18483904465212878,0.6625129802699896,0.1526479750778816
66074,0.19248826291079812,0.6619718309859155,0.14553990610328638
66075,0.18299583085169743,0.6725729600952948,0.14443120905300774
66076,0.22769953051643194,0.636150234741784,0.13615023474178403
66077,0.17426381605486083,0.6607503025413474,0.16498588140379186
66078,0.16923076923076924,0.6107692307692307,0.22
66079,0.21913043478260869,0.671304347826087,0.10956521739130434
66080,0.1948529411764706,0.7230392156862745,0.0821078431372549
66081,0.15766738660907129,0.6695464362850972,0.17278617710583152
66082,0.15756630265210608,0.6521060842433697,0.19032761310452417
66083,0.19879518072289157,0.6144578313253012,0.18674698795180722
66084,0.1624113475177305,0.6624113475177305,0.175177304964539
66085,0.22251232956193792,0.6431679721496953,0.1343196982883667
66086,0.37894736842105264,0.4631578947368421,0.15789473684210525
66087,0.16227064220183487,0.6811926605504587,0.1565366972477064
66088,0.17540983606557378,0.6819672131147541,0.14262295081967213
66089,0.24667931688804554,0.6726755218216319,0.08064516129032258
66090,0.18018018018018017,0.6816816816816816,0.13813813813813813
66091,0.18181818181818182,0.6363636363636364,0.18181818181818182
66092,0.26843657817109146,0.6347099311701082,0.09685349065880039
66093,0.25214723926380367,0.6355828220858896,0.11226993865030675
66094,0.2222222222222222,0.6685823754789272,0.10919540229885058
66095,0.15715539947322213,0.6283289435177056,0.2145156570090723
66096,0.1826086956521739,0.6596837944664031,0.15770750988142293
66097,0.25157232704402516,0.7075471698113207,0.040880503144654086
66098,0.1608144412499411,0.6420794645802894,0.1971060941697695
66099,0.18369690011481057,0.6741020173855995,0.14220108249958996
66100,0.3088803088803089,0.5637065637065637,0.1274131274131274
66101,0.19448640483383686,0.6631419939577039,0.1423716012084592
66102,0.2386133136640236,0.6487184215378942,0.11266826479808224
66103,0.20077972709551656,0.672514619883041,0.1267056530214425
66104,0.27586206896551724,0.5977011494252874,0.12643678160919541
66105,0.1591928251121076,0.6300448430493274,0.21076233183856502
66106,0.20382165605095542,0.6840764331210191,0.11210191082802548
66107,0.22822299651567945,0.6567944250871081,0.11498257839721254
66108,0.1965923984272608,0.63564875491481,0.16775884665792923
67001,0.1913782941820325,0.6584996211164436,0.15012208470152397
67002,0.19858573954036535,0.6764879198585739,0.1249263406010607
67003,0.2360335195530726,0.6689944134078212,0.09497206703910614
67004,0.21077085533262935,0.6368532206969377,0.15237592397043295
67005,0.201099404489235,0.6747595052679799,0.12414109024278516
67006,0.2075353218210361,0.6802197802197802,0.11224489795918367
67007,0.22331893892658852,0.6853793954349168,0.09130166563849476
67008,0.2027590632017966,0.685274302213667,0.11196663458453641
67009,0.22355769230769232,0.6592548076923077,0.1171875
67010,0.2511961722488038,0.6698564593301436,0.07894736842105263
67011,0.19060362771335118,0.6944692239072257,0.11492714837942314
67012,0.20253164556962025,0.6772151898734177,0.12025316455696203
67013,0.23556701030927835,0.6675257731958762,0.09690721649484536
67014,0.23706563706563707,0.6772200772200773,0.08571428571428572
67015,0.21508903467666354,0.6940018744142455,0.09090909090909091
67016,0.2810693641618497,0.6452312138728323,0.07369942196531792
67017,0.22909427843409774,0.6666666666666666,0.10423905489923559
67018,0.21402969790066564,0.6835637480798771,0.10240655401945725
67019,0.2166469893742621,0.6711924439197167,0.11216056670602124
67020,0.24479166666666666,0.6349431818181818,0.12026515151515152
67021,0.2062140881038519,0.6641838689082784,0.12960204298786976
67022,0.23924268502581755,0.657487091222031,0.10327022375215146
67023,0.23336457357075913,0.6879100281162137,0.07872539831302718
67024,0.17857142857142858,0.6349206349206349,0.1865079365079365
67025,0.18769076579654687,0.630267413785249,0.1820418204182042
67026,0.20518358531317496,0.6606671466282698,0.13414926805855532
67027,0.26206140350877194,0.6359649122807017,0.10197368421052631
67028,0.20721620079863093,0.6828294352538505,0.10995436394751854
67029,0.22162162162162163,0.666966966966967,0.1114114114114114
67030,0.21577257047698348,0.6602830974188176,0.12394433210419888
67031,0.2115702479338843,0.6431818181818182,0.14524793388429752
67032,0.2160524987380111,0.6814740030287734,0.10247349823321555
67033,0.21076822061720288,0.6795797767564018,0.10965200262639527
67034,0.1559633027522936,0.6926605504587156,0.15137614678899083
67035,0.2097716017444009,0.6489023578978491,0.14132604035775
67036,0.28104575163398693,0.6296296296296297,0.08932461873638345
67037,0.18839846549470932,0.6442392816491717,0.16736225285611905
67038,0.20789882405147547,0.6770579099179055,0.11504326603061904
67039,0.23578595317725753,0.6463210702341137,0.11789297658862877
67040,0.19034608378870674,0.6713605156228107,0.13829340058848255
67041,0.15700448171172474,0.6250438877300233,0.21795163055825192
67042,0.24620938628158845,0.6137184115523465,0.14007220216606497
67043,0.19043478260869565,0.678695652173913,0.1308695652173913
67044,0.17897496158365725,0.6547952634909157,0.1662297749254271
67045,0.21537162162162163,0.6798986486486487,0.10472972972972973
67046,0.2698224852071006,0.663905325443787,0.06627218934911243
67047,0.19737892496008516,0.6859366684406599,0.11668440659925493
68001,0.23295454545454544,0.6590909090909091,0.10795454545454546
68002,0.2031299904183967,0.6857234110507825,0.11114659853082082
68003,0.209375,0.6854166666666667,0.10520833333333333
68004,0.21739130434782608,0.7233201581027668,0.05928853754940711
68005,0.1851345189238486,0.6808025535795713,0.13406292749658003
68006,0.19550315327666576,0.6934466684946531,0.1110501782286811
68007,0.21390999415546463,0.6598480420806546,0.12624196376388078
68008,0.27715355805243447,0.6292134831460674,0.09363295880149813
68009,0.18840579710144928,0.6840579710144927,0.12753623188405797
68010,0.2457482993197279,0.6794217687074829,0.07482993197278912
68011,0.19339763348911207,0.6708760067614596,0.13572635974942826
68012,0.19229074889867842,0.66071953010279,0.14698972099853158
68013,0.23684210526315788,0.6687840290381125,0.09437386569872959
68014,0.2501637197118533,0.6620825147347741,0.08775376555337262
68015,0.23030524584171083,0.6678852129409615,0.10180954121732773
68016,0.3024390243902439,0.5756097560975609,0.12195121951219512
68017,0.22023346303501945,0.6747081712062257,0.10505836575875487
68018,0.2679738562091503,0.6431372549019608,0.08888888888888889
68019,0.28771384136858474,0.6275272161741835,0.08475894245723173
68020,0.23070896983940462,0.6983940462201331,0.0708969839404622
68021,0.2139229160442187,0.6688078876605916,0.11726919629518973
68022,0.20543130990415334,0.6693290734824281,0.12523961661341854
68023,0.27837514934289126,0.6152927120669056,0.1063321385902031
68024,0.1655130417131838,0.6532832639805135,0.18120369430630265
68025,0.19717338848672872,0.6783867631851086,0.1244398483281627
68026,0.19468479604449937,0.6946847960444994,0.11063040791100123
68027,0.2048293865373858,0.6463732985269439,0.14879731493567033
68028,0.15560074502640886,0.5905773954668562,0.2538218595067349
68029,0.21524663677130046,0.7062780269058296,0.07847533632286996
68030,0.19791401678962095,0.6676418214194861,0.1344441617908929
68031,0.25207986688851913,0.6555740432612313,0.09234608985024959
68032,0.24343675417661098,0.665871121718377,0.09069212410501193
68033,0.1643379906852961,0.6804169438899977,0.15524506542470615
68034,0.20848056537102475,0.6702002355712603,0.12131919905771496
68035,0.1983717774762551,0.6746268656716418,0.12700135685210312
68036,0.24324324324324326,0.637065637065637,0.11969111969111969
68037,0.22265625,0.65625,0.12109375
68038,0.20253164556962025,0.687571921749137,0.10989643268124281
68039,0.19295558958652373,0.6967840735068913,0.11026033690658499
68040,0.2749003984063745,0.6095617529880478,0.11553784860557768
68041,0.17789649032109828,0.6498937331265437,0.17220977655235797
68042,0.1843400447427293,0.6715883668903803,0.14407158836689038
68043,0.19777777777777777,0.672962962962963,0.12925925925925927
68044,0.22972972972972974,0.6918918918918919,0.07837837837837838
68045,0.2457627118644068,0.692090395480226,0.062146892655367235
68046,0.29678638941398866,0.6275992438563327,0.07561436672967864
69001,0.2204724409448819,0.6675017895490336,0.11202576950608446
69002,0.25352848928384736,0.643491897543126,0.10297961317302666
69003,0.2736220472440945,0.6151574803149606,0.11122047244094488
69004,0.2964774951076321,0.5821917808219178,0.12133072407045009
69005,0.21770607094839176,0.6607715379046437,0.12152239114696453
69006,0.19627507163323782,0.6805157593123209,0.12320916905444126
69007,0.28523489932885904,0.6375838926174496,0.07718120805369127
69008,0.250270153447158,0.6215690512210936,0.12816079533174843
69009,0.42857142857142855,0.5428571428571428,0.02857142857142857
69010,0.26044226044226043,0.6273546273546273,0.1122031122031122
69011,0.3333333333333333,0.5912698412698413,0.07539682539682539
69012,0.2364620938628159,0.6642599277978339,0.09927797833935018
69013,0.2533814247069432,0.6402164111812444,0.10640216411181244
69014,0.3007518796992481,0.6090225563909775,0.09022556390977443
69015,0.2235165635238442,0.6516199490353113,0.12486348744084456
69016,0.21881682109764788,0.6475409836065574,0.1336421952957947
69017,0.23310260586319217,0.625,0.14189739413680783
69018,0.2198581560283688,0.6519756838905775,0.1281661600810537
69019,0.2724252491694352,0.6079734219269103,0.11960132890365449
69020,0.3551020408163265,0.5564625850340136,0.08843537414965986
69021,0.23667100130039012,0.6436931079323797,0.11963589076723016
69022,0.17782476946218745,0.6124784722373613,0.20969675830045126
69023,0.26523297491039427,0.6989247311827957,0.035842293906810034
69024,0.22311827956989247,0.6169354838709677,0.15994623655913978
69025,0.35403726708074534,0.5590062111801242,0.08695652173913043
69026,0.29594272076372313,0.5990453460620525,0.10501193317422435
69027,0.27111111111111114,0.5943434343434344,0.13454545454545455
69028,0.25045620437956206,0.6514598540145985,0.09808394160583941
69029,0.3053691275167785,0.6442953020134228,0.050335570469798654
69030,0.19823302043070126,0.6537824406405301,0.14798453892876864
69031,0.21294021294021295,0.628992628992629,0.15806715806715807
69032,0.27692307692307694,0.6023668639053255,0.12071005917159763
69033,0.2139046635690931,0.6510067114093959,0.13508862502151092
69034,0.35315985130111527,0.6022304832713755,0.04460966542750929
69035,0.16356566459004054,0.6153781828824685,0.22105615252749092
69036,0.267688679245283,0.6426886792452831,0.08962264150943396
69037,0.23036988968202465,0.6430889033095393,0.12654120700843607
69038,0.2676767676767677,0.5997474747474747,0.13257575757575757
69039,0.2426470588235294,0.6507352941176471,0.10661764705882353
69040,0.22156196943972836,0.6273344651952462,0.15110356536502548
69041,0.23863636363636365,0.6443602693602694,0.117003367003367
69042,0.24417520969245107,0.641192917054986,0.11463187325256291
69043,0.207912142768002,0.6277299388493698,0.16435791838262823
69044,0.32978723404255317,0.601063829787234,0.06914893617021277
69045,0.21157495256166983,0.6565464895635673,0.1318785578747628
69046,0.18161645205650706,0.6259219902487811,0.19246155769471185
69047,0.28180354267310787,0.6457326892109501,0.07246376811594203
69048,0.27722772277227725,0.6204620462046204,0.10231023102310231
69049,0.3085808580858086,0.636963696369637,0.054455445544554455
69050,0.23069810448451225,0.6474803513638465,0.12182154415164125
69051,0.31456548347613217,0.605875152998776,0.0795593635250918
69052,0.42452830188679247,0.5471698113207547,0.02830188679245283
69053,0.3013698630136986,0.6027397260273972,0.0958904109589041
69054,0.2491103202846975,0.6761565836298933,0.07473309608540925
69055,0.25125170687300863,0.6577150659990897,0.09103322712790168
69056,0.20207020702070208,0.6494149414941495,0.1485148514851485
69057,0.2159256030223772,0.6623074687590816,0.12176692821854113
69058,0.19275784646252328,0.6436248984856446,0.16361725505183203
69059,0.23426212590299278,0.6599587203302374,0.10577915376676987
69060,0.1860662701784197,0.7060322854715378,0.10790144435004248
69061,0.3051948051948052,0.6246753246753247,0.07012987012987013
69062,0.22112211221122113,0.658965896589659,0.11991199119911991
69063,0.32075471698113206,0.6084905660377359,0.07075471698113207
69064,0.29238329238329236,0.6093366093366094,0.09828009828009827
69065,0.22637517630465445,0.6713681241184767,0.10225669957686882
69066,0.2420042643923241,0.6481876332622601,0.10980810234541578
69067,0.27002583979328165,0.6111111111111112,0.11886304909560723
69068,0.2799794132784354,0.5918682449819866,0.12815234173957799
69069,0.20072992700729927,0.6739659367396593,0.12530413625304138
69070,0.23132183908045978,0.625,0.14367816091954022
69071,0.24498692240627726,0.6242371403661726,0.13077593722755013
69072,0.23782312925170068,0.6212244897959184,0.14095238095238094
69073,0.2491605104096709,0.6514439220953661,0.09939556749496306
69074,0.2197750702905342,0.6602624179943768,0.11996251171508904
69075,0.23251231527093597,0.6591133004926109,0.10837438423645321
69076,0.36006974716652135,0.5754141238012206,0.06451612903225806
69077,0.2631578947368421,0.5684210526315789,0.16842105263157894
69078,0.3695652173913043,0.4945652173913043,0.1358695652173913
69079,0.28606658446362515,0.6325524044389642,0.08138101109741061
69080,0.3722627737226277,0.5328467153284672,0.0948905109489051
69081,0.17891077636152955,0.660100424874469,0.16098879876400154
69082,0.2095357590966123,0.6624843161856964,0.12797992471769135
69083,0.2143765551562068,0.6716615980094001,0.11396184683439314
69084,0.18450779989241528,0.685852608929532,0.1296395911780527
69085,0.2545710267229255,0.6507266760431317,0.0947022972339428
69086,0.1927437641723356,0.6621315192743764,0.14512471655328799
69087,0.2635494155154091,0.6227417640807651,0.11370882040382571
69088,0.48091603053435117,0.44580152671755724,0.0732824427480916
69089,0.25559105431309903,0.5814696485623003,0.16293929712460065
69090,0.23918992884510126,0.6308155446086481,0.12999452654625068
69091,0.232642675390767,0.6477644492911668,0.11959287531806616
69092,0.24261874197689345,0.6630295250320924,0.09435173299101413
69093,0.3648068669527897,0.5293276108726752,0.10586552217453506
69094,0.21197201347499353,0.6592381445970459,0.1287898419279606
69095,0.27445652173913043,0.6123188405797102,0.11322463768115942
69096,0.1763590391908976,0.6592920353982301,0.16434892541087232
69097,0.2653061224489796,0.6530612244897959,0.08163265306122448
69098,0.23173277661795408,0.6631871955462769,0.10508002783576896
69099,0.18375436000422787,0.6222122397209597,0.1940334002748124
69100,0.2508833922261484,0.6631330977620731,0.08598351001177856
69101,0.277804759592035,0.6070908207867897,0.11510441962117533
69102,0.20074696545284781,0.6937441643323996,0.10550887021475257
69103,0.2288135593220339,0.6779661016949152,0.09322033898305085
69104,0.2184873949579832,0.6974789915966386,0.08403361344537816
70001,0.3221830985915493,0.5897887323943662,0.0880281690140845
70002,0.21449641803624103,0.6561314791403287,0.12937210282343026
70003,0.17856631850050078,0.6483044784661611,0.1731292030333381
70004,0.23911187019641333,0.6362083689154568,0.1246797608881298
70005,0.23390752493200362,0.6310063463281959,0.13508612873980055
70006,0.1531745321035193,0.6064968209904182,0.2403286469060625
70007,0.2075134168157424,0.6815742397137746,0.11091234347048301
70008,0.19694323144104803,0.6676855895196506,0.13537117903930132
70009,0.2728494623655914,0.6061827956989247,0.12096774193548387
70010,0.20324400564174894,0.6792665726375177,0.11748942172073343
70011,0.26986754966887416,0.6263796909492274,0.10375275938189846
70012,0.31767337807606266,0.5771812080536913,0.10514541387024609
70013,0.3760330578512397,0.5206611570247934,0.10330578512396695
70014,0.26904761904761904,0.6333333333333333,0.09761904761904762
70015,0.32340425531914896,0.5974468085106382,0.07914893617021276
70016,0.232502965599051,0.6524317912218268,0.11506524317912219
70017,0.26003594967046134,0.6446974236069503,0.09526662672258837
70018,0.25215889464594127,0.6545768566493955,0.09326424870466321
70019,0.39344262295081966,0.5049180327868853,0.10163934426229508
70020,0.21676300578034682,0.653179190751445,0.13005780346820808
70021,0.24262899262899262,0.6259213759213759,0.13144963144963145
70022,0.2694300518134715,0.6398963730569949,0.09067357512953368
70023,0.15658602150537634,0.5776209677419355,0.2657930107526882
70024,0.2803904170363798,0.637089618456078,0.08251996450754215
70025,0.2858312858312858,0.592956592956593,0.12121212121212122
70026,0.2933709449929478,0.61212976022567,0.09449929478138223
70027,0.27771679473106475,0.6234906695938529,0.09879253567508232
70028,0.2149122807017544,0.6915204678362573,0.0935672514619883
70029,0.2066080240291783,0.6399914181506114,0.15340055782021025
70030,0.24511082138200782,0.6310299869621904,0.12385919165580182
70031,0.18670625103084282,0.6455550057727197,0.16773874319643742
70032,0.23318385650224216,0.6576980568011959,0.10911808669656203
70033,0.31605351170568563,0.5852842809364549,0.09866220735785954
70034,0.33076923076923076,0.5897435897435898,0.07948717948717948
70035,0.2860215053763441,0.6301075268817204,0.08387096774193549
70036,0.2604878048780488,0.6360975609756098,0.10341463414634146
70037,0.20431211498973306,0.6960985626283368,0.09958932238193019
70038,0.182010582010582,0.6523809523809524,0.16560846560846562
70039,0.33548387096774196,0.6064516129032258,0.05806451612903226
70040,0.33406593406593404,0.5692307692307692,0.0967032967032967
70041,0.22268041237113403,0.6360824742268041,0.14123711340206185
70042,0.2904062229904927,0.6127917026793431,0.09680207433016422
70043,0.2738805970149254,0.6179104477611941,0.10820895522388059
70044,0.2607260726072607,0.5643564356435643,0.17491749174917492
70045,0.2895622895622896,0.6060606060606061,0.10437710437710437
70046,0.23514167242570835,0.6582584657912923,0.10659986178299931
70047,0.22625698324022347,0.6256983240223464,0.14804469273743018
70048,0.32677165354330706,0.594488188976378,0.07874015748031496
70049,0.15430072225869992,0.6526592252133946,0.19304005252790546
70050,0.3046132971506106,0.6031207598371777,0.09226594301221167
70051,0.21910631741140216,0.6684129429892142,0.11248073959938366
70052,0.2598187311178248,0.6052366565961732,0.13494461228600202
70053,0.22844827586206898,0.6801724137931034,0.09137931034482759
70054,0.28426395939086296,0.5685279187817259,0.14720812182741116
70055,0.2130694891854579,0.6622181316152784,0.12471237919926369
70056,0.26666666666666666,0.6476190476190476,0.08571428571428572
70057,0.24337244676227726,0.6125597566275532,0.1440677966101695
70058,0.3056179775280899,0.5932584269662922,0.10112359550561797
70059,0.17686593562079944,0.6575875486381323,0.16554651574106827
70060,0.27450980392156865,0.6094771241830066,0.11601307189542484
70061,0.23251417769376181,0.6758034026465028,0.09168241965973535
70062,0.2964824120603015,0.6532663316582915,0.05025125628140704
70063,0.45038167938931295,0.46564885496183206,0.08396946564885496
70064,0.30965391621129323,0.5919854280510018,0.09836065573770492
70065,0.17067494181536075,0.664856477889837,0.16446858029480219
70066,0.2593320235756385,0.6227897838899804,0.11787819253438114
70067,0.2368995633187773,0.6397379912663755,0.12336244541484716
70068,0.2113733905579399,0.6727467811158798,0.11587982832618025
70069,0.21615875265768958,0.6683203401842664,0.11552090715804395
70070,0.2065359477124183,0.673202614379085,0.12026143790849673
70071,0.22675736961451248,0.6643990929705216,0.10884353741496598
70072,0.24167987321711568,0.6373481246698363,0.12097200211304807
70073,0.2847682119205298,0.6357615894039735,0.07947019867549669
70074,0.27524752475247527,0.6013201320132013,0.12343234323432344
70075,0.2633769322235434,0.6438763376932224,0.09274673008323424
70076,0.24180690876882197,0.6395039858281665,0.11868910540301152
70077,0.37823834196891193,0.5371329879101899,0.0846286701208981
70078,0.16500842891614054,0.6387135160149406,0.1962780550689188
70079,0.28699551569506726,0.6278026905829597,0.08520179372197309
70080,0.24083333333333334,0.63,0.12916666666666668
70081,0.30120192307692306,0.6067307692307692,0.0920673076923077
70082,0.2727272727272727,0.6440460947503202,0.08322663252240717
70083,0.20869565217391303,0.6447826086956522,0.14652173913043479
70084,0.19790301441677588,0.6634993446920052,0.13859764089121887
71001,0.22789783889980353,0.6542239685658153,0.11787819253438114
71002,0.28413284132841327,0.6027060270602707,0.11316113161131611
71003,0.2536162005785921,0.6615236258437801,0.08486017357762778
71004,0.26944468212543854,0.6115341832805682,0.11902113459399333
71005,0.24244630506006554,0.6636330542409902,0.0939206406989443
71006,0.23519870235198703,0.6443633414436334,0.12043795620437957
71007,0.2507903055848261,0.6371619248331577,0.11204776958201616
71008,0.29667312661498707,0.6132105943152455,0.09011627906976744
71009,0.2125523012552301,0.6891213389121339,0.09832635983263599
71010,0.2516751103121425,0.6858963882987417,0.06242850138911587
71011,0.287001287001287,0.6254826254826255,0.08751608751608751
71012,0.3099399235390497,0.6048607318405244,0.085199344620426
71013,0.2715484363081617,0.6209000762776506,0.10755148741418764
71014,0.27267041901188244,0.6147592245153221,0.1125703564727955
71015,0.22885835095137422,0.6828752642706131,0.08826638477801269
71016,0.2618629173989455,0.6370826010544816,0.10105448154657294
71017,0.23238866396761135,0.654251012145749,0.11336032388663968
71018,0.2998489425981873,0.6087613293051359,0.09138972809667674
71019,0.2978723404255319,0.6382978723404256,0.06382978723404255
71020,0.2603718779261977,0.6460662347837719,0.09356188729003038
71021,0.2505091649694501,0.6653088934147997,0.08418194161575017
71022,0.23161094224924011,0.6653495440729483,0.10303951367781156
71023,0.210896309314587,0.6959578207381371,0.09314586994727592
71024,0.1981439568729995,0.6453522013960609,0.15650384173093967
71025,0.27529107373868045,0.6310478654592496,0.09366106080206986
71026,0.17391304347826086,0.6727688787185355,0.15331807780320367
71027,0.28079242032730406,0.6063738156761412,0.11283376399655469
71028,0.21871800122875282,0.6465287732951055,0.1347532254761417
71029,0.23893805309734514,0.6368323324905183,0.12422961441213654
71031,0.24551971326164876,0.646415770609319,0.10806451612903226
71032,0.21358159912376778,0.6768893756845564,0.10952902519167579
71033,0.24909646927995552,0.6113427856547122,0.13956074506533223
71034,0.24920127795527156,0.6230031948881789,0.12779552715654952
71035,0.24312896405919662,0.6486257928118393,0.10824524312896405
71036,0.25608112444644116,0.6674796226172903,0.07643925293626853
71037,0.3103953147877013,0.6017569546120058,0.08784773060029283
71038,0.25661709100075625,0.6634736576758256,0.0799092513234182
71039,0.2527519051651143,0.6363251481795089,0.1109229466553768
71040,0.30670103092783507,0.6103951890034365,0.08290378006872852
71041,0.26462072958888244,0.6137811233352635,0.12159814707585408
71042,0.23902132998745296,0.6693851944792973,0.09159347553324969
71043,0.24002553463134377,0.6549632939674433,0.1050111714012129
71044,0.2864864864864865,0.6345945945945946,0.07891891891891892
71046,0.19511598516042236,0.6201638876431979,0.18472012719637979
71047,0.23060109289617486,0.621437578814628,0.14796132828919714
71048,0.26453143534994067,0.6453143534994069,0.09015421115065243
71049,0.28495900697264576,0.604015018006283,0.11102597502107119
71050,0.2704426831625749,0.6468200270635994,0.08273728977382563
71051,0.250237930437792,0.630623810347811,0.11913825921439695
71052,0.2807017543859649,0.6210526315789474,0.09824561403508772
71053,0.2659698025551684,0.6451800232288037,0.08885017421602788
71054,0.26626646010844307,0.6702168861347793,0.06351665375677769
71055,0.2585005279831045,0.6477296726504752,0.09376979936642027
71056,0.2566608038564263,0.6226955898638525,0.12064360627972119
71058,0.21349206349206348,0.6482539682539683,0.13825396825396824
71059,0.25333138087567725,0.6384536535363889,0.10821496558793381
71060,0.23092385623542655,0.6670418911313017,0.10203425263327169
71061,0.312,0.6026666666666667,0.08533333333333333
71062,0.27705031013094417,0.627842866988284,0.09510682288077188
71063,0.2770083102493075,0.6580925999208548,0.06489908982983775
71064,0.289612097304405,0.6495726495726496,0.06081525312294543
72001,0.2185897435897436,0.6183760683760684,0.16303418803418804
72002,0.21820659226576694,0.6624059174669089,0.11938749026732416
72003,0.23279603223806572,0.635875180822484,0.1313287869394503
72004,0.23558339859044636,0.6341268598277212,0.13028974158183243
72006,0.20305531417055794,0.6048548252391402,0.19208986059030184
72008,0.18746789933230612,0.6815613764766307,0.13097072419106318
72010,0.20759587020648967,0.661504424778761,0.13089970501474926
72011,0.22609895125464025,0.6378278597074872,0.1360731890378725
72012,0.1799187463726059,0.6678274327722964,0.1522538208550977
72014,0.2335859480133154,0.6528790990863376,0.11353495290034706
72015,0.2204882398840709,0.6528815070783636,0.12663025303756548
72016,0.19641307492045126,0.673126988718542,0.13045993636100664
72017,0.21993222598744513,0.6486861841008833,0.13138158991167156
72018,0.19412540011297308,0.7057051402749012,0.10016945961212578
72019,0.21480582524271843,0.6314864412453968,0.15370773351188483
72020,0.23125974860078907,0.6451050555096798,0.12363519588953115
72021,0.22943063352044907,0.6291098636728147,0.14145950280673616
72022,0.2131471913817742,0.6321864350884907,0.15466637352973509
72023,0.21784630940343783,0.6488624873609706,0.13329120323559152
72024,0.23041273172437915,0.6675410982861141,0.10204616998950682
72025,0.24662265888854773,0.6370125882714154,0.11636475284003685
72027,0.21851021130917248,0.6717624837681502,0.10972730492267738
72028,0.22762115109783032,0.633926638084102,0.13845221081806763
72029,0.2427924486106711,0.604260235934326,0.1529473154550029
72030,0.22373879298809046,0.6393014853472501,0.13695972166465945
72031,0.24024474717155392,0.6168898637728008,0.14286538905564536
72032,0.21274018379281537,0.6479949874686717,0.13926482873851295
72033,0.231093092156557,0.6633400904412912,0.10556681740215187
72034,0.22831423895253683,0.6587561374795418,0.11292962356792144
72035,0.2413436378019838,0.6304996044544514,0.12815675774356478
72036,0.23633840754193364,0.6241684691670407,0.1394931232910256
72037,0.24679639297579498,0.6344921689606074,0.11871143806359753
72038,0.22854251902687958,0.6400510316308126,0.13140644934230786
72039,0.22302032235459004,0.6336720392431675,0.14330763840224248
72040,0.2055492638731597,0.6674971687429219,0.12695356738391847
72041,0.22874645774295715,0.6586097682947157,0.11264377396232705
72043,0.2072413083727628,0.6603990948364534,0.1323595967907838
72044,0.23491638795986622,0.6549832775919733,0.11010033444816053
72046,0.2207370239368265,0.6413177593156206,0.13794521674755286
72047,0.21925579843150342,0.648673452361088,0.13207074920740863
72048,0.20745105259927576,0.6486221076535935,0.14392683974713066
73001,0.2653335573853134,0.6469500924214417,0.08771635019324484
73002,0.22335766423357664,0.6574209245742092,0.1192214111922141
73003,0.21581140922115133,0.6622818442302683,0.12190674654858036
73004,0.23557810326487194,0.6726127158170363,0.09180918091809182
73005,0.28256765261170547,0.6504090623033354,0.0670232850849591
73006,0.26815163846648105,0.6444634825444421,0.08738487898907689
73007,0.2281021000344268,0.6731421826587322,0.0987557173068411
73008,0.21921713133560453,0.6526454842522422,0.12813738441215325
73009,0.23906578661057518,0.6382099078842388,0.12272430550518605
73010,0.17666534233876308,0.6870613163819361,0.13627334127930074
73011,0.24200710479573712,0.6817273534635879,0.07626554174067496
73012,0.24508449356998618,0.6422574131151025,0.11265809331491125
73013,0.22573644111862184,0.63879908665476,0.13546447222661814
73014,0.24548736462093862,0.6373846770958684,0.11712795828319295
73015,0.2292863140218304,0.6631066330814441,0.10760705289672544
73016,0.24104820964192838,0.6735347069413883,0.08541708341668333
73017,0.26552335895919577,0.6469544648137197,0.08752217622708457
73018,0.22304488662656177,0.6918093475242943,0.08514576584914392
73019,0.2507108676052431,0.6417227269574867,0.10756640543727027
73020,0.24397123113806232,0.6800169228599633,0.07601184600197433
73021,0.23943181042136175,0.6648227822167588,0.09574540736187939
73022,0.22638420799229658,0.6662493981704382,0.10736639383726529
73023,0.271044776119403,0.6543283582089552,0.07462686567164178
73024,0.21315651457256313,0.6743837566494343,0.11245972877800255
73025,0.23936362540677353,0.6875979269615524,0.0730384476316741
73026,0.2687055872927407,0.6361293019367423,0.09516511077051693
73027,0.20486783357698843,0.6600531713732551,0.13507899504975643
73028,0.2843734145104008,0.6278538812785388,0.08777270421106037
73029,0.26047611283221916,0.6690037502038154,0.07052013696396543
74001,0.207235235132286,0.6634612912349266,0.12930347363278738
74002,0.2461990545547464,0.6568928069503003,0.09690813849495336
74003,0.26614173228346455,0.6222722159730034,0.11158605174353206
74004,0.25542916235780766,0.6551189245087901,0.08945191313340227
74005,0.23242630385487528,0.6410619803476947,0.1265117157974301
74006,0.2608471739410326,0.6472254409681988,0.09192738509076864
74007,0.23949881326930508,0.6574764033780427,0.10302478335265221
74008,0.2221746836990404,0.6677770307438421,0.11004828555711754
74009,0.2500973292844351,0.6461107217939733,0.10379194892159153
74010,0.2450336528655925,0.6367530083622273,0.1182133387721803
74011,0.22928765713445565,0.6656619863265456,0.10505035653899875
74012,0.223109243697479,0.6264355742296919,0.15045518207282912
74013,0.2784940691077875,0.6089049338146811,0.11260099707753138
74014,0.24855693545565857,0.6697568654888928,0.08168619905544866
74015,0.2594057168681505,0.6315670545701051,0.10902722856174443
74016,0.25684516598013085,0.6298360390921574,0.11331879492771181
74017,0.24659051171465204,0.6397015969227182,0.11370789136262968
74018,0.2529628116060482,0.6548835308541071,0.09215365753984471
74019,0.24548240515692699,0.6530698509986262,0.1014477438444468
74020,0.24706867671691793,0.6694185211773152,0.08351280210576693
75002,0.23050017488632388,0.6341378104232249,0.1353620146904512
75003,0.23048967100229534,0.6545524100994644,0.11495791889824024
75004,0.25412813738441214,0.6517503302509907,0.0941215323645971
75005,0.23689679057954283,0.6079427383975987,0.15516047102285846
75006,0.2573758695130727,0.6321659870472536,0.11045814343967378
75007,0.24322860238353197,0.611863488624052,0.14490790899241604
75008,0.2786190187764991,0.6317383403997577,0.08964264082374318
75009,0.2982456140350877,0.576499388004896,0.12525499796001632
75010,0.22979124156333386,0.5945691414220687,0.1756396170145974
75011,0.22463456577815993,0.6230653482373173,0.1523000859845228
75012,0.31976744186046513,0.5949612403100775,0.08527131782945736
75013,0.2763337893296854,0.5941632466940264,0.1295029639762882
75014,0.24952207555757852,0.6253982703686846,0.12507965407373692
75015,0.2690414132638286,0.6180133217492035,0.11294526498696786
75016,0.24154750027713115,0.6341314710120829,0.12432102871078594
75017,0.25123715264560337,0.6516939474685953,0.0970688998858013
75018,0.25383740761796475,0.625923820352473,0.12023877202956225
75019,0.24711221122112212,0.6076732673267327,0.14521452145214522
75020,0.17850821744627055,0.6389380530973451,0.18255372945638432
75021,0.26640783878720653,0.6304307635422444,0.10316139767054909
75022,0.263789746917586,0.6204690831556503,0.1157411699267637
75023,0.2524271844660194,0.6161314413741599,0.13144137415982077
75024,0.22860686233980984,0.6343530384456387,0.13704009921455146
75025,0.24863088718510407,0.6478641840087623,0.10350492880613363
75026,0.27583251714005874,0.6104309500489716,0.11373653281096964
75027,0.255600440690415,0.6022769004774147,0.1421226588321704
75028,0.25427027027027027,0.6257297297297297,0.12
75029,0.23075973331138366,0.6182813400279858,0.15095892666063052
75030,0.2264420331239292,0.6544831524842947,0.11907481439177613
75031,0.2074227478336694,0.6439042999618508,0.14867295220447982
75032,0.26247689463955637,0.6072088724584104,0.13031423290203328
75033,0.2599337748344371,0.6539735099337748,0.08609271523178808
75034,0.2864623739332816,0.5907680372381692,0.12276958882854927
75035,0.17961937208803855,0.5726453301445122,0.2477352977674492
75036,0.2242152466367713,0.6474838066766317,0.12830094668659692
75037,0.28014740473576916,0.6106319586012231,0.10922063666300769
75038,0.21923182191405893,0.6580603959492747,0.12270778213666636
75039,0.19526442869382352,0.6059661967442947,0.19876937456188176
75040,0.275675009246702,0.6038712859080262,0.12045370484527185
75041,0.24611223799864773,0.6091954022988506,0.1446923597025017
75042,0.2739071038251366,0.6193403590944575,0.10675253708040593
75043,0.23572489917215028,0.6373381447675652,0.12693695606028443
75044,0.2726842354426385,0.626795013413287,0.10052075114407448
75045,0.2444113263785395,0.6358668653750621,0.11972180824639841
75046,0.2645926876202694,0.6132135984605517,0.12219371391917896
75047,0.2855844942459116,0.6162931556632344,0.09812235009085403
75048,0.24295409181636726,0.6280239520958084,0.12902195608782435
75049,0.20610057708161583,0.6376751854905194,0.1562242374278648
75050,0.3029886636894538,0.5778083132944005,0.11920302301614566
75051,0.23832923832923833,0.628545901273174,0.13312486039758767
75052,0.22745424870646247,0.6389901725874223,0.13355557870611523
75053,0.26452991452991453,0.6348290598290598,0.10064102564102564
75054,0.24817162359824477,0.6343247196489518,0.11750365675280351
75055,0.24864939742346587,0.5916331901925475,0.1597174123839867
75056,0.2298634008478568,0.6241168158266603,0.1460197833254828
75057,0.2201817844555741,0.6267853830458171,0.1530328324986088
75058,0.2749812171299775,0.6123215627347859,0.11269722013523667
75059,0.23473491773308958,0.6411943936624009,0.12407068860450944
75060,0.280202403542062,0.6072106261859582,0.11258697027197975
75061,0.2261839458767599,0.6220515633571037,0.1517644907661364
75063,0.25816407805655117,0.627937076861808,0.11389884508164078
75064,0.27471395881006866,0.6422196796338673,0.08306636155606408
75065,0.2709039165198536,0.6128201653340561,0.11627591814609026
75066,0.28423285411265614,0.6005185010605704,0.11524864482677351
75067,0.26945668135095446,0.6218795888399412,0.10866372980910426
75068,0.22656355989689322,0.623660290326957,0.14977614977614978
75069,0.2474386236226561,0.6356079644306979,0.11695341194664605
75070,0.2654586213338315,0.6220810760321315,0.11246030263403699
75071,0.25667090216010163,0.6238881829733164,0.11944091486658195
75072,0.24925705794947994,0.5947251114413076,0.15601783060921248
75073,0.23837579617834395,0.6393312101910829,0.12229299363057325
75074,0.24260011607661056,0.6424840394660476,0.11491584445734185
75075,0.24095730214849062,0.6217024748436225,0.13734022300788687
75076,0.23267628530786424,0.6193863035968299,0.14793741109530584
75077,0.22764417464394116,0.6528134485173943,0.11954237683866449
75078,0.23009118541033435,0.6346504559270517,0.135258358662614
75079,0.2507467379342871,0.6320547083791856,0.11719855368652728
75080,0.2196078431372549,0.6147058823529412,0.16568627450980392
75081,0.27347357619291945,0.6454592098512058,0.08106721395587481
75082,0.2856159669649002,0.5932553337921541,0.12112869924294563
75083,0.21349639015765434,0.6801237660232798,0.10637984381906586
75084,0.25104522995058914,0.6629608513873052,0.08599391866210566
75085,0.25109028486591817,0.619745754848288,0.12916396028579383
75086,0.22369446609508964,0.6328916601714731,0.14341387373343725
75087,0.23695784046102517,0.6328480436760692,0.13019411586290566
75088,0.20122484689413822,0.6268591426071741,0.17191601049868765
75089,0.25290513416437777,0.6403972110712022,0.10669765476442003
75090,0.24608303089315747,0.6557493139771621,0.09816765512968044
75091,0.2691358024691358,0.6187654320987654,0.11209876543209876
75092,0.2706802938358352,0.6295911849249441,0.0997285212392207
75093,0.2684416601409554,0.6216131558339859,0.10994518402505873
75094,0.24053452115812918,0.6230512249443207,0.1364142538975501
75095,0.2523110386079391,0.5948885263730288,0.1528004350190321
75096,0.2637604579480405,0.5931307793923382,0.1431087626596213
75097,0.22753872633390707,0.6549053356282272,0.11755593803786575
75098,0.2757527733755943,0.620556939098936,0.10369028752546977
76001,0.2832140015910899,0.6205250596658711,0.09626093874303898
76002,0.21924603174603174,0.6557539682539683,0.125
76003,0.20015760441292357,0.6871552403467297,0.11268715524034673
76004,0.25,0.654054054054054,0.09594594594594595
76005,0.23076923076923078,0.7012522361359571,0.06797853309481217
76006,0.2176692821854112,0.6736413833188026,0.1086893344957861
76007,0.20422116527942924,0.6620095124851367,0.133769322235434
76008,0.3176178660049628,0.586848635235732,0.09553349875930521
76009,0.2202797202797203,0.6791958041958042,0.10052447552447552
76010,0.24350787569178373,0.6270753512132823,0.12941677309493402
76011,0.21103896103896103,0.6546266233766234,0.13433441558441558
76012,0.27863286555002265,0.6210955183340878,0.10027161611588954
76013,0.2523467697404749,0.627829928216455,0.11982330204307012
76014,0.24455825864276567,0.6555697823303457,0.0998719590268886
76015,0.2707450030284676,0.6014536644457904,0.12780133252574197
76016,0.3132183908045977,0.632183908045977,0.05459770114942529
76017,0.19708029197080293,0.7197080291970803,0.08321167883211679
76018,0.24394618834080717,0.62152466367713,0.13452914798206278
76019,0.3602251407129456,0.5778611632270169,0.06191369606003752
76020,0.3286384976525822,0.5070422535211268,0.1643192488262911
76021,0.29559748427672955,0.6088050314465409,0.09559748427672957
76022,0.2198581560283688,0.6601200218221495,0.12002182214948172
76023,0.2521865889212828,0.6574344023323615,0.09037900874635568
76024,0.3096960926193922,0.6092619392185239,0.08104196816208394
76025,0.2798605056669573,0.6015693112467306,0.11857018308631212
76026,0.30957683741648107,0.5946547884187082,0.0957683741648107
76027,0.26806083650190116,0.5950570342205324,0.13688212927756654
76028,0.23903903903903903,0.6630630630630631,0.09789789789789789
76029,0.24285065819337268,0.6427598729005901,0.11438946890603723
76030,0.27477102414654453,0.6128226477935054,0.11240632805995004
76031,0.24770642201834864,0.636697247706422,0.11559633027522936
76032,0.2206896551724138,0.6593869731800767,0.11992337164750957
76033,0.26360544217687076,0.6626984126984127,0.07369614512471655
76034,0.2599676724137931,0.6470905172413793,0.09294181034482758
76035,0.23036649214659685,0.6164921465968587,0.1531413612565445
76036,0.23860212894155453,0.6322554729865435,0.12914239807190198
76037,0.2388663967611336,0.6437246963562753,0.11740890688259109
76038,0.2727272727272727,0.6284584980237155,0.09881422924901186
76039,0.14649813510153337,0.6500207210940737,0.20348114380439286
76040,0.25809742412649833,0.5965314970670748,0.14537107880642694
76041,0.2540400775694893,0.6147382029734971,0.13122171945701358
76042,0.23499383911283225,0.6277063897201197,0.13729977116704806
76043,0.20528438554613548,0.6854062062721211,0.10930940818174335
76044,0.18074139065584557,0.6576003509541566,0.1616582583899978
76045,0.2480726872246696,0.598568281938326,0.15335903083700442
76046,0.18838582677165355,0.6482283464566929,0.16338582677165353
76047,0.27641707487753675,0.6599020293911827,0.06368089573128062
76048,0.18575516693163752,0.6841971383147853,0.1300476947535771
76049,0.2175824175824176,0.6659340659340659,0.11648351648351649
76050,0.24429490930368636,0.6132241076653013,0.14248098303101228
76051,0.2774480712166172,0.650593471810089,0.07195845697329377
76052,0.23512747875354106,0.6468366383380547,0.11803588290840415
76053,0.2741866438356164,0.6138698630136986,0.11194349315068493
76054,0.23391370174110523,0.6290688872066617,0.13701741105223317
76055,0.29573590096286106,0.5859697386519945,0.11829436038514443
76056,0.21474926253687315,0.6410029498525074,0.14424778761061946
76057,0.20433869839048285,0.6930254257056216,0.1026358759038955
76058,0.21481481481481482,0.6092592592592593,0.17592592592592593
76059,0.2629187961385576,0.6206700738216923,0.11641113003975014
76060,0.2153335178522004,0.6412953224467202,0.14337115970107944
76061,0.28929384965831434,0.6605922551252847,0.05011389521640091
76062,0.19158431622569333,0.6523748804590372,0.15604080331526937
76063,0.17095884111289952,0.6063134382288211,0.22272772065827942
76064,0.22403522403522402,0.6876456876456877,0.08831908831908832
76065,0.27004716981132076,0.6273584905660378,0.10259433962264151
76066,0.18442900711623178,0.6497797356828194,0.16579125720094884
76067,0.23822163238221633,0.6609157266091573,0.10086264100862641
76068,0.2184628237259816,0.6403508771929824,0.14118629908103592
76069,0.25375494071146243,0.633201581027668,0.11304347826086956
76070,0.24310118265440211,0.6369908015768725,0.11990801576872537
76071,0.2964158863416209,0.6212463674523733,0.08233774620600581
76072,0.2870662460567823,0.6235541535226078,0.08937960042060988
76073,0.25217391304347825,0.611304347826087,0.13652173913043478
76074,0.2737186477644493,0.6172300981461287,0.10905125408942203
76075,0.32459016393442625,0.5622950819672131,0.11311475409836065
76076,0.30117647058823527,0.6,0.0988235294117647
76077,0.27341389728096677,0.6163141993957704,0.11027190332326284
76078,0.2632363907531693,0.6167039522744221,0.12005965697240865
76079,0.25901639344262295,0.6409836065573771,0.1
76080,0.256,0.6295111111111111,0.11448888888888889
76081,0.22930903568716782,0.6492027334851936,0.12148823082763857
76082,0.23076923076923078,0.6438746438746439,0.12535612535612536
76083,0.2262529832935561,0.6162291169451074,0.1575178997613365
76084,0.258098223615465,0.6238244514106583,0.1180773249738767
76085,0.22464118690533785,0.6494113852604418,0.12594742783422028
76086,0.22573189522342066,0.6787365177195686,0.09553158705701079
76087,0.26418786692759294,0.6125244618395304,0.1232876712328767
76088,0.24646464646464647,0.6474747474747474,0.10606060606060606
76089,0.20422535211267606,0.6596754439681568,0.1360992039191672
76090,0.24294781382228492,0.633638928067701,0.1234132581100141
76091,0.21341023792357605,0.6200432588320115,0.1665465032444124
76092,0.24555502162421913,0.6395963479096588,0.11484863046612205
76093,0.2375,0.6160714285714286,0.14642857142857144
76094,0.25449438202247193,0.6101123595505618,0.13539325842696628
76095,0.21390988233043146,0.6534966038457859,0.13259351382378265
76096,0.25725646123260437,0.6353876739562624,0.1073558648111332
76097,0.3243754731264194,0.5802422407267221,0.09538228614685844
76098,0.19695945945945945,0.6726351351351352,0.1304054054054054
76099,0.28101644245142005,0.6442451420029895,0.07473841554559044
76100,0.2609299097848716,0.6249132546842471,0.11415683553088134
77001,0.2863636363636364,0.6415584415584416,0.07207792207792207
77002,0.3135198135198135,0.6002331002331003,0.08624708624708624
77003,0.2246849584413263,0.6569845383859148,0.11833050317275896
77004,0.2507936507936508,0.6492063492063492,0.1
77005,0.31316725978647686,0.5907473309608541,0.09608540925266904
77006,0.26011560693641617,0.6348747591522158,0.10500963391136801
77007,0.27257799671592775,0.645320197044335,0.08210180623973727
77008,0.20512820512820512,0.6665351742274819,0.12833662064431295
77009,0.22019334049409237,0.6938775510204082,0.08592910848549946
77010,0.24818401937046006,0.6876513317191283,0.06416464891041163
77011,0.20376522702104097,0.6682170542635659,0.12801771871539314
77012,0.2322814278323849,0.6745990688049663,0.09311950336264874
77013,0.25664767331433996,0.629392212725546,0.11396011396011396
77014,0.16528049722466723,0.6398893459555588,0.19483015681977403
77015,0.20480289986406888,0.68282736746715,0.11236973266878116
77016,0.21697218710493046,0.6474399494310998,0.13558786346396967
77017,0.22246902034136076,0.6596913724573299,0.11783960720130933
77018,0.21237512085078955,0.6437318723815663,0.14389300676764422
77019,0.34472934472934474,0.5811965811965812,0.07407407407407407
77020,0.20283795768402382,0.6624223995945775,0.1347396427213987
77021,0.19574992300585156,0.654388666461349,0.1498614105327995
77022,0.23100473142220984,0.6849429446145282,0.0840523239632619
77023,0.2766420182688125,0.6224445411048282,0.10091344062635929
77024,0.2342786683107275,0.666255651459104,0.09946568023016851
77025,0.2970873786407767,0.5893203883495146,0.11359223300970873
77026,0.29024390243902437,0.6317073170731707,0.07804878048780488
77027,0.24795024031665253,0.6205824144755443,0.13146734520780323
77028,0.22485851110143665,0.6162385720505007,0.15890291684806268
77029,0.24484767025089607,0.650089605734767,0.10506272401433692
77030,0.2343032159264931,0.6485451761102603,0.11715160796324656
77031,0.2091160623270715,0.7051114023591087,0.08577253531381972
78001,0.30319148936170215,0.6,0.09680851063829787
78002,0.2281134401972873,0.6461159062885327,0.12577065351418001
78003,0.261614644188505,0.6065208924497858,0.13186446336170923
78004,0.2571428571428571,0.6527472527472528,0.09010989010989011
78005,0.3426183844011142,0.5710306406685237,0.08635097493036212
78006,0.3774422735346359,0.5399644760213144,0.08259325044404973
78007,0.36182336182336183,0.5783475783475783,0.05982905982905983
78008,0.22098569157392686,0.6772655007949125,0.10174880763116058
78009,0.2672459189046867,0.6484992101105845,0.08425487098472881
78010,0.20813953488372092,0.6407751937984496,0.15108527131782945
78011,0.24932458510227712,0.6101891161713624,0.14048629872636048
78012,0.21814159292035398,0.6491150442477877,0.13274336283185842
78013,0.2597323600973236,0.597323600973236,0.14294403892944038
78014,0.24142011834319527,0.6520710059171597,0.10650887573964497
78015,0.2527948070681572,0.6108907320591417,0.13631446087270105
78016,0.23681936041486604,0.6819360414866033,0.08124459809853068
78017,0.26616524472384373,0.6286484059272563,0.10518634934889987
78018,0.3014354066985646,0.6066985645933014,0.09186602870813397
78019,0.2704983922829582,0.6085209003215434,0.12098070739549839
78020,0.2874870734229576,0.640641158221303,0.0718717683557394
78021,0.2698541329011345,0.6175040518638574,0.1126418152350081
78022,0.33838862559241706,0.6009478672985782,0.06066350710900474
78023,0.3217027215631542,0.5917655268667132,0.08653175157013258
78024,0.2901134521880065,0.6142625607779578,0.09562398703403566
78025,0.2430354033662217,0.6253627394080092,0.131601857225769
78026,0.2112533692722372,0.6226415094339622,0.16610512129380053
78027,0.24519230769230768,0.6201923076923077,0.1346153846153846
78029,0.25793211284122747,0.6380871718027233,0.10398071535604926
78030,0.2071924805884757,0.6542705353494075,0.13853698406211687
78031,0.15900692840646652,0.5966512702078522,0.2443418013856813
78032,0.32905982905982906,0.5897435897435898,0.0811965811965812
78033,0.19805845189788895,0.6279726745081925,0.17396887359391855
78034,0.22584745762711864,0.6474576271186441,0.1266949152542373
78035,0.18340611353711792,0.6528384279475983,0.16375545851528384
78036,0.3066271018793274,0.5895153313550939,0.10385756676557864
78037,0.20549927641099855,0.6407380607814761,0.15376266280752532
78038,0.30997304582210244,0.6024258760107817,0.0876010781671159
78039,0.261101243339254,0.6341030195381883,0.10479573712255773
78040,0.27143501805054154,0.6079648014440433,0.12060018050541517
78041,0.2883116883116883,0.5883116883116883,0.12337662337662338
78042,0.251105216622458,0.6746242263483643,0.07427055702917772
78043,0.21095890410958903,0.6931506849315069,0.0958904109589041
78045,0.17392106543216088,0.5813415186433855,0.2447374159244536
78046,0.2651113467656416,0.6447507953340403,0.09013785790031813
78047,0.2420360503344292,0.6605827003741073,0.09738124929146355
78048,0.21075763917957305,0.616994558392633,0.17224780242779406
78049,0.19948387096774192,0.6456774193548387,0.15483870967741936
78050,0.2586412395709178,0.6400476758045291,0.10131108462455304
78051,0.27314390467461047,0.6043385273449435,0.12251756798044608
78052,0.22498118886380739,0.6463506395786306,0.12866817155756208
78053,0.14650934119960668,0.6794493608652901,0.17404129793510326
78054,0.2705286839145107,0.6451068616422947,0.0843644544431946
78055,0.285659509202454,0.5970092024539877,0.11733128834355828
78056,0.2620716510903427,0.6238317757009346,0.11409657320872274
78057,0.23370165745856353,0.6220994475138122,0.1441988950276243
78058,0.22832250034573365,0.646521919513207,0.12515558014105932
78059,0.21289875173370318,0.6532593619972261,0.13384188626907073
78060,0.2600484261501211,0.6411622276029055,0.09878934624697337
78061,0.20900123304562268,0.6405672009864365,0.1504315659679408
78062,0.23083983478659936,0.6502983019733822,0.11886186324001835
78063,0.31662591687041564,0.58679706601467,0.09657701711491443
78064,0.3401360544217687,0.5986394557823129,0.061224489795918366
78065,0.18674698795180722,0.6493975903614457,0.163855421686747
78066,0.25700400228702114,0.6457975986277873,0.09719839908519154
78067,0.27797998180163785,0.6355777979981801,0.08644222020018198
78068,0.30907668231611896,0.5985915492957746,0.09233176838810642
78069,0.234375,0.6401515151515151,0.12547348484848486
78070,0.2690330477356181,0.6332925336597307,0.09767441860465116
78071,0.2877094972067039,0.6135940409683427,0.09869646182495345
78072,0.24225352112676057,0.6380281690140845,0.11971830985915492
78073,0.2700636942675159,0.6382165605095541,0.09171974522292993
78074,0.24507658643326038,0.6258205689277899,0.12910284463894967
78075,0.20393974507531865,0.6413673232908459,0.15469293163383546
78076,0.16666666666666666,0.6558398950131233,0.17749343832020997
78077,0.17957872188504106,0.6636915387361657,0.15672973937879328
78078,0.21040974529346623,0.655592469545958,0.13399778516057587
78079,0.16953143395337886,0.6343301153755592,0.19613845067106192
78080,0.3023758099352052,0.6069114470842333,0.09071274298056156
78081,0.20115967885816236,0.6265611061552185,0.17227921498661908
78082,0.2475633528265107,0.6283300844704354,0.12410656270305392
78083,0.2739176910742918,0.6095670764297167,0.11651523249599145
78084,0.2604614782948768,0.617520531873289,0.12201798983183418
78085,0.23603082851637766,0.6233140655105973,0.14065510597302505
78086,0.26198083067092653,0.6677316293929713,0.07028753993610223
78087,0.30994475138121547,0.5596685082872929,0.13038674033149172
78088,0.2847926267281106,0.6341013824884792,0.08110599078341015
78089,0.3138075313807531,0.5784518828451883,0.10774058577405858
78090,0.19666666666666666,0.66,0.14333333333333334
78091,0.1894919418949194,0.6298330562983305,0.18067500180675003
78092,0.293354943273906,0.6337115072933549,0.07293354943273905
78093,0.22502628811777076,0.68664563617245,0.08832807570977919
78094,0.24380495603517185,0.6370903277378097,0.11910471622701839
78096,0.26928471248246844,0.6451612903225806,0.08555399719495091
78097,0.16156862745098038,0.6541176470588236,0.1843137254901961
78098,0.1990990990990991,0.6738738738738739,0.12702702702702703
78099,0.26979166666666665,0.6322916666666667,0.09791666666666667
78100,0.33540372670807456,0.5652173913043478,0.09937888198757763
78101,0.18844179499917205,0.6593806921675774,0.15217751283325054
78102,0.14851336770171442,0.5460376453662631,0.30544898693202255
78103,0.256837891927952,0.6507671781187458,0.0923949299533022
78104,0.25220959595959597,0.6321022727272727,0.11568813131313131
78105,0.2032296179598267,0.6408034659314691,0.15596691610870422
78106,0.24921301154249736,0.6450682056663168,0.10571878279118573
78107,0.25301204819277107,0.6104417670682731,0.13654618473895583
78109,0.24476987447698745,0.6631799163179917,0.09205020920502092
78110,0.19680284191829484,0.6298401420959148,0.1733570159857904
78111,0.288864388092613,0.5523704520396913,0.1587651598676957
78112,0.29498069498069496,0.6162162162162163,0.0888030888030888
78113,0.2725563909774436,0.6165413533834586,0.11090225563909774
78114,0.27845944103612813,0.5807770961145194,0.14076346284935243
78115,0.2809917355371901,0.6336088154269972,0.08539944903581267
78116,0.21428571428571427,0.6437074829931972,0.14200680272108843
78117,0.2461799660441426,0.601018675721562,0.15280135823429541
78118,0.2963258785942492,0.5862619808306709,0.11741214057507987
78119,0.20268652746375848,0.6566697699162123,0.14064370262002926
78120,0.3376865671641791,0.6044776119402985,0.05783582089552239
78121,0.2911392405063291,0.6325597749648383,0.07630098452883263
78122,0.22727272727272727,0.6525332375134747,0.12019403521379805
78123,0.25670438691675707,0.6374205549527205,0.1058750581305224
78124,0.24973089343379978,0.6426264800861141,0.10764262648008611
78125,0.20890599230346343,0.6547553600879604,0.13633864760857614
78126,0.291220556745182,0.6124197002141327,0.09635974304068523
78127,0.2210756722951845,0.6313320825515948,0.14759224515322075
78128,0.2494279176201373,0.6350114416475973,0.11556064073226545
78129,0.32288698955365625,0.6030389363722697,0.07407407407407407
78130,0.28651685393258425,0.6198501872659176,0.09363295880149813
78131,0.2576419213973799,0.6537741734248285,0.08858390517779165
78132,0.2154243860404998,0.6639379577768203,0.12063765618267988
78133,0.2985645933014354,0.5956937799043063,0.10574162679425837
78134,0.19793681495809157,0.6479690522243714,0.15409413281753706
78135,0.24297082228116712,0.6429708222811671,0.11405835543766578
78136,0.2863313792039494,0.6133909287257019,0.10027769207034866
78137,0.366751269035533,0.5634517766497462,0.06979695431472081
78138,0.20401990438091522,0.6717728558883793,0.12420723973070544
78139,0.2549203373945642,0.6485473289597001,0.09653233364573571
78140,0.24050632911392406,0.6434599156118144,0.1160337552742616
78142,0.24849569035615549,0.620100829403155,0.13140348024068954
78143,0.1962871287128713,0.6477722772277228,0.15594059405940594
78145,0.28259620907524413,0.6427340608845491,0.07466973004020677
78146,0.2862125087189026,0.6096256684491979,0.10416182283189956
78147,0.37137989778534924,0.5638841567291312,0.06473594548551959
78148,0.22360557768924302,0.6381972111553785,0.13819721115537847
78149,0.2309081061563459,0.6551724137931034,0.11391948005055064
78150,0.2051217988757027,0.6197376639600249,0.17514053716427233
78152,0.2678386763185109,0.5977249224405378,0.1344364012409514
78153,0.32436708860759494,0.5981012658227848,0.07753164556962025
78154,0.25039619651347067,0.6345087163232963,0.11509508716323297
78155,0.19529609407811843,0.6715665686686266,0.13313733725325494
78156,0.18103544671810354,0.6559320138655932,0.16303253941630325
78157,0.24279865692742694,0.6322749764373233,0.12492636663524977
79002,0.2613065326633166,0.6268844221105527,0.11180904522613065
79003,0.29535327816677276,0.6104392106938256,0.09420751113940165
79004,0.28769017980636236,0.6058091286307054,0.10650069156293222
79005,0.33437990580847726,0.5792778649921507,0.08634222919937205
79007,0.2328767123287671,0.6872146118721462,0.07990867579908675
79008,0.25019011406844105,0.6190114068441065,0.13079847908745248
79009,0.30190311418685123,0.6358131487889274,0.06228373702422145
79011,0.21131174451574392,0.6469183703924787,0.14176988509177735
79012,0.25206611570247933,0.6420182688125272,0.10591561548499348
79017,0.23859432799013564,0.6609124537607891,0.10049321824907521
79018,0.2755102040816326,0.6201814058956916,0.10430839002267574
79020,0.2711610486891386,0.6119850187265917,0.11685393258426967
79023,0.17621709906401156,0.620428418870532,0.20335448206545637
79024,0.26595744680851063,0.625531914893617,0.10851063829787234
79025,0.3225806451612903,0.6129032258064516,0.06451612903225806
79027,0.293036750483559,0.6499032882011605,0.05705996131528046
79029,0.28291666666666665,0.6077083333333333,0.109375
79030,0.22419928825622776,0.6903914590747331,0.08540925266903915
79033,0.2764026402640264,0.6336633663366337,0.08993399339933994
79034,0.2577951002227171,0.5991091314031181,0.14309576837416482
79036,0.237260402057036,0.6397849462365591,0.12295465170640486
79039,0.2524432665231075,0.6291204240516813,0.1184363094252112
79042,0.209251968503937,0.6496062992125984,0.14114173228346458
79043,0.2131087513731234,0.6484804101061882,0.1384108385206884
79047,0.21785611095059232,0.6515457960127131,0.1305980930366946
79048,0.26575342465753427,0.6416438356164383,0.0926027397260274
79052,0.24904214559386972,0.6513409961685823,0.09961685823754789
79055,0.25485436893203883,0.6237864077669902,0.12135922330097088
79056,0.2791597567716971,0.6318407960199005,0.08899944720840243
79058,0.29234012649332397,0.6061138439915671,0.10154602951510892
79059,0.25052591317651557,0.5874928284566838,0.16198125836680052
79060,0.2533716559805439,0.6117621047977007,0.13486623922175547
79061,0.27333677153171737,0.6150077359463642,0.11165549252191852
79063,0.24708454810495628,0.6290087463556852,0.1239067055393586
79065,0.2630597014925373,0.5932835820895522,0.14365671641791045
79068,0.26724975704567544,0.6248785228377065,0.10787172011661808
79069,0.2655172413793103,0.6275862068965518,0.10689655172413794
79071,0.33884297520661155,0.6033057851239669,0.05785123966942149
79072,0.2199798183652876,0.624117053481332,0.15590312815338042
79073,0.31296758104738154,0.6134663341645885,0.07356608478802992
79074,0.335423197492163,0.5632183908045977,0.1013584117032393
79077,0.26586102719033233,0.6404833836858006,0.09365558912386707
79080,0.194377990430622,0.5681818181818182,0.2374401913875598
79081,0.20329138431752178,0.6025169409486931,0.1941916747337851
79083,0.2797858099062918,0.6331994645247657,0.08701472556894244
79087,0.22456461961503207,0.6718606782768103,0.10357470210815765
79088,0.2801724137931034,0.6012931034482759,0.11853448275862069
79089,0.3070787637088734,0.5932203389830508,0.09970089730807577
79092,0.2552255225522552,0.6133113311331133,0.13146314631463146
79094,0.23595505617977527,0.6067415730337079,0.15730337078651685
79095,0.2755656108597285,0.6361990950226244,0.08823529411764706
79096,0.2175032175032175,0.6477906477906478,0.1347061347061347
79099,0.28811720021703746,0.6239826370048833,0.08790016277807922
79108,0.23604465709728867,0.6347687400318979,0.1291866028708134
79110,0.22871946706143598,0.6624722427831237,0.10880829015544041
79114,0.2617621899059025,0.6333048189335615,0.10493299116053607
79115,0.2599451303155007,0.6234567901234568,0.11659807956104253
79116,0.245105716523101,0.6546593578700078,0.10023492560689115
79117,0.26659412404787813,0.6191512513601741,0.11425462459194777
79118,0.22148461074230538,0.6505733252866627,0.12794206397103197
79122,0.2508250825082508,0.6323432343234323,0.11683168316831684
79123,0.1875,0.639030612244898,0.17346938775510204
79126,0.29295154185022027,0.6057268722466961,0.1013215859030837
79127,0.2365575897361972,0.6367305751765893,0.12671183508721348
79129,0.2529498525073746,0.6434365781710915,0.10361356932153393
79130,0.2376782586940205,0.6389792344258194,0.12334250688016012
79131,0.19806429312132734,0.6291047355686139,0.17283097131005876
79133,0.19967904630903255,0.667583677212288,0.1327372764786795
79134,0.25558659217877094,0.6815642458100558,0.06284916201117319
79137,0.1658969372873116,0.5851968886728245,0.24890617403986387
79138,0.19615099925980756,0.6361954108068097,0.16765358993338267
79139,0.2827838827838828,0.591941391941392,0.12527472527472527
79142,0.19445291069795795,0.6241999390429747,0.18134715025906736
79143,0.205761316872428,0.6008230452674898,0.1934156378600823
79146,0.22101297614064463,0.6609460025115111,0.11804102134784429
79147,0.26464466250371693,0.6333630686886709,0.10199226880761225
79148,0.27628635346756153,0.645413870246085,0.07829977628635347
79151,0.31010452961672474,0.5777003484320558,0.11219512195121951
79157,0.2788184438040346,0.6231988472622478,0.09798270893371758
79160,0.21660098125955118,0.6256253518861096,0.15777366685433925
80001,0.19036046982584043,0.7120291616038882,0.09761036857027136
80002,0.27702702702702703,0.6531531531531531,0.06981981981981981
80003,0.23113207547169812,0.6703354297693921,0.09853249475890985
80004,0.22846781504986402,0.6736174070716229,0.09791477787851315
80005,0.21988089784699955,0.647045350435181,0.13307375171781952
80006,0.28718535469107553,0.5915331807780321,0.12128146453089245
80007,0.23837074751214996,0.6654709557972691,0.09615829669058089
80008,0.26672653794342166,0.6493039964077234,0.08396946564885496
80009,0.2022355081881986,0.6350402911359501,0.1627242006758513
80010,0.18047882136279927,0.7108655616942909,0.10865561694290976
80011,0.24128686327077747,0.6193029490616622,0.13941018766756033
80012,0.21712381440656242,0.6253524737246859,0.1575237118687516
80013,0.1876147992652847,0.6426134872736814,0.16977171346103384
80014,0.24673629242819844,0.6315274151436031,0.12173629242819843
80015,0.2778904665314402,0.6176470588235294,0.10446247464503043
80016,0.26702269692923897,0.6275033377837116,0.1054739652870494
80017,0.33518005540166207,0.5844875346260388,0.08033240997229917
80018,0.19164018577364947,0.6458078709362014,0.1625519432901491
80019,0.32894736842105265,0.5894736842105263,0.08157894736842106
80020,0.35736196319018404,0.5812883435582822,0.06134969325153374
80021,0.21300448430493274,0.6188340807174888,0.1681614349775785
80022,0.4449576597382602,0.5050038491147036,0.05003849114703618
80023,0.24512820512820513,0.6851282051282052,0.06974358974358974
80024,0.26917293233082706,0.5894736842105263,0.14135338345864662
80025,0.25642253071645127,0.620552098292644,0.12302537099090474
80026,0.3040816326530612,0.6408163265306123,0.05510204081632653
80027,0.2364239566963506,0.6610790990047145,0.10249694429893487
80028,0.23490755179327244,0.6191802183114279,0.14591222989529962
80029,0.2363929889298893,0.6268450184501845,0.1367619926199262
80030,0.2695417789757412,0.6145552560646901,0.11590296495956873
80031,0.18223475502291153,0.6669016566795911,0.15086358829749735
80032,0.31003460207612454,0.6193771626297578,0.07058823529411765
80033,0.24686192468619247,0.6094839609483961,0.14365411436541142
80034,0.2708074534161491,0.6472049689440994,0.08198757763975155
80035,0.25036284470246734,0.6611030478955007,0.08853410740203194
80036,0.2425055928411633,0.6478747203579418,0.10961968680089486
80037,0.2646860229574612,0.6779203241053342,0.05739365293720459
80038,0.2225395556063289,0.6657908265265322,0.11166961786713886
80039,0.22156643802839368,0.6672515552719732,0.11118200669963312
80040,0.2971342383107089,0.6365007541478129,0.06636500754147813
80041,0.3079268292682927,0.6280487804878049,0.06402439024390244
80042,0.29814517975727045,0.6249141286924662,0.07694069155026334
80043,0.19559103692279778,0.6168919531887871,0.18751700988841513
80044,0.28874458874458875,0.638095238095238,0.07316017316017316
80045,0.24027657735522903,0.6283491789109766,0.1313742437337943
80046,0.24941905499612704,0.6367157242447715,0.11386522075910147
80047,0.2703862660944206,0.6201716738197425,0.10944206008583691
80048,0.24371859296482412,0.6469849246231156,0.1092964824120603
80049,0.26066350710900477,0.6648612051455653,0.07447528774542993
80050,0.2024701356549909,0.622190726867787,0.1753391374772221
80051,0.2530402245088868,0.6281571562207671,0.11880261927034612
80052,0.2366461638070573,0.6494011006798317,0.11395273551311104
80053,0.2516879219804951,0.6515378844711178,0.0967741935483871
80054,0.21684250188394877,0.6505275056518462,0.13262999246420498
80055,0.26898383883108257,0.6194376798760239,0.11157848129289351
80056,0.24354243542435425,0.6309963099630996,0.12546125461254612
80057,0.1840632603406326,0.636374695863747,0.17956204379562044
80058,0.2878787878787879,0.6168831168831169,0.09523809523809523
80059,0.3394308943089431,0.5873983739837398,0.07317073170731707
80060,0.25085696478653785,0.709878466812091,0.039264568401371144
80061,0.19475123018042645,0.68627665390924,0.11897211591033352
80062,0.3283877349159248,0.5687438180019783,0.10286844708209693
80063,0.17512917111815018,0.6240136449684179,0.2008571839134319
80064,0.2427536231884058,0.6400966183574879,0.11714975845410629
80065,0.238934310685086,0.6673244995771074,0.0937411897378066
80066,0.287292817679558,0.6408839779005525,0.0718232044198895
80067,0.1790144727773949,0.6194004135079255,0.20158511371467952
80068,0.2494407158836689,0.645413870246085,0.10514541387024609
80069,0.244642318140658,0.6634470268638696,0.09191065499547238
80070,0.2158273381294964,0.641726618705036,0.14244604316546763
80071,0.2533136966126657,0.6575846833578792,0.08910162002945508
80072,0.2135678391959799,0.6909547738693468,0.09547738693467336
80073,0.2732774674115456,0.6075418994413407,0.1191806331471136
80074,0.2694151486097795,0.6797698945349953,0.05081495685522531
80075,0.3148148148148148,0.6059670781893004,0.07921810699588477
80076,0.30269058295964124,0.6098654708520179,0.08744394618834081
80077,0.27056424201223656,0.6546566961250849,0.07477906186267845
80078,0.22672064777327935,0.6518218623481782,0.1214574898785425
80079,0.24817518248175183,0.6204379562043796,0.13138686131386862
80080,0.29900332225913623,0.627906976744186,0.07308970099667775
80081,0.25757130255807115,0.6274625110261688,0.11496618641576008
80082,0.2775974025974026,0.6006493506493507,0.12175324675324675
80083,0.22297955209347614,0.6231742940603701,0.15384615384615385
80084,0.25637755102040816,0.673469387755102,0.07015306122448979
80085,0.21925509486999298,0.6601077535722651,0.12063715155774186
80086,0.22993960310612596,0.6755823986194995,0.09447799827437446
80087,0.27873183619550856,0.6301188903566711,0.09114927344782034
80088,0.21234232005936185,0.6411699233242641,0.14648775661637398
80089,0.250436808386721,0.6744321490972627,0.07513104251601631
80090,0.41081081081081083,0.5027027027027027,0.08648648648648649
80091,0.27792436235708,0.623570800351803,0.09850483729111698
80092,0.21272808188696038,0.69826435246996,0.08900756564307966
80093,0.23563260252021268,0.6489911865394421,0.11537621094034525
80094,0.2304147465437788,0.6797235023041475,0.08986175115207373
80095,0.2537634408602151,0.6231182795698925,0.12311827956989248
80096,0.172554915225925,0.6388540883654891,0.18859099640858598
80097,0.23930193640927563,0.6414056896963901,0.11929237389433421
81001,0.2354334324174098,0.631745571425119,0.13282099615747117
81002,0.22827743902439024,0.6882621951219512,0.08346036585365854
81003,0.2442774171506662,0.6428083361803895,0.11291424666894431
81004,0.26288999905740407,0.6203223678009238,0.11678763314167216
81005,0.21528952983592084,0.643293355897285,0.1414171142667942
81006,0.23402792851457926,0.6353375298458867,0.13063454163953403
81007,0.26420859645548994,0.6571603177836627,0.07863108576084742
81008,0.19762252515417073,0.6594449853943525,0.1429324894514768
81009,0.2073315877172102,0.6834087122113782,0.10925970007141157
81010,0.23308906426155582,0.6502254791431793,0.11668545659526494
81011,0.24296812215376373,0.6362710956335387,0.12076078221269756
81012,0.23240426406037148,0.6535559063290591,0.11403982961056934
81013,0.2298613160224255,0.6698141044555916,0.10032457952198288
81014,0.23042278076420167,0.673543513003051,0.09603370623274735
81015,0.23395822174611677,0.6209962506695234,0.14504552758435993
81016,0.24747081712062258,0.6482490272373541,0.10428015564202335
81017,0.2152917505030181,0.6666666666666666,0.11804158283031523
81018,0.25623151668779043,0.6139628221377271,0.12980566117448247
81019,0.2282993799822852,0.6614260407440212,0.11027457927369354
81020,0.2162702822849522,0.6705934652144921,0.11313625250055567
81021,0.21326824431265612,0.6598272344158197,0.12690452127152418
81022,0.22099039172209903,0.6668514412416852,0.11215816703621581
81023,0.25447201384881707,0.6324293133294865,0.11309867282169649
81024,0.2691253084727173,0.6401151631477927,0.09075952837948999
81025,0.2531077790593362,0.6619249006792259,0.08496732026143791
82001,0.2894736842105263,0.6360177552314521,0.07450856055802156
82002,0.28725961538461536,0.6201923076923077,0.09254807692307693
82003,0.30539499036608864,0.6223506743737958,0.07225433526011561
82004,0.20010334582095338,0.6601214313396202,0.13977522283942642
82005,0.20751597972228344,0.6811769891999119,0.11130703107780472
82006,0.23519396065398895,0.6514452171415677,0.11336082220444335
82007,0.26044352759154205,0.65514870208011,0.08440777032834794
82008,0.2877739331026528,0.6274509803921569,0.0847750865051903
82009,0.2644084934277047,0.6667340748230536,0.06885743174924165
82010,0.2522225044450089,0.6398272796545593,0.1079502159004318
82011,0.24966728772957147,0.6760713335107799,0.07426137875964865
82012,0.26139294926913154,0.6216680997420464,0.11693895098882201
82013,0.2475968992248062,0.6643410852713179,0.08806201550387596
82014,0.2880721220527046,0.6176144244105409,0.09431345353675451
82015,0.3040816326530612,0.6064139941690962,0.08950437317784257
82016,0.2627906976744186,0.6558139534883721,0.08139534883720931
82017,0.20452628619623278,0.6682597694686534,0.12721394433511385
82018,0.2855855855855856,0.6468468468468469,0.06756756756756757
82019,0.25295592977427445,0.661053385883196,0.08599068434252956
82020,0.22912602419040187,0.6809403043308623,0.08993367147873586
82021,0.21972445855539177,0.6944381449143894,0.08583739653021885
82022,0.21623711340206186,0.6246134020618557,0.15914948453608246
82023,0.22940898345153665,0.6637352245862884,0.10685579196217494
82024,0.2531430513081889,0.6428814135236154,0.10397553516819572
82025,0.27396755162241887,0.6331120943952803,0.09292035398230089
82026,0.20414847161572053,0.7085152838427947,0.08733624454148471
82027,0.19596453683888718,0.6217517578722104,0.18228370528890248
82028,0.26556016597510373,0.6612797554051103,0.07316007861978598
82029,0.2466146901928601,0.6598276569552729,0.09355765285186705
82030,0.26951905059337916,0.6352279825109307,0.0952529668956902
82031,0.20380830903790087,0.6893221574344023,0.10686953352769679
82032,0.254217568353694,0.6495055264688773,0.09627690517742873
82033,0.2607192254495159,0.656984785615491,0.08229598893499308
82034,0.2384781936282091,0.6507887411073306,0.11073306526446025
82035,0.22953229013573095,0.6859168323679433,0.08455087749632575
82036,0.29830566489816873,0.5709395858291973,0.13075474927263392
82037,0.2467850581751378,0.6399265156154317,0.1132884262094305
82038,0.22440191387559807,0.69377990430622,0.08181818181818182
82039,0.22763237979306147,0.6457699330493001,0.12659768715763847
82040,0.24338085539714868,0.6741344195519349,0.0824847250509165
82041,0.2870928829915561,0.6188178528347407,0.09408926417370325
82042,0.2765625,0.625,0.0984375
82043,0.2055700877058009,0.6865671641791045,0.10786274811509464
82044,0.22303420052616194,0.6442560654779305,0.13270973399590763
82045,0.2684529828109201,0.6373441186383553,0.09420289855072464
82046,0.2609149417289964,0.6341972516959471,0.10488780657505653
82047,0.24859887910328263,0.6633306645316253,0.08807045636509207
82048,0.24023221174044226,0.6766222358018562,0.08314555245770157
82049,0.2096489730898333,0.679695056039142,0.11065597087102463
82050,0.19889807162534434,0.7013774104683196,0.09972451790633609
82051,0.29432375613174494,0.6016117729502453,0.10406447091800981
82052,0.25184344866704483,0.6488939307997731,0.09926262053318208
82053,0.2045223794368306,0.6289368699213396,0.16654075064182988
82054,0.22796792766062662,0.6555755713326975,0.11645650100667584
82055,0.23670306445931666,0.653399084184572,0.10989785135611131
82056,0.2198402690205969,0.6309373686422867,0.14922236233711644
82057,0.22081549059765407,0.6428970396574195,0.13628746974492645
82058,0.28436185133239833,0.5985273492286115,0.11711079943899018
82059,0.22942271880819368,0.6495344506517691,0.12104283054003724
82060,0.24981486052826463,0.6546531720562824,0.09553196741545297
82061,0.27956989247311825,0.6451612903225806,0.07526881720430108
82062,0.27660571964369435,0.6455696202531646,0.07782466010314111
82063,0.2541125541125541,0.6822510822510822,0.06363636363636363
82064,0.26817640047675806,0.6649450403920011,0.0668785591312409
82065,0.34912146676852557,0.5813598166539343,0.06951871657754011
82066,0.2,0.7043010752688172,0.0956989247311828
82067,0.2334910309481569,0.634930021683422,0.13157894736842105
82068,0.2710997442455243,0.6577152600170503,0.0711849957374254
82069,0.36363636363636365,0.5802139037433155,0.05614973262032086
82070,0.2376459437335746,0.6381026237559778,0.12425143251044764
82071,0.23376399655469424,0.6666666666666666,0.0995693367786391
82072,0.2271062271062271,0.6813186813186813,0.09157509157509157
82073,0.23521533072326395,0.6637131671131259,0.10107150216361013
82074,0.26883622214361513,0.6186770428015564,0.11248673505482844
82075,0.21562245728234336,0.676159479251424,0.10821806346623271
82076,0.28195859349326324,0.6237265856063096,0.09431482090042721
82077,0.2751292360712234,0.6312464101091326,0.09362435381964389
82078,0.2823275862068966,0.6344827586206897,0.08318965517241379
82079,0.24391486471187593,0.6855541718555417,0.07053096343258236
82080,0.2653061224489796,0.643560872624912,0.09113300492610837
82081,0.3450087565674256,0.5954465849387041,0.0595446584938704
82082,0.2827346465816918,0.6152954808806489,0.10196987253765932
83001,0.28657799274486095,0.6221281741233373,0.0912938331318017
83002,0.22857142857142856,0.6857142857142857,0.08571428571428572
83003,0.1686310063463282,0.6659111514052584,0.16545784224841342
83004,0.24808184143222506,0.6930946291560103,0.058823529411764705
83005,0.18983354603959052,0.6451516550357075,0.16501479892470197
83006,0.24165029469548133,0.6758349705304518,0.0825147347740668
83007,0.19913663663663664,0.6674174174174174,0.13344594594594594
83008,0.265466816647919,0.6535433070866141,0.08098987626546682
83009,0.18024206738632648,0.6429506051684658,0.17680732744520772
83010,0.20733217735942533,0.6958137230616794,0.09685409957889522
83011,0.2455110497237569,0.6595303867403315,0.0949585635359116
83012,0.2643171806167401,0.6696035242290749,0.06607929515418502
83013,0.2714285714285714,0.6330357142857143,0.09553571428571428
83014,0.2377079482439926,0.6480591497227357,0.11423290203327172
83015,0.23795180722891565,0.678714859437751,0.08333333333333333
83016,0.24727100142382535,0.6407214048410061,0.11200759373516848
83017,0.23839458413926498,0.6721470019342359,0.08945841392649903
83018,0.24537037037037038,0.6759259259259259,0.0787037037037037
83019,0.22769588828549264,0.6547711404189294,0.11753297129557796
83020,0.24622716441620335,0.6195393169181891,0.13423351866560762
83021,0.2369546621043627,0.688622754491018,0.07442258340461934
83022,0.23178807947019867,0.6821192052980133,0.08609271523178808
83023,0.2555066079295154,0.6464757709251101,0.09801762114537445
83024,0.22236180904522612,0.6871859296482412,0.09045226130653267
83025,0.21541679115625934,0.6692560501942038,0.1153271586495369
83026,0.25704225352112675,0.6373239436619719,0.1056338028169014
83027,0.153667441088616,0.6551609691337538,0.19117158977763027
83028,0.19864940911648846,0.6617895329206528,0.13956105796285875
83029,0.1917280056081318,0.7178408692604277,0.0904311251314406
83030,0.21121664405246496,0.6797829036635007,0.10900045228403438
83031,0.22910216718266255,0.6934984520123839,0.07739938080495357
83032,0.18655932796639832,0.6760004666900011,0.13744020534360052
83033,0.19333333333333333,0.6526984126984127,0.15396825396825398
83034,0.22122571001494767,0.6853512705530643,0.09342301943198804
83035,0.2486522911051213,0.6704851752021563,0.08086253369272237
83036,0.19444444444444445,0.6894586894586895,0.11609686609686609
83037,0.18799368088467613,0.684044233807267,0.12796208530805686
83038,0.14942528735632185,0.7279693486590039,0.12260536398467432
83039,0.24393530997304583,0.6543126684636119,0.10175202156334232
83040,0.3195435092724679,0.5691868758915835,0.11126961483594865
83041,0.16626339440027654,0.7094711372277912,0.12426546837193225
83042,0.1952755905511811,0.6787401574803149,0.12598425196850394
83043,0.1746384872080089,0.6885428253615128,0.13681868743047831
83044,0.2360655737704918,0.6868852459016394,0.07704918032786885
83045,0.24652087475149106,0.6600397614314115,0.09343936381709742
83046,0.2360248447204969,0.6451863354037267,0.1187888198757764
83047,0.23605150214592274,0.6671435383881735,0.09680495946590367
83048,0.1671963473864502,0.6436372811124751,0.18916637150107474
83049,0.17383052753663936,0.6557480757740836,0.17042139668927705
83050,0.2579473206176203,0.6448683015440508,0.0971843778383288
83051,0.21311475409836064,0.6861826697892272,0.10070257611241218
83052,0.19171110033931169,0.672564226854096,0.13572467280659234
83053,0.235202492211838,0.6791277258566978,0.08566978193146417
83054,0.22407330279050397,0.6726364014993753,0.10329029571012079
83055,0.21814671814671815,0.7181467181467182,0.0637065637065637
83056,0.22532027128862095,0.6767143933685004,0.09796533534287867
83057,0.2516761217122228,0.6395048994326973,0.10881897885507993
83058,0.2423841059602649,0.6675496688741722,0.09006622516556291
83059,0.25384615384615383,0.6123076923076923,0.13384615384615384
83060,0.23058470764617692,0.6611694152923538,0.10824587706146926
83061,0.1589604110003022,0.6763372620126926,0.16470232698700513
83062,0.25022341376228774,0.6613047363717605,0.08847184986595175
83063,0.2301710730948678,0.6438569206842923,0.12597200622083982
83064,0.18848167539267016,0.7064452067160137,0.10507311789131613
83065,0.18363463368220742,0.6745956232159848,0.14176974310180782
83066,0.18167323990937317,0.6501636317865235,0.16816312830410338
83067,0.2243150684931507,0.6943493150684932,0.08133561643835617
83068,0.20852272727272728,0.646875,0.14460227272727272
83069,0.20862470862470864,0.668997668997669,0.12237762237762238
83070,0.24566473988439305,0.6647398843930635,0.08959537572254335
83071,0.16279069767441862,0.6976744186046512,0.13953488372093023
83072,0.16459122902003248,0.6507850568489443,0.18462371413102327
83073,0.20317460317460317,0.7227513227513227,0.07407407407407407
83074,0.2822878228782288,0.6439114391143912,0.07380073800738007
83075,0.20251091703056767,0.6686681222707423,0.12882096069868995
83076,0.17621941205452454,0.6794219083593365,0.14435867958613893
83077,0.21579869405956362,0.6873706004140787,0.0968307055263577
83078,0.27736993297159274,0.6437918927545484,0.07883817427385892
83079,0.24780829924021042,0.6428988895382817,0.10929281122150789
83080,0.2800645682001614,0.6081517352703794,0.11178369652945924
83081,0.22468737394110527,0.6696248487293264,0.10568777732956837
83082,0.31417979610750696,0.6153846153846154,0.07043558850787766
83083,0.19662243667068757,0.7129071170084439,0.09047044632086852
83084,0.1870996441281139,0.6451957295373666,0.16770462633451957
83085,0.15944055944055943,0.672027972027972,0.16853146853146853
83086,0.25236593059936907,0.6772628002911915,0.07037126910943946
83087,0.15441176470588236,0.6470588235294118,0.19852941176470587
83088,0.24792139077853365,0.654572940287226,0.09750566893424037
83089,0.15822130299896586,0.6588532689877054,0.18292542801332873
83090,0.2547332185886403,0.6445783132530121,0.10068846815834767
83091,0.20365408038976857,0.6594397076735689,0.1369062119366626
83092,0.2157593123209169,0.6653295128939828,0.11891117478510028
83093,0.18542199488491048,0.6879795396419437,0.1265984654731458
83094,0.18310657596371882,0.7023809523809523,0.1145124716553288
83095,0.19401709401709402,0.6888888888888889,0.1170940170940171
83096,0.1821917808219178,0.6767123287671233,0.1410958904109589
83097,0.162534435261708,0.6870727476788083,0.15039281705948374
83098,0.19525222551928784,0.6956973293768546,0.10905044510385757
83099,0.27781899109792285,0.649666172106825,0.07251483679525222
83100,0.25594405594405595,0.6377622377622377,0.1062937062937063
83101,0.23061708860759494,0.6313291139240507,0.13805379746835442
83102,0.23569794050343248,0.6681922196796338,0.09610983981693363
83103,0.20657672849915684,0.6753794266441822,0.11804384485666104
83104,0.17992320351069666,0.6848601206801975,0.13521667580910587
83105,0.17840314136125654,0.6840314136125655,0.137565445026178
83106,0.21150053102715824,0.664239113943256,0.1242603550295858
83107,0.228437316643849,0.648347349892431,0.12321533346371993
83108,0.178201109235592,0.6857969616590306,0.1360019291053774
84001,0.1831315592563458,0.6309357072964832,0.185932733447171
84002,0.2559598494353827,0.5997490589711418,0.14429109159347553
84003,0.21668068741737773,0.6529263309698353,0.13039298161278692
84004,0.2113171355498721,0.6368286445012787,0.1518542199488491
84005,0.2461734693877551,0.6284013605442177,0.1254251700680272
84006,0.239247311827957,0.6693548387096774,0.0913978494623656
84007,0.2648401826484018,0.621983039791259,0.1131767775603392
84008,0.2602068590092542,0.6494284158954817,0.09036472509526401
84009,0.2462875769648678,0.6378123868163709,0.11590003621876131
84010,0.24466588511137163,0.6472450175849941,0.10808909730363424
84011,0.24297797134381113,0.6446380104778136,0.1123840181783753
84012,0.2426975945017182,0.6539232531500573,0.1033791523482245
84013,0.2951559934318555,0.6280788177339901,0.07676518883415435
84014,0.2564758554525104,0.6293572113847138,0.11416693316277582
84015,0.22934232715008432,0.6323777403035413,0.13827993254637436
84016,0.2087378640776699,0.6771844660194175,0.11407766990291263
84017,0.22085661080074487,0.6624343998645674,0.11670898933468767
84018,0.23457792207792208,0.6187094155844156,0.14671266233766234
84019,0.21287128712871287,0.6376237623762376,0.1495049504950495
84020,0.24569037656903767,0.6925523012552302,0.06175732217573222
84021,0.2607082735831411,0.6405948001745745,0.09869692624228443
84022,0.23495883470550982,0.6504116529449019,0.11462951234958835
84023,0.25929919137466306,0.6210242587601078,0.1196765498652291
84024,0.2587917042380523,0.6573489630297565,0.08385933273219116
84025,0.25508607198748046,0.6251956181533647,0.11971830985915492
84026,0.2669280651485447,0.6085055044488011,0.1245664304026542
84027,0.2973440521013534,0.6222651877480411,0.08039076015060548
84028,0.2557754637611199,0.6532652920488242,0.09095924419005585
84029,0.2366980204969816,0.6413028218447283,0.12199915765829004
84030,0.22393753881643155,0.6438647857332979,0.1321976754502706
84031,0.25790503656401276,0.6358018333504996,0.10629313008548769
84032,0.23477406679764243,0.6564341846758349,0.1087917485265226
84033,0.22773993068005258,0.6357714832078403,0.1364885861121071
84034,0.23805779437782584,0.6461568704540986,0.11578533516807549
84035,0.2715689843465599,0.6345103749544958,0.0939206406989443
84036,0.24583451002541654,0.632589663936741,0.12157582603784242
84037,0.21182266009852216,0.6596059113300493,0.12857142857142856
84038,0.2502623294858342,0.6448058761804827,0.1049317943336831
84039,0.2760791366906475,0.6097122302158273,0.11420863309352518
84040,0.24001005277707968,0.6320683588841417,0.1279215883387786
84041,0.2380534131144841,0.6175719814453929,0.14437460544012296
84042,0.25070135169599594,0.6636062229023209,0.08569242540168324
84043,0.2476038338658147,0.6461661341853036,0.1062300319488818
85001,0.24199288256227758,0.6702253855278766,0.08778173190984578
85002,0.24793388429752067,0.6756198347107438,0.07644628099173553
85003,0.24216380182002023,0.6458543983822043,0.11198179979777553
85004,0.20071080164644872,0.6409001069829009,0.1583890913706504
85005,0.22547133512889572,0.6760292420161601,0.09849942285494422
85006,0.22436604189636164,0.6535281146637266,0.1221058434399118
85007,0.24565895091941387,0.6499600909624855,0.10438095811810064
85008,0.3057692307692308,0.6442307692307693,0.05
85009,0.20653329467478496,0.6883154537547115,0.10515125157050353
85010,0.24576923076923077,0.6303846153846154,0.12384615384615384
85011,0.19461077844311378,0.7013473053892215,0.10404191616766467
85012,0.2144689036118829,0.6352853173755076,0.15024577901260952
85013,0.28617780661907855,0.6332684404066623,0.08055375297425914
85014,0.2746858168761221,0.6187911430281269,0.10652304009575105
85015,0.254476619257137,0.6558886728742453,0.08963470786861762
85016,0.22502410066467096,0.6505149931503375,0.12446090618499163
85017,0.2764353801817779,0.6309022389714032,0.09266238084681888
85018,0.23864937046928653,0.6455551316291491,0.11579549790156429
85019,0.22619445372535918,0.6850985633144002,0.08870698296024056
85020,0.22434782608695653,0.6208695652173913,0.15478260869565216
85021,0.2619128083812099,0.667455221358567,0.07063197026022305
85022,0.28613352898019073,0.6250917094644167,0.08877476155539252
86001,0.22127481129438076,0.6723511322337155,0.10637405647190383
86002,0.2323682256867112,0.6607275426874536,0.10690423162583519
86003,0.22387082696923413,0.6764128300240018,0.09971634300676413
86004,0.2563803019410496,0.6457584471603163,0.09786125089863408
86005,0.19984607491021036,0.6677783478707029,0.13237557721908672
86006,0.23095181580821267,0.6892950391644909,0.07975314502729647
86007,0.25454165796617245,0.6600542910837336,0.08540405095009397
86008,0.25552407932011334,0.660056657223796,0.08441926345609065
86009,0.17645603035802673,0.6403233789803663,0.183220590661607
86010,0.2719158431622569,0.6276697481670386,0.10041440867070449
86011,0.22951101928374656,0.6514290633608816,0.1190599173553719
86012,0.22368855163312437,0.6501979544704718,0.12611349389640383
86013,0.1967583867320015,0.6901620806633999,0.11307953260459856
86014,0.19000413052457663,0.6811751342420488,0.12882073523337464
86015,0.2701429772918419,0.6459209419680404,0.08393608074011774
86016,0.25493002544529264,0.666030534351145,0.07903944020356234
86017,0.2754491017964072,0.6092814371257484,0.11526946107784432
86018,0.2932840418977203,0.5926062846580407,0.11410967344423906
86019,0.24227740763173833,0.6708055723803755,0.08691701998788613
86020,0.24411905904944792,0.6524243879020644,0.10345655304848776
87001,0.1702127659574468,0.6534073388837496,0.1763798951588036
87002,0.1507168458781362,0.6169653524492235,0.23231780167264038
87003,0.17593418959295332,0.7085483683209809,0.11551744208606574
87004,0.1811021950494629,0.6554579034517896,0.16343990149874751
87005,0.1672340425531915,0.703404255319149,0.12936170212765957
87006,0.2803130761020732,0.6384747242795692,0.08121219961835764
87007,0.1966138070823894,0.7056953221255117,0.09769087079209889
87008,0.2605569668791641,0.6391698221732254,0.1002732109476106
87009,0.23938679245283018,0.6665683962264151,0.09404481132075472
87010,0.23655689870779492,0.6854939558149229,0.0779491454772822
87011,0.20612439620728726,0.6565090345279981,0.13736656926471466
87012,0.17974071632608218,0.7396176664469347,0.08064161722698308
87013,0.26578487646618415,0.677564262540554,0.05665086099326179
87014,0.20893318567737174,0.698781838316722,0.09228497600590624
87015,0.20314211452884548,0.6408077244251326,0.15605016104602193
87016,0.21597633136094674,0.6822485207100591,0.10177514792899409
87017,0.18983146748575355,0.6549327082407146,0.1552358242735319
87018,0.24242424242424243,0.6473039854128679,0.11027177216288964
87019,0.17627104087942289,0.6712899347303333,0.1524390243902439
87020,0.25406032482598606,0.6693735498839907,0.0765661252900232
87021,0.15532512421689348,0.7269388636854612,0.11773601209764528
87022,0.2700926202569465,0.651030773827308,0.07887660591574544
87023,0.18408225437928408,0.7008377760853008,0.11507996953541508
87024,0.1625988429808647,0.7034539417382673,0.13394721528086811
87025,0.2500788892395077,0.663142947301988,0.08677816345850425
87026,0.19282051282051282,0.676923076923077,0.13025641025641024
87027,0.2832062832062832,0.6280896280896281,0.0887040887040887
87028,0.29064532266133064,0.615807903951976,0.09354677338669334
87029,0.2097538947843757,0.7053962519756153,0.08484985324000903
87030,0.18616433308769345,0.7148120854826824,0.09902358142962417
87031,0.1626411319136773,0.677290267257396,0.16006860082892668
87032,0.24149040481860204,0.6936545734696736,0.06485502171172433
87033,0.2366159312430979,0.6644259854995919,0.09895808325731022
87034,0.15831056634423687,0.6934947943587093,0.14819463929705382
87035,0.19917808219178082,0.6843835616438356,0.11643835616438356
87036,0.2603415559772296,0.6793168880455408,0.0603415559772296
87037,0.22232824427480916,0.7021840542832909,0.07548770144189991
87038,0.22561166059344093,0.6816241540864133,0.09276418532014576
87039,0.1879220380601596,0.6773327194597912,0.1347452424800491
87040,0.2729693741677763,0.6347092765201953,0.0923213493120284
87041,0.15871991146361708,0.6548464447108734,0.18643364382550953
87042,0.13260706235912847,0.5999248685199099,0.26746806912096166
87043,0.24618181818181817,0.6643636363636364,0.08945454545454545
87044,0.18307943416757344,0.7121871599564744,0.10473340587595212
87045,0.12819926873857404,0.5882084095063985,0.2835923217550274
87046,0.18911174785100288,0.6998567335243553,0.11103151862464183
87047,0.21333530455351862,0.6972205795387345,0.0894441159077469
87048,0.19801980198019803,0.6853542497106854,0.11662594830911663
87049,0.2338076871924458,0.6777497007580795,0.08844261204947466
87050,0.15911526844002727,0.6573126766052811,0.18357205495469162
87051,0.13964452151295112,0.6529207759835266,0.20743470250352228
87052,0.1610710321864595,0.6673140954495006,0.17161487236403997
87053,0.16120252381541506,0.6495113200544352,0.1892861561301497
87054,0.22786946736684172,0.6702925731432858,0.10183795948987247
87055,0.17952591215431093,0.6876597722519172,0.1328143155937718
87056,0.24206128133704735,0.6927576601671309,0.06518105849582173
87057,0.2576741440377804,0.6995277449822904,0.04279811097992916
87058,0.16417910447761194,0.6739984289080911,0.16182246661429694
88001,0.2628822790113113,0.6707163803937998,0.06640134059488899
88002,0.24159185314216802,0.6668899906203939,0.09151815623743803
88003,0.2389239359002248,0.6565513740845479,0.10452469001522732
88004,0.2447289156626506,0.6554969879518072,0.09977409638554217
88005,0.20173622704507513,0.6737228714524207,0.12454090150250417
88006,0.20360105199271697,0.6562613797289095,0.14013756827837345
88007,0.22376311844077962,0.6799100449775113,0.09632683658170915
88008,0.22122622536344308,0.6785037062575417,0.10027006837901511
88009,0.19420538875146273,0.6415991468057057,0.16419546444283153
88010,0.23405103668261562,0.6664673046251993,0.099481658692185
88011,0.22614712308812818,0.6562272396212673,0.11762563729060452
88012,0.2570040827819231,0.6519956356469098,0.09100028157116712
89001,0.18641088116460539,0.6808438454183758,0.13274527341701878
89002,0.21715341433951538,0.6477296951609465,0.13511689049953812
89003,0.24411764705882352,0.6423529411764706,0.11352941176470588
89004,0.21837837837837837,0.6897297297297297,0.0918918918918919
89005,0.21522693997071743,0.6630876850496177,0.12168537497966488
89006,0.20301929341017289,0.6658105737910298,0.1311701327987973
89007,0.21285714285714286,0.7071428571428572,0.08
89008,0.2641509433962264,0.670041417395306,0.06580763920846755
89009,0.20511262971399646,0.6748671222475323,0.12002024803847128
89010,0.27051140544518026,0.6653789551140544,0.06410963944076527
89011,0.23929569866104272,0.6598165677571239,0.10088773358183334
89012,0.21290269424075142,0.7046222295460163,0.08247507621323226
89013,0.21522262061453273,0.6623700812417737,0.12240729814369355
89014,0.2347984054094969,0.675531109653328,0.08967048493717515
89015,0.1927291478664432,0.66765502127111,0.13961583086244683
89016,0.22289601349926175,0.657245306897279,0.11985867960345918
89017,0.18159650333563376,0.6642558086036346,0.15414768806073154
89018,0.20774546501583646,0.6849985603224877,0.10725597466167579
89019,0.2243556701030928,0.6810567010309279,0.09458762886597938
89020,0.24313614491933203,0.6954429663175772,0.061420888763090854
89021,0.20333522834944098,0.7215273829827553,0.07513738866780367
90001,0.2065378900445765,0.6575037147102526,0.13595839524517087
90002,0.30155875299760193,0.6390887290167866,0.05935251798561151
90003,0.18272194055075058,0.6529724624714186,0.1643055969778308
90004,0.21288014311270126,0.631484794275492,0.1556350626118068
90005,0.2662807525325615,0.6657018813314037,0.06801736613603473
90006,0.1901312082427755,0.7001529421234807,0.10971584963374387
90007,0.30434782608695654,0.6205533596837944,0.07509881422924901
90008,0.21819299323909036,0.6840811309157959,0.0977258758451137
90009,0.22758343385605148,0.6972255729794934,0.07519099316445517
90010,0.25133689839572193,0.6470588235294118,0.10160427807486631
90011,0.2684869169510808,0.6439135381114903,0.0875995449374289
90012,0.20032154340836014,0.7080385852090032,0.09163987138263666
90013,0.2553536664503569,0.6645035691109669,0.08014276443867618
90014,0.2747093023255814,0.6468023255813954,0.07848837209302326
90015,0.1857707509881423,0.6758893280632411,0.1383399209486166
90016,0.20462046204620463,0.7145214521452146,0.08085808580858085
90017,0.26504595315742663,0.6801067299140231,0.05484731692855025
90018,0.25742574257425743,0.6225247524752475,0.12004950495049505
90019,0.2682926829268293,0.6585365853658537,0.07317073170731707
90020,0.23945409429280398,0.6761786600496278,0.08436724565756824
90021,0.195276023070585,0.6904696511947267,0.11425432573468827
90022,0.24368231046931407,0.6516245487364621,0.10469314079422383
90023,0.24207227138643067,0.6716445427728613,0.08628318584070796
90024,0.22597402597402597,0.6545454545454545,0.11948051948051948
90025,0.24862637362637363,0.6820054945054945,0.06936813186813187
90026,0.21287128712871287,0.6864686468646864,0.10066006600660066
90027,0.23626373626373626,0.6813186813186813,0.08241758241758242
90028,0.25885558583106266,0.667574931880109,0.07356948228882834
90029,0.24471959213401312,0.6722505462490895,0.08302986161689731
90030,0.25,0.6758474576271186,0.07415254237288135
90031,0.2296195652173913,0.6834239130434783,0.08695652173913043
90032,0.21318681318681318,0.7054945054945055,0.08131868131868132
90033,0.24744161637365522,0.6651797428496458,0.08737864077669903
90034,0.22639225181598063,0.7070217917675545,0.06658595641646489
90035,0.16827872088432688,0.7128898539281484,0.11883142518752468
90036,0.24543849323131253,0.6992348440258976,0.05532666274278988
90037,0.25557011795543905,0.6701616426387068,0.07426823940585409
90038,0.31225296442687744,0.6284584980237155,0.05928853754940711
90039,0.24384787472035793,0.6845637583892618,0.07158836689038031
90040,0.2692307692307692,0.6826923076923077,0.04807692307692308
90041,0.25696029210406207,0.6768598813327248,0.06617982656321314
90042,0.2331511839708561,0.7012750455373407,0.06557377049180328
90043,0.20990873533246415,0.6870925684485006,0.10299869621903521
90044,0.25271739130434784,0.6494565217391305,0.09782608695652174
90045,0.2797374897456932,0.6374077112387203,0.08285479901558655
90046,0.2419420644634843,0.6862505099959201,0.07180742554059567
90047,0.1835425036441853,0.6830092082340812,0.13344828812173357
90048,0.18515645202999742,0.713214378070856,0.10162916989914662
90049,0.22746042670337233,0.6968341362697866,0.07570543702684102
90050,0.23025830258302582,0.6730627306273063,0.09667896678966789
90051,0.22638248847926268,0.6833717357910907,0.09024577572964669
90052,0.19610348131587352,0.6763547322474183,0.1275417864367082
90053,0.2757417102966841,0.6404886561954625,0.08376963350785341
90054,0.1868843960601348,0.7011404872991187,0.1119751166407465
90055,0.2224278312361214,0.6587712805329385,0.11880088823094004
90056,0.24647887323943662,0.6586854460093897,0.09483568075117371
90057,0.2192355117139334,0.6527743526510481,0.1279901356350185
90058,0.22215571848970023,0.6786373385206245,0.09920694298967529
90059,0.22667829119442023,0.6861377506538797,0.08718395815170009
90060,0.20574886535552195,0.6944024205748865,0.09984871406959153
90061,0.29018789144050106,0.6430062630480167,0.06680584551148225
90062,0.23895401262398558,0.6420198376916141,0.11902614968440037
90063,0.1844885883347422,0.709636517328825,0.1058748943364328
90064,0.17056934559972228,0.6298559277903142,0.19957472660996356
90065,0.25230511316010057,0.6689019279128248,0.07879295892707461
90066,0.36363636363636365,0.5606060606060606,0.07575757575757576
90067,0.23720006113403638,0.6883692495797035,0.07443068928626012
90068,0.25793650793650796,0.6468253968253969,0.09523809523809523
90069,0.22943468352569285,0.6753657281482026,0.09519958832610453
90070,0.1906528775558538,0.6762453619641589,0.13310176047998737
90071,0.21786656615152658,0.6569920844327177,0.12514134941575575
90072,0.17387346381429222,0.6945835229858899,0.13154301319981793
90073,0.22470588235294117,0.7023529411764706,0.07294117647058823
90074,0.21173708920187792,0.6788732394366197,0.10938967136150235
90075,0.27985347985347986,0.6388278388278388,0.08131868131868132
90076,0.23053892215568864,0.6792664670658682,0.09019461077844311
90077,0.2271461129399848,0.6837173968093189,0.08913649025069638
90078,0.2679189322787939,0.6490360850222442,0.08304498269896193
90079,0.24270163285502228,0.6867887184562098,0.07050964868876794
90080,0.2420749279538905,0.6781940441882806,0.07973102785782901
90081,0.23369878822850548,0.6722446624350836,0.09405654933641085
90082,0.23415265200517466,0.6914618369987063,0.07438551099611902
90083,0.2133037694013304,0.6776053215077605,0.10909090909090909
90084,0.18168389955686853,0.7217134416543575,0.096602658788774
90085,0.2589020771513353,0.6906528189910979,0.050445103857566766
90086,0.2264808362369338,0.7125435540069687,0.06097560975609756
90087,0.24859211584875301,0.6886564762670957,0.06275140788415125
90088,0.22629969418960244,0.7140672782874617,0.05963302752293578
90089,0.1753069577080491,0.669849931787176,0.1548431105047749
90090,0.2664576802507837,0.6839080459770115,0.04963427377220481
90091,0.1937875751503006,0.6867735470941884,0.11943887775551103
90092,0.17009544008483563,0.7030752916224814,0.12682926829268293
91001,0.18851756640959727,0.7206512425021423,0.0908311910882605
91002,0.22059518186112423,0.6547000472366556,0.12470477090222012
91003,0.2116564417177914,0.6676891615541922,0.12065439672801637
91004,0.22357723577235772,0.6775067750677507,0.0989159891598916
91005,0.24126547455295735,0.6486932599724897,0.11004126547455295
91006,0.2712388013592833,0.6116774791473587,0.11708371949335805
91007,0.212406015037594,0.7086466165413534,0.07894736842105263
91008,0.2033898305084746,0.7182203389830508,0.07838983050847458
91009,0.2608872608872609,0.5893365893365894,0.14977614977614978
91010,0.2609071274298056,0.6457883369330454,0.09330453563714902
91011,0.2502668089647812,0.6728922091782283,0.0768409818569904
91012,0.23330442324371206,0.6608846487424112,0.10581092801387684
91016,0.26156843643448613,0.6410131514856308,0.0974184120798831
91017,0.22252217508677208,0.6707803059519218,0.10669751896130608
91018,0.294010889292196,0.6261343012704175,0.07985480943738657
91019,0.21470019342359767,0.6750483558994197,0.1102514506769826
91024,0.2272330520803026,0.6613325574629036,0.11143439045679372
91025,0.2529411764705882,0.6926470588235294,0.054411764705882354
91026,0.22932022932022933,0.7108927108927109,0.05978705978705979
91027,0.24887285843101895,0.6997294860234445,0.05139765554553652
91028,0.219906422798809,0.6571671629094002,0.12292641429179073
91031,0.17007358953393295,0.7170891251022077,0.11283728536385937
91032,0.2307283359914939,0.6666666666666666,0.10260499734183945
91033,0.26673040152963673,0.6720841300191205,0.06118546845124283
91035,0.22127960410038883,0.6401555319901026,0.13856486390950867
91037,0.1956567133013155,0.6610983503863019,0.14324493631238255
91038,0.27292576419213976,0.6462882096069869,0.08078602620087336
91039,0.2635593220338983,0.6432203389830509,0.09322033898305085
91040,0.3006396588486141,0.6545842217484008,0.04477611940298507
91041,0.3191632928475034,0.6045883940620783,0.07624831309041835
91042,0.23138430784607697,0.6561719140429785,0.11244377811094453
91043,0.24647302904564317,0.6755186721991702,0.07800829875518672
91044,0.17753058954393772,0.696440489432703,0.12602892102335927
91046,0.24184175234689317,0.6839517210549844,0.07420652659812249
91047,0.25644329896907214,0.6533505154639175,0.09020618556701031
91050,0.33088235294117646,0.6323529411764706,0.03676470588235294
91051,0.16129929533934972,0.6444554333044876,0.19424527135616268
91055,0.22139224411951686,0.6797520661157025,0.09885568976478068
91056,0.2563876651982379,0.6405286343612335,0.10308370044052863
91057,0.2358490566037736,0.6805929919137467,0.08355795148247978
91058,0.24431818181818182,0.6903409090909091,0.06534090909090909
91059,0.2764976958525346,0.6497695852534562,0.07373271889400922
91060,0.23779724655819776,0.6946182728410513,0.06758448060075094
91061,0.22954633578906553,0.6564559906940675,0.113997673516867
91062,0.24422973698336017,0.6886741814278046,0.06709608158883522
91063,0.24017535619226554,0.66103021762956,0.09879442617817441
91064,0.2661469933184855,0.6659242761692651,0.06792873051224944
91066,0.2594059405940594,0.6623762376237624,0.07821782178217822
91067,0.2864054184808902,0.606192549588776,0.10740203193033382
91068,0.30434782608695654,0.6086956521739131,0.08695652173913043
91069,0.2723342939481268,0.638328530259366,0.0893371757925072
91070,0.21991300144997583,0.7066215563073949,0.07346544224262928
91071,0.22042253521126762,0.6915492957746479,0.0880281690140845
91072,0.22551928783382788,0.685459940652819,0.08902077151335312
91073,0.21418489767113622,0.6651376146788991,0.12067748764996472
91077,0.28897849462365593,0.6149193548387096,0.0961021505376344
91083,0.2452431289640592,0.6442917547568711,0.11046511627906977
91084,0.22369291859695567,0.6763732627399074,0.099933818663137
91085,0.21444998083556918,0.6769835185894979,0.10856650057493293
91086,0.17950481430536452,0.68707015130674,0.13342503438789546
91088,0.232,0.7108571428571429,0.05714285714285714
91089,0.24210232038020688,0.6846519429689684,0.07324573665082472
91090,0.20833333333333334,0.6996527777777778,0.0920138888888889
91091,0.21627906976744185,0.7116279069767442,0.07209302325581396
91093,0.2115606936416185,0.6803468208092486,0.10809248554913295
91094,0.2695035460992908,0.6662726556343578,0.06422379826635145
91095,0.1941907907518943,0.660676122012823,0.14513308723528268
91097,0.287,0.657,0.056
91098,0.209992193598751,0.6471506635441062,0.14285714285714285
91099,0.21220657276995306,0.6845070422535211,0.10328638497652583
91100,0.25274725274725274,0.6483516483516484,0.0989010989010989
91101,0.2242042672263029,0.633788037775446,0.14200769499825114
91103,0.17832957110609482,0.6952595936794582,0.12641083521444696
91104,0.18055555555555555,0.7118055555555556,0.1076388888888889
92003,0.18710755932479817,0.6938351137568295,0.11905732691837234
92009,0.1470957458812909,0.577747686752426,0.275156567366283
92011,0.17080987043904225,0.6915258893009202,0.13766424026003754
92015,0.182612045717221,0.700783356876846,0.11660459740593297
92037,0.2078222949032434,0.7151812482965386,0.07699645680021805
92050,0.22714392244593587,0.6830723340790454,0.08978374347501865
92051,0.16645137479239713,0.6728486190564065,0.1607000061511964
92066,0.2333263642065649,0.693497804725068,0.07317583106836713
92068,0.1519819719974879,0.6637851416749787,0.18423288632753335
92074,0.17784105617395807,0.6895676935024593,0.1325912503235827
92075,0.19763779527559056,0.6861417322834645,0.11622047244094488
92080,0.18078044543706184,0.706929710279794,0.11228984428314412
92090,0.2161282243926872,0.6970949161031805,0.08677685950413223
92099,0.21713147410358566,0.7091633466135459,0.07370517928286853
92105,0.17190723776512337,0.6809441280845093,0.14714863415036725
92108,0.16112618724559022,0.6700587969244686,0.1688150158299412
92109,0.170307599185605,0.6754525945083365,0.15423980630605844
93001,0.31223628691983124,0.6118143459915611,0.0759493670886076
93002,0.181740614334471,0.7278156996587031,0.09044368600682594
93004,0.18089847043237384,0.6916777068529447,0.12742382271468145
93005,0.19149819994461367,0.6955829410135697,0.11291885904181667
93006,0.24423963133640553,0.6728110599078341,0.08294930875576037
93007,0.20793576914126136,0.6943216197346986,0.09774261112404002
93008,0.1601545727780163,0.6848432803778446,0.15500214684413913
93009,0.22778345250255363,0.6639427987742594,0.10827374872318693
93010,0.18035784249706152,0.6992294632362545,0.12041269426668408
93011,0.1830808080808081,0.726010101010101,0.09090909090909091
93012,0.21387696709585122,0.6974248927038627,0.08869814020028613
93013,0.18870319441506242,0.703405965728792,0.10789083985614555
93014,0.24233128834355827,0.6932515337423313,0.06441717791411043
93015,0.23826291079812206,0.6983568075117371,0.06338028169014084
93016,0.2356164383561644,0.6794520547945205,0.08493150684931507
93017,0.17293725443505178,0.6756161447791403,0.15144660078580782
93018,0.19992175273865415,0.6697965571205008,0.13028169014084506
93019,0.18181818181818182,0.7301136363636364,0.08806818181818182
93020,0.20057512580877068,0.7059669302659957,0.09345794392523364
93021,0.18330560177481975,0.6969865039748567,0.11970789425032353
93022,0.18656651989985323,0.6873866873866874,0.1260467927134594
93024,0.1645101663585952,0.722735674676525,0.11275415896487985
93025,0.17287881625772616,0.7054691889867016,0.1216519947555722
93026,0.209351011863224,0.697138869504536,0.09351011863224006
93027,0.19377510040160642,0.6977911646586346,0.10843373493975904
93028,0.24157080523601746,0.6874256247520825,0.07100357001190004
93029,0.21712280701754386,0.6905263157894737,0.09235087719298246
93030,0.22587562544674766,0.6976411722659042,0.0764832022873481
93031,0.1846938775510204,0.6795918367346939,0.1357142857142857
93032,0.18341511983500464,0.6703648389161511,0.14622004124884433
93033,0.14973717562485717,0.6388606095863373,0.21140221478880555
93034,0.22057098161908487,0.6873940816060488,0.09203493677486638
93035,0.20090003214400515,0.7351333976213437,0.06396657023465124
93036,0.15533625730994152,0.6758040935672515,0.16885964912280702
93037,0.1757503521508289,0.6732040307725647,0.15104561707660635
93038,0.2103766879886283,0.7029140014214641,0.0867093105899076
93039,0.20144927536231885,0.6710144927536232,0.12753623188405797
93040,0.1960285132382892,0.6787169042769857,0.12525458248472504
93041,0.16898792943361188,0.6807370902078423,0.1502749803585458
93042,0.19753086419753085,0.7041975308641976,0.09827160493827161
93043,0.1923998630605957,0.7009585758301952,0.10664156110920918
93044,0.18571038996454867,0.6787564766839378,0.13553313335151349
93045,0.26492537313432835,0.6753731343283582,0.05970149253731343
93046,0.18126888217522658,0.6978851963746223,0.12084592145015106
93047,0.18659420289855072,0.7234299516908212,0.08997584541062802
93049,0.20266272189349113,0.7026627218934911,0.09467455621301775
93050,0.21529509559434745,0.683291770573566,0.10141313383208644
93051,0.20178617654672534,0.6894900336526016,0.10872378980067306
93052,0.17513020833333334,0.7532552083333334,0.07161458333333333
93053,0.19082519001085776,0.7038545059717698,0.10532030401737243
94001,0.24033149171270718,0.6298342541436464,0.1298342541436464
94002,0.19433198380566802,0.6302294197031039,0.17543859649122806
94003,0.3015075376884422,0.628140703517588,0.07035175879396985
94004,0.3790322580645161,0.5387096774193548,0.08225806451612903
94005,0.23460410557184752,0.6099706744868035,0.15542521994134897
94006,0.2427307206068268,0.5764854614412137,0.18078381795195955
94007,0.1966804979253112,0.6639004149377593,0.13941908713692946
94008,0.2105798575788403,0.646998982706002,0.14242115971515767
94009,0.23875432525951557,0.5536332179930796,0.20761245674740483
94010,0.22587268993839835,0.6392881587953456,0.13483915126625598
94011,0.2846715328467153,0.6131386861313869,0.10218978102189781
94012,0.22095671981776766,0.6560364464692483,0.12300683371298406
94013,0.23469387755102042,0.6530612244897959,0.11224489795918367
94014,0.23809523809523808,0.6406109613656783,0.12129380053908356
94015,0.24489795918367346,0.6020408163265306,0.15306122448979592
94016,0.26215895610913403,0.627520759193357,0.1103202846975089
94017,0.15095913261050875,0.6722268557130943,0.176814011676397
94018,0.3597560975609756,0.5670731707317073,0.07317073170731707
94019,0.20035460992907803,0.6170212765957447,0.18262411347517732
94020,0.2495921696574225,0.5970636215334421,0.1533442088091354
94021,0.24240619416319237,0.6337105419892793,0.12388326384752829
94022,0.2440387481371088,0.6248137108792846,0.13114754098360656
94023,0.16529736991680877,0.6121531545496822,0.222549475533509
94024,0.2504258943781942,0.6473594548551959,0.10221465076660988
94025,0.21397849462365592,0.646236559139785,0.13978494623655913
94026,0.286722257857601,0.6196279666452854,0.09364977549711354
94027,0.2866741321388578,0.568868980963046,0.1444568868980963
94028,0.21231917872141856,0.6327578161455903,0.15492300513299112
94029,0.2390852390852391,0.5841995841995842,0.17671517671517672
94030,0.19353155972874284,0.6181533646322379,0.1883150756390193
94031,0.1621813031161473,0.6069405099150141,0.23087818696883852
94032,0.2047556142668428,0.6856010568031704,0.1096433289299868
94033,0.2398190045248869,0.5701357466063348,0.19004524886877827
94034,0.19239904988123516,0.6437054631828979,0.16389548693586697
94035,0.23739837398373984,0.6504065040650406,0.11219512195121951
94036,0.16887417218543047,0.6788079470198676,0.152317880794702
94037,0.3657243816254417,0.5653710247349824,0.06890459363957598
94038,0.19950738916256158,0.6389162561576355,0.16157635467980297
94039,0.200836820083682,0.6579497907949791,0.1412133891213389
94040,0.24479804161566707,0.6364749082007344,0.11872705018359853
94041,0.2127659574468085,0.6617021276595745,0.125531914893617
94042,0.19642857142857142,0.6319444444444444,0.17162698412698413
94043,0.2023529411764706,0.6823529411764706,0.11529411764705882
94044,0.20187061574434917,0.6399064692127825,0.15822291504286828
94045,0.23248407643312102,0.6321656050955414,0.13535031847133758
94046,0.2645161290322581,0.6290322580645161,0.1064516129032258
94047,0.3346303501945525,0.5603112840466926,0.10505836575875487
94048,0.24035087719298245,0.6543859649122807,0.10526315789473684
94049,0.2651162790697674,0.6108527131782946,0.12403100775193798
94050,0.2715495764823119,0.6168410563029397,0.11160936721474839
94051,0.1921182266009852,0.6518883415435139,0.15599343185550082
94052,0.181391712275215,0.6196247068021892,0.19898358092259577
95001,0.19436504695794202,0.6966108615761535,0.10902409146590446
95002,0.24802110817941952,0.6939313984168866,0.05804749340369393
95003,0.23949579831932774,0.6596638655462185,0.10084033613445378
95004,0.2190247801758593,0.6818545163868905,0.0991207034372502
95005,0.22028985507246376,0.7101449275362319,0.06956521739130435
95006,0.21103253182461104,0.6956152758132956,0.09335219236209336
95007,0.25298013245033113,0.6370860927152318,0.10993377483443709
95008,0.2964071856287425,0.6227544910179641,0.08083832335329341
95009,0.2653061224489796,0.6836734693877551,0.05102040816326531
95010,0.3013698630136986,0.6438356164383562,0.0547945205479452
95011,0.23050259965337955,0.6932409012131716,0.07625649913344887
95012,0.283609576427256,0.6500920810313076,0.06629834254143646
95013,0.24267100977198697,0.6758957654723127,0.08143322475570032
95014,0.30158730158730157,0.6507936507936508,0.047619047619047616
95015,0.24769992922859166,0.6886058032554848,0.06369426751592357
95016,0.3129251700680272,0.6258503401360545,0.061224489795918366
95017,0.24531668153434433,0.6547725245316681,0.09991079393398751
95018,0.24194910143529127,0.6618019539259438,0.09624894463876492
95019,0.22744599745870395,0.6603134265141889,0.11224057602710716
95020,0.23057953144266338,0.6979038224414303,0.07151664611590629
95021,0.19960129578868677,0.6865188138549714,0.11387989035634188
95022,0.21513002364066194,0.6879432624113475,0.09692671394799054
95023,0.2664714494875549,0.6515373352855052,0.08199121522693997
95024,0.2822164948453608,0.654639175257732,0.06314432989690721
95025,0.22354014598540145,0.6998175182481752,0.07664233576642336
95026,0.2704663212435233,0.666321243523316,0.06321243523316063
95027,0.2619573215599706,0.6600441501103753,0.07799852832965416
95028,0.2654639175257732,0.6932989690721649,0.041237113402061855
95029,0.2712765957446808,0.6377659574468085,0.09095744680851064
95030,0.26332288401253917,0.670846394984326,0.06583072100313479
95031,0.21884882985452245,0.6742567994939912,0.1068943706514864
95032,0.2613065326633166,0.661641541038526,0.07705192629815745
95033,0.19280442804428044,0.7149446494464945,0.09225092250922509
95034,0.2559241706161137,0.6895734597156398,0.054502369668246446
95035,0.20959595959595959,0.7007575757575758,0.08964646464646464
95036,0.2980769230769231,0.6474358974358975,0.05448717948717949
95037,0.23696248856358645,0.7118023787740164,0.05123513266239707
95038,0.16103789126853377,0.645764689730917,0.19319741900054915
95039,0.23503649635036497,0.6737226277372262,0.09124087591240876
95040,0.3284132841328413,0.6273062730627307,0.04428044280442804
95041,0.2254305977710233,0.6899696048632219,0.0845997973657548
95042,0.33653846153846156,0.6201923076923077,0.04326923076923077
95043,0.2502548419979613,0.6834862385321101,0.06625891946992865
95044,0.31925675675675674,0.6216216216216216,0.05912162162162162
95045,0.2861965491372843,0.6354088522130532,0.07839459864966242
95046,0.2839090143218197,0.6600673967986521,0.05602358887952822
95047,0.19945417329997725,0.6886513531953605,0.11189447350466226
95048,0.2693498452012384,0.6625386996904025,0.06811145510835913
95049,0.23357314148681055,0.6508393285371703,0.11558752997601919
95050,0.21613459879206212,0.6751509922346851,0.10871440897325281
95051,0.21166791323859388,0.6222887060583395,0.16604338070306657
95052,0.22954303931987247,0.6339001062699257,0.1365568544102019
95053,0.273015873015873,0.6215873015873016,0.10539682539682539
95054,0.2621359223300971,0.6553398058252428,0.0825242718446602
95055,0.2781456953642384,0.609271523178808,0.11258278145695365
95056,0.20497630331753555,0.693127962085308,0.1018957345971564
95057,0.24629878869448182,0.6689098250336474,0.0847913862718708
95058,0.213768115942029,0.6376811594202898,0.14855072463768115
95059,0.23216031280547408,0.6739980449657869,0.093841642228739
95060,0.265658747300216,0.6241900647948164,0.1101511879049676
95061,0.2524271844660194,0.7038834951456311,0.043689320388349516
95062,0.22824074074074074,0.687962962962963,0.0837962962962963
95063,0.30654761904761907,0.6190476190476191,0.0744047619047619
95064,0.2647058823529412,0.6691176470588235,0.0661764705882353
95065,0.2531097890751758,0.6707409410492158,0.07614926987560844
95066,0.24719101123595505,0.6820224719101123,0.07078651685393259
95067,0.2276341948310139,0.6650099403578529,0.1073558648111332
95068,0.21476510067114093,0.7404921700223713,0.0447427293064877
95069,0.2428515471993733,0.6882099490795143,0.06893850372111242
95070,0.28796561604584525,0.6446991404011462,0.0673352435530086
95071,0.25886524822695034,0.6737588652482269,0.0673758865248227
95072,0.2696864111498258,0.6766550522648084,0.05365853658536585
95073,0.259927797833935,0.6642599277978339,0.07581227436823104
95074,0.2125237191650854,0.7049335863377609,0.0825426944971537
95075,0.2520833333333333,0.69375,0.05416666666666667
95076,0.315625,0.646875,0.0375
95077,0.21602787456445993,0.7142857142857143,0.06968641114982578
95078,0.34579439252336447,0.5887850467289719,0.06542056074766354
95079,0.18854415274463007,0.6907202021620104,0.12073564509335954
95080,0.2562814070351759,0.6633165829145728,0.08040201005025126
95082,0.22229064039408866,0.6798029556650246,0.0979064039408867
95083,0.21993127147766323,0.6632302405498282,0.11683848797250859
95084,0.2348993288590604,0.5906040268456376,0.174496644295302
95085,0.35167464114832536,0.6148325358851675,0.03349282296650718
95086,0.3333333333333333,0.5777777777777777,0.08888888888888889
95087,0.2395397489539749,0.6443514644351465,0.11610878661087866
95088,0.1853448275862069,0.7370689655172413,0.07758620689655173
96001,0.2781456953642384,0.6556291390728477,0.06622516556291391
96002,0.23034291652234154,0.661932802216834,0.10772428126082438
96003,0.2190121155638397,0.6831314072693383,0.097856477166822
96004,0.1827810636244401,0.6497562424212427,0.16746269395431712
96005,0.22727272727272727,0.6748251748251748,0.0979020979020979
96006,0.23739237392373924,0.6765067650676507,0.08610086100861009
96007,0.233102714209686,0.6913251729643427,0.07557211282597126
96008,0.21739130434782608,0.7101449275362319,0.07246376811594203
96009,0.2080536912751678,0.6845637583892618,0.10738255033557047
96010,0.22284644194756553,0.6676029962546817,0.10955056179775281
96012,0.22157603954637975,0.6648735097412038,0.1135504507124164
96013,0.2677595628415301,0.6557377049180327,0.07650273224043716
96014,0.20789473684210527,0.7052631578947368,0.0868421052631579
96015,0.21921515561569688,0.7077131258457375,0.07307171853856563
96016,0.20326678765880218,0.6854204476709014,0.11131276467029642
96018,0.21401225114854516,0.6799387442572741,0.1060490045941807
96019,0.24889170360987967,0.6567447751741609,0.09436352121595946
96020,0.2326725181598063,0.6692645278450363,0.09806295399515738
96021,0.28278999241849884,0.6482183472327521,0.06899166034874905
96023,0.22811059907834103,0.6912442396313364,0.08064516129032258
96024,0.23590504451038577,0.6543026706231454,0.10979228486646884
96025,0.20321931589537223,0.704225352112676,0.0925553319919517
96026,0.21064552661381652,0.678652321630804,0.11070215175537938
96027,0.2222222222222222,0.6565656565656566,0.12121212121212122
96028,0.23038156947444205,0.6609071274298056,0.10871130309575235
96030,0.16526610644257703,0.6386554621848739,0.19607843137254902
96031,0.22532588454376165,0.659217877094972,0.1154562383612663
96032,0.20949263502454993,0.6917621385706492,0.09874522640480088
96033,0.23333333333333334,0.65,0.11666666666666667
96034,0.23300970873786409,0.6679611650485436,0.09902912621359224
96035,0.2266857962697274,0.6872309899569584,0.08608321377331421
96037,0.24077046548956663,0.6741573033707865,0.08507223113964688
96038,0.1992619926199262,0.6014760147601476,0.1992619926199262
96039,0.23432343234323433,0.6754675467546755,0.09020902090209021
96040,0.2214670065137355,0.6692155196828095,0.1093174738034551
96041,0.21656050955414013,0.6453025477707006,0.13813694267515925
96042,0.21408250355618777,0.6699857752489331,0.11593172119487909
96043,0.1943231441048035,0.7314410480349345,0.07423580786026202
96044,0.15606936416184972,0.6994219653179191,0.14450867052023122
96046,0.17271784232365145,0.6327800829875518,0.19450207468879668
96047,0.21630094043887146,0.6688515246508977,0.11484753491023084
96048,0.273308957952468,0.6444241316270567,0.08226691042047532
96049,0.20785746916400183,0.680219278209228,0.11192325262677022
96050,0.25236096537250785,0.6568730325288562,0.09076600209863589
96053,0.19573215599705665,0.6556291390728477,0.14863870493009565
96054,0.18327183271832717,0.6826568265682657,0.13407134071340712
96055,0.10679611650485436,0.7766990291262136,0.11650485436893204
96056,0.17565698478561548,0.6867219917012448,0.1376210235131397
96057,0.2085661080074488,0.6945996275605214,0.09683426443202979
96058,0.24742268041237114,0.6609392898052692,0.09163802978235967
96059,0.21944216570959804,0.6833470057424118,0.09721082854799015
96063,0.20556920556920558,0.6609336609336609,0.1334971334971335
96064,0.18481375358166188,0.667621776504298,0.14756446991404013
96065,0.23076923076923078,0.6554712892741061,0.11375947995666305
96066,0.19010123734533182,0.6850393700787402,0.12485939257592801
96067,0.23293172690763053,0.6666666666666666,0.10040160642570281
96068,0.21387024608501118,0.6917225950782998,0.09440715883668904
96069,0.14871794871794872,0.7538461538461538,0.09743589743589744
96071,0.21194690265486726,0.6566371681415929,0.1314159292035398
96072,0.22564102564102564,0.6923076923076923,0.08205128205128205
96074,0.22523584905660377,0.7016509433962265,0.07311320754716981
96075,0.2733644859813084,0.6308411214953271,0.09579439252336448
96076,0.21770551038843722,0.6856368563685636,0.0966576332429991
96077,0.2171970965940815,0.6694584031267449,0.11334450027917364
96078,0.18387096774193548,0.7322580645161291,0.08387096774193549
96079,0.3081395348837209,0.6453488372093024,0.046511627906976744
96080,0.19483568075117372,0.6705790297339593,0.13458528951486698
96081,0.19346049046321526,0.7138964577656676,0.09264305177111716
96082,0.2144194756554307,0.7069288389513109,0.07865168539325842
96083,0.2010752688172043,0.6698924731182796,0.12903225806451613
96085,0.2224465078724263,0.6669358094469116,0.11061768268066209
96086,0.15415821501014199,0.7038539553752535,0.14198782961460446
96087,0.2154899894625922,0.6833508956796628,0.101159114857745
96088,0.2565782737790519,0.6561892085594349,0.08723251766151326
97001,0.15857712765957446,0.6835106382978723,0.1579122340425532
97002,0.19253956292388846,0.6816126601356444,0.12584777694046723
97003,0.20608899297423888,0.6665105386416862,0.12740046838407496
97004,0.16298414348843254,0.7078242786586951,0.12919157785287236
97005,0.21717846016911438,0.6680017801513128,0.11481975967957277
97006,0.18770019218449713,0.6880204996796925,0.12427930813581038
97007,0.19798657718120805,0.6644295302013423,0.13758389261744966
97008,0.1812206572769953,0.6735524256651018,0.14522691705790297
97009,0.1936425559519948,0.6811547194291274,0.12520272461887771
97010,0.21130455521106606,0.66110183639399,0.12759360839494396
97011,0.2300380228136882,0.6593155893536121,0.11064638783269962
97012,0.16402760860738935,0.6879821356069834,0.14799025578562727
97013,0.21124523506988563,0.6724904701397713,0.11626429479034307
97014,0.2028985507246377,0.6727688787185355,0.12433257055682685
97015,0.22066326530612246,0.6977040816326531,0.08163265306122448
97016,0.1780878128846943,0.6695937628231432,0.1523184242921625
97017,0.1955820302804666,0.6914867212707868,0.1129312484487466
97018,0.1975560081466395,0.7046843177189409,0.09775967413441955
97019,0.18125259228535878,0.6831190377436748,0.13562836997096642
97020,0.15660270880361174,0.679176072234763,0.16422121896162528
97021,0.21349862258953167,0.6749311294765841,0.1115702479338843
97022,0.1869942196531792,0.6893063583815029,0.12369942196531791
97023,0.171189415417848,0.691913055218037,0.13689752936411503
97024,0.1690909090909091,0.693939393939394,0.13696969696969696
97025,0.2281508739650414,0.6927322907083716,0.07911683532658693
97026,0.2074736359468134,0.6737734983952316,0.11875286565795506
97027,0.228,0.68,0.092
97028,0.19338422391857507,0.688295165394402,0.1183206106870229
97029,0.13439490445859872,0.7222929936305732,0.14331210191082802
97030,0.19762197621976219,0.6851168511685117,0.11726117261172611
97031,0.20242214532871972,0.6916089965397924,0.10596885813148789
97032,0.14754098360655737,0.7639344262295082,0.08852459016393442
97033,0.16417910447761194,0.694468832309043,0.14135206321334504
97034,0.22427035330261136,0.7035330261136713,0.07219662058371736
97035,0.22585227272727273,0.6917613636363636,0.08238636363636363
97036,0.19197163479802457,0.6517664936051665,0.1562618715968089
97037,0.19965502371711943,0.7015955153083225,0.098749460974558
97038,0.19871019750100766,0.6686819830713422,0.13260781942765015
97039,0.16195372750642673,0.6683804627249358,0.16966580976863754
97040,0.20112676056338027,0.6946478873239437,0.10422535211267606
97042,0.1632862351868733,0.6202825888787603,0.21643117593436645
97043,0.14771048744460857,0.7104874446085672,0.14180206794682423
97044,0.16760746851932262,0.6702127659574468,0.16217976552323057
97045,0.16955538809344387,0.6490831449384576,0.18136146696809846
97046,0.1731296101159115,0.6805057955742887,0.14636459430979978
97047,0.18,0.74,0.08
97048,0.1691891496673247,0.6415880675586751,0.18922278277400015
97049,0.18404756006935843,0.6753777557592271,0.14057468417141442
97050,0.20659340659340658,0.6791208791208792,0.11428571428571428
97051,0.21118581907090464,0.6959046454767727,0.09290953545232274
97052,0.19703026841804683,0.6910336950314107,0.11193603655054254
97053,0.14672594987873888,0.6366208569118836,0.21665319320937754
97054,0.20425422860071757,0.6670937980522809,0.12865197334700154
97055,0.20689655172413793,0.6896551724137931,0.10344827586206896
97056,0.23631990378833434,0.6644618159951894,0.09921828021647625
97057,0.20112669303607814,0.6549202924607456,0.14395301450317632
97058,0.18290803219729407,0.6612433635896557,0.1558486042130502
97059,0.20907542202261112,0.6884001858448195,0.10252439213256931
97060,0.17295873573309922,0.6900790166812993,0.1369622475856014
97061,0.17391304347826086,0.671875,0.15421195652173914
97062,0.1965883668903803,0.6619127516778524,0.14149888143176734
97063,0.3302180685358255,0.6573208722741433,0.012461059190031152
97064,0.23484848484848486,0.7348484848484849,0.030303030303030304
97065,0.20756816917084028,0.7050639955481358,0.08736783528102393
97067,0.22289890377588306,0.6504263093788063,0.12667478684531058
97068,0.17775571002979146,0.6842105263157895,0.13803376365441908
97069,0.21831683168316832,0.7118811881188118,0.06980198019801981
97070,0.21630859375,0.70703125,0.07666015625
97071,0.18203799654576858,0.67426597582038,0.14369602763385148
97072,0.19662921348314608,0.6871488764044944,0.11622191011235955
97074,0.17961654894046417,0.6770938446014128,0.1432896064581231
97075,0.20893438808748255,0.6919497440670079,0.09911586784550953
97076,0.16379984362783426,0.6778733385457388,0.1583268178264269
97077,0.12878787878787878,0.7878787878787878,0.08333333333333333
97078,0.21512709237445754,0.6565406075635462,0.12833230006199628
97079,0.18762475049900199,0.7524950099800399,0.059880239520958084
97082,0.21338780641106223,0.6725329981143935,0.11407919547454431
97083,0.2066410009624639,0.6629451395572666,0.13041385948026948
97084,0.14739884393063585,0.6777456647398844,0.17485549132947978
97086,0.19618528610354224,0.6644608797197353,0.13935383417672245
97090,0.20175892395240558,0.6699430936368339,0.12829798241076049
97091,0.16647173489278752,0.7046783625730995,0.12884990253411305
97092,0.1908713692946058,0.686030428769018,0.12309820193637622
97093,0.24948453608247423,0.6762886597938145,0.07422680412371134
98001,0.24806201550387597,0.6627906976744186,0.08914728682170543
98002,0.25425425425425424,0.6476476476476476,0.0980980980980981
98003,0.18546365914786966,0.6961152882205514,0.11842105263157894
98004,0.18292373954902458,0.7073726881175576,0.10970357233341779
98005,0.17503392130257803,0.7200361827227499,0.10492989597467209
98006,0.23663208300079808,0.6632083000798085,0.10015961691939346
98008,0.17443160641073424,0.7376071561684682,0.08796123742079762
98009,0.17793474604776321,0.7046754120417087,0.11738984191052809
98010,0.19146384479717812,0.6852204585537919,0.12331569664902998
98011,0.23745583038869258,0.6819787985865724,0.08056537102473499
98012,0.18227665706051874,0.7489193083573487,0.06880403458213256
98013,0.20847573479152426,0.683526999316473,0.10799726589200273
98014,0.21673363271094304,0.6752540770503427,0.10801229023871425
98015,0.17260579064587972,0.7134372680029696,0.11395694135115071
98017,0.2132992327365729,0.6987212276214834,0.08797953964194373
98018,0.18082463984103328,0.7297565822155986,0.08941877794336811
98019,0.18209661701239035,0.6621885006264792,0.15571488236113046
98020,0.1786407766990291,0.7349514563106796,0.08640776699029126
98021,0.16672939405344372,0.6823485133609334,0.1509220925856229
98022,0.2043935052531041,0.6762177650429799,0.11938872970391595
98023,0.2436548223350254,0.6903553299492385,0.06598984771573604
98024,0.1867043847241867,0.7206506364922206,0.09264497878359264
98025,0.21652563464410154,0.7127924340467895,0.070681931309109
98026,0.18173076923076922,0.6990384615384615,0.11923076923076924
98027,0.1425,0.7558333333333334,0.10166666666666667
98028,0.20426065162907267,0.6875522138680034,0.10818713450292397
98029,0.19492219492219492,0.6850941850941851,0.11998361998361998
98030,0.2234513274336283,0.6898230088495575,0.08672566371681416
98031,0.1591520861372813,0.6312487983080177,0.209599115554701
98032,0.2051729148503342,0.7040104620749782,0.09081662307468759
98033,0.32142857142857145,0.5892857142857143,0.08928571428571429
98034,0.18124507486209615,0.710795902285264,0.10795902285263988
98035,0.2157413914265636,0.6890372452565003,0.09522136331693605
98036,0.19038817005545286,0.722735674676525,0.08687615526802218
98037,0.18613413715146948,0.718914845516202,0.09495101733232857
98038,0.2327790973871734,0.669833729216152,0.09738717339667459
98039,0.16248431618569636,0.7440401505646174,0.09347553324968633
98040,0.17472474868358065,0.6950694112015319,0.1302058401148875
98041,0.19334330590875093,0.7144727000747944,0.09218399401645475
98042,0.21455525606469003,0.6787061994609165,0.10673854447439353
98043,0.21508379888268156,0.6787709497206704,0.10614525139664804
98044,0.20592705167173253,0.6937689969604863,0.10030395136778116
98045,0.1639244363193175,0.7190737355271176,0.1170018281535649
98046,0.1963771099217785,0.7216961712638946,0.08192671881432688
98047,0.17790697674418604,0.7075581395348837,0.11453488372093024
98048,0.1853259280912014,0.6924875767319497,0.12218649517684887
98049,0.19315637991685322,0.7035497281739687,0.10329389190917812
98050,0.2009467841984982,0.6896833170094678,0.10936989879203396
98051,0.20162224797219003,0.6935110081112399,0.10486674391657011
98052,0.19177320733740968,0.7098387993329628,0.09838799332962757
98053,0.2540638169777243,0.6676700782661048,0.07826610475617098
98054,0.2153846153846154,0.69002849002849,0.0945868945868946
98055,0.17257068573285667,0.7088072798180045,0.11862203444913877
98056,0.1863103953147877,0.7143118594436311,0.09937774524158126
98057,0.20491803278688525,0.6932084309133489,0.10187353629976581
98058,0.21581196581196582,0.6994301994301995,0.08475783475783476
98059,0.17150063051702397,0.7477931904161412,0.0807061790668348
98060,0.18010594467333726,0.7080635668040024,0.11183048852266039
98061,0.18184493158746506,0.7106076210092688,0.10754744740326615
98062,0.23222060957910015,0.6690856313497823,0.09869375907111756
99001,0.18204831874965605,0.6874140113367454,0.13053766991359858
99002,0.16802463591454417,0.6650413806377109,0.1669339834477449
99003,0.1822680412371134,0.6939175257731959,0.12381443298969072
99004,0.19904306220095694,0.7157894736842105,0.08516746411483253
99005,0.1790894283719848,0.6807569999224385,0.14015357170557666
99006,0.17971246006389777,0.6741214057507987,0.14616613418530353
99008,0.17610364683301344,0.7106525911708254,0.11324376199616124
99009,0.1702819956616052,0.7234273318872018,0.10629067245119306
99011,0.17203812982296868,0.6998032985323044,0.12815857164472688
99013,0.18746156684294674,0.6533944164309433,0.15914401672610995
99014,0.16833308139158226,0.638175653788844,0.1934912648195737
99015,0.18528896672504377,0.7096322241681261,0.10507880910683012
99016,0.16846986089644514,0.723531684698609,0.1079984544049459
99017,0.18372225384177576,0.6770631758679567,0.13921457029026751
99018,0.1934529582929195,0.6631910766246363,0.14335596508244422
99020,0.19271558650241027,0.6849491162292448,0.12233529726834494
99021,0.2680115273775216,0.6195965417867435,0.11239193083573487
99022,0.2096128170894526,0.6835781041388518,0.1068090787716956
99023,0.19467401285583102,0.6752372206917662,0.1300887664524028
99024,0.20495405513383938,0.6747902516979625,0.12025569316819816
99025,0.22730739893211288,0.6674294431731502,0.10526315789473684
99026,0.22385706778770362,0.6826064109301103,0.09353652128218602
99027,0.19800995024875623,0.6915422885572139,0.11044776119402985
99028,0.19895068205666316,0.6858342077649527,0.11521511017838405
99029,0.1740389255267814,0.7127231783818562,0.1132378960913624
99030,0.26851851851851855,0.6358024691358025,0.09567901234567901
99031,0.21406003159557663,0.7085308056872038,0.07740916271721959
100001,0.2558299039780521,0.6646090534979424,0.07956104252400549
100002,0.2145769622833843,0.6808650065530799,0.10455803116353575
100003,0.27223948037277607,0.6450155323354985,0.0827449872917255
100004,0.23047043590850239,0.6525679758308157,0.11696158826068191
100005,0.23017502041537002,0.6512337504690018,0.11859122911562824
100006,0.22287609672587202,0.6662743419644768,0.11084956130965119
100007,0.2529658060013957,0.6683531053733427,0.07868108862526169
101001,0.2750544662309368,0.6258169934640523,0.09912854030501089
101002,0.22260748959778087,0.6615811373092927,0.1158113730929265
101003,0.40540540540540543,0.48841698841698844,0.10617760617760617
101004,0.3087188612099644,0.5903024911032029,0.10097864768683273
101005,0.2381516587677725,0.6398104265402843,0.12203791469194313
101006,0.22052845528455284,0.6646341463414634,0.11483739837398374
101007,0.3103157894736842,0.5978947368421053,0.09178947368421053
101008,0.267052113446363,0.6244237831080554,0.10852410344558168
101009,0.2281392457521757,0.6413178615830916,0.1305428926647327
101010,0.20767135309066312,0.6374572645666124,0.15487138234272446
101011,0.25455249903138316,0.6133281673769857,0.13211933359163114
101012,0.3385125099965726,0.5901976465211928,0.07128984348223466
101013,0.2915024232633279,0.6437479806138934,0.06474959612277867
101014,0.2862796833773087,0.6414907651715039,0.07222955145118734
101015,0.310293845869525,0.597856218813528,0.09184993531694696
101016,0.3047034764826176,0.6053169734151329,0.08997955010224949
101017,0.24837743384922617,0.6505242136794808,0.10109835247129306
101018,0.24557220708446867,0.6297683923705722,0.12465940054495912
101019,0.26041452903755385,0.6234352554894316,0.11615021547301457
101020,0.23110865968008826,0.6309983452840596,0.13789299503585217
101021,0.3251798561151079,0.5654676258992806,0.1093525179856115
101022,0.27520891364902506,0.5910863509749303,0.13370473537604458
101023,0.27716849451645065,0.609172482552343,0.11365902293120637
101024,0.25421190565331336,0.652190190939723,0.09359790340696368
101025,0.23161051331804552,0.6322102663609103,0.13617922032104426
101026,0.3068181818181818,0.6051136363636364,0.08806818181818182
101027,0.2606697307944846,0.6382140512147079,0.10111621799080761
102001,0.2900890868596882,0.6353006681514477,0.07461024498886415
102002,0.2018348623853211,0.6897414512093412,0.10842368640533778
102003,0.21679520137103683,0.6632390745501285,0.11996572407883462
102004,0.22012578616352202,0.6320754716981132,0.14779874213836477
102005,0.2570806100217865,0.6383442265795207,0.10457516339869281
102006,0.2671159985810571,0.6488116353316778,0.08407236608726498
102007,0.21786064769381747,0.6526005888125613,0.1295387634936212
102008,0.2969661610268378,0.647024504084014,0.056009334889148193
102009,0.21833161688980432,0.6024716786817713,0.1791967044284243
102010,0.2898550724637681,0.6548577563070317,0.05528717122920022
102011,0.26561144839549,0.6201214223764093,0.1142671292281006
102012,0.22352216748768472,0.6761083743842364,0.10036945812807882
102013,0.2001627339300244,0.6899918633034988,0.10984540276647681
102014,0.25495915985997664,0.6359393232205367,0.10910151691948658
102015,0.263268156424581,0.6662011173184358,0.07053072625698324
102016,0.2329295154185022,0.691079295154185,0.07599118942731277
102017,0.17671984047856432,0.6777168494516451,0.14556331006979062
102018,0.2880606443461781,0.6102337334175616,0.10170562223626027
102019,0.22904290429042903,0.6462046204620462,0.12475247524752475
102020,0.1878597592883307,0.6896912611198326,0.12244897959183673
102021,0.243143193673229,0.6700319703853272,0.08682483594144372
102022,0.25925925925925924,0.6876006441223832,0.05314009661835749
102023,0.2080217539089055,0.6641740312712441,0.12780421481985044
102024,0.33589990375360923,0.6390760346487007,0.025024061597690085
102025,0.23099468767173476,0.6330829822311779,0.13592233009708737
102026,0.1815068493150685,0.663527397260274,0.15496575342465754
102027,0.2066175582659099,0.6505252988769472,0.14285714285714285
102028,0.3146551724137931,0.6012931034482759,0.08405172413793104
102029,0.29662077596996245,0.6082603254067585,0.0951188986232791
102030,0.2050227321931154,0.6514397055639749,0.14353756224290973
102031,0.2386220769424189,0.6655770681418154,0.09580085491576565
102032,0.25068568294020843,0.6472846955567746,0.102029621503017
102033,0.2505186721991701,0.641597510373444,0.1078838174273859
102034,0.2555066079295154,0.6568281938325992,0.08766519823788546
102035,0.24224137931034484,0.6422413793103449,0.11551724137931034
102036,0.19214798036995093,0.6500566251415628,0.15779539448848623
102037,0.19142027003930953,0.681763801059648,0.12681592890104257
102038,0.2746478873239437,0.6009389671361502,0.12441314553990611
102039,0.18856569709127383,0.7181544633901705,0.09327983951855567
102040,0.17876021143680923,0.6871696299855838,0.13407015857760693
102041,0.21080368906455862,0.6284584980237155,0.16073781291172595
102042,0.2401263823064771,0.5979462875197472,0.16192733017377567
102043,0.22087604846225536,0.6295433364398881,0.14958061509785647
102044,0.17707396077019974,0.6688860896166997,0.1540399496131006
102045,0.2328767123287671,0.6788432267884322,0.0882800608828006
102046,0.27161862527716185,0.5842572062084257,0.14412416851441243
102047,0.17034915439170759,0.630285051827605,0.1993657937806874
102048,0.21630094043887146,0.6363636363636364,0.14733542319749215
102049,0.24771201952410007,0.665039658328249,0.087248322147651
102050,0.21914648212226068,0.701845444059977,0.0790080738177624
103001,0.3298429319371728,0.612565445026178,0.05759162303664921
103002,0.25,0.6785714285714286,0.07142857142857142
103003,0.1454248366013072,0.6862745098039216,0.16830065359477125
103004,0.22510822510822512,0.7142857142857143,0.06060606060606061
103005,0.21782178217821782,0.7029702970297029,0.07920792079207921
103006,0.2631578947368421,0.6242350061199511,0.11260709914320685
103007,0.3407079646017699,0.588495575221239,0.07079646017699115
103008,0.17959641255605382,0.6928251121076233,0.12757847533632288
103009,0.17647058823529413,0.6778711484593838,0.14565826330532214
103010,0.14522821576763487,0.6618257261410788,0.19294605809128632
103011,0.24444444444444444,0.6866666666666666,0.06888888888888889
103012,0.3387096774193548,0.5591397849462365,0.10215053763440861
103013,0.1902097902097902,0.7020979020979021,0.1076923076923077
103014,0.2843866171003718,0.6598513011152416,0.055762081784386616
103015,0.22822417285617827,0.6920999324780553,0.07967589466576637
103016,0.20521541950113378,0.6575963718820862,0.13718820861678005
103017,0.19722222222222222,0.7004273504273504,0.10235042735042735
103018,0.17857142857142858,0.7261904761904762,0.09523809523809523
103019,0.20213433772755807,0.7080979284369114,0.08976773383553044
103021,0.2755102040816326,0.6632653061224489,0.061224489795918366
103022,0.2508833922261484,0.6749116607773852,0.07420494699646643
103023,0.2224025974025974,0.6412337662337663,0.13636363636363635
103024,0.23174157303370788,0.6587078651685393,0.10955056179775281
103025,0.22245812691672565,0.6829440905874027,0.09459778249587167
103026,0.20434131736526945,0.7043413173652695,0.09131736526946108
103028,0.18530313044523222,0.6683290272186505,0.1463678423361173
103029,0.2265135699373695,0.6920668058455115,0.081419624217119
103031,0.18912529550827423,0.6973995271867612,0.11347517730496454
103032,0.22857142857142856,0.6914285714285714,0.08
103033,0.16788990825688074,0.6633027522935779,0.1688073394495413
103034,0.15752032520325204,0.6961382113821138,0.14634146341463414
103035,0.24059308994264933,0.6847111484123654,0.07469576164498531
103036,0.2727272727272727,0.6951871657754011,0.03208556149732621
103037,0.2903225806451613,0.6666666666666666,0.043010752688172046
103038,0.36492890995260663,0.5924170616113744,0.04265402843601896
103039,0.18700787401574803,0.7066929133858267,0.1062992125984252
103040,0.21508379888268156,0.7150837988826816,0.06983240223463687
103041,0.2631172839506173,0.6620370370370371,0.07484567901234568
103042,0.22462203023758098,0.67170626349892,0.10367170626349892
103043,0.24107142857142858,0.7053571428571429,0.05357142857142857
103044,0.198435972629521,0.666177908113392,0.135386119257087
103045,0.192090395480226,0.7033898305084746,0.10451977401129943
103046,0.2776371308016878,0.6354430379746835,0.08691983122362869
103047,0.27100271002710025,0.6151761517615176,0.11382113821138211
103048,0.18820577164366373,0.7063989962358845,0.1053952321204517
103049,0.19774718397997496,0.6958698372966208,0.10638297872340426
103050,0.20203201520356698,0.686060960456107,0.111907024340326
103051,0.20134443021766965,0.7010243277848912,0.09763124199743918
103052,0.21067961165048543,0.6961165048543689,0.09320388349514563
103053,0.24227174694464415,0.6908698777857656,0.06685837526959022
103054,0.23444976076555024,0.7111787733797303,0.05437146585471944
103055,0.17671232876712328,0.6726027397260274,0.1506849315068493
103056,0.20703125,0.685546875,0.107421875
103057,0.22417707150964813,0.6975028376844495,0.07832009080590238
103058,0.22916666666666666,0.6666666666666666,0.10416666666666667
103059,0.23076923076923078,0.6723646723646723,0.09686609686609686
103060,0.2188449848024316,0.7142857142857143,0.0668693009118541
103061,0.1975,0.6925,0.11
103062,0.22369511184755592,0.6669428334714167,0.10936205468102735
103064,0.1645512239347235,0.692883046237534,0.14256572982774252
103065,0.24411764705882352,0.6882352941176471,0.06764705882352941
103066,0.23834196891191708,0.6865284974093264,0.07512953367875648
103067,0.2857142857142857,0.6571428571428571,0.05714285714285714
103068,0.22114764667956158,0.690522243713733,0.08833010960670536
103069,0.2868778280542986,0.6760180995475114,0.037104072398190045
103070,0.2553763440860215,0.6801075268817204,0.06451612903225806
103071,0.25367446924333154,0.6761023407729995,0.07022318998366903
103072,0.1800597354572607,0.668966007680273,0.1509742568624662
103074,0.13893805309734514,0.695575221238938,0.1654867256637168
103075,0.22867821950390757,0.6848453958545702,0.08647638464152226
103076,0.22957198443579765,0.6459143968871596,0.1245136186770428
103077,0.22086638194020744,0.6851738865161684,0.09395973154362416
103078,0.2597864768683274,0.6298932384341637,0.1103202846975089
103079,0.27876106194690264,0.6592920353982301,0.061946902654867256
108001,0.1699651567944251,0.6814634146341464,0.14857142857142858
108002,0.1826673585884795,0.6813700051894136,0.13596263622210691
108003,0.1604654974594329,0.6961153909195213,0.14341911162104573
108004,0.1700717169890918,0.6523232688483095,0.1776050141625987
108005,0.19017160686427456,0.6837753510140405,0.12605304212168486
108006,0.18941829874305757,0.6729026600409237,0.1376790412160187
108007,0.15958361188043166,0.6935345239232165,0.14688186419635182
108008,0.1686323194703083,0.6801158700600042,0.15125181046968755
108009,0.15896081021576397,0.6499339498018494,0.19110523998238663
108010,0.1695657776059786,0.6950135291843834,0.13542069320963793
108011,0.18356115746493876,0.6898633055210367,0.1265755370140245
108012,0.1789831556173698,0.6695101220831402,0.15150672229949003
108013,0.17927382753403934,0.6886031265758951,0.13212304589006554
108014,0.15518096182449181,0.6767476450173525,0.16807139315815567
108015,0.17776032858178303,0.6642304904566321,0.15800918096158492
108016,0.17101161802210257,0.6663360725417965,0.16265230943610087
108017,0.1795966436037097,0.6915942882378919,0.12880906815839835
108018,0.190074602659747,0.689101524489134,0.12082387285111904
108019,0.1907717888319246,0.6849106276846335,0.12431758348344188
108020,0.18247527263504945,0.7051737255896525,0.112351001775298
108021,0.18204864679684823,0.6648167180541281,0.15313463514902365
108022,0.14658210007047218,0.678646934460888,0.17477096546863988
108023,0.1788905969099294,0.6754123133842266,0.14569708970584402
108024,0.19187358916478556,0.6736058857955021,0.1345205250397124
108025,0.20063959955506117,0.6967463848720801,0.10261401557285874
108026,0.15715014019882742,0.6607188376242672,0.18213102217690544
108027,0.2094045059362438,0.6996354117977003,0.0909600822660559
108028,0.16614279299506063,0.6600571928249002,0.17380001418003924
108029,0.20285261489698891,0.66172021322576,0.13542717187725112
108030,0.19213229536137086,0.6688930858169423,0.13897461882168685
108031,0.19951338199513383,0.6934306569343066,0.1070559610705596
108032,0.1847097145046944,0.7043494922398927,0.11094079325541291
108033,0.15159004051227284,0.6100759936098289,0.23833396587789832
108034,0.19288363786234372,0.6863122223748683,0.12080413976278793
108035,0.19358902575587905,0.6830440462859276,0.12336692795819336
108036,0.1798843453118546,0.6844279223461379,0.13568773234200743
108037,0.2003765465303927,0.6699838622915546,0.1296395911780527
108038,0.16164960866947622,0.695364238410596,0.14298615291992775
108039,0.1740199031348642,0.6479843859184116,0.17799571094672417
108040,0.1874286236352839,0.6796400347174638,0.1329313416472523
108041,0.1767135665418872,0.6854266167548728,0.13785981670323996
108042,0.176340383669454,0.692080668962125,0.13157894736842105
108043,0.18253471787814338,0.6842236957337671,0.13324158638808958
108044,0.163023303773974,0.6735409362755207,0.16343575995050527
108045,0.19466708991349893,0.6736766923260059,0.1316562177604952
108046,0.14508801817149347,0.5999432140829074,0.25496876774559907
108047,0.21408593948639715,0.6793796084413933,0.1065344520722095
108048,0.1869784933599718,0.6882124809025737,0.12480902573745446
108049,0.1689389900220885,0.6392718409627542,0.19178916901515727
108050,0.1635225341017455,0.6482855839794353,0.1881918819188192
108051,0.1872299567930869,0.7026724275884142,0.11009761561849896
108052,0.18479630407391853,0.7068458630827383,0.10835783284334313
108053,0.20646840893161109,0.6842895764493842,0.10924201461900471
108054,0.21670644391408114,0.670508012274122,0.1127855438117968
108055,0.16802800466744458,0.7134189031505251,0.11855309218203033
109001,0.1903875968992248,0.6545736434108527,0.15503875968992248
109002,0.19413452343002868,0.6614599936244819,0.14440548294548933
109003,0.24909090909090909,0.6527272727272727,0.09818181818181818
109004,0.2068194522079374,0.6534376746785914,0.13974287311347122
109005,0.24028629856850717,0.6353101567825494,0.12440354464894342
109006,0.19460758142018153,0.6233612149255502,0.18203120365426825
109007,0.2927927927927928,0.588963963963964,0.11824324324324324
109008,0.21043882978723405,0.6509308510638298,0.13863031914893617
109009,0.20494053064958828,0.6312900274473925,0.1637694419030192
109010,0.24379232505643342,0.6305492851768246,0.1256583897667419
109011,0.3212121212121212,0.5818181818181818,0.09696969696969697
109012,0.2633390705679862,0.6282271944922547,0.10843373493975904
109013,0.23933333333333334,0.6246666666666667,0.136
109014,0.2033898305084746,0.6581920903954802,0.1384180790960452
109015,0.22815533980582525,0.6533980582524271,0.11844660194174757
109016,0.2342857142857143,0.6271428571428571,0.13857142857142857
109017,0.23533322253614758,0.6303805883330563,0.13428618913079607
109018,0.2706074685940458,0.6355188435725349,0.09387368783341937
109019,0.22988505747126436,0.6522988505747126,0.11781609195402298
109020,0.25663716814159293,0.6135693215339233,0.12979351032448377
109021,0.23300970873786409,0.6310679611650486,0.13592233009708737
109022,0.22842105263157894,0.631578947368421,0.14
109023,0.27902621722846443,0.6118913857677902,0.10908239700374532
109024,0.249727965179543,0.6497551686615887,0.10051686615886833
109025,0.2736842105263158,0.5815789473684211,0.14473684210526316
109026,0.27613104524180965,0.5709828393135725,0.15288611544461778
109027,0.26144578313253014,0.6216867469879518,0.11686746987951807
109028,0.22736418511066397,0.6156941649899397,0.15694164989939638
109029,0.20664739884393063,0.638728323699422,0.1546242774566474
109030,0.16717791411042945,0.6825153374233128,0.15030674846625766
109031,0.21515298688683826,0.6522583778533269,0.13258863525983486
109032,0.22527832351015062,0.6588081204977079,0.11591355599214145
109033,0.16983954310579277,0.5972939896654882,0.23286646722871907
109034,0.22623184158747436,0.6449951856658434,0.12877297274668228
109035,0.22099447513812154,0.6386740331491713,0.14033149171270717
109036,0.21731601731601732,0.6493506493506493,0.13333333333333333
109037,0.25421321108026085,0.636533867114354,0.10925292180538516
109038,0.22120481927710844,0.64,0.13879518072289157
109039,0.2468354430379747,0.6234177215189873,0.12974683544303797
109040,0.313382269904009,0.5911914172783738,0.09542631281761717
110001,0.26971741881062844,0.6396923350129858,0.09059024617638571
110002,0.2441733218468416,0.6323313697641388,0.12349530838901954
110003,0.24734726688102893,0.63141077170418,0.121241961414791
110004,0.2564083118458972,0.6452297891703321,0.09836189898377067
110005,0.25793650793650796,0.6363378684807256,0.10572562358276644
110006,0.2520169035728006,0.6537328723268024,0.09425022410039698
110007,0.2875049583498612,0.6278460928203095,0.08464894882982943
110008,0.22055712270803948,0.6704866008462623,0.10895627644569816
110009,0.23165218069142923,0.6406049031453405,0.1277429161632303
110010,0.28703125,0.6203125,0.09265625
111001,0.24932687129779213,0.6795907377490576,0.07108239095315025
111002,0.2929782082324455,0.6585956416464891,0.048426150121065374
111003,0.2707736389684814,0.6977077363896849,0.03151862464183381
111004,0.22678396871945258,0.7214076246334311,0.05180840664711633
111005,0.2110009017132552,0.6988277727682597,0.09017132551848513
111006,0.24370594159113795,0.6858006042296072,0.07049345417925479
111007,0.28525641025641024,0.6766826923076923,0.03806089743589743
111008,0.2277190332326284,0.6623867069486404,0.10989425981873112
111009,0.21348934326123784,0.6809675767245794,0.10554308001418272
111010,0.18863955119214587,0.6946002805049089,0.1167601683029453
111011,0.1920359666024406,0.7321772639691715,0.07578676942838793
111012,0.28116710875331563,0.649867374005305,0.06896551724137931
111013,0.253517523663341,0.6804809414172422,0.06600153491941672
111014,0.19712409420289856,0.703125,0.09975090579710146
111015,0.26346153846153847,0.6685897435897435,0.06794871794871794
111016,0.22919630156472262,0.688655761024182,0.0821479374110953
111017,0.17539125742039935,0.747436589314625,0.07717215326497572
111018,0.26001013684744045,0.701976685250887,0.03801317790167258
111019,0.25,0.686046511627907,0.06395348837209303
111020,0.2730627306273063,0.6531365313653137,0.07380073800738007
111021,0.2185430463576159,0.7051032333463186,0.07635372029606545
111022,0.2405237767057202,0.7002067539627843,0.059269469331495524
111023,0.28010825439783493,0.6589986468200271,0.06089309878213803
111024,0.2828282828282828,0.6363636363636364,0.08080808080808081
111025,0.27476635514018694,0.6635514018691588,0.0616822429906542
111026,0.26308724832214764,0.6912751677852349,0.04563758389261745
111027,0.27440147329650094,0.6482504604051565,0.07734806629834254
111028,0.2459016393442623,0.6759562841530055,0.07814207650273224
111029,0.2036613272311213,0.7688787185354691,0.02745995423340961
111030,0.2414874551971326,0.6888440860215054,0.069668458781362
111031,0.23315798404887153,0.6896317665026303,0.07721024944849822
111032,0.2488425925925926,0.6863425925925926,0.06481481481481481
111033,0.24747048903878582,0.6829679595278246,0.06956155143338955
111034,0.22122046123184969,0.6907089304356079,0.08807060833254247
111035,0.19183521528725647,0.6870165860114985,0.12114819870124499
111036,0.2046218487394958,0.6726890756302522,0.1226890756302521
111037,0.3140096618357488,0.6328502415458938,0.05314009661835749
111038,0.2315051020408163,0.6785714285714286,0.0899234693877551
111039,0.25104166666666666,0.684375,0.06458333333333334
111040,0.294468085106383,0.6451063829787234,0.06042553191489362
111041,0.24480534989252448,0.6818724623835681,0.07332218772390733
111042,0.20223123732251522,0.6973630831643002,0.10040567951318459
111043,0.22049469964664312,0.7151943462897526,0.06431095406360424
111044,0.2537162162162162,0.6837837837837838,0.0625
111045,0.2683229813664596,0.6509316770186335,0.08074534161490683
111046,0.2623674911660777,0.6757950530035336,0.061837455830388695
111047,0.24047186932849365,0.6860254083484574,0.073502722323049
111048,0.2973821989528796,0.6586387434554973,0.04397905759162304
111049,0.26834532374100717,0.6705035971223021,0.06115107913669065
111050,0.2337866108786611,0.6940376569037657,0.07217573221757322
111051,0.24053724053724054,0.7008547008547008,0.05860805860805861
111052,0.2168724279835391,0.7144032921810699,0.06872427983539095
111053,0.24581005586592178,0.7094972067039106,0.0446927374301676
111054,0.3037272006344171,0.6471054718477399,0.04916732751784298
111055,0.2516431924882629,0.672300469483568,0.07605633802816901
111056,0.2951885565669701,0.6671001300390117,0.0377113133940182
111057,0.2245030250648228,0.6949006050129646,0.08059636992221261
111058,0.23076923076923078,0.6654456654456654,0.10378510378510379
111059,0.24625732262963768,0.6754176610978521,0.0783250162725103
111060,0.24436860068259386,0.6764505119453925,0.07918088737201365
111061,0.21799628942486085,0.7161410018552876,0.06586270871985157
111062,0.22483221476510068,0.6768198244708312,0.09834796076406814
111063,0.25032546029384417,0.6747256834666171,0.07494885623953877
111064,0.24375917767988253,0.71071953010279,0.04552129221732746
111065,0.1998974884674526,0.681701691440287,0.11840082009226038
111066,0.259214501510574,0.6749244712990936,0.06586102719033232
111067,0.20539069586626926,0.6835557859271738,0.11105351820655696
111068,0.28293166061406405,0.6606140640475404,0.05645427533839551
111069,0.21995043370508055,0.6982651796778191,0.08178438661710037
111070,0.23865877712031558,0.6875739644970414,0.073767258382643
111071,0.23224417922128743,0.6659166503619643,0.10183917041674818
111072,0.2299168975069252,0.6631578947368421,0.10692520775623268
111073,0.2572227399813607,0.684995340167754,0.05778191985088537
111074,0.22483766233766234,0.7126623376623377,0.0625
111075,0.18868768164542812,0.7171920411357031,0.09412027721886877
111076,0.2109721661960468,0.6930213795885438,0.09600645421540945
111077,0.24883435582822086,0.6785276073619632,0.07263803680981595
111078,0.21865619949203416,0.6873701223735857,0.09397367813438005
111079,0.26611570247933886,0.6776859504132231,0.05619834710743802
111080,0.375,0.578125,0.046875
111081,0.216,0.6995555555555556,0.08444444444444445
111082,0.2536520584329349,0.6746347941567065,0.07171314741035857
111083,0.2711571675302245,0.6580310880829016,0.07081174438687392
111084,0.22731251823752555,0.695360373504523,0.07732710825795155
111085,0.24732229795520935,0.7098344693281402,0.042843232716650435
111086,0.2790563866513234,0.6714614499424626,0.04948216340621404
111087,0.20319634703196346,0.7231735159817352,0.07363013698630137
111088,0.2134387351778656,0.7272727272727273,0.05928853754940711
111089,0.2439178515007899,0.6818325434439179,0.07424960505529225
111090,0.26104830421377184,0.6803699897225077,0.05858170606372045
111091,0.32673267326732675,0.592959295929593,0.08030803080308031
111092,0.2183288409703504,0.7035040431266847,0.07816711590296496
111093,0.22054939249867936,0.6928156365557316,0.08663497094558902
111094,0.26260504201680673,0.6722689075630253,0.06512605042016807
111095,0.256140350877193,0.6707602339181287,0.07309941520467836
111096,0.2200144219213204,0.6899286916112491,0.0900568864674305
111097,0.2742004264392324,0.6635394456289979,0.06226012793176972
111098,0.249079754601227,0.6769938650306748,0.07392638036809816
111099,0.3029350104821803,0.6477987421383647,0.049266247379454925
111100,0.2441077441077441,0.6919191919191919,0.06397306397306397
111101,0.2849695916594266,0.6759339704604691,0.03909643788010426
111102,0.2610062893081761,0.6844863731656184,0.05450733752620545
111103,0.22180888165542897,0.7035573122529645,0.07463380609160661
111104,0.2797055730809674,0.6540483701366983,0.06624605678233439
111105,0.2070346010866457,0.7020303116957392,0.0909350872176151
111106,0.24718014824363518,0.6804705124073477,0.07234933934901708
111107,0.20590753424657535,0.6999143835616438,0.09417808219178082
